Country,Year,Survey,Valid records,LIS ceiling (PPP/day),LIS population share above ceiling (%),LIS welfare share above ceiling (%)
AGO,2000,HBS,10034,316.17351319330055,0.009865192198906468,0.8015753547016705
AGO,2008,IBEP-MICS,9000,174.6913023428673,0.0036727998007605573,0.14558610015617854
AGO,2018,IDREA,11971,257.5047336760748,0.02643342620107806,3.6968155662577042
ALB,1996,EWS,1503,74.17494950742157,0.0,0.0
ALB,2002,LSMS,3599,82.64827021400262,0.05455119588989981,0.6765943856207781
ALB,2005,LSMS,3638,91.91232892789678,0.035852938202199175,0.3863102996345399
ALB,2008,LSMS,3598,87.51892342714747,0.07854468392195837,1.3375929284124357
ALB,2012,LSMS,6670,92.6460673409611,0.032777439499091565,0.35446086244859704
ALB,2014,HBS,6565,183.3506007345184,0.0,0.0
ALB,2015,HBS,7333,175.45173443749476,0.0,0.0
ALB,2016,HBS,7352,203.0076774356069,0.0,0.0
ALB,2017,HBS,7516,192.38917607244747,0.0,0.0
ALB,2017,SILC-C,4479,256.7549247037149,0.0,0.0
ALB,2018,HBS,7559,154.22549652006106,0.0,0.0
ALB,2018,SILC-C,4978,230.6467857287527,0.0,0.0
ALB,2019,HBS,7132,146.912259486561,0.0,0.0
ALB,2019,SILC-C,5017,199.4376337980706,0.0,0.0
ALB,2020,HBS,5797,145.17077893275993,0.0,0.0
ARG,1986,EPH,1211,846.6045165739923,0.0,0.0
ARG,1987,EPH,1384,920.0194802532981,0.017031990618496137,0.6484772526605269
ARG,1991,EPH,758,546.0625761743363,0.11151494096858204,3.8755194176283925
ARG,1992,EPH,2379,718.2953970131761,0.008229261131555468,0.2641922031838773
ARG,1993,EPH,2482,746.9299499654252,0.0,0.0
ARG,1994,EPH,2508,755.5268231398961,0.0,0.0
ARG,1995,EPH,2584,729.3646277821728,0.0,0.0
ARG,1996,EPH,2486,878.1978650738107,0.0,0.0
ARG,1997,EPH,2612,999.0356586597597,0.0,0.0
ARG,1998,EPH,3296,1135.6802223133557,0.00023801407010258158,0.016167870847914767
ARG,1999,EPH,3070,924.5268857037661,0.0,0.0
ARG,2000,EPH,3003,1171.9905480439795,0.00024034681358495126,0.016170557349750043
ARG,2001,EPH,3000,1305.8498160466186,0.0,0.0
ARG,2002,EPH,2529,871.296528433411,0.0,0.0
ARG,2003,EPHC-S2,23455,1249.7231943875647,0.006806062096996158,1.7148477390319061
ARG,2004,EPHC-S2,23943,1168.870022964406,0.0,0.0
ARG,2005,EPHC-S2,23983,1138.5498188647343,0.0,0.0
ARG,2006,EPHC-S2,32418,1124.3485800317208,0.006013380570750555,0.9669997235202528
ARG,2007,EPHC-S2,15375,1170.067310062294,0.0,0.0
ARG,2008,EPHC-S2,31488,1093.5316493441774,0.013346889407847543,0.6720801847994603
ARG,2009,EPHC-S2,30857,1042.4346927530082,0.00046935999581086,0.037155692332021116
ARG,2010,EPHC-S2,30843,958.9515901139414,0.0038724923032698037,0.150567544312103
ARG,2011,EPHC-S2,30077,980.4096788439208,0.0,0.0
ARG,2012,EPHC-S2,29011,905.1570372365488,0.0,0.0
ARG,2013,EPHC-S2,29413,916.6726246214052,0.0002497167957917101,0.00809982993421659
ARG,2014,EPHC-S2,32626,893.5447306485721,0.00030974155315897857,0.014565487904460642
ARG,2016,EPHC-S2,32117,915.5439072312719,0.004901980658184889,0.2448475174508844
ARG,2017,EPHC-S2,32248,867.7517480840032,0.0,0.0
ARG,2018,EPHC-S2,31751,815.6812818314756,0.0,0.0
ARG,2019,EPHC-S2,32258,911.6704994091698,0.0006084721094532441,0.036993594206204225
ARG,2020,EPHC-S2,24594,835.8730104598486,0.0012388677322865624,0.053777029355362764
ARG,2021,EPHC-S2,28897,734.1322170506727,0.02106109420484815,1.106920109681268
ARG,2022,EPHC-S2,28913,619.5572142971573,0.0,0.0
ARM,1999,ILCS,3599,57.8576929664366,0.06574261765189283,1.329043091495469
ARM,2001,ILCS,4037,47.59888963108146,0.04860843178819704,0.6405583098626526
ARM,2002,ILCS,4633,46.13478120140963,0.15654351909830932,1.9163125352114012
ARM,2003,ILCS,4640,41.244648349472605,0.27558236272878534,3.4011291605679723
ARM,2004,ILCS,6816,59.57910332419867,0.2911463448856461,4.525535041382767
ARM,2005,ILCS,5187,59.84460315602307,0.30591542429941637,4.304552410638207
ARM,2006,ILCS,5184,58.61893506710474,0.08682064933784378,0.8874585088599837
ARM,2007,ILCS,7870,75.77269124565784,0.021631492979976054,0.250616586825661
ARM,2008,ILCS,7872,72.88216691225574,0.06608485566684437,0.9262797863085476
ARM,2009,ILCS,7869,57.002514403552226,0.03041533687730955,0.33887809594844137
ARM,2010,ILCS,7869,58.071752605885166,0.12578040306194227,1.8127692308041656
ARM,2011,ILCS,7871,64.49602846973724,0.045133403426682435,0.5128141021152673
ARM,2012,ILCS,5184,63.47851722244989,0.06544219773991763,0.6478309999562631
ARM,2013,ILCS,5182,71.88520665777122,0.09281617805888559,1.549073943916756
ARM,2014,ILCS,5184,76.9756244141352,0.05863845603922446,0.6796417446118574
ARM,2015,ILCS,5184,82.34849391510386,0.0806341898287021,0.9127471964450212
ARM,2016,ILCS,5183,120.84196469592497,0.1763092140241507,3.287887028508201
ARM,2017,ILCS,7772,74.70213970570099,0.2853088479226523,4.249374283602743
ARM,2018,ILCS,5177,72.33189387140142,0.22922355531719693,2.864522656294066
ARM,2019,ILCS,5165,61.27408479658238,0.17226325586215832,2.282740419225575
ARM,2020,ILCS,5183,46.32084808195016,0.09506520078361784,0.7578731599275697
ARM,2021,ILCS,5183,53.39327730905974,0.1415117607348577,1.398528294410627
ARM,2022,ILCS,5184,59.84733110195396,0.07045789935718158,0.7325146646608159
AUT,2004,EU-SILC,4335,490.3483791644406,0.041329943525348134,0.6156354302121119
AUT,2005,EU-SILC,4995,538.3789316925877,0.01807294739860771,0.23625911064759011
AUT,2006,EU-SILC,5705,493.91123163399266,0.0,0.0
AUT,2007,EU-SILC,6432,491.98709661193664,0.05007645437787863,0.6645385939207101
AUT,2008,EU-SILC,5673,597.2716793424181,0.026376377079973704,0.4293867604883641
AUT,2009,EU-SILC,5845,535.0957598598752,0.034736505870419744,0.44103109364388565
AUT,2010,EU-SILC,6173,604.8976115882575,0.05550496913010577,0.7010001008604431
AUT,2011,EU-SILC,6144,620.9578334434387,0.02167299938367497,0.2647875924773539
AUT,2012,EU-SILC,6198,651.094132903619,0.035290628621761314,0.6307681775218198
AUT,2013,EU-SILC,5947,592.0045212825654,0.0055803739819144825,0.06032386685556933
AUT,2014,EU-SILC,5880,610.0904227303048,0.08299420466395697,1.2396070321047783
AUT,2015,EU-SILC,6014,601.7218450885522,0.044862788416988424,0.7962822482178971
AUT,2016,EU-SILC,5967,613.1132991112909,0.07202037744019035,1.2321141450616404
AUT,2017,EU-SILC,6041,650.6457996207619,0.03016554228087727,0.42494472263484157
AUT,2018,EU-SILC,6075,639.2944374286085,0.015327135594578588,0.21126817346852664
AUT,2019,EU-SILC,5944,701.8811918239994,0.03130167651460593,0.4659592642825575
AUT,2020,EU-SILC,5979,650.177088273473,0.017040456648906407,0.28085253719468906
AUT,2021,EU-SILC,5970,619.7843189884119,0.010516159456058192,0.2247538639471393
AUT,2022,EU-SILC,5893,631.5999331408622,0.08278863194450187,1.3070221221628018
AZE,1995,SLC,1424,71.54702848273132,0.0,0.0
AZE,2001,HBS,7818,75.64226096654961,0.04293942622945728,0.7214578897428825
AZE,2002,HBS,8156,39.60704173892943,0.34193876873757045,2.376272155881936
AZE,2003,HBS,8520,51.64376379094999,0.20912935843346395,1.609784745399435
AZE,2004,HBS,8423,43.95744929203401,0.476605245185291,3.517249105258873
AZE,2005,HBS,8553,49.54792663846952,0.4360816981411519,3.2265900090126323
BDI,1998,EP,6653,31.05712891838893,0.02952368237698521,0.7500918726786344
BDI,2006,QUIBB,7024,19.44339270652188,0.015801796978860527,0.18945231852865738
BDI,2013,ECVMB,6680,30.302407577466216,0.0548696020633818,0.9972876517397536
BDI,2020,EICVMB,8357,32.40907345320692,0.0298824160615143,0.5413941478482373
BEL,2004,EU-SILC,5119,377.48771123067183,0.05308936373183048,0.5969407028368368
BEL,2005,EU-SILC,4828,407.7728409378809,0.12352494530211074,4.567815770490276
BEL,2006,EU-SILC,5532,403.97646274649907,0.08013481931262342,2.777395240620487
BEL,2007,EU-SILC,6046,402.97328794554176,0.0717017680506871,0.6757132858563372
BEL,2008,EU-SILC,6144,424.5918667222762,0.1642924810897341,2.4103814707385864
BEL,2009,EU-SILC,5991,430.10133720038846,0.09595450796661528,1.4077812291767364
BEL,2010,EU-SILC,5912,437.0192927753498,0.0693452341265786,1.0589189835028414
BEL,2011,EU-SILC,5659,408.85655015046706,0.05116712569504125,1.252525616860555
BEL,2012,EU-SILC,5446,422.2679074333034,0.10888902249713726,1.26245820207154
BEL,2013,EU-SILC,5811,420.2443865521231,0.068347818150805,0.8435522074656444
BEL,2014,EU-SILC,5689,429.97630349384565,0.04125448139770745,0.41153076755421397
BEL,2015,EU-SILC,5810,450.70869081336264,0.0509737687408799,0.9009790667185799
BEL,2016,EU-SILC,5696,428.40062039883355,0.0391097351967094,0.7797705480017875
BEL,2017,EU-SILC,5725,421.9355380151721,0.08474217934828615,1.0956241085076324
BEL,2018,EU-SILC,5610,409.33597385317216,0.07263162875001145,0.7869368481037475
BEL,2019,EU-SILC,6689,386.1049907204102,0.1140202440429656,1.3907587143151512
BEL,2020,EU-SILC,6980,396.4447426270711,0.18784138130685019,2.011373605554752
BEL,2021,EU-SILC,7445,390.2803684510525,0.15293948098299956,1.5653127624225498
BEL,2022,EU-SILC,6647,400.7741174017946,0.16566391546239226,1.5555898664295325
BEN,2003,QUIBB,5349,35.5467198332756,0.10291281559905381,1.6597697116796855
BEN,2011,EMICOV,17966,55.565725215354796,0.00276223951423562,0.07992399325860328
BEN,2015,EMICOV,19871,64.72521030106556,0.01612244076037066,0.39114708365277173
BEN,2018,EHCVM,8012,68.24345994370904,0.019970130866153072,0.44764563389461415
BEN,2021,EHCVM,8028,62.3470119668115,0.019924084086020647,0.3450077347412505
BFA,1994,EP-I,7773,32.41328775543659,0.0753741001095286,2.2578045980578545
BFA,1998,EP-II,8324,26.01470007537948,0.28557189001176925,7.9044190822298575
BFA,2003,ECVM,8231,60.53514358825,0.05040911078517722,1.647378244809737
BFA,2009,ECVM,8404,41.81780647046473,0.0484682180216651,1.1555218707621748
BFA,2014,EMC,10408,32.763121911932586,0.09296167871802714,1.2030038249889703
BFA,2018,EHCVM,7009,67.29033465725102,0.02537531756201296,0.7892763624444971
BFA,2021,EHCVM,7174,53.96043826120002,0.01620235490651706,0.25957006686250456
BGD,1991,HHES,5722,19.990955536014642,0.060564719555768774,0.6296448200877933
BGD,1995,HHES,7418,25.600140746468487,0.22804724246436212,2.3205936540165633
BGD,2000,HIES,7439,30.944115150266274,0.07005127523547858,1.1092749240277102
BGD,2005,HIES,10053,33.71126670537373,0.08000016540139607,1.150695971734315
BGD,2010,HIES,12224,34.92302495258105,0.1236362145100918,1.5775435865054246
BGD,2016,HIES,45694,40.89856420932863,0.11391406220317817,1.7259894068788102
BGD,2022,HIES,14265,61.05097369587995,0.036284877096047066,0.451918321076299
BGR,1995,IHS,2459,126.84700366306453,0.18978605935127674,2.3278231424591156
BGR,2001,IHS,2633,117.95884668086818,0.01340662287169862,0.2822190929283112
BGR,2003,MTHS,3023,74.40479518804456,0.12242899126592194,1.1413234366625609
BGR,2007,EU-SILC,3385,151.46604711463337,0.050259838469202456,1.018229893901859
BGR,2007,MTHS,4300,115.80898404063986,0.0,0.0
BGR,2008,EU-SILC,4180,203.3044490568681,0.0,0.0
BGR,2009,EU-SILC,5364,192.46602679562486,0.0,0.0
BGR,2010,EU-SILC,5988,222.0049988691367,0.004703047654629094,0.1640782632023135
BGR,2011,EU-SILC,6261,236.7120934090157,0.02908130065548918,0.6385093243754969
BGR,2012,EU-SILC,5568,184.91980799668232,0.05363815453846297,0.7451258055613595
BGR,2013,EU-SILC,4797,209.1280067968553,0.01854929106676213,0.5471056899282157
BGR,2014,EU-SILC,4892,241.847871763577,0.036068756448206125,0.5680028797784885
BGR,2015,EU-SILC,4872,270.685646141578,0.03926678268532898,0.7282352688284284
BGR,2016,EU-SILC,6983,283.87077207312655,0.005008912484784898,0.10244390717149539
BGR,2017,EU-SILC,7173,371.80881669633794,0.07522026086388182,1.3594979225875323
BGR,2018,EU-SILC,7124,307.5700945141608,0.1768574927421462,3.9217973567213096
BGR,2019,EU-SILC,7235,384.25762418839463,0.11043449307594931,3.22852896801552
BGR,2020,EU-SILC,6716,410.9211639284065,0.017944439393701696,0.43195130554299527
BGR,2021,EU-SILC,7481,394.02845327802066,0.08701197885848021,3.0197309166421364
BGR,2022,EU-SILC,7186,474.0809760672461,0.04349733235489795,0.8802988180434251
BIH,2001,LSMS,5401,106.50967673349592,0.2220251067253387,3.5323121699118
BIH,2004,LSMS,7412,269.1009389211103,0.0,0.0
BIH,2007,HBS,7467,301.85907440645195,0.0,0.0
BIH,2011,HBS,7395,277.4104979224183,0.0,0.0
BLR,1998,HHS,4933,44.74621680915973,0.06443956288695424,0.940675614821776
BLR,1999,HHS,4828,53.76692987451764,0.0,0.0
BLR,2000,HHS,4651,53.777478337227926,0.0,0.0
BLR,2001,HHS,4751,56.044410451780145,0.04836707940851269,0.5112778961648771
BLR,2002,HHS,4880,61.33441747311283,0.05388148321568535,0.784037524592176
BLR,2003,HHS,4780,58.93233445348003,0.008661373179746029,0.12296941118431791
BLR,2004,HHS,4819,56.41792396297964,0.0,0.0
BLR,2005,HHS,4858,80.78089363864018,0.008668060934590775,0.08357700722922941
BLR,2006,HHS,5222,93.89441122095737,0.020734001010104315,0.388212602750478
BLR,2007,HHS,5333,106.81109264267509,0.052456903406190886,0.8355591553684202
BLR,2008,HHS,5323,107.63113456984965,0.02332847938886945,0.3915259793581349
BLR,2009,HHS,5023,94.4615176386565,0.02098558167955075,0.22992728633158396
BLR,2010,HHS,5518,130.59099953704165,0.0,0.0
BLR,2011,HHS,5426,118.59619502758186,0.0,0.0
BLR,2012,HHS,5318,119.01688586100424,0.035245824596781,0.28768842012567397
BLR,2013,HHS,5328,131.70958050867404,0.1150371516051306,1.3198561495703793
BLR,2014,HHS,5539,136.2633531298737,0.10134016084696502,0.8393277081358484
BLR,2015,HHS,5953,120.58162343771819,0.0,0.0
BLR,2016,HHS,5968,101.70721578910033,0.03129931701684199,0.22120622899340128
BLR,2017,HHS,5936,113.97978428333208,0.020820441019580135,0.18479854541341395
BLR,2018,HHS,5932,112.59928142843779,0.04185445393627583,0.3349839217208021
BLR,2019,HHS,5925,121.50778987330625,0.015624504497336503,0.1197576541618488
BLR,2020,HHS,5832,125.24211405485175,0.04384136755057784,0.3133858387670326
BLZ,1993,LFS,704,290.6304489442852,0.24615525309027725,20.090199005553615
BLZ,1994,LFS,660,228.8531034160555,0.2825132377631409,19.958915562946736
BLZ,1995,HBS,785,1209.71478587921,0.0,0.0
BLZ,1996,SLC,602,243.91696642863147,0.051692180450017354,3.9744072082945108
BLZ,1997,LFS,753,295.79204689622014,0.11368187161699544,18.243989219591548
BLZ,1998,LFS,711,344.88116525118227,0.012477753478994687,0.5545452882025657
BLZ,1999,LFS,730,280.59995000000094,0.021975154341123068,0.9040401533629313
BOL,1992,EIH,3554,255.4569129193294,0.008654649635907842,0.2873230256240993
BOL,1997,ENE,3799,1002.7036269410825,0.003402928329363737,0.30173548243351433
BOL,1999,ECH,2103,1762.4848302466596,0.0,0.0
BOL,2000,ECH,3676,1737.933936070418,0.0,0.0
BOL,2001,EH,4956,957.6442458578987,0.0,0.0
BOL,2002,EH,4747,1076.1861443337307,0.0,0.0
BOL,2004,ECH,8519,567.8631264379732,0.016796011670816152,1.0159166881632564
BOL,2005,EH,3686,1233.2758712325917,0.0,0.0
BOL,2006,EH,3571,1216.1973949100957,0.0,0.0
BOL,2007,EH,3817,815.4727246933994,0.0,0.0
BOL,2008,EH,3617,703.6676089041414,0.005626836634645277,0.47157886712378566
BOL,2009,EH,3625,601.4406669096157,0.03390113145517268,1.4625341029180212
BOL,2011,EH,7647,630.5289254949803,0.0036053882919913844,0.14526256321844527
BOL,2012,EH,7084,751.2367844601723,0.0,0.0
BOL,2013,EH,8104,797.692154861773,0.004588732686477844,0.19768032208603942
BOL,2014,EH,8360,709.0289168348623,0.030392116532916937,1.900090421721295
BOL,2015,EH,8240,706.9192306099537,0.020845469579966573,0.9321626970135105
BOL,2016,EH,9019,743.1998662713916,0.0,0.0
BOL,2017,EH,8658,747.1090682048215,0.0,0.0
BOL,2018,EH,9341,567.3821644176282,0.0,0.0
BOL,2019,EH,9740,470.8542666571258,0.0,0.0
BOL,2020,EH,9985,503.82292362164185,0.015551379279171353,0.5134860420987293
BOL,2021,EH,10735,465.99948456509435,0.0013979577185161604,0.04592127740040634
BRA,1981,PNAD,29306,554.9368894726787,0.0011024611741732185,0.07745119366203322
BRA,1982,PNAD,32112,611.1731989830384,0.0021485772984544214,0.29354768976136997
BRA,1983,PNAD,40660,526.561609991035,0.0031152385683373886,0.27877467898154434
BRA,1984,PNAD,46372,466.1928151084682,0.0011247568570706753,0.0936022788102379
BRA,1985,PNAD,46061,573.2389720585426,0.0,0.0
BRA,1986,PNAD,19327,881.205461187095,0.0070843224859695976,0.9427366722996845
BRA,1987,PNAD,26229,833.5486842175733,0.004785029503696953,0.5099083878171434
BRA,1988,PNAD,30901,942.1981018438483,0.0003057251225570073,0.03689351248170841
BRA,1989,PNAD,21594,1154.8020046034221,0.005444334325185642,1.4660037871597584
BRA,1990,PNAD,29845,833.3030978829452,0.003577741109985696,0.523198583075291
BRA,1992,PNAD,25983,508.61015102726134,0.001097557212582122,0.12502254060487963
BRA,1993,PNAD,26146,618.7421930654692,0.00996686063041677,0.9942282362737952
BRA,1995,PNAD,12306,959.4814019500764,0.0007345026501328385,0.05966950124545489
BRA,1996,PNAD,14425,1118.172564233058,0.0006628855513140312,0.07268945577365256
BRA,1997,PNAD,12658,1036.6204200964469,0.0022451118730440678,0.26099147366387954
BRA,1998,PNAD,12472,943.9958577862691,0.002766132155576317,0.29789203689811955
BRA,1999,PNAD,14464,831.7480468750006,0.0021249786289249764,0.2479919072233771
BRA,2001,PNAD,88748,1075.7668803190645,0.0011685600375909563,0.09598874199925438
BRA,2002,PNAD,90816,1000.1688227208832,0.001539473387354649,0.2788792264161195
BRA,2003,PNAD,92629,953.5669673724051,0.0014688185871947405,0.13654251216219424
BRA,2004,PNAD,96514,847.1937091175562,0.003327925032782429,0.3230564801179154
BRA,2005,PNAD,98891,828.5104632963679,0.003950820159933347,0.355959654583803
BRA,2006,PNAD,100293,805.1252598114747,0.00436062901829098,0.33407770162578043
BRA,2007,PNAD,99292,833.5180246872624,0.00267063360846921,0.20323726226409328
BRA,2008,PNAD,99951,809.2436402089206,0.00506470772512132,0.3340143232705896
BRA,2009,PNAD,102201,791.2911048830671,0.004924995899358504,0.44827242156022035
BRA,2011,PNAD,92784,775.8950194615626,0.0076821937593797756,0.4715345525923407
BRA,2012,PNADC-E1,61138,805.5143909649216,0.007655560639618157,0.3617600579225126
BRA,2013,PNADC-E1,62855,792.1982556972935,0.0026280516123010577,0.11988749069679502
BRA,2014,PNADC-E1,63971,812.9485600220298,0.004190731707725729,0.2011810029649601
BRA,2015,PNADC-E1,62036,778.6254761253032,0.000910913793831912,0.051220718924523324
BRA,2016,PNADC-E1,135445,870.2781228853771,0.0053256768722808835,0.3356534561334967
BRA,2017,PNADC-E1,136300,846.8781678881785,0.00809057062230912,0.5125900496720749
BRA,2018,PNADC-E1,136239,962.4466300749708,0.004348235201949713,0.2722169813576326
BRA,2019,PNADC-E1,134480,984.2439795238297,0.007313336060535243,0.4909883926224303
BRA,2020,PNADC-E5,40129,452.5820063349024,0.03273704268183298,1.1543096028777284
BRA,2021,PNADC-E5,37869,792.89243928912,0.002423376653493482,0.1831983845605156
BRA,2022,PNADC-E1,116520,770.3179364004817,0.011644042421172037,0.723219883578466
BTN,2003,BLSS,3989,119.56034674806283,0.0,0.0
BTN,2007,BLSS,9794,131.4175667510905,0.006126985046282395,0.14289045563766453
BTN,2012,BLSS,8964,150.87464149789034,0.03865524816965156,0.7669289203157056
BTN,2017,BLSS,11393,222.30879223165638,0.007364860367821017,0.27018852340919003
BTN,2022,BLSS,13338,145.9809698683126,0.01870058546532088,0.2252682087218184
BWA,2002,HIES,6043,993.3892422938941,0.0,0.0
BWA,2009,CWIS,7730,574.2537470173609,0.023247354969002477,2.478933055996405
BWA,2015,BMTHS,7055,458.37118798187413,0.018804781424542664,2.073444133383954
CAF,2008,ECASEB,6894,113.49041424331517,0.07773560095471116,5.465743904644766
CAF,2021,EHCVM,6410,51.4009342075984,0.009732792530650772,0.44479511757146006
CHE,2007,EU-SILC,6582,1018.1197985685816,0.019686219640194045,0.581313879188011
CHE,2008,EU-SILC,6755,933.5073511146177,0.06193086601651408,1.1016698367097049
CHE,2009,EU-SILC,7337,968.3226321132302,0.05145434117922524,0.9791147067456878
CHE,2010,EU-SILC,7488,908.3005487531083,0.05430149023831721,1.0333561855133448
CHE,2011,EU-SILC,7475,870.6410613898304,0.07276395427699886,1.171851761887011
CHE,2012,EU-SILC,7509,849.7248147695041,0.02324050451001245,0.2907789856314588
CHE,2013,EU-SILC,7320,837.3789145362932,0.04694450479515116,0.839877483748545
CHE,2014,EU-SILC,6751,893.2280464076734,0.05853076532325039,0.7444703873271681
CHE,2015,EU-SILC,7436,878.6410694872258,0.04267968526444613,0.74056380372354
CHE,2016,EU-SILC,7746,896.0563913049962,0.08617718374395086,1.263887708181925
CHE,2017,EU-SILC,8098,923.7532642629694,0.09518290893912357,1.744281648911498
CHE,2018,EU-SILC,6670,873.0339379000675,0.013158461622397487,0.2287498307845762
CHE,2019,EU-SILC,7319,919.2442521051331,0.09283464924225857,1.637716646946951
CHE,2020,EU-SILC,8129,957.3885525570976,0.12311041527304009,2.2881807034616823
CHE,2021,EU-SILC,8566,948.1939836087003,0.07530121706034405,1.2558345824153685
CHL,1987,CASEN,17899,412.6358311745778,0.01201422755285414,0.5452167712551824
CHL,1990,CASEN,20919,445.2020722657652,0.0382054283408104,1.983042767672206
CHL,1992,CASEN,29349,387.87782020280173,0.026067382276559522,1.2256111432168109
CHL,1994,CASEN,31425,550.3510713904298,0.021992692850361407,2.927559517968602
CHL,1996,CASEN,27877,588.6387143661777,0.01207984845043878,0.8197928163367243
CHL,1998,CASEN,41015,624.0868218840772,0.019266457506804658,1.011531343638942
CHL,2000,CASEN,32734,425.3852609204016,0.01257412108885598,1.0951948064626071
CHL,2003,CASEN,33534,405.2880433443097,0.021432808756332213,1.6538743917749013
CHL,2006,CASEN,45413,357.1205510881374,0.022490947440342808,0.8307592382430917
CHL,2009,CASEN,39115,342.7110773687746,0.0748100419057828,1.723138723747724
CHL,2011,CASEN,41091,352.42726661486427,0.03192575984274631,0.8288914373220255
CHL,2013,CASEN,49778,415.8490989609938,0.05169432118366372,1.5043788759757093
CHL,2015,CASEN,63478,413.8594606426892,0.06528534273931913,1.651865947473331
CHL,2017,CASEN,52238,439.77480691380526,0.06199282330059006,1.8161064567980714
CHL,2020,CASEN,49484,543.9010265901294,0.027598802060297783,1.7847042695913897
CHL,2022,CASEN,51504,482.79363397771016,0.029348213650471567,0.8128420991299012
CIV,1985,EPAM,1583,210.0917115292343,0.0,0.0
CIV,1986,EPAM,1599,118.1873235396277,0.0,0.0
CIV,1987,EPAM,1600,111.12973624781264,0.0,0.0
CIV,1988,EPAM,1600,91.26497899133139,0.0,0.0
CIV,1992,EP,9497,91.57360593481773,0.004390280630377122,0.13216650401379182
CIV,1995,ENV,1000,73.35322784798143,0.0,0.0
CIV,1998,ENV,4177,65.40666756593669,0.0029465292799161344,0.05623605068234284
CIV,2002,ENV,10782,60.39319419988786,0.030526076301951817,0.6698046964952995
CIV,2008,ENV,12593,97.90570160803222,0.0,0.0
CIV,2015,ENV,12861,80.42142313409299,0.011320277137090438,0.27618567239652425
CIV,2018,EHCVM,12986,90.41667849102568,0.0,0.0
CIV,2021,EHCVM,12959,72.49711505341735,0.0038234878292575532,0.05897078777902393
CMR,1996,ECAM-I,1728,53.546379639616994,0.07649146362977802,1.4256501089606803
CMR,2001,ECAM-II,10991,82.2635258466704,0.07724059344492656,2.1315421040282776
CMR,2007,ECAM-III,11390,119.95005165670823,0.004810054580136768,0.1711672205956028
CMR,2014,ECAM-IV,10302,240.67639991654192,0.0,0.0
CMR,2021,ECAM-V,10543,172.33695608578773,0.0,0.0
COD,2004,E123,11901,22.758567075133033,0.003965646310194967,0.13897300924316316
COD,2012,E123,21232,45.639260296195985,0.016644365593565337,0.44897965280868724
COD,2020,EGI-ODD,8992,33.30796030034612,0.10282379425318793,2.422247891852998
COG,2005,ECOM,5002,100.91871110972619,0.009655141476546088,0.37395044451367254
COG,2011,ECOM,10393,191.92162832089656,0.0018079423933746225,0.08936072013862645
COL,1992,ENH,2425,311.87204647064243,0.007050886236076725,0.2447543294229936
COL,1996,ENH,7800,352.4178561860863,0.019249389352239906,2.469098252374612
COL,1999,ENH,8302,382.00157543752726,0.04935604432322784,3.270993572129372
COL,2000,ENH,6982,338.69844227017614,0.06631921108411312,3.5600298926811953
COL,2001,ECH,11339,308.4103688743837,0.022933323826658542,1.0824740178416985
COL,2002,ECH,30541,435.436166967204,0.018024880083112624,1.9374055291106318
COL,2003,ECH,31690,356.0009915256459,0.009104331505245325,0.42966952448376616
COL,2004,ECH,35800,392.358892046189,0.01582873606281626,0.6952951030737133
COL,2005,ECH,35676,406.8394064419765,0.016869307865013856,0.8118686913815707
COL,2008,GEIH,198215,640.2701279894194,0.006668637133197607,0.4423640745932489
COL,2009,GEIH,170083,598.4987139233376,0.0045315728876133285,0.27360178295165566
COL,2010,GEIH,181619,623.1942355987768,0.011767002086557985,0.7288548379669886
COL,2011,GEIH,186554,607.8547914578368,0.0074407397502287975,0.470118788552962
COL,2012,GEIH,187155,639.6871069036775,0.004936006669787377,0.2886494142270689
COL,2013,GEIH,187929,639.8886500070071,0.007402014048577529,0.46002897189016123
COL,2014,GEIH,189789,646.8987745261287,0.006675121530414058,0.515946804819732
COL,2015,GEIH,193802,601.2789787896337,0.008429080866696205,0.4219490591954246
COL,2016,GEIH,191260,535.1590578841252,0.010078672342596086,0.48374305558014213
COL,2017,GEIH,189784,504.4608481062811,0.008147202322436363,0.3202911132885066
COL,2018,GEIH,183699,518.6953100839562,0.014772220059464786,0.6911685161171691
COL,2019,GEIH,185024,572.8586795714921,0.006705857719918717,0.3580931859789515
COL,2020,GEIH,187422,562.5714022309803,0.008121839172482647,0.77494346926405
COL,2021,GEIH,211058,717.7971273003623,0.005506754623829832,0.2965889520794519
COL,2022,GEIH,244538,756.9196817318078,0.0038120282035226127,0.24090462565355716
COM,2004,EIM,2987,178.87545289874745,0.190016279198904,7.614487639622768
COM,2013,EESIC,3131,242.1803276451382,0.0,0.0
CPV,2001,IDRF,4572,233.73843598662222,0.03505514280190445,2.3467243374789195
CPV,2007,QUIBB,6923,229.0578196935261,0.039094704389342746,1.713622383084834
CPV,2015,IDRF,6219,243.94858611900085,0.0,0.0
CRI,1989,EHPM,4031,301.938468722263,0.017773879860701298,0.6006025486370827
CRI,1990,EHPM,3981,310.1033763302095,0.0,0.0
CRI,1991,EHPM,4035,310.0572678075383,0.011846832993104678,0.576540678942591
CRI,1992,EHPM,4243,292.0302260537171,0.0019538442522786708,0.09305912573654297
CRI,1993,EHPM,4143,370.625284861355,0.01094765052472089,0.46607768067508687
CRI,1994,EHPM,4557,386.5294957574517,0.009603346232642841,0.30787418660659677
CRI,1995,EHPM,4720,366.962712713744,0.004725389556504902,0.18225370387428896
CRI,1996,EHPM,4639,376.6715614345368,0.0,0.0
CRI,1997,EHPM,4689,370.70687020606493,0.0025574728076703723,0.09214173728450527
CRI,1998,EHPM,5057,418.0743340747504,0.0,0.0
CRI,1999,EHPM,5156,441.7434293550658,0.0,0.0
CRI,2000,EHPM,4809,449.401327022726,0.0,0.0
CRI,2001,EHPM,7722,754.2764056018608,0.0,0.0
CRI,2002,EHPM,8035,704.3006156446853,0.006861934860976597,0.3603855505955083
CRI,2003,EHPM,8289,776.5216660909043,0.0,0.0
CRI,2004,EHPM,8435,650.6885899942657,0.0,0.0
CRI,2005,EHPM,8551,621.3815359838899,0.0013951625402409268,0.061871284087164774
CRI,2006,EHPM,8489,589.2720020016202,0.0,0.0
CRI,2007,EHPM,8832,589.4040324115581,0.02831912030295187,1.3071361706457538
CRI,2008,EHPM,8363,625.5011206931102,0.00802624085312004,0.29134659360141546
CRI,2009,EHPM,9028,818.6012321902832,0.004252613518345775,0.1593036352768172
CRI,2010,ENAHO,10946,756.5700661124542,0.0,0.0
CRI,2011,ENAHO,10988,943.467561651575,0.00682536067765331,0.5563354942426814
CRI,2012,ENAHO,10716,969.7636373250956,0.016004548570353796,0.6450153850684841
CRI,2013,ENAHO,10545,1154.498342849124,0.0,0.0
CRI,2014,ENAHO,10694,906.4882780372742,0.0,0.0
CRI,2015,ENAHO,10630,833.6529168185101,0.0,0.0
CRI,2016,ENAHO,10674,980.8550135555274,0.0055867424957416496,0.23984673541105234
CRI,2017,ENAHO,10043,905.8107964596803,0.0026166211834348814,0.1177931844654005
CRI,2018,ENAHO,10239,887.4062706284683,0.006964446600456924,0.3700292764668771
CRI,2019,ENAHO,10251,936.5079657023995,0.010604750254167121,0.41539160373536776
CRI,2020,ENAHO,7610,970.0129405242894,0.0,0.0
CRI,2021,ENAHO,9457,896.9128415301553,0.017164098685800884,0.9367165540574641
CRI,2022,ENAHO,9547,836.8888737688875,0.005669603200808121,0.21892958197649617
CRI,2023,ENAHO,9477,984.2785832382945,0.0,0.0
CYP,2005,EU-SILC,3497,435.30922637384214,0.056328631757866135,1.0821405152888313
CYP,2006,EU-SILC,3422,410.8535705977485,0.11417632843586199,1.7762135509544545
CYP,2007,EU-SILC,3359,467.7840626082485,0.18784749835688294,2.648370642426992
CYP,2008,EU-SILC,3234,478.3920764440588,0.09371794418021258,1.682278115310418
CYP,2009,EU-SILC,3081,486.486172957967,0.16295749283053526,2.3377830342588406
CYP,2010,EU-SILC,3669,498.0680288850198,0.11186114932114688,1.8420938642994782
CYP,2011,EU-SILC,3800,450.43146409890835,0.08700498863353805,1.5326598555071544
CYP,2012,EU-SILC,4474,472.70190128520744,0.21668883132464517,2.826720167541085
CYP,2013,EU-SILC,4497,501.00537797833863,0.14953549268809047,2.7981577413448533
CYP,2014,EU-SILC,4135,501.7009862102961,0.3036087369624754,4.6445079468057475
CYP,2015,EU-SILC,4197,475.8548965028257,0.15476320644559904,2.6821396622119966
CYP,2016,EU-SILC,4050,486.37850229771027,0.10954498563593947,1.8544776917371826
CYP,2017,EU-SILC,4156,450.7245933967781,0.12570833939945383,1.6677927127096548
CYP,2018,EU-SILC,4047,424.6900148428959,0.14556170769282237,1.701811232797905
CYP,2019,EU-SILC,4036,459.1817788281974,0.13371896023766386,2.149121540564013
CYP,2020,EU-SILC,4038,462.15599178565793,0.09355486191134874,1.0814736679534955
CYP,2021,EU-SILC,3961,425.5004538611529,0.17495778000765927,1.9154522082080614
CYP,2022,EU-SILC,4021,466.36974068758093,0.22516099073655654,2.290332588444599
CZE,2005,EU-SILC,3940,165.94365052697503,0.1848684677180488,1.7129935289666733
CZE,2006,EU-SILC,6932,156.84695445037823,0.12895386322805458,1.3882630623071288
CZE,2007,EU-SILC,8939,166.86513903100206,0.1268719631730072,1.2463951902242472
CZE,2008,EU-SILC,10456,165.35015698625708,0.16069491501148053,1.2945677430644613
CZE,2009,EU-SILC,9454,161.7813756925356,0.3977012328488965,3.0622422856584346
CZE,2010,EU-SILC,8564,175.18463750666479,0.20104953029617798,1.6005771316406507
CZE,2011,EU-SILC,8249,190.55583448671982,0.15259763709856206,1.1340088743780137
CZE,2012,EU-SILC,8362,178.3918970241125,0.16860138030957875,1.234247735590935
CZE,2013,EU-SILC,7932,184.9555197041446,0.05804229760997063,0.44448699300627487
CZE,2014,EU-SILC,7644,173.9305030139373,0.14356902484825496,1.3153859985333414
CZE,2015,EU-SILC,7618,177.4895598501418,0.11702816402518454,0.9519801543534356
CZE,2016,EU-SILC,8186,179.3699064191089,0.19585876863219867,1.6943898139623923
CZE,2017,EU-SILC,8344,182.70709653126698,0.13560148107851777,1.2554698909796873
CZE,2018,EU-SILC,8342,197.33747184218763,0.12175259258033395,0.9826263669473303
CZE,2019,EU-SILC,8409,204.59659848668315,0.06799239458955643,0.5530305119169686
CZE,2020,EU-SILC,8356,226.62897263937774,0.016318296647903102,0.11600118406856193
CZE,2021,EU-SILC,8363,227.26093227951768,0.0935469581138317,1.0238342859117704
CZE,2022,EU-SILC,8319,253.52204283911945,0.06148482241112319,0.40161760704221017
DJI,2002,EDAM,10355,87.79756006945121,0.017329459298107527,0.42770566956834244
DJI,2012,EDAM,5846,129.71053069815702,0.0,0.0
DJI,2013,EDAM,3375,119.39458995165182,0.00893146260301011,0.24400322681078554
DJI,2017,EDAM,4473,94.73729213921634,0.010336198241381144,0.2769007913031331
DNK,2004,EU-SILC,6797,348.63990065830706,0.10772120098088311,1.1966800237332693
DNK,2005,EU-SILC,5911,337.65185360340746,0.0728909234094863,0.674718057698275
DNK,2006,EU-SILC,5661,327.6208071190641,0.10401504337900945,0.854983298322465
DNK,2007,EU-SILC,5750,353.9676126553524,0.16689651525528218,2.2563141570497742
DNK,2008,EU-SILC,5739,334.59626839966495,0.20036817106867688,2.4696936810870356
DNK,2009,EU-SILC,5797,348.41055904162835,0.08775673831435389,1.1909893506669824
DNK,2010,EU-SILC,5781,378.14183940052624,0.13088437048457469,1.5318364423697217
DNK,2011,EU-SILC,5205,406.3374445318955,0.24286418850176,1.9024956201307375
DNK,2012,EU-SILC,5286,394.6226196206486,0.18148449673503989,1.7711546771407771
DNK,2013,EU-SILC,5385,387.8846014839083,0.1200106968464967,2.7366390698627265
DNK,2014,EU-SILC,5729,414.79893343369207,0.11560575303598741,2.040140470435316
DNK,2015,EU-SILC,6002,395.823279947144,0.16475033167511868,2.204264509941803
DNK,2016,EU-SILC,6222,382.94586819929987,0.18710105028393115,3.85462020660106
DNK,2017,EU-SILC,5865,407.9267283386098,0.2278905711122747,3.339575792568157
DNK,2018,EU-SILC,5583,448.2099339387504,0.23620537563940625,3.0268015428537542
DNK,2019,EU-SILC,5770,432.31836103384666,0.21411111810980843,2.7879773755360815
DNK,2020,EU-SILC,6516,412.8519025211382,0.30485933674468296,3.4811792796426286
DNK,2021,EU-SILC,7767,428.59047113152815,0.16715724415176506,2.243182747574546
DNK,2022,EU-SILC,6711,423.45820661239105,0.28989963188251094,3.1387073017345015
DOM,1996,ENFT,4409,375.33630093963285,0.0,0.0
DOM,1997,ENFT,3471,433.0864768015157,0.06459665558234066,2.496391257654124
DOM,2000,ENFT,4060,569.157875232703,0.011895000923646822,0.9325420241553968
DOM,2001,ENFT,4052,469.595118599441,0.002798392996477069,0.10263021590603376
DOM,2002,ENFT,4111,488.67637772954805,0.002615780098543149,0.11051518672715861
DOM,2003,ENFT,5153,388.3490724376976,0.014298938029750243,0.500368184850575
DOM,2004,ENFT,5118,331.60507218690685,0.06112143577104134,3.0922124669743214
DOM,2005,ENFT,6498,384.1886464345467,0.01701213502628369,0.7396273492269935
DOM,2006,ENFT,6452,468.195844333084,0.020898133587689282,0.771117279012831
DOM,2007,ENFT,6193,349.23260800727553,0.010107523816600994,0.35615894255580377
DOM,2008,ENFT,6718,353.18530941009504,0.007247399887762077,0.23109569066060032
DOM,2009,ENFT,6966,356.1607522215219,0.008719531484686323,0.5886844416222722
DOM,2010,ENFT,6881,397.59133197591046,0.0,0.0
DOM,2011,ENFT,6948,401.1417740588641,0.0,0.0
DOM,2012,ENFT,6972,310.6138077448575,0.0,0.0
DOM,2013,ENFT,7004,318.8076471248974,0.004281886803224872,0.14092893051329472
DOM,2014,ENFT,7031,391.4718539362582,0.0,0.0
DOM,2015,ENFT,6891,369.21073218993064,0.004968196544654291,0.14551882242424574
DOM,2016,ENFT,6972,429.4575579266256,0.0,0.0
DOM,2017,ECNFT-Q03,5919,258.3835388825766,0.12567675219159535,3.250961590579945
DOM,2018,ECNFT-Q03,5908,287.53350239646863,0.058102330002736687,3.6462462636592736
DOM,2019,ECNFT-Q03,6188,302.6799468946552,0.05889593574609771,1.109967634009442
DOM,2020,ECNFT-Q03,5282,250.47959305946415,0.011212469572845263,0.22624671916982758
DOM,2021,ECNFT-Q03,5653,209.4611071726363,0.08334056726291342,1.7244303154658567
DOM,2022,ECNFT-Q03,5609,247.5769742564669,0.0017134557776363707,0.034273667804614105
ECU,1994,ECV,3062,281.968744410497,0.01879371923678524,0.7790198563920433
ECU,1995,EPED,1100,235.82094335663365,0.030246334860533946,1.4104519656567462
ECU,1998,EPED,1281,338.68654923905154,0.0,0.0
ECU,1999,ECV,4980,364.5414315794349,0.03645601145292225,2.7808469946460974
ECU,2000,EPED,2771,247.5727752403053,0.05923879427160689,2.8030853961562814
ECU,2003,ENEMDU,16510,432.6865947080185,0.0022385634737603836,0.34572440776157753
ECU,2004,ENEMDU,4490,406.2197639946995,0.006111524426665995,1.0207695540293582
ECU,2005,ENEMDU,16241,589.343937900754,0.011574898091561163,0.6574486476507805
ECU,2006,ENEMDU,16647,486.0548624181583,0.009192398922379472,3.766983801697639
ECU,2007,ENEMDU,16708,557.0487412126699,0.0200762406026563,1.4461050662613324
ECU,2008,ENEMDU,17471,509.067929558131,0.013033378707458316,0.9761996575281566
ECU,2009,ENEMDU,17125,448.8228935291218,0.007830225031805749,0.6805204049366665
ECU,2010,ENEMDU,18448,463.6643776929045,0.014551135646139007,0.8883948327734615
ECU,2011,ENEMDU,16604,465.64446318194285,0.010897921916006477,0.5292711874672139
ECU,2012,ENEMDU,17569,507.6481551758757,0.02679188474506965,1.3173428068663235
ECU,2013,ENEMDU,19250,513.6460725311682,0.008792616376693638,0.4060191726554749
ECU,2014,ENEMDU,27062,418.0840508356137,0.017265650656386942,0.7747882360666954
ECU,2015,ENEMDU,26877,469.8105166345005,0.022100986816745993,1.0279659246946555
ECU,2016,ENEMDU,27713,404.6730695668823,0.014915865869616598,0.5203512389667064
ECU,2017,ENEMDU,27157,441.4283042873395,0.0056593390152229715,0.3281364410617279
ECU,2018,ENEMDU,15260,435.63567559702767,0.00458739878905512,0.2759338212687356
ECU,2019,ENEMDU,15689,481.25344349212537,0.01653161332285428,0.684296304707736
ECU,2020,ENEMDU,8064,445.46207684798816,0.0029652667471280394,0.15599325886113144
ECU,2021,ENEMDU,8077,417.6565645125417,0.004376759541504138,0.16919940218300822
ECU,2022,ENEMDU,8235,481.13479238829177,0.02037937543175766,1.1753879880919504
ECU,2023,ENEMDU,8039,526.0984592492954,0.0,0.0
EGY,2004,HIECS,41980,42.57972155558706,0.19986060775477987,1.9937859595149425
EGY,2008,HIECS,22260,40.033459928779635,0.30262920682561495,2.996014511404396
EGY,2010,HIECS,7719,44.065839157231984,0.2334743834666455,2.1802084148330994
EGY,2012,HIECS,15048,41.00601943824817,0.1999597949315574,1.5434684752569814
EGY,2015,HIECS,11977,48.42455060186636,0.3587317162165781,4.193854910571517
EGY,2017,HIECS,12248,47.50807493887465,0.2083763892392195,2.171250673935469
EGY,2019,HIECS,10719,48.67082263831536,0.31148428360599195,3.4935843904685666
ESP,2004,EU-SILC,12192,447.92017644442507,0.0,0.0
ESP,2005,EU-SILC,10356,519.0479394094812,0.00847852869742504,0.13122295586621943
ESP,2006,EU-SILC,9854,478.6862872940457,0.021460717801359823,0.2705072582903067
ESP,2007,EU-SILC,10241,547.3846510183469,0.0,0.0
ESP,2008,EU-SILC,12847,672.2722105490843,0.004881679224080989,0.07878424846618397
ESP,2009,EU-SILC,13220,706.4059163514848,0.00908013665179597,0.17137162918995458
ESP,2010,EU-SILC,13422,696.9211128258783,0.0016862444204486984,0.024652430048771486
ESP,2011,EU-SILC,12931,762.1793997622129,0.0022536941718770977,0.04942387886404282
ESP,2012,EU-SILC,12519,801.4854841594389,0.002071061831476307,0.03732603850660747
ESP,2013,EU-SILC,11968,698.7431383147265,0.0,0.0
ESP,2014,EU-SILC,11776,796.1744881685363,0.0,0.0
ESP,2015,EU-SILC,12216,763.0150797038885,0.0,0.0
ESP,2016,EU-SILC,14060,764.8820652610522,0.002162627827944798,0.0427457186919425
ESP,2017,EU-SILC,13574,766.8518605555902,0.0,0.0
ESP,2018,EU-SILC,13159,695.5990768839823,0.0,0.0
ESP,2019,EU-SILC,15655,724.1660809962033,0.0,0.0
ESP,2020,EU-SILC,14848,707.7574903891255,0.0,0.0
ESP,2021,EU-SILC,20688,797.9779716327574,0.0,0.0
ESP,2022,EU-SILC,23994,731.7773643530669,0.0007540828420890377,0.011453292108179127
EST,2000,HBS,6166,168.22225793698607,0.0,0.0
EST,2001,HBS,5955,170.08109370836317,0.006756485979221524,0.14266054239796208
EST,2002,HBS,5597,176.3543489639901,0.017840884301405895,0.29830436209167144
EST,2003,HBS,3317,167.1197568775815,0.011953135016004009,0.18598185832852435
EST,2004,EU-SILC,3728,197.70137493413785,0.0,0.0
EST,2004,HBS,3165,169.94623322117252,0.0,0.0
EST,2005,EU-SILC,3748,178.81672561051178,0.0,0.0
EST,2006,EU-SILC,5222,198.0505220162133,0.0,0.0
EST,2007,EU-SILC,4906,212.8156541436907,0.06170750975065688,2.10346728885276
EST,2008,EU-SILC,4534,274.75958814349474,0.0,0.0
EST,2009,EU-SILC,4735,276.198978007956,0.0,0.0
EST,2010,EU-SILC,4739,236.72370575841825,0.0,0.0
EST,2011,EU-SILC,4737,248.36853149611414,0.011901774826682759,0.13374785505366407
EST,2012,EU-SILC,5021,265.7009436674864,0.04727992804158735,0.6038544456142596
EST,2013,EU-SILC,5633,284.39814140745216,0.0,0.0
EST,2014,EU-SILC,5729,338.0324907916731,0.0,0.0
EST,2015,EU-SILC,5595,350.3314438299267,0.0,0.0
EST,2016,EU-SILC,5855,398.6458139331669,0.0,0.0
EST,2017,EU-SILC,5998,415.5990543598866,0.0,0.0
EST,2018,EU-SILC,5941,449.5474912861876,0.0,0.0
EST,2019,EU-SILC,6163,466.9226424929847,0.0,0.0
EST,2020,EU-SILC,6340,465.6180750131672,0.0,0.0
EST,2021,EU-SILC,6384,437.6992637346636,0.0,0.0
EST,2022,EU-SILC,5686,621.1345040520874,0.0,0.0
ETH,1995,HICES,11524,27.006841208176656,0.40583711172701137,10.890169273109727
ETH,1999,HICES,16556,17.164169644977992,0.16623769151926096,1.9533787017093767
ETH,2004,HICES,21287,22.71165557470661,0.1653429373628684,2.651642523684184
ETH,2010,HICES,27756,29.374686436668465,0.11952875656292138,2.1476254040327096
ETH,2015,HICES,30225,35.878923777908234,0.09577140165776822,1.2575768336578002
ETH,2021,HCES,33810,33.6606437026833,0.009861711627935574,0.11769424780349343
FIN,2004,EU-SILC,10425,324.001543761616,0.15681448409609947,2.2512071582800512
FIN,2005,EU-SILC,10614,339.10703748394195,0.1046376215313344,2.4010267126761065
FIN,2006,EU-SILC,10178,362.5759362008041,0.12035537915139416,1.811842414122665
FIN,2007,EU-SILC,9956,384.3046763397297,0.14466465160979572,1.8412772648083335
FIN,2008,EU-SILC,9841,396.4897933158522,0.09395058335213859,1.4321107826294757
FIN,2009,EU-SILC,9546,392.5503847795179,0.06829105160659645,1.068209766327561
FIN,2010,EU-SILC,10320,394.50499005362315,0.0652494222975094,0.9061991770016085
FIN,2011,EU-SILC,8838,433.93611977505725,0.05419102651987772,0.8741988394933895
FIN,2012,EU-SILC,9725,399.732197018683,0.0826616822634559,1.036651030083922
FIN,2013,EU-SILC,10684,410.26046632387323,0.05315217953692315,0.7433120835775635
FIN,2014,EU-SILC,10413,409.42711523214933,0.04563680828303853,0.709742397031032
FIN,2015,EU-SILC,10120,387.1352595164927,0.05140250811255188,0.5357572878175509
FIN,2016,EU-SILC,10063,391.4504065481062,0.046519895863141855,0.5247403265947794
FIN,2017,EU-SILC,9645,401.1811801654779,0.05808574642639814,0.6180114836062127
FIN,2018,EU-SILC,9374,410.9286796090015,0.0858748745063407,0.8611661297028731
FIN,2019,EU-SILC,9159,418.53523046280935,0.11365810727402269,1.1617960566424408
FIN,2020,EU-SILC,9031,425.2490886674359,0.1532558422633406,1.3443160285777802
FIN,2021,EU-SILC,8974,417.2589756297378,0.08964365481261735,1.029095359209819
FIN,2022,EU-SILC,8696,436.5172339688467,0.14185804674689428,1.5435463491204013
FJI,2002,HIES,5244,156.75457191301862,0.014979541004423752,0.3384390712482064
FJI,2008,HIES,3573,143.8953304109251,0.11917444795518592,3.7237587367786062
FJI,2013,HIES,6015,136.19444874431935,0.09810026332928652,1.8838858399431424
FJI,2019,HIES,5999,77.35796637618104,0.0,0.0
FRA,2004,EU-SILC,9501,466.64613883292844,0.05733624287872892,1.0496809800791698
FRA,2005,EU-SILC,9073,481.13127183334063,0.03193233631209335,0.37899429835090875
FRA,2006,EU-SILC,9302,433.9920932395565,0.10109434756826265,1.0632596450764613
FRA,2007,EU-SILC,9745,439.8033301104986,0.01686607207549073,0.3079283599142048
FRA,2008,EU-SILC,7192,535.2124838541076,0.08625453676809013,1.1586555159258798
FRA,2009,EU-SILC,7266,552.7040957052237,0.14610803045696072,2.0912273566437327
FRA,2010,EU-SILC,7524,556.6645131185807,0.10374452775882723,1.378585208798261
FRA,2011,EU-SILC,7691,586.0737781480564,0.09775520546557713,1.740529472565545
FRA,2012,EU-SILC,7930,554.8188121091073,0.06962026096904175,1.6674940242805683
FRA,2013,EU-SILC,7467,547.9314373955482,0.10430074319342009,1.4074936478828097
FRA,2014,EU-SILC,7639,525.0880809703234,0.055824199219378604,0.9881889105128414
FRA,2015,EU-SILC,7595,547.137195456637,0.07270174456038389,1.1954325161267194
FRA,2016,EU-SILC,7587,541.0741619148736,0.1931246489243368,2.925734850359393
FRA,2017,EU-SILC,7321,523.8286663092385,0.04638728265554746,1.0757957096120618
FRA,2018,EU-SILC,7212,503.10055924715914,0.08154886530469369,1.7897841311942722
FRA,2019,EU-SILC,7618,469.3907576379456,0.12518916656654686,3.2352021132227793
FRA,2020,EU-SILC,7222,511.9014884564342,0.10035555009438493,1.632179439232113
FRA,2021,EU-SILC,8526,508.52714074517706,0.06403685721711452,1.0008580304765793
FRA,2022,EU-SILC,10107,545.6764065424703,0.06201348033838614,0.8052080102214036
FSM,2000,CPH,7166,1195.3213167419324,0.0010515357679891481,0.8159441143613034
FSM,2005,HIES,1380,179.3403325155212,0.0235211283969679,0.626983970568073
FSM,2013,HIES,1648,120.20143076685115,0.012391638809612178,0.7290637367026596
GAB,2005,EGEP,7911,168.98579617638413,0.0487524563722367,1.2895592834228413
GAB,2017,EGEP,7914,268.1675979865764,0.0016099050471771288,0.04943889136123446
GEO,1997,HIS,10805,141.05581081723605,0.004306169614258344,0.11543375420199334
GEO,1998,HIS,10988,124.04824139960688,0.01406825141811269,3.4355817052161464
GEO,1999,HIS,11272,108.94863663279052,0.008589559794625308,0.22393554895387677
GEO,2000,HIS,10455,98.58850118626694,0.01024834943878839,0.35318635298581086
GEO,2001,HIS,9848,84.18826759766853,0.016022882368178504,0.7293645283389548
GEO,2002,HIS,10668,100.64144296966583,0.019540719205455942,0.37713483356258415
GEO,2003,HIS,11698,103.19048057949064,0.001714892146607585,0.03939226271420085
GEO,2004,HIS,11493,102.71993662968983,0.0077854098309760944,0.1784802531502899
GEO,2005,HIS,11331,113.541462063679,0.003474703728895492,0.08000626703644416
GEO,2006,HIS,10942,100.45852434951676,0.006551303242550259,0.1277543352842129
GEO,2007,HIS,10997,97.97463315844556,0.02466883606036059,0.7690303675570577
GEO,2008,HIS,19676,113.7915363464803,0.009638384590612867,0.3031444806559022
GEO,2009,HIS,22287,108.57661175891889,0.032385307703971064,0.6503840352173045
GEO,2010,HIS,21793,128.20347809149192,0.00902396996816172,0.2847220288818595
GEO,2011,HIS,11219,118.6176644527863,0.015390246198311457,0.9058713239052207
GEO,2012,HIS,11273,132.64274368025073,0.009260195176898993,0.20449950028371
GEO,2013,HIS,11100,151.80996279207528,0.0013886091718261333,0.033563211765922835
GEO,2014,HIS,11160,132.63811445472723,0.01974866287155194,0.5485631093657938
GEO,2015,HIS,10997,130.99229767281673,0.01042314507652882,0.21323286380924014
GEO,2016,HIS,10855,121.25543386831491,0.0020125696673019213,0.03926384269438812
GEO,2017,HIS,11587,143.19890898711776,0.012205952629329223,0.23424728044230533
GEO,2018,HIS,11051,129.10902945102916,0.00810506350192945,0.19329287918919733
GEO,2019,HIS,13868,116.44477017962417,0.0408264180153579,1.1853626093926017
GEO,2020,HIS,13308,108.31205278187494,0.0031756109936937824,0.08461197986941112
GEO,2021,HIS,13616,98.25298358592154,0.02818812922433459,0.5000876342480141
GEO,2022,HIS,13618,119.66739241127948,0.003309398413450513,0.08140278161850037
GHA,1991,GLSS-III,4523,34.21559568942664,0.004962571917913001,0.08894303201816524
GHA,1998,GLSS-IV,5997,67.06546234004936,0.0,0.0
GHA,2005,GLSS-V,8683,80.77788560084473,0.0039848482125919606,0.1867209657793837
GHA,2012,GLSS-VI,16767,127.82837924227502,0.007104487315154993,0.2414108066881748
GHA,2016,GLSS-VII,14001,163.34709818321878,0.00532029809283463,0.2781711807272856
GIN,1994,EIBC,4415,112.69864092735452,0.018463390277150202,0.6780603900756957
GIN,2002,EIBEP,7092,59.741416211380994,0.008609518939612789,0.24426943972510376
GIN,2007,ELEP,7548,56.94588332284322,0.005950178412380834,0.31688288390525554
GIN,2012,ELEP,7501,46.71029840738174,0.04523169513730841,0.6391126148730958
GIN,2018,EHCVM,8237,45.88560358378288,0.0,0.0
GMB,1998,HPS,1860,56.42164564450377,0.014356390706067914,0.7628211836305467
GMB,2003,HIS,2238,101.57635189421273,0.04406687498754815,1.9141216224967006
GMB,2010,IHS,4599,82.22435476345426,0.12687848452900277,3.8000740916241216
GMB,2015,IHS,13185,66.12703089569251,0.0019232932711442466,0.025162427178506447
GMB,2020,IHS,13483,83.61926790917003,0.031183133006469875,1.5808685558946975
GNB,1993,ICOF,3028,81.71213870729125,0.062468954808861485,1.5868984927069978
GNB,2002,ILAP-I,3212,34.4935946503765,0.050802222060994794,0.8523697808788803
GNB,2010,ILAP-II,3129,54.21482853080924,0.0,0.0
GNB,2018,EHCVM,5351,53.47297078492327,0.013491226245486829,0.20525561670503895
GNB,2021,EHCVM,5350,51.48317125763423,0.006633711620560101,0.10356736971430822
GRC,2004,EU-SILC,4650,503.14690737356995,0.019893026759613817,0.41020353068266857
GRC,2005,EU-SILC,4064,499.8801735523229,0.0,0.0
GRC,2006,EU-SILC,3988,526.8505593258784,0.011829108387401243,0.17354248916660112
GRC,2007,EU-SILC,4174,562.5003585972713,0.0,0.0
GRC,2008,EU-SILC,4515,512.6783346664665,0.022181482824259045,0.3177543806706521
GRC,2009,EU-SILC,4800,453.9542698403066,0.050596587685533274,0.7088962225345733
GRC,2010,EU-SILC,4788,467.26225911313134,0.003629477199835086,0.04490360245770497
GRC,2011,EU-SILC,4001,461.852293126364,0.0034473888832124546,0.05586295020635259
GRC,2012,EU-SILC,4712,449.3990791468047,0.015074364782931352,0.24878777259099555
GRC,2013,EU-SILC,4840,447.9677944217778,0.011588759181402479,0.381132012732796
GRC,2014,EU-SILC,5297,426.2519206747844,0.0,0.0
GRC,2015,EU-SILC,7892,412.7574139802341,0.02164664518927832,0.8919171409622839
GRC,2016,EU-SILC,8807,434.2275951483401,0.02083213168760984,0.9095206819669689
GRC,2017,EU-SILC,12216,383.9597109121844,0.0282051709029561,0.8639070312247926
GRC,2018,EU-SILC,11332,351.2862464484732,0.06951324351329204,1.6145322493894303
GRC,2019,EU-SILC,8103,347.2654393651739,0.06483682200542154,1.2324873530545455
GRC,2020,EU-SILC,9414,355.97132851003374,0.04526767619627021,0.8816968223010387
GRC,2021,EU-SILC,6996,356.6187806854033,0.030544713774043022,0.5397441767670338
GRC,2022,EU-SILC,5962,406.38285975608795,0.0025083884001863965,0.06992711826737383
GRD,2018,SLCHB,824,453.6085091616805,0.0,0.0
GTM,2000,ENCOVI,6516,413.84596189543925,0.03071098944517364,1.7313290961101384
GTM,2006,ENCOVI,12815,577.5894321780576,0.01825876231521106,1.4753851306717738
GTM,2014,ENCOVI,10530,265.9490720350149,0.0457640512093464,2.194052065843093
GUY,1998,GLSMS,1981,181.87688686606197,0.0,0.0
HND,1991,EPHPM,2722,205.9503126755057,0.00977004082497765,0.6103100418563309
HND,1992,EPHPM,1821,219.71035080345882,0.027803593470796834,1.350840678203679
HND,1993,EPHPM,1715,277.4922894539153,0.03825269006289767,2.7522540110240055
HND,1994,EPHPM,2070,376.02161124381934,0.0,0.0
HND,1995,EPHPM,2305,387.97621072679146,0.005481052723511006,0.423285168069179
HND,1996,EPHPM,2897,396.3733879857987,0.024635686293293046,1.95028019678423
HND,1997,EPHPM,3199,344.217860895409,0.028893983238470103,1.5931642482071713
HND,1998,EPHPM,3252,542.3277286115584,0.0,0.0
HND,1999,EPHPM,3439,516.7346538916005,0.0,0.0
HND,2001,EPHPM,6420,1078.224048744231,0.0,0.0
HND,2002,EPHPM,26270,723.8501359930441,0.0017153672124711008,0.14778295648175865
HND,2003,EPHPM,29116,828.4953554702344,0.0,0.0
HND,2004,EPHPM,10175,849.9832392371892,0.0,0.0
HND,2005,EPHPM,6628,1099.8671158716215,0.0069454603385998735,1.0861351092957654
HND,2006,EPHPM,18659,1056.1335942171902,0.006355726629746016,0.9612999667338791
HND,2007,EPHPM,19901,803.1191293665528,0.0022650026447236763,0.17148287766106374
HND,2008,EPHPM,19612,805.1260272467267,0.015239023096211082,1.8521783644008663
HND,2009,EPHPM,19250,694.7624627206587,0.004688125380991353,0.3611356549553225
HND,2010,EPHPM,6614,768.8139842504336,0.0,0.0
HND,2011,EPHPM,6502,669.3750124454028,0.0,0.0
HND,2012,EPHPM,6857,660.5233635496342,0.0,0.0
HND,2013,EPHPM,6939,569.2432920864826,0.0,0.0
HND,2014,EPHPM,5164,547.4387000381404,0.0,0.0
HND,2015,EPHPM,5587,536.8150765379119,0.0,0.0
HND,2016,EPHPM,5742,731.8209216356887,0.0,0.0
HND,2017,EPHPM,5001,547.0458837830519,0.008471040838439555,0.66310691372685
HND,2018,EPHPM,5673,626.5840208913158,0.0,0.0
HND,2019,EPHPM,3913,606.7924459931409,0.0,0.0
HRV,1998,HBS,3123,383.21525149433126,0.0,0.0
HRV,2004,HBS,2846,323.7261405229141,0.0,0.0
HRV,2008,HBS,3107,282.03967490291996,0.13959348708273525,1.9826315583017406
HRV,2009,HBS,3004,311.9536769591272,0.0,0.0
HRV,2010,EU-SILC,2731,319.6431804681522,0.0,0.0
HRV,2010,HBS,3458,210.3549834613764,0.0,0.0
HRV,2011,EU-SILC,4310,288.8619177012013,0.0,0.0
HRV,2012,EU-SILC,3866,292.1381035999679,0.0,0.0
HRV,2013,EU-SILC,3368,276.64427421693256,0.0,0.0
HRV,2014,EU-SILC,3510,275.36436104819285,0.0,0.0
HRV,2015,EU-SILC,4315,287.79191963479565,0.0,0.0
HRV,2016,EU-SILC,4999,264.96870346736796,0.0016810618384739805,0.03222074920677987
HRV,2017,EU-SILC,5146,275.9857174688492,0.0021738466145370646,0.03901658035987282
HRV,2018,EU-SILC,5306,257.1236595808553,0.00545765179666861,0.0849343573897568
HRV,2019,EU-SILC,4981,271.7162170410157,0.0071937903369244036,0.09596111168540397
HRV,2020,EU-SILC,4812,279.83906015380853,0.0,0.0
HRV,2021,EU-SILC,5499,330.87315134380793,0.009874193462964644,0.14166557586642237
HRV,2022,EU-SILC,5729,312.27848187446875,0.019241455471946892,0.2098102682243668
HTI,2001,ECVH,5041,145.19084589049288,0.01130855315716195,0.7293470383474582
HTI,2012,ECVMAS,9667,210.64402892012845,0.0,0.0
HUN,1998,HBS,10139,89.26576945244324,0.034284678439862076,0.2880458644611693
HUN,1999,HBS,10180,89.79729686524944,0.0790997418145939,1.9560269170617064
HUN,2000,HBS,10190,89.22441979013125,0.12462939926234856,1.5677696808738035
HUN,2001,HBS,10273,110.35006568650113,0.013002539968644792,0.12956656564965724
HUN,2002,HBS,9878,110.01617890396072,0.041467234355763154,0.36392274071786
HUN,2003,HBS,8311,166.0594863150791,0.012657338863934407,0.13264771276446896
HUN,2004,HBS,8694,157.9642465659972,0.016164207517177724,0.527800105967608
HUN,2005,EU-SILC,6419,154.08733160015078,0.14459728482350184,1.6440495412400793
HUN,2005,HBS,9055,169.51167586136074,0.0,0.0
HUN,2006,EU-SILC,6752,201.70833651814988,0.14713348611698265,2.0348221382878977
HUN,2006,HBS,8972,154.92269779036874,0.011541129915929168,0.11758124355153997
HUN,2007,EU-SILC,7980,163.57399456256724,0.04489039379870986,0.5698867437623891
HUN,2007,HBS,8545,156.8331090867416,0.04685570652944667,0.5426234645238601
HUN,2008,EU-SILC,8094,163.35325299143554,0.043909981707206745,0.4169224999285278
HUN,2009,EU-SILC,9214,163.725197815053,0.014662219868177543,0.1649344119221404
HUN,2010,EU-SILC,9193,154.4984968542805,0.006124732613339242,0.15181494250785277
HUN,2011,EU-SILC,10996,190.49626233468868,0.0019592236576256657,0.019655664974627052
HUN,2012,EU-SILC,10594,166.96808666124488,0.031776997096282254,0.29951845228849094
HUN,2013,EU-SILC,9313,190.8048668045615,0.01743588564030569,0.2591763199020172
HUN,2014,EU-SILC,7658,202.33964810736276,0.040964382168895405,0.5383332130215331
HUN,2015,EU-SILC,6462,208.27188166826664,0.028512438033812895,0.4205668790839069
HUN,2016,EU-SILC,6902,211.12604221324145,0.02657079591366069,0.3258331777181449
HUN,2017,EU-SILC,6858,223.1695272882715,0.05167270475283066,0.7149706269940512
HUN,2018,EU-SILC,7248,246.3132162274229,0.027883225551537702,0.5891876788384478
HUN,2019,EU-SILC,5898,238.10116527287357,0.07821428205745981,1.3592718686782093
HUN,2020,EU-SILC,5988,317.4484927687552,0.06495266414020752,2.210536829399568
HUN,2021,EU-SILC,6719,304.13974966069287,0.021934517943532402,0.2806855468102619
HUN,2022,EU-SILC,6601,273.44916944461244,0.05672272801567763,0.88966845757358
IDN,1993,SUSENAS,175021,19.041413199244083,0.11569434556538787,1.4086748061876977
IDN,1996,SUSENAS,183570,26.122943555357995,0.15722756497759163,2.1442847247835863
IDN,1998,SUSENAS,185813,16.47582625545833,0.10523871973011222,1.5926243196441112
IDN,1999,SUSENAS,190470,20.671035218111946,0.12803127041320406,3.222022506220344
IDN,2000,SUSENAS,179794,21.85673118310073,0.10952808274749434,1.2989017411725379
IDN,2001,SUSENAS,208450,23.867795616527534,0.11047371695766223,1.3147730097632313
IDN,2002,SUSENAS,9624,25.73201250153584,0.16362274540002406,1.3573817195005566
IDN,2003,SUSENAS,9907,28.574031602522584,0.05041377535091832,0.484880254016713
IDN,2004,SUSENAS,10016,30.29263130354279,0.04800977195475725,0.6250162513203734
IDN,2005,SUSENAS,10571,29.040625495163617,0.0765129951552533,0.818874046136521
IDN,2006,SUSENAS,9923,31.660168989646337,0.07421358071866924,1.7787171251152776
IDN,2007,SUSENAS,64540,39.62839925697773,0.06785798203834302,0.8875423227621141
IDN,2008,SUSENAS,66599,39.283319978479156,0.07675646360369673,1.1394963586566758
IDN,2009,SUSENAS,67033,38.42707992284979,0.10234087876731385,2.048026968076348
IDN,2010,SUSENAS,66374,56.37299914103773,0.029476973633560048,0.7269273277143827
IDN,2011,SUSENAS,71802,67.53348084002367,0.09592390205445964,2.2985092374514915
IDN,2012,SUSENAS,71013,66.1758571129397,0.08905410410433397,2.1103939662859057
IDN,2013,SUSENAS,70689,78.37717487704674,0.07417411582938455,1.621242951348704
IDN,2014,SUSENAS,70861,82.76883732896087,0.0670150614130873,1.4242545988514765
IDN,2015,SUSENAS,283944,71.0423157584723,0.10098282001733698,1.7349597686298233
IDN,2016,SUSENAS,289301,94.32541673368947,0.0077899139278088825,0.1550102184974515
IDN,2017,SUSENAS,295170,105.0715267564813,0.012834807504439074,0.2581284687400757
IDN,2018,SUSENAS,292930,104.58385381760363,0.024317751335641926,0.5379873652257652
IDN,2019,SUSENAS,312827,100.09875235256,0.03489357871761898,0.6906673668313177
IDN,2020,SUSENAS,331232,99.76546814552896,0.01999791247912715,0.40020725577608696
IDN,2021,SUSENAS,336378,92.63965043750291,0.037168558897755055,0.7133745165950344
IDN,2022,SUSENAS,336232,80.86850861172384,0.06475567560216752,1.0837825693689718
IDN,2023,SUSENAS,338733,78.27671509765706,0.10459726814415929,1.6031218778277456
IND,1993,NSS-SCH1,81241,21.933599739709635,0.13256123468072387,2.1636383056796262
IND,2004,NSS-SCH1,73247,26.429355814056006,0.21032298305865796,3.1293662227306847
IND,2009,NSS-SCH1,49245,29.546526164667288,0.2124485227469254,4.067622802238922
IND,2011,NSS-SCH1,55206,36.755991289807405,0.2185447909059927,3.5876417475101166
IND,2015,CPHS,4458653,32.53271669783261,0.1801135405840328,2.1810071079099957
IND,2016,CPHS,4666600,33.57789836265162,0.18569812660152615,2.209640562684948
IND,2017,CPHS,5020899,39.70242723394794,0.15356175568368255,1.8418446509113797
IND,2018,CPHS,4869314,48.036478564536495,0.036043124919485935,0.4644155763820581
IND,2019,CPHS,2437272,66.41270113506891,6.30949028237756e-05,0.0009529623297218579
IND,2020,CPHS,2280682,59.418238183830255,0.00045563881326291883,0.0066329687197915895
IND,2021,CPHS,2301660,60.12449267859384,0.00028784489338843744,0.004048894747089728
IRL,2004,EU-SILC,5300,468.2789520417639,0.10386157540939323,1.440906548754503
IRL,2005,EU-SILC,5955,493.176210576003,0.14362908628980836,2.604252994621367
IRL,2006,EU-SILC,5733,487.821884520725,0.08930484365543741,2.405739986300128
IRL,2007,EU-SILC,5561,578.3492660295892,0.043013962326319106,0.937075258950688
IRL,2008,EU-SILC,5214,517.7590202025817,0.03367790066489764,0.5347563985475359
IRL,2009,EU-SILC,5138,434.4993881349864,0.07067741700726396,0.7655672257817944
IRL,2010,EU-SILC,4418,525.2325537910489,0.019418694928746937,0.28892218557918775
IRL,2011,EU-SILC,4069,497.0135758492283,0.013481895992125223,0.1984653143213059
IRL,2012,EU-SILC,4294,479.43322312573076,0.025827937547172164,0.3779090600682884
IRL,2013,EU-SILC,4600,477.9574933374417,0.052835725255306026,0.8946797779535633
IRL,2014,EU-SILC,5204,486.8596321355377,0.03304453545971978,0.4987035674536865
IRL,2015,EU-SILC,5095,493.3271230041737,0.044932830481230264,0.5804930373997627
IRL,2016,EU-SILC,5124,456.7289810327691,0.10535376792159587,1.4893087919117782
IRL,2017,EU-SILC,4937,532.0478015853572,0.012589887236559046,0.6345059594308481
IRL,2018,EU-SILC,3678,495.9289983804303,0.07066167440593941,1.7495548342988991
IRL,2019,EU-SILC,3555,424.55929188880003,0.14749323015422736,1.7205096114347769
IRL,2020,EU-SILC,3601,488.4305717788628,0.21163782406205706,2.767909249930149
IRL,2021,EU-SILC,4053,499.88775909816053,0.11325483039967854,1.3955977889292828
IRL,2022,EU-SILC,4036,477.5837530063815,0.1597259162507796,2.2925979567360364
IRN,2005,HEIS,26761,413.8356601893918,0.0,0.0
IRN,2006,HEIS,30724,519.1020547380682,0.00043858136918508735,0.0188623018664674
IRN,2009,HEIS,36252,443.43795650027005,0.0010401761626196127,0.066788366728819
IRN,2011,HEIS,38467,192.43780149017314,0.015467036977750714,0.39132075651782794
IRN,2012,HEIS,38156,180.11076769231482,0.03129087880990973,0.5516836668276432
IRN,2013,HEIS,38261,165.5711664513992,0.015988629904074143,0.252665272632603
IRN,2014,HEIS,38227,164.5829184509276,0.015866635030549314,0.2788511634146005
IRN,2015,HEIS,38201,167.59799002876252,0.01863892470904603,0.3367120419248886
IRN,2016,HEIS,38102,179.64937596944094,0.019738890888455898,0.2992254962019768
IRN,2017,HEIS,37920,219.58111746799403,0.014959475992778934,0.3388023222265424
IRN,2018,HEIS,38915,209.01060368038864,0.011323161921402114,0.2827536447570612
IRN,2019,HEIS,38290,183.34040857587178,0.010812200424895549,0.2796048305679861
IRN,2020,HEIS,37526,174.60520666248036,0.0013631251852079722,0.020911727468451526
IRN,2021,HEIS,37938,189.08441668195252,0.0,0.0
IRN,2022,HEIS,37918,185.1174234179926,0.0048151735909195865,0.07745812428456438
IRQ,2006,IHSES,17492,84.75536916367122,0.03434554948191091,0.3263867644966372
IRQ,2012,IHSES,24923,106.68712289440572,0.012805326507187567,0.14941137399883056
ISL,2004,EU-SILC,2847,294.8863062624372,0.23243393093007703,2.0765127901830662
ISL,2005,EU-SILC,2901,302.2124627766634,0.2069328406688947,2.5105207003236454
ISL,2006,EU-SILC,2818,346.44559074068724,0.23877636825459306,2.642349807645149
ISL,2007,EU-SILC,2863,407.5745611248637,0.26723082110554686,2.9211712642683443
ISL,2008,EU-SILC,2876,428.3825062449785,0.16321676104368782,1.8127080374479643
ISL,2009,EU-SILC,2886,480.64154733730953,0.3062356542871778,3.086687110980949
ISL,2010,EU-SILC,3008,368.5435526428916,0.16550991243791147,1.4414818210205327
ISL,2011,EU-SILC,3001,297.93830264812146,0.11954304762864235,1.293587558626795
ISL,2012,EU-SILC,3070,342.55447237856026,0.1049036654806048,1.015433119884098
ISL,2013,EU-SILC,3009,341.76463478846904,0.10432960770387245,1.0835707429862091
ISL,2014,EU-SILC,2987,339.58100590529693,0.10392148313356553,0.8778375981543636
ISL,2015,EU-SILC,2928,352.22067960734535,0.19311309512836958,2.919345924317619
ISL,2016,EU-SILC,2832,375.3961996054503,0.07668389860836453,1.3020725537133149
ISL,2017,EU-SILC,2883,399.0863996130252,0.20198892978512947,2.099991090109265
ISL,2018,EU-SILC,2956,422.1969606717554,0.12460512731387514,1.3638954509941634
ITA,2004,EU-SILC,20050,616.3134518133843,0.0375996514200662,0.6729294456549539
ITA,2005,EU-SILC,18571,596.8861188447595,0.04976826363723988,0.8313547080363194
ITA,2006,EU-SILC,18205,636.1764646972773,0.013341798966074358,0.2672834486458611
ITA,2007,EU-SILC,18024,619.2175223525217,0.022646460580696037,0.40036416914887535
ITA,2008,EU-SILC,18079,599.5170800955349,0.028878093028697087,0.4668551185255915
ITA,2009,EU-SILC,17677,607.8205492828899,0.024668634449616547,0.4440530044426463
ITA,2010,EU-SILC,16726,632.6560800628681,0.02677594377120283,0.46565432534258044
ITA,2011,EU-SILC,17037,598.9660906556088,0.039781793027844556,0.8969839420932865
ITA,2012,EU-SILC,17026,634.0605732126851,0.019209401910611393,0.3907354243555317
ITA,2013,EU-SILC,16218,597.9315257344311,0.025785389255982522,0.6978958716892169
ITA,2014,EU-SILC,17154,618.6320162951386,0.010706813301272678,0.1805729801557297
ITA,2015,EU-SILC,15915,618.0350676891518,0.004768953094175247,0.11148498652717806
ITA,2016,EU-SILC,18171,704.2705957233278,0.007444965990667745,0.14512272801169762
ITA,2017,EU-SILC,18672,679.1391448305434,0.0105499587491245,0.34128078173746457
ITA,2018,EU-SILC,17847,713.6641962361163,0.009223969686763263,0.28068696888933603
ITA,2019,EU-SILC,17581,695.1192832486354,0.0035432006992740673,0.05768906420566315
ITA,2020,EU-SILC,12514,680.4889468230202,0.002392384879907396,0.037731600902393185
ITA,2021,EU-SILC,15985,735.5009824393982,0.0003983976367183548,0.0065036591542920715
ITA,2022,EU-SILC,19044,727.8706972292671,0.009566655940265689,0.3361508349796663
JAM,1990,SLC,1820,194.29624533163002,0.013848497438027975,0.3255931332619511
JAM,1996,SLC,1822,159.36575106867087,0.027296711612378458,0.6769813911005741
JAM,1999,SLC,1865,266.915588180469,0.045921759395923,1.5169951403313178
JAM,2002,SLC,6969,451.82801333062827,0.013222355777137408,0.7483261486881577
JAM,2004,SLC,1981,369.3355506158151,0.0,0.0
JAM,2018,JSLC,4543,269.5772881684315,0.0,0.0
JAM,2021,JSLC,2187,491.28618040457155,0.0,0.0
JOR,2002,HEIS,11977,180.110081879984,0.031800502525210605,0.5191602567465886
JOR,2006,HEIS,11636,154.96034774438837,0.04657892385243614,0.6486720311877687
JOR,2008,HEIS,10946,144.57695000655153,0.004131102301953464,0.048627379091276575
JOR,2010,HEIS,11215,174.62734518294715,0.01519938535791262,0.23236839806124507
KAZ,1996,LSMS,1993,118.25344294933062,0.0,0.0
KAZ,2001,HBS,47534,95.06805918112653,0.00746788713917289,0.18871221880712494
KAZ,2002,HBS,47150,85.93653836537923,0.029132684312647848,0.5056183396896263
KAZ,2003,HBS,47231,90.86257611017766,0.010557719372572374,0.2151271434705165
KAZ,2004,HBS,47222,77.06116999832494,0.04435019745371973,0.7135078428067626
KAZ,2005,HBS,46851,176.99551509403403,0.0031934958249786828,0.0867818708676683
KAZ,2006,HBS,11995,66.97796578559682,0.11469650177426126,1.5213772532026233
KAZ,2007,HBS,11993,83.53123538271242,0.07993049980478847,1.1699600413644249
KAZ,2008,HBS,11996,75.8358357546595,0.022200024374766526,0.42026340393135864
KAZ,2009,HBS,47581,76.45749921506051,0.04223369843988143,0.5935307102938239
KAZ,2010,HBS,47727,79.20360310448693,0.031451960050617275,0.4318410980692029
KAZ,2011,HBS,46826,98.33726421904244,0.035807416918883464,0.4117585333840448
KAZ,2012,HBS,47089,105.94158345556293,0.0163836003566826,0.24007154599881556
KAZ,2013,HBS,47535,97.66650456739812,0.036836988496538096,0.4691121268582144
KAZ,2014,HBS,47546,91.36769338292802,0.06570149447905492,0.8835161931744464
KAZ,2015,HBS,47260,84.64583420120195,0.06506713927682271,0.9441970178407612
KAZ,2016,HBS,47429,81.12922124172393,0.02983983122369938,0.44447872922090315
KAZ,2017,HBS,47455,88.4840748940589,0.03577704440530216,0.3926992041323644
KAZ,2018,HBS,47267,90.8724627333339,0.045485850998189116,0.4635203031255895
KAZ,2019,HBS,46273,90.6335746122304,0.047324862729773175,0.49431643647020723
KAZ,2020,HBS,47124,98.48438795604113,0.03881547382037186,0.5113454599083379
KAZ,2021,HBS,47220,101.22919225702252,0.08917566832446697,1.168914092966919
KEN,1994,WMS-II,10464,98.84767227220664,0.05649551156029662,1.9107371794175338
KEN,1997,WMS-III,10068,107.40097672817633,0.01126984579691344,0.47015859835271195
KEN,2005,IHBS,13151,95.45581838064463,0.0702979863998735,2.110641177535009
KEN,2015,IHBS,21759,83.70391837825488,0.008385552714788556,0.6930125667909461
KEN,2020,KCHS,19670,48.00482771468736,0.008794937842431585,0.15016484662295862
KEN,2021,KCHS,16960,43.89493977375301,0.04588864145977857,1.3538309868950602
KGZ,1998,KPMS,2814,175.70900495463513,0.0331801877950191,1.467449079475875
KGZ,2000,HBS,2789,30.08471382399231,0.0,0.0
KGZ,2001,HBS,2857,32.46971937438643,0.0,0.0
KGZ,2002,HBS,2846,32.502647429237165,0.0,0.0
KGZ,2003,HBS,1081,34.41581530088744,0.0,0.0
KGZ,2004,KIHS,4625,67.8440380054399,0.0,0.0
KGZ,2005,KIHS,19067,48.638998087861445,0.0229509246921244,0.5443372395028876
KGZ,2006,KIHS,19443,97.23779575270811,0.03666701643350003,0.7812695944474044
KGZ,2007,KIHS,19201,73.97925358754428,0.009948883703920466,0.1658395571261954
KGZ,2008,KIHS,19760,65.03094395765872,0.0396408073262035,0.49204444658953295
KGZ,2009,KIHS,19729,56.685997732559045,0.07192693843837741,0.8868528034016617
KGZ,2010,KIHS,19558,49.843133375190135,0.07889588595248279,0.9987136020005402
KGZ,2011,KIHS,19810,46.135329617818705,0.07197446461724205,0.6739359610785175
KGZ,2012,KIHS,19836,39.98543717742877,0.07048760555411321,0.6089055864783256
KGZ,2013,KIHS,19837,48.478331718407674,0.02998166032629615,0.40227591283430086
KGZ,2014,KIHS,19837,42.79250612190322,0.09840497018638021,1.0441061943145309
KGZ,2015,KIHS,19949,41.752026006120595,0.24867899949290936,2.3933057065614087
KGZ,2016,KIHS,19963,40.950662692489296,0.04764058318151903,0.4637341975142976
KGZ,2017,KIHS,19969,43.7354114621856,0.12018460107633261,1.1944641511047704
KGZ,2018,KIHS,19948,48.21775646679923,0.08866787446932707,0.9262244113438189
KGZ,2019,KIHS,19982,48.55212745128715,0.3307945642514898,3.3503666273381647
KGZ,2020,KIHS,19868,54.343513131960044,0.06515023902668547,0.6850315666310659
KGZ,2021,KIHS,19920,54.42980106509863,0.08656741441126156,0.9931283353202671
KGZ,2022,KIHS,19743,52.550301544965016,0.023723047197628345,0.22333032704337893
KIR,2006,HIES,1161,72.93474783413062,0.008133715134823841,0.12675558212322163
KIR,2019,HIES,2182,51.44330037725077,0.0073532171493293184,0.07390982445202213
LAO,1992,LECS,2877,42.21680184314401,0.06892632862298793,1.0186826366929143
LAO,1997,LECS,8864,27.45588605738369,0.1952774593731663,2.6537924222642273
LAO,2002,LECS,8070,34.79284030495129,0.08185106504147485,1.1246930174088103
LAO,2007,LECS,8281,43.04730983665664,0.0734148876164176,1.4636008508654763
LAO,2012,LECS,8223,63.633346258779866,0.06950436113825471,0.9504781595907809
LAO,2018,LECS,8449,94.47651263778705,0.05375679328806486,1.2376363750855743
LBN,2011,HBS,2746,324.99989107695194,0.0,0.0
LBR,2007,CWIQ,3594,34.152798526921956,0.03878565695450425,0.6652141434659037
LBR,2014,HIES,4084,50.10879524503252,0.0011711636928107864,0.02474016786684758
LBR,2016,HIES,8342,56.3996930783035,0.011088300989538086,0.38482286107706926
LCA,2015,SLCHBS,2444,707.3480006487777,0.0,0.0
LKA,1990,HIES,18152,36.501866078083516,0.2035003995424901,2.6572276598332474
LKA,1995,SES,18768,54.974156723081784,0.061999828407148176,0.8900187212823324
LKA,2002,HIES,16909,81.0371301487136,0.08202630814609173,1.5439690126316539
LKA,2006,HIES,18535,94.6329179369526,0.10634339344488845,2.442946897829389
LKA,2009,HIES,19944,74.69855479430855,0.11073545823717601,2.2127236243309585
LKA,2012,HIES,20523,94.16251595436663,0.12597863611667173,2.7203898472698818
LKA,2016,HIES,21735,108.07455108408871,0.1767071427067599,3.092368778608277
LKA,2019,HIES,19899,111.5196981875604,0.1110230874584289,1.8878420573831876
LSO,1994,NHECS,4574,1277.3954854022577,0.0,0.0
LSO,2002,HBS,5832,145.1131863103519,0.005100662980070809,0.5719754345777365
LSO,2017,CMSHBS,4294,190.17654291758186,0.0,0.0
LTU,1998,HBS,8264,131.83499533633696,0.03630907634576059,0.5475310481625189
LTU,1999,HBS,8248,125.27095592285593,0.06090048601874468,1.0274775747994316
LTU,2000,HBS,7111,126.32552871697149,0.0,0.0
LTU,2001,HBS,8000,134.8704037631291,0.0,0.0
LTU,2002,HBS,8025,128.23199455877344,0.00887115482827705,0.14313014385858175
LTU,2003,HBS,7825,207.5712388361587,0.014339940022943679,0.22814215327966356
LTU,2004,HBS,7965,220.839431101018,0.003491732881585408,0.061609934528074735
LTU,2005,EU-SILC,3852,193.5721095021915,0.0,0.0
LTU,2006,EU-SILC,4061,177.77691720825297,0.0037047041574215633,0.04030690452992312
LTU,2007,EU-SILC,4131,203.39598224849857,0.02451420553954916,0.30888147018290263
LTU,2008,EU-SILC,4597,266.51519230320076,0.04752427607940828,0.659106355302862
LTU,2008,HBS,6101,324.8700869015535,0.034954730105317106,0.6645402129635773
LTU,2009,EU-SILC,4812,295.887762674189,0.05792204714555561,0.7300478819532152
LTU,2010,EU-SILC,5227,330.8335750072475,0.030617475183771413,0.5580025693720148
LTU,2011,EU-SILC,5122,267.1155124871098,0.0,0.0
LTU,2012,EU-SILC,5306,246.05698878739108,0.0,0.0
LTU,2013,EU-SILC,5075,300.3648569002358,0.0,0.0
LTU,2014,EU-SILC,5125,321.67473843928735,0.0,0.0
LTU,2015,EU-SILC,4785,383.4500570147726,0.026184311848320856,0.5512699446989986
LTU,2016,EU-SILC,4739,385.04015261431664,0.010806128729645554,0.16917329073467063
LTU,2017,EU-SILC,4897,424.38028260992496,0.04624993930231446,0.9215064484337676
LTU,2018,EU-SILC,4848,478.61722196346227,0.026288941139380125,0.7117364105811855
LTU,2019,EU-SILC,5080,440.0536380055521,0.022766003597387185,0.4229402918463263
LTU,2020,EU-SILC,5107,455.60210199140835,0.03388585644578213,0.6196383676865479
LTU,2021,EU-SILC,5617,477.820120552,0.07229140712577342,0.8938281612601852
LTU,2022,EU-SILC,5913,560.7150948116782,0.026389019812682785,0.4947969526073392
LUX,2004,EU-SILC,3514,759.1656217281491,0.0,0.0
LUX,2005,EU-SILC,3562,773.9309499404245,0.05024326534114479,0.6057105746222858
LUX,2006,EU-SILC,3787,737.686617228966,0.0018644136725759675,0.09143095232366029
LUX,2007,EU-SILC,3827,785.5380633396054,0.04495905322512859,0.7162087172382415
LUX,2008,EU-SILC,3745,780.8118961392787,0.03863636530229668,0.5489954748253695
LUX,2009,EU-SILC,4160,852.7212736686394,0.04013009028698321,0.6361279201465083
LUX,2010,EU-SILC,4791,940.0433599829304,0.02539682754288051,0.518675328041584
LUX,2011,EU-SILC,5293,870.8859371663766,0.0017253804487128218,0.022498944513924896
LUX,2012,EU-SILC,5827,1010.0121040794875,0.01852631104941026,0.34965463761571514
LUX,2013,EU-SILC,3681,1240.7564053595447,0.04317820064219412,1.308385262065944
LUX,2014,EU-SILC,3795,1059.1563310220222,0.0,0.0
LUX,2015,EU-SILC,3381,878.268366559186,0.0,0.0
LUX,2016,EU-SILC,3803,951.0644837029585,0.05886662301318244,0.8098499046806861
LUX,2017,EU-SILC,3948,997.98903256335,0.0,0.0
LUX,2018,EU-SILC,3807,1222.5168403176538,0.0190680768509932,0.5711616331737577
LUX,2019,EU-SILC,3805,1224.8741066307584,0.01987775685233383,0.3762547567669182
LUX,2020,EU-SILC,2769,1369.4010129337353,0.0,0.0
LUX,2021,EU-SILC,4060,1506.130138590119,0.0,0.0
LUX,2022,EU-SILC,3839,1282.1743388134782,0.0,0.0
LVA,1997,HBS,1951,121.96347942821986,0.0,0.0
LVA,1998,HBS,5709,109.31328702439421,0.03223113404825304,0.348644422002894
LVA,2002,HBS,3948,166.82856851477322,0.013845144346554894,0.3377457437082008
LVA,2003,HBS,3631,214.5250106750304,0.0,0.0
LVA,2004,HBS,3913,211.48515969177413,0.0,0.0
LVA,2005,EU-SILC,2944,148.02932425805508,0.1156312824038959,1.6431474187182773
LVA,2006,EU-SILC,3874,235.02139467607773,0.017281514474160486,0.31077506417474193
LVA,2007,EU-SILC,4236,281.3946089542678,0.0,0.0
LVA,2007,HBS,3565,331.9780875453637,0.0,0.0
LVA,2008,EU-SILC,4995,453.41540364961133,0.008654074954122603,0.21319772332293974
LVA,2008,HBS,4002,335.3150367504811,0.021900302070680087,0.5706344711182533
LVA,2009,EU-SILC,5571,399.5715019701904,0.015779069567617238,0.3170696605097284
LVA,2009,HBS,4358,258.9601557022803,0.016697244567504963,0.25744409544282765
LVA,2010,EU-SILC,6047,268.55455799397504,0.0,0.0
LVA,2011,EU-SILC,6356,264.8355185135818,0.0,0.0
LVA,2012,EU-SILC,6287,244.08518533220325,0.0,0.0
LVA,2013,EU-SILC,6157,268.6943971546198,0.0,0.0
LVA,2014,EU-SILC,6029,287.07401707463407,0.0,0.0
LVA,2015,EU-SILC,6026,287.6252526591929,0.015527438093260433,0.2311598932233802
LVA,2016,EU-SILC,5945,313.71563863397074,0.018506549829360168,0.31122898766416496
LVA,2017,EU-SILC,5928,379.53203642544173,0.006920845684123193,0.10490778503664001
LVA,2018,EU-SILC,5752,433.64908938210505,0.005529583273974313,0.10516165177473594
LVA,2019,EU-SILC,5223,448.90994796077683,0.0,0.0
LVA,2020,EU-SILC,6030,406.2947894827055,0.008543860992703203,0.14552189275239616
LVA,2021,EU-SILC,6493,486.76518464841155,0.01933682516019571,0.7433026585518313
LVA,2022,EU-SILC,5770,480.46155536815445,0.008607011337900712,0.19864319752502752
MAR,1990,ENNVM,2880,157.55738990004886,0.015338909352612744,0.3477601731189609
MAR,1998,ENNVM,5066,114.12056235400453,0.0,0.0
MAR,2000,ENCDM,13545,114.83411523442167,0.052074310855627505,1.1660792152497799
MAR,2006,ENNVM,5977,117.53623300849952,0.08417025226517934,1.4878761232268505
MAR,2013,ENCDM,15867,148.64407996065503,0.03033120334758873,0.5735456046612359
MDA,1997,HBS,4408,89.26129150863107,0.021160541556069678,0.3749128734766483
MDA,1998,HBS,6304,84.16702241731294,0.050487229167732864,1.1736730376613782
MDA,1999,HBS,6071,64.98565780425798,0.0747523770089772,1.3716995929793767
MDA,2000,HBS,6217,51.77674482695063,0.006870433546486081,0.25364566510088793
MDA,2001,HBS,6212,66.27760338179861,0.0,0.0
MDA,2002,HBS,6155,82.41266973953877,0.011392473546647837,0.22103064639244344
MDA,2003,HBS,6121,81.15288940058088,0.008970939113754337,0.14175075142266422
MDA,2004,HBS,6119,77.06879619827903,0.0057035621659491725,0.07235060950167874
MDA,2005,HBS,4563,79.70626474466654,0.0,0.0
MDA,2006,HBS,5739,147.09170211883796,0.0,0.0
MDA,2007,HBS,6052,153.95752687642567,0.011284336797713299,0.16605776327620395
MDA,2008,HBS,6132,135.38704755752593,0.02068270017286422,0.30067145515200594
MDA,2009,HBS,5531,145.62958234439733,0.0,0.0
MDA,2010,HBS,5454,118.91423673159036,0.031429347962059255,0.41290160790147373
MDA,2011,HBS,5672,113.74710702566793,0.025254633941873193,0.4902786117638162
MDA,2012,HBS,5483,96.279679898601,0.0,0.0
MDA,2013,HBS,5081,102.89545561734548,0.03849566015801114,0.4290563353146016
MDA,2014,HBS,4884,91.87054589540486,0.019863213092363795,0.17136858539234004
MDA,2015,HBS,5069,88.04596890027845,0.050439839594840406,0.46438859117280706
MDA,2016,HBS,4965,69.00085806192754,0.14639125347044613,1.6610153078649497
MDA,2017,HBS,5149,79.639262336692,0.0,0.0
MDA,2018,HBS,5140,77.15115817585585,0.05883670450199259,0.46528579495051214
MDA,2019,HBS,4408,84.80347903129359,0.01747431741602295,0.12605092549912822
MDA,2021,HBS,4078,75.29452395509892,0.12496914441462498,0.8778201977852587
MDG,1993,EPM,4501,31.980855702235825,0.2723945318042228,8.808477206084754
MDG,1997,EPM,6345,39.334691040130366,0.022236292755834594,0.5820019100778117
MDG,1999,EPM,5120,44.98095765099286,0.0,0.0
MDG,2001,EPM,5079,64.31682365182525,0.0019020669148417195,0.06793074128611885
MDG,2005,EPM,11777,25.748570241978474,0.1378820646334278,2.711509508777419
MDG,2010,EPM,12453,25.39359092037716,0.06619904762421519,2.2358325001714445
MDG,2012,ENSOMD,16903,28.210608703800652,0.011751322679166997,0.22523494297578547
MDV,2002,HIES,834,63.891703555340925,0.3232300490066554,11.824635395117106
MDV,2009,HIES,1903,134.47144949894505,0.008664507879721327,0.13366718373951578
MDV,2016,HIES,4892,184.06665508726456,0.0,0.0
MDV,2019,HIES,4720,177.9098348805169,0.0,0.0
MEX,1984,ENIGH,4672,331.326290912522,0.0024098918635928257,0.09547187840888588
MEX,1989,ENIGH,10539,265.23822185475524,0.0315211816977457,2.981325930363853
MEX,1992,ENIGH,10259,397.71685522867193,0.04903275329050349,2.4496110116415575
MEX,1994,ENIGH,12440,489.9212436264317,0.01320105635948381,0.7668173328908751
MEX,1996,ENIGH,13672,334.1671255324062,0.015918478878789045,1.2780270877514326
MEX,1998,ENIGH,10630,453.8790226971717,0.005741812931436915,0.8548565435614949
MEX,2000,ENIGH,9895,453.5587177331808,0.020137682842054132,0.9315314750855381
MEX,2002,ENIGH,16433,403.8239219947737,0.0,0.0
MEX,2004,ENIGH,21394,370.5837624979989,0.03419308356698149,2.2285404596213017
MEX,2005,ENIGH,21964,420.76317091772694,0.08104426282025108,3.7920499652950337
MEX,2006,ENIGH,20043,376.71013337905504,0.02792204353094802,0.9889688839410882
MEX,2008,ENIGH,28560,506.1173978359514,0.009058927517514618,1.1655489677987736
MEX,2010,ENIGH,26637,355.01547941537075,0.024881358125227196,0.8524464698126349
MEX,2012,ENIGH,8702,399.1251632514188,0.02099676877685427,1.0425510673313827
MEX,2014,ENIGH,19025,314.0561771738897,0.03959317267540969,1.2169987075014237
MEX,2016,ENIGHNS,68154,343.7680235636466,0.040841413140913635,1.9024303246860335
MEX,2018,ENIGHNS,72369,307.251336295696,0.0737194602953882,2.6286310130930524
MEX,2020,ENIGHNS,86139,311.73664407523256,0.036345835917647604,1.4979358468133852
MEX,2022,ENIGHNS,87138,317.32319963942217,0.05479491973927039,1.8484002654728184
MHL,2019,HIES,873,160.0515166856753,0.0,0.0
MKD,2000,HBS,1025,117.80554826374625,0.00706922283562596,0.13091474312329887
MKD,2002,HBS,4091,247.8828567929282,0.0,0.0
MKD,2003,HBS,4241,225.6920314311317,0.0,0.0
MKD,2004,HBS,4070,294.3605375313839,0.019110220579353018,0.4937212532891094
MKD,2005,HBS,4212,337.4219365017781,0.0,0.0
MKD,2006,HBS,4211,316.6156908580801,0.02812824870759643,1.2630365749211674
MKD,2008,HBS,3991,523.9934541863985,0.0,0.0
MKD,2010,SILC-C,1874,344.30417394349445,0.0,0.0
MKD,2011,SILC-C,1874,270.35734953703655,0.0,0.0
MKD,2012,SILC-C,3485,302.38111101274654,0.0,0.0
MKD,2013,SILC-C,3315,264.8185681571568,0.0,0.0
MKD,2014,SILC-C,3157,239.43336281058825,0.0,0.0
MKD,2015,SILC-C,3535,226.1609758459837,0.0,0.0
MKD,2016,SILC-C,3689,251.71533987019163,0.0,0.0
MKD,2017,SILC-C,3813,240.82559839542418,0.0,0.0
MKD,2018,SILC-C,4113,249.56278123675511,0.0,0.0
MKD,2019,SILC-C,4177,252.25377924865606,0.0,0.0
MKD,2020,SILC-C,4478,293.0400543764006,0.0,0.0
MLI,1994,EMCES,9066,44.27755149871249,0.03012011842888635,1.653469914188015
MLI,2001,EMEP,4966,60.7641390332604,0.0,0.0
MLI,2006,ELIM,4493,47.488802294715754,0.0064947917453145355,0.15677805550653937
MLI,2009,ELIM,9035,35.77634720427334,0.00014006579183229535,0.0032311600319011855
MLI,2018,EHCVM,6602,74.23203591952188,0.0,0.0
MLI,2021,EHCVM,6143,56.72994537728053,0.00028529684214110743,0.004457779554621983
MLT,2007,EU-SILC,3469,299.2069167651031,0.0,0.0
MLT,2008,EU-SILC,3350,372.35986836293483,0.0,0.0
MLT,2009,EU-SILC,3622,402.0622711439909,0.011704561735588918,0.12183841278307925
MLT,2010,EU-SILC,3759,374.6146125565626,0.014647897222062042,0.2119660162576908
MLT,2011,EU-SILC,4064,366.7134606739969,0.0,0.0
MLT,2012,EU-SILC,4337,338.9998152861955,0.07611318053198171,0.816367155081417
MLT,2013,EU-SILC,4373,341.2105212009621,0.08936273271799554,1.2086345041299786
MLT,2014,EU-SILC,4376,353.29082739784684,0.04239201602014234,0.5212132270774318
MLT,2015,EU-SILC,4230,376.7612999860113,0.04431646411570898,0.6147105090457474
MLT,2016,EU-SILC,4085,404.4251990845764,0.03329375106312573,0.36609913934424165
MLT,2017,EU-SILC,3895,428.09905659885766,0.010595256693184204,0.09833454961975115
MLT,2018,EU-SILC,3820,414.6188411468841,0.0,0.0
MLT,2019,EU-SILC,3756,432.2598845887617,0.02704085241286983,0.3187339379735142
MLT,2020,EU-SILC,3792,514.3233254165978,0.05377188900773931,0.8991169671775832
MLT,2021,EU-SILC,4024,539.5196544987065,0.06113454228807093,0.8477869303794482
MMR,2015,MPLCS,3648,67.32987378704806,0.27278608225283874,7.422400880498472
MMR,2017,MLCS,13718,53.313237955447725,0.11215307163409616,1.5192835338038826
MNE,2005,HBS,1326,133.45602536026232,0.0,0.0
MNE,2006,HBS,1300,160.06048071425775,0.0,0.0
MNE,2007,HBS,1090,228.3091496508037,0.0,0.0
MNE,2008,HBS,1192,186.81704642109764,0.0,0.0
MNE,2009,HBS,1223,160.61215390652615,0.026004124171602007,0.26679663300467
MNE,2010,HBS,1250,184.79384790262188,0.020294928809102112,0.24106249191002635
MNE,2011,HBS,1287,167.80272061008617,0.0,0.0
MNE,2012,HBS,1263,201.80704640556002,0.0,0.0
MNE,2013,HBS,1198,208.4389696377338,0.0,0.0
MNE,2013,SILC-C,2620,624.3942633094077,0.0,0.0
MNE,2014,HBS,1290,194.84509991743226,0.0,0.0
MNE,2014,SILC-C,2450,471.29624131221385,0.0,0.0
MNE,2015,SILC-C,2992,482.0252382997568,0.0,0.0
MNE,2016,SILC-C,2658,412.3959474932381,0.0,0.0
MNE,2017,SILC-C,2815,371.56356302925434,0.011304253871198511,0.26435299905615356
MNE,2018,SILC-C,3261,326.9556339610094,0.0,0.0
MNE,2019,SILC-C,3418,368.45850434283795,0.0,0.0
MNE,2020,SILC-C,3495,357.2578707799143,0.0,0.0
MNE,2021,SILC-C,3584,324.0722505298634,0.005732342749833382,0.111965425925724
MNE,2022,SILC-C,3634,316.09971675886806,0.009654393252864381,0.1620575635066081
MNG,2002,HIES-LSMS,3307,75.91690236425728,0.0,0.0
MNG,2007,HSES,11170,131.95240369401077,0.00962674499534092,0.2572725502431692
MNG,2010,HSES,11190,105.93977913237534,0.008390028473631099,0.29459456897824554
MNG,2011,HSES,11206,117.56409056141796,0.028074230268704252,0.608537745119038
MNG,2012,HSES,12801,143.37540548434282,0.019213309378777087,0.36006860118343015
MNG,2014,HSES,16165,118.38008197684827,0.040720180233800675,0.6326569025432107
MNG,2016,HSES,16444,100.92602346373317,0.0563403865841737,0.7867158826482167
MNG,2018,HSES,16444,119.15835139141126,0.025399832583633215,0.4564560956046921
MNG,2022,HSES,22985,134.4837921109178,0.0,0.0
MOZ,1996,NHS,8248,47.73941155161291,0.042284862386123064,1.9158857895431585
MOZ,2002,IAF,8697,26.419828252900725,0.25375297008326597,6.765720640630797
MOZ,2008,IOF,10832,41.84605647251491,0.1362693633443554,3.882457066757365
MOZ,2014,IOF,32454,63.790929504179296,0.18900954609303236,8.03678531002836
MOZ,2019,IOF,13297,47.15692970234095,0.08586999397274028,3.5568051354344665
MOZ,2022,IOF,15374,42.73817050406587,0.07125444501383049,2.438336449655432
MRT,1995,EPCV,3408,80.71216659956636,0.0,0.0
MRT,2000,EPCV,5860,100.06412158868093,0.0,0.0
MRT,2004,EPCV,9379,69.95568799286876,0.10660473379931024,1.9046467775317377
MRT,2008,EPCV,13660,115.63239212075767,0.0,0.0
MRT,2014,EPCV,9336,81.14919817203602,0.0027817098383028957,0.03710277215780227
MRT,2019,EPCV,9909,77.61976344743634,0.0013862266684643327,0.020359634048550786
MUS,2006,HBS,6715,152.03245697650712,0.0509565466732163,0.9439473513132286
MUS,2012,HBS,6696,173.8569167236705,0.12348384430327837,2.39956583753537
MUS,2017,HBS,6995,181.0826580000825,0.08825168901083576,2.0161858867570177
MWI,1997,IHS-I,10693,38.78152104616517,0.43470964283369884,41.59642829089263
MWI,2004,IHS-II,11273,28.310024366194487,0.12833982314250078,2.2393984634118627
MWI,2010,IHS-III,11972,44.710701043088925,0.07430913034820749,1.9882719986981252
MWI,2016,IHS-IV,12445,30.01232326683246,0.10932506518724187,10.966538935266751
MWI,2019,IHS-V,11432,28.306955277236895,0.045998503134704764,1.196082716449422
MYS,2004,HIS,30856,598.2557015412082,0.0032660219060911834,0.4731090205227841
MYS,2007,HIS,31882,588.2459425741683,0.005060123218348403,0.22309773376477832
MYS,2009,HIS,38369,691.7670250579043,0.002812040633340063,0.1523769144404633
MYS,2012,HIS,38405,707.4724009643394,0.0118380534436405,0.42718360504058983
MYS,2014,HIS,67716,580.642497124012,0.017420858923602664,0.6127660713587707
MYS,2016,HIS,77110,674.6827785042913,0.013071159341598006,0.48272904417435797
MYS,2019,HIESBA,80589,794.6427845191965,0.007513620875232759,0.272184391496654
MYS,2022,HIS,73950,797.3864636213231,0.013216167377343447,0.43336026483380174
NAM,2003,NHIES,9679,259.1045153241841,0.01880421441811393,0.8411981807007177
NAM,2009,NHIES,9649,314.65967194634885,0.009548152721163767,0.44160400471316796
NAM,2015,NHIES,10060,846.6002445464244,0.0,0.0
NER,1994,EPCES,4401,24.059160737308023,0.02682418742687555,0.901577233588228
NER,2005,ENCVM,6686,29.14184492539743,0.1490766300920491,4.66688931318309
NER,2007,ENBCM,4000,18.92011243533071,0.10408854936591404,1.6661869619230312
NER,2011,ECVMA,3859,18.84686535801829,0.05828173884214593,0.5929164217114556
NER,2014,ECVMA,3616,33.99734213562032,0.008208216357631543,0.15174968920918203
NER,2018,EHCVM,6023,29.47833167156767,0.1436717660898048,1.8979874268509949
NER,2021,EHCVM,6622,22.188517613816142,0.1651132342992063,1.7744789616569974
NGA,1992,NCS,8928,148.42866316700497,0.0,0.0
NGA,1996,NCS,8163,122.03869766007865,0.004874197969265763,0.21796524095840092
NGA,2003,LSS,18812,69.0833311227327,0.008500064094022455,0.31282136179934344
NGA,2010,GHSP-W1,780588,62.324765471361296,0.0001025257053275169,0.002155022087524074
NGA,2012,GHSP-W2,743594,62.8069179840447,0.0,0.0
NGA,2015,GHSP-W3,748842,67.16482885194347,0.0,0.0
NGA,2018,LSS,21573,58.70629596588512,0.004374735347507574,0.16541458669532655
NIC,1993,EMNV,7286,269.6445375758556,0.011372754773231164,0.6521420698614927
NIC,1998,EMNV,7831,176.7397883980375,0.06417107235985696,2.694556828332498
NIC,2001,EMNV,8298,166.5485665380252,0.09984460552187024,4.30925583955648
NIC,2005,EMNV,13709,160.29667682611353,0.05964547518701352,2.5197756013989467
NIC,2009,EMNV,6415,191.54625741776655,0.010195968972074938,0.28639377563530344
NIC,2014,EMNV,6693,249.8881294135915,0.053873021433777916,2.229320081885734
NLD,2005,EU-SILC,8814,463.2074414343439,0.10556965382019574,1.6709404856653545
NLD,2006,EU-SILC,8478,433.2341759552248,0.08724549459407677,1.1766248297549207
NLD,2007,EU-SILC,9579,432.6124476827057,0.19257144425374198,2.4085823349894326
NLD,2008,EU-SILC,9699,467.89099627524234,0.10467841857548506,1.3077793316541317
NLD,2009,EU-SILC,9159,467.23809720086473,0.13330026321668476,1.4755825156605373
NLD,2010,EU-SILC,9500,451.57303222069123,0.038692143219499917,0.43069154271408233
NLD,2011,EU-SILC,9807,444.7538269839776,0.03719700765210145,0.45629253508038325
NLD,2012,EU-SILC,9524,412.55826826978114,0.05638221249214681,0.6501975335815708
NLD,2013,EU-SILC,9539,411.4000431104197,0.04959768928302018,0.6073853345941603
NLD,2014,EU-SILC,9541,409.5987327625027,0.08008848729433463,0.8524138589982354
NLD,2015,EU-SILC,9272,418.0290438159656,0.0629023875949941,0.8057966842455062
NLD,2016,EU-SILC,11678,440.3305935718293,0.07911560940955312,1.0888133124345505
NLD,2017,EU-SILC,12188,445.65067405170026,0.06712109288385748,0.7310164577941253
NLD,2018,EU-SILC,11502,447.1598456297607,0.12245100184757565,1.3283540028486032
NLD,2019,EU-SILC,12503,454.2754252006487,0.09384876177467039,1.1339129037386042
NLD,2020,EU-SILC,12140,468.5560321121247,0.1637350801445272,2.1575070285874376
NLD,2021,EU-SILC,13831,397.8978315811216,0.13022823477367465,1.2677806475122015
NLD,2022,EU-SILC,13178,404.27849842193103,0.10505721892193562,0.9606165528714077
NOR,2004,EU-SILC,6021,345.7570764384727,0.21967236452530248,3.2733916363119886
NOR,2005,EU-SILC,5960,358.44254799009195,0.19390728362461102,7.750450730627218
NOR,2006,EU-SILC,5731,363.536575920944,0.4381308425036539,7.041738395782076
NOR,2007,EU-SILC,5980,396.1402622137212,0.09134617864397468,0.9927312556570748
NOR,2008,EU-SILC,5505,446.12498537911597,0.1267705787762605,1.7598887748224117
NOR,2009,EU-SILC,5415,460.46401314584523,0.11772772477046864,1.1996435679061195
NOR,2010,EU-SILC,5210,441.6698453472551,0.09947972634251344,1.102116068214584
NOR,2011,EU-SILC,4606,422.48204029799535,0.07253771199325464,0.9300751014388682
NOR,2012,EU-SILC,6027,481.1572885429114,0.029153025640069,0.24797615655147648
NOR,2013,EU-SILC,6008,472.5368874248482,0.029628699257279484,0.40381731670253274
NOR,2014,EU-SILC,7342,520.793796210317,0.044621418128298035,0.6197346451632855
NOR,2015,EU-SILC,6380,520.7666057461925,0.05151510472071893,0.9524665020443599
NOR,2016,EU-SILC,6840,527.9920511611734,0.13270911956738177,1.4003571211080066
NOR,2017,EU-SILC,6244,551.8158009294855,0.12657020834505284,2.048291569486834
NOR,2018,EU-SILC,5960,522.8257138144324,0.032975542405449275,0.3630682847293509
NOR,2019,EU-SILC,6055,538.9082487669658,0.08965261450444233,1.0283036113053934
NOR,2020,EU-SILC,6016,525.9681336612813,0.0959610407264178,1.1783766272023348
NPL,1995,LSS-I,3340,25.72450768547579,0.11509315210791958,1.7164482778785504
NPL,2003,LSS-II,3910,50.19326071068403,0.16720383482827333,3.6384527460145386
NPL,2010,LSS-III,5987,56.71728322500255,0.023375086348754626,0.32828874852915996
NPL,2022,LSS-IV,9599,80.54547411120653,0.016401405609484783,0.25033466711092234
NRU,2012,HIES,460,78.63638329516141,0.0,0.0
PAK,1987,HIES,4640,19.67413782061791,0.08585850727820629,0.9566067340791815
PAK,1990,HIES,5973,21.826611600430063,0.030837378110144063,0.44934580837172333
PAK,1996,IHS,14304,21.65006307894701,0.25287794821197296,2.852292002353936
PAK,1998,HIES,14643,26.602781347119613,0.30953744832280095,3.444329445218608
PAK,2001,PIHS,14691,20.31950758044501,0.21241338286417905,1.9462604153619307
PAK,2004,HIES,14695,27.306708792374124,0.1949382261050515,1.8898579048011512
PAK,2005,HIES,15436,26.91146101963738,0.30499919553414834,2.9971244882024504
PAK,2007,HIES,15500,27.20936475350514,0.20108769271265942,1.9276754929950817
PAK,2010,HIES,16332,28.727203557200674,0.16943182835228532,1.6457229617743243
PAK,2011,HIES,15797,30.175419617347792,0.2026917655326615,2.0755821160087535
PAK,2013,HIES,17971,34.2945609295272,0.1485409485084909,1.677805326849953
PAK,2015,HIES,24223,39.205399402760825,0.23316833338191162,2.323287441236375
PAK,2018,HIES,24788,34.48968418165802,0.15817550741795242,2.007204325147046
PAN,1989,EMO,2646,1256.072868865675,0.0,0.0
PAN,1991,EMO,2732,1297.9586747969734,0.0,0.0
PAN,1995,EH,3983,1348.022515843247,0.0,0.0
PAN,1997,EH,4125,1346.0781931947008,0.0,0.0
PAN,1998,EH,3309,1107.4261620353643,0.0,0.0
PAN,1999,EH,3170,1190.59209785314,0.0,0.0
PAN,2000,EH,4541,1398.275032988071,0.0,0.0
PAN,2001,EH,5635,1577.2799348172505,0.0,0.0
PAN,2002,EH,6599,1537.9135398139063,0.0,0.0
PAN,2003,EH,6885,1393.2321108301967,0.0,0.0
PAN,2004,EH,7193,1406.2780313432627,0.0,0.0
PAN,2005,EH,6000,1338.099978727405,0.0,0.0
PAN,2006,EH,6842,1295.425633147407,0.0,0.0
PAN,2007,EH,6292,1174.7904803971492,0.0,0.0
PAN,2008,EH,7134,1083.259709715098,0.013376654498709872,1.7097945647667774
PAN,2009,EH,7099,1060.2829156431287,0.0,0.0
PAN,2010,EH,7192,1022.6043187532723,0.004819576539230482,0.3826251251555559
PAN,2011,EH,6953,1132.8316788053676,0.0,0.0
PAN,2012,EH,7103,1148.977157534669,0.0,0.0
PAN,2013,EH,6975,1249.383996940869,0.0013169719758899306,0.11521875504543483
PAN,2014,EH,6991,1162.5071887931254,0.0,0.0
PAN,2015,EH,7035,1221.3729836200403,0.022319002642053106,1.1629800933438224
PAN,2016,EH,7025,1440.3444771424513,0.0,0.0
PAN,2017,EH,6681,1310.9967119576277,0.0031524125486546775,0.19836444831680997
PAN,2018,EH,6692,1368.5566900521405,0.004144629853409473,0.3767017407023455
PAN,2019,EH,7090,1345.366026432907,0.0039057399083092265,0.20899139877068612
PAN,2021,EH,6031,1214.5654381071215,0.0,0.0
PAN,2023,EH,6105,1263.1143273450111,0.011581655626295642,0.6041383477043443
PER,1985,ENNIV,4993,362.53302264521074,0.03719822936428226,1.2079304508002022
PER,1994,ENNIV,3623,196.76976968322117,0.0,0.0
PER,1997,ENAHO,5476,554.8584771999895,0.006063838692549407,0.5899717399086637
PER,1998,ENAHO,5843,457.4883458792072,0.004322278820017882,0.3396349125354049
PER,1999,ENAHO,3217,448.38699817885737,0.0,0.0
PER,2000,ENAHO,3369,382.73317330380706,0.0,0.0
PER,2001,ENAHO,11774,395.2276321362015,0.0038513576744758915,0.258657431824038
PER,2002,ENAHO,13107,433.28204737692226,0.003114014513777886,0.2580649381495577
PER,2003,ENAHO,10676,416.2741705311352,0.0047237297391849505,0.322162240586749
PER,2004,ENAHO,19435,404.17630440256096,0.0019546342423251285,0.12325820231064114
PER,2005,ENAHO,19853,399.11719347357257,0.0,0.0
PER,2006,ENAHO,20530,459.67796284049564,0.0,0.0
PER,2007,ENAHO,22105,520.7552898053348,0.011067737461215183,0.6037290207238228
PER,2008,ENAHO,20801,462.8235168904261,0.009299524487063867,0.6208550449694035
PER,2009,ENAHO,21080,437.7718048596811,0.0,0.0
PER,2010,ENAHO,20892,399.0377606608847,0.005833330249585124,0.29502249635492245
PER,2011,ENAHO,24014,387.4682962308958,0.002257095869980625,0.08547346195341707
PER,2012,ENAHO,24256,393.55407662322455,0.000222277115953113,0.016426669000647227
PER,2013,ENAHO,29540,377.261295502473,0.000990922793312262,0.03322942566578536
PER,2014,ENAHO,29974,364.7647547606856,0.0024748970964258497,0.1303605762933051
PER,2015,ENAHO,31452,329.95061940872824,0.003286094259473465,0.09832311267623504
PER,2016,ENAHO,35731,402.0678894697692,0.0036130028848390333,0.12450579703730562
PER,2017,ENAHO,34545,379.2413466773772,0.0,0.0
PER,2018,ENAHO,37406,352.2792146803358,0.00023066528944111185,0.010817238639740328
PER,2019,ENAHO,34524,333.2879165694265,0.0,0.0
PER,2020,ENAHO,34377,310.0163928277789,6.041019793008686e-06,0.00024661374104062385
PER,2021,ENAHO,34174,244.45318283552345,0.006707296715385895,0.1814160406897859
PER,2022,ENAHO,34152,258.01597833673713,0.00816183248376256,0.2308033862622955
PHL,1988,FIES,17812,88.5534258224899,0.02105549317880443,0.6520890182939424
PHL,1997,FIES,38108,164.79165716302902,0.055865614318573176,2.2261133808203164
PHL,2000,FIES,79036,153.40350006522914,0.03135811626239313,1.2281198546086138
PHL,2003,FIES,84025,154.16790006615076,0.023957034830090918,1.166593462643093
PHL,2006,FIES,76668,186.78718448848915,0.013908510424064777,0.5546540830838904
PHL,2009,FIES,76689,167.65725316696054,0.021580103123098646,1.0162193965250657
PHL,2012,FIES,80207,178.52144898802408,0.013432931676107715,0.4685750776018805
PHL,2015,FIES,82945,166.84604289489926,0.020437808234189364,0.6304477797295648
PHL,2018,FIES,293782,142.2481779811475,0.037489458810065206,1.1675871391605357
PHL,2021,FIES,327730,119.78105600579329,0.048095502951731255,1.162409524466225
PNG,1996,HIES,1143,102.36068131443703,0.0,0.0
PNG,2009,HIES,3658,94.43103923267206,0.011256526864153911,0.34665420047662127
POL,1998,HBS,31719,153.47223159431238,0.0679072088672914,0.9597591396648151
POL,1999,HBS,31406,164.50466633917623,0.03721701160776278,0.544821515004559
POL,2000,HBS,36140,164.33893675952237,0.043543064058574235,0.6444064843045268
POL,2001,HBS,31824,170.34370947383474,0.024559847908092857,0.3736815787096871
POL,2002,HBS,32325,182.0411468387085,0.019690525821242796,0.3295755690895793
POL,2003,HBS,32437,226.3262862285346,0.020244700757695626,0.3726483156445181
POL,2004,HBS,32186,261.0295574373618,0.017710984882176508,0.37851152013692557
POL,2005,EU-SILC,13482,321.7742326358603,0.0054382556191087915,0.11318164739504614
POL,2005,HBS,34739,199.881466747771,0.03184387979732517,0.6023356794816753
POL,2006,EU-SILC,12726,299.7298526628389,0.0,0.0
POL,2006,HBS,37475,203.87857721169377,0.018200062127405315,0.34674713231800397
POL,2007,EU-SILC,12426,273.07434692632586,0.019881795861886032,0.41174375829905563
POL,2007,HBS,37336,199.70070706945185,0.024435912276898154,0.4608355365231391
POL,2008,EU-SILC,12043,269.3829949213514,0.010719294934400088,0.2948296478221827
POL,2008,HBS,37324,211.6497389909587,0.04794056168311289,0.8378118802696961
POL,2009,EU-SILC,11652,278.940089486559,0.06518927899833385,1.2335042684611925
POL,2009,HBS,37273,216.65588416726212,0.039842929337589476,0.6334581536920346
POL,2010,EU-SILC,11584,283.92245159188286,0.03481742082221331,0.5470851940634146
POL,2010,HBS,37369,215.7747343406733,0.026628499327674127,0.41439966975290854
POL,2011,EU-SILC,11466,291.6105632421438,0.03391572059268066,0.49852920308148274
POL,2011,HBS,37343,211.38790175334395,0.028809219925904152,0.4509193795052672
POL,2012,EU-SILC,11655,306.5885816831826,0.024699441894643275,0.32071102873538554
POL,2012,HBS,37388,201.97259378128214,0.020414648949762994,0.3250794966467935
POL,2013,EU-SILC,11685,308.4062230518893,0.016193419129374966,0.2244165161982348
POL,2013,HBS,37144,213.37712420846256,0.03808646177983929,0.6331597716060641
POL,2014,EU-SILC,11830,320.2995509604605,0.0020090386993124065,0.025885664070939916
POL,2014,HBS,37194,215.07900981803488,0.023856838342958844,0.3763560527178785
POL,2015,EU-SILC,11169,306.74998482248554,0.020206512571847877,0.26182203011877164
POL,2015,HBS,37093,208.59336668375096,0.02051933993956669,0.32686388051480864
POL,2016,EU-SILC,10916,314.6412579546273,0.0015666457970402703,0.027662200054701703
POL,2016,HBS,36852,198.80675503915396,0.03949304079139383,0.5824204724180971
POL,2017,EU-SILC,11847,282.35400469923314,0.03733277543806211,0.3806439096924501
POL,2017,HBS,36620,196.99491441748168,0.029605126723671184,0.39465384916674
POL,2018,EU-SILC,13360,262.4457204715273,0.00619181062212126,0.06078603077130087
POL,2018,HBS,36132,193.67918533609247,0.06522671013557482,1.0809521220081937
POL,2019,EU-SILC,17075,290.93714525137585,0.02853983443442246,0.3528920224039448
POL,2019,HBS,35880,190.5621365537542,0.055727858981058975,0.7482381296208108
POL,2020,EU-SILC,13665,277.8328467018567,0.005339497286471196,0.04947916310051129
POL,2021,EU-SILC,15117,287.2923719549914,0.02504004041377402,0.23086304157290227
POL,2022,EU-SILC,18087,302.37230092341935,0.009531596465122086,0.10629744624380567
PRT,2004,EU-SILC,4787,419.6312110361062,0.0,0.0
PRT,2005,EU-SILC,4333,420.88431889645466,0.0,0.0
PRT,2006,EU-SILC,4152,383.8693579937242,0.08476725732330607,1.345092410745907
PRT,2007,EU-SILC,3909,469.5620541350611,0.0016641572171040505,0.026098116705055734
PRT,2008,EU-SILC,4077,411.44434573025313,0.02996266313395015,0.41895281631737924
PRT,2009,EU-SILC,4654,372.0324097944716,0.034917127502486205,0.5868520156608582
PRT,2010,EU-SILC,4795,375.8721796832403,0.01207186811858613,0.15496375952211253
PRT,2011,EU-SILC,5550,388.2793184626326,0.020337355081593515,0.27046655755011384
PRT,2012,EU-SILC,6022,344.0347111420372,0.06119801731241728,0.9478518049050555
PRT,2013,EU-SILC,5727,331.6218194229451,0.020141652953675183,0.28480101144227676
PRT,2014,EU-SILC,6215,359.90228132749706,0.008150326676885299,0.19805307089925447
PRT,2015,EU-SILC,7955,343.96794152866215,0.007354963700083909,0.11902952293861103
PRT,2016,EU-SILC,9370,389.94252494045503,0.01393256140307493,0.2302309043305553
PRT,2017,EU-SILC,10136,346.88921188978344,0.05474777160714382,0.7534238732293641
PRT,2018,EU-SILC,11289,337.39182291946753,0.0004248004753288728,0.005016754035724473
PRT,2019,EU-SILC,12143,335.9429752937157,0.00044302000983365144,0.004932861339148432
PRT,2020,EU-SILC,9201,341.8213578362816,0.0009075436523798608,0.011177611196412576
PRT,2021,EU-SILC,9030,397.75824640425554,0.034039805134109855,0.465617987585358
PRT,2022,EU-SILC,11564,381.35077143344967,0.03770573276700927,0.508847588522834
PRY,1990,EH,736,384.9768272950203,0.0,0.0
PRY,1995,EH,2747,1036.472385432676,0.0,0.0
PRY,1997,EIH,3961,1409.4557071775648,0.0,0.0
PRY,1999,EPH,4291,784.9361685462022,0.02422531556259072,2.4129802263671323
PRY,2001,EIH,7520,755.8518561440319,0.027534710956893048,2.425535728732165
PRY,2002,EPH,3730,583.3859013162468,0.055783742051514054,8.422932540958925
PRY,2003,EPH,8495,570.1697332610141,0.041556643674664905,3.298265758357403
PRY,2004,EPH,7050,418.50497850867464,0.0777238805368182,4.219451491253002
PRY,2005,EPH,4045,497.4071703783388,0.09004090697227118,3.6567920050128855
PRY,2006,EPH,4789,468.08796884340103,0.010435526616823038,3.612631249736349
PRY,2007,EPH,4308,459.05567946661716,0.08989450810481527,7.168215680420118
PRY,2008,EPH,4132,504.10050237065127,0.046602000316712626,2.9520860437016094
PRY,2009,EPH,3998,477.26869011246634,0.06665509071253732,2.612429369369878
PRY,2010,EPH,4344,486.0243120887834,0.06927359918445046,5.091753465246421
PRY,2011,EPH,4057,641.5563594599683,0.04794363262631411,2.226358198367907
PRY,2012,EPH,4910,517.0848358114299,0.05810819568993998,2.39872727144205
PRY,2013,EPH,4627,608.4257327830198,0.031813105409552817,1.348659271062801
PRY,2014,EPH,4522,558.4511872399785,0.152100114435331,6.502568845166093
PRY,2015,EPH,6672,615.5085293190464,0.022830407271273882,1.1213228805268116
PRY,2016,EPH,8649,579.3966394225139,0.010373759582556352,0.5762230323750623
PRY,2017,EPH,8363,474.2288779621437,0.08291894603474513,4.532770206280316
PRY,2018,EPH,4468,503.3655588821535,0.02109253836223548,0.70153123563438
PRY,2019,EPH,4578,548.4291079033492,0.021705625169842948,1.1227759144319667
PRY,2020,EPH,4581,450.20613781162376,0.0,0.0
PRY,2021,EPH,3982,402.96047298653156,0.009060299833487507,0.3190866900707511
PRY,2022,EPH,4298,417.9686177486262,0.019138586039624112,0.5630595227285361
PSE,2004,PECS,3098,161.39872218356376,0.026938549898466474,0.3510326060521685
PSE,2005,PECS,2152,192.33997213688622,0.02002559461906811,0.3058340242931834
PSE,2006,PECS,1281,145.63730158676674,0.0,0.0
PSE,2007,PECS,1230,183.66352970295378,0.0442233839303656,0.8997648174307725
PSE,2009,PECS,3816,171.0167568151896,0.022955181324807995,0.3182073776928977
PSE,2010,PECS,3741,190.88939941044836,0.00853961705331116,0.23911635386084634
PSE,2011,PECS,4289,186.20975645695964,0.00012438389063031607,0.0028339506940570913
PSE,2016,PECS,3732,210.6146455705986,0.0,0.0
ROU,1998,IHS,32014,94.52146794581984,0.027162218297602733,0.5437161465788645
ROU,1999,HIS,31516,53.80662995679953,0.04104622204962427,0.8453796954626982
ROU,2000,IHS,31052,52.61378225038029,0.027123773360964238,0.6238419634269328
ROU,2001,HBS,31794,58.227633360762255,0.033340165542732766,0.42733330704167005
ROU,2002,HBS,32026,63.96045875150145,0.026275418563383026,0.32772191421811814
ROU,2003,HBS,32007,65.0523066266086,0.027966915761104917,0.37523210417096114
ROU,2004,HBS,32778,79.20955712731342,0.013071281853238002,0.16877667625050682
ROU,2005,HBS,32676,77.03194128561941,0.009069551552920626,0.15381033229695673
ROU,2006,HBS,31958,83.16507380259998,0.007446387841834544,0.2773283518733827
ROU,2007,EU-SILC,6406,221.84463380652258,0.0,0.0
ROU,2007,HBS,31249,89.43096354081317,0.0024270158366017356,0.06066545414055168
ROU,2008,EU-SILC,6091,207.31694255014892,0.0,0.0
ROU,2008,HBS,31360,107.2362983535888,0.004633074515321721,0.059077226524277694
ROU,2009,EU-SILC,6302,212.16611892855062,0.011060360308841142,0.2526744645291791
ROU,2009,HBS,31208,102.69826166180205,0.01030582427669757,0.1295406358400472
ROU,2010,EU-SILC,6323,223.29154729688543,0.008737374832337422,0.1630671330970106
ROU,2010,HBS,30949,99.65698186944331,0.004886819002483206,0.05524310586387563
ROU,2011,EU-SILC,5902,226.18226276794255,0.0,0.0
ROU,2011,HBS,30387,89.48418372646286,0.0018858974428888873,0.019286237271490852
ROU,2012,EU-SILC,5785,255.4405812163234,0.0,0.0
ROU,2012,HBS,29443,93.13943562411322,0.008010996201488423,0.09725962142059318
ROU,2013,EU-SILC,5842,255.04080920809432,0.0030433414101636784,0.3425419332764377
ROU,2013,HBS,29533,93.74797855895935,0.001913037940797673,0.034891195424752865
ROU,2014,EU-SILC,5809,295.9244651559482,0.016883823533797204,0.8099441219046356
ROU,2015,EU-SILC,5772,276.0209903199516,0.012015867287478813,0.5332668220526449
ROU,2016,EU-SILC,5690,268.4976417455317,0.0,0.0
ROU,2016,HBS,29129,112.35172123054748,0.024225462492833725,0.324732171383724
ROU,2017,EU-SILC,5709,298.4889679753722,0.0,0.0
ROU,2018,EU-SILC,6452,398.10363868411974,0.0,0.0
ROU,2018,HBS,30422,135.99500966800585,0.041683513690025716,0.5338187203880241
ROU,2019,EU-SILC,5702,384.12403933568055,0.0,0.0
ROU,2019,HBS,30549,140.37576271110646,0.00387729304620824,0.059703368808869665
ROU,2020,EU-SILC,5893,419.78161771109916,0.0,0.0
ROU,2020,HBS,28627,136.68117141669092,0.005256663949729749,0.0651364283116798
ROU,2021,EU-SILC,4200,449.95961528476494,0.0,0.0
ROU,2021,HBS,30278,148.265606351345,0.0027930572851773343,0.028940511933848105
ROU,2022,EU-SILC,3929,453.4101599922658,0.01210526990923005,0.2122120545063589
RUS,1997,HBS,188064,225.30679270552912,0.008612168583756902,0.17474791700103726
RUS,1998,HBS,184943,219.67912815352418,0.011657306318615168,0.23913819301816958
RUS,1999,HBS,187805,185.4154806187797,0.0015542452395136805,0.057427092035416925
RUS,2000,HBS,190523,191.67960216423492,0.002066910229279031,0.04468388283132577
RUS,2001,HBS,193272,193.67549807575455,0.007318171380008966,0.19463697007553935
RUS,2002,HBS,193141,233.75777912924826,0.003900969276158885,0.10247903900285352
RUS,2003,HBS,192264,277.35047904169875,0.00038034791677830253,0.007846974319838872
RUS,2004,HBS,192457,317.30484350995926,0.0,0.0
RUS,2005,HBS,186804,354.30270510398907,0.0,0.0
RUS,2006,HBS,192795,377.3170693234092,0.0,0.0
RUS,2007,HBS,192813,427.32776755268105,0.0,0.0
RUS,2008,HBS,186564,424.12284240903927,0.02841214769239219,0.556478781967586
RUS,2009,HBS,186581,365.7440898041362,0.002617795318447541,0.050394972918395904
RUS,2010,HBS,186766,417.24549792957123,0.005213716270365193,0.10331049041809337
RUS,2011,HBS,186707,400.7252178791906,0.004494517647768028,0.08662732122602888
RUS,2012,HBS,186693,430.0056268015728,0.009068872693777147,0.1744979741285534
RUS,2013,HBS,187818,447.534718130662,0.01899886548037341,0.34959448658861086
RUS,2014,HBS,187792,383.07816117975256,0.017231855073191128,0.32014925596841537
RUS,2015,HBS,188953,333.0391765408865,0.003887128608701543,0.07169522323766767
RUS,2015,VNDN,37544,642.0737149530999,0.0,0.0
RUS,2016,HBS,190795,335.5824211078304,0.001782711623404369,0.0306227643987698
RUS,2016,VNDN,48757,633.0328242018721,0.0,0.0
RUS,2017,HBS,190880,325.77643313797364,0.04738102206285569,0.7832872207892138
RUS,2017,VNDN,111843,608.484222110377,0.002339077147236366,0.060840541458223076
RUS,2018,HBS,190827,315.2437012286658,0.019349010356792144,0.37498381394837965
RUS,2018,VNDN,49867,512.2980820014989,0.0,0.0
RUS,2019,HBS,189390,331.0567152418141,0.050853122598574794,0.975295172663623
RUS,2019,VNDN,50446,511.5926161108122,0.0,0.0
RUS,2020,HBS,189215,277.92132019528555,0.00959459965683767,0.15645592730455588
RUS,2020,VNDN,49496,499.384036941699,0.0,0.0
RUS,2021,VNDN,48806,439.97565299283934,0.00825900549628875,0.13768097569182675
RUS,2022,VNDN,114659,503.20722218066237,0.000807907248143013,0.013634389785081132
RWA,2000,EICV-I,6419,34.700380584791404,0.20852325007478661,5.361251299413783
RWA,2005,EICV-II,6900,52.38698482178134,0.19100566267408678,6.136862254139729
RWA,2010,EICV-III,14301,44.11058128157905,0.19070917087565356,4.825337948444845
RWA,2013,EICV-IV,14415,43.408236299896565,0.24504004369940074,5.373057651327079
RWA,2016,EICV-V,14573,48.971197359990214,0.08204617440093998,2.032205090022833
SDN,2009,NBHS,7906,76.10743166660814,0.0,0.0
SDN,2014,NBHS,11940,46.61817076459755,0.1413190848446856,2.490588874120682
SEN,2001,ESAM-II,6563,44.43717951013653,0.0999037380620496,2.3111505213841363
SEN,2005,ESPS-I,13555,64.3293983741225,0.0,0.0
SEN,2011,ESPS-II,5951,73.58515918601974,0.0,0.0
SEN,2018,EHCVM,7154,90.02914292373288,0.02376245506347666,0.5259308897104156
SEN,2021,EHCVM,7119,72.58390438612346,0.022687034212348647,0.32839812536715446
SLB,2005,HIES,3776,85.91930199025182,0.030363394931364706,1.0333339747874037
SLB,2012,HIES,4362,55.731406949111864,0.032860969990719864,0.7080598307756135
SLE,2003,SLIHS,3713,38.545008154530635,0.0,0.0
SLE,2011,SLIHS,6727,39.978536030174276,0.0018430747444818877,0.024691482816513222
SLE,2018,SLIHS,6807,40.56064309077901,0.0885417187550748,1.5134742292672236
SLV,1991,EHPM,9832,353.18859382829584,0.025682254906054067,1.3977686853005753
SLV,1995,EHPM,5277,280.8925184894034,0.012729351984660665,0.4834976439197818
SLV,1996,EHPM,6110,332.49789681741714,0.012612803572226257,0.6450580822584051
SLV,1998,EHPM,7388,608.2586823938492,0.007182162381509283,0.7697815163732823
SLV,1999,EHPM,9227,499.0510889295486,0.0,0.0
SLV,2000,EHPM,15259,486.0308347171293,0.018293278741832498,1.579950742364231
SLV,2001,EHPM,11208,519.1702514905817,0.0035207840488766197,0.267820237086074
SLV,2002,EHPM,15562,552.4708935680459,0.017800044314693658,1.3628433606988384
SLV,2003,EHPM,15442,487.2948774040171,0.0,0.0
SLV,2004,EHPM,14532,357.6605744752451,0.0024552815114177286,0.09914798886370574
SLV,2005,EHPM,14879,352.8945503536172,0.012936050888231644,0.5228916733639942
SLV,2006,EHPM,15521,241.2581652795673,0.012624320868920529,0.4708367284907124
SLV,2007,EHPM,15336,236.7393463178574,0.032502253274506114,1.2551931824623468
SLV,2008,EHPM,16557,305.1673348893923,0.026572568703989597,1.202354658295463
SLV,2009,EHPM,19269,230.3982971639377,0.01628745136567022,0.5486023867331874
SLV,2010,EHPM,20007,247.03553832205756,0.0012957924969727048,0.03923918842735374
SLV,2011,EHPM,20154,196.79543538595732,0.029134183287028395,0.7098808293359188
SLV,2012,EHPM,20564,192.76424839777619,0.04828405823746052,1.3502442125535146
SLV,2013,EHPM,19953,211.7131483598249,0.08586193687022975,3.369802880948039
SLV,2014,EHPM,19822,212.39670519386166,0.0176863944244228,0.553601374720379
SLV,2015,EHPM,22343,196.1028394359028,0.032539498690285176,0.8871796029391588
SLV,2016,EHPM,19849,216.68472276229727,0.05024524097457965,1.4354190108576972
SLV,2017,EHPM,19903,195.41124360131778,0.02324093907377942,0.7218868097853214
SLV,2018,EHPM,20096,215.59957245999536,0.01963978761919235,0.5129475698440523
SLV,2019,EHPM,20182,228.46411178181162,0.010892544008862054,0.26408384964258436
SLV,2021,EHPM,16975,261.2294308456559,0.0003639376982965975,0.007366365482465387
SLV,2022,EHPM,16297,249.1966345482311,0.0005537440215422246,0.015961480576352927
SRB,2002,LSMS,6384,166.50299154527102,0.08317062037681883,1.835939339749339
SRB,2003,HBS,3708,164.4566557835824,0.0,0.0
SRB,2004,HBS,4291,189.29821613570914,0.0,0.0
SRB,2005,HBS,4272,202.72312623541438,0.0,0.0
SRB,2006,HBS,4559,123.7348360044462,0.008339830186366255,0.09237418676161596
SRB,2007,HBS,4608,116.31101893169915,0.00784749860877549,0.08771749129291995
SRB,2008,HBS,4620,110.96348357400196,0.006633741206494754,0.06747782627760546
SRB,2009,HBS,4591,115.42584063958581,0.007001107522343797,0.0619632057998187
SRB,2010,HBS,4585,127.49495436558047,0.016084398396547513,0.16178444407627723
SRB,2013,EU-SILC,2868,305.0705902047314,0.0,0.0
SRB,2013,HBS,4515,119.13875372972274,0.0,0.0
SRB,2014,EU-SILC,2947,282.8888147744178,0.0,0.0
SRB,2015,EU-SILC,2918,294.5360038317731,0.011243840879542494,0.737327727354754
SRB,2015,HBS,6529,124.64221699708341,0.006890289070003026,0.059087119666632125
SRB,2016,EU-SILC,2750,285.98234632626344,0.04349707446456319,2.3486409145391987
SRB,2017,EU-SILC,2880,275.2188846693625,0.0,0.0
SRB,2018,EU-SILC,2655,233.59501500157504,0.0,0.0
SRB,2018,HBS,6294,155.8453316528908,0.008001136125234898,0.07900147041802708
SRB,2019,EU-SILC,2902,247.70960639677722,0.0,0.0
SRB,2019,HBS,6350,142.71484828188784,0.0011166429124334495,0.011682031632987741
SRB,2020,EU-SILC,3318,219.77864979861786,0.0,0.0
SRB,2021,EU-SILC,4528,231.23078622306957,0.06359038683198333,1.6403023949514157
SRB,2022,EU-SILC,4801,208.53015931745455,0.07477483240007693,1.180496005692602
SSD,2009,NBHS,4966,238.68754297542858,0.0,0.0
SSD,2016,HFS-W3,173022,64.84621862140395,0.00491342996187067,0.21507582739394027
STP,2000,IOF,2309,55.85015134856286,0.0,0.0
STP,2010,IOF,3080,40.18047172281482,0.0,0.0
STP,2017,IOF,2728,81.41429895051257,0.04522940815531398,1.1008656928981553
SUR,1999,EHS,264,933.2916053337094,0.0,0.0
SUR,2022,SSLC,2540,279.1315818244216,0.010517254769979547,0.2195830937114841
SVK,2004,HBS,4602,103.74045206543576,0.155587600374005,1.6939122429468674
SVK,2005,EU-SILC,5047,112.10122479536892,0.14112165394343867,1.4836783407721583
SVK,2005,HBS,4402,128.03673583230557,0.08362902004194928,1.7723752035389069
SVK,2006,EU-SILC,5060,111.86517413278138,0.28788641929629244,4.499150977955821
SVK,2006,HBS,4384,114.0667901675361,0.1810878714858662,1.9866214919576979
SVK,2007,EU-SILC,4906,113.27833350321063,0.14435104040470703,1.2521318308676004
SVK,2007,HBS,4676,109.46132986222365,0.17344900352905898,2.6397784262036597
SVK,2008,EU-SILC,5421,109.22547114406099,0.12538659820787842,1.1026535916008147
SVK,2008,HBS,4700,109.76590651575562,0.19091993597682294,2.033259393873565
SVK,2009,EU-SILC,5226,129.98911452803762,0.061857694487409055,0.48643316680772136
SVK,2009,HBS,4668,105.25354879959335,0.19040059942012513,1.7328974429262332
SVK,2010,EU-SILC,5365,165.3113599580109,0.10425493069036482,1.4213653851092118
SVK,2011,EU-SILC,5187,165.52587007550687,0.07602762704644814,1.3039582734265804
SVK,2012,EU-SILC,5270,177.37145238364477,0.006177920619807114,0.06562659577022927
SVK,2013,EU-SILC,5387,159.94220117546303,0.0,0.0
SVK,2014,EU-SILC,5463,185.36067746638042,0.029390432789632884,0.38746092786806413
SVK,2015,EU-SILC,5615,165.3963695142772,0.04423642142124631,0.3961973928631684
SVK,2016,EU-SILC,5700,166.8240604624932,0.06633411463868422,0.907103766791537
SVK,2017,EU-SILC,5538,147.99871233813695,0.018778905326951083,0.11860486691954528
SVK,2018,EU-SILC,5621,151.51026726520408,0.0,0.0
SVK,2019,EU-SILC,5564,175.45764532130246,0.0,0.0
SVK,2020,EU-SILC,5508,151.2431005696535,0.0027024913470083743,0.016675622498414953
SVK,2021,EU-SILC,5504,176.72762774352907,0.0,0.0
SVK,2022,EU-SILC,5358,176.53713277377534,0.0,0.0
SVN,2002,HBS,1300,250.84202492173844,0.0,0.0
SVN,2003,HBS,1139,317.9552619443236,0.0,0.0
SVN,2005,EU-SILC,8260,205.18576610212358,0.013497722574341845,0.10728621268871714
SVN,2006,EU-SILC,9472,217.65890726956368,0.0062795918630168535,0.04002845799736055
SVN,2007,EU-SILC,8618,219.30699526518478,0.006232877757198927,0.04844058171036981
SVN,2008,EU-SILC,8883,231.7552407902421,0.013758649072228964,0.09399436125604377
SVN,2009,EU-SILC,9122,228.55408798928067,0.015334954475915631,0.1076834280717802
SVN,2010,EU-SILC,9176,249.94862999773432,0.012074618300903076,0.09945576242829327
SVN,2011,EU-SILC,9034,243.97232232243277,0.04336842941693051,0.33013715730716015
SVN,2012,EU-SILC,8995,239.00700960895827,0.048255091650338144,0.3465097603272763
SVN,2013,EU-SILC,8846,240.90415425361925,0.033032940545756166,0.29884870844127587
SVN,2014,EU-SILC,5445,248.62894100738006,0.035208195643634525,0.3067656812755747
SVN,2015,EU-SILC,5275,242.0527809616786,0.02931860147646428,0.22132893110890325
SVN,2016,EU-SILC,5173,249.8429907325023,0.03509897913466564,0.44012528732211387
SVN,2017,EU-SILC,5339,239.9029100465411,0.017971111955341443,0.11641388499949563
SVN,2018,EU-SILC,5219,233.56994556603357,0.023491088655823198,0.17585084209701196
SVN,2019,EU-SILC,5260,260.1741673803829,0.04024890463259547,0.31576791816037036
SVN,2020,EU-SILC,5285,259.3076916207074,0.1213811311610274,1.0640245723425985
SVN,2021,EU-SILC,4660,267.0472913474515,0.09339847137788969,0.7585098739577882
SVN,2022,EU-SILC,5379,286.77294699913205,0.06047326492177238,0.5225954721787505
SWE,2004,EU-SILC,5700,287.81256026396346,0.012681312824682303,0.09627819124404247
SWE,2005,EU-SILC,6075,303.6330008045204,0.025585506063081753,0.44039237952768917
SWE,2006,EU-SILC,6738,316.59004925591506,0.04702676061158823,0.6373973638255552
SWE,2007,EU-SILC,7119,325.8510146574659,0.045555465472534445,0.541107907249381
SWE,2008,EU-SILC,7383,342.6170873854507,0.1042088960842305,1.136713413034739
SWE,2009,EU-SILC,7472,376.83033284498777,0.11491595574243321,1.4737482410140905
SWE,2010,EU-SILC,7105,370.12799492691727,0.06193641202911681,0.8748900910719205
SWE,2011,EU-SILC,6658,365.66857100129465,0.027576529430519293,0.6152422022806362
SWE,2012,EU-SILC,6588,389.2074634805695,0.026512229505059905,0.4142938451926199
SWE,2013,EU-SILC,6147,391.1146399009519,0.04239286374650495,0.524128856301664
SWE,2014,EU-SILC,5765,448.1452025761844,0.0661126677544944,0.8908548883570532
SWE,2015,EU-SILC,5824,441.49290014877454,0.036803555332473696,0.5120140001218956
SWE,2016,EU-SILC,5753,453.7009901249708,0.045720164114920116,1.3291065408841387
SWE,2017,EU-SILC,5896,467.47420391888994,0.11285207806330455,2.549761788095117
SWE,2018,EU-SILC,5798,494.62541296736015,0.1212901827280929,1.4475415894928816
SWE,2019,EU-SILC,5567,539.6189507867111,0.05590358169799799,1.9179349800303283
SWE,2020,EU-SILC,5748,486.63482567807864,0.08577954854269539,1.9543611924049777
SWE,2021,EU-SILC,8837,522.865810909113,0.07949053531461579,1.412565160123835
SWE,2022,EU-SILC,8529,546.5241528549296,0.037047393505648465,1.018495005151483
SWZ,2000,HIES,3666,87.38744764551456,0.042242342786785105,1.2922395939709639
SWZ,2009,HIES,3167,162.64977744305943,0.0,0.0
SWZ,2016,HIES,3355,260.4307430182386,0.0,0.0
SYC,1999,HES,813,385.623388941656,0.1516530178950561,4.3414367231424364
SYC,2006,HBS,1162,381.54836198472225,0.06901968651222498,3.068248938524989
SYC,2013,HBS,1759,263.64054982046747,0.22172423448165568,12.063038524619003
SYC,2018,HBS,1932,297.3869335090214,0.0,0.0
SYR,1996,HIES,28572,83.44454833410416,0.07830403892232761,1.607216326565346
SYR,2003,HIES,27012,133.10087975103608,0.019042563013572152,0.48542530816035756
SYR,2022,HNAP,23838,28.590642498151606,0.0,0.0
TCD,2003,ECOSIT-II,6694,49.673192522761425,0.016559813789358137,0.47995571328902287
TCD,2011,ECOSIT-III,9246,108.08232574691371,0.05279084476014315,1.7486798409897881
TCD,2018,EHCVM,7489,55.15945481867642,0.012756138824164516,0.20847807720045738
TCD,2022,EHCVM,7531,53.476458727021814,0.00616520444114306,0.11128454291423084
TGO,2006,QUIBB,7469,55.74097736287473,0.0,0.0
TGO,2011,QUIBB,5491,98.4901307813842,0.0,0.0
TGO,2015,QUIBB,2335,79.77713641022991,0.0,0.0
TGO,2018,EHCVM,6170,103.06534830478442,0.0,0.0
TGO,2021,EHCVM,6462,65.36996279692795,0.013875652164199328,0.27759300186255315
THA,1990,SES,3857,136.8739013770768,0.028284472062680092,0.9831500481333345
THA,1992,SES,4763,208.81762129720676,0.02247805635481788,0.8566571519490105
THA,1994,SES,5955,165.2769753546248,0.04386934303197247,1.3201611732731362
THA,1996,SES,6701,172.41778476191354,0.03932266054762445,1.1750137289931302
THA,1998,SES,17183,194.84438140345767,0.0016111756679686095,0.042884589920133956
THA,1999,SES,4143,177.6572761615303,0.023057400255996185,0.5333249612931626
THA,2000,SES,17788,191.73140346419527,0.009361627538354782,0.29605261204146643
THA,2002,SES,22770,192.54923410779764,0.011578064430501368,0.3283034066638379
THA,2004,SES,23676,218.1290131651001,0.01665034162115952,0.4902107818693001
THA,2006,SES,41313,274.3771767104093,0.002473643707714791,0.07159889129777007
THA,2007,SES,28539,248.2490478397646,0.01001445303971641,0.3734681489870872
THA,2008,SES,42529,273.57397031363905,0.00734676729618811,0.2641486810762991
THA,2009,SES,41512,276.4453779711313,0.011991512707639127,0.3766733827024058
THA,2010,SES,29848,253.3196142995776,0.007504524241085373,0.19605613508579492
THA,2011,SES,39925,202.04004332512125,0.03446936189865826,0.6594102047770645
THA,2012,SES,41560,285.8823170783645,0.016677850678943063,0.7124432519339694
THA,2013,SES,40606,271.66371882125696,0.007287808042901902,0.16611810727079698
THA,2014,SES,30447,259.5859394431731,0.021590978040503105,0.5372106516635308
THA,2015,SES,29380,235.80054927412903,0.04139421976052493,0.7938308746574725
THA,2016,SES,29891,249.0249537820375,0.026994007558203397,0.713483745950456
THA,2017,SES,29466,258.23862803658744,0.014764112831410443,0.3406856473379281
THA,2018,SES,30178,264.06120912326077,0.010837966472468923,0.22932865488403525
THA,2019,SES,29746,235.66614572762055,0.009846786478609466,0.19552419978413693
THA,2020,SES,31717,249.35539360266907,0.006029259399304045,0.10142763871366355
THA,2021,SES,31139,251.189154966274,0.006757333581150767,0.1249743546649204
TJK,1999,TLSS,2000,18.499677403240348,0.021361435488464826,0.280768943631419
TJK,2003,TLSS,4112,38.83340747752391,0.0,0.0
TJK,2004,HBS,2523,44.126043167010266,0.012103505637724363,0.2228193216087613
TJK,2007,TLSS,4859,47.055256744985876,0.1289060355713018,1.8059902965144183
TJK,2009,TLSS,1503,61.409625360141916,0.0,0.0
TJK,2015,HSITAFIEN,2999,84.6275381438985,0.0,0.0
TKM,1998,LSMS,2094,67.49549839519331,0.0,0.0
TLS,2001,TLSS,1800,46.53727802957595,0.0,0.0
TLS,2007,TLSLS,4476,22.951903769465474,0.04104588698265506,0.45317595297919155
TLS,2014,TLSLS,5912,25.425534062087184,0.07335634781817332,0.8303826430001199
TON,2000,HIES,1619,224.99154954548746,0.0,0.0
TON,2009,HIES,1982,174.7185635682622,0.011633534288255728,0.2923316941818441
TON,2015,HIES,1803,88.5256186559706,0.010076318503209848,0.1611804031647912
TON,2021,HIES,2129,93.67404628477986,0.0,0.0
TUN,2005,NSHBCSL,12314,160.80303477625807,0.005073093408905481,0.10463481236835778
TUN,2010,NSHBCSL,11280,180.76840867075188,0.0,0.0
TUN,2015,NSHBCSL,25126,163.99861543685736,0.01567037383553291,0.2163828477360914
TUN,2021,NSHBCSL,17380,155.70381202359152,0.10537289687402575,2.6937730875313557
TUR,2002,HICES,9450,243.89187400059217,0.019817656549758526,0.5779145785086306
TUR,2003,HICES,24791,245.12793855752997,0.0031087560755019778,0.19162283339153355
TUR,2004,HICES,8467,345.90545882738303,0.0,0.0
TUR,2005,HICES,8502,329.3721342212367,0.003565530702465981,0.11550844153210683
TUR,2006,HICES,8479,309.20656838069914,0.0,0.0
TUR,2007,HICES,8457,317.30486780850396,0.0,0.0
TUR,2008,HICES,8500,315.0183695920497,0.0,0.0
TUR,2009,HICES,9959,320.244762148325,0.0,0.0
TUR,2010,HICES,10005,315.27357428924347,0.0,0.0
TUR,2011,HICES,9854,352.8364509556657,0.008200118877304763,0.1940487952430769
TUR,2012,HICES,6495,382.9512380292119,0.0,0.0
TUR,2013,HICES,10006,395.01394192720176,0.003106692037752862,0.08377572441227185
TUR,2014,HICES,10079,437.37845860884977,0.002005348975407361,0.09879927460946399
TUR,2015,HICES,11426,411.6708813657432,0.028309463310600105,0.623583181827671
TUR,2016,HICES,12041,478.29853295234335,0.005589996766310001,0.16875118908587564
TUR,2017,HICES,12094,451.1555261665407,0.011647205834215676,0.2570610886081532
TUR,2018,HICES,11763,443.45090939895425,0.008278845952373695,0.1679071321418877
TUR,2018,SILC-C,23860,544.8540298903806,0.03512055691530425,1.1503376036071056
TUR,2019,HICES,11481,521.2773608432668,0.0077741491867110634,0.24817156638025956
TUR,2019,SILC-C,24861,556.9984553275665,0.04502013002487533,1.2498099905616014
TUR,2020,SILC-C,25580,607.396794000141,0.014405279948592344,0.4471113971256519
TUR,2021,SILC-C,26113,610.4007119891038,0.018374709464060182,0.7527053690420651
TUR,2022,SILC-C,26229,642.6638408999006,0.06741439271143841,2.22659348306712
TUV,2010,HIES,541,133.79350122843084,0.03529009485942021,0.5863566723479211
TZA,1991,HBS,4814,26.931674711280017,0.0073483982993030675,0.14039177786295784
TZA,2000,HBS,21553,21.84480918495338,0.012440868301910612,0.279798953707761
TZA,2007,HBS,10457,42.678678722729174,0.035709668266745556,0.8884309187245291
TZA,2011,HBS,10185,37.82323270344065,0.07411367427531873,1.7737033524150476
TZA,2018,HBS,9459,46.78257863091207,0.07810652780515069,2.1808614421259582
UGA,1992,NIHS,8317,35.94857343965661,0.08674489842394348,1.794228754409703
UGA,1996,NIHS,5831,33.168271977870546,0.032720942515613034,0.6248364064271673
UGA,1999,NIHS,10014,36.366061416788455,0.03864434834505913,1.1008200145752194
UGA,2002,UNHS,9708,36.62781082209164,0.10826397651076176,4.061113043700305
UGA,2005,UNHS,7419,51.46056053528553,0.04539113101075637,1.055706882801027
UGA,2009,UNHS,6774,49.950139528053256,0.05689850111169963,1.1117429038462339
UGA,2012,UNHS,6886,57.320394072053716,0.026426469030072886,0.5335700423216145
UGA,2016,UNHS,15628,62.604086562927876,0.027936027917633097,0.7928379715263133
UGA,2019,UNHS,13730,56.69684512190713,0.1183321639402133,4.861423959140355
UKR,1992,HS,9338,72.12565066309304,0.007448512159696101,0.10096522207211907
UKR,1993,HS,9279,67.78756251459022,0.03058571647040832,0.35747025227536516
UKR,1996,HIES,2319,79.523211942659,0.05367686527106817,0.8930093306331981
UKR,2002,HLCS,9418,62.78786539816879,0.022203828636319426,0.22056968260429494
UKR,2003,HLCS,9713,64.68144637249736,0.02833802463192003,0.30408975515917797
UKR,2004,HLCS,10059,76.57922941508214,0.03980939497388624,0.4222021489983157
UKR,2005,HLCS,10349,93.33313504078345,0.0,0.0
UKR,2006,HLCS,10495,99.06969162984561,0.02105822705601224,0.2987534090560067
UKR,2007,HLCS,10610,82.3703619157316,0.0,0.0
UKR,2008,HLCS,10619,88.40143032246976,0.019658206335576973,0.19022859590904911
UKR,2009,HLCS,10458,77.43257018253877,0.010666771279905032,0.07834849258721696
UKR,2010,HLCS,10425,76.39316355567678,0.014619855265242261,0.11484715776165565
UKR,2011,HLCS,10639,79.46493411168747,0.018435767387681747,0.1652067553098966
UKR,2012,HLCS,10494,85.30821904547331,0.003212578752925265,0.023041099449447208
UKR,2013,HLCS,10524,80.35992523046761,0.010683762879752331,0.07463433425421563
UKR,2014,HLCS,8809,77.30444722142641,0.02733606096141751,0.22460388143200874
UKR,2015,HLCS,9096,76.36065992289343,0.03054702466644024,0.29636154314006113
UKR,2016,HLCS,8164,77.64886042973536,0.06993742807856565,0.7392276808146284
UKR,2017,HLCS,7958,93.55074223880425,0.03118771952728007,0.24027289986880837
UKR,2018,HLCS,8051,88.47767772716706,0.044459478424091904,0.3524346249967727
UKR,2019,HLCS,8091,101.5639118746679,0.03812524414096761,0.3014182353484814
UKR,2020,HLCS,7835,86.88690698524007,0.06786106590227478,0.5079833522932449
URY,1989,ENH,5356,500.33839034968884,0.07539799044355,2.3319282033576356
URY,1992,ECH,14582,531.5644924180159,0.01075211010160744,0.3722713676361408
URY,1995,ECH,15190,558.895158055416,0.0017356892421980768,0.051321598840204534
URY,1996,ECH,14754,513.6172474499025,0.0,0.0
URY,1997,ECH,14631,546.4847292357495,0.0,0.0
URY,1998,ECH,13482,633.7048598496856,0.0,0.0
URY,2000,ECH,14335,651.2563654667049,0.0,0.0
URY,2001,ECH,15898,787.6153748072716,0.0016033026389950336,0.06764253621809235
URY,2002,ECH,15550,760.8981165543063,0.0,0.0
URY,2003,ECH,15366,559.4649135643018,0.002455701058195458,0.09169403498062288
URY,2004,ECH,15988,641.6040262538602,0.0019904205716318483,0.10032914790992575
URY,2005,ECH,16227,602.344272681295,0.0013003681342187974,0.04330561955268817
URY,2006,ECH,69959,636.2082720794078,0.004539360995132433,0.19637102662788292
URY,2007,ECH,43180,706.8601465733756,0.010444833094570456,0.5702693175604261
URY,2008,ECH,44389,695.923556037393,0.008189790061723053,0.3451019671867316
URY,2009,ECH,40865,806.6886350674301,0.01608223515272167,0.7154506996569063
URY,2010,ECH,40341,771.9859173570737,0.005079599703779133,0.2333931074273924
URY,2011,ECH,39677,702.3868726860638,0.005406405759069766,0.16748171886756769
URY,2012,ECH,36230,655.2432000393576,0.00024449481716830383,0.00868303618589963
URY,2013,ECH,37356,654.8477787761825,0.001586366181493217,0.10894919611686642
URY,2014,ECH,38876,674.6297677466152,0.003134061685363639,0.09009537344654664
URY,2015,ECH,36446,703.763865031201,0.004674507142473784,0.3322025446356331
URY,2016,ECH,35557,641.4904284967453,0.004112302081083669,0.12511836225861972
URY,2017,ECH,35181,646.5260870853889,0.006386314157398874,0.2422611805155905
URY,2018,ECH,32126,667.1358141429159,0.0025959636473802733,0.13998972649929523
URY,2019,ECH,31983,656.1596109819385,0.002786829444047432,0.07488564595743234
URY,2020,ECH,39609,651.3714389849165,0.0023518484253524726,0.08198700346075255
URY,2021,ECH-S2,9230,624.499421907762,0.017622404401986248,0.5042465179197391
URY,2022,ECH,17645,638.6283123397184,0.007738938313344828,0.21507898674425102
UZB,1998,HBS,4690,72.32507344218453,0.0038229226718313703,0.12582328397505296
UZB,2000,HBS,9704,19.405429006948005,0.04521375165722985,0.9283344979255995
UZB,2002,HBS,9620,14.057823134613564,0.12378910856306073,1.413519344771177
UZB,2003,HBS,9618,16.35140728794147,0.08296144375447059,1.2082970783066314
UZB,2022,HBS,13491,153.57162336798083,0.0,0.0
VEN,1989,EHM,4218,347.30826467841285,0.004886584226279196,0.26033225248087255
VEN,1992,EHM,4567,274.6061456176762,0.0,0.0
VEN,1995,EHM,6752,328.0682074152022,0.0,0.0
VEN,1998,EHM,5910,377.99111992589155,0.013182259333083843,0.5822632171174245
VEN,1999,EHM,5292,315.2477248751454,0.005983591388563321,0.2311707223080727
VEN,2001,EHM,13000,334.8053845466785,0.004402018632560046,0.19684320810763595
VEN,2002,EHM,13732,303.6961399739526,0.0017471848922414937,0.07880894360831149
VEN,2003,EHM,11864,257.1501207086663,0.0036690775952235443,0.18099658251856807
VEN,2004,EHM,10757,266.79429834424394,0.0017517409181297889,0.074556362039065
VEN,2005,EHM,10559,353.2176532200063,0.014007560420519781,0.9844808083139616
VEN,2006,EHM,11447,335.56001687393103,0.0,0.0
VNM,1992,VLSS,4799,36.679429187234234,0.008389613658291035,0.10725758628534957
VNM,1997,VLSS,5998,41.30685113951991,0.033238512266510895,0.40961889600392853
VNM,2002,VHLSS,29510,49.563780141262065,0.01249635173131236,0.18139042357048335
VNM,2004,VHLSS,9186,66.32948077255926,0.0,0.0
VNM,2006,VHLSS,9187,77.91982872036661,0.009174254380660071,0.23221163237431408
VNM,2008,VHLSS,9188,72.44058043672801,0.016527200765935248,0.26532817543650317
VNM,2010,VHLSS,9399,147.15115062419704,0.039525502397094625,0.6990650612802948
VNM,2012,VHLSS,9395,142.20687273385883,0.011897781263789967,0.2648813636128568
VNM,2014,VHLSS,9393,132.29205003203768,0.02441929359825705,0.4020783326425761
VNM,2016,VHLSS,9397,167.03781822537016,0.028574201247099806,0.43869264183677514
VNM,2018,VHLSS,9395,184.8413983776226,0.0,0.0
VNM,2020,VHLSS,9394,220.5540317652038,0.017930943401625276,0.5100531952156846
VNM,2022,VHLSS,9397,184.91512884912402,0.06812673736819018,2.3292047027414378
VUT,2010,HIES,4367,86.18742876335241,0.0600375173562036,1.2005404263687538
VUT,2019,NSDP,4121,73.09340633884614,0.009527755044094872,0.13785491140794112
WSM,2002,HIES,1462,157.1832392009297,0.007131059677166287,0.12396671251343623
WSM,2008,HIES,2009,187.72631315327087,0.013897843387120228,0.25020412561321564
WSM,2013,HIES,2345,136.9675695299052,0.06879777025858176,1.1276485241239715
XKX,2003,HBS,2363,59.13322557522412,0.0,0.0
XKX,2005,HBS,2358,70.48946209503944,0.0,0.0
XKX,2006,HBS,2364,61.22761516347807,0.0,0.0
XKX,2009,HBS,2329,77.18714461789196,0.0,0.0
XKX,2010,HBS,2329,97.19180958281405,0.0,0.0
XKX,2011,HBS,2241,60.19315622084573,0.0,0.0
XKX,2012,HBS,2344,74.93565402188024,0.0865554237887718,1.1137671647561558
XKX,2013,HBS,2371,58.69872685088243,0.11032623671252477,0.9085603431984632
XKX,2014,HBS,2372,67.78828865346817,0.013706255353647653,0.1125406291319289
XKX,2015,HBS,2344,66.91446843937669,0.008528472935930209,0.0695687191623043
XKX,2016,HBS,2313,69.17432397860743,0.015608087683667084,0.26425576854145505
XKX,2017,HBS,2232,64.91752701092139,0.22237177459082266,2.2607157775432594
YEM,1998,HBS,13440,90.76964380863858,0.01048393211229553,0.16299975744425402
YEM,2005,HBS,13130,50.64296785730472,0.13991946289474017,2.2038092943097896
YEM,2014,HBS,9368,54.089865542045935,0.05920254761278098,0.9986023468111229
ZAF,2005,IES,19224,483.1045987190855,0.014442499379940117,1.0106210523157948
ZAF,2008,LCS,23362,926.3333035941325,0.0006282811473070825,0.04889141811962747
ZAF,2010,IES,25323,1162.2588894328692,0.0,0.0
ZAF,2014,LCS,23368,1210.877160693641,0.0,0.0
ZMB,1991,HBS,8510,2142.3522239922213,0.0,0.0
ZMB,1996,LCMS-I,11722,131.24115152203598,0.009521072776187713,0.5552174054092665
ZMB,1998,LCMS-II,15093,134.9257719176757,0.013863355586055703,0.7546390257407648
ZMB,2002,LCMS-III,9715,46.40434589537865,0.09247134292761389,2.6540875469113168
ZMB,2004,LCMS-IV,18199,158.3302542732013,0.019789097748047234,1.719530788364831
ZMB,2006,LCMS-V,17304,148.25281689750497,0.0004048229433164935,0.03975698391003049
ZMB,2010,LCMS-VI,19322,113.44755056687937,0.0025185740327131586,0.12611658701214376
ZMB,2015,LCMS-VII,12141,211.70535491935493,0.001333306465718418,0.14383823240759744
ZMB,2022,LCMS-VIII,165221,143.9253186930983,0.0,0.0
ZWE,2017,PICES,30140,109.19083735443257,0.01899322979027311,0.6822159821685427
ZWE,2019,PICES,168598,134.33909653800245,0.013026863587949687,0.5406789401281327
