"Country","Year","Survey","Valid records","Median log welfare (unweighted)","S estimate, log space (unweighted, 1.1926 scaled)","outdetect threshold (PPP/day)","Records flagged (top)","Population share flagged (%)","Welfare share flagged (%)","mean_ppp_day original","mean_ppp_day outdetect-capped","mean_ppp_day change (%)","gini original","gini outdetect-capped","gini change (%)","mld original","mld outdetect-capped","mld change (%)","atkinson_2 original","atkinson_2 outdetect-capped","atkinson_2 change (%)"
"MWI",1997,"IHS-I",10693,0.777359414245215,0.668047834090412,16.1432647044469,206,1.48931367670054,46.860046720085,4.61516630860759,2.69292106929375,-41.6506169177203,0.657555705276473,0.413795791448769,-37.0706104245896,0.811075873615654,0.282240925907321,-65.2016617571012,0.646717721759855,0.394902162876502,-38.937476183289
"BLZ",1993,"LFS",704,2.07062746830933,1.09695141164934,213.040375323908,11,0.307884589004557,21.4931741930144,10.5691853136104,8.95345038735338,-15.287222981854,0.601049590785184,0.529310733038427,-11.9355971365092,0.688425294497802,0.52551602275255,-23.6640450383352,0.731710250361908,0.683301567197268,-6.61582684412268
"COM",2004,"EIM",2987,1.69877607293123,0.835082439858797,66.9551767989343,48,1.40960663564664,20.3288638950524,8.68719793956448,7.86499390920334,-9.46454813256347,0.559251601662275,0.513620126414322,-8.15938213003267,0.546712000682314,0.453260139878441,-17.0934350603684,0.589956387361422,0.547188599784959,-7.24931342259755
"BLZ",1994,"LFS",660,2.04465818480226,1.14269013949552,238.109012206983,6,0.282513237763141,19.9589155629467,10.3236755795874,8.93587136745679,-13.4429273898792,0.605752189612845,0.544744849230274,-10.0713363366565,0.681165893297561,0.539354695578385,-20.8188928885825,0.700358842906074,0.653828935510309,-6.64372383772479
"BLZ",1997,"LFS",753,1.85081659334315,1.14452247996034,197.232657259969,5,0.164063610174528,19.4349867138221,8.54773742008037,7.21007280609921,-15.6493414367025,0.602251640358501,0.528566667588746,-12.2349144164875,0.72088240663607,0.5524914066891,-23.3590109006475,0.795562496943917,0.757635529396419,-4.76731466015436
"SYC",2013,"HBS",1759,2.89174516499448,0.652575179248496,127.672795098123,20,0.88364320376907,17.6105961581804,24.1287666114804,21.0077189425293,-12.9349656333703,0.468146302341744,0.389510020445914,-16.7973732789254,0.400183905191472,0.269189998181211,-32.7334271346034,0.541004716139092,0.47299873800958,-12.5703115149975
"RWA",2010,"EICV-III",14301,0.684032510424327,0.680813988857048,15.2789257507324,344,1.75195519844755,17.044691213223,2.91025857948344,2.68189392506105,-7.84688536036959,0.472224139251352,0.427858564096717,-9.39502483396352,0.374901244227832,0.301670143540668,-19.5334376224851,0.460312631280942,0.414706213077085,-9.90770513443118
"RUS",2013,"HBS",187818,2.81022231247567,0.531205643284106,81.764179340558,1405,3.34992984024361,16.6332798176224,25.646017755272,24.1192865023201,-5.95309286424407,0.408844243333096,0.372510176787678,-8.88701923480814,0.276595447626698,0.228374148881637,-17.4338728850453,0.393756848885281,0.356602157720944,-9.43594791291157
"GNB",2010,"ILAP-II",3129,0.606987721981794,0.792228606530304,19.760273663134,16,1.81858921308156,16.4536916266173,2.59287510434962,2.52560963572975,-2.59424252664646,0.506642397987344,0.493948226333903,-2.50554862835575,0.446719019246204,0.423539905908091,-5.18874557372222,0.557732455385751,0.546028250756019,-2.09853389680135
"CHL",2000,"CASEN",32734,1.97298489874571,0.838799725914896,89.0665707860969,381,1.62423535679296,16.385974360325,14.0196821965597,13.1690714002232,-6.06726161414164,0.525547897924653,0.49532453373278,-5.75082962204255,0.491016809454539,0.434314005158883,-11.5480372980807,0.627628110776307,0.603678371384718,-3.81591247752833
"RWA",2005,"EICV-II",6900,0.556221148003484,0.800744235752225,19.2681573526139,144,1.18300797583137,16.3546795621571,2.73733296338608,2.51759476695215,-8.02745589860996,0.520394140975533,0.478913423140743,-7.971019381008,0.467695602540628,0.39013573500982,-16.5834074790281,0.542893705923226,0.503127777026851,-7.32480934343307
"RUS",2008,"HBS",186564,2.6229052079196,0.559574169495962,73.8198537483767,1331,3.33725479693349,16.0555610999538,22.3775149415303,21.2482359677486,-5.0464896425379,0.415685851057017,0.38539331421582,-7.28736298437113,0.287455418266318,0.246390003177054,-14.2858379003379,0.410918068236698,0.380516466879474,-7.3984581616674
"MWI",2016,"IHS-IV",12445,0.619835777651496,0.635416412621811,12.5044554339555,176,0.804006529384597,15.7904990684211,2.5000184059762,2.20578966102316,-11.7690631496831,0.446943077124833,0.373293167437859,-16.4785883161589,0.348481125248169,0.227258836663089,-34.7858979446167,0.41681112064856,0.339214152987126,-18.6168179823735
"ETH",1995,"HICES",11524,0.654328692769387,0.674006798458958,14.5319414911949,189,0.989494499439391,15.6967199641978,2.37903672729592,2.14939875608399,-9.6525609956827,0.445645132210074,0.386761509338633,-13.2131192770851,0.341138633765302,0.246156413376018,-27.8427041056363,0.417421455549709,0.355429318676059,-14.8512099820099
"RUS",2014,"HBS",187792,2.81736126183478,0.527769880722737,81.5055327139171,1395,3.04935570016022,15.6771744387713,25.1810186580845,23.7187400453548,-5.80706695223468,0.398812218721335,0.362762674605535,-9.03922759221904,0.263477969393684,0.216317111293355,-17.8993553840027,0.379168896035865,0.342100757592736,-9.77615485623117
"RUS",2012,"HBS",186693,2.79348115117072,0.539111050540661,82.3364830414819,1312,3.07116144245389,15.4149593782995,25.1072356052338,23.7656517559156,-5.34341522265599,0.407148269382669,0.374525093915755,-8.01260325050092,0.274960855617825,0.231543513705998,-15.7903719837754,0.39468191604035,0.361537455563715,-8.39776516977441
"RUS",2019,"HBS",189390,2.79281022868422,0.496039404861715,72.3075423031434,1268,3.07883206509403,14.9003401759192,23.8060984804207,22.4851366221343,-5.54883808185884,0.377368619238659,0.341646262485123,-9.46617045837201,0.235483101105379,0.190695623282684,-19.0194020770317,0.347559630905898,0.310584924277653,-10.6383778035073
"CHL",2009,"CASEN",39115,2.32911990209821,0.710145112834107,86.4490515165413,520,1.83937715764338,14.8536755987033,17.1837363867731,16.2214440347401,-5.60001812396115,0.473293826358263,0.442506035229831,-6.50500585763538,0.383746532805139,0.333344956055503,-13.1340800348624,0.509558306869116,0.480730558519071,-5.65739935183713
"RUS",2007,"HBS",192813,2.49700491504912,0.582214254697955,69.6614917295015,1151,2.97761533855526,14.7716576959908,20.2234980094663,19.3104033721564,-4.51501830634061,0.42272473020103,0.39612545751921,-6.29233891028108,0.298935704021333,0.26242288037001,-12.2142732233541,0.426704049010607,0.400352151830186,-6.17568481984703
"CHL",1994,"CASEN",31425,2.024784520809,0.897312170618608,111.801058968335,312,0.909931072599561,14.4668323700901,14.0082153164197,12.9989828636002,-7.20457552959304,0.562664771599815,0.528907684794014,-5.99950245859898,0.567004636875255,0.496357587881067,-12.4596951064672,0.652039584175116,0.625069142576585,-4.13631967339082
"RWA",2013,"EICV-IV",14415,0.774185505265805,0.66217905877168,15.8112653306149,315,1.4800825043792,14.4623201706103,3.10200573370797,2.88740350466784,-6.91817641431653,0.45112831890304,0.410746854861926,-8.95121462099856,0.34179946695129,0.277626837988877,-18.7749353545827,0.435426421494235,0.393800707481149,-9.55975842491158
"CHL",1992,"CASEN",29349,1.96974311508182,0.889252737770835,103.285947225305,331,1.01142663473298,14.2156983506002,12.4642089507782,11.7369961847201,-5.83440769430257,0.547207112707369,0.519436281122277,-5.07501290465562,0.526032640644166,0.47042599130997,-10.5709503627193,0.613827781894191,0.589962851133097,-3.8878870368901
"CHL",1998,"CASEN",41015,2.17341950513219,0.869675981977209,119.396209122755,414,1.07456725983831,14.177310031712,16.232127292454,15.2138408541819,-6.27327780226016,0.554413385490895,0.52488633015729,-5.32581934461429,0.550069316717739,0.490365664436142,-10.8538415917921,0.655910521917584,0.632940803742045,-3.50195909472317
"PRY",2002,"EPH",3730,2.09945511194554,1.01711079383645,172.567332467278,19,0.304430474955796,13.9931319330527,12.0427834645846,10.8829684358221,-9.63078869742425,0.572529655917799,0.527057885482405,-7.94225591030745,0.613496503143009,0.51441010611047,-16.1510940200813,0.673381883128439,0.638583285748196,-5.16773590916556
"ECU",1999,"ECV",4980,1.6990109147812,1.04132807421055,124.336939852657,39,0.490673727182443,13.9080955817953,8.52493372510951,7.94936649137619,-6.7515742912819,0.585407527414361,0.555562476745204,-5.09816653724591,0.661723988208452,0.594571437350167,-10.1481209771605,0.759963910311956,0.742592332689258,-2.28584244422438
"RUS",2011,"HBS",186707,2.75060695714307,0.538287685738855,78.6863749778442,1273,2.91159050289653,13.7568192289257,23.8616322068672,22.8700556200258,-4.15552707478246,0.397493144058825,0.371966553162546,-6.42189463587358,0.261405790111441,0.228203102609792,-12.701588395381,0.383449682843203,0.357583035334144,-6.74577360900713
"RUS",2018,"HBS",190827,2.76284973665874,0.499185839181764,70.8388269906531,1215,2.82251471662193,13.505536939722,22.8660020210028,21.7772619883122,-4.76139218255364,0.374730062162656,0.344137307566306,-8.16394457914373,0.231616223069836,0.193495546073276,-16.4585522081782,0.345441143041388,0.313879587019319,-9.13659436863517
"CAF",2008,"ECASEB",6894,0.740981976566182,0.908163745605504,31.99159504265,47,0.521218631615554,13.4238544440321,3.038541222948,2.79739802587084,-7.93615025710279,0.562366081510158,0.524808101121525,-6.67856430597233,0.570636958618466,0.491424732301518,-13.8813697782078,0.631898326387564,0.600197051850578,-5.01683153969034
"RUS",2020,"HBS",189215,2.79118167703535,0.480614765079515,68.9254835356621,1289,2.83410419354961,13.2256349189549,22.6284779592482,21.5891380959504,-4.59306129722712,0.360682420798648,0.330507897986835,-8.3659532796189,0.214279913848742,0.177625678699993,-17.1057727672145,0.323175637389617,0.291809493193062,-9.70560295011954
"RUS",2005,"HBS",186804,2.29490165148268,0.585294225405237,57.4424931200358,935,2.64891144777257,13.0834551154256,16.0156905867257,15.4418856735286,-3.58276722499054,0.412656055625771,0.39127386750414,-5.18160047093126,0.287201610104683,0.258123225587107,-10.1247289341371,0.422981079200753,0.402102837574151,-4.93597530793878
"MOZ",2014,"IOF",32454,0.808220390420466,0.916087402441223,35.0397313029553,487,0.499552306740975,12.9881439844383,2.86985079677352,2.67215222914977,-6.88880996343116,0.539889914426834,0.505987180605169,-6.27956420665068,0.511032512470043,0.442538133926217,-13.4031351963817,0.625246823576613,0.597543848081535,-4.43072630687005
"CHL",2006,"CASEN",45413,2.22747308749221,0.743886551758489,86.4125346943051,654,1.4489075456475,12.9687497782626,15.9090331731698,15.0978682043717,-5.09876973646729,0.47651448365859,0.448719596398554,-5.83295748885373,0.390850771970976,0.344475360295082,-11.8652475577911,0.531894024113696,0.50692783707765,-4.69382732352526
"CHL",2003,"CASEN",33534,2.00379607665691,0.829637698352066,89.3632185328057,410,1.13224777142633,12.8970556005469,13.8066682914682,13.037827655647,-5.56861814588748,0.512610860658257,0.484121718916617,-5.55765472956549,0.467451284616488,0.415006963444501,-11.2192057007638,0.616797352213295,0.594282950497975,-3.6502105001797
"CHL",1996,"CASEN",27877,2.15251359368407,0.886653684170295,123.035710954202,234,1.00701877601207,12.831138660857,15.1296419065038,14.4273292850979,-4.64196459999467,0.548117179219857,0.526319367621896,-3.97685247322223,0.533659323843998,0.489780175607852,-8.22231455080376,0.638817430484806,0.621280806318931,-2.74516995451521
"RUS",2009,"HBS",186581,2.62995420829069,0.545644951113043,71.2994819510242,1073,2.61345140266867,12.7628358765055,21.3490688415904,20.4876995353206,-4.03469262599295,0.39845600871536,0.373683544154664,-6.21711406500396,0.262718040943899,0.23026107044362,-12.354298313,0.384780691201749,0.359708106633596,-6.51607139896901
"RWA",2000,"EICV-I",6419,0.407927322476881,0.773712069957966,15.3185349883994,99,0.975281968952833,12.7619823271385,2.11252108331151,1.99232042565181,-5.68991517335663,0.485472726862906,0.454660457756223,-6.34685892774861,0.402055287545035,0.34800675766505,-13.4430590902082,0.492733087952667,0.462246644564091,-6.18721253635482
"MDV",2002,"HIES",834,1.67481502723038,0.611967675288991,33.4722940412602,8,0.489437312379497,12.7200094396175,7.05623258728389,6.32250503244732,-10.3982903874063,0.413120270527936,0.345199460652818,-16.4409288821196,0.300817941286179,0.196480806734009,-34.684478627194,0.383416818290479,0.312091138402785,-18.6026476891939
"RUS",2015,"HBS",188953,2.76981983293026,0.511677207541233,74.0582136994154,1187,2.66882944448928,12.5983233592955,23.1790777481684,22.2353899950244,-4.07129120233678,0.377105383513403,0.35122399756956,-6.86317063487973,0.234723334618684,0.20241821905693,-13.7630609305354,0.352806063359287,0.326311858607387,-7.50956616210964
"ZWE",2019,"PICES",168598,1.02463323757811,0.79485498486463,30.2409870757361,1551,1.17795679583126,12.4853828873205,4.50019162422984,4.2945512316667,-4.56959191372939,0.503716855046154,0.480188100917712,-4.67102775949107,0.428841174802808,0.386506304473361,-9.87192294417943,0.516165526915578,0.493116238606022,-4.46548386276216
"PRY",2017,"EPH",8363,2.56439056829722,0.822286348483283,153.124239345501,82,0.699561801995765,12.3733564988824,19.4121315779987,18.0813980218785,-6.85516451798857,0.485474928554459,0.447788526267688,-7.76279063452053,0.411306066840774,0.344424417276457,-16.2607982123952,0.512152311039151,0.476333751309085,-6.99373193443003
"BGR",2019,"EU-SILC",7235,2.96804576761171,0.581144195717722,111.216455809339,95,1.50756822766779,12.3284189036128,26.5495787689253,24.9530994328674,-6.01320024680227,0.412840989435507,0.375612067412072,-9.01773878469282,0.307675042022193,0.253141017411973,-17.7245525837247,0.469966352212746,0.436411607576936,-7.1398185163309
"CHL",2013,"CASEN",49778,2.66783549782392,0.706657273026682,120.03787487048,747,1.42543081235617,12.2744256651278,22.4939006303308,21.4439603731745,-4.66766646839613,0.46791101486946,0.442145249108225,-5.50655251585014,0.369842197831567,0.32759021944361,-11.4243260059792,0.48520607701963,0.460211749230778,-5.1512808624284
"ARM",2005,"ILCS",5187,1.77016008464871,0.520294587442162,27.9675202830522,98,1.82107045272354,12.2104865903198,7.13837774839433,6.77605533889439,-5.07569677972612,0.359923534791458,0.326076797368857,-9.40386891960604,0.217762988539292,0.173365788912361,-20.3878537508773,0.311221422267429,0.27508818371644,-11.6101386234076
"RUS",2010,"HBS",186766,2.71167059015893,0.551371202323943,78.7111007651896,960,2.4701926654697,12.0376332572405,22.9639222930909,22.1439253839831,-3.57080510307463,0.395489775934439,0.373559123892551,-5.54518811265647,0.259861121563072,0.231265669660586,-11.004128563166,0.386113492737599,0.364078309930255,-5.70691861895613
"BGR",2021,"EU-SILC",7481,3.14570107895106,0.583060563387304,133.604343140786,105,1.54575132069416,11.9692952205865,30.8796472385508,29.2487619960965,-5.28142446011607,0.405231535908485,0.372316942255149,-8.12241662770525,0.29063027331927,0.242615834786607,-16.5207973637065,0.438959715023039,0.407999413340465,-7.05310775066198
"RUS",2006,"HBS",192795,2.38165948461694,0.582722276507514,62.1671244465103,864,2.40926315471897,11.966940759032,17.4395274836947,16.8503191847039,-3.37857949156974,0.409509505372284,0.38931682779509,-4.93094233767213,0.281734211614073,0.254679913359578,-9.6027735146185,0.416060401455923,0.39622404583739,-4.76766247139103
"ARM",2004,"ILCS",6816,1.65830800118392,0.55675655288117,27.8986321244362,135,1.60656657780272,11.8846684617931,6.47840002061434,6.15667375591091,-4.96613768337379,0.375056325237724,0.342695775878669,-8.62818387039458,0.23738343730655,0.192962791878732,-18.7126136228511,0.337209469130249,0.303069493696151,-10.1242635689185
"PER",2003,"ENAHO",10676,1.74733896349571,0.882720427495524,81.0851831558921,51,0.864435178701494,11.6439578643788,9.34338120081892,8.95637067860135,-4.14208212101688,0.530733881031328,0.510585433577797,-3.79633714252006,0.5042499617351,0.46495452685712,-7.79284836091326,0.606955035117925,0.590010946255185,-2.79165471614358
"MDG",1993,"EPM",4501,0.612721817336513,0.738004189453767,16.8902137422436,48,0.537383625275614,11.6140460788368,2.1035774658147,1.95003225255582,-7.29924216027913,0.452556975065018,0.409635118331031,-9.48429901623335,0.360228077607908,0.28863726782289,-19.8737450618551,0.470074931833383,0.428441965971682,-8.85666582970592
"MOZ",2002,"IAF",8697,0.386086489875941,0.754670068189812,14.1554073284634,186,0.711927679172299,11.509869933641,1.76919978656739,1.66634345513815,-5.8137205424837,0.470390696036914,0.437864826518689,-6.91464984155919,0.380030994576405,0.323976818512093,-14.7498958938316,0.478847555534346,0.446770181736537,-6.69886969810534
"RUS",2017,"HBS",190880,2.74980898204073,0.506442321971186,71.4598638944855,1184,2.24043889888663,11.3415532930556,22.5698011207203,21.6110496862607,-4.24793922344083,0.372390709726255,0.345005224959911,-7.35396562026891,0.229324705332275,0.194904050698808,-15.0095710724206,0.34543834721673,0.317336961663761,-8.13499305429987
"PRY",2004,"EPH",7050,2.19126258786327,0.89073410882697,129.472035319824,63,0.53926319697178,11.3147732666744,13.3472717269876,12.5352532306421,-6.0837788647368,0.522309985571541,0.491500071661295,-5.89877941478221,0.484798821230375,0.425248733042581,-12.2834638988316,0.589731779246113,0.563193075405902,-4.50013120780713
"NAM",2003,"NHIES",9679,1.41157689147292,1.05162692665416,96.2027238226323,102,0.582199919191982,11.3095410879481,7.18680478647104,6.93410232659033,-3.51620041713695,0.633187597728448,0.619928776274753,-2.09397996758942,0.722488953765736,0.688629100471345,-4.6865565373571,0.683265115635084,0.671734010781452,-1.68764723820475
"BGR",2018,"EU-SILC",7124,2.87001782552301,0.571245285988318,97.8811202345429,77,1.22717308923126,11.1322542991693,22.8972459275044,21.5494370503049,-5.8863362059652,0.403758764946311,0.366770909842108,-9.16087979145708,0.299431751977963,0.245967683306095,-17.8551767869304,0.473538407620992,0.440932437178442,-6.88560207953549
"CHL",2015,"CASEN",63478,2.75357802476498,0.69794987051443,127.412217375656,1088,1.28911938740934,11.0994296798155,23.600682604764,22.6236370312095,-4.13990387446368,0.453057888045931,0.429659114780594,-5.16463213260829,0.346336652987092,0.308932324951608,-10.799991197258,0.467920468428139,0.445136060181458,-4.86929078422659
"CHL",1990,"CASEN",20919,1.94979881480425,0.938997006300648,117.541308523883,215,0.599237752419993,11.0980559146013,11.702753670156,11.1083274196576,-5.079370781035,0.571299174292334,0.54849921273399,-3.99089699133329,0.587328539187272,0.538218729604793,-8.36155682991925,0.687689702582524,0.670998835584649,-2.42709276221444
"NIC",2001,"EMNV",8298,1.52634678072312,0.807018659319148,51.8006531718214,69,0.669579196166246,10.9649754468185,6.63941690306583,6.2582528669495,-5.7409263747292,0.490043998167139,0.459129412201357,-6.30853271979842,0.419071469050605,0.363620687523867,-13.2318197782255,0.529265411281782,0.500667061318563,-5.40340429463536
"RUS",2016,"HBS",190795,2.74446742829632,0.513328105599248,72.5627529268997,1103,2.36476103329543,10.9288877349501,22.5232456342978,21.7776411105601,-3.31037780186666,0.368484993579874,0.347236682557195,-5.76639792471563,0.223972101064966,0.197801813121051,-11.6846195662215,0.343305919021173,0.321626393676742,-6.31492908897223
"BGR",2017,"EU-SILC",7173,2.8641673299896,0.592075860417128,103.585246485269,76,1.35551592401345,10.8124474139609,23.0247021345593,21.9392828350753,-4.71415131948562,0.405490215689188,0.376406211547827,-7.17255386592459,0.31007852955966,0.268508167834767,-13.4063979805138,0.521262390081896,0.497831769570521,-4.49497622640566
"JAM",2002,"SLC",6969,2.19152638183541,0.775140629900699,91.5557678698618,48,1.0919573134821,10.7857229614217,15.2502629794128,14.6051617667348,-4.23009894025381,0.483159626141496,0.460527623124902,-4.68416684509255,0.401201597201648,0.362377763199669,-9.67688919305713,0.778993780957962,0.769258996576723,-1.24966137332546
"RUS",2004,"HBS",192457,2.22389055177086,0.575540290739395,51.9619346204331,1055,2.14404624296306,10.7499347305045,14.5617331403692,14.1104442391496,-3.09914277970469,0.403158421355637,0.38440411332805,-4.65184578422667,0.274507581807796,0.249565459925915,-9.08613223635665,0.413365118375768,0.395116436755213,-4.41466413331135
"BFA",1998,"EP-II",8324,0.38336998740023,0.859681306997676,19.3446115609578,144,0.522710002740921,10.6534942679946,1.92779219861173,1.82353118685429,-5.40831173777583,0.499439698912732,0.470916120417888,-5.71111558751532,0.427856379733149,0.374884218960605,-12.3808276051842,0.509014618967136,0.48098616244414,-5.50641484126125
"LKA",2016,"HIES",21735,1.93171587314805,0.600577481797254,41.8230790915817,325,1.33161039618068,10.608865495439,9.07054447022284,8.66518307685929,-4.46898634028299,0.393457733540508,0.365334101317305,-7.14781533714794,0.255548784374787,0.215731693015893,-15.5810137998927,0.353097953384149,0.323228747366022,-8.45918412493066
"RUS",2003,"HBS",192264,2.15956081546577,0.572178420539396,48.2355391961014,1080,2.18502791874296,10.525464683405,13.5037995807277,13.1364219231315,-2.72055028216345,0.39971570093829,0.383246268378801,-4.12028662392527,0.268250074732458,0.246664445585921,-8.04683061805849,0.405073632772646,0.388932681307877,-3.9846956599688
"PRY",2003,"EPH",8495,2.14861727939048,0.960567112554168,152.981747524886,63,0.430500570651673,10.5241599983051,13.6358820397398,12.859407292785,-5.69434925215624,0.549301437599504,0.522183651561044,-4.9367768191117,0.548011004934949,0.491873703773894,-10.2438273420657,0.63594063699563,0.613978537199396,-3.45348268668424
"CHL",2017,"CASEN",52238,2.88536517132467,0.700370916947597,146.419812282208,810,1.12350432532503,10.3447708848416,25.789196224539,24.7663958861916,-3.96600316443432,0.452112134486514,0.429661889823586,-4.96563638762448,0.344618971680115,0.308430429380583,-10.501030202459,0.46571162295651,0.443808853164252,-4.70307561860086
"CHL",2011,"CASEN",41091,2.51498548902945,0.733259768102085,111.582563124505,569,1.11926373529399,10.3368690675369,18.3982265112866,17.7453290900301,-3.54869759243326,0.468429546738157,0.449048247916916,-4.13750561983132,0.37233605314051,0.340190072127213,-8.63359342780744,0.492395251099449,0.473850348779192,-3.76626343955359
"ARM",2018,"ILCS",5177,2.02062140095134,0.531740013331857,37.1826197450323,112,1.55183721344432,10.30193953482,8.79425152738064,8.46528678262681,-3.74067928043237,0.344334976912234,0.319116842557294,-7.32372138929326,0.200198274927761,0.167924419614698,-16.1209457597515,0.296517958569005,0.269707574405798,-9.04174043710344
"PRY",2007,"EPH",4308,2.24493451778776,0.929981801794323,153.681137960112,26,0.251813647679625,10.2448027015575,14.0137237503716,12.9650354802976,-7.4832948669061,0.53030302992731,0.492393278744337,-7.14869594242543,0.513627777009762,0.438318498009687,-14.6622286353965,0.615425452393774,0.584338133966126,-5.05135403593238
"NPL",2003,"LSS-II",3910,1.08204651732933,0.716189996572127,25.295246862744,70,0.905314137790334,10.2074317637902,3.78430785307135,3.62702865727473,-4.15608882530462,0.437681043103218,0.413459988466431,-5.53395104002147,0.31705631496787,0.278436203291261,-12.1808366064313,0.405810393453524,0.380195755687046,-6.31197184194647
"NOR",2005,"EU-SILC",5960,3.91971331417234,0.441712986068369,189.587805804871,57,0.750401454395634,10.1811152489934,56.0113439073373,51.7314340837378,-7.64114824789783,0.315251929022241,0.258689092170186,-17.9421065011357,0.2005364376906,0.125794018474517,-37.2712411154923,0.979941293017636,0.978282104121395,-0.169315132249581
"PRY",2014,"EPH",4522,2.63477899223981,0.859932092209288,183.933682025759,33,0.459519555564753,10.1756975087631,20.1091223241883,18.9080901029904,-5.97257404791475,0.507026450858948,0.475815632735305,-6.15565875720465,0.459929992355421,0.40130332130118,-12.7468684427382,0.572382598794791,0.545258246171729,-4.73884997205993
"JAM",2004,"SLC",1981,2.27285324492766,0.73991624410092,89.353639802227,19,1.29291029541166,10.0962493540371,15.2057885740937,14.8258366517335,-2.4987321144755,0.454574743989839,0.440770292281147,-3.03678369535658,0.348623547397965,0.326685305787305,-6.29281692943613,0.467866711116065,0.454365770036106,-2.88563831518451
"NIC",1998,"EMNV",7831,1.44690260204331,0.855203302169902,55.2856017561002,54,0.606810305575751,9.98619286626119,6.30814463099357,6.01367987081543,-4.66800901696756,0.498464869733204,0.474041184035072,-4.89978074306507,0.449919265417496,0.405241302885687,-9.93021770035811,0.614521198848421,0.595684593643002,-3.06524904929524
"CYP",2014,"EU-SILC",4135,3.65545502038144,0.5865028420531,224.744352820179,62,1.14975356320697,9.9430023303866,47.4921008934752,45.3539663995439,-4.50208445974453,0.370281931504955,0.340836855482691,-7.95206936038961,0.231241380128363,0.190939580617255,-17.4284548417486,0.337172786289203,0.306310995959074,-9.15310831273855
"RWA",2016,"EICV-V",14573,0.816683470045171,0.69523940505859,18.2178464028371,205,0.97995637726549,9.93501556956099,3.08679557037934,2.95864889748667,-4.15144670163318,0.437100477763362,0.412909533674335,-5.53441263958624,0.318571887608192,0.280583407553636,-11.9246178122525,0.423583962033506,0.39880390075931,-5.85009431311652
"ARM",2003,"ILCS",4640,1.49055181115134,0.487787804243267,19.1809044432118,76,1.56509983361065,9.88474528981108,5.22525711402533,5.00895406109191,-4.13956764640009,0.330280868350473,0.30164448411093,-8.67031275004278,0.182094660448948,0.146720764985345,-19.4261025427045,0.269113494556959,0.238297601846833,-11.4508909190369
"MMR",2015,"MPLCS",3648,1.69281265870599,0.58186916198933,31.1377261862893,36,0.647068527057139,9.82440728879619,6.41480157200617,5.98606776499689,-6.68350847951789,0.380685092850857,0.336482798414436,-11.6112491049756,0.250511819043562,0.186528927527633,-25.5408673970796,0.344908090103458,0.29826220475723,-13.524149384909
"NAM",2009,"NHIES",9649,1.61383743814696,1.03324139666907,111.448391601125,85,0.484777187774576,9.60723253785338,8.06187474886704,7.82762807345683,-2.90561045299206,0.609651754691331,0.598044636150696,-1.90389323926593,0.659865210033888,0.631949930648205,-4.23045175911746,0.65388401643968,0.643537329455948,-1.58234285035255
"MWI",2010,"IHS-III",11972,0.576951631085013,0.754736388949955,17.1356450182333,136,0.74289109680142,9.58552653381593,2.27423739123085,2.18353894387241,-3.98808179428262,0.454759711378601,0.432259036517785,-4.9478162418138,0.349448203163189,0.312181655771441,-10.6643980579705,0.453202271117218,0.430591686210805,-4.98907140307892
"MWI",2004,"IHS-II",11273,0.598544490017659,0.641968958044491,12.4840441902248,157,1.01716585509493,9.52685546181521,2.1885259308108,2.10701166347604,-3.72461967149558,0.398734603285328,0.375672843984851,-5.78373662843943,0.263775606930357,0.230245515834083,-12.7115966053399,0.364042710019117,0.339680615661939,-6.6920978464035
"KEN",2021,"KCHS",16960,1.00454389126499,0.589484539605461,16.0065419425076,91,1.36593243424274,9.52430023659876,3.59190192474485,3.46843694922136,-3.4373147739066,0.387037599639132,0.365407258401021,-5.58869248317968,0.248770002722662,0.218546408505703,-12.149211675916,0.359513798079811,0.337052563975588,-6.24766955376673
"PER",1999,"ENAHO",3217,1.72720687599711,0.9643153227225,101.509546085678,24,0.671667244090489,9.52160468521777,8.76700050914893,8.61404774859918,-1.74464185772697,0.54828892296819,0.540324761273909,-1.45254834826256,0.564549130172744,0.548171733900282,-2.90096918003401,0.685023638851328,0.679439875419223,-0.81511981710114
"NOR",2006,"EU-SILC",5731,3.93925613994449,0.442696766489745,193.900751783773,72,0.965873744986416,9.42975327115638,57.3706520734331,53.8335775856656,-6.1653029204552,0.305647991502914,0.260228810374526,-14.8599638770912,0.180475325191453,0.12391776275798,-31.3381136027738,0.972043051951079,0.970207205611236,-0.188864715010151
"GMB",2015,"IHS",13185,1.27358678262976,0.573150892761523,19.9462161945623,145,1.67516738934314,9.3497756445515,5.09994816791429,4.95724696532508,-2.79809123329922,0.359188310287911,0.340998502857111,-5.0641423759643,0.213650352350093,0.190701181663592,-10.7414616611049,0.325383509739422,0.306478949625043,-5.80993183382849
"IDN",2015,"SUSENAS",283944,1.49826324710918,0.61023245792582,27.9093182602013,3698,1.23867569742131,9.30213475827082,5.86354331525477,5.66381455706527,-3.40628093715752,0.382075334941486,0.360469203004397,-5.65494025946429,0.239475759996957,0.209532473502437,-12.503681581343,0.337482096333529,0.314449773771152,-6.82475390920131
"DOM",2006,"ENFT",6452,2.22082996398663,0.878649266192574,128.609124591537,43,0.541910601964139,9.28760733530642,13.0060669514562,12.4950610044927,-3.92898136593313,0.519367854130341,0.499804404041415,-3.76678108461005,0.476405982017007,0.438771629507674,-7.89963894869596,0.58667450693454,0.569801375873158,-2.87606344948358
"ISL",2009,"EU-SILC",2886,4.02362131742243,0.470159687328825,229.086664465555,51,1.56010524886472,9.04815802864114,64.0967346364453,61.8711538721172,-3.47222175505749,0.31789278539745,0.293611245788004,-7.63827954732847,0.17305736025706,0.144155426686598,-16.7007826350359,0.312326653543021,0.288234696644134,-7.71370506666289
"NIC",2014,"EMNV",6693,2.31309098779217,0.732644458597222,91.0150032297558,72,0.667867253129745,9.04210437634926,11.7152010777236,11.2637597703831,-3.85346614492903,0.461562941919886,0.440081963003421,-4.6539652484045,0.366635826911371,0.330164450944926,-9.94757557483909,0.480559448134295,0.459812502884328,-4.31724843419762
"DOM",2018,"ECNFT-Q03",5908,2.52276176149261,0.698785314139516,101.404523834173,34,0.618437384176247,9.00830924664696,16.2369406221687,15.4013902833657,-5.14598382938081,0.436723528656072,0.406260685818438,-6.97531523693644,0.325760831851602,0.276374531680888,-15.1602940998173,0.436996905498661,0.40656524886374,-6.9638151327857
"MEX",1992,"ENIGH",10259,2.03802740089541,0.89874914630244,113.780919400756,61,0.532678842178501,8.98993563513841,11.9841096112862,11.5128327548711,-3.93251456888574,0.523043407274495,0.503594258187106,-3.71845793616551,0.481167703446524,0.443340249060207,-7.86159464057237,0.578135304048348,0.560897031165215,-2.98170216598483
"BGR",2020,"EU-SILC",6716,3.03836855360289,0.608434537108446,129.498871255548,71,1.21761485436313,8.98046839865155,27.4328781774164,26.5460747144931,-3.23263004774093,0.40263879668706,0.38289543255324,-4.90349273251103,0.294674555671466,0.266623889748726,-9.51920190693822,0.486967407338369,0.470038513895477,-3.47639147667418
"BGD",2005,"HIES",10053,1.11296866878955,0.513291052368433,14.1943191669209,185,1.66798914075629,8.95606095874084,3.81451735238302,3.70964655533038,-2.74925468584186,0.332012920587455,0.313323837750196,-5.6290227513409,0.178585157368075,0.155813638107855,-12.7510704673433,0.266005131575049,0.245837198367015,-7.58178351245217
"PRY",2010,"EPH",4344,2.42223722679811,0.926338739127153,181.499598971594,37,0.315713371787603,8.94293704403018,15.420182918461,14.6141841716829,-5.22690781970636,0.509824377177386,0.482835781182396,-5.29370449965736,0.473922802657629,0.42202617335095,-10.9504393997623,0.595558240321782,0.573267886773451,-3.74276637265353
"NIC",2005,"EMNV",13709,1.58929867110147,0.771138586400504,49.5367307770923,113,0.62188734027475,8.89644623803955,7.14151335988799,6.81423512073187,-4.58275750059309,0.464877843107705,0.439292922468034,-5.5035792776519,0.367591056672004,0.324191345670097,-11.8065198307128,0.475176313593317,0.450065118026812,-5.28460591324778
"CHL",2022,"CASEN",51504,3.06002537225514,0.65278418264677,151.165901660718,598,1.13693098188461,8.87801607598506,28.7198943818592,27.8887895116577,-2.89382982803176,0.429600064944129,0.412743351534462,-3.92381537741598,0.311583282476043,0.285930218002681,-8.23313249334381,0.457346233740884,0.441337340553775,-3.50038810993669
"MDA",1999,"HBS",6071,1.095996040064,0.652438251310904,21.1853688323276,40,1.0808732202663,8.87493653313539,3.97224117549807,3.84869427055282,-3.1102568924396,0.426242064990517,0.407993958031058,-4.28116050907943,0.305216853179312,0.277674846254748,-9.02375037212748,0.424267003076308,0.405981401510573,-4.30992781270958
"LKA",2012,"HIES",20523,1.81133789247979,0.609325685163407,38.0657507714624,274,1.01969556263939,8.86135728474139,7.87556778347036,7.56584035547703,-3.93276315446612,0.387136084622144,0.362202174185129,-6.44060614017717,0.247674680614747,0.212125741759658,-14.3530774994256,0.345786344101503,0.319298222468542,-7.66025671192666
"TZA",2018,"HBS",9459,0.952104570504636,0.640851460189021,17.7193799153049,143,0.976522788136592,8.79937342820464,3.29474994296006,3.1778663747429,-3.54757023266398,0.40491229966793,0.383145977314664,-5.37556462748032,0.270382611530282,0.237959351974522,-11.9916215662886,0.370662280044817,0.347716442693963,-6.19049700662276
"MEX",2014,"ENIGH",19025,2.24386376626002,0.817673464166747,109.605127673346,144,0.607724876829453,8.76180769206454,13.085197482767,12.6047952703517,-3.67134094115117,0.489047511585009,0.469685046874644,-3.95921955468305,0.413800026750524,0.37923360778852,-8.3534114856023,0.529062517703411,0.511169752801806,-3.38197553273556
"MEX",2000,"ENIGH",9895,2.01440577830583,0.897933280548846,110.85306880169,67,0.572199819765537,8.70741949178446,11.7227287214879,11.3362826157118,-3.29655419789469,0.534100960753896,0.518315036315843,-2.95560682305659,0.516731580715944,0.485556186486304,-6.03318925977888,0.631761174108228,0.619234124600916,-1.98287739429298
"ARM",2017,"ILCS",7772,2.019796632404,0.518863192765574,35.7441353918775,99,1.11282380838647,8.70605598457208,8.79643569281281,8.42838232549235,-4.18411934303319,0.336218373066879,0.30741542875825,-8.56673716129708,0.19080654666925,0.153733098752409,-19.4298615870374,0.281935315489738,0.251078814073356,-10.9445322104405
"PRY",2011,"EPH",4057,2.47395482355918,0.92648384697503,191.216513484439,30,0.405824607277479,8.67782244328375,16.9870480132332,16.2889458131874,-4.10961456930006,0.523062531591576,0.502700718876703,-3.89280659291652,0.500734072632824,0.460934766224181,-7.94819218100755,0.624293105565819,0.608210527386334,-2.57612618753962
"MUS",2012,"HBS",6696,2.50187448615234,0.607783385787117,75.582490068888,103,1.07961167432406,8.63701186516831,14.941819584501,14.4672902406441,-3.17584709929892,0.384653985171955,0.364585673915447,-5.21723731720504,0.24811430340599,0.219539304868949,-11.5168686951044,0.357784544095807,0.336942993306881,-5.8251680048385
"PRY",2006,"EPH",4789,2.17154953685987,0.920119845844717,138.643941450738,28,0.303564796659524,8.63162522832477,13.0833256851285,12.3748962435327,-5.41475048963291,0.529809032760351,0.502930291973811,-5.07328851048442,0.508187712051019,0.454131860526924,-10.6369851616302,0.611676577860913,0.589461443747253,-3.63184318604263
"COL",2002,"ECH",30541,2.14882961717297,0.899933215831077,127.56541153199,188,0.413644398035442,8.60316703527692,10.548480205432,10.1686440123085,-3.60086178981406,0.559471191058756,0.543068602044238,-2.93180225839282,0.573125529488879,0.538049888274551,-6.12006260576264,0.686709124553738,0.67501612937285,-1.70275809113308
"GTM",2000,"ENCOVI",6516,2.0710261944484,0.960906300948005,141.704669176347,48,0.497958019597075,8.58443222841114,11.8265586099439,11.5169454654271,-2.61794791475944,0.541466789501655,0.529185495773703,-2.26815272258067,0.530391221684715,0.50520635677922,-4.74835628415919,0.645035700196036,0.635503911267432,-1.47771494286402
"CHL",2020,"CASEN",49484,2.8900693973731,0.726727220484378,159.214294479928,537,0.836276208026757,8.57623124430849,25.9705022238404,25.0746831623289,-3.44937134365156,0.467636085348995,0.448704176571205,-4.04842769215742,0.381343509827149,0.349069875133861,-8.46313988873633,0.571536406720001,0.556293126869937,-2.66707066616187
"GTM",2014,"ENCOVI",10530,1.92803312413241,0.811590079114024,78.476825251355,74,0.476547961195846,8.56413046838639,9.40450567300944,8.97307124801267,-4.58752899937069,0.482553865655667,0.45777392186014,-5.1351663636261,0.409571176963863,0.365534049761853,-10.7520083635903,0.576837701934059,0.556534694140276,-3.51970887577391
"COG",2011,"ECOM",10393,0.935232138409898,0.854879946641846,33.1112127347718,94,0.674631754341695,8.53858166757932,4.59149723673871,4.42282725077153,-3.6735290749513,0.489386705854105,0.470026988289376,-3.95591407227565,0.422272536499036,0.388020820637933,-8.11128190932702,0.544178338889948,0.526861497228553,-3.1821997356086
"EGY",2015,"HIECS",11977,1.84871661104243,0.492484828932045,27.8315730600864,163,1.2699676641987,8.49913527983142,7.24888022905802,6.98624007041836,-3.62318248254171,0.31823358093207,0.292766314557629,-8.00269610135099,0.169797322737189,0.138241407983746,-18.5844595455047,0.250411157937626,0.222788857634886,-11.0307785524558
"LTU",2015,"EU-SILC",4785,3.03966974075597,0.558594202161444,111.659308531745,49,1.46147313259734,8.48383363316731,26.0120098881545,25.4370650388358,-2.21030536198766,0.373961531920585,0.359959357481882,-3.74428202997003,0.251998729268065,0.233405216799357,-7.37841517007358,0.472751012569041,0.461032046536448,-2.47888755835959
"CHL",1987,"CASEN",17899,1.76144832920114,0.941960459332562,98.2317720372514,104,0.527847625751735,8.46620405397209,9.79731814497884,9.48637127544059,-3.17379577693528,0.560943306036686,0.546638901331929,-2.55006246635232,0.569669231647885,0.539584972713921,-5.28100470635195,0.934160107313457,0.932002712306151,-0.230944887328832
"AGO",2018,"IDREA",11971,1.34646402137855,0.941973911907423,64.8700317782544,34,0.262430686567667,8.45163731497771,5.48207330977068,5.18898722606,-5.34626348736178,0.512721112113794,0.485242066310421,-5.35945276177246,0.477889647701523,0.424678418128346,-11.1346269644265,0.597770764033505,0.575066800567325,-3.7981053661748
"NER",2005,"ENCVM",6686,0.408787429351646,0.761889346992989,14.7974589036687,65,0.449724532141797,8.38954930383218,1.71457401192244,1.63727678266492,-4.50824687181975,0.444254441973068,0.418112129465647,-5.8845359860253,0.336802683382384,0.293509272666291,-12.8542356852127,0.442978572077247,0.416750735185132,-5.92079133063385
"GTM",2006,"ENCOVI",12815,2.00834898420208,0.93780333247484,124.183334984348,58,0.405659382866181,8.38506390637784,12.0810412714369,11.5717995905912,-4.2152134853617,0.545497319587208,0.525571988153468,-3.65269098825598,0.547174100398055,0.506370405535225,-7.45716853797482,0.651204489521032,0.635873829888246,-2.35420054368204
"PAK",2005,"HIES",15436,1.16497707988652,0.501304152274518,14.4239430369823,424,1.39232341936255,8.36500700892787,3.79738799050914,3.68056415584629,-3.07642608431994,0.312612538245859,0.290992758348262,-6.91583901877736,0.161179400780249,0.135384363265512,-16.0039294040473,0.240908942582385,0.21744455623704,-9.73993995151142
"SYC",1999,"HES",813,2.81715423510111,0.710781418020802,141.10418089794,10,0.515620260843191,8.36456783057891,20.1619154520746,19.2030201037485,-4.75597346197321,0.427766910173382,0.399319581470837,-6.65019383827865,0.319693376162223,0.274562060171688,-14.1170632098534,0.447296015846835,0.419799007681252,-6.14738499593494
"ARM",1999,"ILCS",3599,1.41656674781377,0.563864007991875,22.3798001230002,45,1.18336711773407,8.34568179254796,5.10073609745405,4.9398800893531,-3.15358420878192,0.362197243288364,0.341594806457754,-5.68818156746922,0.21843002295061,0.191042125355157,-12.5385225096302,0.323292100987624,0.301624550992511,-6.70215879971108
"HUN",2006,"EU-SILC",6752,2.9437034256265,0.528811279592396,92.7712944045815,75,1.09306385156387,8.34331528574556,20.9857732124892,20.2489134719841,-3.51123464951295,0.346681230863719,0.323115457425739,-6.79753368224425,0.216936191548642,0.186460063207029,-14.0484296898796,0.379874219874183,0.357651709176468,-5.84996547148559
"LKA",2002,"HIES",16909,1.49423691575318,0.644725951342092,30.8277349377938,222,0.96527262370124,8.33871057095485,5.83350555463854,5.64463809615837,-3.23763227293058,0.401719063090843,0.381842478290012,-4.94788189733883,0.264049641054296,0.235132220953162,-10.9515089608426,0.36358130060801,0.34251627561996,-5.79375918201076
"ARM",2002,"ILCS",4633,1.42590846548475,0.539133989622825,20.9745633469943,69,1.33583802963891,8.31722507817932,5.08400124386404,4.94133961117428,-2.80608964960299,0.3477967431956,0.329125247848615,-5.36850781736154,0.200002150339895,0.176154229443773,-11.9238322466001,0.299943904076443,0.280152472098758,-6.59837779955068
"MEX",2018,"ENIGHNS",72369,2.41684350200057,0.769064072722685,112.621847021679,536,0.603490452599467,8.30330639269091,15.0738895500894,14.5019204097666,-3.79443632263671,0.459487328593789,0.438256196466654,-4.62061319342814,0.36339621790297,0.327552287392832,-9.86359481586823,0.485377159726551,0.465151059465254,-4.1670894181944
"MOZ",2019,"IOF",13297,0.572546414911901,0.867089314330013,23.8984680343518,157,0.401607490734068,8.30198942499167,2.0964005949204,2.01833567702128,-3.72375957573484,0.504473870888246,0.485365957633781,-3.78769136661554,0.45170259910101,0.415618426519035,-7.98848017562677,0.587491210814328,0.571555988440141,-2.71241885510067
"SVK",2006,"EU-SILC",5060,2.86839696339156,0.39420541115414,57.4556414394962,68,1.25505496054236,8.29841938703677,18.7235923015954,17.8909299660879,-4.4471291731584,0.292964923929171,0.260209316784394,-11.1807265885166,0.158740045700089,0.119370435323536,-24.8013097154673,0.268953445611183,0.2356368840947,-12.3874826889733
"LAO",2007,"LECS",8281,1.20543069589648,0.549205447972479,17.3405387354916,125,1.26166824086479,8.24455909989036,4.24813000909089,4.11667048987177,-3.09452674324471,0.353610348725556,0.333126734425093,-5.79270781363969,0.20626812518539,0.17950750082865,-12.973708047566,0.305725183121253,0.283972733537944,-7.11503362635406
"UGA",2002,"UNHS",9708,0.731022578782765,0.773821085517095,21.167898985729,112,0.487130296252604,8.23175118074828,2.47753761471275,2.37670813189978,-4.06974579171652,0.451723258472052,0.428523260404387,-5.13588743385461,0.343621086783566,0.304315610442121,-11.4386101008412,0.438973081196099,0.415229148300099,-5.4089724206557
"FJI",2008,"HIES",3573,2.18900166027586,0.640696580248395,61.0132711911458,46,0.724135030697652,8.20379871132668,10.9843585254403,10.5250423323524,-4.18154771645638,0.403755860478633,0.377824637945937,-6.42250059279777,0.273757658997948,0.234422078927278,-14.36875965942,0.377077624770522,0.350054055054215,-7.16658001989696
"UGA",2019,"UNHS",13730,0.946858359110343,0.717964018157835,22.2146151772417,110,0.519553740072722,8.15844416858318,3.52603193352428,3.35377945085741,-4.88516513503902,0.427054538863499,0.397695961263598,-6.87466703387144,0.309856194558242,0.262785770218236,-15.191054807574,0.431284639117829,0.402168893730031,-6.75093493878017
"LKA",2006,"HIES",18535,1.69111452789549,0.631513396373965,36.076970194593,233,0.846849846318646,8.13958202596456,6.86155459212012,6.6085704944875,-3.68697930237486,0.396690194257634,0.373720385667071,-5.79036460267166,0.259043442478068,0.225531671471489,-12.9367378251302,0.357866694331153,0.333510036915337,-6.80606991420035
"MEX",1994,"ENIGH",12440,2.01469385750997,0.923682746572955,119.790226102113,86,0.508129102093875,8.08010588684895,12.4245146772735,12.0292897357116,-3.18100909232963,0.534215348749104,0.518985097632869,-2.85095723136704,0.505908379508788,0.475683749546528,-5.97432878886237,0.60179862657884,0.588741667470352,-2.16965585028253
"LKA",2019,"HIES",19899,1.97066725054579,0.593419563348866,42.5604722296107,245,1.06172119651599,8.0531402844565,9.24845009148677,8.95553298648048,-3.16720209449933,0.376637771574997,0.35639688988703,-5.37409766506562,0.232776280039521,0.204975851186666,-11.9429818399604,0.333201576910368,0.311708789483462,-6.45038586737768
"MOZ",2008,"IOF",10832,0.609072510412894,0.799615252314172,20.2452109109028,137,0.444372627724152,7.91162032656775,2.12333978973268,2.04531338303916,-3.67470185746104,0.455783370493346,0.435099941536149,-4.53799552511287,0.364609407521297,0.329493467779867,-9.6311118191264,0.499001986963614,0.479933369761034,-3.82135095665873
"COL",2000,"ENH",6982,2.06506290270448,1.01524357538268,165.801887834639,48,0.292660781678126,7.91015981269604,10.8289298913108,10.4575813318772,-3.42922673949088,0.553414176633126,0.537594877970733,-2.85849176445654,0.559136375745458,0.525542193791756,-6.0082268675353,0.680478858193197,0.669138782650184,-1.6664846242429
"RUS",1997,"HBS",188064,2.14584658637041,0.585987210553833,49.5909430883232,1106,1.29232549013499,7.90521290011097,12.5165568566681,12.1679727877138,-2.78498370555164,0.384092333721316,0.366620028539735,-4.54898565985412,0.251797805143083,0.228427766431936,-9.28127181166951,0.39064262938058,0.373537526004239,-4.3787088478961
"MEX",1989,"ENIGH",10539,2.02940717044943,0.880507049147699,106.796837844749,57,0.349113074812884,7.84520363673791,10.2058237355971,9.77799780513574,-4.1919784384397,0.500737390564251,0.478936436999342,-4.35376985536142,0.445374352200409,0.404273826217008,-9.22831002286966,0.569761893727076,0.550958220620086,-3.30026864099088
"LAO",2018,"LECS",8449,1.61844795059064,0.608650978274863,31.3245108524509,101,1.00263209030557,7.83513210283765,6.52131187205441,6.32442806997884,-3.01908275418133,0.388024337966793,0.369102543942265,-4.87644515384668,0.247141818383913,0.220466263360688,-10.7936225433879,0.352009295746264,0.332097922923379,-5.65649062780363
"RUS",2002,"HBS",193141,2.12444009731857,0.550373349575079,43.6219361284592,988,1.49324735959365,7.81798449612066,12.2598503726749,11.9527605807335,-2.50484127135776,0.372838297916796,0.356886855295094,-4.27838092568001,0.233294367091625,0.2128004881999,-8.78455795877661,0.365339292084279,0.349462869687617,-4.34566517772729
"MEX",2016,"ENIGHNS",68154,2.3776948408496,0.780717739771018,112.15121113642,537,0.598560543408151,7.7684409063739,14.7723322569957,14.2960452539348,-3.22418284922737,0.469051285565387,0.451427296490066,-3.75736931497304,0.378244485821973,0.347802086367571,-8.04833926084795,0.497095360531299,0.480396991631688,-3.35918824141993
"PRY",2016,"EPH",8649,2.51444034754974,0.867462727961379,166.805511414792,76,0.514651265813862,7.76660644827589,18.4333194651652,17.8601427628959,-3.10946003704041,0.478997177423361,0.462352850280549,-3.47482781262851,0.402108800005388,0.372745277084387,-7.30238256924676,0.525456151423928,0.510268361029501,-2.89040110259821
"TUR",2022,"SILC-C",26229,3.12105306888411,0.730649550516989,202.958539737289,134,0.532329750922539,7.75998230621422,27.7190510773469,26.6484663073539,-3.86227063475486,0.443648682187972,0.421388659364178,-5.01748877377753,0.343472598384138,0.307057604101615,-10.6020085601696,0.482778346607816,0.462074539177518,-4.28847059437732
"EGY",2019,"HIECS",10719,1.80079827013111,0.514323848876175,28.3257084127343,154,1.12581655959806,7.71929383816275,6.75839564448009,6.5555907418711,-3.00078470213017,0.318935584316892,0.298001881941259,-6.56361453691966,0.170188329699732,0.144171713285089,-15.2869567851952,0.259027508976171,0.236536162656384,-8.68299525740958
"PAK",1998,"HIES",14643,1.14570888342936,0.520390763467371,14.9824748366318,359,1.08574219436732,7.71753004480001,3.47886643311215,3.37305492198004,-3.04155141240813,0.331232927175875,0.310406000781936,-6.28769807745602,0.181917067796917,0.155642966614418,-14.4429005484135,0.268177277426934,0.245647899947702,-8.40092706413943
"CPV",2007,"QUIBB",6923,1.6563685912634,0.783804221380615,55.0246493814163,68,0.633820362871779,7.7113949302405,8.25705205626537,7.96907559498942,-3.48764255467466,0.471873888752541,0.452864412864855,-4.02850768834443,0.379047108552622,0.346373733095839,-8.61987196830095,0.491282718274911,0.472975060698878,-3.72650144102744
"CPV",2001,"IDRF",4572,1.65546417274921,0.917780378587564,82.1712355641484,44,0.42299872314298,7.70774597390399,7.396032211767,7.17354811396304,-3.00815479751407,0.52496303223987,0.510265146179644,-2.79979449172154,0.478626693483744,0.449474703188926,-6.09075730453559,0.566091793498732,0.552651090815237,-2.37429739096279
"CZE",2009,"EU-SILC",9454,3.35049278274952,0.342295038274711,79.6289641242993,176,1.84300395689132,7.70126504338683,31.4124190306348,30.4608303441887,-3.02933908247572,0.262757917204331,0.239937117299592,-8.68510458126109,0.121818157874438,0.098385160074598,-19.2360467509231,0.214437068125706,0.191184877927123,-10.8433632309092
"AZE",2004,"HBS",8423,2.09203481367086,0.397349075538769,26.6844777930359,170,1.57806505598084,7.67632639103758,8.74016173387943,8.49033681150514,-2.85835582888466,0.266215925243935,0.244829646685345,-8.03343321365687,0.118159073661729,0.0954104919627254,-19.2525051136817,0.182549563483647,0.159527786890922,-12.6112471338708
"PHL",1997,"FIES",38108,1.54898466280225,0.775200237682875,48.1627247218654,216,0.487251755151993,7.65203246986328,6.24317274635438,6.00011686219,-3.89314686681239,0.459622075091196,0.437808998691629,-4.74587222453124,0.355136421735725,0.318139672671468,-10.4176161046608,0.458197432408647,0.436319791910789,-4.77471913861489
"CRI",2007,"EHPM",8832,2.57457888461229,0.849700410354454,167.952317661725,58,0.58210989024773,7.64148633147092,20.6456034021128,20.0456394920998,-2.9060129574685,0.49281105329471,0.477696090305668,-3.06709090390527,0.428994716367939,0.401680844565766,-6.36694830030181,0.575643022394613,0.56297788441269,-2.20017224029511
"UGA",1999,"NIHS",10014,0.628569112234662,0.715297539303613,16.0299962092908,103,0.674342030062959,7.64105528983141,2.25506288357843,2.19084928368048,-2.84753034452194,0.43003754299966,0.413438237614747,-3.85996656690181,0.311774664458068,0.285654042272169,-8.37804516005241,0.4250644913422,0.40831364956971,-3.9407765441892
"NGA",1996,"NCS",8163,0.907851731491914,0.902554886839139,37.1705355380733,40,0.341681187603668,7.63210425136922,2.92018833701215,2.82432124606019,-3.28290780895484,0.519222464204439,0.502974446331586,-3.12929793932318,0.484800226277138,0.453189776472803,-6.52030425956609,0.595078425859237,0.581351208216149,-2.30679134826094
"LAO",1997,"LECS",8864,0.876611390729303,0.548008640904279,12.4365200998862,115,1.10680710026079,7.61908502406914,3.01396337961844,2.9219752346219,-3.05206578217221,0.348954399762167,0.328586600457889,-5.83680828158634,0.202006621778854,0.175463388351012,-13.1397838318886,0.303248686194028,0.281694179094505,-7.10786495732166
"RUS",2020,"VNDN",49496,3.12365276475274,0.525053610181907,109.816807957621,265,1.69135309580018,7.60999933875047,32.6686027459154,32.0399122740723,-1.92444861120248,0.356745088068085,0.34425065201559,-3.50234284097835,0.220325386510289,0.205022309299638,-6.94567133321988,0.383047294193784,0.371314105634213,-3.06311746288829
"ISL",2007,"EU-SILC",2863,3.93196257845847,0.445673743759119,194.218499184269,39,1.30277730761034,7.6026334356585,58.2371706219205,56.3398465507909,-3.2579262537446,0.302451505692395,0.279142635930103,-7.7066469578095,0.16192587985241,0.134773286194604,-16.768532419002,0.393371254477943,0.373416537346102,-5.0727441074268
"MDG",2005,"EPM",11777,0.525835608614573,0.642333076033084,11.6212443976976,175,0.723209987017411,7.60213810979907,1.94663473499917,1.88269487405106,-3.28463577673365,0.399371791660277,0.379083542983436,-5.0800404786974,0.267016892733511,0.237033463668605,-11.2290382671893,0.377426756961319,0.356445261327319,-5.55909067044497
"ECU",2007,"ENEMDU",16708,2.09736776262948,0.98827211727717,157.93508820422,74,0.3827954208015,7.52959727417466,13.2019186811763,12.8124356575043,-2.95020014194892,0.532798825464517,0.518637133700284,-2.65798104038347,0.521125680174728,0.492612164095434,-5.47152388838966,0.672001350570918,0.662040046239993,-1.4823339748443
"COD",2020,"EGI-ODD",8992,0.269285990004747,0.732796137201586,11.7949845338148,66,0.624245313115001,7.52647772191726,1.7477412123166,1.6898274974698,-3.31363215782007,0.447496274599581,0.428655242314924,-4.21032159463589,0.341570660607647,0.310877554261691,-8.98587316936226,0.461055233209887,0.442677628305018,-3.98598770410302
"PHL",2000,"FIES",79036,1.59378463982516,0.755886230654471,47.5339090832026,601,0.588988999932633,7.51331679326537,6.56294436895616,6.34981906328876,-3.24740381276921,0.456487723800321,0.438325743269033,-3.97863503975256,0.347209409368156,0.316883050393655,-8.73431368973788,0.449568378116027,0.431174930230549,-4.09135712848787
"PRY",2008,"EPH",4132,2.30560322530574,0.919487817084819,158.232690855251,32,0.310378371041406,7.49154820982043,14.5695231942796,13.9691603885707,-4.12067572633148,0.507046911736139,0.485915418211998,-4.16756182416859,0.455979915651249,0.415831313568255,-8.8049058094264,0.573060901383712,0.554733757030636,-3.19811459983104
"ZAF",2005,"IES",19224,1.50591952223401,1.11268140115637,126.971636351835,100,0.367096429579475,7.48614115068134,9.53900348433809,9.29100856275835,-2.59979904595817,0.647624886260824,0.638253483192061,-1.44704183974012,0.778307641878386,0.753196141147204,-3.22642350916362,0.717166678874463,0.709622822261828,-1.05189725552713
"GMB",2020,"IHS",13483,1.28509818967651,0.618914334729906,23.146444741709,125,0.947377899265945,7.44954703871965,5.08461562970803,4.9251190985836,-3.13684539284624,0.387572041455177,0.367844369925365,-5.09006569610715,0.253371952030515,0.225011672846812,-11.1931407389113,0.3731050077169,0.353035673316814,-5.37900429771623
"RUS",2022,"VNDN",114659,3.16108434792184,0.509025401826165,108.653134238932,538,1.62872271342363,7.40651368640836,33.1395876909035,32.4547578691536,-2.06650073059869,0.351442772713631,0.337962195640026,-3.83578156111041,0.211340140085668,0.19544421419722,-7.5214892362637,0.375635657014889,0.362954846127716,-3.37582725451189
"COL",2004,"ECH",35800,2.10621318788459,0.911044588634059,126.386788360659,211,0.401254174538392,7.4039066782335,10.6032492084511,10.325326796559,-2.62110610086,0.549389940647938,0.537310317646836,-2.1987339241879,0.540312926813131,0.515263582447105,-4.63608089367242,0.642533322281159,0.632923964664844,-1.4955422984444
"UGA",1992,"NIHS",8317,0.735788350675253,0.717456788259573,17.9602092815547,58,0.608213102642021,7.40361576564875,2.31140480970388,2.24951362491703,-2.67764367916086,0.414196243501493,0.398167873105047,-3.86975271937462,0.290748879708109,0.266055206545967,-8.49312753567022,0.403748698383496,0.387431168573225,-4.04150648054138
"PER",1998,"ENAHO",5843,1.67854205244972,0.965991822685978,97.1753929540824,27,0.401589850365971,7.38694546868494,8.98165971216067,8.70843592219736,-3.04201894437593,0.551146273123312,0.537098002626587,-2.54891871392224,0.570583869113648,0.541179507333061,-5.15338118938843,0.681867423640572,0.6718955163964,-1.46244077638014
"BGD",1995,"HHES",7418,1.02585864917425,0.53457288171509,13.8679066200912,121,1.1803643400082,7.36881875483573,3.30931355287049,3.22914805957944,-2.42242060204644,0.32942982879391,0.312913712902126,-5.01354596584421,0.177746574001736,0.157304115970612,-11.5009012949663,0.264967284767494,0.24712735107562,-6.73288164896587
"PAK",2010,"HIES",16332,1.32040929928492,0.453599917743467,14.6027381042169,400,1.43435969507259,7.30082006662461,4.29279556086359,4.18884207088078,-2.42158026183508,0.287808638247845,0.270294305913379,-6.08540884703522,0.136055012085885,0.116492994212725,-14.3780207529666,0.211556905463212,0.192694723430687,-8.91589049822104
"ZWE",2017,"PICES",30140,1.10745102162234,0.725209977350338,26.6577776863102,269,0.748161396015017,7.30039678733523,4.40920478927632,4.28675854617744,-2.77705955950798,0.443370820981933,0.427560640597769,-3.56590457377168,0.322848422996913,0.2976203893911,-7.81420375903609,0.425828924679907,0.40954843306191,-3.82324700705445
"ECU",2006,"ENEMDU",16647,2.03947647101771,0.968046614700683,140.276617868619,57,0.213676679249244,7.26763182695381,12.516859932723,11.906919055342,-4.87295440437431,0.522051664328393,0.497585391179582,-4.68656166057544,0.495951090899617,0.447044440548049,-9.86118414677846,0.623815075758292,0.604553610225213,-3.08768836816981
"PRY",2005,"EPH",4045,2.26942647353624,0.945839265796965,165.164883838418,19,0.29129946620119,7.2611760334555,14.0162610767128,13.4796401115971,-3.8285600002647,0.513704316389176,0.494406878934212,-3.75652624268481,0.473815715956632,0.436668108781278,-7.84009603825672,0.593154662705819,0.576976411473364,-2.72749288670413
"ISL",2008,"EU-SILC",2876,3.99480482674694,0.442851448121821,205.071596854465,43,1.39839193824937,7.1920343078918,61.5109210480151,59.9547391811937,-2.52992775966829,0.29470959780386,0.276549329265231,-6.1620892817733,0.149638801394515,0.129021077672824,-13.7783272316743,0.327933597350383,0.311000754128483,-5.16349753691389
"LTU",2022,"EU-SILC",5913,3.53266046962285,0.556352087355961,181.5837049502,66,1.15905891195798,7.16427145338418,45.0977430987319,43.9714804786777,-2.49738133810486,0.365742631873819,0.349638487538608,-4.40313568388359,0.228864062795338,0.20789000186427,-9.16441868369002,0.370740754886478,0.354951194192186,-4.2589223024932
"MEX",1998,"ENIGH",10630,1.88479904271059,0.943638376925172,111.68854769693,61,0.359578509029105,7.16197005455249,9.84650747366187,9.54291157154381,-3.08328514379473,0.532779240855198,0.517958665049267,-2.78174798667868,0.516740812925961,0.486954239364549,-5.76431603936032,0.62455067623645,0.612620079727648,-1.91026876805184
"IDN",1996,"SUSENAS",183570,0.847950896987028,0.550710857048355,12.1835108531571,2184,1.01997545852958,7.12364733898442,2.80997241986792,2.73406871504329,-2.70122597246684,0.34214148059916,0.323992421048195,-5.30454814165843,0.191497647179613,0.168117792415337,-12.2089514459395,0.348582876540598,0.330788931177641,-5.10465274127856
"LVA",2006,"EU-SILC",3874,2.4494928131403,0.594687907584092,68.9620625925266,40,1.02364813674642,7.11488344920469,16.024714779517,15.5905038686772,-2.70963269433556,0.387541878390996,0.370611770546959,-4.36858796121035,0.271196884702797,0.247898459282182,-8.59096351573043,0.474179234956215,0.459735136999514,-3.04612620964602
"DOM",2004,"ENFT",5118,2.00003159996951,0.900031722423201,109.961111035083,35,0.304491371711313,7.10699977642337,9.88956426741326,9.52153505237868,-3.72138958889483,0.519942305387354,0.501433318925534,-3.5598154391439,0.479608042638026,0.443443855034494,-7.54036304408409,0.613817199192903,0.598905987093689,-2.42925941450004
"RUS",2021,"VNDN",48806,3.16060590432282,0.494254665241915,103.89387028274,336,1.65043407504942,7.07049119627515,32.614946698656,32.0236096006917,-1.81308620071632,0.337149052810786,0.325074232442204,-3.58144869988972,0.19242009908696,0.17859400916222,-7.18536680437504,0.330308323252531,0.318468239056204,-3.58455520579617
"IDN",2014,"SUSENAS",70861,1.46943683624412,0.644851085616322,30.0838984404662,561,0.825477083191687,7.06381882847463,5.68237620225739,5.52931912953428,-2.69353994306651,0.387799711473813,0.370943977758397,-4.34650496550326,0.244720033329155,0.220635123411242,-9.84182193434013,0.34310548056765,0.325116694574698,-5.24293169645382
"VNM",2010,"VHLSS",9399,1.97933463626298,0.636725512937493,48.8869835059889,70,0.883058216284955,7.06215529462025,9.62441378456612,9.37642326144672,-2.57668184962159,0.392527247809715,0.376568442531576,-4.06565540792085,0.25884605285575,0.236208836243212,-8.74543627874189,0.38067664659049,0.364495497201197,-4.25062833095186
"BGR",2016,"EU-SILC",6983,2.75486245786895,0.565035762887505,85.6243535293301,52,1.04668761586498,7.05573107390155,19.2760145594932,18.8121703149652,-2.4063285649448,0.38496444535221,0.369923724390113,-3.90704158362878,0.292710898392332,0.272202901544157,-7.00622934124158,0.567510132444175,0.556971492307396,-1.85699594320744
"PER",2002,"ENAHO",13107,1.76232308346003,0.995298312929134,115.378499310408,45,0.354245350583576,7.03971131886694,9.01019349356959,8.78462485173118,-2.50348277203363,0.535486599306468,0.523607524872784,-2.21837006734981,0.528779627827421,0.504810014575428,-4.53300618832008,0.639636527213923,0.630394236797713,-1.44492849032034
"IRL",2006,"EU-SILC",5733,3.67742908882118,0.515217472124234,185.504938659397,73,1.01151600661115,7.02448679832448,47.4817268982951,46.0227914083018,-3.07262516613651,0.337487954709267,0.316560535483867,-6.20093811745885,0.193710679816161,0.166199530931674,-14.2021848824217,0.308900333211553,0.287293553526408,-6.99474146256368
"WSM",2002,"HIES",1462,2.0873220647441,0.710568903897396,67.9674406431209,23,0.867130643100678,7.01598223286222,10.1304679230556,10.0090825986159,-1.19822031283828,0.407355196661507,0.40022246325265,-1.75098623199439,0.276721004623616,0.266186104790068,-3.80704740786754,0.394013365498436,0.386737252393798,-1.84666657067174
"EGY",2008,"HIECS",22260,1.6892841287975,0.502546859694879,24.4572013887762,422,1.09548895966027,7.00532599427699,5.89900703172398,5.75368829978231,-2.46344395184078,0.31102436066744,0.293738127703945,-5.55783891859793,0.160768936687178,0.139777136920701,-13.0571242175483,0.243425915750086,0.224732196552522,-7.6794285193348
"HTI",2001,"ECVH",5041,0.542862683534621,1.0931110645985,45.7044595975287,29,0.260565201226529,6.97817377003093,2.66750265666398,2.60044960308157,-2.51370147335724,0.594766183381774,0.584346025031788,-1.75197558992646,0.692278011829359,0.667804565673284,-3.53520489425956,0.774371604980163,0.768555941689751,-0.751017115427577
"LKA",2009,"HIES",19944,1.74757891054825,0.577957914757341,32.5069091125424,250,0.889413480254849,6.97695009837418,6.91145487177101,6.71836694595704,-2.79373777875067,0.360541524445221,0.34224363746616,-5.07511222381857,0.214496182911483,0.189432226700686,-11.6850360088415,0.313522021509464,0.294031244050065,-6.21671720715491
"SLV",2007,"EHPM",15336,2.07058244768124,0.772595190328857,80.5089226510433,83,0.554717909561085,6.97394243712989,10.6060163412186,10.3129562794494,-2.76314925737219,0.452125780916837,0.436623372339519,-3.42878226184794,0.35166044328905,0.325901717644088,-7.32488573467135,0.479806957063707,0.465085048058212,-3.06829836223919
"DOM",2009,"ENFT",6966,2.13000514783649,0.81832897911543,98.0024114678651,38,0.569778848224326,6.97200847515839,12.4073215104272,12.1006790144737,-2.47146409235676,0.488724979003128,0.475833578627645,-2.63776171248266,0.413395077077209,0.39042439165725,-5.55659384779496,0.531723151619777,0.519900827416741,-2.22339842961923
"UGA",2009,"UNHS",6774,0.920206180262791,0.779566279231749,26.0210289779584,82,0.637108773838008,6.95930104399128,3.42186392243817,3.34950836942147,-2.11450702473118,0.441955592615515,0.429978818974646,-2.70994956076698,0.328001479830371,0.308731199837114,-5.87505885742434,0.441427445145503,0.42943149660225,-2.71753572986339
"GIN",2002,"EIBEP",7092,0.940353703105483,0.722200662560723,22.3528916004612,53,0.620159204777972,6.92522900914382,2.87146038348688,2.81122869081788,-2.09759789880378,0.430041636949925,0.417909742784575,-2.82109756892291,0.312228402509699,0.293102241552595,-6.12569542148229,0.432938585541899,0.420859311679776,-2.79006636634258
"DOM",2013,"ENFT",7004,2.16053020687138,0.77074916550224,87.5997113966473,26,0.590441605258973,6.89279303796097,12.8184374709227,12.4521142475242,-2.8577837527352,0.476563932340282,0.461275038474861,-3.20815169338163,0.388132134438527,0.362076653560532,-6.71304397809964,0.504584480372687,0.490091158637186,-2.87232808365336
"PRY",2022,"EPH",4298,2.5376507014883,0.815499083279732,146.079055520014,36,0.557997019243773,6.88334641932936,18.4709966855856,18.014690772155,-2.47039139900154,0.450676993394481,0.436836420891795,-3.07106258041691,0.352952905803572,0.330143236817229,-6.46252477633292,0.484950016318951,0.471961467602614,-2.67832730781783
"SLV",2013,"EHPM",19953,2.0782236138558,0.725255484460121,70.3856964599399,109,0.486795007052774,6.88008179649567,10.8961594756636,10.4891288471077,-3.73554213725539,0.433542754624349,0.411611228610701,-5.0586766310167,0.323091145019707,0.287482937327779,-11.0211029428728,0.447107446331068,0.425727165869196,-4.78191106798098
"CYP",2019,"EU-SILC",4036,3.81775105712118,0.533819522885713,225.700664000182,44,0.962870374533076,6.87407045668028,51.220942387024,49.8731835475466,-2.63126521432155,0.327287567332671,0.309204397919416,-5.52516233984368,0.180652442871082,0.157663817044777,-12.7253334972671,0.282397030479713,0.263317631275834,-6.75623223497398
"IDN",2009,"SUSENAS",67033,1.22261108905221,0.532442398489354,16.7758153127014,780,0.994170524529292,6.85776007527798,4.14769674224759,4.03003786210248,-2.83672812784654,0.334327076297288,0.314982335804178,-5.78617224406575,0.184186930841717,0.158952447270386,-13.7004745429069,0.275214050386718,0.254402367452525,-7.56199870789664
"LTU",2021,"EU-SILC",5617,3.52946893027041,0.543180816158537,173.992358006301,66,1.12642796249955,6.85388911170909,43.7149363162009,42.6786616290295,-2.37052772918558,0.358980290800516,0.343532941840318,-4.30311896114163,0.222581627756364,0.202674259670161,-8.94385052660054,0.370674946421124,0.355702335892062,-4.03928311681782
"LKA",1995,"SES",18768,1.37779768797551,0.569785360316621,21.9146150676023,266,1.08975119667627,6.84758273162627,4.96946175968319,4.86798853431855,-2.04193593334162,0.353995391001444,0.340625118619835,-3.77696227732952,0.20377417413519,0.186439979921155,-8.50657071123029,0.303304966406641,0.289067274931832,-4.69418342979595
"IDN",2012,"SUSENAS",71013,1.46294589146198,0.609429076764299,26.8759845919123,710,0.772045557284678,6.83964756028875,5.33944960654113,5.18174491681286,-2.95357576809167,0.371488806227987,0.352440860149493,-5.1274616513759,0.225466104180728,0.198734728146761,-11.8560508822821,0.320637406078548,0.300174713703828,-6.38187933996296
"ZAF",2014,"LCS",23368,1.81049208666922,1.07174824468814,152.282419629543,100,0.418140313669448,6.83744076120073,11.9430582975022,11.7632129484372,-1.50585674611168,0.630260727220264,0.624635313250705,-0.892553466621526,0.750348977096102,0.736097493303538,-1.89931408285757,0.727473266263685,0.723311109700794,-0.572138765217767
"PAK",2004,"HIES",14695,1.18668226643435,0.488745592842953,14.1954152813428,394,1.21740077663918,6.81487337039886,3.76915851269343,3.68511022880599,-2.22989517698424,0.308861068831673,0.293215358775197,-5.0656141661555,0.156718214742569,0.138274870794461,-11.7684750163875,0.243323989327814,0.22654687026167,-6.89497123259053
"ARM",2015,"ILCS",5184,2.04461521172998,0.518488977013164,36.6012408474885,73,1.10539881006688,6.80366983309571,8.5881962454855,8.4084734091222,-2.09267267801174,0.323567717982325,0.309237759536905,-4.42873551625538,0.176379846163646,0.15893071174098,-9.89292983421493,0.277891489942164,0.262822643852439,-5.42256479061729
"MEX",1984,"ENIGH",4672,2.06709283242318,0.84061358263931,98.3894497518663,28,0.581138258362032,6.76797962241142,9.87288015508014,9.77646437273919,-0.976571991419661,0.485270123609998,0.480211420457762,-1.04245097856089,0.407079241983679,0.39802875629502,-2.22327369102788,0.526555278402057,0.521900302160534,-0.884043220618658
"COL",1996,"ENH",7800,1.97371644768221,0.988936652070309,139.843844532156,61,0.234612637318455,6.73780014796385,9.73717293485642,9.40919301422858,-3.36832798207538,0.553572291331071,0.538031155584717,-2.80742659806638,0.578429470618175,0.54515832005388,-5.75198053597408,0.72028516054482,0.710538740671645,-1.35313350976193
"IDN",2011,"SUSENAS",71802,1.3719018753722,0.626699820659174,25.8420067718891,590,0.723367767664451,6.73082918981659,5.08637614496004,4.93095360219671,-3.05566356741689,0.379259149809564,0.359769796268936,-5.13879587359031,0.235290814477881,0.207509119868846,-11.8073859664618,0.33253523985518,0.31169508964528,-6.26705013849826
"BGD",2016,"HIES",45694,1.27601465473001,0.505240982047962,16.3093343085558,566,1.08541232331153,6.72099960411912,4.47471021437287,4.35098848301453,-2.76491047310596,0.323852725185445,0.304746994223027,-5.89951217840694,0.17183924347219,0.148383895808286,-13.6495873643092,0.263037391623899,0.242579387403984,-7.77760306001167
"MEX",1996,"ENIGH",13672,1.79365266636796,0.907883409699335,91.5882414935588,74,0.388220552631177,6.69813682636077,9.05753860339821,8.80641665191362,-2.77251869939997,0.519499621680501,0.505835387212943,-2.63026841547195,0.480688562427367,0.454106157382951,-5.5300681402073,0.594239542194597,0.582686961551681,-1.94409490156957
"HRV",2008,"HBS",3107,3.30998539703078,0.553626446449769,144.151486525086,54,1.02821467648896,6.6975868764301,32.3041900459268,31.6227755937017,-2.10936863377882,0.337087724634499,0.322879757237404,-4.21491687735011,0.189460871421295,0.171128805458002,-9.6759113508609,0.29304330602881,0.278063063377467,-5.1119552445503
"AZE",2005,"HBS",8553,2.20061411883855,0.402932700683883,30.2474602081302,166,1.3698446178641,6.69202752660331,9.7187676169487,9.48272821847754,-2.42869680369274,0.265549077018832,0.247408591031614,-6.83131200863917,0.116494750878648,0.0970842772393761,-16.6621015048922,0.180998824152554,0.161445448818082,-10.803039978863
"CZE",2006,"EU-SILC",6932,3.24095812526886,0.366911544072396,76.837496561746,124,1.55933688288788,6.67584144627055,27.5958351140711,26.9517363398565,-2.33404342195898,0.269443630325555,0.252133065671708,-6.42455887078554,0.125491622874792,0.107292800163864,-14.5020219629203,0.216419216248282,0.198601188414783,-8.23310801248689
"MDV",2009,"HIES",1903,1.93904278321136,0.67323016542536,52.3909192465307,14,0.80107445678279,6.6336390503722,8.72432301292568,8.56527318641729,-1.82306210204215,0.383727637781888,0.372391365367478,-2.9542496547652,0.250290501813166,0.234377705160087,-6.35773093177812,0.374089448111132,0.362604987113162,-3.06997726237868
"CYP",2021,"EU-SILC",3961,3.85092436190312,0.516607350060879,221.571738320643,55,1.03156202220058,6.60874747085395,52.9283158552424,51.7160670242389,-2.29035972789875,0.317279431066376,0.301381337443072,-5.01075457992024,0.169268671330099,0.149821324270431,-11.4890410061428,0.273572303953598,0.256902495436042,-6.09338309348151
"TUR",2018,"SILC-C",23860,3.01123218729492,0.7157449654678,173.89768059606,154,0.523031066875597,6.58937848917065,24.1668458266237,23.4839397803066,-2.82579717360036,0.43531784066682,0.418960904386014,-3.75746977329265,0.327266222268727,0.301004603827224,-8.02454291171506,0.463364368911714,0.447828493714532,-3.35284200502312
"MEX",2012,"ENIGH",8702,2.21625599769865,0.86938973665833,124.514877614084,58,0.447140824105793,6.56932123608971,13.9074820794961,13.5506117557404,-2.56603116017611,0.49591202549105,0.482679088360189,-2.66840416256442,0.429325641961709,0.405047249443026,-5.65500639741628,0.546564171412007,0.534651275505258,-2.1795969311294
"LAO",2012,"LECS",8223,1.46564725103353,0.569746920569956,23.9241405194881,93,1.03437240529458,6.56697429371418,5.41025156195298,5.30242644039174,-1.99297796648694,0.359635482157172,0.34669978465477,-3.59689133697566,0.21122651575047,0.194248365816069,-8.0378876080398,0.315925115070115,0.302274342066562,-4.32088882852
"DOM",2008,"ENFT",6718,2.07685497336831,0.831731779723197,96.7422584355012,33,0.506801856839766,6.55192156265391,11.4864879798925,11.2241938592462,-2.28350145932804,0.480815828473343,0.468745794012889,-2.51032385909145,0.399913915753897,0.378762455615508,-5.28900328424812,0.5218211429877,0.510688042562751,-2.13350888030442
"ARM",2014,"ILCS",5184,1.98255902601636,0.514007479465552,33.9395657271378,41,1.13933646249905,6.54968810291116,8.01123523193114,7.87321015859223,-1.722893777838,0.314832906209461,0.302913841878063,-3.7858381688563,0.165166433385686,0.150873213006844,-8.65382879913905,0.264197956117245,0.251619121705616,-4.76113994085805
"CZE",2021,"EU-SILC",8363,3.60233149012875,0.356243167516304,106.811008032255,166,1.70621772177671,6.54617675088656,40.0366571225174,39.2382151299857,-1.99427736958254,0.262451315527385,0.247565185008706,-5.67195881215772,0.118928095665118,0.103647985199315,-12.8481923302881,0.211365267587552,0.196190018081524,-7.17963252867077
"PAK",2007,"HIES",15500,1.23360266203833,0.483178291817144,14.6309264368884,394,1.20779277420231,6.53011259311066,3.97815830853158,3.89509136415587,-2.08807538396749,0.296695023979189,0.281800542723882,-5.02013180253125,0.143516324921402,0.126305891450862,-11.9919691923306,0.220921526593486,0.204801278102343,-7.29682106570163
"CYP",2007,"EU-SILC",3359,3.76210015651774,0.540483593951253,217.794278005826,40,0.820455304461466,6.52928391054553,52.688216095112,51.0349575855727,-3.13781454766815,0.311259618349051,0.289071504822447,-7.1284908862548,0.163542400070915,0.136188330756637,-16.7259801142799,0.254251834850621,0.230519345860863,-9.33424492440798
"MEX",2005,"ENIGH",21964,2.18366672529944,0.961346120339293,158.809454837137,99,0.245673278482786,6.52352340558156,12.7624163570683,12.3200095331362,-3.4664816720782,0.509321020382927,0.491735941485865,-3.45265131288738,0.47155056323874,0.437720763488666,-7.1741616673557,0.62570495046988,0.612274794546838,-2.14640397410258
"BGR",2015,"EU-SILC",4872,2.78110715061967,0.566936228589239,88.403877905206,48,1.00524321336363,6.51631299153948,20.2022592311443,19.7744907712731,-2.1174288230681,0.373282039347117,0.359808082960951,-3.60959139896797,0.25653136210346,0.238357470946354,-7.08447146894122,0.464316409653342,0.452889244577386,-2.46107284566728
"IDN",2013,"SUSENAS",70689,1.46044887490315,0.644650933071238,29.7968199317347,602,0.743009518975081,6.51263946307604,5.55854658916776,5.41793169887281,-2.52970606685166,0.389268523927609,0.373485565394414,-4.05451701410348,0.246041704449629,0.223237990322494,-9.26823124483872,0.344249967565954,0.327395691464759,-4.89594123141535
"BEL",2005,"EU-SILC",4828,3.88214295101131,0.475110836787691,201.840031697274,42,0.509621935981481,6.49923008503006,52.8972263541189,50.4879349818868,-4.55466484405652,0.305364378984058,0.272252006906776,-10.8435607936482,0.171193513219803,0.127207413892662,-25.693788567015,0.298328749888905,0.265068897215636,-11.1487252521435
"CYP",2013,"EU-SILC",4497,3.73245351759105,0.562737599040012,226.029679237798,44,0.784435396745368,6.49872296456989,49.4716235339423,48.0296565854877,-2.91473544923231,0.343124334742135,0.323478786941094,-5.72548951265883,0.196823605910178,0.17065129116053,-13.2973454218659,0.297702692210506,0.276871149405929,-6.9974317833335
"IDN",2023,"SUSENAS",338733,1.83290695703427,0.587373583212013,36.4167089596503,3517,0.877239398817683,6.48500407668802,7.65141810691554,7.47468504950444,-2.30980786752931,0.360570304842177,0.345535200817792,-4.16981205120768,0.212250374915511,0.192059951067666,-9.51255038106871,0.309407628563697,0.293319340443441,-5.19970635337592
"SEN",2001,"ESAM-II",6563,0.945251336622046,0.720170108709403,22.326217549125,100,0.533148501786083,6.47628959341915,2.93436813646968,2.86336185258355,-2.41981512147821,0.412294355687031,0.397772249642225,-3.52226651771804,0.282081469918803,0.259583095712932,-7.97584265721077,0.385135893654134,0.369962260021754,-3.93981290302855
"ARM",2001,"ILCS",4037,1.38918993087694,0.553736804317192,21.1237995127258,57,1.04151184436463,6.47364329390092,4.8466773078017,4.75292758119306,-1.93430923197087,0.353643589537053,0.340983766556001,-3.57982538227959,0.206337383241987,0.189992701580794,-7.92133805536566,0.314942878373618,0.301700426148601,-4.20471556410561
"UGA",2005,"UNHS",7419,0.755212159145869,0.745325668308682,19.9093438965872,94,0.574127384356138,6.41711179454491,2.75759556371842,2.69494256890914,-2.27201536126618,0.429447398737435,0.416241250388388,-3.07514922383335,0.306754888830033,0.285916685471657,-6.79311206346321,0.416294604805425,0.402801051454277,-3.24134716025316
"ISL",2006,"EU-SILC",2818,3.86992810703596,0.433400033725625,175.937392656838,38,1.10848962960297,6.41148385864835,50.8125171544011,49.5049285710687,-2.57335919682771,0.290024469366929,0.271378069758388,-6.42925048677567,0.145640872758799,0.124054729006927,-14.8214875007111,0.249959999646032,0.230669413092503,-7.71746942744682
"NIC",1993,"EMNV",7286,1.39387172867072,0.999143594355647,80.7455225071584,45,0.294961561386756,6.39956354572283,5.79062594742177,5.65821941415841,-2.28656684900042,0.528952118755287,0.517956914472331,-2.07867666903933,0.52732569241347,0.505278939352301,-4.18086078079464,0.688298026109726,0.681009577996461,-1.05890876288849
"EST",2007,"EU-SILC",4906,2.85902582240298,0.510228428047181,80.6171258559639,36,0.991325010256199,6.39593590041599,23.0413085961111,22.3667789988467,-2.9274795502642,0.335562619692537,0.315599967201551,-5.94900960937666,0.202399630639861,0.176441889959917,-12.8249940960277,0.480287985365947,0.464811820051672,-3.22226784467318
"BWA",2009,"CWIS",7730,2.14689584300681,1.09657720716886,229.666318071476,32,0.145773753679374,6.3888019579475,11.009727555917,10.6411310790499,-3.34791642204637,0.604590467966049,0.590914262020988,-2.26206112561954,0.668628035544197,0.635426512795292,-4.96561929561956,0.688463485374751,0.677674876672651,-1.56705605036235
"BGR",2022,"EU-SILC",7186,3.19106365008537,0.599908709658929,147.052516644374,63,0.87054448335218,6.36659361987964,30.4628849528841,29.8035944343206,-2.16424189495888,0.390055117889479,0.376639413597643,-3.43943808875667,0.274575294094838,0.255663383846772,-6.88769552643517,0.468326972085429,0.456697654271163,-2.48316208705232
"DOM",2017,"ECNFT-Q03",5919,2.45651645817651,0.708546021755718,97.7247177476075,33,0.503474410259331,6.36384344163366,14.8040706868445,14.3539817517023,-3.04030522862992,0.421335864190273,0.403243126683389,-4.29413658902597,0.302371050964378,0.273921002310023,-9.40898560348833,0.433179901068063,0.415484249732448,-4.08505826147155
"PRY",2001,"EIH",7520,2.3175879580216,1.01535735642711,213.504952111841,40,0.187662280205169,6.36348824333897,14.8524610892428,14.3079947354663,-3.6658325546516,0.546061286519175,0.528815969918901,-3.15812840536703,0.558132892240903,0.522039088746984,-6.46688342430458,0.676108120693511,0.663788866713889,-1.82208342165541
"DOM",2011,"ENFT",6948,2.15930144867831,0.800283636597983,95.5980438924773,33,0.548000598432145,6.34959888165781,12.6916677011558,12.4096755633597,-2.22186827165696,0.477069049372443,0.465244559188815,-2.47856996784469,0.392862071740155,0.372454099918718,-5.19469128975485,0.518765180805172,0.507878143089558,-2.09864465049796
"BGD",2010,"HIES",12224,1.21708759344494,0.509392932429982,15.5687607534411,156,1.07364235225237,6.34895106193669,4.08285295145556,3.9907874248066,-2.25493123910181,0.321303193954507,0.305745288003151,-4.84212614256128,0.167585843668848,0.14863425883158,-11.308583363829,0.255640877717048,0.238890969105567,-6.55212451195712
"RUS",2001,"HBS",193272,2.04817743856811,0.559247301524209,41.5093765691377,846,1.15241867028009,6.34736343295483,11.0639063389473,10.8400017992322,-2.0237385680581,0.369251149583984,0.356316347337545,-3.50298225503479,0.231157640116653,0.214369140727204,-7.26279234420989,0.37120598233769,0.358514074169003,-3.41910119248607
"PAK",2011,"HIES",15797,1.35123802436571,0.480758373350233,16.3383179650277,385,1.10307276035265,6.33146651399142,4.39421394121911,4.2962192919497,-2.23008370962969,0.296979570106745,0.281047283928152,-5.36477515031295,0.144444970360956,0.125825227848724,-12.8905440360452,0.221417787768618,0.204146233821997,-7.80043650543087
"CZE",2008,"EU-SILC",10456,3.3383416268334,0.350888241419621,80.7216124018905,180,1.59891688553461,6.32948713538457,30.6577509939896,30.0079440797964,-2.11955180378552,0.259956478198175,0.244081490921715,-6.10678656154025,0.118052976560667,0.102154074888871,-13.4675991533559,0.219722132540194,0.203809488731748,-7.24216701543952
"COL",2005,"ECH",35676,2.19046059958447,0.898065274089977,132.245021028817,206,0.339917158982824,6.30639143905866,11.1806863022216,10.9251119768076,-2.2858554341439,0.538638437049668,0.527876266449021,-1.99803242033672,0.522033718173134,0.500158855528757,-4.19031604336372,0.632562986636905,0.62397798253481,-1.35717774884968
"CZE",2010,"EU-SILC",8564,3.39339889820967,0.356560646195505,86.7543738690895,149,1.53098917071824,6.28173709933954,31.865326638509,31.1918306622922,-2.11356997484171,0.261566746282906,0.245750096967577,-6.04688842909017,0.119902213323709,0.103701562446045,-13.5115528133961,0.214938872634665,0.198869616613111,-7.47619815093519
"DNK",2018,"EU-SILC",5583,4.12171955507985,0.404641590009036,207.606471784916,57,0.944058486831953,6.27075711428318,62.1365158024193,60.2000123332692,-3.11653050407217,0.287466613966627,0.264663890018762,-7.93230338411141,0.147543903523323,0.120941372569731,-18.0302474845304,0.322772333795923,0.301463062948562,-6.60195085395221
"SLV",2009,"EHPM",19269,1.93802742497431,0.783769542255507,72.9180386191413,107,0.586804297802367,6.26386017951248,9.87729109395993,9.68647757480116,-1.93184059620823,0.45825086106011,0.44762316152894,-2.31918812036359,0.364112887030595,0.346392980385941,-4.86659694721684,0.503043301081451,0.493299643986925,-1.93694202339613
"SLE",2003,"SLIHS",3713,0.584704372761032,0.606138757057724,11.0576295191785,40,1.01318345000892,6.24612016710852,2.46785058106552,2.4257397404791,-1.70637723813243,0.401677320620417,0.391390216021761,-2.56103694945157,0.2644967929114,0.250291973095668,-5.37050739231073,0.380406222334435,0.369863390501417,-2.77146671479784
"MDG",2010,"EPM",12453,0.354016754333035,0.710693219412759,12.0142856499819,112,0.492621312382277,6.24293520118614,1.6936436406838,1.64709549729919,-2.74840245412012,0.424174875618518,0.407945399710576,-3.82612852406153,0.30296649254987,0.277163819792569,-8.51667540530218,0.425139312517822,0.408960290651678,-3.80558122708671
"PAK",1996,"IHS",14304,1.15335292836794,0.459664422913696,12.582993714783,337,1.00722147582897,6.21910135779846,3.49695296882709,3.40621253425869,-2.59484286398143,0.286649886092343,0.267732782978809,-6.59937576512409,0.137149688018201,0.114579906926664,-16.456312382236,0.209918462185312,0.189354032907008,-9.79638906660346
"LTU",2017,"EU-SILC",4897,3.20236351979199,0.581956893925778,140.925897357125,51,0.92610400525264,6.21762325390417,30.6389900403675,30.0390934507188,-1.95795158018702,0.381058687984237,0.368759664250624,-3.22759305100033,0.261437011055826,0.244422156163363,-6.50820433715463,0.485085601343828,0.474921505080246,-2.09532013224564
"AZE",2002,"HBS",8156,2.01639153548983,0.39080206988469,24.2592441096713,152,1.37981028904985,6.19627716893553,8.15221732710579,7.98181489237529,-2.0902587344417,0.252776662208479,0.236954681693045,-6.25927266275287,0.106296619746222,0.0900056568373999,-15.3259463449696,0.170347044295984,0.153497341816934,-9.8913970293336
"LKA",1990,"HIES",18152,1.39204691696491,0.52807827405517,19.6147481345995,215,0.845850330086163,6.18610843469523,4.56928298545023,4.45253359712428,-2.55509209426755,0.324474328967468,0.30684713281182,-5.43253952068916,0.17400100239572,0.151696298688,-12.8187213870145,0.262244757843083,0.24322867035299,-7.25127459038535
"IDN",1999,"SUSENAS",190470,0.906354406582876,0.495385840563437,10.940942316777,1986,0.736575531614264,6.18305725092409,2.83027665079669,2.73586732915181,-3.33569234718842,0.307885430891497,0.284050823158284,-7.741388627646,0.160567211456847,0.129634575325071,-19.2646031846226,0.241055841994098,0.215168519268725,-10.7391393260683
"IDN",2007,"SUSENAS",64540,1.18057403721396,0.531286461351829,16.029542424538,731,1.03144678122951,6.16721057383439,3.98869188495232,3.90803705664958,-2.02208720625966,0.332317166321961,0.318631345070473,-4.11830102036586,0.179179119028838,0.162261596905273,-9.44168171785806,0.273396295998538,0.25875771834176,-5.35434381190611
"PAK",2018,"HIES",24788,1.4629934783928,0.468197956481632,17.5945175000595,367,1.04547818966452,6.14596233088206,4.97548605135531,4.85364139590055,-2.44889954864952,0.295892655919433,0.278314144799842,-5.94084062849392,0.143791185666089,0.123118046123159,-14.3771952690733,0.221383474283735,0.202354585232595,-8.59544241624453
"PER",2004,"ENAHO",19435,1.65570747483736,0.905764655416999,79.2812328981486,73,0.426515670447508,6.14293956371583,8.50712661812857,8.32268585340274,-2.16807358118771,0.49876944507333,0.487701964291398,-2.21895725394814,0.451315709622266,0.430968868493565,-4.5083387737003,0.588875163077579,0.579785623232719,-1.54354274297398
"CZE",2007,"EU-SILC",8939,3.29249682500699,0.362267547536808,79.7821238628308,157,1.52390826843249,6.13932458250489,29.1180546470459,28.5462091424293,-1.96388636379793,0.267415547072564,0.252850726142936,-5.44651239954874,0.124063860587074,0.108925246290055,-12.2022756872002,0.221834732662643,0.207033988826217,-6.67196865827783
"PAK",2013,"HIES",17971,1.40085792925619,0.477233334648523,16.9888616659654,293,1.05976131593738,6.13308398025007,4.67592844434958,4.56919120995523,-2.28269606057222,0.295285730942036,0.278929595968169,-5.53908748712197,0.143028508755954,0.124042179223746,-13.2745070876776,0.222772371737262,0.205129075893392,-7.91987610774199
"EGY",2004,"HIECS",41980,1.66867288468701,0.528720045023895,25.9152868318401,738,0.954231095992546,6.13025908651102,5.86402503382623,5.7518368319199,-1.91316035076902,0.318475454328756,0.305267777706468,-4.1471568507929,0.166704643173371,0.150490682575107,-9.72616016543817,0.251664887149044,0.237378207562471,-5.67686646652171
"LAO",2002,"LECS",8070,1.12190964060232,0.520347107444058,14.6281969329312,97,0.997830257299143,6.11722662136674,3.70890796268713,3.62799023252573,-2.18171308038525,0.326201087198618,0.31127155301687,-4.57678860299364,0.173883311561529,0.155572491578564,-10.5305217726347,0.267598787976477,0.251650271148133,-5.95986138388124
"IDN",2002,"SUSENAS",9624,1.1364563351037,0.48349624168165,13.2891120905203,139,1.13121932166036,6.11686829642749,3.58289541253759,3.51406342259899,-1.92112752434065,0.301637649499297,0.288072893349008,-4.49703681646019,0.147576745973394,0.132039683254791,-10.5281239372254,0.228318509702803,0.213695959302935,-6.40445245499469
"GMB",2010,"IHS",4599,1.36407031151307,0.776995759345952,40.2478903791633,35,0.31098058476469,6.09669083973497,4.42138551190552,4.27699043126838,-3.26583330606038,0.435684334639466,0.416678648752507,-4.36226055790745,0.325069558846858,0.293766045251274,-9.62978930005932,0.440695495572208,0.421857369107684,-4.27463558257256
"RUS",2018,"VNDN",49867,3.07929713138797,0.538867314096054,109.497210459477,286,1.39394722043015,6.06764057638917,31.5114836081008,31.1258133641219,-1.22390379575708,0.354541253640359,0.346627042642697,-2.23223980746976,0.221121666744226,0.21167230658392,-4.27337596511348,0.429361103336417,0.422518893223259,-1.59357940437301
"CZE",2013,"EU-SILC",7932,3.39432401639124,0.351328306275649,85.4822656575287,159,1.65941460018678,6.06671334486583,31.2393322481403,30.7626367066869,-1.52594664209506,0.261100175145847,0.249768065397387,-4.34013870045452,0.118437060847776,0.107321911225822,-9.38485769774355,0.243007082450268,0.2320057604461,-4.5271610577108
"EST",2004,"EU-SILC",3728,2.48908283872824,0.580038564241847,68.6621795381008,32,1.04273192286966,6.06213809004847,15.7449206123816,15.5064042476723,-1.51487816662381,0.369805017639641,0.360182673682277,-2.60200470474433,0.250804742233766,0.23821560393725,-5.01949771140384,0.479769647983799,0.471902292796882,-1.63981927993555
"EGY",2017,"HIECS",12248,1.74744317867025,0.520580192006307,27.3627816119265,153,0.937990512882582,6.05471399073347,6.30063492788016,6.17580979897741,-1.98115158760274,0.31533952801779,0.301583211105381,-4.36238266698776,0.164185898148868,0.147372210679547,-10.2406404319064,0.251331941633059,0.236516810041514,-5.89464733184419
"CZE",2014,"EU-SILC",7644,3.39969510531139,0.35571873451418,87.0820962574496,139,1.492015842272,6.04553736751966,31.4462794598603,30.8444615563635,-1.91379684285071,0.264739033490365,0.25049765449802,-5.37940280455977,0.121902939385084,0.107079293161302,-12.1602040923352,0.220243211551678,0.205783909387406,-6.56515225254975
"CYP",2015,"EU-SILC",4197,3.64317670304274,0.577764475763267,216.257565534907,41,0.632627706170533,6.03427320925501,44.2736787943876,42.97018933241,-2.94416343406021,0.355349224075095,0.335880297644596,-5.47881495482988,0.212983465052435,0.186609050478327,-12.3833155628372,0.326610024318725,0.306410063038132,-6.18473401810867
"DOM",2003,"ENFT",5153,2.19844347766217,0.908434794789719,137.517043483351,34,0.343711293933972,5.99859726541824,11.6178550314368,11.3936083067571,-1.93019041873789,0.520339665614188,0.510930352207194,-1.80830215891543,0.483070418376179,0.464750243021643,-3.79244405321232,0.602891222360286,0.59508752338798,-1.29437926492851
"LTU",2009,"EU-SILC",4812,3.09420468714212,0.544821261320746,113.144806423854,47,0.835991399999606,5.9960204857112,25.963888393124,25.3529691774347,-2.35295733227338,0.354412368518736,0.338971066576065,-4.35687445311459,0.231588640190432,0.211572014468469,-8.64318116186673,0.526724500386763,0.515468671423544,-2.1369480544295
"PHL",2003,"FIES",84025,1.54451082704569,0.752051706810295,44.7309630486903,655,0.51255958755028,5.96333407994016,6.61068902133081,6.44574438971256,-2.49512011661749,0.443926500558914,0.429739576209608,-3.19578225932551,0.328879184210791,0.30562434704234,-7.07093616285123,0.440034227998652,0.425772318828877,-3.24109086573572
"PAK",2015,"HIES",24223,1.57879314400517,0.521813543878019,23.2018908066799,432,0.881474664504333,5.94682015946769,5.11500975619687,5.01534811400346,-1.94841548586823,0.31291265809683,0.299338418348678,-4.3380283273652,0.160289951756299,0.143643248097771,-10.3853694359066,0.24093098002905,0.226145414162378,-6.13684710238962
"BGD",2022,"HIES",14265,1.59759388961502,0.541025296717967,25.0448891250122,143,1.03820860733011,5.94164185482893,5.97980660190965,5.88452610460492,-1.59337088383931,0.333731548751052,0.323025581777354,-3.2079577174419,0.181695208659882,0.168529121881847,-7.24624874543678,0.280314843868375,0.268953764384382,-4.05297105469292
"CRI",2002,"EHPM",8035,2.45127212415161,0.928685287242305,188.166646148394,43,0.394651543122746,5.92747528785453,18.7843091320691,18.4134764229385,-1.97416208668303,0.515918889978673,0.506198857915502,-1.88402329357867,0.489504632224187,0.470842394441885,-3.81247419406556,0.655537078036456,0.648611178612758,-1.05652291163195
"BGD",2000,"HIES",7439,1.04397425847865,0.543585236899017,14.5084315868496,95,0.915381339972423,5.92208393095104,3.41741770198941,3.3478428328751,-2.03589011298803,0.334065308347109,0.320303773338826,-4.11941457685988,0.181065176139095,0.163579470493021,-9.65713342506094,0.27113295078824,0.256284002567678,-5.4766298885447
"MEX",2022,"ENIGHNS",87138,2.60431575464638,0.741317857500079,124.994448853804,580,0.442464870596032,5.92042508400818,16.5906500430475,16.1614695626721,-2.58688164274334,0.434418941212098,0.41944107166452,-3.44779385212515,0.323229962097884,0.298943734438142,-7.51360656732297,0.451949721594445,0.43745036299957,-3.20817956115169
"IRN",2018,"HEIS",38915,2.31505809758822,0.603540050273333,61.9097852269725,247,0.919042506802238,5.91232499872741,13.614246727681,13.3783054571178,-1.73304682427668,0.374199054828358,0.363223957031262,-2.93295711346198,0.233851874854823,0.218981469263473,-6.35889945316096,0.358085699285579,0.346948768170098,-3.1101300994984
"GNB",1993,"ICOF",3028,1.12260949838642,0.751204880212496,29.2600802729283,31,0.389664139532247,5.91158428819173,3.60781973990082,3.50855647503251,-2.75133659729448,0.436102263093869,0.420213402436195,-3.64337954702486,0.322122128678201,0.296438825083761,-7.97315716862722,0.438142044168473,0.422309168238987,-3.61363994627241
"KGZ",2019,"KIHS",19982,1.94673191259122,0.508973731687209,32.2543561214288,222,0.78326013778549,5.89390952969314,7.09216190883061,6.9267918164233,-2.33173035998238,0.29701223255931,0.280315979467234,-5.62140250864641,0.148938404675806,0.128708818218325,-13.5825185596116,0.238317297685172,0.220452402058799,-7.49626476965734
"IRL",2008,"EU-SILC",5214,3.76018453480501,0.488249158279342,185.848534188203,79,1.00174969803328,5.88952847904152,50.2817814996715,49.1821587885085,-2.18692074617558,0.319281542021387,0.304158685452139,-4.73652703927229,0.173045899802385,0.154860361666823,-10.5090835184941,0.301562569571162,0.28633239346385,-5.05041992743652
"EGY",2010,"HIECS",7719,1.79525350166808,0.489257216161155,26.1284602206447,130,0.993392026639909,5.87750188895946,6.5465036731434,6.42129083660926,-1.91266732267816,0.301914576944394,0.288382033728564,-4.48224241200588,0.14968268932394,0.133674249410206,-10.6949173521923,0.230833871585793,0.216210392411763,-6.33506645864792
"PHL",2018,"FIES",293782,1.82098891719038,0.69045519286232,49.026182678409,2971,0.601377488041757,5.87622212218331,8.16341818059256,7.97855002141242,-2.26459254065451,0.407877996643179,0.394208329652307,-3.35141074129353,0.27447069712903,0.25379859151227,-7.53162571924438,0.384155022555968,0.369990042191732,-3.687308386596
"DNK",2022,"EU-SILC",6711,4.14286905496267,0.412586479078986,217.158715103342,59,0.931484359036546,5.87109552922279,66.2258967686644,64.360510569764,-2.81670206054956,0.282437958602334,0.261746278288601,-7.32609753169441,0.14000934341282,0.116238471098382,-16.9780614171938,0.279191646166328,0.258823664318123,-7.29534071949663
"IDN",2008,"SUSENAS",66599,1.23013199921082,0.529254853149914,16.7415986391798,748,0.950333803477089,5.85145346165324,4.10146446011786,4.0205702470984,-1.97232510012129,0.326329120418721,0.312847332594453,-4.13134684608273,0.17336776920172,0.156565273426648,-9.69182210305845,0.265788275732628,0.25133012349786,-5.4397253584324
"RUS",2015,"VNDN",37544,3.19280433980007,0.583596993057467,140.273672631008,211,1.14455569397717,5.83538321833486,36.717536593188,36.1804379318922,-1.46278511885627,0.368860315352724,0.359568503767226,-2.51905970871722,0.241520565502498,0.22971769328218,-4.88690153393831,0.432854402388941,0.424636759227551,-1.8984774363011
"SRB",2002,"LSMS",6384,2.58639124515046,0.537783340401625,66.6690792753476,51,0.829456065057396,5.83516519690115,16.3832996978713,15.9802978173644,-2.45983341536057,0.327437534022743,0.310539067520348,-5.16082145342009,0.181596779424305,0.15993362155079,-11.9292632513589,0.290039640560442,0.272414286257679,-6.07687772219874
"SRB",2021,"EU-SILC",4528,2.81952786129356,0.576509709097553,94.5432109374521,24,0.684168404601323,5.81463682732402,19.2345121387366,18.7629298902912,-2.45175050473847,0.34934536385393,0.333044799346566,-4.66603143878535,0.234776720928037,0.212515266703039,-9.48196828757183,0.496423085863522,0.483862333409245,-2.53025147539779
"PRY",2009,"EPH",3998,2.33024613511146,0.935650088868786,170.237820186862,22,0.248679830525396,5.80034934703592,14.1672028538762,13.7688027183789,-2.81212981564839,0.491333963670326,0.476653313101716,-2.98791690664806,0.434345341233938,0.407249403563548,-6.23833965696823,0.567179236844725,0.554671187633511,-2.2053080223455
"DOM",2012,"ENFT",6972,2.13341071586316,0.771599871141772,85.4738370148142,35,0.615430105643598,5.75613384808896,12.1348919283389,11.9624230320607,-1.42126437793363,0.461337530699486,0.453624892654159,-1.67179939460659,0.36596823017944,0.353299374448519,-3.46173648043416,0.501262973472792,0.494121660388791,-1.42466399114323
"BGR",1995,"IHS",2459,2.42658764230777,0.528516969038901,55.2649310658841,23,0.862663906142167,5.75291225367854,13.5103989409796,13.2099081578428,-2.22414441238513,0.327723379930925,0.312507854374435,-4.64279526218022,0.187183425814294,0.168106291045017,-10.1916794642939,0.317304159666945,0.302056424570411,-4.80540031764445
"MUS",2017,"HBS",6995,2.63675803615216,0.605647054134275,85.9442816553426,69,0.618116619405668,5.74416250209888,16.5092627510061,16.0921797590303,-2.52635746529846,0.367612059107157,0.351277919249117,-4.44330904097977,0.226614772876255,0.203744167975016,-10.0922833101123,0.337530352029064,0.320520922669105,-5.03937772046458
"COL",1999,"ENH",8302,1.89179115176876,1.086941194458,172.882942951632,47,0.149922836484716,5.7278086055046,9.40952108165734,9.12975273527674,-2.97324745810892,0.567843896560071,0.554620845703996,-2.32864189193172,0.607380110294067,0.578084919158996,-4.82320554107175,0.70848289363384,0.699552493508674,-1.26049622445522
"CZE",2015,"EU-SILC",7618,3.4079804934105,0.356532020103663,88.0210995825071,137,1.50338756865389,5.70483734725277,32.1802180261022,31.6676871986376,-1.59268910810003,0.25923220933105,0.247348658819296,-4.58413348496283,0.116822268517134,0.104928960901751,-10.1806853833169,0.211808703922015,0.199807842127166,-5.66589643042595
"BRA",2022,"PNADC-E1",116520,2.74168038078147,0.880394078111176,217.644416721561,582,0.354784668980401,5.6865553804874,21.379486458008,20.9358991439295,-2.07482679693815,0.5191397572875,0.508980784357214,-1.95688594211437,0.488301142649197,0.468610855938786,-4.03240643746692,0.61800547309743,0.609925626285658,-1.30740699937096
"ZMB",2002,"LCMS-III",9715,0.88186116564653,0.749168873372838,22.8595228573066,101,0.363489849377295,5.6815717546701,2.73254084887276,2.66038162502077,-2.64073724210758,0.420619260986976,0.404943096669983,-3.72692498203928,0.298661562530492,0.273695177772325,-8.3594234713807,0.412497792057126,0.396614396908042,-3.85054064650235
"DNK",2016,"EU-SILC",6222,4.10366483505583,0.414370311077213,209.930341445384,64,0.611625863275326,5.66391247635812,59.6824900816194,57.5861143428275,-3.51254737515969,0.281551054581575,0.255443411484221,-9.27279179833102,0.148126668607788,0.115751305803299,-21.8565388047801,0.355972205363939,0.332768901633477,-6.51829086114726
"PAK",1990,"HIES",5973,0.488170813601677,0.577624189276409,9.2169426374359,73,0.946262405931073,5.65344614811194,2.17058556844643,2.13508914538991,-1.63533857280397,0.33248660867236,0.321467986387225,-3.31400483440036,0.181617554277263,0.168011442562057,-7.4916280914314,0.283328917665083,0.271695302195866,-4.10604592185276
"MDV",2016,"HIES",4892,2.74590686022793,0.527801632349805,75.892036449074,43,1.12865523318806,5.64899529735184,19.4467275068122,19.204742225419,-1.24434962802057,0.312856471313108,0.304271580951498,-2.74403477274338,0.162296701392609,0.152379145328861,-6.11075639778823,0.265909244753619,0.25696275711263,-3.36448913210142
"CZE",2012,"EU-SILC",8362,3.40635042149297,0.357215240188257,88.0580399585692,147,1.42425225114864,5.64340457580843,31.774588478618,31.2355885148986,-1.69632397940273,0.263813430995815,0.251213155803017,-4.77620686150634,0.121754912130465,0.108985456140342,-10.4878363974668,0.24196644807232,0.229588286223583,-5.11565216886507
"PHL",2015,"FIES",82945,1.70045106680992,0.733299766814519,49.4197611385461,649,0.552930824921253,5.62511781931051,7.58662587374506,7.43312632277408,-2.02329142790861,0.429239777512545,0.41750050415019,-2.73489876226851,0.304861550905383,0.286461362715024,-6.03558833041222,0.416879569485534,0.404917929704022,-2.8693274166142
"ISL",2005,"EU-SILC",2901,3.8129683512877,0.424570473128847,161.851584568133,31,0.921171155466249,5.61421259404985,48.7092691311673,47.4655573208423,-2.55333703935444,0.279821401582657,0.261041670106271,-6.71132778628398,0.141137759500312,0.119615888082275,-15.2488402070667,0.497232832449968,0.484288301665666,-2.60331376762107
"IRL",2005,"EU-SILC",5955,3.63165027513592,0.527691027299013,183.960922444205,48,0.684524083794428,5.58878123400297,45.216356271721,43.9485698566081,-2.80382259794294,0.336014912824477,0.31693307206748,-5.67886722544506,0.193548886549112,0.16872913571444,-12.8235048401448,0.315575775364898,0.296103950055382,-6.17025349521858
"CZE",2022,"EU-SILC",8319,3.63494652236293,0.368326711950038,114.425809179083,142,1.4608437430242,5.56855352974404,42.2287427104427,41.5487948414712,-1.61015418724104,0.262021042460493,0.250069961143697,-4.56111509387591,0.117712877141124,0.106044683676503,-9.91241888568587,0.21535608835186,0.203354443269001,-5.57293047747527
"DNK",2020,"EU-SILC",6516,4.10066751104048,0.41406876697719,209.112798469549,60,0.782846288992635,5.5676087426109,62.7635561974949,60.9061587380972,-2.95935662656391,0.276923159613451,0.254964933031605,-7.92935723126086,0.142608346242135,0.117145122024699,-17.8553534126276,0.444608246650327,0.427954469105934,-3.74571944399648
"EST",2006,"EU-SILC",5222,2.72770887552252,0.516215954279033,71.9777280381713,45,1.04615874047524,5.56713425505252,19.7779877432108,19.4299219056653,-1.75986476513533,0.333667451479881,0.321843716839313,-3.54356848057151,0.195019251849545,0.180981946030015,-7.19790773803141,0.346007243435209,0.334645098742577,-3.28378810218739
"AZE",2003,"HBS",8520,2.06976205004305,0.415373366124599,27.5466835327677,132,1.15892748853911,5.56116721169583,8.49311956395728,8.34004907115849,-1.80228821278329,0.268328779060798,0.254997305568914,-4.9683353155582,0.118232866172085,0.103991092619925,-12.0455284670438,0.190744911394251,0.176511225482528,-7.4621576049824
"MKD",2006,"HBS",4211,2.27718149954819,0.710982413574831,82.2800555791652,19,0.553599634609991,5.5535767813365,13.7018839364642,13.3964413786062,-2.22920117608889,0.4264250322881,0.413382106214907,-3.05866801562005,0.316640376933998,0.296060409330114,-6.49947672598103,0.460297457319137,0.448058277031392,-2.65897195240398
"DOM",1997,"ENFT",3471,2.35861291223711,0.857075453568376,138.357272795384,19,0.273464993607469,5.54648545494297,13.0565989958394,12.7107753388303,-2.6486503653769,0.485391078938465,0.47142281780329,-2.87773338680292,0.423164435193963,0.397776481194813,-5.99954813960497,0.572135368873595,0.560511601651004,-2.03164632969209
"CRI",2011,"ENAHO",10988,2.73477740507717,0.869449282918006,209.165384791289,60,0.427941364026455,5.51553210459961,23.9553024052661,23.5291452110967,-1.7789681255523,0.486696028923626,0.477425022418795,-1.90488640832642,0.421886269817489,0.405169819350725,-3.96231204063486,0.574551388881251,0.566865068705276,-1.33779507363861
"SLV",2006,"EHPM",15521,2.02990571666944,0.792310985353702,82.0097934730194,61,0.453356577385939,5.51288276816088,9.91536929537719,9.74054340290339,-1.7631808484966,0.456613179459113,0.446892386102938,-2.12889022776122,0.365917396102844,0.349582376142124,-4.46412773338828,0.517682359490889,0.509056742704085,-1.66619870827485
"DNK",2017,"EU-SILC",5865,4.10729892620253,0.409168488706507,207.432169514247,65,0.715835140548916,5.50339465629728,60.6679152267124,58.8139927842245,-3.05585322251454,0.28187440724637,0.259306579973394,-8.00634136793094,0.149677374146594,0.122568685649733,-18.1114137333216,0.408950575729555,0.390584795480667,-4.4909535134224
"EST",2009,"EU-SILC",4735,3.02945598412493,0.491569393930868,90.3927591161607,33,1.30372715157004,5.49723932718739,26.8130564201742,26.5175534814741,-1.10208599150124,0.318152630321621,0.310624158216486,-2.36630830225266,0.1757348689305,0.16732302148255,-4.78666954324094,0.455136558406472,0.449264593370437,-1.29015455418348
"PHL",2009,"FIES",76689,1.6035041283175,0.75325075062574,47.6201685339545,618,0.482309776476025,5.49418190847723,6.98809752711062,6.83383546544299,-2.20749726329903,0.443248512810597,0.430716819089543,-2.8272387518214,0.326209723093028,0.305699014844857,-6.28758335395214,0.436246008249319,0.423581919396702,-2.90296956605703
"HND",2008,"EPHPM",19612,2.10827177319194,1.06941174652737,203.671217093273,45,0.132088974442523,5.49026320780934,11.4783804127525,11.1172143379919,-3.14648985112379,0.554459587112736,0.540000433752707,-2.60779210894749,0.588962024459512,0.557825999578356,-5.28659295303956,0.711336162045686,0.701960778983724,-1.3179961264728
"MEX",2020,"ENIGHNS",86139,2.42749514363811,0.765204174985255,112.517376623657,530,0.396684428892697,5.47847876007314,14.3552454549407,14.0151352946,-2.36923960240357,0.445811025838037,0.432394438649833,-3.00947854822198,0.3420589888587,0.319721801062983,-6.5302151158918,0.47562801551065,0.462944025484473,-2.66678782841647
"DOM",2007,"ENFT",6193,2.2096005454325,0.821500101271526,107.136192182885,39,0.39793615026069,5.47215317929001,11.9087591684095,11.6834272636698,-1.89215267143352,0.488095561768759,0.478251166032411,-2.01689925240743,0.417145990147793,0.399420266308969,-4.24928544381881,0.569607022499063,0.561327148495703,-1.45361164387221
"MEX",2008,"ENIGH",28560,2.30699890829437,0.920964257921967,159.157086841846,172,0.263054971442794,5.46951239626435,13.646026400878,13.3183259246255,-2.40143516233738,0.508243840006572,0.49616541464396,-2.37650206689295,0.462208816442244,0.438932014703417,-5.03599258837071,0.590822338242672,0.58076545375132,-1.70218419995171
"RUS",2000,"HBS",190523,1.92197777883294,0.589642050853304,40.0810611166654,914,0.964921783126829,5.46503060085591,9.82937409382604,9.67894668134893,-1.53038648281379,0.370928292566133,0.36121422486172,-2.61885326600741,0.234521211662018,0.221800087550752,-5.42429574754152,0.37635174418304,0.366862972426817,-2.5212509050065
"PHL",2012,"FIES",80207,1.59477316566195,0.764068923519356,48.7633953553655,623,0.525671478971414,5.46018032590172,7.03130013178799,6.90371372689823,-1.81454926540474,0.447592907458019,0.4374232179,-2.27208460826038,0.332716555177508,0.316159966896937,-4.97618408910806,0.443673107156194,0.433451559780344,-2.30384650567785
"CMR",2001,"ECAM-II",10991,1.52877325547233,0.735875404365097,41.9466875764857,87,0.357286921283042,5.45752951244116,4.67799930284896,4.57256613892642,-2.25380888488634,0.421367940678144,0.408060756601569,-3.15809125277977,0.297901829932088,0.276681727773365,-7.12318624009807,0.411242263047009,0.397710800481938,-3.29038714669373
"EST",2013,"EU-SILC",5633,3.01276145729737,0.496388828497518,90.190846582537,57,1.2075314372431,5.45160127542681,26.0084957736053,25.6796991122919,-1.26418945630468,0.328276890705665,0.319753456410381,-2.59641617689333,0.194575782373514,0.184769923969677,-5.03960887846429,0.658384732374843,0.654092844623808,-0.651881421301093
"NOR",2004,"EU-SILC",6021,3.89973290101681,0.436957568950132,183.204974978448,52,0.714911913810618,5.43432744549732,52.9943136078738,51.4241832717429,-2.96282795121935,0.275882203683873,0.253835731088834,-7.99126304656502,0.138716488046557,0.112465808853244,-18.9239790907212,0.421835060737388,0.40442030543469,-4.12833283043294
"RUS",2016,"VNDN",48757,3.09084797158508,0.572360914732047,122.477913501378,222,1.18293176183748,5.4280867209465,33.7429480449361,33.3601817028967,-1.1343595157414,0.365168477710211,0.357939351968819,-1.97966861398404,0.237161154325039,0.22819533603793,-3.78047505824712,0.455550794679267,0.449468718473916,-1.3351038515108
"CRI",2008,"EHPM",8363,2.60198718123649,0.846120954671178,170.775537025393,37,0.400965229779633,5.4263143804328,20.8291319359557,20.3836282788369,-2.13884888956789,0.485178704461467,0.473967015271827,-2.31083703520831,0.416900404676706,0.39699675015868,-4.77419889612746,0.570031039882358,0.560662288817904,-1.64355103651679
"DOM",2015,"ENFT",6891,2.35217457083495,0.791644187431133,112.968286979911,25,0.441179851713828,5.42615586215312,14.5900860360338,14.296798548278,-2.01018340146495,0.451783320158934,0.440581945922488,-2.47936870101922,0.35361437688198,0.335101892650715,-5.23521820422017,0.510173024506043,0.500166553756101,-1.96138766051595
"PRY",2012,"EPH",4910,2.57379822314539,0.845637926991198,165.788354852044,29,0.267667594564133,5.41324986832632,16.8682897317645,16.3989287615707,-2.78250479246798,0.476335630747592,0.46137866899151,-3.14000481815895,0.407918507799022,0.381233540975574,-6.54173966448116,0.548236338504823,0.535327338199983,-2.35464149276327
"KEN",2005,"IHBS",13151,1.22086441342521,0.865135168000716,45.4344177214952,127,0.271825875385563,5.40707373269433,4.14776064432318,4.04699067172674,-2.4295030797971,0.464529248993295,0.451232974755628,-2.86231152645011,0.377149573294939,0.35399376909097,-6.13968723381262,0.5199324195835,0.508000844958947,-2.29483182335698
"SRB",2022,"EU-SILC",4801,2.87381917895647,0.551542194969676,92.6145043527801,26,0.747395656892409,5.40649222794814,20.0632768842825,19.6707541620471,-1.95642379108489,0.331072187280636,0.317786193644966,-4.01302016481609,0.213263227615252,0.196279656700396,-7.96366589063169,0.500279348840153,0.490420401022887,-1.97068854433475
"BGR",2008,"EU-SILC",4180,2.52238026241521,0.580161769691114,71.013185529956,33,0.915717268624994,5.40560650262666,15.8369993071793,15.631193445708,-1.29952560759421,0.360959912580169,0.352597170864316,-2.31680622262904,0.236544985875912,0.225701479416151,-4.58412019160258,0.4301117171272,0.422739584663098,-1.71400409952595
"FSM",2000,"CPH",7166,1.5524829431302,1.26192358246391,208.148900321674,21,0.0588860030073923,5.40070124370258,5.59588637619613,5.416239838784,-3.210332114253,0.632619691124504,0.620442490045111,-1.92488492695313,0.857243655877922,0.825022749056669,-3.75866378249896,0.857047485050433,0.852306164189905,-0.553215655285311
"RUS",1999,"HBS",187805,1.83993011332332,0.59101967859094,37.0767151689224,737,0.934101229174004,5.39722136152874,8.9693574097617,8.83159538778042,-1.53591852445685,0.374434439499589,0.364741961082274,-2.58856488475465,0.240644313355134,0.227860061806074,-5.31250930920324,0.386432322814008,0.377057454982534,-2.42600509274323
"CYP",2009,"EU-SILC",3081,3.78506255838964,0.537303879143609,220.737496265392,29,0.686580878726008,5.39557352221341,52.3865074399117,51.0754963568082,-2.50257393968718,0.317028768625612,0.299569117566071,-5.50727655891712,0.166571041596984,0.144602215612003,-13.1888627064807,0.257779703145817,0.239038552107463,-7.27021980770649
"VNM",2002,"VHLSS",29510,1.06214118313602,0.592518387582232,17.1105690534769,273,0.893699081792366,5.39454087342112,3.83761723590912,3.78351240407292,-1.40985482684237,0.370296242272297,0.361349068455239,-2.41622052715249,0.221419066537313,0.209600053393913,-5.33784796776199,0.326470090153317,0.317034332535125,-2.89023647273827
"MRT",2004,"EPCV",9379,1.42747902942904,0.678303198639184,31.8930661899084,96,0.507273154101254,5.38694509616401,5.02964440734443,4.92048518738965,-2.1703168477553,0.401687703473082,0.388466595245548,-3.29138983175754,0.269900267337127,0.250194195268219,-7.30124214523036,0.383881931554168,0.370312328165758,-3.53483773864334
"TUR",2015,"HICES",11426,2.829458843481,0.720221030988626,146.954341493499,73,0.511743101522086,5.38220906516969,20.6753060274351,20.3145465371551,-1.74488101797037,0.428544576446608,0.418438487367944,-2.35823520681592,0.312214539471975,0.29636689812402,-5.07588191592776,0.440474131043517,0.430597796761868,-2.24220529324861
"ISL",2015,"EU-SILC",2928,3.90313889093146,0.412236392479803,170.689833166758,28,0.756495224997878,5.38054674568625,52.5346875139343,50.9992945320103,-2.9226270385958,0.27800415764749,0.256339662734441,-7.79286723492817,0.136050349653006,0.110596410934952,-18.7092049252166,0.229013062596472,0.206295915553418,-9.91958571510954
"IDN",2001,"SUSENAS",208450,0.957897650786071,0.5132783257477,12.1549030066605,2653,0.891699026414106,5.37603862630621,2.9856409565822,2.93351689728549,-1.74582476777034,0.311659140311396,0.299491985524511,-3.9039942081365,0.158462906829492,0.143740008633488,-9.29106911552827,0.245350303478418,0.232251701215233,-5.33873489353026
"EGY",2012,"HIECS",15048,1.82255925536207,0.462876578932386,24.8085658858918,240,1.04046706513981,5.36794171794267,6.68909486754763,6.58815311097599,-1.5090495585787,0.282922027525529,0.272010576435357,-3.85669902962503,0.131422087347025,0.119275806011272,-9.24219176619799,0.209005224165551,0.197300094605848,-5.60040047153667
"RUS",2017,"VNDN",111843,3.04745535857155,0.582195342317864,120.788536626896,498,1.08277209627798,5.3677905084875,32.523985539705,32.0860307010214,-1.34655956647424,0.367203508010715,0.358627074925599,-2.33560761213252,0.236914321386069,0.226040713714827,-4.58967934383461,0.444323119409579,0.436917962203577,-1.6666153262164
"IRL",2004,"EU-SILC",5300,3.58788464049245,0.536551673279921,180.826798783151,48,0.764942910713637,5.36574293588334,43.5488584369435,42.5953604196675,-2.18949026794039,0.328714320984477,0.31376918427748,-4.54654262164104,0.185646843437183,0.166952624193387,-10.0697749003856,0.323644176894683,0.308783586474284,-4.59164461507821
"BFA",2003,"ECVM",8231,0.679185592777172,0.745889734235994,18.4830629307411,118,0.471853159049887,5.36068666601435,2.80711904751775,2.7438511073662,-2.25383886755707,0.432525113715121,0.41947446418307,-3.01731601662492,0.315019235738543,0.294102123372187,-6.63994765821757,0.436590152524366,0.423661613840781,-2.96125292996938
"CZE",2017,"EU-SILC",8344,3.47066596836109,0.353138488515921,92.7661150818916,142,1.35557469190824,5.35310426800077,34.7512054221751,34.1484511402555,-1.73448452966455,0.254063328930247,0.240982158768837,-5.14878326458582,0.112671933567512,0.0993919646036505,-11.7864037150868,0.205358304796307,0.192082957482384,-6.46448037594115
"HUN",2022,"EU-SILC",6601,3.40947588125389,0.425733879439945,108.492117391716,86,1.03638511299049,5.3518810476576,31.0550937237731,30.5174582018541,-1.73123136159603,0.290727788000418,0.278300923879529,-4.2743984695645,0.152359765942486,0.138091095346326,-9.36511716718319,0.305680200946632,0.293785929895148,-3.8910832349132
"SVK",2007,"EU-SILC",4906,2.96398189057164,0.364735823100105,57.8694354395969,83,1.28809558183972,5.35158031957585,20.1955315733406,19.860165121361,-1.66059729976253,0.257970615750164,0.245522691949949,-4.82532623493435,0.122332371331058,0.10951341331034,-10.4787946814395,0.258779206212551,0.24683762065142,-4.6145846630825
"IRN",2016,"HEIS",38102,2.30089112494836,0.583348084587801,57.4511705221808,218,0.902914223010223,5.34848090967601,13.302301475115,13.1095652101015,-1.44889412838828,0.359123066196766,0.349757004256093,-2.60803686041754,0.214766106094098,0.202620131137881,-5.65544311302775,0.335840163025526,0.32627482694128,-2.84818111034535
"BIH",2001,"LSMS",5401,2.47897863774412,0.50838371473874,54.8240947182359,49,0.563409682251273,5.34293139294019,13.4741131983546,13.0630848322085,-3.05050403017414,0.29966448481651,0.277697394683303,-7.33056176031587,0.156698743388429,0.12938566156958,-17.4303132419793,0.258853262578855,0.235847166838903,-8.88769780637519
"RUS",2019,"VNDN",50446,3.10181531285145,0.540410968947522,112.510687788224,225,1.19233219686909,5.3429042269734,32.1990068984807,31.8201459532761,-1.17662307536075,0.352802006677171,0.345174815343391,-2.1618900089644,0.214203227531067,0.205126406901648,-4.23748079524268,0.384245633976121,0.377169632669766,-1.84153069824982
"LTU",2016,"EU-SILC",4739,3.13181131813802,0.573413821492679,128.002882425599,43,0.926760679359371,5.34106657541453,28.6216609484296,28.2792393649516,-1.19637216056386,0.371231453554468,0.363654075891034,-2.04114645752179,0.242693732671506,0.232595463530305,-4.16091055588542,0.433976539853861,0.42723200160368,-1.55412508069022
"MEX",2002,"ENIGH",16433,2.0509804399434,0.902387831661356,116.529438832759,63,0.42885421317756,5.33525558866924,11.7478064647225,11.6207723717938,-1.08134308570857,0.505803304092163,0.500426489639256,-1.06302477848725,0.451320942236706,0.441344743494818,-2.21044445499186,0.573375805326561,0.568726208012704,-0.810916203764311
"PER",2005,"ENAHO",19853,1.61397434491812,0.947893867640761,86.2850152846008,55,0.371226026000432,5.32411182539721,8.13811847336632,8.02514837863588,-1.38815986889549,0.504508988286001,0.497564394665401,-1.3765054303973,0.465463367666983,0.452532557862684,-2.77805101379115,0.624173879504788,0.618895049367134,-0.845730702771907
"SVK",2007,"HBS",4676,2.81427787510019,0.431893874626664,60.9442492153917,51,0.783091211638235,5.3230758298192,17.716351612072,17.2505458410886,-2.62924207637619,0.280048336525975,0.260670411404643,-6.91949302813832,0.133172940573219,0.110228702383199,-17.2289040786069,0.211713377502843,0.190873004832182,-9.84367304346704
"ZAF",2008,"LCS",23362,1.84082903733612,1.0697963747116,156.056506289916,104,0.277939265395359,5.31804445098969,12.0308816429801,11.8248163165444,-1.71280320554084,0.630089973047915,0.623664456832068,-1.01977756998188,0.735124523129851,0.718765113797682,-2.22539295281803,0.707216676829113,0.702119164115156,-0.720785139967572
"SYC",2006,"HBS",1162,2.7490924774084,0.739684738398496,143.760208470637,5,0.254745571739969,5.31378022476934,18.3157659049438,17.7087291232749,-3.31428554404596,0.427676166058672,0.408099344082012,-4.5774872509434,0.31110450150672,0.279387309096159,-10.1950284412314,0.4251409143522,0.405487778501405,-4.62273453044155
"CYP",2022,"EU-SILC",4021,3.88077671679698,0.512346894707477,225.38665656029,45,0.792174351494749,5.31255736074956,54.3077038470469,53.2080312138287,-2.02489252043379,0.312517710189144,0.298390746137977,-4.52037231509738,0.163756585740753,0.146628723131913,-10.4593427686357,0.266616053183485,0.25178312427753,-5.56340427699107
"VNM",1992,"VLSS",4799,0.868217974072179,0.585982574452946,13.8206755255539,57,0.872519820462268,5.30666209928525,3.02942581777817,2.98925255936241,-1.32610140773228,0.356545587920558,0.347950832611856,-2.41056280035005,0.206737774869486,0.195625761400234,-5.37493134782321,0.314130256930887,0.305100311438096,-2.87458635185787
"COL",2011,"GEIH",186554,2.41720069118457,0.93717501057301,186.554929319881,778,0.263133869573167,5.29684661154509,14.311219063238,14.0440649456149,-1.86674605735915,0.533968366662908,0.525123569960462,-1.65642709468399,0.517043070526988,0.499146434767552,-3.46134331540228,0.647572267686103,0.640874976242902,-1.03421529571242
"IDN",2022,"SUSENAS",336232,1.80278300304536,0.593371982100474,35.9776873095913,2853,0.713706050920922,5.29314950860709,7.4197149779378,7.283753302353,-1.8324379843306,0.355120301911566,0.343136726214243,-3.37451157616663,0.205669669948392,0.189673290353433,-7.77770470433159,0.305776502833455,0.293005926162133,-4.1764414704808
"ECU",2003,"ENEMDU",16510,1.7949837622172,0.988135721218143,116.67484062623,63,0.301664100958741,5.29067666008811,9.77055728850626,9.60559480350288,-1.68836311105237,0.534188193003854,0.526207298584531,-1.49402299111946,0.528650088535029,0.512513427672032,-3.05242753438565,0.675400287111362,0.669831799119777,-0.824472257096742
"CYP",2016,"EU-SILC",4050,3.68023148590429,0.572468521649037,220.88386172949,37,0.635810634322319,5.28620193806945,45.0892977043212,44.1101894575914,-2.17148701927108,0.339663780360845,0.325065674945664,-4.29781044056915,0.19330850229697,0.174116681766364,-9.92807884938393,0.301919751322139,0.286623173871577,-5.06643814575793
"CZE",2016,"EU-SILC",8186,3.4492601494407,0.353441704888482,90.8841177873207,130,1.27693856081791,5.28225015909385,33.5080056493494,32.8985633133129,-1.81879620773043,0.258674329647132,0.245021547391274,-5.27798111025668,0.116731780622401,0.102547454853711,-12.1512116863637,0.214696003278183,0.200848519193119,-6.44980990499473
"TUR",2021,"SILC-C",26113,3.0597266350707,0.733878635495827,192.743934082317,103,0.404223657194436,5.26807129913,25.2726506836965,24.7203860058673,-2.18522657057691,0.430451041794681,0.417763455287905,-2.9475097687946,0.323621484799116,0.303263625160426,-6.29063909379385,0.478152667556737,0.466539345483817,-2.42878956051028
"MOZ",2022,"IOF",15374,0.58640546581081,0.87795260544055,25.0347105057098,147,0.255145308557942,5.26235046254038,2.06433457615897,2.01957694540846,-2.16813840485978,0.489075272032319,0.477775780512284,-2.31037882432299,0.416543040287705,0.395712202761305,-5.00088478540229,0.531367809627353,0.520996521755466,-1.95180959101774
"ISL",2010,"EU-SILC",3008,3.90313909360794,0.438876381178434,184.891328162266,38,1.01032749147753,5.26208312126394,53.803965322989,52.8407638629386,-1.7902053394545,0.286564099815773,0.273643959351264,-4.50863889538693,0.143260013977557,0.128861836405792,-10.0503812417748,0.476338805162448,0.467017045047773,-1.95696004894993
"IDN",2006,"SUSENAS",9923,1.12900109423135,0.515727189340047,14.5295232010681,109,0.737926427477604,5.2530643816094,3.57256088814815,3.4921091561087,-2.25193452423282,0.315241208001802,0.299509025397854,-4.99052224284626,0.165538984607212,0.145161205428238,-12.309957818894,0.257494785047723,0.240635899999275,-6.54727242158444
"MAR",2006,"ENNVM",5977,1.95506365967765,0.705414712240047,58.6335932743791,58,0.498804226305556,5.24918125836005,8.26607542526156,8.12464098452424,-1.7110228670923,0.407183024718866,0.39690223010922,-2.52485835251726,0.275528716495264,0.259982453662356,-5.6423384940258,0.385195968295859,0.374563726120462,-2.76021637049703
"SLV",2012,"EHPM",20564,2.01529928870888,0.724865969425664,66.0160039673653,103,0.479717732836859,5.24314001049401,9.87861366749849,9.67735459935748,-2.03732097352048,0.418222992590729,0.406160458494617,-2.88423503963519,0.299208875848096,0.280477091662537,-6.26043733912098,0.430959161042018,0.419189707889115,-2.73099036215982
"NLD",2007,"EU-SILC",9579,4.00409857552959,0.474938079102572,227.901339277809,82,0.715276961866261,5.23746667306977,55.2414223490858,53.9782970394615,-2.28655464669648,0.300433265818898,0.284132758936675,-5.42566644136149,0.15712031263805,0.137343519604864,-12.5870377299625,0.281673831852937,0.265163208108237,-5.86161079859195
"JAM",1996,"SLC",1822,2.22924008005557,0.688538701080821,73.3216688061324,19,0.494419303679851,5.23691345853667,10.3519518060745,10.1723455330787,-1.73499912248843,0.40394902288708,0.393472349808588,-2.59356316884097,0.274931939594965,0.259198983262662,-5.72249130293142,0.394777737757329,0.384164217496074,-2.6884799334302
"PAK",2001,"PIHS",14691,1.03080151280167,0.473010311572546,11.5864052256391,325,0.903194704526829,5.2321061662879,3.09045851295849,3.03341024097841,-1.84594848113545,0.286530209786096,0.27318983485462,-4.65583539740384,0.134854412589671,0.11958753517002,-11.3210069485112,0.212013187324205,0.197619807131308,-6.78890797999612
"CYP",2012,"EU-SILC",4474,3.78812840873117,0.550528466537813,230.376242267046,41,0.621146805459572,5.22074356956378,52.3847814190876,51.0808809811001,-2.48908252103995,0.32622741269805,0.309103923265037,-5.24894253716889,0.178881391025383,0.157076993685811,-12.1893044405487,0.282877141308211,0.264851577325287,-6.37222360900621
"KGZ",1998,"KPMS",2814,1.37198985303518,0.825276417015465,46.890687927302,10,0.306553450376244,5.21682137438838,5.00546707361789,4.88808581917972,-2.34506096457703,0.463504761258817,0.450655897700247,-2.77211037135283,0.393226198415637,0.371002327593696,-5.65167603569762,0.572779979246406,0.562542098182803,-1.78740204520981
"IDN",1993,"SUSENAS",175021,0.719994959537874,0.536624471961226,10.2765887923508,2007,0.792086143322676,5.21227507327224,2.33379383618393,2.29354951762941,-1.72441618152196,0.317552498095805,0.305635818452863,-3.75266443010204,0.164449152715931,0.149702016804693,-8.9675961643368,0.251340150902937,0.238462787210992,-5.12348052855202
"CZE",2005,"EU-SILC",3940,3.22752622634946,0.384190678640785,79.8458788570742,53,1.08741202101992,5.21146505125438,26.8759165845453,26.3435412695183,-1.98086384645639,0.275331800115347,0.260777381746821,-5.28613780261793,0.131694191908919,0.115918416245733,-11.9790975095519,0.229518598793669,0.214576596209726,-6.51014892147173
"RUS",1998,"HBS",184943,2.05911446701159,0.601140496372513,47.58587417326,1136,0.868121167911475,5.20904331819705,11.2591454798318,11.0857547611623,-1.53999891892387,0.381370394769102,0.371753625819903,-2.52163489382048,0.248636865735044,0.235718458268679,-5.1956926935085,0.39251534250316,0.383192822583252,-2.37507147120823
"DOM",2019,"ECNFT-Q03",6188,2.58337317502426,0.714475785273683,112.933655954459,26,0.46884137641211,5.19848074494167,16.4805804125382,16.1533203201472,-1.985731595606,0.41878656271899,0.407065344042903,-2.79885261838065,0.296093206784951,0.278080980322006,-6.08329608724426,0.421259015739447,0.409610722917399,-2.7651141902807
"IDN",2000,"SUSENAS",179794,0.911952943321684,0.499565745625468,11.1412025799918,2191,0.878298087035502,5.17939482151332,2.82203541501953,2.77372402800556,-1.71193411524357,0.303062976873564,0.290984965681808,-3.98531398204904,0.150348947942594,0.135961345478105,-9.56947332280841,0.236368404062667,0.223393362566751,-5.48932990742563
"COL",2014,"GEIH",189789,2.52383170465378,0.915721218472227,194.60957267143,709,0.277628033107645,5.17781452965728,15.9660252619096,15.6796248149366,-1.7938118114863,0.524200826457085,0.515530658634888,-1.65397828172011,0.498800480418076,0.481652367626926,-3.437870143344,0.639764691303723,0.633192483850169,-1.02728511637005
"PRY",2018,"EPH",4468,2.62026288487991,0.837378662862446,169.423055426416,39,0.371106820070638,5.17562012515735,19.2340149122718,18.867275879056,-1.90672116502223,0.459551019050957,0.449081103771985,-2.27829225590533,0.368733426679634,0.350957324575535,-4.82085453010566,0.502620627424615,0.492984210396394,-1.91723469002797
"ARM",2010,"ILCS",7869,1.84677409345413,0.483177984089738,27.0127248500236,74,0.80287346283322,5.17423164622838,7.11840143833934,6.9669568578202,-2.12750828723236,0.299925823489406,0.284765413933254,-5.05471965693807,0.1487552976847,0.130446197585837,-12.3082003692203,0.236062739479879,0.219802371256924,-6.88815535174359
"EST",2004,"HBS",3165,2.42799649704192,0.605101535392633,69.6373529169031,21,0.711347261336198,5.17266448239208,13.9676631003321,13.7405261549624,-1.62616282865707,0.353781886647231,0.343174548060139,-2.99827068243008,0.213097504719655,0.199240770430095,-6.50253240073827,0.341607880428057,0.33090398660267,-3.13338609518451
"NER",2018,"EHCVM",6023,0.98042141448199,0.653556422784308,18.936488756269,112,0.558734075973013,5.17195605859451,2.85147019851364,2.80979802829667,-1.46142752039603,0.372594245059962,0.36332715249319,-2.48718081120145,0.228243748329573,0.215144521841954,-5.73913922439799,0.325441751432607,0.315526340135013,-3.04675452794407
"LTU",2013,"EU-SILC",5075,2.99261156447624,0.526726628456111,96.8139843084372,53,0.95177333101413,5.15676403232063,22.7730243066693,22.5201228634913,-1.11053077436001,0.348585562542586,0.341330715448764,-2.08122420243252,0.218392768307786,0.209398241508058,-4.11850944947593,0.488250023568438,0.482617898466627,-1.15353299128349
"TUR",2019,"SILC-C",24861,3.06340667981198,0.723246458950581,187.381389641594,107,0.40785900244446,5.15632346136403,24.6272760499957,24.1216659036936,-2.05304941267399,0.42441495949653,0.412385918926416,-2.83426403828561,0.31235417601196,0.293326275526452,-6.09177079956175,0.457095879609449,0.445764564187391,-2.47897999687486
"KGZ",2006,"KIHS",19443,1.63683502051181,0.634457246858651,34.4740463453449,123,0.559205991196064,5.14576401011161,6.02422843801471,5.90701679173532,-1.9456706777544,0.373812403493735,0.361438539338477,-3.3101801972349,0.228904647621777,0.211531538597784,-7.58967072293759,0.335799977062013,0.322752117954482,-3.8856045261498
"SDN",2014,"NBHS",11940,1.36128598440035,0.589732428560136,22.8850365239206,75,0.542812711442169,5.14081328694227,4.56374186601205,4.45335130505238,-2.41886075507013,0.342431971098188,0.326188274221739,-4.743627420172,0.197038535201336,0.175326032801866,-11.0194193117014,0.304811958055218,0.287764987858456,-5.59261857885303
"HUN",2005,"EU-SILC",6419,2.90068535903434,0.466180895013785,73.6429226610208,60,0.84404672494354,5.13247023021568,19.0211683394576,18.6664932138688,-1.86463375571457,0.298610056475007,0.285351763089447,-4.44000230336176,0.15442991422948,0.138817034881213,-10.1100097258787,0.269117886861437,0.255561259542979,-5.03743079903071
"IRN",2015,"HEIS",38201,2.30199134986895,0.57411181314852,55.9426349222403,219,0.84261864301005,5.108315591815,13.1350018650264,12.935407588016,-1.51956032485944,0.352640503544981,0.342706782342685,-2.8169541225229,0.20755771501221,0.194771834581345,-6.1601566726214,0.327827217159284,0.31766542180712,-3.09974121130618
"PHL",2021,"FIES",327730,1.82701811199665,0.675265245762504,47.1254808431438,3077,0.515774878427244,5.10281606763998,7.68841009435043,7.53914606023684,-1.94141613521981,0.398027828529361,0.386149185740146,-2.98437494511488,0.261913791572383,0.244294749015314,-6.72703886698545,0.373732955435169,0.361427266405566,-3.29264220632469
"TUR",2020,"SILC-C",25580,3.03593502537739,0.758945624806484,202.911901035626,86,0.389584677059362,5.10011746163384,25.1605764856486,24.6678712052209,-1.9582432092074,0.438338532007188,0.427156084352597,-2.55109848622851,0.333896084714787,0.315744554848031,-5.43628113586934,0.478037782413024,0.467653151011079,-2.17234532164492
"PRY",2015,"EPH",6672,2.59012285759328,0.88858810707235,191.691475052607,36,0.293301459113015,5.09797433261621,19.0103971374025,18.6034858641338,-2.14046697881993,0.476014591220584,0.46457345632449,-2.40352609081936,0.400279839032267,0.379830708652445,-5.10870855481027,0.532953782235544,0.522755653115672,-1.91351097596026
"CRI",2013,"ENAHO",10545,2.74334308323302,0.872653051514759,213.00214536126,48,0.428511674554947,5.0960860903955,25.4686595025089,25.0834937481169,-1.51231263017243,0.491299801091317,0.483521485050568,-1.58321172194055,0.432622888459628,0.418741862157453,-3.20857418145386,0.588544951593311,0.58224881450839,-1.06978015321962
"BGR",2013,"EU-SILC",4797,2.64775532138806,0.542121446270636,71.816888207509,38,0.778662509083129,5.09187070500286,16.9695105376168,16.6646561854315,-1.79648288328342,0.359381233131975,0.347712103580268,-3.24700581886576,0.241576938033754,0.226072345238755,-6.4180765437274,0.457731754657361,0.447946909863739,-2.13768100946951
"TUV",2010,"HIES",541,1.96153069804738,0.675020636014612,53.8710165041025,8,0.551319366245613,5.08654396641785,8.36861187166858,8.23994009621778,-1.53755219412683,0.39139033296534,0.381928251282152,-2.41755630791886,0.253813358318636,0.240087098838154,-5.40801302634742,0.366794115865683,0.356992975831243,-2.67210939611371
"HND",1993,"EPHPM",1715,1.83948908491855,1.07649606370694,159.011619161769,9,0.116473145395826,5.08282839226054,7.28467528816497,7.09961357871668,-2.54042496237207,0.533041773465499,0.52088342495219,-2.28093727706618,0.512908647181535,0.487819968654318,-4.89145165812297,0.616381510129296,0.606384951813656,-1.62181346314926
"PHL",2006,"FIES",76668,1.53537727061855,0.778913319582672,48.043998639121,561,0.440136793759694,5.08224976334226,6.65247766653637,6.5258414512766,-1.90359474480878,0.453087660028998,0.442510028060679,-2.33456633262561,0.342461707986809,0.324935915000756,-5.11759200439663,0.454482421515639,0.443948580042091,-2.31776653504422
"CYP",2010,"EU-SILC",3669,3.7897790745981,0.540267355423849,223.761586906163,34,0.655935264033896,5.08188953369608,51.858482962202,50.6908233000917,-2.25162711173291,0.320469196988406,0.304874808496964,-4.86611151336536,0.171530094179027,0.151678358196752,-11.5733254139975,0.271225105655602,0.254697069341848,-6.09384454798266
"PRY",2019,"EPH",4578,2.65858802017578,0.868461181926304,193.247464284281,23,0.299009266731146,5.07605676834587,19.4600179634026,19.0500442303829,-2.10674899576493,0.456506375031874,0.444835484242508,-2.55656688004651,0.362995796798211,0.342977644119778,-5.51470646630119,0.49423151690257,0.483370556230267,-2.19754513843444
"SLV",2015,"EHPM",22343,2.15141553801018,0.699843708326186,70.1718099689935,134,0.466383986228045,5.07233771705999,10.9405059302699,10.7128366060734,-2.08097619659982,0.405519417789298,0.39292797622998,-3.10501569270364,0.278307954328959,0.259308839443739,-6.82665176819328,0.405899590603263,0.393355202845604,-3.0905150061905
"COG",2005,"ECOM",5002,0.869428455331828,0.842609270882711,29.8819992694171,34,0.349047326201592,5.04102284812241,3.38993153689693,3.32334663305173,-1.96419612374098,0.473305418467756,0.462780872417861,-2.22362678288496,0.379908309942983,0.361477345134292,-4.85142449541496,0.491545172925352,0.481387852757769,-2.0664062485109
"COL",2008,"GEIH",198215,2.28804111572116,0.958238581610423,174.645265180356,764,0.239174333300387,5.03653711592467,12.6875915723063,12.466282962286,-1.74429172596784,0.551387103411254,0.54344031955958,-1.44123498763578,0.564951179913918,0.548196516285389,-2.96568344738785,0.688768245430637,0.683247555782721,-0.801530802928474
"CYP",2017,"EU-SILC",4156,3.72409823064951,0.55395793762678,218.322219699054,43,0.657908513013655,5.02315468519958,46.6041592150052,45.6995206770992,-1.94111116506246,0.328812314175432,0.31558614711695,-4.02240624462304,0.180126350528433,0.163280370570375,-9.35231292292167,0.285727084635361,0.271811102275102,-4.87037565165289
"COL",2022,"GEIH",244538,2.45467107686118,0.985163381562449,223.667644817928,742,0.253919400331255,4.99588917916717,17.3929988930706,17.0919994858958,-1.73057797005193,0.546120179498813,0.538146523662527,-1.46005515555265,0.546719238409994,0.530179554412786,-3.0252610179422,0.671466832339631,0.665687036481525,-0.860771609219591
"BWA",2015,"BMTHS",7055,2.00460093435917,0.942105741681654,125.325977069412,25,0.14508495486696,4.97683831975537,8.82108724566786,8.56390513267414,-2.9155375729905,0.533250267707009,0.519247447362093,-2.62593779936177,0.497053315013116,0.468358622045704,-5.77296078724563,0.579979235578373,0.567372717196428,-2.17361546907342
"BFA",2014,"EMC",10408,1.07141921474243,0.607277557246485,18.0519170425339,237,0.635198178636409,4.97331049022669,3.27799280372202,3.22963349200876,-1.47527205240786,0.353012275578971,0.343369809126629,-2.73148191136635,0.201510627675298,0.188631391308333,-6.39134348175361,0.292127332079563,0.281671227560856,-3.57929689230829
"BOL",2004,"ECH",8519,2.39842745482827,0.979013388342322,207.569789872099,47,0.180535198553087,4.96880882377107,13.2036050808649,12.9222797188328,-2.13067083049754,0.549358358612704,0.539565914070728,-1.78252399157182,0.566759883121672,0.54608427779091,-3.64803613425884,0.715551572918091,0.709362165227785,-0.864984149928483
"ARM",2011,"ILCS",7871,1.87530913642713,0.466623923567921,26.4480096813511,76,0.93465255299388,4.95420851440484,7.26669973390967,7.1538892746789,-1.55243044795627,0.293529458305667,0.282457772656176,-3.7719163566749,0.141577059750404,0.129006168908879,-8.87918626342974,0.232681266742375,0.220971303668437,-5.03261961647478
"BRA",2018,"PNADC-E1",136239,2.68133445475602,0.960235775989513,260.353880055073,443,0.259295517579624,4.95079314713724,21.0551778063393,20.687865447213,-1.74452271315317,0.537943838740918,0.529759309229476,-1.52144683552813,0.539351548723958,0.522697587518425,-3.08777480011589,0.666736092651568,0.660825392782512,-0.88651265983658
"PRY",1999,"EPH",4291,2.25770428002161,1.13197841628092,285.32803799263,13,0.110936849382695,4.94119121467498,14.5830182840699,14.1789774015374,-2.77062590652984,0.544902514281274,0.531946829862401,-2.3776150924834,0.564527744985391,0.537127196748451,-4.85371152796903,0.687824159280022,0.678930747837264,-1.29297747436893
"BEN",2003,"QUIBB",5349,0.899481738535326,0.682933110366066,19.0731401344087,50,0.472576717838113,4.9402831362682,2.75822938850452,2.71210026680049,-1.67241788867462,0.38578199051834,0.375374354311626,-2.69780250569253,0.246392891150382,0.231246428583935,-6.14728066858189,0.355519975823576,0.344638349131762,-3.06076379157229
"UZB",2002,"HBS",9620,0.369103165314984,0.539805627734152,7.30471513476888,125,0.735843789763404,4.93843791723422,1.68534196674059,1.65586369269912,-1.74909749019566,0.330436809431452,0.318575877587248,-3.58947051468361,0.181711429283952,0.166830148327422,-8.18951290800486,0.287616991758973,0.275179944042115,-4.32417001540735
"DNK",2015,"EU-SILC",6002,4.0977178613742,0.418749230732101,211.445134517894,76,0.765934317477544,4.92571683198959,59.0923466803326,57.8011558613909,-2.18503899654979,0.283528791534625,0.267578201742904,-5.62573899651823,0.149618712680547,0.130752716874599,-12.6093825217096,0.324673124380679,0.309874723108104,-4.55793848068056
"BRA",2011,"PNAD",92784,2.60194267951464,0.930266198481229,219.805106670262,516,0.272485858824728,4.91804034331948,18.4200325930572,18.1130657915292,-1.66648348735158,0.528245016612849,0.520268391775828,-1.51002367957348,0.515414061060915,0.499527386935251,-3.08231290643556,0.653586672182773,0.647722931869895,-0.897163385124544
"SLV",2008,"EHPM",16557,1.95237514488741,0.82543306507149,83.8202261135521,60,0.309648099063844,4.91007898434065,10.2296190725998,9.98688443312962,-2.37286098091731,0.468856790465253,0.45597511669247,-2.74746447843918,0.382817383413816,0.360386037378306,-5.85954217529944,0.514270697788815,0.502495528909627,-2.28968302682175
"COL",2003,"ECH",31690,2.14097062297165,0.899565802467461,126.427374714657,173,0.266276794089954,4.9050113646873,10.0121384305563,9.85768866293158,-1.54262517139554,0.534816816947416,0.527546445822583,-1.35941333451903,0.518726736877177,0.504037228520587,-2.83183944691627,0.644142548909876,0.638573667704135,-0.864541740825187
"UGA",2016,"UNHS",15628,1.03057652757223,0.743070430797979,26.0440105371844,135,0.447397952381989,4.89611122141127,3.53663355220482,3.47999640985664,-1.6014422051975,0.427536926302216,0.418247626300282,-2.17274799682855,0.3021655736378,0.287452498254271,-4.86920968738973,0.41093956955949,0.401403814397737,-2.32047626174704
"CZE",2011,"EU-SILC",8249,3.39499232051961,0.378906217650138,92.9174043688153,127,1.15349287294087,4.89369145855091,31.8084582069781,31.3236460417225,-1.52416115896286,0.266235137729149,0.254954473918721,-4.23710555512922,0.123196986580635,0.111535484454636,-9.46573650027259,0.223980466587827,0.212558797080177,-5.09940428361914
"DNK",2019,"EU-SILC",5770,4.13125308385567,0.404862952838025,209.734394556008,44,0.708332426569997,4.89289139233739,62.7397658861107,61.155594007807,-2.52498850757487,0.28166336213404,0.263120940263328,-6.58318559084992,0.146219240207058,0.124537365752161,-14.8283320472694,0.725402297216422,0.71834573894575,-0.972778594408896
"MEX",2006,"ENIGH",20043,2.23228271896188,0.930262783118684,151.877012998476,104,0.287568752144905,4.89102596009041,13.3180328934475,13.1033952783303,-1.61163151371122,0.497063435587718,0.488845785337378,-1.65323974003919,0.435424372547908,0.420157263203905,-3.50625971042149,0.559940534614261,0.552745021189542,-1.28504956864317
"CRI",2010,"ENAHO",10946,2.70990308768737,0.842350343686758,188.096309973283,63,0.367676927780229,4.89013383827458,23.2230449467086,22.7789937012696,-1.9121146536036,0.479525092373118,0.469417336363316,-2.10786800744472,0.404931611754753,0.387256258254443,-4.3650218918978,0.555004789947728,0.546360051079042,-1.55759716407133
"CZE",2018,"EU-SILC",8342,3.48332865122053,0.362027702205487,96.4873351571344,147,1.32721054003451,4.88299088412046,35.9193234027689,35.4459761973778,-1.31780657470442,0.248522097508947,0.238547338096453,-4.01363078473724,0.105674518434802,0.0957624620240001,-9.37979804177446,0.19320859804193,0.183063198687931,-5.25100821434313
"IDN",2021,"SUSENAS",336378,1.75684522765203,0.604668362309852,35.5468062721817,2206,0.650661771424671,4.87822625970018,7.26033671208575,7.1374505394296,-1.69256850652101,0.355047632154122,0.343989819432697,-3.11445894015263,0.205872775896812,0.191110253619603,-7.17070152325945,0.310282496399926,0.2985772705924,-3.77244154708586
"DNK",2014,"EU-SILC",5729,4.06349956331109,0.418149626168256,203.965006387912,52,0.703622526334418,4.86484684180006,58.6878251561416,57.2678960782967,-2.41946106209785,0.285437628506635,0.267774827364333,-6.18797221470457,0.162776719272293,0.141664581194458,-12.9699985183499,0.985243000519773,0.984877251593988,-0.037122712426485
"IRN",2005,"HEIS",26761,2.40065140464688,0.756376616308083,106.674405234882,123,0.523701622896011,4.84751969841068,16.5660868216883,16.3216980911809,-1.47523511821426,0.435586411481436,0.427164214247355,-1.93353075580051,0.32389839119281,0.310610308714745,-4.10254661319245,0.458260807515519,0.450203537068554,-1.75822813446505
"CRI",2009,"EHPM",9028,2.66207719123623,0.887911279601296,205.57502038958,49,0.357058625840351,4.84552549322149,22.7822236835824,22.4123285699457,-1.62361286050945,0.504062003588183,0.495903448167696,-1.61856187580297,0.454355766266252,0.43923224636996,-3.32856343401833,0.602628035295254,0.596086530577373,-1.08549624888855
"MEX",2004,"ENIGH",21394,2.24790232352196,0.943261324820099,160.402502668519,102,0.183254630744437,4.84129576154602,12.4075692546567,12.1008271441901,-2.47221759694334,0.50331390932594,0.490737429690793,-2.49873476614029,0.453226507020755,0.429080749131737,-5.32752553413924,0.582321994518275,0.571742466494837,-1.81678317546461
"GEO",1998,"HIS",10988,1.5866835167539,0.753540620321778,46.8666051312788,31,0.146246574430007,4.83514794627546,5.75456030166487,5.54485960197787,-3.6440785862706,0.412500082643403,0.390289131149141,-5.38447201075186,0.323762573955955,0.287426718132935,-11.2229944860655,0.550826350504648,0.533848934318291,-3.08217211663947
"COL",2010,"GEIH",181619,2.3648882978771,0.971645962436804,196.335746324887,678,0.214534717364331,4.82647420390461,13.7997755651245,13.5549412957403,-1.77419022670903,0.545111210168802,0.536910033180507,-1.50449611662832,0.541732142289391,0.524630650179444,-3.15681695342569,0.658824242517197,0.652666648442677,-0.934633803242146
"PER",2007,"ENAHO",22105,1.86574144057822,0.967171575548133,117.596134758274,48,0.275579305313961,4.82392989360262,10.2937339770732,10.1212420778281,-1.67569804727057,0.500205787037912,0.491706995550111,-1.69905900891889,0.463356173442201,0.44741927742164,-3.43944829787592,0.60918251746966,0.602531681402996,-1.09176410614822
"PRT",2006,"EU-SILC",4152,3.17290558087597,0.63428653469659,160.094647140075,30,0.606896239041266,4.80387566816206,30.7642738262053,30.258004753781,-1.64563959898537,0.384800724173733,0.374544979772334,-2.66520922574176,0.257566611257868,0.24304445030457,-5.63821563764667,0.438486175781948,0.429183610379959,-2.12151851432951
"CHE",2021,"EU-SILC",8566,4.32841307093804,0.544169417374895,387.967402943872,49,0.603405886266265,4.803227613433,80.139571863696,78.6313039648097,-1.88205135591647,0.337379268020301,0.324720790324152,-3.75200224080966,0.196385878335542,0.179913341094296,-8.38784202859111,0.33661909261113,0.324064260391809,-3.72968512330465
"KEN",1994,"WMS-II",10464,1.35007538118275,0.775478711615122,39.5083292208338,41,0.297935652487883,4.80321313068414,4.72273465096994,4.61360103853833,-2.31081397743133,0.431085714868989,0.417655653504169,-3.11540394441089,0.328539660845071,0.306678335050188,-6.65409032767952,0.479838085765521,0.467567773226485,-2.55717770286202
"CIV",1985,"EPAM",1583,1.9440912012428,0.838345712185988,86.4121540507875,15,0.344831289730973,4.80261807953252,8.97897179616381,8.84572221862277,-1.48401822130652,0.455262680711083,0.447094809847524,-1.79410068288512,0.366762746612754,0.353044306115408,-3.74041273930958,0.543190660205647,0.536331549629,-1.26274457186917
"CZE",2020,"EU-SILC",8356,3.56308867256461,0.369151193491337,106.755615296949,149,1.38019625820385,4.79652377528691,39.366488541884,38.9517025672279,-1.05365245928594,0.252621968616764,0.244736615967167,-3.12140416479716,0.107152243270784,0.099698705279609,-6.95602608368998,0.194496854468929,0.186551112808831,-4.08528028990212
"SRB",2005,"HBS",4272,2.52804342979314,0.609105288635002,77.8948075788484,32,0.703410459656346,4.78432077664086,14.6267399468403,14.4748700126572,-1.03830337269317,0.364604233544312,0.357976176739447,-1.81787708289463,0.22622989707227,0.217385776056541,-3.9093511203354,0.358486930172991,0.351860393125298,-1.84847381869561
"CIV",2021,"EHCVM",12959,1.47666034676437,0.581171779362255,25.0325176291772,96,0.813647745460572,4.7819924698547,5.5384184301337,5.47724819317748,-1.10447120830378,0.352753623799472,0.34557142172336,-2.03603920457364,0.202705597687648,0.193562347496005,-4.51060567440825,0.312746038044473,0.305242523826878,-2.39923557929378
"STP",2017,"IOF",2728,1.52401566257567,0.69236168915783,36.6385413995453,26,0.486558953134429,4.77662851410753,5.45149451015257,5.36936497241297,-1.50655086576073,0.407294815613725,0.398253732738448,-2.21978835199603,0.277224171900031,0.263473423393441,-4.96015495775347,0.394216731629438,0.385009030973745,-2.33569504207342
"ARM",2012,"ILCS",5184,1.94233842759404,0.501406759735966,31.3921765308652,80,0.797892904069041,4.77297884322424,7.52784345300041,7.41901702661026,-1.44565209239008,0.296022613767568,0.285761394070611,-3.4663634532375,0.145134854289785,0.133219458765179,-8.20987872479956,0.235929135933275,0.225020374001826,-4.62374512935723
"CZE",2019,"EU-SILC",8409,3.51278257099794,0.368599217789888,101.35003562145,137,1.30944922893086,4.77095393891034,37.6190898942653,37.1514277031388,-1.24315126293829,0.249903408082459,0.240531172162177,-3.75034337954673,0.105968205617956,0.0968479428555815,-8.60660299869166,0.194189961044439,0.184702623418567,-4.88559633816519
"IDN",2016,"SUSENAS",289301,1.60137575338271,0.631791897153222,33.0080491328894,2089,0.661718572723594,4.76432595265346,6.20384603328205,6.12669497826179,-1.24360041507099,0.36885698909361,0.360947674151612,-2.14427682702555,0.221549590776692,0.210804240027462,-4.85008828567881,0.328377458825223,0.320041582382076,-2.53850446159399
"MDA",2001,"HBS",6212,1.30541678536316,0.634912445161047,24.7829054926341,44,0.637067075058659,4.7576911502227,4.37684814552901,4.32649495978697,-1.15044397401542,0.379891935167771,0.372717767282027,-1.8884759642438,0.241999288947937,0.232078609230604,-4.09946647383211,0.370410616575556,0.363180857481265,-1.95182286110734
"HUN",2018,"EU-SILC",7248,3.12794490825349,0.440170095931734,85.4947692790706,56,0.826577173599545,4.75675231278394,24.2018324847672,23.7572915057943,-1.83680710645636,0.305454344550072,0.292516211388829,-4.23570114227712,0.174855204665032,0.159525074603793,-8.76732842502854,0.494517213715693,0.485227168426489,-1.87860908205818
"COL",2016,"GEIH",191260,2.53714572647793,0.895219971916334,185.453771774484,837,0.266686051291871,4.74217106017879,15.4041220579795,15.1682115805886,-1.53147629253371,0.504349685204384,0.496658532231531,-1.52496436470183,0.458572503841332,0.444018863641804,-3.1736835675094,0.616905009810645,0.610955019978171,-0.964490438211918
"NIC",2009,"EMNV",6415,2.06878547293204,0.754630726952992,76.1479115729942,48,0.399059382512532,4.74183607250352,8.54221571300688,8.44103323265584,-1.18449924177142,0.439414550485992,0.432714184188877,-1.52483942320621,0.332408830291707,0.321481893763095,-3.28719803232158,0.46992879725419,0.463599775015334,-1.34680451077622
"COL",2013,"GEIH",187929,2.48267231921048,0.937698611039479,199.490806453639,631,0.234092275195115,4.73271427402088,15.2427455003466,14.9883424759314,-1.66901051001203,0.525183419360597,0.517141544123676,-1.53125078600382,0.502706852305548,0.486732840848924,-3.17759970514883,0.648913159807512,0.642960163099326,-0.917379562768073
"LVA",2005,"EU-SILC",2944,2.42513725898184,0.616905742315559,71.94158612622,24,0.528009410999012,4.72927820899001,14.0036410408314,13.7212282417906,-2.01670978438656,0.361406614471369,0.348322280264479,-3.62039146019185,0.239505022067711,0.221754220714686,-7.41145267008471,0.454990250553173,0.44388482971535,-2.44080413246679
"ECU",2005,"ENEMDU",16241,1.96325904714815,1.0131667252797,148.823229580562,51,0.237441007867743,4.71188628761694,11.3786419446056,11.1958606513581,-1.60635420410732,0.529910592118672,0.522251351955391,-1.44538348113741,0.52196369100257,0.50657943167294,-2.94738112915117,0.667959600673543,0.662543914097487,-0.810780557775503
"BRA",2019,"PNADC-E1",134480,2.69800072546969,0.958798461224643,263.59032777488,425,0.248318885450848,4.70409840904725,21.1624510058706,20.8214930488749,-1.61114587767341,0.534043106136664,0.526429941042854,-1.42557127061979,0.534605822920711,0.51922392760327,-2.87724051216002,0.66871261343646,0.663293465572339,-0.810385172229999
"PER",2010,"ENAHO",20892,2.06993867334699,0.875681663710513,109.61603455294,72,0.353185607216374,4.69841658429889,11.6599821287429,11.499295651922,-1.37810225647537,0.455379255520635,0.447790861469951,-1.66638992854616,0.374575878604989,0.361746994277993,-3.42490936009405,0.533825965943009,0.527331026860504,-1.21667725005316
"SYR",1996,"HIES",28572,1.88408759749484,0.598886907786853,39.6760733995429,245,0.510542333773576,4.69631949940488,7.43338018821341,7.28684805605319,-1.97127186354019,0.351693821909836,0.338694276329521,-3.69626782458741,0.203942902877033,0.186168742791488,-8.71526286759842,0.305128392625418,0.291293276820057,-4.53419483068076
"MEX",2010,"ENIGH",26637,2.21695586558679,0.878323164091871,127.986572728989,155,0.300755030132264,4.68346694253467,12.769867754009,12.556721274521,-1.66913615390549,0.476473090117735,0.467607243461543,-1.86072347842382,0.39827964510299,0.382551882534544,-3.94892452120661,0.536096579340332,0.528239648772248,-1.46558117900182
"ISL",2018,"EU-SILC",2956,4.07208780131335,0.400411478487646,195.062932404357,37,0.96766368695767,4.67885959999978,62.9751973464032,61.916229443334,-1.68156345305958,0.261315802354755,0.248739939319926,-4.81251532494645,0.11703896132711,0.103415980207398,-11.6396975547636,0.205718103382391,0.192632203130307,-6.36108346175062
"NLD",2020,"EU-SILC",12140,4.10939488779369,0.454722720806772,238.307784460991,108,0.654317154964784,4.67313542660358,62.7147977470778,61.3433390311811,-2.1868183668991,0.292483328103473,0.276723505210537,-5.38828075949713,0.153382621961474,0.134547169239227,-12.2800435156066,0.302044073265889,0.286730926798822,-5.06983841844388
"BGR",2014,"EU-SILC",4892,2.79911823745621,0.56281671513659,88.9049999073676,36,0.685666280548067,4.67279947464198,18.9435737889286,18.6679701785272,-1.45486597973626,0.365170925876516,0.35584101676516,-2.55494302810708,0.255383281254111,0.242903162359786,-4.88681907172582,0.501083319190679,0.49380645572351,-1.45222624431434
"LVA",2012,"EU-SILC",6287,2.77248643543823,0.531504860368671,78.8069362560753,61,0.824037041811501,4.67132499236026,19.1076455570111,18.8644636809216,-1.27269409181711,0.357169045474764,0.348924374853916,-2.30833850953941,0.229777771266575,0.219202881440125,-4.60222490981602,0.423072241051946,0.415775839088075,-1.72462318627388
"SVK",2008,"HBS",4700,2.85044975922463,0.422562230253922,61.4446303633428,55,0.79374984519297,4.65073225655581,18.0000274642645,17.6506110391835,-1.94119939969384,0.26874395824053,0.25432580390866,-5.36501524583679,0.121595351549853,0.105370727712359,-13.3431283603327,0.199327570903833,0.183925984485576,-7.72677173981516
"BFA",2009,"ECVM",8404,0.916870710072767,0.715738798538874,21.4149035175486,119,0.401815818705917,4.64234726648279,2.83740550499937,2.79173175799312,-1.60970107817776,0.397622364158668,0.387793905650299,-2.47180727099316,0.263230018754587,0.248419527932163,-5.62644446575532,0.374507798312389,0.364329718595214,-2.71772170380403
"CRI",2012,"ENAHO",10716,2.75281163023579,0.853929413644511,203.283157401479,44,0.362194581662238,4.63718302159787,24.7255660315821,24.3152768631117,-1.65937219777438,0.483634321748594,0.47494390362708,-1.79689855138776,0.417342688103707,0.401887805635076,-3.70316358934034,0.570588350710756,0.563363662656021,-1.26618218646355
"BOL",2015,"EH",8240,2.84342230610345,0.846720557221669,217.801473916306,42,0.276982783630064,4.63508877612028,19.8218961085338,19.5064062120337,-1.59162319675542,0.467294360768775,0.458695298656367,-1.84018101529428,0.425325158780284,0.410212966681487,-3.55309150818521,0.659881584494506,0.654387934013519,-0.832520653716284
"PRT",2005,"EU-SILC",4333,3.18264902635537,0.631972371179612,160.543693616896,30,0.604245642070142,4.62813336376297,30.8549554260232,30.3970252118758,-1.48413831044207,0.389388361827369,0.380231743276466,-2.35153883591488,0.263715803309409,0.250811890410949,-4.89311324407842,0.450250217636092,0.442060105118734,-1.81901356102792
"TUN",2021,"NSHBCSL",17380,2.52902547272405,0.570424325166216,69.4285695802107,99,0.383953863796552,4.62571022749774,14.5432994087146,14.137142196032,-2.79274462601834,0.337164262968326,0.318159887288034,-5.63653321766125,0.194522040595047,0.168801802332942,-13.2222745471034,0.30609332537564,0.286320010405771,-6.45989746610877
"THA",2011,"SES",39925,2.47887038584745,0.63519366899924,80.1942160219895,295,0.540568684777787,4.62292799654465,13.9743267942363,13.7618085473548,-1.52077627788921,0.374590333805391,0.364968936254031,-2.56851196709177,0.2296843006035,0.216207379761678,-5.8675846831546,0.337178433605715,0.32705139944019,-3.00346438448883
"PER",2006,"ENAHO",20530,1.72291268233385,0.964808965599421,101.224374149411,46,0.269367266511857,4.62253507127017,9.15944155155041,9.0087084831875,-1.64565784403519,0.503310399738774,0.495020114439642,-1.64715159937775,0.466865637143337,0.451290139004383,-3.33618431081304,0.607756893183208,0.601204586691968,-1.07811306868466
"KEN",1997,"WMS-III",10068,1.42549045009139,0.820216988151234,48.7225233298514,49,0.318108066645887,4.62057652422522,5.08387845427435,5.00396423688169,-1.57191439786437,0.44983076519249,0.441067077516901,-1.94821883110611,0.338716895224475,0.323987354521565,-4.34862887283755,0.44445585663279,0.435611230096754,-1.98998987279485
"LTU",2008,"EU-SILC",4597,3.02385139910446,0.559631040526764,110.249339202928,38,0.692109987376905,4.61053280660189,24.2837244412078,23.9271620468217,-1.46831840086736,0.34417738192255,0.334453397443706,-2.82528283076808,0.211275140116303,0.198809958876301,-5.89997537483113,0.382666712701844,0.373620023285517,-2.36411715888547
"EST",2005,"EU-SILC",3748,2.58721434787096,0.527564731129494,64.7095335843129,24,0.878885867903597,4.61012885357587,17.1048986588526,16.8850637362648,-1.28521616510161,0.334038635409694,0.325431582993401,-2.57666374601752,0.198069375853861,0.18779234580826,-5.18860121676962,0.38061878879159,0.37277544848297,-2.06068132724645
"PRT",2009,"EU-SILC",4654,3.2654283944114,0.613865876526238,165.178387125528,39,0.592430224421217,4.60997235955629,31.2613451223415,30.7987724425192,-1.47969538102743,0.366341509588343,0.35687271064429,-2.58469179610387,0.231423089151951,0.218566889593756,-5.55527955542663,0.377609267301143,0.368381021096199,-2.44386115597733
"COL",2015,"GEIH",193802,2.54519918820851,0.902158600797255,190.885732642089,780,0.24847829172922,4.60928504305045,15.6314152497458,15.385228372246,-1.57494937960767,0.508603005320445,0.500757474230332,-1.54256483112417,0.466376609868103,0.451388180590605,-3.21380381441871,0.614566237024813,0.608406953814493,-1.00221633393628
"SWZ",2000,"HIES",3666,0.924100102045779,0.968121155748795,45.9918206762158,23,0.245864554116356,4.60092325905342,3.52633177058829,3.47716553679947,-1.39426001259695,0.531135202156598,0.524521122527616,-1.24527231524606,0.478298063731865,0.465034463076658,-2.77308265722824,0.544605277838753,0.53817573693149,-1.18058732974053
"FJI",2013,"HIES",6015,2.22904633171979,0.614068770796089,58.6303595866279,52,0.47685484314863,4.60005127057114,10.7225163928107,10.5088568504903,-1.99262500044907,0.366965967389038,0.354131086451312,-3.49756709840048,0.220967872160232,0.202964155247874,-8.147662706053,0.323889803726186,0.310266951484104,-4.20601454116736
"PER",1997,"ENAHO",5476,1.72910078897129,0.999365148051244,112.978352902335,18,0.210772751685846,4.59932866594497,8.55580767925305,8.40042554727964,-1.81610127060471,0.532590871804013,0.523958242626615,-1.62087441494391,0.537381122280466,0.519851708127271,-3.2620078053367,0.667378568728046,0.661230855192943,-0.92117335245282
"BRA",2016,"PNADC-E1",135445,2.64545836521449,0.935857228575437,233.464504587921,468,0.277296735411726,4.59854379763999,20.3823517033721,20.092449782871,-1.42231831105711,0.532661770460521,0.525934819616447,-1.26289349398181,0.52193553657554,0.508455288728479,-2.58274191014193,0.647196837341985,0.642113552203557,-0.785431084506583
"IRN",2017,"HEIS",37920,2.35106971540324,0.599024430338665,63.3163130727981,200,0.708207664338532,4.59418765278941,14.1542837291226,13.9524203556566,-1.42616452608378,0.366936772974635,0.357821332666872,-2.48419918065651,0.224328257150273,0.212182872544344,-5.4141126758693,0.347937300922233,0.338667441001223,-2.66423286507081
"MUS",2006,"HBS",6715,2.41461924748748,0.596101328263903,66.8815558811612,65,0.602141426177328,4.58358251881481,13.1708400193404,12.9698652530653,-1.52590697313174,0.356534221646806,0.346596915693205,-2.78719554821446,0.209928505471365,0.196512631400172,-6.39068717279242,0.319693957954205,0.3092853248633,-3.25581163857865
"IDN",1998,"SUSENAS",185813,0.602959145997559,0.515991645252603,8.59288110312741,1999,0.681574102108421,4.58035775510938,2.08791248577443,2.05084547653625,-1.77531431469135,0.306513427547287,0.294018865450451,-4.07635065022021,0.153591496912218,0.138137514233053,-10.06174364457,0.23830451171053,0.224787710028145,-5.67207124420877
"LTU",2020,"EU-SILC",5107,3.42893036444373,0.557990117111705,164.498378954815,42,0.741500042859748,4.5693134354527,38.4635057365239,37.9257431516123,-1.39811120857066,0.351245251079584,0.342079896807391,-2.60938880853829,0.215373964235581,0.20340420619473,-5.55766249803469,0.410637515783115,0.402408375827099,-2.0039912671696
"BRA",2006,"PNAD",100293,2.3376093376546,1.00445102662825,210.811088555476,445,0.222621357959967,4.55952545679909,15.221301060908,14.9965924722523,-1.476277144487,0.555780117872292,0.549136738874377,-1.19532505469035,0.571734755897662,0.557572167568538,-2.47712565713932,0.680531346843239,0.675748420866712,-0.702822287130966
"SLV",2000,"EHPM",15259,1.98852919037745,0.949817234520198,126.214254316417,29,0.15725491892169,4.55827828485643,10.646612040091,10.3597879586875,-2.69404088665401,0.513942188639602,0.500500370349456,-2.61543391207598,0.503452895428777,0.477169666449386,-5.22059346922742,0.678180987493629,0.669276461818794,-1.3130013726488
"IRN",2019,"HEIS",38290,2.22146644752133,0.604847039040651,56.5999195960296,199,0.672819999755911,4.5500015438119,12.2385406397047,12.0625024305459,-1.43839216080756,0.3648225761986,0.355597518780349,-2.52864214555333,0.222477017167522,0.210175049725263,-5.52954529815339,0.347215838380435,0.337846769844607,-2.69834134857712
"IDN",2005,"SUSENAS",10571,1.19948184860411,0.493526196598998,14.5859748222384,127,0.822059312288616,4.54923421637873,3.75952709870077,3.70840276986693,-1.35986062852186,0.29903620995786,0.289422793704289,-3.21480005880402,0.145806878931186,0.134636624800996,-7.66099254854908,0.232567425475164,0.222288141463126,-4.41991563996385
"DOM",2005,"ENFT",6498,2.16416177564397,0.876355691594265,120.690431563707,27,0.238281153513991,4.54763041024662,11.4115575222048,11.1801846145532,-2.02753136196656,0.499292646154438,0.488950085226304,-2.07144267150593,0.439889960715705,0.420535180441973,-4.39991406992816,0.571840018048351,0.562992700950301,-1.54716648342402
"ARG",1991,"EPH",758,2.97862100404733,0.947310269209277,337.158050056247,5,0.143500049919335,4.52871836973762,22.9151313760675,22.3611915821278,-2.41735377750545,0.46518802762043,0.45196357919634,-2.84281787984457,0.374463283762594,0.3510171815997,-6.26125528978659,0.498184602640461,0.485765724233216,-2.49282662318806
"ARM",2016,"ILCS",5183,2.0979397111985,0.541324377095726,41.3434019354811,23,0.366695114694147,4.52306662673475,9.04117165788907,8.78383767511106,-2.84624595699898,0.325479483245729,0.30577172907824,-6.05499123046402,0.180756447634938,0.154860647718354,-14.326349214875,0.286940816470109,0.266248307662628,-7.21142048107218
"BRA",2008,"PNAD",99951,2.46471393653812,0.964579599089205,212.396058835186,494,0.223897250685902,4.5181168735884,16.5903754393974,16.3163518235755,-1.65170231875017,0.539537201948351,0.531818925496683,-1.43053647159002,0.538377104234851,0.522558470235644,-2.93820704386917,0.676432546427202,0.671003483757761,-0.802602225176186
"EST",2015,"EU-SILC",5595,3.14233152122576,0.534710478957042,115.176180235934,52,1.00498496130373,4.51695089451171,30.6578895874407,30.4305910598576,-0.741403047117151,0.343903390887355,0.339040508581558,-1.41402569286968,0.210652570964867,0.204896955033873,-2.73227898649988,0.463680193537018,0.459787281703781,-0.839568281651537
"ISL",2004,"EU-SILC",2847,3.79013878269278,0.417960264415812,155.092168540746,29,0.838127257767506,4.51293315171125,47.6275604828119,46.7780302556344,-1.78369460573991,0.268360370352303,0.255136925083999,-4.92749553555325,0.126354639369561,0.111864483355645,-11.4678464409488,0.229123708239058,0.215585861920898,-5.90853143142892
"ECU",2000,"EPED",2771,1.72946799096069,1.17319874024602,190.388022187388,18,0.112173776670768,4.51165652983167,6.62453683161848,6.53922591790003,-1.28780193826176,0.5589333862995,0.553186516479398,-1.02818510415881,0.572631595330033,0.560000069758785,-2.20587296863489,0.670999059481015,0.666707906898462,-0.63951692955766
"ARM",2019,"ILCS",5165,1.99057289425283,0.491921951924748,32.0192969272404,49,0.594018094122385,4.51087038347227,7.90631370870845,7.73987056255649,-2.10519279001827,0.300312121983862,0.285314618043739,-4.99397221832049,0.151652273520606,0.133309376711912,-12.0953655246066,0.240746326439891,0.224705570962094,-6.66292845045845
"BEL",2006,"EU-SILC",5532,3.89004976274851,0.480642679380851,206.846671393198,42,0.446134409867613,4.50085648179051,52.8657495337775,51.4091521959902,-2.75527605421854,0.292933077619438,0.272915864690515,-6.83337405648953,0.157328448371281,0.131153328325218,-16.6372454041447,0.5526491592638,0.540031487417878,-2.28312513181608
"SLV",1996,"EHPM",6110,1.89029766264754,0.95732319100164,117.010916709262,26,0.225488899419023,4.49525735961709,8.89309269859425,8.75717192285095,-1.52838590971607,0.507924151382452,0.500300905218188,-1.50086310003466,0.482330450392712,0.467708922338259,-3.0314337489056,0.659774388499272,0.654498900438142,-0.799589701129411
"MDA",2008,"HBS",6132,2.18834747986293,0.586777922299771,51.8669220424793,48,0.634370009220181,4.49129986563635,10.7248196707396,10.572164057421,-1.42338629464378,0.346924430611289,0.337539753667692,-2.70510696726114,0.201429927984407,0.189251831985093,-6.04582254542484,0.319380576842705,0.309715218815629,-3.02628235023703
"BRA",2007,"PNAD",99292,2.39283412507828,0.991981445776751,214.600564873424,456,0.222444303973755,4.49123167343424,15.7544698355495,15.5242668291701,-1.4611917048453,0.548142900866712,0.541455967270461,-1.21992523950937,0.562234372621749,0.548244665501265,-2.48823405357604,0.706116162244182,0.701761818591519,-0.616661094234583
"DNK",2013,"EU-SILC",5385,4.05322023373619,0.409372518559419,196.632752690415,37,0.527048143535564,4.48074155017439,57.2924764750261,55.7616979491235,-2.67186656972306,0.277907505080295,0.258111485681483,-7.12324030007474,0.141831202168078,0.117198594163424,-17.3675521522145,0.253510621445286,0.233271358453902,-7.98359566790444
"CYP",2008,"EU-SILC",3234,3.80391722371304,0.532966664600039,222.031045682872,25,0.529553324774093,4.47402544332844,52.788811012364,51.6027989608846,-2.24671105246455,0.311132723321057,0.295354822805386,-5.07111574355014,0.161206044263491,0.141457637356607,-12.2504134364874,0.260732678410499,0.244011676709569,-6.41308247315419
"COL",2018,"GEIH",183699,2.58199787662754,0.89064550631455,191.317508409775,751,0.243478621011074,4.46366327745274,15.5522196515443,15.3238381653584,-1.46848161421913,0.502697510610672,0.495300066851677,-1.47154970988586,0.453278064990005,0.439283128243862,-3.08749481324488,0.600154593391488,0.594203303736828,-0.991626111037247
"DNK",2021,"EU-SILC",7767,4.12785209037481,0.419709015675514,218.542201421056,49,0.666823148805315,4.45977772484909,64.5571161013777,63.1353022066678,-2.20241234518145,0.274610631355061,0.258333472659753,-5.92735926318247,0.135682330703689,0.116943428841866,-13.8108637761732,0.335671070548634,0.321018997370463,-4.36500921995543
"LVA",2007,"EU-SILC",4236,2.63565793857752,0.58423118534409,80.507592327926,30,0.743689599778073,4.45687414415654,19.0001905551069,18.7521025660904,-1.30571316270213,0.354510925026837,0.346022516575682,-2.39439967908253,0.227513152042834,0.21670141606007,-4.75213669437782,0.492111204191529,0.485506032788211,-1.34221113989266
"TUR",2018,"HICES",11763,2.90918462153575,0.693520560562148,146.899150926677,78,0.497020372793909,4.45436822522159,22.5459247286694,22.2717649290401,-1.21600600963928,0.418775203502481,0.411649227285435,-1.70162324737658,0.295532862534444,0.284712384416229,-3.66134514633003,0.423103131957151,0.416059785212337,-1.66468792425
"LVA",1998,"HBS",5709,2.07944976708699,0.562370033529956,43.2310880694466,31,0.80432504355886,4.45238353401019,10.2177156945621,10.110502271371,-1.04928955155968,0.3326485298247,0.325612739849471,-2.11508223978527,0.189159307343598,0.1805641106083,-4.54389311105146,0.317498213301545,0.310438576999917,-2.22352000920503
"PRT",2012,"EU-SILC",6022,3.24373179808409,0.60395667869758,156.898929072953,45,0.580412312547083,4.44717411266414,30.0746158743029,29.6478060452516,-1.41916967729565,0.36344677426998,0.354319865237582,-2.51120925498101,0.23221723302347,0.219813274443448,-5.34153233096524,0.403591475580079,0.395105644715104,-2.1025793106206
"ECU",1994,"ECV",3062,1.94607686193587,1.02307351327994,150.700948831774,16,0.165204554922848,4.44275936427101,8.35236482739095,8.230254188666,-1.46198880494895,0.531224341303263,0.524283967028022,-1.30648649461628,0.533201522246334,0.519087163420975,-2.64709649850521,0.707481929765536,0.703144228317172,-0.613118337849494
"IRN",2013,"HEIS",38261,2.34467889195346,0.557668720630528,55.5723099013693,216,0.772123745687442,4.43910160932555,13.2823067548041,13.1217786626715,-1.20858594140296,0.339695196596029,0.331655786325946,-2.36665409185749,0.190772943761648,0.180721490817424,-5.26880423713673,0.305440878251576,0.297135755674196,-2.71906060017949
"HUN",2020,"EU-SILC",5988,3.27702463270063,0.495111436368459,117.021647822403,33,0.475160227537987,4.43356953056282,28.2686629481035,27.5713924490005,-2.46658464315436,0.299504727983929,0.281820663287125,-5.90443590518302,0.167927599117355,0.145289506861805,-13.4808645955392,0.319989946973501,0.30295887963636,-5.32237574905788
"MKD",2008,"HBS",3991,2.59719203332944,0.72331604473047,117.582494432865,6,0.421243767044849,4.42933020162525,18.3591246296874,18.0412473066449,-1.73144052047257,0.461416255813187,0.451978674970207,-2.04535074871753,0.362239466934668,0.346706321377748,-4.28808757045853,0.496049917575128,0.487230049278177,-1.77802031296894
"JOR",2002,"HEIS",11977,2.40100824390547,0.609778182336492,68.7407918545276,104,0.624843593725216,4.41882773706887,13.7428049226656,13.5650564810706,-1.29339274329549,0.369546163410943,0.361321203250118,-2.22569220714095,0.22370147322951,0.212538943779143,-4.98992218925391,0.336065973400498,0.327495256848573,-2.55030774618485
"SVK",2004,"HBS",4602,2.57771393663477,0.46459818253598,53.0645174836834,47,0.728959745795675,4.41804254589591,13.6647405796892,13.447845498849,-1.58726087462354,0.28937388475212,0.277957956292342,-3.94504447751266,0.140181519435872,0.126840569076528,-9.51691094020923,0.230882601197254,0.218773913550855,-5.24452149430461
"LTU",2008,"HBS",6101,2.81535245676595,0.633153710026452,111.588007762201,34,0.52310936133781,4.41274481328635,20.9052821836342,20.5665127431074,-1.62049685601453,0.370556566777973,0.360233144578435,-2.78592342575421,0.231501264274208,0.21726771006388,-6.14836996892981,0.357073137567047,0.346608201878742,-2.93075411934064
"LTU",2018,"EU-SILC",4848,3.26239097381158,0.603459178004116,159.615613283847,33,0.559204576624894,4.41123533505456,32.6585992756481,32.110529418958,-1.67817931217513,0.369383679980855,0.358657544484773,-2.90379247308332,0.246020672226642,0.231226254582589,-6.01348557832725,0.479965276140308,0.471175969443693,-1.83123803607104
"GMB",2003,"HIS",2238,1.08461880634442,0.880186481541906,41.4786256911809,10,0.168345287098522,4.41119525053007,3.30533150522556,3.22935419035712,-2.29862919190793,0.4733162419077,0.460947612256064,-2.61318513004852,0.389927367334916,0.367772794950293,-5.68171773529147,0.521344780227544,0.510097205867795,-2.15741574219656
"UZB",2003,"HBS",9618,0.293398769571748,0.582728132566113,7.70279436268086,93,0.619634503756876,4.40915786870346,1.6019452039244,1.57904208253786,-1.42970691696775,0.352687972554102,0.343331191897612,-2.65299113795386,0.208310899801153,0.195872138333963,-5.97124849398852,0.324694261589766,0.315037959906884,-2.97396745960428
"MAR",2000,"ENCDM",13545,1.72026158339129,0.706668037181632,46.5378376651018,94,0.390866680452814,4.40888604894939,6.84150780210487,6.72177442031618,-1.75010224722459,0.406370084437269,0.395824319237389,-2.59511356857957,0.273692435540211,0.257662293053622,-5.85699142723797,0.388886776219483,0.37806572783805,-2.78257041461486
"VNM",2022,"VHLSS",9397,2.43194350038617,0.61653391262197,72.3521549894743,43,0.383355332345663,4.40879428188924,14.2620507025553,13.91063207092,-2.46401193604151,0.360930040795461,0.344811487334461,-4.4658387053279,0.226668656065884,0.203742656757412,-10.1143226886248,0.359079820726851,0.342989512759427,-4.48098362499275
"BRA",2005,"PNAD",98891,2.25077176032743,1.02342830059536,204.599960838744,412,0.199020303008654,4.40749255965853,14.1702442077259,13.9528872106018,-1.53389732694655,0.562474665257885,0.555671697792897,-1.20947091223543,0.588147733219766,0.573387699045221,-2.50957936941169,0.692979484284953,0.688200198540432,-0.689672039779365
"ISL",2017,"EU-SILC",2883,4.01630748002007,0.427963041635487,200.376201050711,28,0.79406264468079,4.40293069079653,60.7715451573378,59.6869287057083,-1.78474391069281,0.272411052137375,0.259236156380982,-4.83640280121559,0.128201845170791,0.113336517936124,-11.5952521704065,0.226810929831706,0.213150918259848,-6.02264255165883
"MDA",2004,"HBS",6119,1.707601053528,0.571817816554424,30.6629321482596,48,0.70229752415699,4.40252871306499,6.3256159691151,6.26247392310775,-0.998196006770635,0.350295665955225,0.343781328175489,-1.85966839240546,0.203552405059183,0.195189118990049,-4.10866482599527,0.319510673329348,0.312783553652792,-2.1054444305281
"PER",1985,"ENNIV",4993,2.34245680703924,0.818404544793959,121.227681336293,24,0.319904772532827,4.39196098624919,13.350960563856,13.1524047228276,-1.48720266289987,0.456349824304893,0.448158191784735,-1.79503356501477,0.362946674222385,0.348985092547229,-3.84673084691279,0.507512155944235,0.50009697560253,-1.46108428238718
"MDA",2021,"HBS",4078,2.37184746136345,0.398243958648698,35.3953104184629,44,1.1105981972516,4.39061663424327,12.1118570950273,11.9731715621163,-1.14503937606667,0.257316382910908,0.248764792583538,-3.323375772125,0.108171746124481,0.0995480574566208,-7.97221915779767,0.184459136250756,0.175531706119273,-4.8397874526237
"SLV",1998,"EHPM",7388,1.90171249466167,0.999223542992618,134.206965040219,24,0.169499032203619,4.38659466109247,9.20523513688248,9.02891829072,-1.91539752695756,0.534464400557661,0.52538730450086,-1.69835372521161,0.595344223947113,0.576774580436307,-3.11914397819965,0.798673412864086,0.794743444074516,-0.492062052682729
"EST",2014,"EU-SILC",5729,3.05319116621552,0.537479801648486,106.232551289521,56,0.959102713252227,4.38495990496488,28.3819879163212,28.1563284077334,-0.795079996697612,0.348678639473662,0.34349761652977,-1.48590201903742,0.217598168755435,0.211406698008332,-2.84536895807341,0.495301775773469,0.491362439681139,-0.795340595373073
"IRN",2012,"HEIS",38156,2.38908646987138,0.574535020114923,61.1109784589459,216,0.682116207640867,4.37919888219942,13.8553087328637,13.6654050964252,-1.37062002803316,0.34425537464126,0.335177922271494,-2.63683678990473,0.196976001757215,0.185258347331219,-5.94877260248073,0.312906946138136,0.303527805729316,-2.99742160555304
"CYP",2020,"EU-SILC",4038,3.83853435321874,0.513653704596851,216.912808144527,38,0.653824410112658,4.37371787914283,51.6540239060782,50.8130515155111,-1.62808688844109,0.31118265074388,0.299839936936384,-3.6450341239723,0.162092809507667,0.148398970767137,-8.44814694872877,0.267767243498993,0.255914785850111,-4.42640313057071
"MOZ",1996,"NHS",8248,0.233763627956001,0.981904255508458,24.0341658349863,71,0.164606775915357,4.37330683660178,1.58719430235784,1.55734329092179,-1.88074083883133,0.535598648562099,0.52670981217508,-1.65960769521788,0.497903187641702,0.479659934350896,-3.66401616692079,0.57414362281387,0.565987202848611,-1.42062362815855
"IDN",2010,"SUSENAS",66374,1.33226692512195,0.587815436554973,22.1029975436842,489,0.572954244498605,4.36831760890564,4.56173267862332,4.48910176933978,-1.5921781130205,0.345863107205204,0.335314510789519,-3.04993397559066,0.194076247248646,0.180066489996962,-7.21868721716076,0.292992819437205,0.28171088855619,-3.85058272168097
"LVA",2002,"HBS",3948,2.47953180158487,0.572942682548539,66.5770450510017,32,0.667174672039392,4.36269284418655,13.7855359865194,13.6283005764753,-1.14058249311352,0.350912337694753,0.343455189703655,-2.12507432485458,0.210155181136229,0.200372024171492,-4.65520617281169,0.343519625311932,0.336065916935349,-2.16980569008669
"SVK",2005,"HBS",4402,2.7162986733688,0.485692424748206,64.9342972805678,39,0.549014029076353,4.34215220807816,15.7394761597449,15.412542549887,-2.07715686684669,0.298344249902031,0.28349570879933,-4.97698249843176,0.151492362666082,0.132964895204836,-12.2299679899272,0.246091834219774,0.230330718776755,-6.40456660944851
"WSM",2008,"HIES",2009,2.16898972040014,0.725968737857526,77.2383375359849,25,0.427970668166227,4.33768989292763,10.7750269352466,10.6381971101495,-1.26987919305883,0.420465485624576,0.413037408876769,-1.76663174547451,0.290644999106973,0.27918197616336,-3.94399455653245,0.394853585247179,0.387123277962737,-1.95776550429528
"VNM",2008,"VHLSS",9188,1.46641445676859,0.596177540526351,25.9182428614652,57,0.686813229782648,4.3261471228605,5.45804271077162,5.39992967397482,-1.06472301292395,0.35570312486502,0.348799275307727,-1.94090213852149,0.208426253450382,0.199391424704922,-4.33478441218089,0.323535018743574,0.316384088273441,-2.21024929477603
"LAO",1992,"LECS",2877,1.16590753605994,0.577372596623379,18.1382927660922,25,0.598251147798276,4.3227556158342,3.94038153911112,3.87856101950805,-1.56889679310108,0.343097752150745,0.332670088020494,-3.03926914848146,0.191195631537524,0.177682517841928,-7.06768956326477,0.289258157109324,0.278118640131785,-3.85106407676132
"IDN",2019,"SUSENAS",312827,1.73303659175275,0.619183535928826,36.2553588072022,1741,0.535372603732126,4.31273975994471,7.03973400242502,6.93022985354663,-1.55551543340511,0.353598614140132,0.343421376235574,-2.87818942087944,0.204457256211757,0.190782438491103,-6.68835040341705,0.310506646280825,0.299751453759911,-3.46375597744432
"SVK",2014,"EU-SILC",5463,3.13260364326755,0.395970612378024,75.227396547612,47,0.847597279952305,4.30935368586537,23.146273183694,22.7864437740285,-1.55458896907422,0.280832578698124,0.269538194754751,-4.02174989658646,0.148618353874909,0.136222378902991,-8.34081030284566,0.312368760510809,0.30187047381461,-3.36086319228319
"SRB",2004,"HBS",4291,2.44724536361019,0.597505906329528,69.391409858645,24,0.625544033669778,4.3022664537474,13.689799654105,13.5349018202513,-1.1314835700115,0.354736495974534,0.34739191078371,-2.07043404729121,0.211037633732954,0.201414085661315,-4.5601099204027,0.334856297039817,0.327370865020174,-2.23541623252007
"MLT",2021,"EU-SILC",4024,3.86337476878828,0.50113335189915,214.171013519786,31,0.791709185295084,4.29890610872115,56.9893286042718,56.2350224618593,-1.32359190902269,0.314037790828789,0.304870847004918,-2.91905754389594,0.17692030411182,0.165851142897903,-6.25658048096071,0.363774518209937,0.35542031604573,-2.29653308464717
"SVK",2005,"EU-SILC",5047,2.78821309386092,0.399968353608225,53.9532620764659,49,0.820795030828893,4.29511576514442,16.3331166841392,16.0744361085931,-1.58377963342033,0.270767803193515,0.259079751248972,-4.31663285172393,0.131571355652577,0.118589434188111,-9.86682959986065,0.239303407647787,0.227439494576148,-4.95768664067717
"EST",2010,"EU-SILC",4739,3.02544070813697,0.472985656449719,85.1485754845539,33,1.04610181381216,4.29464064075754,25.2232911925676,25.0307822706541,-0.763218885449102,0.314010221315949,0.30877054012897,-1.66863395879943,0.175687777171178,0.169894656661145,-3.29739530165946,0.350411848597944,0.345615448823164,-1.36878926724956
"LVA",2014,"EU-SILC",6029,2.84737451854282,0.544267521596428,88.2502989490312,52,0.796176609150967,4.29305859662005,21.7438354479916,21.5129880887946,-1.06166807483937,0.353933577580853,0.3470399548675,-1.94771650671617,0.228448707037847,0.219786573022817,-3.79171943117823,0.462194737645142,0.456540415123448,-1.22336367361128
"IRL",2020,"EU-SILC",3601,3.95472465319133,0.53735479814563,261.592787276053,29,0.449203348172628,4.28902116165175,55.8337104900816,54.6140743908488,-2.18440810851983,0.308315017112761,0.292924083792995,-4.99195059128031,0.162274133543691,0.14301896802275,-11.8658255018543,0.278639601980445,0.262747499373047,-5.70346156628283
"BFA",2018,"EHCVM",7009,1.31613859127515,0.739326804294076,34.2648142540361,44,0.356668266397943,4.28735868658804,4.28438108884964,4.22290602305466,-1.43486455850013,0.430167316388988,0.421891750245916,-1.92380169942729,0.304067433925852,0.290784442013699,-4.36843621845832,0.405305735479334,0.396687366464187,-2.12638713462928
"GNB",2002,"ILAP-I",3212,0.816008226139752,0.59847855553286,13.6187006052584,23,0.496222747127948,4.28564605720236,2.59098058987519,2.54751942264887,-1.67740226986475,0.355697459424732,0.344747951408665,-3.07832055752549,0.212525746439021,0.197763732758041,-6.94598839355923,0.332423271814721,0.321171201951042,-3.38486225776345
"LVA",2015,"EU-SILC",6026,2.91379037962475,0.5524222702029,96.6462292331302,63,0.762577331280347,4.28352975959134,23.8118453200877,23.5288600751629,-1.18842215343133,0.350625357046192,0.342854050650722,-2.2164131142535,0.223242687573513,0.213426322816026,-4.39717191375157,0.446260843445356,0.43972839767219,-1.46381782518313
"ECU",2010,"ENEMDU",18448,2.24276787131002,0.896763235965078,138.803266159627,53,0.226426417848375,4.28117593928594,13.4526449146499,13.1910007807881,-1.94492707955777,0.487292725617818,0.477139695934636,-2.08355863927778,0.424952535966517,0.406375496157934,-4.3715564060187,0.574504008095457,0.566077094881503,-1.46681539122597
"ZAF",2010,"IES",25323,1.90597052127739,1.1010974404586,182.959138798086,69,0.224047078471241,4.26385917145686,12.6933997926051,12.5620857066516,-1.03450681534449,0.633831879631502,0.630015606057113,-0.602095555150595,0.752930535738524,0.743095246726802,-1.30626778233599,0.723008063558265,0.720115080566227,-0.400131497538159
"COL",2021,"GEIH",211058,2.46038828809873,0.989097443477951,227.620693486095,566,0.20165897993487,4.26007979935712,15.9914566644167,15.7692254180377,-1.38968732519237,0.549506914832402,0.543170951736405,-1.15302700020247,0.556860322719661,0.5435551156923,-2.38932574013881,0.680427410625318,0.675927571135459,-0.661325428633608
"PRY",2021,"EPH",3982,2.54523319165517,0.775814364090617,130.670159799834,34,0.368877689698467,4.25798219787444,17.3220810194213,17.0665229599078,-1.47533116388784,0.428940468224602,0.420413151883844,-1.98799529828759,0.3135853999913,0.300047746483476,-4.31705478258867,0.443696720548826,0.435407620749786,-1.86819045874118
"BRA",2002,"PNAD",90816,2.18903200183191,1.06011249458443,214.727436269266,364,0.189778902792923,4.25113692367119,14.1180998028737,13.9254274217801,-1.36471893373576,0.5802341714263,0.574436036309274,-0.999275017321621,0.633756320527558,0.620584788060631,-2.07832759063649,0.716501335861912,0.712581174129612,-0.547125530140702
"IRN",2006,"HEIS",30724,2.38467030210751,0.782602243640284,113.576547059098,123,0.430635683357953,4.24839048039983,17.034642573507,16.8000455796063,-1.37717591013944,0.447520372139183,0.43983557238049,-1.7171955149123,0.34206556821187,0.329703426803547,-3.61396836078675,0.474246390126836,0.466953599941496,-1.53776398453771
"FRA",2016,"EU-SILC",7587,3.97701887569338,0.609001730808472,331.631385720024,43,0.377490304495176,4.24347278463748,58.7494577684307,57.5083168446613,-2.11259979396149,0.326914946550543,0.312419798045859,-4.43392039967292,0.186617572293386,0.16712935960217,-10.4428604722054,0.322468038245595,0.307954661908458,-4.5007177815508
"LTU",2014,"EU-SILC",5125,3.00462662229791,0.530952015659227,99.2341956670036,48,0.783496414851033,4.24141658355332,23.7591584921958,23.5289299691524,-0.969009584742231,0.351489685994921,0.345181261322436,-1.79476807537855,0.218498957532844,0.210621441002091,-3.60528792434596,0.417902722423509,0.412332417599095,-1.33291900854585
"IDN",2018,"SUSENAS",292930,1.71315080074267,0.635552201097454,37.33037744959,1737,0.528680067402492,4.23675063351213,6.9653414950882,6.86759560983086,-1.4033179180987,0.363386441435047,0.354356197101109,-2.4850251149373,0.216241054942051,0.20387465817017,-5.71880153618166,0.32562618150153,0.316142001091941,-2.91259761910272
"MAR",2013,"ENCDM",15867,2.19355521425609,0.672093943637233,67.345564630727,149,0.451016207917855,4.23102166022974,10.5652157985262,10.421938641439,-1.3561214443653,0.395485086999,0.387203471583781,-2.09403987342777,0.2588665363959,0.246738918400554,-4.68489213174995,0.37225447456506,0.363697934545886,-2.2985727785198
"SEN",2021,"EHCVM",7119,1.56696951487649,0.62960389618452,31.6830299086902,73,0.606438340972723,4.23030490901076,5.77432714417914,5.72219354048474,-0.902851577208463,0.361577212143404,0.35578232448714,-1.60266948846496,0.214701273982982,0.206900828420449,-3.63316221549371,0.325556764626037,0.319498028940069,-1.86103817960195
"MDA",1998,"HBS",6304,1.34789837906961,0.679585664992318,29.5668965010613,26,0.41237573803826,4.22516507254933,4.53627596010698,4.46653752030735,-1.53735002925146,0.395185501290756,0.385765140375814,-2.3837820173496,0.270023155148205,0.256006944497714,-5.19074397260417,0.413097068845038,0.403989541882646,-2.204694162526
"COL",2009,"GEIH",170083,2.31664179312396,0.980194063963637,191.947900763369,576,0.188002296677207,4.22454086349203,12.7864504541893,12.6071480916208,-1.40228410700036,0.541445078513942,0.534935480068571,-1.20226384977733,0.538171116251577,0.524703924662141,-2.50239954965185,0.672580002149277,0.667926943345482,-0.691822354058336
"IRN",2020,"HEIS",37526,2.2000494993952,0.603092065788621,55.1096973844318,170,0.670026635573255,4.22305468258901,11.9595488288793,11.8237401933043,-1.1355665461815,0.358429570444535,0.35109647346443,-2.04589620521827,0.215127489427724,0.205578763153387,-4.43863603844288,0.341863713361503,0.334446083127858,-2.16976237714984
"DNK",2011,"EU-SILC",5205,4.0567007707641,0.407778388857166,196.376932488717,45,0.763909426947883,4.22285227928311,58.5697740750772,57.5966009352092,-1.66156205181964,0.271985591956275,0.259753854643768,-4.49720046732234,0.130061603407289,0.116729278835308,-10.2507767263421,0.242843168943298,0.230487363448091,-5.08797737608677
"YEM",2005,"HBS",13130,1.63359236001385,0.618850056841697,32.7906210380665,136,0.405345242252107,4.21873500594789,5.20542176076475,5.11873403301886,-1.6653353316976,0.347323343352984,0.336297064620203,-3.17464372717822,0.200183109835476,0.185018894274996,-7.57517233743787,0.299918220990361,0.288154595873464,-3.92227757221691
"COL",2012,"GEIH",187155,2.44481251734107,0.942042299572141,194.598685735507,675,0.208286990892343,4.21142942003441,14.517376224664,14.3113109181559,-1.419439045452,0.525300446287785,0.518478467328198,-1.29868135612615,0.502377675006457,0.488810626300321,-2.70056759706945,0.642426401536557,0.63728309705753,-0.800606025332307
"BRA",2009,"PNAD",102201,2.51045132903633,0.964902627642821,222.551650548847,469,0.208758970235814,4.21114696767946,17.09784233069,16.8424235957712,-1.49386530755652,0.536011047133153,0.528986230110996,-1.31057317936443,0.531985075157363,0.517651290492807,-2.69439601483468,0.675931643465894,0.671021400546087,-0.726440752888724
"SVK",2006,"HBS",4384,2.80896967182443,0.440510604531597,62.2091120763062,47,0.656721761354349,4.20755180900899,17.4139302165861,17.089770857289,-1.86149453492332,0.277095101925038,0.263432962259242,-4.93048760908495,0.128170012435096,0.112427486760605,-12.2825342491582,0.208573065722464,0.193939957428635,-7.01581876985993
"MLT",2020,"EU-SILC",3792,3.82462565189906,0.492297428214389,200.641139457392,30,0.726154401131284,4.20364284170937,54.5495068900841,53.7134049131611,-1.53273975254753,0.310420821012253,0.299732769626024,-3.44308456867574,0.17419059387973,0.161371423671224,-7.35927808900939,0.98533476251043,0.985106598438439,-0.0231559953705496
"BOL",1997,"ENE",3799,2.34435917929706,1.1136527185353,294.511288934797,17,0.129924679905664,4.19854384156241,13.5823838952706,13.3947644021329,-1.38134435445458,0.579682234292727,0.573803152676491,-1.01419040785486,0.685646005862676,0.672185061335437,-1.96324990040628,0.792195610577468,0.789285596646967,-0.367335275738223
"TGO",2018,"EHCVM",6170,1.19437769355908,0.751398437779652,31.455473523235,39,0.409389848831249,4.19837602820423,4.54787269888619,4.48571141720883,-1.36682105663557,0.425342369558385,0.417404294368857,-1.86627896905007,0.303379912987698,0.291008781902344,-4.07776868399865,0.427078979379967,0.419190312481109,-1.84712132409564
"UZB",2000,"HBS",9704,0.319636367858313,0.615997544328263,8.73754275516633,77,0.517713662121037,4.19817077825968,1.58718672703386,1.56578937024027,-1.34813103141154,0.361028142152213,0.352321418360149,-2.41164684286387,0.223654511458295,0.211636486684031,-5.37347746571423,0.362647940898887,0.354025340348712,-2.37767806672287
"NPL",1995,"LSS-I",3340,0.858589487447239,0.659928264579954,17.0879627210191,70,0.431960944937825,4.18973938891465,2.605731987084,2.57037193289193,-1.35701040503554,0.352070174790305,0.343182345486999,-2.52444823211719,0.204793317229203,0.192571665121501,-5.96779830174984,0.305372784948337,0.295898154503084,-3.1026440181484
"BGR",2012,"EU-SILC",5568,2.64384385358238,0.538591190012725,70.7828984085579,37,0.63644959071319,4.1881687802913,16.150504046919,15.9245911457825,-1.39879783615573,0.341658177671907,0.332354495569794,-2.72309656555241,0.222075934372184,0.210138962821182,-5.37517565095362,0.420931385627576,0.4128393687588,-1.92240758115755
"MDA",2003,"HBS",6121,1.73464091257038,0.574909488340599,31.7969183415597,43,0.612824676028656,4.18419830443634,6.43856696716054,6.36402391910437,-1.15775837133282,0.349020852898833,0.341428705297136,-2.17527048559961,0.199994685372503,0.190112793693587,-4.94107713937997,0.309131248170362,0.301174640567789,-2.573860665871
"CHE",2020,"EU-SILC",8129,4.32529094578625,0.548607403526142,391.941720429802,43,0.406622500959485,4.17794129395994,79.2715712026854,77.5533747209528,-2.16748129961924,0.339983415348208,0.325397726493214,-4.29011775178962,0.199577442940179,0.180030155475563,-9.79433706367097,0.328411273851527,0.313673015527914,-4.48774433068838
"UKR",1996,"HIES",2319,1.65978652781224,0.60517449791749,32.3078431122372,14,0.500984075863303,4.16936223865235,6.30952119119405,6.20831154645585,-1.60407805396484,0.351327430556568,0.340788565742429,-2.99972729070519,0.210615321003963,0.196511367822423,-6.69654663027761,0.341263754247294,0.330653058531237,-3.1092360627224
"BRA",2004,"PNAD",96514,2.1955402423512,1.0316960521205,198.4681033322,381,0.183727639629932,4.16734047258606,13.4884477471895,13.2909789667678,-1.4639844711772,0.564105390996895,0.557640463953716,-1.1460495053511,0.5944614411209,0.580365697827597,-2.3711787372996,0.70045341173044,0.696005954742932,-0.634939728042827
"BOL",1992,"EIH",3554,1.94633854687275,0.897029344200176,103.278227000734,20,0.282022203652859,4.16041490130091,9.43992574236622,9.33845319679014,-1.07492948933555,0.486263347066494,0.480695249292978,-1.14507865071624,0.405170837759673,0.395097803616525,-2.4861202249513,0.519405805785513,0.514196185842738,-1.0029960937567
"SEN",2018,"EHCVM",7154,1.60162799136747,0.668836566986993,36.8972747139489,79,0.427660575609199,4.15762421573439,5.98155848446275,5.8906628578602,-1.51959772421618,0.383147842743125,0.373659327514541,-2.47646317428066,0.240858950716598,0.227213899403008,-5.66516264934052,0.349376519054011,0.339422896291986,-2.84896729436087
"LVA",2013,"EU-SILC",6157,2.78080085516005,0.534683470012454,80.2262898840836,60,0.72773376874122,4.1572194133043,19.6235207744981,19.3915617621815,-1.18204584682879,0.351956796716931,0.344246082908154,-2.19081258856291,0.224541947394439,0.214812902805183,-4.33284056816589,0.462457605478315,0.456149332399197,-1.36407597245441
"BRA",2017,"PNADC-E1",136300,2.65327129973221,0.9531841542802,247.850009444629,416,0.21568353409232,4.15132984113497,20.3500400250865,20.0398144004604,-1.52444724552666,0.53219734448262,0.524967862480604,-1.35842128431591,0.52618135884013,0.511603434490996,-2.77051326585726,0.658321448778327,0.653037620332059,-0.80262134191037
"VUT",2010,"HIES",4367,1.51309934337729,0.654427328354764,32.3424732731931,40,0.445451951308122,4.14688629393453,5.29634119141539,5.22077812276532,-1.42670318846797,0.373512982208035,0.364468846078553,-2.42137129371444,0.233896464258132,0.221033138945355,-5.4995809165293,0.355573203712009,0.346321313087827,-2.60196508836917
"SLE",2018,"SLIHS",6807,1.24337363107927,0.636970950826848,23.4363089325119,89,0.454869954225123,4.146315944835,3.88599475811274,3.83147386555504,-1.40300993571549,0.356901775841872,0.347772828719373,-2.55783180147112,0.20821575452983,0.195562038422705,-6.07721357862557,0.304902418081438,0.295098239752488,-3.21551347170093
"ALB",2008,"LSMS",3598,2.17947592027228,0.5136585965199,41.2830378516044,20,0.606715083860352,4.13222329008915,10.038169347243,9.87384019329907,-1.63704305296498,0.299846704730562,0.288227337201667,-3.87510262596894,0.148893381578044,0.134674433409492,-9.54975165306402,0.240365943058157,0.227949541145914,-5.16562444507311
"FRA",2013,"EU-SILC",7467,3.96356910217855,0.613176726460719,331.32483923915,51,0.503850653470535,4.1312244766238,57.9009958779424,57.1783581316406,-1.24805754261149,0.331148587440396,0.322720142250681,-2.5452155042731,0.187930593896941,0.176896904097255,-5.87115145591249,0.315470161015093,0.306914223380251,-2.71212263223606
"LVA",2003,"HBS",3631,2.4822221918766,0.601016798924048,72.6223400474554,16,0.585757224040105,4.12339008095927,15.7255378500084,15.5025031852186,-1.41829593949108,0.365286015945574,0.356205569262091,-2.4858456899803,0.225356187788059,0.213373712257635,-5.31712736536582,0.35658886499374,0.34749545632717,-2.55011010137111
"DNK",2012,"EU-SILC",5286,4.06424674639039,0.408367288072739,198.214268676446,40,0.707202863535841,4.12239868334698,57.6359386166371,56.6617324259867,-1.69027557116812,0.273117460667585,0.260674142112575,-4.55603187163288,0.132559754978773,0.118660640510468,-10.4851691001769,0.245951875898809,0.233363370899875,-5.11827972562905
"SLV",1995,"EHPM",5277,1.8412815300301,0.943283261303683,106.818519381396,23,0.211870092769579,4.12034584070918,8.93635399640476,8.7944618023113,-1.58780856432663,0.495927031319188,0.487810478659128,-1.63664251945888,0.456991753637982,0.441883108596056,-3.30610890057641,0.640963598228291,0.635177975052981,-0.902644579396161
"DNK",2008,"EU-SILC",5739,3.98966996228031,0.409585344100371,184.643325629308,52,0.592773172410924,4.11741322951216,55.581822613263,54.3878053947584,-2.14821530199275,0.261842590246026,0.24568248426041,-6.17168733720229,0.125631782044775,0.107175894436478,-14.6904607320773,0.247711015737557,0.231558080411229,-6.5208788871313
"PRY",2013,"EPH",4627,2.62277266061419,0.876244636118148,190.853586062706,26,0.223081413337344,4.11664391048022,18.8536526531219,18.5032737864678,-1.85841371484123,0.47919232665602,0.469347171995321,-2.05453094990097,0.40569033689644,0.388005095107869,-4.35929579291053,0.544611574727146,0.536003585254123,-1.58057409582891
"BOL",2014,"EH",8360,2.85255085897367,0.869620793722138,235.429908366712,31,0.162028675656948,4.11171258284676,20.5698555919594,20.1055462139384,-2.25723207411602,0.47806540430441,0.466024962217238,-2.51857632423557,0.436866549958626,0.414982479854447,-5.00932609883991,0.648943935611213,0.640843088063657,-1.24831238925521
"BDI",2006,"QUIBB",7024,0.588201028003532,0.588980019487306,10.5396157539367,100,0.613012748730666,4.10404546699974,2.00971067047421,1.99184041904166,-0.88919523069122,0.333598635764495,0.327650090614659,-1.78314432737544,0.177427621260983,0.169892410732985,-4.24692078631536,0.263095500686214,0.256607514011765,-2.4660196231129
"IRN",2014,"HEIS",38227,2.3081668864251,0.583337372184914,57.8688360952009,179,0.630148695498352,4.09925107165941,12.8713158054124,12.7083479700763,-1.26613189979782,0.348140507268919,0.339817397604477,-2.39073290543935,0.203618993233079,0.192887891951588,-5.27018678911123,0.327721545931944,0.319258253390563,-2.58246448743975
"TJK",2007,"TLSS",4859,1.49244543439435,0.546114279803123,22.8920176098348,39,0.443645750203707,4.09862245161469,4.72460029295922,4.63251622786486,-1.94903397926784,0.321916143556642,0.308486779297855,-4.1716964270305,0.197703369695238,0.180557496164895,-8.67252468016792,0.393296580476894,0.381375089407369,-3.03117079102727
"SYR",2003,"HIES",27012,2.06106707382881,0.644348761464909,54.2776944113503,227,0.468562459606685,4.09461522081583,9.35745117320232,9.22862445313559,-1.37672874463571,0.375146032110176,0.366451969160973,-2.31751430244368,0.230138830885716,0.217889656587347,-5.3225152188472,0.337676563222942,0.328524421750368,-2.71032771277394
"IRL",2007,"EU-SILC",5561,3.75983929497866,0.519883354084283,204.279541484263,56,0.615968791458194,4.0892078441329,50.6560839933985,49.8429496560868,-1.6052056795737,0.326914414451797,0.31596736575987,-3.34859773934538,0.184012751909209,0.170144019930137,-7.5368320049443,0.334179264545366,0.323498742198999,-3.19604579922025
"COL",2001,"ECH",11339,2.02459916960982,1.06450344742493,184.584898457744,49,0.137842415593638,4.08824479484388,8.60068598603155,8.50350517174196,-1.12991933954356,0.561977360096054,0.556978733131936,-0.889471234795591,0.597578788979982,0.586608988566029,-1.83570779556582,0.731854375656837,0.728790974293082,-0.418580726665041
"BRA",1993,"PNAD",26146,1.92908056617387,1.1462679088456,214.408761316413,132,0.101791682697591,4.06388261454585,9.72229618816402,9.5454437696336,-1.81903960862368,0.596969541899252,0.589510095162845,-1.24955231596483,0.677444479674189,0.659573413998457,-2.63801185365419,0.852367612496345,0.849632703682607,-0.320860245467114
"HND",1995,"EPHPM",2305,1.67704154932115,1.15562315781659,171.38474892504,7,0.147847883721374,4.06006266000975,7.20433920602052,7.1652272443233,-0.542894505363301,0.554256238175733,0.551824534013503,-0.438732844980372,0.567109440143325,0.561820965614056,-0.93253156356059,0.669146209838211,0.667340760869809,-0.26981382272776
"NOR",2017,"EU-SILC",6244,4.25616755332801,0.449007058614423,271.290100309708,45,0.527637329077153,4.0582403336877,73.0061766430404,71.4748383757541,-2.09754617718672,0.284611552107253,0.269322074044641,-5.372051116481,0.157045484381603,0.138664535435994,-11.7042199704042,0.917638279342297,0.915877045150887,-0.191931203292039
"NLD",2008,"EU-SILC",9699,4.0575230733228,0.466800745568547,234.610175716285,75,0.602560878070623,4.04603685073062,57.8817970073088,56.9535473053671,-1.6036988309546,0.295927782135543,0.284492980078904,-3.86405155140244,0.151071624934959,0.137405756949124,-9.04595286621028,0.268763949015675,0.257085252459843,-4.34533597180892
"CRI",2006,"EHPM",8489,2.48717168177105,0.892162396031487,174.802867904911,32,0.277833628375665,4.04510878003859,18.5707095707169,18.3051653177613,-1.42990902929375,0.491767303543352,0.484414655182012,-1.49514786940125,0.432883129435727,0.419549869888277,-3.08010607039129,0.589020572915821,0.583073374073521,-1.00967591214348
"IRN",2009,"HEIS",36252,2.33153518246202,0.737788109296376,94.1509655365489,122,0.528544999535058,4.04375187713025,16.4205518558193,16.2541757022719,-1.01321901363792,0.420500246239996,0.414589556098924,-1.40563297974832,0.30749700417934,0.298576575557813,-2.90098066006664,0.463226079805239,0.457782440682682,-1.17515817003345
"COL",2017,"GEIH",189784,2.55452328930541,0.882291606979051,181.52585770334,795,0.22985457538281,4.04320326888824,15.294057195863,15.0929328648083,-1.31504890088393,0.49560106357936,0.488893627053766,-1.35339429603943,0.438925519397142,0.426476355228063,-2.83628169676226,0.592200092788612,0.586774401585235,-0.916192224460499
"LVA",2004,"HBS",3913,2.57327160596016,0.594719093859977,78.0561849722109,29,0.609419909488214,4.03399249409568,15.7094107296794,15.551384211785,-1.00593536329004,0.349571283694261,0.343000131001216,-1.87977474110617,0.207097671094028,0.198645364057838,-4.0813143825035,0.335097519927376,0.328465783083316,-1.97904682956103
"AGO",2008,"IBEP-MICS",9000,1.65373869694335,0.743438268008033,48.620901038053,54,0.401614298702954,4.02828342232073,6.52602524493541,6.45840694258424,-1.03613301838881,0.427155149570801,0.421178079576151,-1.39927377690645,0.311631501840636,0.302270761794323,-3.00378491616683,0.446840304542942,0.441084302464368,-1.28815642189252
"HUN",1999,"HBS",10180,2.50167936596185,0.443045752973696,46.1001694122949,81,0.554942787343958,4.02771157522786,12.7979834065484,12.538347112594,-2.02872816526364,0.276354029534157,0.261391450143843,-5.41427943552559,0.130009150315877,0.111689773364302,-14.0908366119347,0.21327351643756,0.197215193855765,-7.52944990546746
"CHE",2008,"EU-SILC",6755,4.2309483715807,0.588455023540104,401.944268003569,43,0.456018296256349,4.02648665617151,73.7480279371265,72.6115128358984,-1.5410786335833,0.342555347319485,0.332295206413778,-2.9951775635653,0.203321380594009,0.189617819378498,-6.73985253074501,0.348252752206532,0.338156503836355,-2.89911517029123
"MNE",2009,"HBS",1223,2.8671120496645,0.529394610833119,86.0816170925815,13,0.7026651889212,4.02534004531036,19.1273172125032,18.9622432105248,-0.863027470839017,0.310085163434939,0.304111659394651,-1.92640756304395,0.162157818279024,0.15506061565836,-4.3767255233116,0.271002672980872,0.264813694379019,-2.28373341627119
"WSM",2013,"HIES",2345,2.18008134279638,0.664574683819401,64.9621890850235,19,0.389384993433947,4.02038659665916,10.2025863903379,10.0453559902915,-1.5410837412301,0.387434550307027,0.377877049913767,-2.46686837446133,0.248665041658703,0.234783266761599,-5.58251968371044,0.359767160231145,0.349825254617328,-2.76342777018056
"HUN",2019,"EU-SILC",5898,3.18726226040424,0.461959000546485,96.8476632498591,39,0.580996499686244,4.01947041368416,25.9474757495354,25.4672061721946,-1.85092986299233,0.295873269367142,0.282632147508461,-4.47526803857715,0.159136099565827,0.143160126871975,-10.0391883032446,0.324513834554948,0.31199939701141,-3.8563648790818
"BOL",2006,"EH",3571,2.44923087475153,1.07681389723928,292.853524158652,7,0.154807402271527,4.01269993541602,14.9647336558727,14.8176027313389,-0.983184384815383,0.565906433627222,0.561602097247287,-0.760609196885376,0.644953231310158,0.635442381489833,-1.47465728654541,0.768155555359392,0.765854256859908,-0.299587561845793
"IRL",2010,"EU-SILC",4418,3.72871394973846,0.528844532743519,203.414861832647,32,0.643187758457913,4.01113257525237,45.8231112622664,45.2934250096232,-1.15593690182146,0.324900829474297,0.317043833987151,-2.41827498558833,0.185414393207833,0.175727011733964,-5.22471923903438,0.411663635456821,0.404904724460406,-1.64185281726789
"MWI",2019,"IHS-V",11432,0.611499453908847,0.675294899484784,13.976595104201,125,0.389607480436582,4.00952482785879,2.06936285125407,2.04084509399085,-1.37809361204759,0.385431750036154,0.37686010103391,-2.22390838363478,0.244964472257463,0.232259010515293,-5.18665487492291,0.35420777997959,0.345236744084007,-2.5327043624226
"IDN",2020,"SUSENAS",331232,1.76406494807389,0.613458838110909,36.7611456402793,1992,0.528263751469716,4.00408875059354,7.22055118028221,7.12562970978427,-1.31460144977789,0.353356150795966,0.344771912928557,-2.42934440169559,0.203370779794984,0.191914576509058,-5.63316091794255,0.308937414093454,0.299859209432018,-2.93852549004947
"PER",2001,"ENAHO",11774,1.69495806442836,1.01181777336908,113.34217997919,36,0.16803416050788,3.98044582511452,7.80383663759916,7.68366272858845,-1.53993368379481,0.512877179085044,0.505269530673862,-1.48332753365105,0.485742221858006,0.470910355150293,-3.05344399566086,0.628065590665917,0.622253187658844,-0.925445223151045
"FRA",2009,"EU-SILC",7266,3.96119529213124,0.629682790264355,347.318998932073,66,0.402466343242464,3.97977960201877,57.3660805572208,56.4808790591151,-1.54307473947558,0.329948794818104,0.319475582299192,-3.17419329404907,0.185020799569784,0.171147567705894,-7.49820122718534,0.31986743656561,0.30930255108835,-3.3028949713338
"EST",2001,"HBS",5955,2.23354119862952,0.604754025687113,57.2715090434385,31,0.563668971068646,3.97970895528203,11.727026864534,11.5831470519585,-1.226907844909,0.360124548976669,0.352211650855081,-2.19726706887208,0.218581023052865,0.208081585712315,-4.80345328881151,0.348024080341162,0.340052889939377,-2.29041346620927
"SLV",2002,"EHPM",15562,1.98762488375054,0.969443408802063,133.747689405865,25,0.100990529202116,3.97849398866707,10.2939772680069,10.019504500531,-2.66634324449956,0.517234459737268,0.504024978481648,-2.55386720798333,0.520673263425324,0.494612349152519,-5.0052338200275,0.697178138103556,0.688886701866865,-1.18928517455315
"IDN",2017,"SUSENAS",295170,1.71364304248411,0.632171265522971,36.9718509902181,1711,0.527613385930042,3.97692808469573,6.91427905654569,6.83437158574218,-1.15568767401504,0.363678897669485,0.356266106130379,-2.03827925860104,0.215583774733966,0.205524980704694,-4.66584001587518,0.324564667915045,0.316772745629067,-2.40073028775215
"LVA",2007,"HBS",3565,2.85079366243511,0.621294405330706,111.572753784881,24,0.642217180463234,3.97572242712817,22.0959164485554,21.9339835363531,-0.732863525164462,0.360469299813945,0.355767285322956,-1.3044146875798,0.218743186298631,0.212553437894277,-2.829687410653,0.347172380089093,0.342435272316383,-1.36448290370731
"BOL",2005,"EH",3686,2.15443544660449,1.1506985394591,272.19835993582,7,0.144145687656643,3.97413821351906,14.0294382924114,13.8642512218102,-1.17743181985093,0.585090801192302,0.580152134357893,-0.844085537551431,0.702884928378376,0.691380609369547,-1.63672865135568,0.80030890694854,0.797930152106358,-0.297229584917613
"MDA",2010,"HBS",5454,2.23522597779804,0.5400769119431,47.2501918206279,51,0.665253075442204,3.95959783489341,10.9358103880638,10.8171296309491,-1.08524885585336,0.320509202111968,0.313086086793281,-2.31603812613574,0.169738567937716,0.160670369132383,-5.3424504021155,0.276697589799085,0.268939288832373,-2.80389177670315
"DNK",2007,"EU-SILC",5750,3.97975537822965,0.401228315311669,178.295150180358,46,0.551577897148121,3.958320123309,54.5790199119388,53.4020442237416,-2.15646175049717,0.25913077006005,0.242844764616522,-6.28485974079964,0.121708243178674,0.103128189219928,-15.2660604355863,0.241358506305307,0.225004599477852,-6.77577396288994
"HRV",2009,"HBS",3004,3.32009574098984,0.563730959813233,150.098030969613,52,0.734639880397531,3.94935880388387,31.7858605812019,31.6332028931422,-0.480269167700353,0.33183348076514,0.328626314799688,-0.966498605884114,0.181457090610154,0.177543101520778,-2.15697776053587,0.291953190186164,0.288622246052111,-1.14091719015954
"EST",2011,"EU-SILC",4737,2.98191724847271,0.486168906576496,84.8108911736249,31,0.833207480192538,3.94772057972903,23.7178532061588,23.488189323346,-0.968316486389331,0.319373614005869,0.312755756806615,-2.07213649125474,0.187820162129318,0.180164378624807,-4.07612442547039,0.380290589128773,0.374412656149117,-1.54564250278251
"VNM",1997,"VLSS",5998,1.21798228538461,0.595436311314696,20.1719135654692,62,0.566133769650422,3.94514333398707,3.96685607398357,3.92455793069076,-1.06628883185903,0.354422074489668,0.34749541903335,-1.9543521566176,0.203735357289337,0.194637372777807,-4.46558939625281,0.304387908347878,0.297016465292746,-2.42172663662712
"URY",2006,"ECH",69959,2.59820557206613,0.795218779702611,146.037277019994,369,0.358838119528886,3.92930486089278,18.904373469251,18.6856004222721,-1.1572615582035,0.459352524074511,0.45303878759127,-1.37448607601783,0.360577719204124,0.349968901519296,-2.94217227516018,0.488273846850621,0.48230954281712,-1.22150798613732
"POL",1998,"HBS",31719,2.61859102589898,0.544886559477368,70.333675120624,220,0.520071490251135,3.927500790065,14.6520216624866,14.4423487882801,-1.43101668176793,0.323187390805467,0.313396106106602,-3.02959984746412,0.172967782050708,0.160584622660897,-7.15922887083135,0.275285769323362,0.264931613765555,-3.76123894208433
"LVA",2008,"HBS",4002,2.86887087388715,0.611113843156094,110.190689224711,26,0.554892163801788,3.92396454973218,22.1065505693564,21.8505368615933,-1.15808980220524,0.358178986412137,0.350681758191924,-2.09315133065537,0.216823315011772,0.206677854381646,-4.67913731029123,0.344111857413192,0.336526114976062,-2.20444087400977
"IDN",2003,"SUSENAS",9907,1.1597952711307,0.489604149901765,13.8544671818747,117,0.742163349038029,3.92101705508668,3.57363428115615,3.53633424913397,-1.04375627407834,0.293231878232276,0.28581236192779,-2.53025569703208,0.138838211210272,0.130383405663153,-6.08968199274353,0.222934778591766,0.214992897367495,-3.56242362651454
"NLD",2018,"EU-SILC",11502,4.08691435126764,0.451707606141181,230.912111791715,97,0.642495076861142,3.9115487826067,60.2720320532799,59.3980610673853,-1.45004400236902,0.285358194268353,0.274881960286031,-3.67125745562757,0.146206993089455,0.134064813215176,-8.30478735504114,0.31276081413239,0.302873370687606,-3.1613434285917
"EST",2000,"HBS",6166,2.2606361199233,0.59646164599983,57.3986657293912,33,0.633117286042395,3.90962972710078,12.0784390069032,11.9696176396101,-0.90095555585421,0.357843981299948,0.352033509831034,-1.62374436138505,0.216619646331906,0.209081869268763,-3.47972918928757,0.348790964058317,0.342982309385836,-1.66536845017298
"BRA",2001,"PNAD",88748,2.17230023609845,1.07953495709112,223.834089908434,325,0.159103989231918,3.90837436080086,13.9073817864901,13.7199582087935,-1.34765537161464,0.583140797261745,0.577455180796739,-0.974998918220804,0.65063848302572,0.637632575141919,-1.99894537797993,0.739909694314468,0.736358469309671,-0.479953841946557
"THA",2012,"SES",41560,2.49438891565171,0.669667558384037,90.3229508895289,203,0.402484929618461,3.90830856279932,15.0648705509787,14.8396251905772,-1.49516957108444,0.392566691832582,0.383366447605609,-2.343613051842,0.253906823137064,0.240260894490198,-5.37438438174624,0.368963012905879,0.359453326346687,-2.57740917830628
"IRL",2017,"EU-SILC",4937,3.76616135517648,0.525970412341022,209.363629073016,37,0.518323206252009,3.90451166721128,49.7143466862394,48.8584244945342,-1.72168045797166,0.327656962874636,0.315918489894142,-3.5825495290893,0.184968693899239,0.169928661640162,-8.13112313333958,0.338609522677835,0.327200819549001,-3.36928005999672
"MMR",2017,"MLCS",13718,1.78524578091095,0.529184990473693,29.1600829659042,133,0.536586637367646,3.89809468482423,6.57983894594827,6.47981970236663,-1.52008650064654,0.30696869564521,0.296301197355775,-3.4751094951272,0.155311121866404,0.14205508774355,-8.53514800714428,0.245934406539169,0.23448585218471,-4.65512512688454
"KAZ",2006,"HBS",11995,2.04349662142286,0.509877672995415,35.6279214346276,85,0.550014744966072,3.8955393098442,8.21194501201965,8.08800428718901,-1.50927368180408,0.302438652537691,0.291781049106368,-3.52388933818411,0.151701118883053,0.138652014982475,-8.60185079494269,0.244893510687836,0.233526929101342,-4.64143845811553
"BOL",2009,"EH",3625,2.56325360802839,0.965253917486351,234.866052079749,9,0.146937638711557,3.89422364764821,16.5123646439291,16.2144428662404,-1.80423448799192,0.491733153363786,0.482408992806679,-1.89618301986005,0.480574173396422,0.463172546711823,-3.62100746313806,0.681442870056838,0.675593802650034,-0.858335696771684
"BFA",1994,"EP-I",7773,0.311316512187964,0.94044203368928,22.9345065635231,71,0.169131970813667,3.88775953461849,1.59557767654612,1.57233503624123,-1.45669124396386,0.480724933713882,0.473061060227855,-1.59423257429564,0.385255590945108,0.371271478821534,-3.62982717246693,0.474268535121722,0.466507069155527,-1.63651294391752
"CYP",2011,"EU-SILC",3800,3.82074625808236,0.533480370855603,226.147484033127,31,0.507070007608441,3.87579332617144,52.6363499421416,51.7429998684369,-1.69721128970127,0.314427445374854,0.302619314598503,-3.75543895739545,0.165165642022452,0.150147223224407,-9.09294367408635,0.268646722646985,0.256203182052329,-4.6319346359596
"IND",2011,"NSS-SCH1",55206,1.43655597206012,0.697961448749515,34.138996330926,423,0.251299914624789,3.8744773585974,4.02171950011233,3.95169015728756,-1.74127864518686,0.353990696001894,0.342556239554104,-3.23015733942604,0.207712573918503,0.191202886315899,-7.94833326223239,0.296140969180926,0.28371057796836,-4.19745746322984
"FRA",2019,"EU-SILC",7618,3.99678959668747,0.608851915596259,338.101228577302,36,0.2210615740047,3.86383036080597,59.5849566885186,58.0301069391367,-2.60946694567532,0.323777066285247,0.305668913063504,-5.592784390044,0.183288464798816,0.158054151957589,-13.7675400734711,0.293214492654927,0.2743426592764,-6.43618710918777
"ISL",2016,"EU-SILC",2832,3.97210756832206,0.420632303242752,187.542310893152,22,0.642911634033603,3.85835335750193,56.0942431637574,55.1356603847508,-1.70887906662394,0.267879713914705,0.255189711450026,-4.7372017385085,0.124216273177593,0.109725012893988,-11.6661528420566,0.221626950118404,0.208443861681063,-5.94832371708305
"BGR",2011,"EU-SILC",6261,2.72282752347632,0.587499685117616,88.7059155571097,35,0.491516400741868,3.85494436583593,17.4015453626231,17.1667295934897,-1.349396069373,0.356501730894332,0.347723816947343,-2.46223599671394,0.235996714717929,0.224086838577206,-5.04662793927378,0.422982383109938,0.415170019230922,-1.84697145577931
"CYP",2006,"EU-SILC",3422,3.69606146931118,0.54236375389898,205.029266222146,26,0.475878302464859,3.85444698351567,47.9688447166259,47.0956008200727,-1.82043970771414,0.302550263971576,0.289653934337458,-4.26254119392525,0.152787080298073,0.136845401970398,-10.4339177740513,0.248205206631834,0.234486122487629,-5.52731521243016
"BRA",2003,"PNAD",92629,2.16169066985235,1.05830116507422,207.803758389964,317,0.170995923119042,3.85432803319836,13.4277117210408,13.2654996188946,-1.20803980243315,0.574745839827783,0.569555168833824,-0.903124587298276,0.625224134324445,0.613623778717711,-1.85539152599548,0.723516942216228,0.720138205350787,-0.466987940198338
"LTU",2003,"HBS",7825,2.54593480010616,0.600330272996464,77.240630399554,45,0.558760114952652,3.84975790674098,15.6205007804238,15.4507391517676,-1.08678736387859,0.354564868772213,0.347498077623196,-1.99308836588561,0.208715900529595,0.199372887304496,-4.47642618573466,0.326346363683279,0.319057727122337,-2.23340517071482
"MDA",2005,"HBS",4563,1.60184067160195,0.595563193513091,29.6223828264325,30,0.51041651783708,3.84336349651967,5.72020365279275,5.65155296859777,-1.20014405713437,0.36280837951529,0.35509785477155,-2.12523336810492,0.220353069254583,0.209975984140424,-4.70929910314536,0.343424325323526,0.335558936982809,-2.29028282527957
"CHE",2017,"EU-SILC",8098,4.33021676179004,0.548328993341777,393.54827516343,40,0.407493392383282,3.843048672316,78.7546552915043,77.3317587740665,-1.80674591510955,0.330424509536952,0.318133920791498,-3.71963592007072,0.187901554552302,0.171729100964629,-8.60687588572968,0.342185524992051,0.330201701716687,-3.50214208378408
"PRT",2004,"EU-SILC",4787,3.15418926217406,0.645588918936512,162.545184077928,27,0.492776640779227,3.84283797950195,29.8670618395461,29.5203037416624,-1.1610050554911,0.387753517251812,0.380588856692817,-1.84773580128291,0.269424558839607,0.259310849149259,-3.75381878100044,0.522858808351579,0.517305000278582,-1.06220034630498
"POL",2009,"HBS",37273,2.8298105732778,0.563261596720517,91.7984454547877,272,0.510521874633853,3.83744011987457,18.2797486468856,18.0469253831183,-1.27366775257585,0.33578089033121,0.327240966744364,-2.54330244297751,0.186233308999433,0.175176965173596,-5.93682402210354,0.293396936410105,0.284415481028861,-3.06119603399359
"MDA",2011,"HBS",5672,2.25910471605874,0.506052149030644,43.6962009329928,45,0.663245727416785,3.83006518513265,11.2179840124047,11.0781410980034,-1.24659577199161,0.306285756622017,0.297565710588379,-2.84702956148218,0.155115052705179,0.144744496631129,-6.68571869279533,0.255693492362566,0.246537046246527,-3.58102430821958
"IND",2004,"NSS-SCH1",73247,1.15166207454489,0.664168051663303,23.2003236622685,532,0.297649085561025,3.8225005559474,3.11971054071347,3.06951513917868,-1.6089762457033,0.340094023227469,0.32931928719563,-3.16816388879405,0.191221477413258,0.176210965931906,-7.84980415610554,0.28005584531811,0.268342837310673,-4.18238297941347
"ARM",2021,"ILCS",5183,2.01766936026979,0.469364477761787,30.7460888273129,53,0.63888413868575,3.81644427743276,7.77915168298057,7.67869657852658,-1.29133752043644,0.279401304668908,0.270009073972824,-3.36155577627462,0.12975481282742,0.118953260926542,-8.32458670742716,0.214540881217459,0.204525266892896,-4.66839432546706
"BRA",2020,"PNADC-E5",40129,2.75219181386515,0.941493873316539,264.191292567644,316,0.202727784024591,3.80434467977787,21.0505594796179,20.7853127929999,-1.26004578108641,0.48865008124159,0.482134720702551,-1.33333867918003,0.419781925911096,0.407766771650473,-2.86223715672004,0.55141252599681,0.545696048649023,-1.03669704228302
"SLV",2016,"EHPM",19849,2.17528869100011,0.707643990468889,73.5687734852175,92,0.319028121374332,3.80113081528661,11.0268566799665,10.8424165087148,-1.67264503933163,0.399779353352244,0.389585833972927,-2.54978634935544,0.273613748057758,0.258107063990836,-5.6673629073818,0.408705970271308,0.39869534690984,-2.44934600657339
"POL",2008,"HBS",37324,2.80329281115012,0.562754520597014,89.2602600808148,252,0.481161261372479,3.79762718916255,17.9554706133988,17.7030745727515,-1.40567766828108,0.337170420456066,0.327748684172875,-2.79435434177387,0.188298620857287,0.175981660748455,-6.54118445092962,0.296106487663795,0.286206932470602,-3.34324157207712
"ZMB",2004,"LCMS-IV",18199,0.771735798697132,1.04505830303172,49.7450373958654,63,0.104728366672335,3.79593777673936,2.91040234320978,2.852022446374,-2.00590468091055,0.542947813125027,0.533599597783981,-1.72175209385977,0.524363365370905,0.504681751082943,-3.75343046210709,0.60818597256098,0.600169085899502,-1.31816369057645
"KGZ",2015,"KIHS",19949,1.81090457440598,0.512340805591993,28.4437084266209,155,0.507565695240262,3.78734576230311,6.09940296155429,6.01276798839176,-1.42038448203213,0.289979153600155,0.2797826409877,-3.51629159746921,0.139971822585442,0.127710030748905,-8.76018587887731,0.224860190107436,0.213888528361519,-4.87932601172106
"BEL",2020,"EU-SILC",6980,4.054915457851,0.438422755198223,214.902346677232,72,0.575370512067771,3.78606949966904,59.0140775531511,58.0162482949227,-1.69083259384973,0.271857824044008,0.259373937775603,-4.59206436758074,0.130479034816828,0.116167728653821,-10.9682802168931,0.246459285966122,0.233796662209445,-5.13781564652309
"SLV",2011,"EHPM",20154,1.97609826766335,0.737045939096053,65.8405615242791,89,0.342378995300684,3.78246612701223,9.54610388669703,9.41044999378048,-1.42103935308725,0.423126282800955,0.414832943476767,-1.96001516835327,0.305103740542926,0.292163187342006,-4.24136170139777,0.437600728638051,0.429540529211835,-1.84190722243577
"IND",2009,"NSS-SCH1",49245,1.30997907796703,0.710338076204708,31.21795176963,317,0.180076209492663,3.78173327891329,3.45074024218535,3.37645855430577,-2.15263052754546,0.348890886493713,0.334577051608878,-4.10266803718663,0.203046755209492,0.182270057630681,-10.2324696385196,0.290022094455743,0.274437026229107,-5.37375204323067
"ARM",2006,"ILCS",5184,1.85246662716175,0.508699623858505,29.3286689100914,48,0.637064983823522,3.78158215998299,6.89028174035996,6.81656275514167,-1.06989798089793,0.297099847413911,0.28952645203991,-2.54910779656181,0.14587266386038,0.136934754018591,-6.12719998747918,0.239447988697104,0.231415297977488,-3.35467036633873
"NOR",2008,"EU-SILC",5505,4.06624147557757,0.442131237462589,219.781789444299,38,0.562982891532109,3.77290534320533,60.9066283772357,59.8460128140992,-1.74137953683352,0.270699028192895,0.257809153581347,-4.76169962544619,0.13350851865371,0.118596152959249,-11.1695986479637,0.31832255748871,0.30647256312373,-3.72263733317142
"VNM",2020,"VHLSS",9394,2.46803121829961,0.622032971227711,76.2585951171577,46,0.505399922438484,3.76984141048545,15.0513244830855,14.8693243004704,-1.20919712294839,0.367901661094317,0.360191495873527,-2.09571362027999,0.230514475509507,0.21991649754047,-4.59753251747522,0.364521457131955,0.356840822964728,-2.10704583144649
"SLB",2005,"HIES",3776,0.940825393144162,0.824059101230676,30.3562581878185,22,0.236196024063246,3.76304498631973,3.2089869534241,3.15993160565562,-1.52868641974799,0.460968521556529,0.452616594044011,-1.81182165851934,0.365872108186185,0.351490133705069,-3.93087479458735,0.495650830842312,0.487841216559975,-1.5756282036419
"COL",2019,"GEIH",185024,2.57845533814685,0.908034507931096,200.85010065296,663,0.196406984571345,3.75422732726647,15.5955203437114,15.4045126833394,-1.22475977820803,0.511687445011674,0.505643316793132,-1.18121487589052,0.473404540283045,0.461739622034971,-2.46404866355936,0.617833929964437,0.613101032153388,-0.766046923211516
"IRL",2016,"EU-SILC",5124,3.72717774091063,0.508102482274264,190.849505420917,53,0.534256295917955,3.74951190611533,46.5613796395543,45.8351806647571,-1.55965948693713,0.317359879649562,0.306574177675153,-3.3985713589,0.176931729786546,0.163456439366806,-7.61609601398053,0.413858309475066,0.404701108066946,-2.21264166949673
"IRL",2018,"EU-SILC",3678,3.87569922738493,0.548850688295166,250.197671709086,19,0.368108853393109,3.74627108796084,52.8778804601985,51.8179314931362,-2.00452241624959,0.312559594741959,0.298525430198591,-4.49007638205907,0.167854266805186,0.149686225603203,-10.8236993600341,0.319455678437592,0.30566842244235,-4.31585879539651
"SWE",2017,"EU-SILC",5896,3.99377101662444,0.461665606452291,216.755033062938,26,0.35056926887052,3.7446501400942,56.0896965764433,54.7492102096639,-2.38989769707967,0.294509785081669,0.277264521482165,-5.85558255550727,0.163427363894687,0.141716431346865,-13.2847596818689,0.520973940395395,0.509330101951636,-2.23501360450429
"FIN",2020,"EU-SILC",9031,4.07372057948688,0.472507311026533,242.558401562148,83,0.624583051734692,3.7395267519164,58.8702451423827,58.1837552430803,-1.16610674482853,0.277099127214023,0.268605899523723,-3.06505032177188,0.130177923164732,0.120532428203294,-7.40947061294952,0.226041357298389,0.21714745929309,-3.93463307405221
"TUR",2017,"HICES",12094,2.90091988432968,0.706814889997303,151.618053771689,63,0.385997957341021,3.73796110270275,22.0782050553341,21.8381729287097,-1.08719040348988,0.414056667328293,0.407634590104524,-1.55101408346062,0.28992056910728,0.280137762848336,-3.37430568968152,0.420467625044189,0.414141703371467,-1.50449673076671
"CHE",2019,"EU-SILC",7319,4.30291424846077,0.55035691308358,385.285642478904,32,0.39909249461497,3.72942202207724,77.1028851276444,75.7650392319995,-1.73514375425782,0.331410510406183,0.319632872351847,-3.55379135076356,0.190572799974976,0.175071341409224,-8.13414011222351,0.339733788929305,0.328192722348843,-3.3970911803722
"DOM",2020,"ECNFT-Q03",5282,2.53979538604771,0.692951382649409,101.35706039819,14,0.417945523923538,3.72701052327933,14.5516077330379,14.432885078636,-0.81587310886887,0.395393489238415,0.390437053202371,-1.2535451824437,0.263718922169889,0.256453727887734,-2.75490064284215,0.396304769889456,0.391379328833989,-1.24284172931877
"SLV",2014,"EHPM",19822,2.09883524866939,0.734841105458378,73.9477353815728,107,0.342421731840483,3.72552068858621,10.6343267531625,10.491355826032,-1.3444285703184,0.415529873310153,0.407582091883867,-1.91268593109157,0.293333218947334,0.281023343456539,-4.19655009922545,0.42562376223617,0.417838987440062,-1.82902729753809
"NER",2007,"ENBCM",4000,0.567864465454268,0.679484822218469,13.5490838447961,44,0.338181663823104,3.72494815908544,1.79351686647926,1.77252981015757,-1.17016219439775,0.373044542532909,0.365638454503782,-1.9853093088672,0.228815170200149,0.218134447094837,-4.66783871714886,0.324132648543406,0.316180910634712,-2.45323571828632
"TGO",2021,"EHCVM",6462,1.21549942290405,0.673678404984433,25.4453912915509,46,0.436594398589341,3.72305013849788,4.18206220578441,4.13745508611794,-1.0666297503843,0.378580048697888,0.371902183263582,-1.76392428953254,0.23697379067439,0.227545336692771,-3.97869062008398,0.354168337246597,0.347276003228949,-1.94606160201412
"HND",1996,"EPHPM",2897,1.49676187665388,1.19756705335571,162.302688067394,13,0.0732788979544725,3.72006530812093,6.64244794511209,6.51427816466226,-1.929556415179,0.556409030456819,0.547688761916442,-1.56724065625194,0.580809430112491,0.561786374168506,-3.27526637098516,0.682259832106369,0.676009496659419,-0.916122443798684
"BEL",2008,"EU-SILC",6144,3.91558212052303,0.481161136980479,212.526254530499,38,0.429379033628607,3.71620913598514,53.4666928310247,52.3923018852392,-2.0094583915654,0.292126708411663,0.277640862093969,-4.95875450637707,0.151848760730243,0.134021550215872,-11.7401093223544,0.382274169678966,0.369758223785894,-3.27407575133393
"BOL",2001,"EH",4956,1.96020947311133,1.15222204524349,225.174489117235,9,0.138966618954794,3.71131023033683,11.4881776912148,11.3747331515565,-0.987489423541299,0.573067055485313,0.568819994931105,-0.741110575726944,0.688695884565897,0.679194310504129,-1.37964728332256,0.815586502918835,0.813747905898845,-0.225432497155131
"COL",2020,"GEIH",187422,2.38916116199032,0.989022714387711,211.924335967746,481,0.153077842946262,3.70661227586462,13.819736975483,13.6319021104352,-1.35917829247452,0.528722872441152,0.522235441061881,-1.22700032803931,0.519661284810481,0.506463214608154,-2.53974475068697,0.678865606374169,0.674443102654168,-0.651454968181697
"DOM",2010,"ENFT",6881,2.12279047690287,0.814639562775926,96.2269212533837,22,0.331454222778996,3.70398101684054,12.2333768830735,12.0992031195504,-1.09678435321232,0.473141271295048,0.467321362756493,-1.23005725597027,0.384638570367065,0.374706351337164,-2.5822212838463,0.512290086031273,0.506908700373843,-1.05045672445457
"CYP",2018,"EU-SILC",4047,3.77991394065937,0.538560034543687,220.433055207906,34,0.478192052726758,3.70322346465758,47.5642697988098,46.8569519504143,-1.48707811848563,0.314162339427927,0.303846440842538,-3.28362037415878,0.164716365782392,0.151891852917064,-7.78581582006871,0.271254514377336,0.260437633511139,-3.98772381393409
"MDA",2016,"HBS",4965,2.33673423873096,0.419240028672371,36.3958342622243,43,0.679278668035431,3.69841404445519,11.4550856687169,11.2786583097375,-1.54016621159971,0.263453867611585,0.251960214186309,-4.36268160702088,0.115814697284215,0.102774172870331,-11.2598182438641,0.194168327685413,0.18190651058905,-6.3150449110468
"TKM",1998,"LSMS",2094,1.02916266440428,0.743972414079294,26.0776834056368,12,0.296833773087071,3.6908736802576,3.33439478427073,3.28873385636886,-1.36939177440155,0.408069274223014,0.399878116841237,-2.00729579490481,0.279522895639453,0.267037864898405,-4.46655030261008,0.404688487554345,0.396469509579868,-2.03093940827107
"LUX",2019,"EU-SILC",3805,4.31539231129161,0.606322580300824,461.443699627359,18,0.409209142110385,3.6815054256469,83.9434764678186,82.7413626317468,-1.43205152640145,0.353404325007581,0.34404230016467,-2.6490974163121,0.225286242708644,0.212666964917558,-5.60144180992277,0.495026262609964,0.487752495990318,-1.46936984338901
"ISL",2011,"EU-SILC",3001,3.82761969685937,0.401045642611864,153.048769376354,25,0.672599500955829,3.67169351542406,47.7636370203638,47.0393079162008,-1.51648649338445,0.261716195981175,0.250389747568677,-4.32775983543363,0.124832078642653,0.112454034393642,-9.91575593677675,0.881673668671814,0.879860704484879,-0.205627575298484
"PHL",1988,"FIES",17812,1.33667958529565,0.723509966492398,33.3550599927359,194,0.300794229118315,3.65698695251931,4.58240811336344,4.51516014212366,-1.46752470701321,0.407462674323873,0.398657663568369,-2.16093677049427,0.273322504670208,0.25982584923096,-4.9379963993575,0.38529883640106,0.376192966898123,-2.36332649950139
"LTU",2004,"HBS",7965,2.57293099781526,0.599150801971349,79.0739431331227,47,0.548398625222654,3.65545895636847,16.191158782884,16.0329380360666,-0.977204590104097,0.352040158386448,0.345671094847698,-1.80918664732513,0.207290984184549,0.198991803175891,-4.00363819068469,0.329005072814701,0.322496248600129,-1.97833551892906
"HUN",2000,"HBS",10190,2.5178016029308,0.432410645516395,45.3782783212823,77,0.589033032987614,3.65424373301347,13.00237086415,12.794525590817,-1.59851826643423,0.272205813321377,0.260413734528887,-4.33204517148501,0.124424383081021,0.110763970580394,-10.9788870656739,0.20826089806285,0.195706988598578,-6.02797240434609
"CRI",2001,"EHPM",7722,2.43760378251812,0.971474365660048,211.035608414988,25,0.227915271193076,3.64707571153717,18.4570939946714,18.2649321817692,-1.04112712953486,0.513512828226106,0.508407777065149,-0.994142868561343,0.49159453863447,0.481833465000726,-1.98559440079592,0.68271495944237,0.679381906746448,-0.488205604670555
"MLT",2018,"EU-SILC",3820,3.74228132496144,0.466293979370736,170.914471220166,28,0.860811672510077,3.64452386573389,48.8523255144587,48.5431425703903,-0.632892990891254,0.292322386671934,0.287842383533563,-1.53255561073354,0.147422229829677,0.142598309324017,-3.27217985458087,0.317660055240622,0.313489677334414,-1.31284303374195
"LVA",2021,"EU-SILC",6493,3.32986568389441,0.626046629521928,182.729254270103,44,0.470128229272517,3.63953821735812,35.5230635104209,35.0892498454457,-1.22121692811767,0.356671083989453,0.348733700281264,-2.22540712283378,0.225569439777427,0.214595985423944,-4.86477883010697,0.460020136205757,0.453398602980278,-1.4394007358229
"MKD",2004,"HBS",4070,2.60655135864834,0.657981333159702,97.5627107207681,15,0.373630309884807,3.6366857693286,15.4214799712125,15.2251730620776,-1.2729446817126,0.38432551724047,0.376408544154243,-2.05996550608242,0.254308493407227,0.242857312624201,-4.50286997087805,0.393122208144128,0.385357120984217,-1.97523492670854
"PRT",2007,"EU-SILC",3909,3.19169909991346,0.65157289495893,171.814908633089,31,0.46607485210122,3.63136053333207,31.3105930097807,30.9743785737709,-1.07380411448887,0.380607798395318,0.37390614327981,-1.76077714218227,0.244553189457436,0.235172236685842,-3.83595601120816,0.379064646694088,0.372401759953698,-1.75771779259759
"FIN",2005,"EU-SILC",10614,3.81045602513855,0.501668856842083,203.45861043382,74,0.331618972744897,3.62712413455602,47.9979663817908,46.9317279129425,-2.22142425861787,0.278937833240712,0.262575662839048,-5.86588424078848,0.135594190111853,0.115124384336901,-15.0963737886308,0.383588015062817,0.369690527644957,-3.62302440955667
"BRA",1990,"PNAD",29845,1.81306236558988,1.1515058443833,193.946025007131,135,0.109285210223556,3.61827869138504,9.67913555833345,9.54087178006527,-1.42847238201079,0.60181966382317,0.596054761877211,-0.957911861725691,0.685630655706083,0.671655856497968,-2.03824013582401,0.76881836508519,0.765468934558524,-0.435659536605271
"GEO",2019,"HIS",13868,1.940537487588,0.629406950924556,46.0053797326959,75,0.346854304931657,3.61760420645709,7.97450214262765,7.84558785777495,-1.6165809795647,0.359007651943357,0.34849370446437,-2.92861375574406,0.221410432554309,0.206629522736921,-6.6757964594837,0.352742473298866,0.34218222833803,-2.99375486656773
"MNG",2014,"HSES",16165,2.30475549216791,0.537667618903384,50.2875911010259,112,0.569463989678673,3.6133747605432,11.2075751819995,11.0889732117015,-1.0582304233708,0.320377899018103,0.313132652289701,-2.26146895606933,0.170170648105726,0.161144636432494,-5.30409431573882,0.276557930289078,0.268965571523005,-2.74530502818594
"PRT",2011,"EU-SILC",5550,3.27080656788228,0.601564813638192,160.052359535469,36,0.556950799126236,3.60957766577353,31.4071779105876,31.1649243267304,-0.771331905549733,0.358446704647724,0.353476059179202,-1.3867181380304,0.219536997057081,0.212952322437069,-2.99934621876055,0.36095029766214,0.356057984936185,-1.35539789207613
"POL",2018,"HBS",36132,2.95996011604498,0.51624064336111,90.8020666788316,262,0.476691435604148,3.60704806339952,19.9098639321796,19.624551245998,-1.43302177831796,0.311410486164404,0.301425985189555,-3.20621861448108,0.160639181785455,0.148070903986661,-7.82391796266737,0.258199584365232,0.247581091403544,-4.11251357657792
"JAM",1999,"SLC",1865,2.45927911867669,0.774014657947054,119.262040415672,10,0.243186626377327,3.59925325021793,13.9482681262587,13.7362639650108,-1.51993178887009,0.440490871306181,0.431867883727704,-1.9575859887648,0.33100327306777,0.316680328785928,-4.32713071055013,0.457839363227533,0.449495079854756,-1.82253516035719
"LVA",1997,"HBS",1951,2.16196325819783,0.595258182056497,51.8180116650196,12,0.549429955312206,3.59685231269474,10.0195021018443,9.94381908710842,-0.755357042362059,0.34392591752122,0.338958128842084,-1.44443568398124,0.201688055043531,0.195343058512406,-3.14594561872098,0.33369798830937,0.32871847823485,-1.49222058537051
"VNM",2016,"VHLSS",9397,2.30194172812026,0.606449660158631,61.6387486063135,57,0.507252871728117,3.58859228771748,12.0995620103424,11.9780223835945,-1.00449608542899,0.352670727376606,0.346123124430356,-1.85657681173488,0.212223964052689,0.203549228417919,-4.08753821628589,0.3441418810192,0.337580439763069,-1.90660934283818
"ARM",2007,"ILCS",7870,1.91373562560882,0.513779307392883,31.6606171649888,57,0.657530537149083,3.58042943430527,7.67512370936149,7.60849954706183,-0.868053269530922,0.312260582669561,0.306266626963114,-1.91953645099973,0.160137216563908,0.15305858726099,-4.42035240452292,0.262945940149957,0.256669550506186,-2.38695058010463
"FRA",2015,"EU-SILC",7595,3.97948626527264,0.606717217216802,330.17998567789,53,0.389351667754813,3.56317289854489,57.9919380215288,57.2111462834342,-1.34637979817943,0.322599811376431,0.31337899736415,-2.85828251818812,0.176913812353993,0.164894600482991,-6.79382333752008,0.296645111552114,0.287146211687728,-3.20210901662467
"LVA",2010,"EU-SILC",6047,2.79237976045591,0.540953432497365,82.7016917217514,53,0.67003811582496,3.56272669546803,19.8184976167635,19.6665515684981,-0.766688026527385,0.358227965287774,0.353296084119518,-1.37674376267479,0.244882072489792,0.2386843989629,-2.53088087007701,0.54609463507338,0.542650233598552,-0.630733439519104
"BRA",1987,"PNAD",26229,2.00665208997272,1.15139960966329,235.297558358515,127,0.103298461555143,3.55440903646395,10.8360522334271,10.6939533715074,-1.31135268508007,0.591794660999452,0.586376158841333,-0.91560511021983,0.658449121236721,0.645638606403897,-1.94555880168278,0.724912681356661,0.721258390285147,-0.50410086145487
"PSE",2006,"PECS",1281,2.50209305191568,0.591873628553927,72.0754824754841,13,0.538283140448815,3.55233261673943,13.4335888563026,13.3443532683241,-0.664272138540034,0.339592828187838,0.335198681389936,-1.29394570001676,0.189653114848911,0.18405621666124,-2.95112378835954,0.297701291960498,0.293091203601763,-1.54856175744994
"IRN",2022,"HEIS",37918,2.35109742679748,0.601091539257839,63.7119437225281,164,0.551761735345649,3.53625907728616,13.4756200012971,13.3506252920865,-0.927561842783986,0.348034390255291,0.341954455688126,-1.74693499763213,0.203370537272793,0.195547293923155,-3.8467928808906,0.328250188167029,0.322076282552201,-1.88085364072558
"DOM",2016,"ENFT",6972,2.41466584026322,0.806907690904746,125.887532982932,18,0.306971884161561,3.53245325331744,15.6367718623239,15.4708495378816,-1.06110344195821,0.456976523843261,0.451173876539964,-1.26979111629091,0.361973445554091,0.352344616423834,-2.66009268042251,0.532854585852701,0.527867582595952,-0.935903225599333
"GUY",1998,"GLSMS",1981,2.00399474199001,0.813578733509073,85.176957256274,11,0.259571706683971,3.53209487511806,8.36528590811215,8.29091135491434,-0.889085609443319,0.451181417070787,0.446268079061522,-1.08899387770968,0.437318514437411,0.42904664279213,-1.89149815802387,0.847546659282793,0.846180256471637,-0.161218594420842
"LTU",2019,"EU-SILC",5080,3.34928457596974,0.576424261677154,160.542284227175,42,0.519614229292419,3.53034725698961,34.9632795749721,34.563154946419,-1.14441389199537,0.355440921699465,0.348005078095242,-2.09200549240944,0.226878769961291,0.217091095998435,-4.31405457836618,0.414668001669064,0.407990501019014,-1.61032455438391
"CHE",2014,"EU-SILC",6751,4.30332703783714,0.537554924251611,370.922004701887,35,0.516102480423338,3.52914792061503,76.787605121298,75.9919946185721,-1.03611839628174,0.324621872416997,0.317573867834452,-2.17114285308903,0.176429290420768,0.167554893839347,-5.03000185527924,0.30013477531765,0.292928641582701,-2.40096594182458
"MDA",2000,"HBS",6217,1.17405557446692,0.612915266498398,20.3443121982111,31,0.459984854491056,3.52743513460678,3.6781951107179,3.6420299189252,-0.983232012008362,0.364256906665546,0.357963389430972,-1.72776881355148,0.223474468634087,0.214844002742047,-3.86194715879226,0.352440749861837,0.346085925686506,-1.80309007338767
"VNM",2004,"VHLSS",9186,1.25157536860135,0.617327060018162,22.2770399331867,57,0.5553618972766,3.52149443456895,4.5263086032245,4.49063308930054,-0.788181210148609,0.367858306508236,0.362857933183306,-1.35932048738924,0.221277917705223,0.214658059120877,-2.99164898738971,0.337141811025596,0.331972110997167,-1.53339035959456
"MDG",2012,"ENSOMD",16903,0.25117764613511,0.730470865521182,11.5027972244276,105,0.349860519721075,3.51430741238163,1.59091792614959,1.57525192569785,-0.984714559704225,0.426389940845539,0.420700851726225,-1.33424562221902,0.308063007130881,0.299176200462814,-2.88473671371106,0.440419342283128,0.434888792135555,-1.25574642541874
"YEM",2014,"HBS",9368,1.47992300161263,0.640429210247623,30.0003975234341,56,0.344368105009595,3.50955535794884,4.48854454201729,4.4343283869958,-1.20787828914195,0.367070943648102,0.359352925356617,-2.10259581289099,0.222010664996177,0.211132447012773,-4.89986279874963,0.331871098740447,0.323767580893022,-2.44176666126703
"KAZ",2007,"HBS",11993,2.18444122917404,0.510173902758883,41.0570653766837,87,0.50314332894248,3.50264723363444,9.51665576210031,9.38989676781693,-1.33196994251062,0.300840563208862,0.291426600924353,-3.12921973822186,0.14911969494217,0.13756846346676,-7.74628158935674,0.241342461418573,0.231281185014636,-4.16887950209766
"IRN",2011,"HEIS",38467,2.38889223558303,0.589627870097824,63.9291760177968,178,0.492074129499762,3.50227505715686,13.6704830661399,13.5062840839075,-1.20112055614938,0.346619958488304,0.338698565601166,-2.28532509255547,0.201732846962529,0.191286690391941,-5.17821303167744,0.326540118544248,0.318470787063104,-2.47116082309207
"VNM",2012,"VHLSS",9395,2.08307154382979,0.621185667175109,51.7605639366815,47,0.469862081981752,3.50060658740044,9.89762143769228,9.79434791300685,-1.04341760629617,0.356458863891573,0.349696133075784,-1.89719810638418,0.212664449281809,0.203612259950773,-4.25655974075917,0.334374526835656,0.327452153902222,-2.07024530215987
"MYS",2016,"HIS",77110,3.1293973623347,0.747469882656922,215.251478126315,313,0.306688787454297,3.49597502303085,29.3636516123767,28.9972578344012,-1.24778002004698,0.410663983652286,0.403232075684514,-1.80972967282775,0.285745734093674,0.274272552536102,-4.01517159791093,0.416596713890997,0.409262455126748,-1.76051767085421
"LBR",2016,"HIES",8342,1.06761545926726,0.589183770307909,17.0332407003472,45,0.476308097415913,3.49401221483552,3.88307156031802,3.8285272703978,-1.40466867717866,0.352654611592247,0.343457555970399,-2.60794990892739,0.206165948923292,0.193916441436411,-5.94157645860267,0.324060807227531,0.314574137009001,-2.92743522417674
"GNB",2018,"EHCVM",5351,1.2881501466569,0.593340791460097,21.5025712506663,45,0.468448657563556,3.47893941600284,4.20629569147869,4.1606897190796,-1.08423125106203,0.347652303802705,0.340529344373421,-2.04887450805621,0.196007955764992,0.186698524853425,-4.74951686284055,0.299911110328817,0.292358657512711,-2.518230420949
"SLV",1991,"EHPM",9832,1.84963270575469,1.07797352639333,161.34634811589,33,0.111527381336679,3.47675392603592,7.92945959165835,7.83371715092795,-1.20742705885176,0.526413196364907,0.52063038470443,-1.09853090697767,0.533105638538869,0.52134928099886,-2.2052585247888,0.746240934059205,0.743140433325176,-0.415482532854894
"BGR",2007,"EU-SILC",3385,2.28599293239308,0.591214956241063,57.9533166505101,20,0.418652148308168,3.47136092792588,11.1890680224322,11.0432778920756,-1.30296938104478,0.357025733206253,0.34855671304201,-2.37210357029095,0.274085389985135,0.26250778516546,-4.2240868148071,0.721666170832201,0.718008042620501,-0.506900331420768
"DOM",2021,"ECNFT-Q03",5653,2.47380649012045,0.666123493949454,87.5471033018164,21,0.290319596591765,3.46730991437662,14.0467652863629,13.8138867980733,-1.65787982885819,0.385160448491089,0.374816892394234,-2.68551875909813,0.250457653922053,0.235290082885361,-6.05594231167434,0.380391453499336,0.370010090876022,-2.72912614829088
"TUR",2002,"HICES",9450,2.29576974733272,0.694038498319067,79.6693737084374,46,0.35495225450608,3.46113494934107,11.4081012412744,11.2960397002854,-0.982297918110597,0.413963778116553,0.408161582466265,-1.40161916501166,0.288697784923663,0.279751486468821,-3.09884554784762,0.415399423427839,0.409634232349217,-1.38786689472213
"MDA",2018,"HBS",5140,2.38419833923359,0.412221720258857,37.3698227363027,56,0.864530697840485,3.45889561485743,11.9118882901692,11.8229420977378,-0.746701028961771,0.256616480835245,0.251047094705256,-2.17031505999191,0.106885784295542,0.10117695969034,-5.34105133140726,0.182735713371645,0.176891792788461,-3.19801776858948
"CHE",2015,"EU-SILC",7436,4.30688182691277,0.544161941523689,379.694754194473,46,0.474201411606611,3.44819286300058,77.7138240257435,76.8346193763094,-1.13133623323287,0.325256586781176,0.317557738364696,-2.36700768850514,0.178311522696654,0.168482482180339,-5.51228567154122,0.298911066540412,0.29100697717609,-2.64429465787385
"PER",1994,"ENNIV",3623,1.59691668704095,0.820168898447978,57.825125727148,19,0.278543239483562,3.43003553862243,6.49168120306996,6.43008220918643,-0.948891234129001,0.440239886717943,0.434891830864781,-1.21480493124607,0.339494791952466,0.330791047437817,-2.56373432552334,0.484877610540468,0.479962833257376,-1.0136119252059
"ITA",2005,"EU-SILC",18571,3.83004306129678,0.585268644692139,266.626551383855,101,0.400540859416244,3.41909618264018,49.1314554878082,48.5195520490937,-1.24544130158379,0.341030741156024,0.332742225181023,-2.43043074266716,0.214252551070095,0.203259794113539,-5.13074728942668,0.465125208216921,0.458440165674441,-1.43725655466146
"POL",2008,"EU-SILC",12043,2.96871450304113,0.589851500049758,114.236287785719,70,0.449438899346438,3.41642037357688,22.0475064639676,21.8076932757453,-1.08771115960088,0.339584095134733,0.332343663991415,-2.13214671919318,0.202544622249605,0.193066021001131,-4.67975952320908,0.392832307875767,0.38623603922295,-1.67915635261421
"ECU",2009,"ENEMDU",17125,2.15945864653821,0.922263233492184,137.861333051607,45,0.170884855378722,3.41598614545719,12.1642076951367,11.9842641851746,-1.47928672768413,0.483904394864852,0.476164054087947,-1.59955992527541,0.421475961553464,0.407296380054088,-3.36426814167846,0.577250012378208,0.570910405287377,-1.09824286788887
"LUX",2013,"EU-SILC",3681,4.33521209012331,0.574302017050124,427.570052852437,13,0.348563789211114,3.41597205321434,78.5854290102394,77.3913270951054,-1.51949531888204,0.343471485118959,0.333357257349771,-2.94470668087168,0.201574043803646,0.187660896707695,-6.90225131838099,0.35782486123004,0.347986901764221,-2.74937840596122
"BRA",1989,"PNAD",21594,2.26504464608093,1.30756659756187,486.746979489177,40,0.0408693872354613,3.4141830211712,12.422613024281,12.1974127875245,-1.8128250177019,0.627697897341327,0.620826276615608,-1.09473374928043,0.757711348471944,0.739613969461915,-2.38842654878072,0.763193978031872,0.758822032663141,-0.572848514869773
"PRY",1997,"EIH",3961,2.42578808614651,1.09770993067816,304.575157142619,11,0.142590700878205,3.41384207955042,16.0282993690885,15.9154143918608,-0.704285430589124,0.548381909687902,0.545182740846438,-0.583383365670076,0.591747677323866,0.584968841470156,-1.14556188616857,0.725307933532604,0.723360534147634,-0.268492773198548
"POL",2009,"EU-SILC",11652,3.03608456845301,0.580647338157823,118.869539252921,57,0.418642363388609,3.40910557723818,23.7609134934022,23.4485171147734,-1.31474902560238,0.334761389952433,0.32591445212958,-2.64275931704988,0.194417871815781,0.18267068646244,-6.04223533753719,0.329544606473792,0.320703865528597,-2.68271450101795
"NLD",2009,"EU-SILC",9159,4.07371136319851,0.468223125036143,239.458647059189,71,0.495697461572532,3.39593816838449,57.8091420200393,57.0329697363535,-1.34264626071898,0.292980121693129,0.283387839956457,-3.27403841640792,0.151557294621029,0.140135514046004,-7.53627900496987,0.304018484507669,0.294725952526688,-3.05656808862453
"BEN",2018,"EHCVM",8012,1.38852567005813,0.668222521595769,29.7608340321319,71,0.359239950311592,3.39365552266721,4.6585113264848,4.60733030496882,-1.09865615706474,0.37948644510569,0.372612522901431,-1.81137489702563,0.236626271034305,0.22679390853779,-4.15522860312031,0.348111136660312,0.340932716504968,-2.06210586199901
"BRA",1988,"PNAD",30901,1.94506742716518,1.16082568005178,227.589704762411,144,0.108785229666775,3.39158886933417,10.686324792423,10.571472573246,-1.07475882876428,0.609258224546548,0.605018168614421,-0.695937413940195,0.710866407416028,0.700415617534334,-1.47014822653986,0.774713586120587,0.772266646170642,-0.315850914942428
"SVK",2008,"EU-SILC",5421,3.00321468173222,0.354803473161274,58.4180607368496,56,0.760246751076443,3.39132414395521,20.9451009748724,20.6789061173295,-1.27091704099319,0.246489864551494,0.236827805918096,-3.91986041737596,0.115620828735338,0.10570661633755,-8.57476330712154,0.276616257678637,0.267698879173088,-3.22373622591231
"SVK",2009,"HBS",4668,2.80438219006003,0.441442378216034,62.097723192975,48,0.556850590187621,3.37962845136046,16.5590575287136,16.3452144472892,-1.29139645208423,0.260160966889463,0.250512048050454,-3.70882648322411,0.112623623799674,0.101866220009534,-9.55164061251903,0.187689137255986,0.177348274475303,-5.50956913749312
"SRB",2016,"EU-SILC",2750,2.47175474227175,0.782634688998739,123.922802254391,8,0.141736448797268,3.37225963141419,13.7118866621862,13.4251300227374,-2.09129966220867,0.394010323940117,0.381073351405233,-3.28340953239858,0.319230599618694,0.298898985842391,-6.36894263914198,0.80200585243826,0.797778680214431,-0.527074984674691
"CHE",2018,"EU-SILC",6670,4.33962515170104,0.538267413845889,385.45613268681,33,0.45507686288342,3.37086593053351,78.5020510276329,77.6099738111953,-1.1363744064771,0.326763339990471,0.319050998779858,-2.36022229753138,0.181671955756306,0.171898573264356,-5.37968694797348,0.304517061571049,0.296648591637666,-2.5839175948921
"POL",2000,"HBS",36140,2.60785681291252,0.560693552785113,72.9619061415091,220,0.436052424809963,3.36804586611006,14.4128378673833,14.2455590383194,-1.1606238174821,0.329655369334638,0.321807117873199,-2.3807443140636,0.180530766622671,0.170450686994438,-5.58357991649215,0.289398949287904,0.281175524126377,-2.84155321978934
"GRC",2008,"EU-SILC",4515,3.6160772069594,0.602920060335814,226.974434539934,34,0.460287824371942,3.36622340017156,40.2166476969968,39.9076011780803,-0.768454201466329,0.337549658771568,0.332434200270092,-1.51546842621394,0.202573811183898,0.195899221222375,-3.29489282080146,0.423005387965044,0.41858681586892,-1.04456638658449
"MYS",2019,"HIESBA",80589,3.23018907522016,0.7483406429302,238.700828449405,285,0.298122534702494,3.36369317465204,32.8115201416312,32.4194622382568,-1.19487881598321,0.411767742602862,0.404668929333353,-1.72398479410649,0.287491639219954,0.276555832429047,-3.80386950402397,0.419137831879819,0.412150938645895,-1.6669679285661
"NLD",2019,"EU-SILC",12503,4.08585750492225,0.451365047915663,230.43127197493,101,0.560216691295273,3.35913034148272,60.4004825168211,59.6624660297641,-1.22187183993342,0.281210804211476,0.272344372414998,-3.15294848693288,0.140132240928208,0.129829368940096,-7.35224950366028,0.321008495113952,0.312785196095462,-2.56170760078201
"NOR",2016,"EU-SILC",6840,4.26737931728897,0.451033393712193,276.021703480808,49,0.548743086895982,3.35698203344422,73.3508926781107,72.403166405719,-1.29204463339064,0.274889305990695,0.26542692166189,-3.44225261681331,0.138936533763871,0.128131961661383,-7.77662419652005,0.800337131874738,0.797740487587156,-0.324443810510167
"DNK",2004,"EU-SILC",6797,3.93797088869228,0.408237555026075,174.632462967237,55,0.578205259987844,3.35439311046131,51.439454847007,50.7237074040831,-1.39143668037069,0.255876935496883,0.245411219715431,-4.0901364404447,0.121022855963135,0.109567083330471,-9.465792673207,0.891576379623828,0.890052798536068,-0.170886210377486
"GAB",2005,"EGEP",7911,2.06397446393464,0.779767245458955,81.7181556300027,35,0.220995353708415,3.35204926985421,8.76962521703819,8.65625638606003,-1.2927443097329,0.421849863771127,0.41429063329307,-1.79192436154467,0.301195670058346,0.289077144956864,-4.02347254830536,0.426367225585386,0.418877766706919,-1.75657471518444
"FIN",2004,"EU-SILC",10425,3.78967431858445,0.496011265996339,195.920333834164,79,0.368542195285306,3.34952118979522,45.7916031468953,44.9798527956659,-1.77270568279831,0.276766314427742,0.263736807022854,-4.7077648997239,0.133009979815462,0.117102600335132,-11.9595383011107,0.369727735803369,0.358474740798628,-3.04358962421083
"CYP",2005,"EU-SILC",3497,3.64815335886864,0.549297767010036,199.546373890966,25,0.432311270233821,3.34815020707488,44.9448384209523,44.3026791839652,-1.42877193365915,0.300562584334999,0.290445607082442,-3.36601352924244,0.151475993519941,0.138901475345778,-8.30132741298606,0.256400659572854,0.245778669234777,-4.14273128461246
"MDA",2015,"HBS",5069,2.36385369758024,0.439959737531267,39.7946670730891,48,0.758214930774773,3.34812421574893,11.800105079141,11.7067520109027,-0.791120651995603,0.27028158045794,0.264486169742906,-2.14421223422455,0.118750155411772,0.112553067063057,-5.21859388497349,0.201735704323244,0.195634020807875,-3.02459276400169
"EST",2002,"HBS",5597,2.25142520372516,0.605953624336248,58.5151723332003,24,0.43733061958628,3.34768055428812,11.9842271247141,11.8389382493951,-1.21233412724124,0.357915743985301,0.350064989675122,-2.1934643675529,0.217081055500703,0.206648255663582,-4.80594670643076,0.350149579339886,0.342290846629987,-2.24439301761109
"SVK",2011,"EU-SILC",5187,3.15562220380432,0.392145531629026,76.1008016282101,35,0.57990241631366,3.34511774759579,23.6854198141201,23.3344250198015,-1.4819023562732,0.273157199520009,0.262245858003199,-3.99452825551843,0.143390499230929,0.130538173492124,-8.9631640922781,0.31848108212526,0.30844108844298,-3.15246155761643
"ISL",2012,"EU-SILC",3070,3.82626220271214,0.418861321666036,161.232297662311,26,0.656351320159813,3.33805791223822,47.735562705146,47.200372291546,-1.12115660373748,0.268307994255725,0.260041507580227,-3.08096920422682,0.131854500535917,0.122810515834607,-6.85906409303485,0.792855946018527,0.790528464859675,-0.293556625328939
"THA",2013,"SES",40606,2.52346981596868,0.660399266010219,90.4382786347418,219,0.39908519501542,3.32727688089162,15.3041935708092,15.1559064569788,-0.968931248447003,0.378471081906604,0.372408203913751,-1.60193956228055,0.234491646305669,0.225959928071288,-3.63838898689803,0.349248915069465,0.342950366110017,-1.80345555495721
"IDN",2004,"SUSENAS",10016,1.16809934710673,0.508236932775235,14.7731322941808,92,0.553642537314491,3.32607648507873,3.59736511252741,3.55950434191153,-1.05245838083061,0.304165062098887,0.296788435131233,-2.42520522138588,0.149582165232262,0.140778715350918,-5.885360642878,0.237168467206952,0.229247826836448,-3.33966840692712
"ARM",2013,"ILCS",5182,1.98368061976535,0.517610394010117,34.3469011902089,28,0.396918623892354,3.32223648016131,7.81094709809855,7.68777821171327,-1.57687518348791,0.305796632259517,0.29469792823536,-3.62943958608998,0.156559673822961,0.142630915007772,-8.89677301636439,0.256702721887187,0.244960203251804,-4.57436467718628
"MLT",2016,"EU-SILC",4085,3.69543105031957,0.477603780659951,168.720313166359,37,0.629994522921661,3.31874403391696,45.6287857904177,45.1774119162538,-0.98923051828983,0.294337733535732,0.287317066841627,-2.38524181380664,0.147968931241308,0.139996451552145,-5.38794165929443,0.297560083452665,0.290749067991815,-2.28895468162915
"BEL",2010,"EU-SILC",5912,3.9551658299746,0.480047444002093,220.370046303977,44,0.5274865115141,3.31636584794308,54.7411839668626,54.0881883066967,-1.19287821863913,0.285311325194829,0.276703976536399,-3.01682684784842,0.145723492681753,0.135477058449008,-7.03142234939577,0.287396367494362,0.278953156584697,-2.9378279841447
"PRT",2008,"EU-SILC",4077,3.26885582974772,0.629765923155541,173.843174915183,33,0.429889223365615,3.31546284049484,31.5406479551671,31.2422625670792,-0.946034426787901,0.367501832588022,0.36148026507213,-1.6385136023642,0.231498917390755,0.223275156747515,-3.55239702022402,0.380085928080405,0.374236233493655,-1.53904529333482
"PRY",2020,"EPH",4581,2.59109792359559,0.801224348652948,147.639127655785,30,0.306653888134301,3.3130310443869,17.2041008052428,17.0868647300215,-0.681442619689554,0.43481944000856,0.430952255930845,-0.889376996952784,0.324092060969829,0.31790229128829,-1.90988007019265,0.459067645344521,0.455374942326738,-0.804391913747615
"GEO",2001,"HIS",9848,1.32703021858018,0.721649804323369,32.8509160882292,42,0.285844308426523,3.31264794190551,4.57770177288489,4.51996110322302,-1.26134625029273,0.395741323981425,0.388034492005965,-1.94744180312622,0.283154167167992,0.271466300641263,-4.1277395433121,0.481141485146877,0.474540572678336,-1.37192752492049
"SEN",2005,"ESPS-I",13555,1.05191171710327,0.663276819583774,20.9416955890768,83,0.393006925132483,3.31137283762066,3.31562678787442,3.2881363369291,-0.829117771814603,0.39222281875932,0.38715937243677,-1.29096168819728,0.26247550632017,0.255180896631657,-2.77915825014747,0.430424655940718,0.425706612291086,-1.09613693930268
"NLD",2015,"EU-SILC",9272,4.04538377551376,0.467681452404408,232.392588359107,81,0.524582902019554,3.30142739300436,54.6172755385198,54.033217626671,-1.06936478630626,0.286314187115905,0.278623653749268,-2.68604690675861,0.142737609430169,0.133653825236976,-6.36397388849153,0.269312024291309,0.26157565252211,-2.87264253779848
"POL",2005,"HBS",34739,2.60952179879984,0.590058883020278,79.8139617049304,192,0.398894651686692,3.29725356052246,14.8255807189774,14.655117355393,-1.14979215192685,0.344925793016454,0.33732456362792,-2.20372890123985,0.197620930784557,0.187472650798276,-5.13522527497068,0.311486633209848,0.303570708254132,-2.54133696657961
"ZMB",1998,"LCMS-II",15093,1.11723449636448,0.917561542836687,47.9385088911166,67,0.155215059971696,3.29639649230298,3.58365309220197,3.5399294626992,-1.22008543734081,0.491337762494451,0.485062384254614,-1.27720251095269,0.424308471040752,0.412610241232956,-2.75701066705145,0.549394439612671,0.543835168047755,-1.01189075900281
"CHE",2009,"EU-SILC",7337,4.24821149731242,0.586032350524732,405.981888453648,39,0.370611321538329,3.29289219306138,74.2669833603791,73.3260665052874,-1.26693829817482,0.337946999356779,0.329470032773003,-2.50837160853941,0.196896951650502,0.185608080965896,-5.73339027850704,0.350037488428441,0.341778753806264,-2.35938575015379
"SLV",2005,"EHPM",14879,2.01895509995971,0.883258934837608,106.562525254751,47,0.197417291860403,3.28429011994972,9.9599181633735,9.84317840667473,-1.17209554118691,0.483731125468501,0.477618347247232,-1.26367270978259,0.433680368580541,0.422623962962489,-2.54943650187358,0.622993474027462,0.618529496947681,-0.716536732066009
"IRL",2019,"EU-SILC",3555,3.89689860120644,0.540260283999191,249.0564190189,26,0.402761110145278,3.28421174820826,54.052601863034,53.2805023605646,-1.42842245490024,0.306029268381005,0.296002200578385,-3.27650615108366,0.156238814951438,0.143854312691425,-7.92664887010412,0.259480148941002,0.248921122971829,-4.06930010340553
"BEN",2021,"EHCVM",8028,1.52039135074012,0.604780789352168,28.0709074734976,60,0.410613417484825,3.27514249008007,5.01779231286335,4.96871537725672,-0.978058328177855,0.343958073707712,0.337498764763698,-1.87793496875498,0.195706640605557,0.187176448019671,-4.35866282283086,0.307537544120786,0.300786705169712,-2.19512676748892
"GRC",2009,"EU-SILC",4800,3.61752679258581,0.605039155846111,228.753329702031,34,0.408994525348677,3.26264093615548,40.8146262233872,40.4185801153182,-0.970353387291412,0.334685972285031,0.328185748967304,-1.94218576695842,0.198691247655707,0.190214423584083,-4.26632988198498,0.393684574808015,0.387809303441023,-1.49238038342153
"ECU",2013,"ENEMDU",19250,2.43332868399059,0.869688678236354,154.840370531047,49,0.186180965319291,3.26140797842808,15.3143159737464,15.1031369472956,-1.37896479877265,0.468110494980044,0.460684866882807,-1.58629814474743,0.386072537102478,0.373045413035442,-3.37426851565421,0.532988640214906,0.526471878071219,-1.22268312155019
"SLB",2012,"HIES",4362,1.29684640475119,0.665758845061178,26.9537636302988,40,0.327113437281883,3.25633227498059,4.02413283748621,3.98126308379895,-1.06531656430188,0.370549269884039,0.363784850381743,-1.82551149120121,0.229349858963047,0.219690329792171,-4.21170050618266,0.348264712469248,0.341297140030806,-2.00065415443357
"MDA",2013,"HBS",5081,2.31359876226215,0.470825414623778,41.515838545854,45,0.641466165744267,3.25521948381471,11.7218735007321,11.6066108483648,-0.98331254265861,0.285341589040845,0.278268801737453,-2.47870887912496,0.133085477691962,0.125140554291554,-5.96978989608281,0.223629584439409,0.216169803454916,-3.33577554293326
"MYS",2022,"HIS",73950,3.30430230360923,0.758109730276044,264.709101920065,264,0.275690751893349,3.23844039367363,34.7404944927505,34.3452227995489,-1.13778372752904,0.40668426975445,0.399868977124209,-1.67581909041039,0.27938238062575,0.268924899819785,-3.74307097768427,0.408021495729589,0.401242541623527,-1.66142082635652
"SLV",2019,"EHPM",20182,2.34729721558483,0.693399250044471,83.7214289569129,102,0.358111035907794,3.23423199831706,12.9517262931619,12.8326530935685,-0.919361611713077,0.38778763910127,0.382121322718224,-1.46119056197318,0.254650267641106,0.246439527693166,-3.22432017213199,0.387904847098093,0.382272165707792,-1.45207811463034
"LVA",2016,"EU-SILC",5945,2.97218135822237,0.577454828954439,110.44811300212,41,0.506690844352459,3.23348614717725,25.5981170085287,25.3300359174615,-1.04726879316116,0.341262455364788,0.334313109403403,-2.03636405122745,0.209316643248098,0.200461384046499,-4.23055666486253,0.460564908177404,0.454941611508904,-1.2209563882652
"ISL",2013,"EU-SILC",3009,3.84241746940677,0.41743166681325,163.156925343571,21,0.632944031916678,3.22544116833365,48.7299518419182,48.1908879355207,-1.10622704521904,0.267694247209342,0.259524311308091,-3.05196543684465,0.124425981398668,0.115343345848066,-7.29962942506428,0.237920210460454,0.22964600396724,-3.47772325738984
"UKR",2006,"HLCS",10495,2.32202103074141,0.500978254991813,45.8307744050269,69,0.534017414130846,3.22340051810281,10.9730124816767,10.8640526568448,-0.992980050044912,0.297943922613339,0.290927161237965,-2.35506108459215,0.146296141459089,0.138017000871162,-5.65916537876883,0.242143821341229,0.234725828002046,-3.06346587664101
"SWE",2009,"EU-SILC",7472,3.83924875926782,0.438033304000132,173.009874563086,30,0.483922990279502,3.22024390885214,48.1281947755325,47.4155840732974,-1.48065121818647,0.279451157504875,0.268650611909261,-3.8649135298091,0.149249753145169,0.136704001780465,-8.40587746399909,0.557040578992289,0.550471628079174,-1.17925895542458
"MYS",2004,"HIS",30856,2.53868805275304,0.871993978281684,173.238626429084,84,0.178640239323197,3.21860011882732,16.595553104407,16.3708825093216,-1.35379998287429,0.46416202403088,0.456816436883356,-1.58254806882585,0.374293822557543,0.361356865793709,-3.45636395370787,0.505273296546123,0.49849552386172,-1.34140726033478
"BOL",2002,"EH",4747,2.05030618488118,1.12641035185159,228.043691603556,11,0.133406166678161,3.21789820498272,11.4648970570483,11.4001926877661,-0.564369387358998,0.592842051767964,0.59053606227451,-0.388971984456488,0.751821600031682,0.746408464542264,-0.720002656107532,0.843846429327667,0.84296041185641,-0.104997478269009
"DNK",2010,"EU-SILC",5781,4.01781233843243,0.420822742674843,196.424977881579,34,0.493521435411858,3.21327948707123,55.8027224303737,54.9790243676398,-1.47608938571349,0.26701560125208,0.256062660396845,-4.10198535361783,0.140788578584663,0.128315032504717,-8.85977130058541,0.860711702495738,0.85863396082998,-0.241398096451206
"AZE",2001,"HBS",7818,1.75474792218391,0.646935695737901,40.2679154586484,72,0.366134198334997,3.21077888939612,6.45935362186042,6.39939266882902,-0.928281009859477,0.364549364202902,0.358608840358021,-1.62955265547375,0.218443608969633,0.210164602003406,-3.78999733857059,0.32612474328119,0.319869777106234,-1.91796737408619
"FIN",2019,"EU-SILC",9159,4.04593730126786,0.475508163432943,238.045490405937,79,0.512725914034314,3.21040573647674,57.8554319555073,57.2185587656456,-1.1008010282448,0.273027823525719,0.264961465528557,-2.95440878259134,0.127330169003574,0.118114295941151,-7.23777651010915,0.230934224217019,0.222574964061096,-3.61975804334153
"LVA",2009,"EU-SILC",5571,2.86777125325986,0.646334768083802,122.336513811945,22,0.406414615418305,3.20640879779462,24.061952524381,23.7876214338431,-1.14010319927269,0.371100391444461,0.363865304402296,-1.94963066840315,0.249847336741495,0.239815063068591,-4.01536146182084,0.467913860397828,0.461835385208924,-1.299058588206
"IRL",2021,"EU-SILC",4053,4.04076774130449,0.521558309660386,271.902261849589,34,0.448992078667,3.19403215573557,58.0332113413288,57.4004315275019,-1.09037531992705,0.292116004847016,0.284328803613641,-2.66579068047061,0.14657589400318,0.137083116387771,-6.47635662055208,0.399667886131319,0.393131323325762,-1.63549863083289
"BEL",2019,"EU-SILC",6689,4.03015977896764,0.446275428516447,214.645121027981,62,0.486365464323591,3.19171776160786,57.0246706429724,56.248563841098,-1.36100181399313,0.271929686914124,0.261906923185727,-3.68579239807763,0.130563550107557,0.11885982065746,-8.96400981779001,0.327960386314357,0.318857736263714,-2.77553339686514
"MDA",2019,"HBS",4408,2.36278008387909,0.412565939514843,36.6157290086334,40,0.859557550122139,3.18742174327065,12.118137188483,12.0466143120839,-0.59021345679332,0.260166466680771,0.255800726966109,-1.67805627310873,0.10901171439748,0.104727329909537,-3.93020558535763,0.187847577864981,0.183333843102309,-2.40287088818144
"BEL",2022,"EU-SILC",6647,4.07033365634196,0.43136277661323,213.667696099995,64,0.537214855538695,3.18470077420212,61.079386026022,60.2820449513099,-1.30541763201824,0.265695340843859,0.256012018426642,-3.64452097144913,0.124229467061378,0.113415869113512,-8.70453540827301,0.281611394260078,0.272354653856353,-3.28706174267063
"LTU",1999,"HBS",8248,2.37256935719241,0.545759478326973,55.1384774169152,46,0.442568918887923,3.18131036097845,12.111882318155,11.9705915144533,-1.16654703199925,0.320152379857689,0.312146366753187,-2.50068829975928,0.173011369382973,0.162844386395377,-5.87648258253524,0.285600390718282,0.277294323440157,-2.90828288337943
"EST",2008,"EU-SILC",4534,3.01121625026658,0.510078715054234,93.8269750753372,18,0.63841273654283,3.18122981148638,25.9123433778724,25.6870155446747,-0.869577212341943,0.31102465662693,0.305010029480824,-1.93381039668526,0.16983753582435,0.162946171264711,-4.05762161243679,0.443516193066716,0.438762423559872,-1.07183674038465
"ECU",2020,"ENEMDU",8064,2.61868685893071,0.873887190659372,188.735852354908,15,0.169824248069654,3.17789377507754,13.6835024458406,13.5691745155013,-0.83551657035098,0.472863694364479,0.468430907682519,-0.937434346258692,0.405916256657235,0.397999836489937,-1.95025945314184,0.565980856504996,0.562329342232252,-0.645165685513172
"MYS",2012,"HIS",38405,2.87442305206627,0.85151763669293,227.915731544046,113,0.20172060492022,3.17715183100173,23.1699086389514,22.8935184547665,-1.19288422104623,0.439435967503392,0.432680221028356,-1.53736766551397,0.33044627381806,0.31927409845871,-3.38093549376853,0.461116950821689,0.454629456634173,-1.40690863260514
"LVA",2019,"EU-SILC",5223,3.14680354361822,0.629183143651482,153.600177232859,26,0.514355083978984,3.1721405820022,31.7148399203692,31.4988509333361,-0.681034454455531,0.350737011211535,0.34630164582313,-1.26458435996942,0.216398214013988,0.210693889712413,-2.63603113711739,0.403992873362861,0.399974887444083,-0.994568514373184
"SLV",2001,"EHPM",11208,1.97123560132021,0.979217518154424,135.488688317517,28,0.137075858969596,3.15533895890871,10.2118787942859,10.0753816875711,-1.33665028213165,0.511957092622227,0.505354188285168,-1.28973783784093,0.506899722639616,0.494086634977087,-2.52773617547191,0.697771017092802,0.693679745679911,-0.586334386592358
"FIN",2022,"EU-SILC",8696,4.09941827850084,0.477031290449632,252.273079563657,69,0.4506460291602,3.14916973352637,60.0401172558779,59.2862106709758,-1.25567140665147,0.277002590902153,0.267833002694778,-3.31028968989469,0.130134449924624,0.119369079497194,-8.27249850724789,0.225521782802852,0.215869425407584,-4.28001112589016
"DOM",2000,"ENFT",4060,2.39830145254577,0.959820591263667,195.931131254906,14,0.116356899035113,3.1447444059593,13.9758992675137,13.7643723456886,-1.51351206656662,0.514086908870523,0.506626261931592,-1.45124235031044,0.477465382018659,0.46279764014176,-3.07200111867513,0.616308052124565,0.610415765152953,-0.956061980903844
"SWE",2016,"EU-SILC",5753,3.98507064368002,0.461029627241138,214.467781738945,22,0.394955932112918,3.14462417309264,55.1715536585861,54.2836688720163,-1.60931626479861,0.29165271659951,0.280082554527622,-3.96710245211813,0.166209046584572,0.151742185032095,-8.70401572583174,0.778216082825403,0.774602692840435,-0.46431705341391
"MHL",2019,"HIES",873,2.14075324609064,0.616418396271733,54.0553453131514,5,0.485900010350511,3.12888156852495,11.5619952200544,11.462889011132,-0.857172201131084,0.354829428339533,0.349265830285305,-1.5679641004591,0.209064046898872,0.201707062837051,-3.51900968672043,0.331239407138937,0.325546293659989,-1.71873072957172
"VNM",2014,"VHLSS",9393,2.13372955182374,0.607977247170971,52.3347869985435,48,0.429607467171297,3.12172540345966,10.4775268309181,10.3752813670569,-0.975854946602661,0.347553754966389,0.341143368352492,-1.84443025641227,0.205396315080337,0.196986086727669,-4.09463448717587,0.333324383514035,0.326851020182369,-1.94206114278863
"CHE",2010,"EU-SILC",7488,4.243380679065,0.568744947935277,383.605823039086,38,0.362786075170565,3.1216094366787,73.9532861491692,73.036421899532,-1.23978838180069,0.328558562893792,0.320145959958657,-2.56045767337191,0.185117222310314,0.174050520638616,-5.97821290400893,0.320344166086902,0.31190244500205,-2.63520362738942
"TUR",2014,"HICES",10079,2.85276911633348,0.704698860370362,143.576170240691,51,0.331798287217323,3.118698727381,20.6372967990537,20.4700649601266,-0.81033790692373,0.412365629295536,0.407575674882393,-1.16157945106268,0.288195164410685,0.280896657920456,-2.53248749164604,0.422395575380813,0.417708695915108,-1.10959482979421
"ETH",2004,"HICES",21287,1.19865741786562,0.609317201243689,20.6271675822719,307,0.233100752825237,3.11868559671807,3.12298295043025,3.07366901388802,-1.57906518623282,0.298068529745589,0.286816285011965,-3.77505291928277,0.149856992490211,0.135000821936798,-9.91356513069206,0.22903263220504,0.216725228452838,-5.37364638117758
"BTN",2012,"BLSS",8964,2.24103790211581,0.678646459208144,72.0224070580589,71,0.274820597452193,3.11810560484914,9.90516714746085,9.7942459848426,-1.11983130589248,0.388093270506063,0.381178184036713,-1.78181045508291,0.249460125736009,0.239266329912703,-4.08634277451364,0.364186969186888,0.357031160230494,-1.964872321591
"BGR",2003,"MTHS",3023,2.23183510049644,0.481122653705502,39.4566681784587,20,0.514201766125597,3.11740628286531,10.0433540803212,9.93314881383884,-1.09729544135388,0.289179043428969,0.281320702533816,-2.71746555420221,0.142875241922316,0.13380480651532,-6.34850047143021,0.247786647502466,0.239656785632912,-3.28099272156027
"PRT",2010,"EU-SILC",4795,3.30595212589768,0.602636677382798,166.31143715146,37,0.485984797286958,3.11612619946561,31.9568009771374,31.7692350300832,-0.586935930127364,0.349074152435659,0.345242448174034,-1.09767630599088,0.208861305235575,0.203873637759825,-2.38802849102419,0.35514735385939,0.351399837540051,-1.05520040586384
"FIN",2021,"EU-SILC",8974,4.07926901096727,0.476277712876289,246.682516018792,74,0.498551429922098,3.11511462403531,58.837072382591,58.2340693474261,-1.0248692036269,0.270741178552147,0.263209266919436,-2.78196012626868,0.123356630949204,0.114608384186334,-7.09183340656592,0.211976980878778,0.203993345077865,-3.7662748888186
"BFA",2021,"EHCVM",7174,1.36320598751355,0.674756785774594,29.5911800261305,57,0.315394994118568,3.11348711587833,4.13669324836081,4.10122693755272,-0.857358974396938,0.373912860630156,0.368514738643127,-1.44368449320822,0.228788854981778,0.221129732142572,-3.34768179149986,0.334954461517527,0.329251836333193,-1.70250760610806
"BEN",2011,"EMICOV",17966,0.898970403320227,0.750791809501409,23.367492142676,140,0.303171687018519,3.10772749143933,2.99576225254111,2.9735057455836,-0.742933019422098,0.434397070712477,0.430175535312594,-0.971814886541211,0.310542705023995,0.303845339441062,-2.15666492066389,0.421319573133639,0.417015388025065,-1.02159628534714
"CRI",2014,"ENAHO",10694,2.78900566846205,0.877675656946862,226.338720224031,30,0.261367861595328,3.10757618440053,24.9073247946951,24.7248873742156,-0.732464935448662,0.485710008863971,0.481924445041539,-0.779387649697849,0.419262507782343,0.41255125701799,-1.6007276204715,0.581668238078678,0.578591637799886,-0.528926985759848
"POL",2007,"HBS",37336,2.7313211545112,0.56740872128047,84.2296770649333,213,0.416324112286441,3.10560600526125,16.7567445864222,16.5870145755823,-1.01290563906683,0.335089388956273,0.328303022107547,-2.02524074840577,0.185467955414095,0.17665514470788,-4.75166218689334,0.294614460020908,0.287499604671453,-2.41497153566391
"FRA",2012,"EU-SILC",7930,3.98412087067115,0.640878916896194,367.512606460981,45,0.261397469989371,3.10530651424144,58.4079722490706,57.5548943371649,-1.46055046778191,0.332947504629866,0.323071314029944,-2.96629062016882,0.189952224997987,0.176370930923951,-7.14984732302008,0.307489442637873,0.297282182533847,-3.31954814983585
"DOM",2002,"ENFT",4111,2.34857261720736,0.898593382932305,155.1438523201,23,0.183590725323413,3.10522982924682,13.0293232323948,12.9095625246026,-0.919162919332528,0.495796620629555,0.491126883615312,-0.941865438355194,0.446025342357497,0.437356677991487,-1.9435362843266,0.595967196473945,0.59222507418047,-0.627907427726759
"FRA",2011,"EU-SILC",7691,3.97346659901071,0.64613629440533,369.398306105984,40,0.272990707756154,3.10244060296233,58.1091453993428,57.3147667287171,-1.36704586716334,0.337154177327046,0.32798179372346,-2.7205309085313,0.195187082584171,0.18268554443017,-6.40490035943323,0.348455354971292,0.339483551649853,-2.57473538387089
"FRA",2018,"EU-SILC",7212,4.00578076118141,0.604644458714377,336.875739664206,39,0.276617909315867,3.10243219608522,58.6151102193941,57.7284747962282,-1.51263969281503,0.316304325642726,0.305812376893386,-3.3170424489202,0.172009362135177,0.15772326631841,-8.30541758857276,0.280439718175831,0.269449392081544,-3.9189620378224
"POL",2019,"HBS",35880,2.99853686018677,0.504086717896289,90.9943133473383,248,0.458806245497346,3.09313518066502,20.4992946913296,20.2827113881289,-1.05654026863815,0.302394723747369,0.294965846521628,-2.45668215823351,0.150102130496446,0.141067129059249,-6.01923597440907,0.244471493556853,0.236558470014952,-3.23678782616876
"MNG",2016,"HSES",16444,2.13573947671236,0.547883125921803,43.7892719388193,92,0.427262884208753,3.09041113313402,9.27548961375807,9.17593415634161,-1.0733175450791,0.323457328230657,0.316136519695088,-2.26329963696119,0.172810722864725,0.163555083605081,-5.35594036423837,0.2781497109436,0.270444803549623,-2.77005766708837
"LVA",2020,"EU-SILC",6030,3.2659474924665,0.622522089224168,169.612048266022,32,0.457276715598314,3.08719818111797,32.9435385536851,32.7021026342297,-0.732877917962371,0.344635224017557,0.339813916896275,-1.39895947520349,0.209247482893728,0.203014312762981,-2.9788507104348,0.400300099287816,0.395937660905753,-1.08979198102237
"KEN",2015,"IHBS",21759,1.23811768739038,0.73084900987968,30.8971738028384,66,0.252110405126868,3.07724298594636,4.24611129216039,4.193343120294,-1.24274113972989,0.407757725294002,0.40031574211086,-1.82509924926035,0.279792976212087,0.268172438901402,-4.15326269730099,0.409740394365524,0.402343825043616,-1.80518431270649
"URY",1989,"ENH",5356,3.01869719312015,0.843884101851978,257.32747580353,18,0.121021699375608,3.07188898020163,21.6193069566133,21.2666079327949,-1.63140763265998,0.423599426830537,0.414051971699709,-2.25388764150714,0.315651115019684,0.300020802276989,-4.95176858213247,0.468183118823378,0.459376436015318,-1.88103382073938
"HUN",2016,"EU-SILC",6902,3.02283862680703,0.491389106721208,89.7480183061814,33,0.56377831735868,3.07099996020066,22.0535669520036,21.8822817871541,-0.776677828227446,0.303698756087928,0.298270006748937,-1.78754414700953,0.16669921584311,0.160359660915098,-3.80299025160272,0.35502073852722,0.350093705946042,-1.38781542780227
"GRC",2010,"EU-SILC",4788,3.62196496334816,0.603678848189217,228.835065923077,35,0.43229414730792,3.06703084911081,41.5622246593825,41.2767390044762,-0.68688732916965,0.332918731598376,0.328325041063794,-1.37982339189128,0.194287298699177,0.188451136601432,-3.00388246520497,0.344675839925894,0.340214701111443,-1.29429983122974
"FRA",2017,"EU-SILC",7321,4.01448170135123,0.605309125571719,340.497940824584,33,0.332961044019415,3.06520080346394,58.9697030065185,58.2958886947965,-1.14264491318105,0.318987310163776,0.311127288687557,-2.46405459583445,0.175095969437206,0.164484028025186,-6.06064288408761,0.325609602152915,0.317869476510586,-2.37711836234308
"PSE",2007,"PECS",1230,2.42513041338846,0.640305182008864,77.1727148069792,10,0.347608783870028,3.06281797927717,12.3623468126916,12.2519697672719,-0.892848640246635,0.356060773160574,0.350267803427085,-1.62696094884796,0.214357562042294,0.206272994990968,-3.77153340162125,0.34107485746448,0.335181978472311,-1.72773772771655
"CHE",2011,"EU-SILC",7475,4.24617364926501,0.567575606509308,383.331622176921,39,0.352147260290645,3.06239412327512,74.2321982475456,73.3088075761586,-1.24392203543238,0.325530303862582,0.317052378860327,-2.60434279133459,0.183790652630394,0.172768296025276,-5.99723459673682,0.336369560997052,0.328101186234511,-2.45812217313367
"BLR",2014,"HHS",5539,2.86788006679897,0.450023102232344,67.894115968401,32,0.587341280189263,3.0621594693598,18.9182502523056,18.7377134306694,-0.954299785806934,0.271766667946032,0.264776272937532,-2.57220470094152,0.122696444291278,0.11504034565444,-6.23987001502928,0.209903577535094,0.202551525942001,-3.50258517716961
"FIN",2006,"EU-SILC",10178,3.83912809306238,0.495799115435376,205.721937575084,65,0.354401013013791,3.05952883991033,49.6212212235167,48.8321262802252,-1.59023684591934,0.276195936940735,0.264521673541353,-4.22680490114786,0.131387268996061,0.117377257201382,-10.6631425569085,0.549444150735257,0.542227533370329,-1.31343965629084
"POL",1999,"HBS",31406,2.61499347004357,0.557369263467763,72.7552639726888,199,0.419920403272086,3.05782297612301,14.413348683037,14.2781281932542,-0.938161510947022,0.325903704150213,0.319536279386863,-1.95377489800335,0.175175929940834,0.167064375764192,-4.63051869020045,0.280754448747811,0.274046431881243,-2.3892824838525
"PER",2009,"ENAHO",21080,1.98689444148233,0.910802641899732,112.090027702882,59,0.185939700093703,3.05751869517298,11.1434619719439,11.0111684002079,-1.18718556288043,0.470026512190416,0.463669733480868,-1.35242981931465,0.401718597264367,0.390564224839309,-2.77666319185049,0.561022708731134,0.555759809879421,-0.938090164588057
"GEO",2011,"HIS",11219,1.66129112389137,0.715149087056635,45.0034154176983,52,0.254009304016639,3.05558391959739,6.30280973575959,6.22453495727711,-1.24190292526802,0.395957156778253,0.388368303621614,-1.91658441493671,0.278877503317076,0.267150003397408,-4.20525133084475,0.450225284029802,0.443334951540262,-1.53041882229874
"PRT",2022,"EU-SILC",11564,3.47143518001365,0.606214067398616,198.358774255734,75,0.419594569128656,3.05255735732305,36.5495354496894,36.2661425604198,-0.775366597093297,0.345920350971322,0.340823275449276,-1.4734824093851,0.207064990839436,0.200349633591585,-3.24311571001339,0.377783778016174,0.372982785200425,-1.2708308548769
"AGO",2000,"HBS",10034,1.61601626256571,1.06092142837889,121.362331671072,28,0.119199543902622,3.04977990516855,7.38826045787436,7.3075981209101,-1.09176358121337,0.519568924599588,0.514270051862959,-1.0198594422698,0.512576460351133,0.50198061099759,-2.06717439702249,0.668264009482556,0.664604094481862,-0.547675012982884
"GEO",2013,"HIS",11100,1.8097271822452,0.689869896565598,48.3921142602949,47,0.334520651068759,3.04674923015976,7.42547406298513,7.36112010482489,-0.866664641400217,0.385890191338829,0.380532836731513,-1.38831064576419,0.255900131780072,0.248149605580512,-3.02873083559869,0.399798450119765,0.39459181025192,-1.30231617113205
"IRL",2022,"EU-SILC",4036,4.16368970842013,0.574349269831773,360.228127377679,45,0.266897960808405,3.04092400154432,59.1582283245212,58.3207130867417,-1.41572062162698,0.301089898339764,0.291068606473038,-3.3283387858523,0.155434989883826,0.14249304707342,-8.32627378177773,0.293312505569154,0.283239125684897,-3.43435063046837
"NER",2021,"EHCVM",6622,1.00819991959233,0.618468539809305,17.524598788988,98,0.339425086879067,3.04021466104783,2.68993486647389,2.66763795695544,-0.828901465100318,0.328625637930683,0.3230278660664,-1.70338866423548,0.1762469162622,0.168891345502018,-4.17344650117981,0.264514413779107,0.258431735130421,-2.29956415674416
"CIV",1995,"ENV",1000,1.41422453821473,0.716222048084375,35.2649898369004,6,0.313894273615353,3.0343273014475,4.50344814015891,4.47749356742461,-0.576326670731642,0.405638204947308,0.402206019851194,-0.846119782173749,0.271666842899087,0.266532264102284,-1.89002777888134,0.385937847045988,0.382405978161453,-0.915139292911638
"VNM",2006,"VHLSS",9187,1.38448234854048,0.619553382943341,25.6140876094204,43,0.449515602013254,3.03025672012251,5.05398775694777,5.01597827342638,-0.752069164970526,0.357886155794806,0.35303168357827,-1.35642917110195,0.21163456470692,0.205106826950096,-3.08443838834366,0.330668042070783,0.325665954596989,-1.51272177452296
"SRB",2003,"HBS",3708,2.54087554704613,0.562754695474487,68.6581355932274,23,0.473673604040471,3.02822413158111,14.6339174346174,14.5159850807981,-0.805883690038667,0.328289770346744,0.322852360105711,-1.65628378712197,0.181239245721179,0.174487797964896,-3.72515772145159,0.302804280318704,0.297253008184114,-1.83328720741587
"LTU",1998,"HBS",8264,2.37924921883948,0.554644702369251,57.0075278094659,47,0.466925081192513,3.02778841441738,12.2660618271857,12.1608538737871,-0.857715825020822,0.321031180314925,0.315173521609489,-1.82463855993336,0.172728754014901,0.165407133954369,-4.23879631523376,0.285981416445469,0.279914761994899,-2.12134568951153
"MDA",2006,"HBS",5739,2.11743888718039,0.611202836115689,51.9897922032394,36,0.427913959999165,3.02354415528142,9.72703502062513,9.65540540038906,-0.736397268892186,0.354009266065328,0.349232177660935,-1.34942467961033,0.211954343563691,0.205642669966949,-2.9778458372786,0.362050073020434,0.357384768982218,-1.28857978104939
"NOR",2020,"EU-SILC",6016,4.28596814569031,0.448522897441132,279.090705419043,39,0.456029540745839,3.01901015310791,74.0951204093693,73.1309172634397,-1.30130451317504,0.277068870440919,0.267563169408449,-3.43080802160933,0.143597254163238,0.132616253234009,-7.64708280336994,0.940770754331665,0.939991241534287,-0.0828589530221913
"ITA",2004,"EU-SILC",20050,3.82569081599793,0.594262471703813,272.728891711394,97,0.333004475442853,3.01876315001582,47.7853650295082,47.2510374541215,-1.11818247083966,0.347025779695516,0.339657959627956,-2.12313335165599,0.222387661113381,0.212444316362558,-4.47117645873029,0.543893684057304,0.538770925482036,-0.941867634323867
"IRL",2009,"EU-SILC",5138,3.73473317133457,0.498290107149281,186.718753507031,54,0.501921456063123,3.01471356917563,46.4656437604798,46.0020191793732,-0.997779313026348,0.308557612829178,0.301611584527573,-2.25112848064799,0.164245989524815,0.155950145753057,-5.05086534883333,0.405218507023723,0.399340030573409,-1.45069298376586
"FIN",2009,"EU-SILC",9546,3.91473736381815,0.502096655783038,226.111294402911,87,0.431182308914316,3.01288848491489,52.8606378982921,52.2429577259244,-1.16850684540762,0.278294388053016,0.269777814268359,-3.06027507210629,0.132752910185299,0.122569399841756,-7.6710260658906,0.237667925722299,0.228806137897988,-3.7286427259294
"GEO",2014,"HIS",11160,1.87687789604369,0.659396698119927,47.2318281431603,50,0.321031823033232,3.01196676238425,7.75635091811424,7.67436140542666,-1.05706296109034,0.375541343878186,0.368883495551604,-1.77286693865114,0.241417234013832,0.231906960186759,-3.9393516647318,0.381176866026688,0.374618121884415,-1.72065640043693
"BRA",1984,"PNAD",46372,1.69239467127868,1.0607211872609,130.916305938565,248,0.120592777441196,3.00779022797194,7.31766868715061,7.25544417291785,-0.850332488296623,0.578181429816921,0.574568362384156,-0.624902019753382,0.611466737125963,0.603273447293226,-1.33994039827032,0.719866794168841,0.717465503046275,-0.333574369871836
"DNK",2006,"EU-SILC",5661,3.95632670034381,0.408647713322568,178.08658067341,45,0.587344691976276,3.00740888243353,52.948853653293,52.4024472040845,-1.03195142388991,0.2513500992337,0.243575041433394,-3.09331797521069,0.113619227779193,0.105445377495881,-7.19407308347229,0.310344812229943,0.30339279343701,-2.24009505523224
"THA",2009,"SES",41512,2.42808680264223,0.700393783520373,92.6907008609929,197,0.274601498359133,2.99888545004174,13.3423251628308,13.1967341682292,-1.09119657049814,0.396012638252462,0.389361350080912,-1.67956462220534,0.258540254277617,0.248586110523584,-3.85013304092431,0.375100844227335,0.368248952622775,-1.82667986756303
"MNG",2011,"HSES",11206,2.09799237077971,0.595903968018416,48.7012294346686,67,0.369767973600685,2.99729300038256,9.3437791757835,9.24380028577573,-1.07000484629265,0.338835074719622,0.3317003431553,-2.10566499652552,0.188444338486203,0.179003137141101,-5.01007428556552,0.295704844311309,0.288181360438953,-2.54425452172666
"URY",2008,"ECH",44389,2.94215085781626,0.804310462715843,211.681385576538,191,0.203180035555674,2.99436902340811,22.6409542321288,22.3930948264771,-1.09473921951574,0.450725468129604,0.44465550180494,-1.34671030457905,0.34753831699296,0.337306655866687,-2.94403829045448,0.477027894342608,0.471256285874591,-1.20991005693095
"SWE",2019,"EU-SILC",5567,4.02640603475224,0.481374811062057,237.586191196185,16,0.245477836854619,2.99430207839823,56.836729408889,55.7180874817187,-1.96816730801425,0.296647046178203,0.282538898176756,-4.75587004260009,0.17069177917381,0.152416437693301,-10.7066324863245,0.43822158599522,0.427011996473892,-2.55797292501466
"BRA",1983,"PNAD",40660,1.66832421492971,1.09786838010546,142.869175552331,193,0.0955705525844701,2.99380556564202,7.37621075475355,7.29192220719249,-1.14270796162838,0.583689934842818,0.578882284046172,-0.823665187569167,0.625562762559628,0.614450008225023,-1.77644115022673,0.718918020617005,0.715670080114764,-0.451781762189385
"NLD",2005,"EU-SILC",8814,3.93470833936249,0.494939525048607,225.772287639307,31,0.35970178823373,2.98786104807716,51.457844047785,50.7324621252757,-1.40966248379093,0.298000259598948,0.287978464358428,-3.36301560743864,0.160994908602562,0.148449972426741,-7.79213223865971,0.340161518371212,0.330833095013042,-2.74235116389331
"BLZ",1996,"SLC",602,1.94524350032174,1.21212779591123,265.503198596919,1,0.0206768721800069,2.98065634538819,8.27066358817933,8.07904128614027,-2.316891504485,0.563763601999623,0.553421656914761,-1.83444710658519,0.593165474247874,0.570034501408317,-3.89958179357738,0.768650916751932,0.763163950408221,-0.713843725952601
"MNE",2014,"HBS",1290,2.77376008618852,0.551008914998114,83.6621639080072,7,0.513568389873704,2.9775487569406,17.056917827155,16.978702210536,-0.458556565796797,0.319265220617018,0.31614670302684,-0.976779614187573,0.166317637122791,0.162554279477812,-2.26275319327695,0.268655255321807,0.265368253418801,-1.22350180683015
"HUN",2007,"HBS",8545,2.83459678517659,0.517483627367994,80.402692729181,66,0.465226090896639,2.97206869962612,18.1605322466375,17.9948430564093,-0.912358668666746,0.311550913587443,0.305231079048358,-2.02850778587487,0.161852212712222,0.154165654877149,-4.74912125467189,0.26755283073663,0.260948077877154,-2.46857894991841
"KGZ",2008,"KIHS",19760,1.79841991322131,0.556230620440719,32.0440581980643,121,0.433718472980189,2.97185019976635,6.42883038359132,6.37675617489145,-0.810010617682233,0.314506847060479,0.308925397246388,-1.7746671865042,0.163354614455919,0.156430272953279,-4.23884046722657,0.266303028910965,0.260415910511558,-2.21068398038223
"HND",1992,"EPHPM",1821,1.63475547484722,1.07259081550701,128.063716006483,7,0.0907484537290078,2.96736622463804,6.0804652707938,6.01625144011121,-1.05606771559122,0.516993333098851,0.511842669499743,-0.996272731069014,0.476584229435713,0.466308325375149,-2.1561569657331,0.596531966105599,0.592227594231304,-0.721566004651242
"GEO",2007,"HIS",10997,1.57738212075772,0.693010214474007,38.7221878103944,42,0.275923288477381,2.95843727633954,5.71050045051674,5.64840241049994,-1.08743604093715,0.381130823286917,0.374336753216741,-1.78260839980948,0.254445731754384,0.244458846763032,-3.92495677663485,0.419927726450371,0.41358399552186,-1.51067208210667
"SVK",2010,"EU-SILC",5365,3.1163510301661,0.400211603507299,74.9623389952185,28,0.511368903452589,2.95520559870264,23.1637438998777,22.8625417342017,-1.30031728453731,0.272309808972538,0.262739697441383,-3.51442041961831,0.139976856637003,0.128848433280492,-7.95018806956805,0.295549628350906,0.286462636526198,-3.07460776567762
"IRN",2021,"HEIS",37938,2.28020478261054,0.613275833565018,61.5612296323376,137,0.467504226981138,2.95209698671517,12.8908450407346,12.7980961434377,-0.719494315569069,0.354687289921539,0.350026996690363,-1.31391605044718,0.211413216033951,0.205371482124991,-2.85778440075866,0.341682846206195,0.336999757183468,-1.37059529757626
"POL",2011,"HBS",37343,2.8461653822228,0.551633774827971,90.113204410004,238,0.409119950203544,2.9510468536849,18.1724503348786,18.0048439080428,-0.922310551121275,0.327763434486743,0.321522013191945,-1.9042457571792,0.177794584822112,0.169835482098561,-4.4765720685556,0.286542217104483,0.28000430825657,-2.28165640441376
"PER",2012,"ENAHO",24256,2.18253731223719,0.866433437027248,119.323420198407,56,0.21658616802849,2.95054310001948,12.7176628343475,12.6008607344731,-0.918424252912753,0.444370924410215,0.439230399874069,-1.15680938012958,0.360290224406272,0.351784044427639,-2.36092444435607,0.546872084369067,0.542684187372976,-0.765790962053314
"GEO",2012,"HIS",11273,1.73510065590878,0.70283223792022,46.6931451763864,59,0.309847555525644,2.94729561853801,6.76441811897749,6.70972828906435,-0.808492747657186,0.38954767955136,0.384583224104893,-1.27441535582629,0.26272644260818,0.255477928558214,-2.75895870168484,0.414455357959745,0.409716995706678,-1.14327445937535
"SVK",2009,"EU-SILC",5226,3.03289989384874,0.387361290853401,66.3526544266945,46,0.707336977182005,2.93489269953303,21.787547003199,21.6174427368966,-0.780740788659862,0.260015983512109,0.254219532901719,-2.22926703662425,0.124802312996236,0.11887873486991,-4.74636886457762,0.272001914006261,0.266542503025465,-2.00712226630531
"CRI",1991,"EHPM",4035,2.0963419885674,0.898614282330991,120.564494710336,13,0.151174880625736,2.92266110300572,9.59845006425087,9.50018312868696,-1.023779202956,0.453618805259399,0.447973729074008,-1.24445373955848,0.381274875820911,0.371522223038305,-2.55790596262291,0.574684285261121,0.570290748338424,-0.764513148415213
"IND",2017,"CPHS",5020899,1.47942857807082,0.672613933737504,33.0251825915999,44313,0.293982774241772,2.92198527978724,4.67046403767534,4.63108211397791,-0.843212224304712,0.358956119981516,0.353515000956842,-1.5158173163211,0.210374523673292,0.202744086951944,-3.62707260751705,0.304498218195234,0.298628633488567,-1.92762530482309
"THA",2008,"SES",42529,2.38897525230036,0.712132868708913,92.3304378892263,198,0.261188833994873,2.92140912908878,12.9002799335242,12.7645667720134,-1.05201718265099,0.402882739305917,0.396545568184957,-1.57295671983311,0.267045876229574,0.257429974547265,-3.60084260355431,0.382380172040413,0.375851767033333,-1.70730740881355
"POL",2010,"HBS",37369,2.84657630279418,0.563582947252024,93.4405256454263,225,0.398848321380063,2.92100891097119,18.4374545093632,18.271580788214,-0.899656300521479,0.332188336058043,0.326141619411588,-1.82026759825743,0.181981058887661,0.174206666271187,-4.27208889979811,0.290618945775992,0.284276289919996,-2.18246468380103
"FIN",2007,"EU-SILC",9956,3.87168108257641,0.50584526769656,219.031791438361,59,0.346542942561673,2.9200167459168,50.4145547709483,49.7014805444533,-1.41442135060957,0.279669607776105,0.269355229257448,-3.68805842031821,0.13374766293775,0.121351033891419,-9.26866965301683,0.327311148151458,0.317789450211162,-2.90906618795927
"ARG",2003,"EPHC-S2",23455,2.67096891628572,0.967172760453769,263.087637116436,26,0.0625004292309537,2.91837719373398,18.4558734879175,18.081692387593,-2.02743641783958,0.508215093233538,0.498040827571305,-2.00196054735384,0.483819482271813,0.463729812104805,-4.15230698703471,0.64275528744033,0.635364419791672,-1.14987271098006
"HND",1997,"EPHPM",3199,1.79798771278224,1.09342128370867,160.493198368903,10,0.0819260491431736,2.917764685159,8.01575136624776,7.91335634020039,-1.27742268152836,0.526997725745595,0.520881870100443,-1.16050892563151,0.50350921034598,0.491038868082535,-2.47668602822099,0.617897808322896,0.612955541385849,-0.799851831561194
"HND",2007,"EPHPM",19901,2.05603679506736,1.0908490305963,206.145841522992,44,0.093118255788081,2.91740641582245,11.1130161717854,10.9807637370043,-1.19006786939585,0.557847599087363,0.552527790047003,-0.953631251449993,0.583896428445255,0.572347607471576,-1.97788861364172,0.68455705678869,0.680759521421097,-0.554743440292349
"AUT",2014,"EU-SILC",5880,4.14320253332677,0.524371708649353,303.784223806218,35,0.349094447880978,2.91626855064589,63.477787765399,62.6870988629967,-1.24561508873696,0.307315496851839,0.298596704331083,-2.83708195976833,0.172827361553602,0.16188020212443,-6.33415874128048,0.477567753434357,0.471042348024397,-1.36638317035297
"ECU",2008,"ENEMDU",17471,2.14031442459014,0.968906394841529,155.560326649459,42,0.118807324860261,2.91419443992089,12.60931398734,12.4266711228449,-1.44847582254277,0.497400004834129,0.490018800325888,-1.48395746612465,0.454488509541492,0.440476175754065,-3.08309968090578,0.630164029153136,0.624732704796056,-0.8618905722656
"BGR",2010,"EU-SILC",5988,2.77282006989054,0.57277135689014,89.2225794642913,34,0.404124335405555,2.90897673027617,18.1714793317459,18.0034453827302,-0.924712545126216,0.338209526826796,0.332050418801058,-1.82109241082743,0.207757481665411,0.199787694199929,-3.83610130503865,0.374813447227309,0.36906061812583,-1.53485130910745
"GRD",2018,"SLCHB",824,2.90259435476222,0.759309099347691,177.775523910046,5,0.274055194716216,2.90838160298918,21.3091892913141,21.1766398084288,-0.622029684345149,0.438164077893491,0.434657915572694,-0.800193922252568,0.32262568728346,0.317013554563305,-1.73951825330751,0.447877184430387,0.444441046313587,-0.767205438511054
"FIN",2018,"EU-SILC",9374,4.02991925352912,0.476293557975158,234.815459623674,70,0.480426613869677,2.90575187433542,56.9556787190266,56.4288039786206,-0.925060946082679,0.273609291195808,0.266847581319893,-2.47130126552446,0.127918173221849,0.120230222691689,-6.01005340877284,0.483568279836597,0.478826733156929,-0.980533024471808
"BRA",2012,"PNADC-E1",61138,2.54579142254774,1.05605123705395,303.064342275264,241,0.13097334674305,2.9039085476941,19.7518860868425,19.5752428902986,-0.894310526940334,0.533338664117261,0.52913275038862,-0.788600941880468,0.519583570386548,0.511016707780953,-1.64879397537948,0.639488027111484,0.636237565193005,-0.508291286259355
"MNG",2007,"HSES",11170,1.9920436437103,0.620614940447619,47.1761498479591,61,0.349855380925753,2.89831100003995,8.62032352696652,8.5355280407021,-0.983669417965127,0.358218713958204,0.351858566938588,-1.77549267299262,0.210714817282575,0.202063668736912,-4.10561946104743,0.324569064437905,0.317937583673352,-2.04316476557553
"SVK",2016,"EU-SILC",5700,3.15792594721554,0.387133075402751,75.1379061236815,36,0.559444087111378,2.89589808389305,23.0469057219826,22.7998453937713,-1.07198914766093,0.264690237357217,0.256738805254166,-3.00405189947367,0.137331509483628,0.128384099796794,-6.51519066562138,0.315551549849021,0.308318514688895,-2.29218812697549
"GIN",2012,"ELEP",7501,1.29708755850667,0.590670679835008,21.5225150326476,54,0.354513407820782,2.89406002444234,3.86024919930854,3.82483147187848,-0.917498472285394,0.337297045992411,0.331174873460183,-1.81506852934761,0.191085144263952,0.183037803878326,-4.21138985797335,0.309542298913946,0.303225405707782,-2.04072051810941
"FRA",2014,"EU-SILC",7639,3.97020014068049,0.61931536962843,339.728323464131,37,0.307928229563573,2.89387718844182,57.3467140793307,56.7332900140371,-1.06967604882299,0.325040777031929,0.317756329601965,-2.24108725572253,0.180332619152899,0.170669522386814,-5.35848523216538,0.319269682026689,0.31197352351335,-2.28526506714445
"THA",2006,"SES",41313,2.37081629906028,0.74055399346891,98.7388296058037,236,0.264628838517682,2.89139917915052,12.25118949349,12.1582501189909,-0.758615108749561,0.41819033892675,0.413752630887177,-1.06116943087721,0.290174243324089,0.283280500916174,-2.37572512602886,0.409213401038323,0.404722639867868,-1.09741302681198
"GEO",2016,"HIS",10855,1.89848945288719,0.63670843121098,45.0879373639679,49,0.364086380157337,2.8902095772721,7.89079577226422,7.82689427616733,-0.809823216075301,0.366396488541717,0.361235561790637,-1.40856337669076,0.227605198466905,0.220506700825098,-3.11877658753845,0.361046569532681,0.355887221677512,-1.42899788851262
"URY",2009,"ECH",40865,3.02493956188873,0.833500185003524,250.99678164028,127,0.16277472163835,2.88076091213035,24.2883959813045,23.9972646763278,-1.19864360413413,0.4553530229164,0.448753004625896,-1.44942889546081,0.358271779725743,0.346908543237342,-3.17168058759727,0.490936371920865,0.484772844392114,-1.25546361632068
"GRC",2007,"EU-SILC",4174,3.57089226580974,0.61810200576987,227.05636329606,22,0.353078950548298,2.86989171923429,39.0484500013349,38.7294899929361,-0.816831419397934,0.349817529596913,0.344480912382762,-1.52554310823142,0.2175730331905,0.210489641989619,-3.25563839277785,0.395804784842978,0.390886583514491,-1.24258258536173
"POL",2017,"EU-SILC",11847,3.28945177286892,0.528641466459458,131.023431320317,65,0.464123536048222,2.86807249628567,29.3021672809307,29.0698704628263,-0.792763265178698,0.311576297620005,0.306094162563616,-1.75948398458566,0.169699213771913,0.163108428592746,-3.88380419253131,0.361456200483779,0.356454332920398,-1.38381014260819
"KEN",2020,"KCHS",19670,1.04273921848178,0.645202435947689,19.6552902563931,67,0.410409661647729,2.8653027555703,3.50494410328802,3.48518405355246,-0.563776458432852,0.362464562278783,0.358861598020484,-0.994018349172532,0.214777455707997,0.209937896007664,-2.25329035786378,0.329111497886485,0.325363302017716,-1.1388832942147
"PER",2011,"ENAHO",24014,2.14079013261886,0.871518075921669,116.203662212964,75,0.196933279180787,2.86287085301334,12.0512448712176,11.9350769768984,-0.963949331049152,0.446601518427912,0.441224267105621,-1.20403785039042,0.362223251741399,0.353243946963438,-2.47894212610384,0.529465871622698,0.524898476315458,-0.862642060996655
"POL",2019,"EU-SILC",17075,3.37862395146112,0.521896165096469,140.374302856234,103,0.478056244748824,2.86240927522062,32.3634104390706,32.1081052977118,-0.788869707781481,0.301871441330402,0.296336936868634,-1.83339783232777,0.159871853738541,0.153291181856579,-4.11621666233054,0.335654817032978,0.330480193420519,-1.54165033536523
"ROU",2002,"HBS",32026,1.842307986569,0.488885624670226,27.3567927157031,200,0.475075301748995,2.84882786967381,6.43447361394868,6.38113190191068,-0.828998846500373,0.302299389023452,0.296484852089965,-1.92343654820815,0.154886832868599,0.147985898372695,-4.4554687884664,0.266822821421325,0.260835568721786,-2.24390577524289
"FIN",2008,"EU-SILC",9841,3.90505642752431,0.510511538836146,229.657953666106,67,0.335797113158508,2.84823047733971,52.2597765951947,51.5424824893704,-1.37255486448109,0.282844589154628,0.272883195209474,-3.52186123656351,0.136938061751319,0.124878734910935,-8.80640976376911,0.25332969678541,0.243090578238991,-4.04181534038297
"TUR",2016,"HICES",12041,2.87825833557259,0.728171191589479,158.027949087329,50,0.303578094610974,2.84752532005996,21.6815396967,21.5438906008497,-0.634867715927123,0.418737047582935,0.415032395793024,-0.884720330168043,0.295796377233618,0.290099789156437,-1.92584781817038,0.428033112274412,0.424403758607585,-0.847914229705682
"BEL",2021,"EU-SILC",7445,4.06122708376324,0.428778159505576,210.095368276591,71,0.437159098583966,2.84263342075927,58.7535320942844,58.0018355732203,-1.27940652122456,0.259511251503357,0.249938210956109,-3.68887302257267,0.119488592800836,0.108725345006397,-9.007761780557,0.232944393892868,0.223244938872145,-4.163849946603
"BOL",2013,"EH",8104,2.88257918813956,0.875225333912114,246.720271269021,24,0.159890145167087,2.8385246456352,20.4514256994175,20.2653883404444,-0.909654718978192,0.475793330521493,0.470987784656333,-1.01000698347187,0.442993658592858,0.43439084035599,-1.94197322467191,0.663659441609101,0.660575691775066,-0.464658474014523
"BEL",2009,"EU-SILC",5991,3.93855487983114,0.480424408054622,216.984973368937,42,0.370128663783913,2.83740338763159,54.1887147259305,53.4542858811253,-1.35531696686249,0.283420423508773,0.273592943534452,-3.46745652718176,0.141129673142896,0.129295807198675,-8.38510121981152,0.289400795874334,0.279791601289568,-3.32037600509502
"IRL",2013,"EU-SILC",4600,3.66329816494391,0.576516372357985,219.828408798365,30,0.334943127785511,2.8340256656815,43.1104824050716,42.6250204173031,-1.12608804329075,0.331624494139096,0.32402928886721,-2.29030285944463,0.192128413735689,0.182216329541427,-5.15909333842611,0.348606426526013,0.341273889851803,-2.1033853986232
"XKX",2017,"HBS",2232,2.24355291646726,0.520203691065046,44.8877078345528,17,0.318788290602548,2.83186785426865,9.53421096650133,9.40731146747926,-1.33099109583303,0.290129437813308,0.280575449102081,-3.29300907320356,0.143111147979309,0.131424639599602,-8.16603636035156,0.244191074867701,0.234142889914017,-4.11488624599761
"CIV",2018,"EHCVM",12986,1.53410386600694,0.655484904491252,33.1339547378058,58,0.371687512270721,2.83157335748537,5.65988051208637,5.62277161552248,-0.655648056255642,0.371688739140899,0.367554543044181,-1.11227370145077,0.226674977452127,0.220997318165399,-2.50475784779897,0.343961942888292,0.339687368534483,-1.24274631022098
"NLD",2021,"EU-SILC",13831,4.14257798894572,0.456299611444417,247.516395257396,99,0.4586649644809,2.82757868647863,64.1747828776143,63.4954613812646,-1.05854895940224,0.259942123950819,0.252045042407084,-3.03801531806713,0.122872803400379,0.114023603747828,-7.20191890122019,0.246130983973799,0.238259864640152,-3.1979392462368
"BWA",2002,"HIES",6043,2.03221046804595,1.27294206684534,347.594534099279,7,0.0503901428500972,2.82684767640497,9.55829239943487,9.46324741510921,-0.994372010750377,0.647313079987636,0.643773701395939,-0.546780020537307,0.795885700142989,0.786091187138629,-1.23064316931448,0.747149228682467,0.744609970461282,-0.339859578743484
"BLR",2018,"HHS",5932,2.82588935184213,0.420059427093867,59.5054338221491,48,0.677187369644169,2.82434140927066,18.1519395409913,18.0422300780449,-0.604395264201296,0.252405254001591,0.24787660201323,-1.79419878016167,0.104617645025636,0.0999900046060196,-4.42338423741293,0.182724814560356,0.177994985960538,-2.58849823500882
"ARM",2008,"ILCS",7872,1.95641312905318,0.489841307492431,30.7514470453437,50,0.447323566181399,2.82020823769455,7.84479508452076,7.76111399689246,-1.06670839361265,0.29188141777447,0.284264105240707,-2.60972849585414,0.139794622123302,0.130745512876467,-6.47314546825281,0.233076429929102,0.224986780304029,-3.47081411343622
"HUN",2001,"HBS",10273,2.63045239874396,0.425031303211571,49.6772115772883,71,0.656220696445068,2.8096908531556,14.8413656238847,14.750361275254,-0.613180423803061,0.269244843600862,0.264754914939999,-1.66760061244429,0.119687185436965,0.114989293329678,-3.92514210283699,0.208866183751244,0.20421062488695,-2.22896726539428
"LBR",2007,"CWIQ",3594,0.809890853219208,0.643483683057982,15.4922810389032,23,0.342517834879949,2.80888650635583,2.54448446452225,2.52607660932993,-0.723441445565021,0.36477745083692,0.360155510998346,-1.26705744227614,0.236582204344923,0.230118285807346,-2.73220826370886,0.42023534481373,0.416043091010334,-0.997596669374357
"CHE",2012,"EU-SILC",7509,4.268813222874,0.561411222558633,384.92437658903,38,0.42213202587264,2.80773044332686,75.2865618893783,74.797607240449,-0.649458066165565,0.317136185268322,0.312685923511088,-1.40326521032884,0.170260361677864,0.16474847388124,-3.23732884289989,0.29168447080095,0.287135899972835,-1.5594148072485
"MNE",2010,"HBS",1250,2.83089257353067,0.502993218734683,76.6977390217529,9,0.453767057797871,2.80707860543604,17.2913354935868,17.1539831881087,-0.794341799273335,0.288930967347583,0.283256133524471,-1.96407947379538,0.139936671753445,0.133320235408017,-4.72816472088597,0.239601743139417,0.233655565295868,-2.48169223046475
"POL",2020,"EU-SILC",13665,3.47322500790408,0.486427214584187,138.726816677458,90,0.567313436479337,2.80402101081208,35.4281345903178,35.2217381236778,-0.582577855217969,0.287547226368099,0.283390363560131,-1.44562785754238,0.142367492759461,0.137763091028765,-3.23416648102118,0.280161342673269,0.276083199455009,-1.45564094580191
"VNM",2018,"VHLSS",9395,2.40008035256067,0.610207997941073,68.7656499572829,49,0.383608779007022,2.80357302708877,13.4604099494599,13.3468285969586,-0.843817929228907,0.357155460745101,0.35170215242634,-1.52687244579264,0.219243922588625,0.212016916580555,-3.29633128377756,0.357611878542487,0.352225486228196,-1.50621180041441
"POL",2002,"HBS",32325,2.6344888234694,0.59506409298688,83.0697903796866,187,0.331386675334559,2.79588548395005,14.3533249186422,14.2273046073243,-0.877986891763272,0.340502059269915,0.33467400507166,-1.71160615320527,0.191897647275016,0.184169608591114,-4.02716697866894,0.30310793414577,0.297006224794486,-2.01304837779347
"HUN",2012,"EU-SILC",10594,2.98740208837861,0.478740887762475,83.3980353110731,57,0.504452155771535,2.79465114801137,20.4097130577805,20.2600359645032,-0.733362065667142,0.291407231242108,0.286192018815493,-1.78966472602117,0.147412793741187,0.141461918713619,-4.03687826310083,0.26128712911967,0.255984014766341,-2.02961178041785
"VEN",2005,"EHM",10559,2.21332016047716,0.971720400643166,168.760637095604,42,0.0925989988583381,2.7917309228531,9.95790364501686,9.83617643010849,-1.22241808364236,0.47633046667967,0.469854026737082,-1.35965267721215,0.444316721765533,0.432417022822069,-2.6782019133062,0.685812199038193,0.681925636968802,-0.566709381203967
"POL",2006,"HBS",37475,2.67445318689575,0.580471472752229,82.753607225204,198,0.371713459197911,2.79061108042,15.77673748057,15.6440763923363,-0.840865156038018,0.337091160894559,0.331482258032889,-1.66391276673811,0.187539100171471,0.180211520244724,-3.90722783678061,0.298563878113305,0.292696204294229,-1.96529930417412
"SLV",2010,"EHPM",20007,1.98282730408734,0.766456414016876,72.3992938678756,69,0.283179252807172,2.79060247571515,9.77879666928577,9.71092910675025,-0.694027750353821,0.435039727171549,0.431100932466537,-0.905387360970489,0.326313379309087,0.320076905498153,-1.91119157422794,0.469916548815195,0.466234508892958,-0.783551873523081
"CRI",2021,"ENAHO",9457,2.91655289619551,0.889978140540612,266.796799426601,20,0.138691353973615,2.78701544097742,25.2028927956976,24.8705083753916,-1.31883440127475,0.486402875863494,0.479546378803837,-1.40963333070044,0.416565670072304,0.403984922875673,-3.02011137750439,0.556422009461149,0.550502591512419,-1.0638360539445
"KGZ",2009,"KIHS",19729,1.82391725235773,0.537511888623379,31.0765314395611,119,0.397542500664041,2.77781225158351,6.56383349908808,6.50504494818135,-0.895643542982938,0.298749159586016,0.292425228849119,-2.11680285416062,0.145829649139189,0.138119906372712,-5.28681431518625,0.244927759750819,0.238219217948023,-2.7389879406162
"ISL",2014,"EU-SILC",2987,3.87154824701135,0.407802601354632,163.196672148513,20,0.557905341755174,2.7777990294521,49.7919711601291,49.3193332199812,-0.949225204657844,0.254029149208779,0.246906178762883,-2.80399728459548,0.110192807466974,0.102694853278769,-6.8043952782054,0.239364481991105,0.232350153162566,-2.93039667798297
"URY",2007,"ECH",43180,2.82139388066143,0.834046566484858,205.107366306506,149,0.174792446483578,2.77043555896109,20.6217213845603,20.4089220659377,-1.03191830911792,0.463938654937066,0.458355017969612,-1.20352915370064,0.369026530148061,0.359262294466143,-2.64594409458867,0.540619082339283,0.535838411113845,-0.884295686484315
"HND",2009,"EPHPM",19250,2.15809131818212,0.987801864539582,167.586043482114,42,0.125540465534746,2.76860876472725,11.2701400891999,11.168502302052,-0.901832509121325,0.512702204367862,0.508271303021556,-0.864225140550823,0.487836531196793,0.479158676031093,-1.77884488158575,0.629091798778396,0.625718972386289,-0.536142165365405
"PER",2016,"ENAHO",35731,2.26255080129481,0.851369528275536,123.551662214186,95,0.227616056309838,2.76740737119608,13.4775710957087,13.3858152207851,-0.680804235956634,0.436363356204017,0.432505027304775,-0.884200940428603,0.342503593932609,0.336204381770265,-1.83916673399445,0.508578669056387,0.505221010979291,-0.660204267576792
"SLV",2017,"EHPM",19903,2.21616107621167,0.693077753851843,73.3611378091448,89,0.26723279912107,2.76521227669493,11.0710497028405,10.960956699333,-0.994422448300036,0.380068863814676,0.373850197310703,-1.63619467313306,0.24604408142687,0.236905571805383,-3.71417575602342,0.380378998814168,0.374191112659455,-1.62676861078143
"MKD",2002,"HBS",4091,2.40690716682571,0.657657608110522,79.8284527099861,17,0.343286349964361,2.76434490567589,12.6282119578518,12.5531648054581,-0.594281697552845,0.385090683171993,0.381425276871747,-0.951829389912573,0.253590123217792,0.248393908412873,-2.04906040463441,0.393687291479134,0.39010004352664,-0.911192215277423
"PRT",2017,"EU-SILC",10136,3.29899469713065,0.638234583132847,183.772475549606,55,0.335662667160972,2.76408835213162,31.0397326681553,30.7986226258796,-0.776778733416994,0.351905183248813,0.34684113733964,-1.43903703333426,0.220491955202688,0.213619767032406,-3.1167523386349,0.401801896755547,0.397161655680843,-1.15485793177489
"MYS",2007,"HIS",31882,2.63570428321494,0.840692845092992,173.778729165906,97,0.196396204455717,2.76220748995192,18.1032726313945,17.944517507077,-0.876941575979273,0.447523494753891,0.442643477857498,-1.09044931799093,0.343871502955749,0.335703794742681,-2.3752210179855,0.47759207475344,0.472984429994561,-0.964765749360019
"HUN",2013,"EU-SILC",9313,2.91969067044499,0.509950241182408,85.5876839743831,38,0.410996067581411,2.7615535090417,19.3292553437365,19.1472296299887,-0.941710948046681,0.307412828382231,0.30084889983245,-2.13521621212875,0.166031048402858,0.158100309066402,-4.77666039740524,0.29937855955272,0.292849171845607,-2.18098040048977
"MLT",2015,"EU-SILC",4230,3.71319551824564,0.471861808866973,168.811202392884,29,0.510738096761881,2.76052317151947,45.4091025846135,45.0177569080085,-0.861822089251441,0.290203465169325,0.284046806562474,-2.12149727545786,0.142339931710053,0.135136274668912,-5.06088274358244,0.247022580479682,0.240640549076152,-2.58358219363483
"BRA",1986,"PNAD",19327,2.31856608516105,1.16744633326112,337.277180024326,57,0.0599725210910795,2.76039131460441,13.7768838218314,13.5988615453159,-1.29218101000014,0.580074109699017,0.57457964084235,-0.94720118770999,0.620638665516752,0.607914368210074,-2.05019410063398,0.708361060363686,0.704543894734141,-0.538872877566909
"DNK",2009,"EU-SILC",5797,3.99588042583358,0.402753810646095,182.024602729249,38,0.4660639826223,2.75477475849354,54.9986925825323,54.3319535945996,-1.21228152275107,0.252465008056047,0.243310144075342,-3.62619122990376,0.118921548099547,0.108724479829692,-8.57461783235409,0.625051067366281,0.620506832673302,-0.727018147833391
"FRA",2008,"EU-SILC",7192,3.9621957482311,0.632852997495551,350.988949729359,46,0.308466190325129,2.75235727691871,56.8664338834497,56.3839486940267,-0.848453395920412,0.324254812680644,0.318482881289846,-1.78006036150449,0.176284673181998,0.168717454315288,-4.29261303896652,0.290852179505217,0.284843220619849,-2.06598379135073
"HUN",2017,"EU-SILC",6858,3.07794964776475,0.485792971640284,93.2541501054243,41,0.407797381811522,2.75210615667693,23.0447268406251,22.7907994770154,-1.1018892320393,0.302082263659937,0.294327221684311,-2.56719539958027,0.173947941285434,0.164637811312408,-5.35225073905802,0.491931140742977,0.4863527371393,-1.13398058013793
"NLD",2016,"EU-SILC",11678,4.04463612224614,0.471371912791547,234.804173059257,68,0.408327942338919,2.74220390067122,57.8778012537445,57.2494449785204,-1.08566023866273,0.282415794719035,0.274554244229844,-2.78367946701166,0.139897545056648,0.130529038805961,-6.69669095829624,0.266045997491932,0.258134152316845,-2.97386363624114
"TUN",2015,"NSHBCSL",25126,2.41994163514678,0.559863770374252,60.3121120212084,126,0.452822993793656,2.74174425078705,13.7757898496289,13.6712000347008,-0.759229169940501,0.328158824853964,0.323034873260175,-1.56142428778768,0.178076718240901,0.171749918685355,-3.55285048940928,0.291140393273044,0.285835678318091,-1.82204705273491
"KAZ",2008,"HBS",11996,2.21152773664316,0.492265606098032,39.9778101900559,82,0.454160282992183,2.73543963179391,9.4597155137348,9.38251404241037,-0.816107748825357,0.284964438197942,0.279094848216626,-2.05976227013925,0.13245123439468,0.125538797521563,-5.21885424828862,0.218330429325501,0.212040889639778,-2.88074351575902
"BLR",2013,"HHS",5328,2.81393974605785,0.449359690455431,64.2010019597706,23,0.443008518174327,2.73426780769643,18.1656515061769,17.9533698524203,-1.16858816588264,0.265750524387964,0.257085575692096,-3.26055751567134,0.118439208404534,0.108478345350156,-8.41010606923002,0.203579628386871,0.194385619464277,-4.51617334968389
"KAZ",2021,"HBS",47220,2.55479574816965,0.514083106962179,60.1622493892339,309,0.376471242449959,2.73398538150453,13.3266547406482,13.1887995159568,-1.0344323265983,0.291915315799972,0.284527708386745,-2.53073648875957,0.137782278073971,0.128778377213641,-6.53487588258358,0.217520633912626,0.209476915934919,-3.69791032373396
"IRL",2012,"EU-SILC",4294,3.6620495410034,0.58437298823209,224.790420954588,29,0.379398760459586,2.73149499466899,42.8680685944939,42.5499815172576,-0.742014015712233,0.326855916760789,0.32183527108457,-1.53604246359506,0.188378467709569,0.181948843563094,-3.41314175906088,0.402743332433333,0.39833283752681,-1.09511307856438
"AUT",2015,"EU-SILC",6014,4.12958125065105,0.505237045516508,282.95627692265,33,0.343965725619597,2.72450027080891,62.488642150556,61.7594115370425,-1.16698105194311,0.305257625036618,0.297070575671418,-2.68201305838565,0.170728469570903,0.160516406130415,-5.98146487586706,0.632910621646133,0.628608424932305,-0.679747908581207
"CRI",2017,"ENAHO",10043,2.93618514024832,0.874166016982378,259.48092449012,42,0.18245354686044,2.72428246334815,26.2781922794584,26.0357322456627,-0.922666335710021,0.483046836695305,0.478239421995218,-0.995227446882163,0.40945021027692,0.400807386480111,-2.11083633122673,0.558708952221292,0.554608607279668,-0.733896409807278
"LTU",2007,"EU-SILC",4131,2.87973083015603,0.568302141707675,97.9676434503706,32,0.422531049649287,2.72144580145638,20.4006981515842,20.2594479204577,-0.692379398376552,0.342449757282803,0.337877826779531,-1.3350660662016,0.212145106210742,0.206282316869376,-2.76357510483511,0.400588347909693,0.396474003773075,-1.02707534008071
"MLT",2019,"EU-SILC",3756,3.7779256546644,0.474417126419503,181.485731070485,30,0.544362557621579,2.7187809130924,50.0754183657582,49.7019178164523,-0.745876043566507,0.286650862423608,0.281307484937045,-1.86407165894604,0.141490918371893,0.135496102656022,-4.23689080886086,0.281460732191663,0.276228603453793,-1.85891960740981
"BLR",1998,"HHS",4933,1.24810953523844,0.562598372407105,18.8385377583373,22,0.371695487689943,2.7140492069994,3.9448279847694,3.90778540692578,-0.939016301512685,0.320183498275542,0.313751913064955,-2.00871851461029,0.172377341028386,0.164201233929082,-4.74314492294997,0.287503081753738,0.280845726341463,-2.31557706152768
"MYS",2014,"HIS",67716,3.07012775075175,0.777802371926495,222.190443233694,241,0.200623464895718,2.71243902115203,26.4157842211627,26.1450383480872,-1.02493975120619,0.413488266656032,0.407422465012652,-1.46698277376418,0.288737265063697,0.279191759370298,-3.30594864202689,0.416730514559146,0.41071272737152,-1.44404764647291
"EST",2012,"EU-SILC",5021,2.97907417595037,0.512129771103254,91.4199283593428,28,0.494473024997085,2.71128648754665,24.6175981603717,24.4021914330996,-0.875011143933746,0.323350514416432,0.31739499995627,-1.8418138195668,0.189638260029244,0.182430389678149,-3.80085239654901,0.386024339338796,0.380725538194089,-1.37265985709163
"ARM",2009,"ILCS",7869,1.84878072116653,0.473264209754598,26.2738290457014,56,0.521174256910155,2.70975202790234,6.97235753430819,6.92035636792045,-0.745818987793756,0.280158774227317,0.274767292057425,-1.92443809220736,0.127763979828871,0.121738495435638,-4.71610574537839,0.215683248996541,0.209978950830993,-2.64475715758523
"BEN",2015,"EMICOV",19871,0.891200117098714,0.834909756892871,29.8423757298299,108,0.186916038617212,2.70707925980197,3.00384664704823,2.9783103240132,-0.850120729702708,0.477559141152487,0.473087517734509,-0.9363496649203,0.446035257612571,0.438127806768621,-1.77283089374489,0.638187765908897,0.635092008000631,-0.485085749623715
"IND",1993,"NSS-SCH1",81241,1.03369790683757,0.618425649543909,17.9748733101692,763,0.206870591000388,2.7002230481698,2.73158717314201,2.6950129533603,-1.33893657655607,0.315575388378622,0.306295436009776,-2.94064515503735,0.165045127242094,0.152538222534541,-7.57786971148046,0.261164685194903,0.251192287539632,-3.81843266742932
"BLR",2009,"HHS",5023,2.43104975781112,0.464938798419326,45.8725157843687,33,0.519646519234116,2.69939954297177,12.5905036546676,12.4890105881143,-0.806108074284406,0.276893062700562,0.271036406481187,-2.11513288280107,0.128367646543666,0.121901471155098,-5.03723139176555,0.224243160877135,0.218149799108234,-2.71730105170913
"POL",2011,"EU-SILC",11466,3.10489784070839,0.579807422604712,127.016894925793,50,0.348076712520881,2.69832649415912,24.6550768795546,24.431918640162,-0.905120841775087,0.331951441077987,0.325863060499757,-1.83411783315613,0.193099838732251,0.18521640935563,-4.08256652536725,0.339650803756264,0.333696163097524,-1.75316548434026
"PER",2015,"ENAHO",31452,2.21181500961587,0.853404306164332,118.158616341,89,0.219957426193741,2.69624807074699,13.0312592627803,12.9398028376433,-0.701823387077938,0.43354478138151,0.4295476147195,-0.921973192543668,0.337747974763047,0.331276558316797,-1.91604892695211,0.505501272743615,0.502018443632541,-0.688985230872186
"GRC",2011,"EU-SILC",4001,3.47005445766087,0.618458142848075,205.496476171453,22,0.367655504843487,2.69268173479785,36.0206332198538,35.806231315288,-0.595219698824234,0.338006264634933,0.334054267926743,-1.16920812472457,0.209311894575306,0.204194227338235,-2.44499589832412,0.457611557852019,0.454400958952413,-0.701599171724709
"FIN",2017,"EU-SILC",9645,4.00898282480517,0.479705654398331,232.316296003949,70,0.463620830114492,2.69252761215907,55.7799090773499,55.3550863634298,-0.761605246310137,0.270705713294926,0.265123625713423,-2.06205015533683,0.124682963848818,0.118344723249628,-5.08348566920144,0.240110785193051,0.23442119688163,-2.36956799206094
"SWE",2020,"EU-SILC",5748,4.04496078597296,0.476538976639804,238.549709906738,18,0.243520558559663,2.69176852062206,57.7854979639008,56.8109637062311,-1.68646856392662,0.292023246055015,0.279888665955767,-4.15534730990624,0.160299982752347,0.144745017749763,-9.70365981050399,0.932022796231693,0.930857610444637,-0.125016876386141
"AUT",2022,"EU-SILC",5893,4.24577493595966,0.497010538724267,310.072627448842,32,0.325664382249206,2.6914544522839,66.2503446274276,65.4770428840044,-1.16724184269832,0.306676174314581,0.298500944913906,-2.66575302725962,0.185017569134473,0.174686414244674,-5.58387775719327,0.843802503557628,0.841962774878545,-0.218028350393151
"MNG",2018,"HSES",16444,2.18681901728594,0.555777101372512,47.1885048399266,93,0.354586921603856,2.68747599305586,9.86178664675538,9.76407776480022,-0.990782760315601,0.327409904002909,0.320695230127232,-2.05084629193676,0.176722263909674,0.168146583465175,-4.85263161232646,0.284788664060171,0.277741984813492,-2.47435384056937
"ROU",2000,"IHS",31052,1.72400588708929,0.468400089607415,22.8558283745534,174,0.424904936853408,2.68682183119234,5.64546158373941,5.59089363255814,-0.966580860959876,0.293238637386978,0.286352315709584,-2.34836777948406,0.145183932480784,0.136750795720835,-5.80858819281864,0.248851828388796,0.241652389051706,-2.89306266451964
"IRL",2014,"EU-SILC",5204,3.66632284995404,0.55992590887169,209.788646058566,24,0.36793125363442,2.68646218593298,43.1561300020349,42.7686348840441,-0.897891256636119,0.332133189327368,0.326095372662804,-1.81789018941216,0.192440209670407,0.184671833671081,-4.03677381802421,0.358173306762713,0.352437226019185,-1.60148191817331
"POL",2013,"HBS",37144,2.87507056792236,0.552652267157162,93.0398010047199,207,0.342942191704819,2.68624315806571,18.262549019977,18.0910452791629,-0.939100782845448,0.325495203693376,0.319113698119128,-1.96055287507703,0.17528775121417,0.167064294466107,-4.69140410045822,0.282799323544543,0.276091157513839,-2.37205872582207
"THA",2002,"SES",22770,2.24025740767142,0.776119637182275,96.4106159212976,92,0.191436270472658,2.68511499533852,9.68454311497809,9.60906688302724,-0.779347368840955,0.419444959313261,0.414892283619622,-1.08540479329921,0.290173769589582,0.282934677135183,-2.49474391315189,0.400789059061214,0.396099233050281,-1.17014821260787
"HND",1991,"EPHPM",2722,1.53267284108223,1.0701836641753,114.803713808232,14,0.0815855879714016,2.68232380758071,5.47685929235449,5.42361547657142,-0.972159643710346,0.516917892811841,0.51217947014577,-0.916668339781201,0.480205071913596,0.470742661994642,-1.97049353961358,0.602553737749398,0.598653783270509,-0.647237621237917
"CHE",2013,"EU-SILC",7320,4.29500129326755,0.546514220653027,377.86763231307,30,0.326580240182848,2.68124698360815,77.1479311924466,76.3134456356143,-1.08166939013655,0.315671265238562,0.308202210528198,-2.36608634768175,0.16740086710135,0.157888575792822,-5.68234291329525,0.278467223372701,0.270680449686384,-2.79629810359964
"LVA",2008,"EU-SILC",4995,2.85251085620314,0.669612233436447,129.19818671191,19,0.382019155989785,2.68090163495098,24.6994040589187,24.5307991541109,-0.682627420505999,0.373855386383341,0.369561936482192,-1.14842531565039,0.244120922668751,0.238194069039962,-2.42783517446854,0.426364061276484,0.422467225835646,-0.913969021960082
"LVA",2022,"EU-SILC",5770,3.44865868812625,0.615217483427029,199.200357217082,29,0.32607305336429,2.67757274578027,37.1561179868228,36.810774585308,-0.929438865592203,0.341717724686113,0.335557895938867,-1.80260732828662,0.206881304499317,0.198777241103813,-3.91725265611452,0.412905516799015,0.407458721836301,-1.31913833579643
"THA",2004,"SES",23676,2.33179594691867,0.787859669067207,109.439835867051,125,0.184316331313609,2.67751811196634,10.929815938362,10.8388836274735,-0.831965619560726,0.425403126259857,0.42058901175441,-1.13165940922278,0.29947147611212,0.29169853879625,-2.59555180906786,0.40946115425033,0.404522404551021,-1.20615830049904
"SLV",2018,"EHPM",20096,2.27215865169758,0.688403676640319,76.5060392084996,81,0.2731195618761,2.67678809224173,11.9069722772139,11.7972008202459,-0.921909066489057,0.386105712041243,0.380403573642337,-1.47683347359996,0.254014960542406,0.245686572560092,-3.27869979174852,0.390866106538529,0.385238523795143,-1.43977250757885
"JOR",2010,"HEIS",11215,2.69408667512304,0.593067533482173,87.6445364376222,96,0.407334245156654,2.67053631991746,16.9243903659846,16.8294245852556,-0.561117881798923,0.336557303016,0.33282344793704,-1.10942625386514,0.183854638640923,0.1790651179934,-2.6050583672663,0.284998390245708,0.281032059544325,-1.39170284364191
"AUT",2005,"EU-SILC",4995,3.99502737342097,0.507537986793968,249.046925318307,29,0.465155125169304,2.66991611463191,58.2155552426874,57.8197032892351,-0.6799762568648,0.297889897732081,0.29309772041647,-1.6087075634641,0.154046610069795,0.148427716521513,-3.64752820314342,0.62954254258592,0.627037479842074,-0.397917944283166
"BEL",2011,"EU-SILC",5659,3.95463780109929,0.470121771625147,213.791900850063,34,0.32745490937862,2.66667100688054,54.3484257111098,53.599204075163,-1.37855260045486,0.283400297749217,0.273395003257915,-3.53044600544321,0.145300309874357,0.132815857370404,-8.59217197454637,0.34580634925938,0.336766408355745,-2.61416278879685
"GEO",2009,"HIS",22287,1.63556187246035,0.694340105322485,41.2059304281591,77,0.251865180725115,2.66549560389991,6.11792477754011,6.05863515268722,-0.969113335138549,0.382374032136237,0.376340193326643,-1.57799387575669,0.255832882157402,0.247049867514175,-3.43310624074628,0.423394615693341,0.417786574114528,-1.32454248848412
"MNE",2011,"HBS",1287,2.81202555681899,0.531475425627956,81.9780750196148,8,0.480116708604989,2.6647573929339,17.025528720578,16.9654301208722,-0.352991091742971,0.308198538222635,0.305758502662682,-0.791708998369822,0.160086758896071,0.157211518300927,-1.7960514754448,0.273392401611761,0.270884450038681,-0.917345017013993
"GRC",2018,"EU-SILC",11332,3.2195907096761,0.65118016392548,176.466525551208,53,0.176203477545589,2.66312315066817,25.9202926052764,25.5409434469095,-1.46352189824325,0.342800771460012,0.333051781762285,-2.84392291656911,0.218016495433956,0.204437131262266,-6.22859483391878,0.432437822621172,0.424044036404972,-1.94103886781268
"NPL",2022,"LSS-IV",9599,2.04572208822171,0.525956231704359,37.4718799368873,55,0.460112004731784,2.65770755047794,8.73588261828378,8.67612102432506,-0.684093371786387,0.300202624706072,0.29539633400171,-1.60101555043634,0.147212375493764,0.141516296020483,-3.86929390560786,0.243344005289354,0.238257533507541,-2.09023919687888
"TLS",2014,"TLSLS",5912,1.18518813852197,0.512148396263538,15.2051369396331,53,0.418931129445771,2.6559367163308,3.42585769172551,3.39856813135671,-0.796576005906846,0.286529264076338,0.280812932484711,-1.99502539820998,0.133772213151753,0.126985714698149,-5.07317498433359,0.217834135601079,0.211681000843637,-2.82468803177437
"PRT",2013,"EU-SILC",5727,3.2216157507022,0.619776005355954,160.925860762992,31,0.354637067750623,2.65460134988196,28.3167922955134,28.1357970988558,-0.639179730418582,0.360347923628085,0.35624193443196,-1.1394513265915,0.236744949355983,0.231179984080128,-2.35061626066118,0.444480166780871,0.440943159003954,-0.795762790167542
"MKD",2003,"HBS",4241,2.371638056873,0.683832285968956,83.3571938807804,12,0.298624401229954,2.64962910578463,12.3440308815916,12.2658847676345,-0.633068036743645,0.387223931786312,0.383330173181057,-1.00555732371506,0.254827589667101,0.249230747139773,-2.19632518387791,0.39362353742098,0.389794460957019,-0.972776295098754
"HUN",2021,"EU-SILC",6719,3.33423581555855,0.497864436286154,124.939438065071,34,0.445145374151173,2.64716581357087,29.9545421394829,29.7177578693919,-0.790478682626328,0.2963198766718,0.290729686336827,-1.8865391001644,0.158368839727721,0.151817463363956,-4.13678371012164,0.331463702589613,0.326253383457211,-1.57191242712118
"HND",2004,"EPHPM",10175,1.79341169534224,1.2243421551361,236.615902232583,6,0.0393609649093425,2.64435010665923,8.66457526994135,8.52858786679678,-1.56946415615237,0.578971135103206,0.572263749086302,-1.15850093557912,0.650694078015352,0.635225256529269,-2.37728020105284,0.742936005590335,0.738837712548159,-0.551634731839323
"MAR",1998,"ENNVM",5066,1.75236625952865,0.71755278098744,49.6513014428463,34,0.290780209810305,2.62946773712307,6.65483982939654,6.6242291216344,-0.459976626739023,0.393539138285353,0.390743542547885,-0.710372988477892,0.25652927062867,0.252438624011673,-1.59461203276047,0.376384562004909,0.37352628576976,-0.759403154030458
"PSE",2010,"PECS",3741,2.53924731232838,0.618617935378548,81.05282628566,29,0.297086936344224,2.62385326716347,14.301447327244,14.1669956927289,-0.940126068631897,0.352944324472598,0.346818136632463,-1.73573773973812,0.204859946903388,0.196569361539043,-4.04695280344601,0.316521127177946,0.310107498448723,-2.02628771937159
"FRA",2004,"EU-SILC",9501,3.79890995849061,0.561579631925797,240.723471675926,48,0.309104252997135,2.6195865800931,47.2763664202591,46.782007558871,-1.04567863146153,0.314047094496791,0.306808350866366,-2.30498665877613,0.168674605756177,0.159269336839468,-5.57598393341114,0.301319186419404,0.294011205529747,-2.42532876067347
"CHE",2016,"EU-SILC",7746,4.31546493983635,0.542624477141343,381.205412880333,23,0.285685887714621,2.61731376520702,77.3565521538239,76.4209385338156,-1.20948205931896,0.323069571970188,0.31479962626884,-2.55980334233127,0.176842156100078,0.166202607043785,-6.01640993919574,0.301981747350029,0.293541016986507,-2.79511276346743
"POL",2010,"EU-SILC",11584,3.07326268024315,0.584135923578172,124.670025510076,53,0.346774221630471,2.61128772586106,24.1656010179816,23.9668911552875,-0.822283966975101,0.333425203045416,0.327910747493252,-1.65388084097913,0.193654410221579,0.186507140648594,-3.69073421297619,0.338667749388865,0.333256553158817,-1.59778905426133
"ECU",2004,"ENEMDU",4490,1.91877606057261,1.12561451696559,199.461176118489,16,0.0680998436114211,2.60978996835728,9.67095360448809,9.55439477647587,-1.205246481155,0.534673975767702,0.528998850611321,-1.06141787586207,0.524716081419743,0.512809844651682,-2.26908173575435,0.653787389249568,0.649564650204796,-0.645888726856403
"ARM",2020,"ILCS",5183,1.99124729936793,0.434796816162771,26.9946243452146,47,0.508834556085206,2.60885515753629,7.47310462573846,7.41550012723564,-0.770824194062825,0.251316038975954,0.245519507426133,-2.30647099701248,0.103866342241658,0.0977209726835471,-5.91661304853971,0.179315807592123,0.173175049142798,-3.42454942025704
"PAN",2015,"EH",7035,3.0682733648536,0.993555826585966,423.664066246841,16,0.100701515893486,2.60869374486733,29.4188009568616,29.0779906734915,-1.15847781787509,0.507683658707607,0.501917753186632,-1.1357280113473,0.473713042318839,0.462517529207239,-2.36335336194194,0.610733361295134,0.606174134319888,-0.746516772160288
"CRI",2005,"EHPM",8551,2.47920293930868,0.887089704945671,170.796374431223,31,0.191669966437463,2.60868533494961,17.8311548089786,17.6933614419734,-0.772767487475789,0.474341250129411,0.470252386469396,-0.862008872072406,0.403605825698899,0.396385967222952,-1.78883901476018,0.570548615763319,0.567211827189679,-0.584838606465732
"NOR",2019,"EU-SILC",6055,4.26540040417815,0.446733637382848,271.945401488857,34,0.400076751993955,2.60250065895527,72.1413500666361,71.3518612852462,-1.09436374653463,0.275356477154512,0.267356716985489,-2.90523769467517,0.144612501772263,0.135401932722838,-6.36913747881259,0.932010613823574,0.931259878476154,-0.0805500856197572
"SWE",2008,"EU-SILC",7383,3.79413092070479,0.439104134495782,165.909643548865,30,0.411669255237222,2.59984402741975,46.5895706755305,46.0613134988865,-1.1338528537276,0.269354151893618,0.26099591115609,-3.10306734786454,0.132772112514272,0.123354997716034,-7.0926903397927,0.440013330796434,0.433713824034042,-1.43166270689784
"ROU",1999,"HIS",31516,1.74748002143678,0.482312813288225,24.3959823584597,160,0.361368313670549,2.59807730739816,5.8512850767396,5.78742351702178,-1.09141084189665,0.294176678733948,0.286400343881077,-2.64342329457847,0.146270213791047,0.136684845791538,-6.55319203484747,0.24905985415517,0.240905204497872,-3.2741726622135
"HUN",2007,"EU-SILC",7980,2.99708523941667,0.477838242389545,83.9817880648663,49,0.435235065268615,2.59609956167448,20.4091794059459,20.2448549789447,-0.805149603189703,0.282891769713471,0.277085806932336,-2.05236185804044,0.139044408515109,0.132318228877618,-4.83743266580861,0.337442454858202,0.33217559119758,-1.56081832170031
"ZMB",2015,"LCMS-VII",12141,0.744890573480405,1.15871624422138,68.1042286638406,36,0.0800639978604958,2.59533049480437,2.97441587393089,2.95174691989279,-0.762131288929235,0.559366359021034,0.555984786163722,-0.604536329862537,0.573705232828964,0.566288679339979,-1.29274635554806,0.658451480825584,0.655829356211721,-0.398225942263153
"AUT",2016,"EU-SILC",5967,4.14867108905178,0.502601484354108,286.138380616976,24,0.289162844921504,2.59069234753699,62.430365781512,61.6403929544753,-1.2653663279842,0.303265979217857,0.294350516974852,-2.93981615280381,0.175995153489913,0.164749652239668,-6.38966529887401,0.799674104329522,0.797115492045208,-0.319956876240168
"BRA",2013,"PNADC-E1",62855,2.56784857544112,1.04948266461325,303.777817066326,246,0.131351953537182,2.58969767019843,20.5792070155394,20.4452858680419,-0.650759513699384,0.526059410270675,0.522959013997159,-0.589362382457981,0.501752850080245,0.4955631756941,-1.23361020971884,0.62392723575189,0.621466516421757,-0.394392036303326
"FIN",2012,"EU-SILC",9725,3.96305514969114,0.4966633287647,233.468026436911,74,0.373378069199621,2.58561565645046,55.0210105767358,54.4700971222351,-1.00127832754434,0.276366059141024,0.269061145394528,-2.6432021968254,0.130571314770819,0.12187342085032,-6.66141252829184,0.391093297672049,0.385023285158535,-1.55206252565432
"MDA",2012,"HBS",5483,2.26557582287281,0.491661797534119,42.1216228394418,36,0.541008238470115,2.58141626458212,10.9570435781095,10.9020781228055,-0.501644945665758,0.291588393743874,0.288032257849931,-1.21957388230848,0.138512024520357,0.134586317836959,-2.83419919461305,0.233332024729091,0.229612697339972,-1.59400639215209
"CRI",1994,"EHPM",4557,2.37740383119228,0.857694922895052,141.243958845629,17,0.161597048334471,2.57747593013863,13.2664327999388,13.1527397561777,-0.856997849200813,0.457989733786597,0.453310875456581,-1.02160768786937,0.380959259095173,0.372918506114014,-2.11065954933262,0.561489310257067,0.55770656782629,-0.673698031587533
"ARM",2022,"ILCS",5184,2.03206872966357,0.469117305491604,31.1688951166172,44,0.441243471210888,2.56809986677919,7.71230027149819,7.65177141325088,-0.784835342459456,0.279452945918188,0.273766974673569,-2.03467930027994,0.128744472631986,0.122224000758606,-5.06466160455595,0.216975417734707,0.210938257764643,-2.78241656732091
"TUR",2005,"HICES",8502,2.50056290383182,0.741082720705464,112.596548890207,38,0.230431645060819,2.56679876099069,14.1679871845577,14.0637815449366,-0.735500662611499,0.426146562921189,0.421903137489734,-0.995766668248477,0.315942101487455,0.309255699466491,-2.11633776868745,0.459589491719918,0.455605786789256,-0.866796348139787
"HUN",2008,"EU-SILC",8094,2.99455307229358,0.468507746964761,81.4570846775888,52,0.486800370404551,2.56609705320188,19.9118234571565,19.7974001321149,-0.574650158423728,0.278654403259118,0.27449765241742,-1.49172264750912,0.132518804931007,0.127845377476874,-3.52661454845363,0.237183078116586,0.23290125786989,-1.80528066365312
"MKD",2005,"HBS",4212,2.33213528678803,0.714926664785001,87.9629128837815,12,0.301305601213059,2.56332951160252,13.2917024953873,13.2160295462376,-0.56932472853598,0.393052501146461,0.389584585628087,-0.8823033839649,0.266217202222873,0.261178133293678,-1.89284121654024,0.415025282398101,0.411704134602709,-0.800227826170463
"BLR",2007,"HHS",5333,2.38501866281172,0.501505640991587,48.8881768865818,30,0.398791236616064,2.56198126063217,11.9971222754022,11.8847200160563,-0.936910175337158,0.296123798691012,0.289477778224862,-2.24433851501565,0.146779628632947,0.138693154419577,-5.5092619382434,0.249343107550016,0.242371832908075,-2.79585616399786
"POL",2012,"HBS",37388,2.85156412055989,0.548237391215473,89.6825573013362,220,0.358597322107512,2.55788566435749,18.0628542746521,17.9224263634672,-0.777440315078259,0.323912771437875,0.318627543929178,-1.63168234621801,0.172931399803184,0.166242366234469,-3.86802719247517,0.279773334089816,0.274220483822795,-1.98476752085237
"AUT",2009,"EU-SILC",5845,4.06711078963245,0.515371171368866,274.026359341997,32,0.402388508639102,2.55703194615596,60.3313071974669,59.8912669795284,-0.729372921588056,0.304205831545703,0.299107456391073,-1.67596233403041,0.173376668795419,0.167237878563375,-3.5407245246408,0.605779865683704,0.602915470754068,-0.472844195044975
"SWE",2018,"EU-SILC",5798,4.0109757127555,0.464549095824632,222.432347730737,19,0.333039003608205,2.55387581277961,55.9994120037074,55.3100430398307,-1.23102893264498,0.287303589425341,0.278440094224414,-3.08506246603335,0.152179986797754,0.141635803479003,-6.92875820311663,0.771146591080716,0.768310683316699,-0.367752097567231
"TZA",2011,"HBS",10185,1.23811872425833,0.726474823520729,30.4944041052258,64,0.145916983852937,2.55171197717083,3.11437034371818,3.07939709735834,-1.12296363309471,0.377831494731825,0.370769939725563,-1.86896939633739,0.235195896440801,0.224452183677036,-4.56798478474698,0.336754294444818,0.329238966057814,-2.23169489178854
"MLT",2012,"EU-SILC",4337,3.58079301614922,0.478684166558196,150.934431770201,21,0.435814863890265,2.54735468194869,39.2861246023486,38.9431623563173,-0.872985690247408,0.291425911871033,0.285199546327541,-2.13651747832482,0.150312495384472,0.143034652110533,-4.8418085637678,0.935484540808239,0.93491753374145,-0.0606110568431961
"LTU",2010,"EU-SILC",5227,2.96964389334576,0.565070461276192,106.150221750243,27,0.324584266374105,2.54704590662205,21.5170789762093,21.3135760154436,-0.94577410340253,0.369372659880562,0.363362384267501,-1.62715768270574,0.256919216434401,0.248604193298934,-3.23643488052986,0.489565658130438,0.484736472500424,-0.986422464446368
"KGZ",2005,"KIHS",19067,1.42651474954058,0.583937812289591,24.0065854488114,87,0.320973411408276,2.5451603392297,4.58930141733087,4.54955109408695,-0.866151939678828,0.325614307740551,0.319733089825565,-1.80619148949417,0.172344952513211,0.164693733263691,-4.4394797398739,0.271847158018232,0.265564508417423,-2.31109629639319
"HTI",2012,"ECVMAS",9667,1.10970219933287,0.996008670289691,60.2033627387242,26,0.102702178823308,2.54328637952057,3.88027658307039,3.84342020250301,-0.949839007048892,0.511873285646581,0.507197541645475,-0.913457320828737,0.513821591435863,0.504706729765596,-1.77393512109828,0.738876273651763,0.736373655135499,-0.338706033135328
"POL",2017,"HBS",36620,2.97749426708947,0.515357298057235,92.1636831847385,230,0.386452107476581,2.5385028111749,20.1219489674536,19.9673212232471,-0.768453117819889,0.302965813270383,0.297580679642577,-1.77747237210572,0.150212059451416,0.143692890426745,-4.33997712865394,0.247174527470249,0.241459029286808,-2.31233300693967
"BRA",1982,"PNAD",32112,1.87378645299552,1.09570638635324,174.322252476292,144,0.0782199914353084,2.53602053227981,8.71939967203757,8.63462875701995,-0.972210452624067,0.578651686664205,0.574517989855328,-0.714367019770834,0.616985657093759,0.607515804258448,-1.53485785713682,0.706306668033308,0.703424259141055,-0.408095947937126
"FIN",2011,"EU-SILC",8838,3.95480389117958,0.497031798640286,231.805645834707,60,0.346909734954997,2.5352372032326,54.7140279130729,54.1310538736095,-1.06549282094455,0.277009163665825,0.269236986149944,-2.80574743919205,0.130660104244021,0.121382751956506,-7.10037110500716,0.252500302941114,0.244586897189659,-3.1340183196933
"MLT",2014,"EU-SILC",4376,3.65757990319803,0.476505816075386,161.91918478749,27,0.441498745116087,2.53495801773293,42.881447696772,42.5092921692017,-0.867870716963526,0.288436637320296,0.282223628620842,-2.15402896011285,0.140484280400792,0.133328221462857,-5.09385029949246,0.247293802254772,0.240879993273952,-2.59359875675825
"NLD",2017,"EU-SILC",12188,4.07832580347579,0.462397929230657,236.39865385614,81,0.440123367465697,2.53355444397865,59.7971318148951,59.3225846404223,-0.793595211124531,0.281735697887682,0.276003372207603,-2.03464655812426,0.139000398369689,0.132394062677795,-4.75274586934923,0.266875278320221,0.261150285196474,-2.14519424945667
"FRA",2006,"EU-SILC",9302,3.80724392937429,0.543747912507262,230.09394151334,43,0.340365691265018,2.5318631331839,47.45972090018,47.0412665581872,-0.88170417789214,0.298261192108262,0.292034786870698,-2.0875680116317,0.151326648610588,0.143783189612408,-4.98488472945183,0.326928226962564,0.321034925526669,-1.80262851288447
"GEO",2021,"HIS",13616,1.9438955554524,0.606642126386303,43.1128861322973,55,0.300354817932996,2.53092616261644,7.54675769033199,7.48524645616643,-0.815068360341831,0.34178617354017,0.336387773470227,-1.57946707265147,0.202746257572967,0.195553216532782,-3.54780459392525,0.344079239421247,0.338746156315294,-1.54995782800604
"POL",2016,"HBS",36852,2.95637918889954,0.522419493152709,92.1702737777593,206,0.349004412247904,2.52612832618986,19.7450117731371,19.5679057599917,-0.89696585233916,0.307963476295063,0.301713582276323,-2.02942702619454,0.155875823290321,0.148153629718966,-4.9540675445049,0.25497403039691,0.24834577008408,-2.59958251532999
"FRA",2020,"EU-SILC",7222,3.97855311430459,0.589966704530652,313.705054594683,27,0.227802150601903,2.52503806740273,56.1889551713267,55.4847895244884,-1.25321007427742,0.3119958529694,0.303277948133198,-2.79423740835996,0.171044203637678,0.159733600044369,-6.61267868349832,0.324371729452345,0.315869072545449,-2.62126940632323
"NLD",2006,"EU-SILC",8478,3.94600741904863,0.473865820857005,214.348861499216,36,0.336140614715273,2.52451343581197,52.0068931784266,51.4144857532675,-1.13909404879592,0.290482302320525,0.282321908071475,-2.80925694400667,0.147953393874906,0.138076375251907,-6.67576347140102,0.30166935757028,0.293752101777776,-2.62448127190368
"NLD",2012,"EU-SILC",9524,4.04954068254499,0.463629133496049,230.540852967365,65,0.414118305554921,2.51883092843247,55.6256926284112,55.1792873522523,-0.80251634643177,0.277500868747917,0.271668809762411,-2.10163629822854,0.134187090403783,0.127414370128953,-5.04722194545688,0.296558202927454,0.290984389129134,-1.87950080061819
"SRB",2006,"HBS",4559,2.54836180632101,0.509048918574451,58.880417320765,33,0.461311277251185,2.51820686762729,13.7253244847392,13.6513144261536,-0.539222651295945,0.297294789348854,0.293495828495989,-1.27784306653559,0.14918671307418,0.14477073260031,-2.96003603998848,0.260252285063222,0.256345858252787,-1.50101537417309
"FRA",2021,"EU-SILC",8526,3.99147655938838,0.591731219154425,319.472186510079,31,0.290934284629861,2.51661132055452,57.3969303697273,56.8819268428064,-0.89726667193426,0.306614696944823,0.300346830324292,-2.0442159762676,0.165965671313697,0.157913860683509,-4.85149161658217,0.319395618146645,0.313292997970111,-1.91067748892269
"HUN",2002,"HBS",9878,2.68776135284934,0.430408788914128,53.4628873927476,71,0.508581674054181,2.51587745472983,15.1589745970573,15.0494958205015,-0.722204367154911,0.268378903192851,0.263074350362488,-1.97651632347244,0.118093256867311,0.11237377253482,-4.8431929851143,0.202778843389486,0.197198325815614,-2.75202160175702
"JOR",2006,"HEIS",11636,2.62640675330167,0.608512901046754,85.7936896376064,88,0.314582997900364,2.50259559557538,15.0858616355808,14.9782158876055,-0.713553859737359,0.338562535509416,0.33381739194904,-1.40155600891764,0.18731416959,0.181036925237259,-3.35118499923464,0.290407284112179,0.285367592891908,-1.73538733220058
"BRA",2015,"PNADC-E1",62036,2.55074956451348,1.05797967962115,306.337857814915,211,0.124124800934525,2.49162177297,20.3944786419859,20.2665666278583,-0.627189428928343,0.518189749007279,0.515152573103993,-0.586112695031871,0.486814667116407,0.480846833205043,-1.22589443467539,0.617070677367722,0.614656404283218,-0.391247416714557
"PAN",2008,"EH",7134,2.87243822126399,1.06188861342969,427.564032827921,13,0.0457085682870714,2.48900585721492,22.4845976297012,22.1203880756428,-1.61981797520476,0.526838348693331,0.519050298533098,-1.47826181969274,0.515279156327897,0.499269476466923,-3.10699155290233,0.636845663586669,0.630867563300336,-0.938704717350958
"NOR",2010,"EU-SILC",5210,4.13015809187427,0.435220524323659,229.480868609048,27,0.400822019113585,2.48165904574638,63.1483135194881,62.5009975358336,-1.02507248028836,0.261469469865181,0.253836593624428,-2.91922274699555,0.122658671883141,0.114060011859232,-7.01023408446868,0.350483100800833,0.343896129252935,-1.87939776064718
"ZMB",2006,"LCMS-V",17304,0.801402132888343,1.0717643390595,55.5173258807691,54,0.0905301854438646,2.48151146555891,2.67966610854672,2.66342982489777,-0.605906967183811,0.546175053330816,0.543411029359425,-0.50606924547989,0.52890875016208,0.523053427394676,-1.10705726944562,0.61036760246116,0.607993723834692,-0.388926053233507
"AUT",2010,"EU-SILC",6173,4.11023898460535,0.541385214275692,309.325656800488,34,0.33169335696037,2.47652040816739,62.4610154892904,61.9401683485308,-0.83387555690464,0.314962323892911,0.309214949312716,-1.82478161487967,0.200792227247231,0.193611410263225,-3.57624250821409,0.930972154355048,0.930392580784827,-0.0622546622377151
"MLT",2017,"EU-SILC",3895,3.74464033118519,0.479444298759393,178.211888550984,25,0.494592631157493,2.47538120009927,48.5173138207214,48.1977482242299,-0.65866300362869,0.290891144016152,0.286207399553158,-1.61013649241016,0.144412332641118,0.139208917586797,-3.60316529700555,0.326075801925499,0.321749780841985,-1.3266918483276
"HUN",2015,"EU-SILC",6462,2.9463430073106,0.511864197506799,88.4056250875267,23,0.408474815271783,2.47244673141764,21.0570231969799,20.8975142289785,-0.757509580102111,0.307345770967283,0.302071832266689,-1.71596267096694,0.167644023597675,0.161290954060396,-3.78961886081036,0.332928446704807,0.327938807597654,-1.49871215768403
"FRA",2010,"EU-SILC",7524,3.98823318283413,0.631229465202268,358.497461255839,42,0.246430891762775,2.47026913143252,57.8601640600268,57.3143107785755,-0.943400853279774,0.326553562497969,0.32015151873035,-1.96048811063253,0.183622192391897,0.175188734659074,-4.5928314126779,0.314532943123491,0.308063722587195,-2.05677042031037
"DNK",2005,"EU-SILC",5911,3.94670384271703,0.406710703119858,175.359114139098,38,0.483477905936307,2.46972926796184,52.375076402825,51.9293763846952,-0.850977313525658,0.248188959681521,0.241754068165958,-2.59273882441068,0.110610596041639,0.103801686952672,-6.15574757991895,0.655105993787072,0.652192123533098,-0.444793709965818
"ETH",1999,"HICES",16556,0.898288899927199,0.606076512765615,15.1275629110119,222,0.240543125759727,2.46961742538003,2.33876339127018,2.31739319569838,-0.913739100396715,0.299757967349113,0.293309495243045,-2.1512262586697,0.149963986662208,0.141699207638534,-5.51117585470052,0.236043091989285,0.229058531721685,-2.95901913872471
"PSE",2011,"PECS",4289,2.54089210273087,0.611085323824605,79.3721915234132,35,0.355872033909008,2.46714612460396,14.2732655887452,14.2035867022506,-0.488177607719842,0.344152374145306,0.340946313313381,-0.931581785506252,0.194155915546266,0.190018524551915,-2.13096313996409,0.305793208807372,0.302445090475332,-1.09489623562851
"ALB",2005,"LSMS",3638,2.14210628981206,0.545440201699456,43.747168683792,23,0.385643952777674,2.46083143840102,9.1659745678596,9.10912369459836,-0.620238173697152,0.305956557502256,0.301634822481383,-1.41253224188248,0.154412756754798,0.149167102549681,-3.39716375470623,0.256503369900159,0.251952507069267,-1.77419221925356
"PSE",2004,"PECS",3098,2.46996800788625,0.618048906191174,75.4986463125974,25,0.307226411009554,2.46065161904599,12.8583605182882,12.7739128434391,-0.656753049729253,0.340446605252818,0.336097306022268,-1.27752756627415,0.194390815553527,0.188676932528935,-2.9393791102329,0.316021879958834,0.311557165750795,-1.41278642118745
"BRA",2014,"PNADC-E1",63971,2.56644675159648,1.04317871808069,297.669230668287,232,0.124095622264038,2.45763270027361,21.0150454785649,20.8679673329927,-0.69987069845846,0.519410499044072,0.516026970498556,-0.651417049086078,0.486285327701053,0.479619264962306,-1.37081305131319,0.611453341188438,0.608717829823346,-0.447378594706027
"BLR",2002,"HHS",4880,1.7436281280076,0.526350434752867,27.7345639748084,17,0.33215345663348,2.4568288511525,6.33530153374854,6.27177533078445,-1.0027336919274,0.303362441752464,0.296320752726782,-2.32121319468654,0.155854397493715,0.147229767530624,-5.53377389524027,0.267037517160227,0.25974048728794,-2.73258602382411
"MDV",2019,"HIES",4720,2.67733447172822,0.489682168514519,63.2048461165069,36,0.602695007298953,2.45681956750877,18.6904670702515,18.612208469926,-0.418708639176335,0.292850912634777,0.28988847843037,-1.01158441944186,0.13756614086845,0.134390044962438,-2.30877735317844,0.231173982077723,0.228092830446314,-1.33282803009076
"MDG",1997,"EPM",6345,0.676211384711115,0.744285200190569,18.339679391258,25,0.183515770220649,2.45478233275115,2.01258842584067,1.996839964623,-0.782497852788189,0.394683550001467,0.389915685977379,-1.20802197711809,0.26756871841587,0.260310213543034,-2.71276288043303,0.41748002852641,0.412902768931817,-1.09640205083585
"BEL",2012,"EU-SILC",5446,3.93006483423175,0.475288049347575,211.860699797219,32,0.360622560526952,2.4466830079755,53.0192435777801,52.4860482345645,-1.00566380663926,0.280321093333839,0.27302276677434,-2.60355953692277,0.141166255414646,0.132551358098488,-6.10266050541153,0.306058260390781,0.29913174745371,-2.26313543317767
"SRB",2020,"EU-SILC",3318,2.75025804019183,0.63595358188507,105.437544867973,12,0.299336972708494,2.4443963551614,17.9684979943401,17.8448902391951,-0.687913676390117,0.340415270992506,0.33586001802601,-1.33814589257856,0.214870104154413,0.208909460110428,-2.77406857852227,0.407336098937876,0.403277570458474,-0.996358655661811
"LTU",2011,"EU-SILC",5122,2.93229742170867,0.516074226566363,88.2805755891735,28,0.409168316218732,2.4283735063967,19.3662504749743,19.257181723944,-0.56318981917135,0.332895432635433,0.329127259312065,-1.13193902768104,0.208596527630623,0.203909561287725,-2.24690525587159,0.500418800870819,0.497632072388937,-0.556879253343889
"POL",2014,"HBS",37194,2.89674747092569,0.537991885173438,90.9875902597928,210,0.338581697806217,2.42740801492336,18.5148574285815,18.373493623303,-0.763515494643929,0.320801538449974,0.315587178897289,-1.62541600575842,0.170250768759425,0.163678151482923,-3.86055071844645,0.278181664323552,0.272717319574109,-1.96430802250408
"KGZ",2021,"KIHS",19920,1.93883757750875,0.544246323089045,35.5726308834981,118,0.325934316270737,2.4272165666196,7.03781253804431,6.98293299744291,-0.779781221860321,0.287936506704668,0.282350915055378,-1.93986921395116,0.13591443141055,0.129148641834511,-4.97797732427794,0.225764431168425,0.219775354358378,-2.65279910526706
"BOL",2020,"EH",9985,2.76750651423734,0.814050424891928,183.031412096769,24,0.167288408531658,2.42633407538963,19.5948253346344,19.4255797469368,-0.863725931756398,0.436440075519215,0.431536608075107,-1.12351447979989,0.34713342087152,0.339079891412013,-2.32000982195462,0.524482622887466,0.520350935878453,-0.787764327875307
"LVA",2018,"EU-SILC",5752,3.07952909989201,0.629542317241242,143.761553930427,33,0.352746850331046,2.4219500840566,29.1328227188544,28.9343546480036,-0.681252457978809,0.355362628478896,0.350949414016042,-1.24189042661702,0.228284976041263,0.222400351695613,-2.57775366898743,0.491535934795132,0.488086050594656,-0.701857983570076
"HND",2012,"EPHPM",6857,1.95364632619716,1.04068157437585,160.082778860721,11,0.0801664837986083,2.41927561651431,9.61082267304138,9.5066431185458,-1.08398165318151,0.53364007731868,0.528532993945072,-0.957027702879576,0.539512671685589,0.528993434981185,-1.94976638297284,0.680712257775791,0.677214885766386,-0.513781259181811
"HUN",1998,"HBS",10139,2.50791870192694,0.432783549170947,44.9823121622546,66,0.507067011423683,2.41860632294128,12.6152319248297,12.5382095937924,-0.610550257784981,0.263819210953829,0.259311029482572,-1.70881470494818,0.115144693534928,0.110337392204509,-4.17500901069368,0.20122248376802,0.196505830885099,-2.34399893818926
"MDA",2017,"HBS",5149,2.35606413585384,0.423825592781204,37.6201914984978,37,0.60521143697042,2.4180147192348,11.4992216857969,11.448850514396,-0.438039832410075,0.258992447215886,0.255743980234242,-1.25427093205396,0.108207591394522,0.104920268722918,-3.03797786203187,0.18687792373779,0.183489262121604,-1.81330226085988
"NLD",2013,"EU-SILC",9539,4.0408150298323,0.453946719315704,221.995072966059,60,0.416167517641865,2.41725581798685,54.8540690868348,54.4519772948808,-0.73302090190871,0.276209308094101,0.270876224963987,-1.93081224051171,0.130938183665093,0.124788587939488,-4.696564098777,0.258052428225279,0.252698834263183,-2.07461483657202
"GEO",2018,"HIS",11051,1.93833345855431,0.636679830140296,46.9166652884195,55,0.300916544578587,2.41468591906747,7.96762164670012,7.91640861673009,-0.64276433094983,0.364113631015898,0.360008322387627,-1.12748007176131,0.22914503500578,0.223494456387226,-2.46593980027163,0.373847025430395,0.369838573757683,-1.07221708347068
"BEL",2018,"EU-SILC",5610,3.98843623150897,0.460272057991725,214.702297430984,39,0.390582307670602,2.41443950899816,55.7338129251976,55.2267429139883,-0.909806784419909,0.273460702793528,0.266806230781324,-2.43342898786739,0.133829019651318,0.126270080253048,-5.6482065085472,0.28117941162603,0.274736236800782,-2.29148172264417
"UKR",2003,"HLCS",9713,1.96116513354801,0.486418506389172,30.5822768334793,55,0.484763312460137,2.41342828482415,7.63071402404154,7.59480387165498,-0.470600159741519,0.286648935928506,0.28328449902377,-1.17371337655165,0.134632339137203,0.13080196872036,-2.84505969471381,0.229597204261327,0.226061744200642,-1.53985327132313
"HND",2010,"EPHPM",6614,2.10717972855723,1.0284176454866,179.905671267884,12,0.10928570901315,2.41248130865002,11.179954097955,11.1068509834262,-0.653876696526101,0.530763069395915,0.527678873040148,-0.581087218309417,0.522763729440199,0.516526087480054,-1.19320480914491,0.645848641255691,0.643519759102024,-0.360592560687034
"PER",2008,"ENAHO",20801,1.95662254618929,0.945162828797899,120.555597020001,39,0.127880489906923,2.41142087283552,10.6800291358091,10.5766557720826,-0.967912750161148,0.474813752789568,0.469684608630917,-1.08024338564675,0.415640159247652,0.406390519591149,-2.22539604287653,0.578386806128713,0.574271282860897,-0.711552065885279
"BEL",2015,"EU-SILC",5810,3.96977179188843,0.480853495295709,224.153767359736,44,0.33400968638169,2.40853968915878,55.0503867833157,54.4731716639752,-1.04852146018986,0.281245226243133,0.273640499032729,-2.70394890323585,0.139137035828865,0.129950898216559,-6.60222316623477,0.318413083419118,0.311299781422734,-2.23398546316045
"POL",2001,"HBS",31824,2.62663348929198,0.575262563376322,77.6662794622794,158,0.306085554108858,2.4070659822151,14.2303245661405,14.125516526198,-0.736511942896168,0.328490263077329,0.323518233272237,-1.5136003601793,0.178769765039681,0.172356630163106,-3.58737109440823,0.289416622319253,0.284214871148828,-1.79732287963965
"SWE",2014,"EU-SILC",5765,3.93748384479368,0.464078179592633,206.379846016639,24,0.371429119945103,2.40517320212481,52.2660901538961,51.7755550055198,-0.938534233059851,0.285437402423467,0.278679481704872,-2.36756664025736,0.152593328063902,0.144585323693144,-5.24793873517531,0.354230518550659,0.34821571849695,-1.69799035902347
"DJI",2013,"EDAM",3375,1.15000021485926,0.909414612078506,48.3392592347877,13,0.18802662554376,2.40399525448372,5.18847414170327,5.15463414750863,-0.65221476045616,0.441270748553923,0.437608440544431,-0.829945792122722,0.349546489723259,0.343525421866042,-1.72253706852683,0.530589287450798,0.527517450838021,-0.578948102690879
"MDA",1997,"HBS",4408,1.59324703854156,0.672680732254745,37.0137414895835,15,0.243062994554856,2.40380187623883,5.52096814646363,5.47822171903376,-0.774256005393659,0.369421464450237,0.364511185610581,-1.32918070880463,0.235835732464672,0.228917442607139,-2.93352062693453,0.383507929614751,0.378735509709266,-1.24441231509332
"TUR",2003,"HICES",24791,2.22921609204817,0.725596096590224,81.9414019808215,78,0.242831281323674,2.40367355168247,10.8449599811582,10.7832619027651,-0.568910152736635,0.421843381304699,0.418540564866992,-0.782948502710157,0.302731684354133,0.297539014575769,-1.71527132663445,0.436120701038291,0.432911807129335,-0.735781149878123
"KGZ",2017,"KIHS",19969,1.85009197461027,0.492680088828675,27.8862083182184,143,0.343261943328761,2.40296511935145,6.26339812196323,6.20861359040017,-0.874677459364437,0.273350091456303,0.266951244698339,-2.34089797587888,0.122478944841835,0.114970614470013,-6.13030295249358,0.201991656674712,0.195087219208649,-3.41817953262369
"ARG",2007,"EPHC-S2",15375,3.04631002288432,0.88197506414945,296.555746319238,20,0.0886859424616618,2.40196438404916,24.9901555641841,24.6529041865613,-1.34953692767763,0.461605506845325,0.454248425101477,-1.59380285433056,0.390541713038008,0.377630980210969,-3.30585245980708,0.562728491986712,0.556753874044282,-1.06172302051684
"MDA",2007,"HBS",6052,2.23078342038654,0.59769701103438,55.9173357866138,31,0.364141568569748,2.40185627027273,10.9975783631772,10.9370506013189,-0.550373544606908,0.344210409650913,0.340592187986489,-1.05116567162906,0.197774607810003,0.193122540889658,-2.3522063685822,0.321255528573084,0.317565203725551,-1.14871948318666
"FIN",2010,"EU-SILC",10320,3.94890403745989,0.503675966720886,235.081423620134,77,0.333467795150157,2.40007565940977,53.9069259399793,53.3970397719115,-0.945863929684199,0.274346721123276,0.267430083311148,-2.52113011732332,0.127623064241363,0.119448022560685,-6.40561463499867,0.228415247766825,0.221178478226503,-3.16825151169805
"NOR",2015,"EU-SILC",6380,4.27798359897859,0.435769878025621,266.478411562762,29,0.352241494784052,2.39965109965444,72.4733758792369,71.6729152581595,-1.10448921602763,0.267526267361335,0.259358377965667,-3.05311679343836,0.131496513666488,0.121956905781465,-7.25464700092239,0.393941634519553,0.387277515228262,-1.69165142938454
"CRI",2018,"ENAHO",10239,2.94055652284942,0.875199259063484,261.426794572508,28,0.150066764356243,2.39776870172568,25.6872264917513,25.4636209463659,-0.870493143575457,0.478859633338829,0.47428899038015,-0.95448491383785,0.407532192850588,0.39934132553636,-2.00987000730783,0.562849761140113,0.559018780666792,-0.680639974966091
"POL",2007,"EU-SILC",12426,2.87075546658483,0.613944837647317,111.340155516639,43,0.278536557541225,2.39638909118101,19.6207304257807,19.4606644185843,-0.815800450456372,0.346223255362852,0.3408549759071,-1.55052538285635,0.210918580199262,0.20368357069661,-3.43023810221811,0.371874145292105,0.366757244972612,-1.37597635766635
"LUX",2016,"EU-SILC",3803,4.2583276826357,0.579102808060022,401.672109109783,14,0.247859386113706,2.3899973888971,73.7160851722513,72.9498546852668,-1.0394345890643,0.32812367180268,0.321083146767335,-2.14569250571454,0.188514718161501,0.179380621457871,-4.84529632100407,0.360510148800381,0.353865984146684,-1.84298962894809
"AUT",2007,"EU-SILC",6432,3.99765137784101,0.514007712542037,254.595119197719,32,0.345004398485736,2.38989464902442,56.9601087802947,56.4771865480381,-0.847825333549379,0.29587582955436,0.289867585740425,-2.03066395216674,0.152393553064486,0.145149639516226,-4.75342519587766,0.315056043253568,0.309298671484188,-1.82741194548253
"ROU",1998,"IHS",32014,2.0913136518613,0.516509253306633,38.1239011333809,153,0.341240007146054,2.38819590742003,8.62001725981854,8.54424836335255,-0.878987758170424,0.310832401341281,0.304731601357206,-1.96272974044842,0.163078267403261,0.155457738130677,-4.67292754204993,0.27718819798119,0.270882208541635,-2.27498482456413
"KAZ",2015,"HBS",47260,2.42347688966058,0.475733705775339,47.0249356604156,261,0.362843550567828,2.38473886724214,11.7242888385066,11.6153221118695,-0.929410117219442,0.268036674240284,0.261179528362121,-2.55828643509282,0.11717361998677,0.109105255496256,-6.88581994089193,0.194856336395258,0.187446088228748,-3.80292902124455
"MLI",1994,"EMCES",9066,0.600648041503082,0.985327334682851,35.0448982154269,41,0.0569089215891354,2.38204814726432,1.4234778984583,1.40951364319777,-0.980995579605237,0.504412367042967,0.499504404067582,-0.973006075199501,0.436677171509921,0.427042195271681,-2.20643002814288,0.534828144809246,0.530221002470349,-0.861424811616807
"TUN",2005,"NSHBCSL",12314,2.08603847187376,0.673181526874855,60.6781127610806,48,0.284870640104787,2.37884061870321,9.981020293792,9.91644185710826,-0.647012377320844,0.377333824713836,0.373287053419158,-1.07246449420422,0.240139439754425,0.234444338141911,-2.37158111901059,0.371865786246248,0.367816173448292,-1.08899849024402
"AUT",2004,"EU-SILC",4335,3.94712667952059,0.516126227883667,243.594598798893,22,0.361567361401013,2.37840624808174,55.1694492739083,54.738054208738,-0.78194557105068,0.294595214642578,0.289046567169226,-1.88348187531989,0.161597935952534,0.154888378338618,-4.15200700081132,0.933078567449822,0.932552021502207,-0.0564310408559421
"PRT",2019,"EU-SILC",12143,3.36623603240171,0.599501898489842,174.992257112149,65,0.371805761378972,2.3758515659963,32.989954728583,32.8567936664526,-0.403641239359021,0.334925625604494,0.332238288128348,-0.802368427705469,0.19765345832801,0.194262170846309,-1.71577442175207,0.377503669456562,0.375022596068805,-0.657231594948293
"ECU",2015,"ENEMDU",26877,2.52328264687121,0.918732610904756,196.267883688426,48,0.0940905711349923,2.36925617090453,15.6016546382359,15.4166810456733,-1.18560240469167,0.458795902000229,0.452307628772061,-1.41419598559638,0.37574929440625,0.364369913632108,-3.02845033737819,0.539015043548408,0.533490253356851,-1.02497884941894
"PER",2013,"ENAHO",29540,2.21254063224344,0.87314554134953,125.45877973473,72,0.16501760062266,2.3680297499813,12.8432856631393,12.7461819058498,-0.756066320070992,0.438828966160503,0.434559638355285,-0.972891065640558,0.348865999538651,0.341833345571078,-2.01586109763454,0.525251813072606,0.521644950589772,-0.686692057612381
"ECU",2012,"ENEMDU",17569,2.38360162936792,0.906012898845777,164.291177468515,31,0.0924215639738364,2.36746050369072,14.8001288118543,14.6015820834257,-1.34152027291506,0.460511509367265,0.4531809228156,-1.59183568761112,0.383921468563735,0.371012946285504,-3.36228196003795,0.553120314732622,0.547050302827494,-1.09741257796009
"ZMB",1996,"LCMS-I",11722,1.19324838017862,0.911391173078439,50.7759033941703,50,0.0944583695599263,2.36083246218917,3.61905413333512,3.5815764190066,-1.03556655821505,0.48333682561018,0.477935246281356,-1.11756006217932,0.404778712979615,0.394832888283973,-2.4571017142749,0.525254143465815,0.520291757057166,-0.944759117158989
"LCA",2015,"SLCHBS",2444,2.96630405775786,0.88387743788003,275.320637054815,4,0.092531702292342,2.35106976471201,23.2240955558486,22.9328397393362,-1.25411048112526,0.475411427419349,0.468758521133886,-1.39939974130954,0.416895334704727,0.40494845309175,-2.86567889310597,0.607047079616537,0.60206246848515,-0.821124307942611
"ROU",2001,"HBS",31794,1.81222724647209,0.479395888013172,25.8010428205426,169,0.391590020100292,2.34890318204741,6.22335337046236,6.17820713388057,-0.725432638873957,0.294290588007342,0.289145488131048,-1.74830595539321,0.145734991323038,0.139671167518135,-4.16085646271591,0.25202490760103,0.246685216900312,-2.11871546806458
"POL",2021,"EU-SILC",15117,3.5279376673646,0.474943509269528,141.566305179768,113,0.451999181811467,2.34635968587741,36.3188333912989,36.1065414673577,-0.584522970916801,0.284423502404466,0.280228194305987,-1.4750216008918,0.141834306173028,0.13712645884741,-3.3192585437505,0.280323784801601,0.276216412700545,-1.4652242598547
"BLR",2017,"HHS",5936,2.76509976828352,0.423710260083259,56.612541873506,41,0.526900097579062,2.34248576960532,16.7189764144694,16.6256283095103,-0.558336244067781,0.254445700626793,0.250275452747338,-1.63895395724217,0.106083926442996,0.101798406802202,-4.03974455366398,0.186383824070531,0.182029294440945,-2.33632379381712
"ITA",2011,"EU-SILC",17037,3.87041733993993,0.600728386515682,290.790332173779,72,0.223291313706216,2.34219416105624,48.6856405454371,48.1946378681506,-1.0085164163103,0.343212533900528,0.336529422795887,-1.94722233150671,0.227304055193057,0.218139550732531,-4.03182620421857,0.638768224187699,0.635102728384499,-0.573838156689888
"LUX",2010,"EU-SILC",4791,4.29914421182151,0.593194312535736,436.473275734182,19,0.292886318540871,2.33838721646682,79.9418288298387,79.3508498325845,-0.739261292748372,0.311969179492471,0.306854049095735,-1.6396268391182,0.165646827712981,0.159123922466423,-3.93783891706058,0.319111892329212,0.314098956543097,-1.57090221537188
"ECU",2016,"ENEMDU",27713,2.52746016133482,0.909075922453845,191.461726819636,61,0.113706455759686,2.33707629675784,15.2801062348768,15.140702837645,-0.912319555171925,0.449432248647435,0.444368545975788,-1.1266887694166,0.360939113981112,0.352264418777546,-2.40336801071116,0.532815366541787,0.52852033745017,-0.806100829916723
"SLV",1999,"EHPM",9227,2.01374783544537,0.956775586954167,132.168099876696,24,0.120254643001407,2.33607359840841,9.59476134061178,9.52955893077192,-0.67956260218669,0.511559538016153,0.508222263403099,-0.652372669268575,0.532128186758506,0.525693262140281,-1.20928091733379,0.782206654620225,0.780717554304503,-0.190371726822669
"CRI",2004,"EHPM",8435,2.42142813725364,0.911200930396983,173.301166611528,20,0.159916990314635,2.33490606666213,17.1656085774666,17.0419457512372,-0.720410381440073,0.483119667492045,0.479374005429713,-0.775307302593731,0.428777605756098,0.422058020159398,-1.56714938151941,0.630699078113104,0.628024555306279,-0.424056875875956
"XKX",2012,"HBS",2344,2.13447734405093,0.51473108423416,39.593723045851,11,0.264730842581421,2.33291635632249,8.68233485263355,8.58460003937441,-1.12567431362655,0.289722690759774,0.281653681245795,-2.78508027549305,0.140611021840987,0.130852178190009,-6.94031202049986,0.236497324722043,0.227944572029277,-3.61642682546951
"KIR",2006,"HIES",1161,1.69468719147425,0.653773222905151,38.7064735093234,10,0.245128507850699,2.33090809928124,5.54919682154671,5.51473074434325,-0.621100283731735,0.369730014271323,0.365799923422351,-1.06296235016714,0.233689481358265,0.228170048621614,-2.36186614158713,0.366077988535968,0.362149848721152,-1.07303359880354
"ITA",2009,"EU-SILC",17677,3.86271595736155,0.590341696106488,279.706557775702,87,0.272544470852347,2.32858432068649,48.9097014929384,48.5331226105084,-0.769947210747957,0.335501590430699,0.330355127492815,-1.53396081707923,0.208045224459809,0.201253232174328,-3.26467108443204,0.556771659923092,0.553357220473076,-0.613256689553432
"KGZ",2004,"KIHS",4625,1.5291440071873,0.599867720530188,27.9033615931183,13,0.282994200620225,2.32518072309392,5.13382888118253,5.09342297676726,-0.787052029789537,0.347734293098154,0.342575964592746,-1.48341092834112,0.196744895390992,0.18997101289306,-3.44297750875338,0.308083411010856,0.302674507137679,-1.75566216156529
"THA",2000,"SES",17788,2.16572375738953,0.792689993538525,94.0469135420171,63,0.154679663987079,2.3249598858816,8.56659283931642,8.51289444207252,-0.626834941862198,0.428336678303286,0.424735229626948,-0.840798572422985,0.30170831654602,0.295848350360477,-1.94226206709465,0.410810902945191,0.407105198502396,-0.90204627390057
"CIV",2015,"ENV",12861,1.22551671245169,0.766082000787851,33.9117890939553,50,0.194362376870588,2.31567173115418,3.92964511522708,3.90455919348144,-0.638376265796514,0.414747999819829,0.410993740698095,-0.905190410409373,0.296205846950085,0.290352169818998,-1.97621930537845,0.445313910381447,0.441765832418295,-0.796758843691492
"CRI",2003,"EHPM",8289,2.48578197801748,0.924166846585348,192.151191480242,21,0.140332240733862,2.31553432093981,18.3896705835334,18.233501522265,-0.849221635368991,0.491251847907519,0.486899408429831,-0.885989436218326,0.448177487504853,0.440184647979873,-1.78340941877261,0.633879098991086,0.630748310429917,-0.493909416819671
"LUX",2020,"EU-SILC",2769,4.36296527157497,0.580128336869633,447.354024463815,9,0.275864763138405,2.31331452899144,84.4756304450025,83.7555355324383,-0.852429166578339,0.342241770633235,0.336599058080847,-1.64875039710903,0.201296496052505,0.193856556822886,-3.69601030098337,0.406842934515757,0.401799528845843,-1.23964440378377
"TUR",2013,"HICES",10006,2.84082112750164,0.708021786685638,143.292283893158,45,0.234211340482802,2.31129420219199,19.7598330672793,19.638731970147,-0.612864980791716,0.401784978771517,0.398103424545319,-0.916299618132621,0.275519119843065,0.270023721348856,-1.99456157428882,0.414695532266207,0.411111327753678,-0.86429783628047
"KGZ",2014,"KIHS",19837,1.83831306880703,0.475388085422242,26.166430878679,151,0.344307681920185,2.30949861491803,6.20190886999641,6.14876890214499,-0.856832452158385,0.268190037768684,0.261878028861235,-2.35355830513471,0.11752031127704,0.11025595012057,-6.18136650382569,0.194886301985088,0.188079164088986,-3.49287652685978
"TON",2015,"HIES",1803,2.04468819759002,0.588985194813344,45.2247173784928,16,0.31962801691362,2.3054427481006,8.4502482272108,8.39998345957174,-0.594831847391242,0.335213041270796,0.331245410679116,-1.18361462807007,0.186874967518333,0.181779886410105,-2.72646528097904,0.298106631870058,0.29397243552469,-1.38681797162123
"IND",2016,"CPHS",4666600,1.44840011979301,0.682174774892916,32.9477984706409,40687,0.196710280498599,2.29648748044315,4.21729464137771,4.18525670471478,-0.759679827645654,0.347403905890358,0.342414142977372,-1.43630017636046,0.19833139744155,0.191346167979814,-3.52199881201093,0.290945252391792,0.285548605351287,-1.85486685077008
"LVA",2011,"EU-SILC",6356,2.80537049321524,0.526384109918114,80.1999445094072,42,0.441311183270162,2.29583971642582,18.7169402815313,18.6411606569447,-0.404871861782852,0.349268691345753,0.346632160444322,-0.754871812664271,0.229600508155219,0.226339356755529,-1.42035896431237,0.481411375286368,0.479346313658032,-0.428959873893253
"UGA",2012,"UNHS",6886,1.08529797300217,0.807350913892324,33.3597710573971,43,0.183084035468622,2.29375638415779,3.68471754719644,3.66127551829441,-0.636196088350405,0.410099666936246,0.406328272345818,-0.919628786485904,0.279510264824166,0.273654744977769,-2.09492121875416,0.396266501047333,0.392417920954192,-0.971210052570437
"CRI",2019,"ENAHO",10251,2.93235437420722,0.878317845290271,261.728553169379,29,0.131439437262397,2.2934651909173,25.5535257001402,25.3114790205962,-0.947214417236553,0.481452397872641,0.476498407998275,-1.02896774348955,0.406723751218084,0.39776789150373,-2.20195149349703,0.549170657931869,0.544867173487893,-0.783633353643232
"PAN",2017,"EH",6681,3.16366459993364,0.985629357337434,455.116154936538,12,0.11001675421739,2.29323106529627,30.8062071760113,30.6004536845916,-0.667896214045693,0.497493401906988,0.494118810756437,-0.678318775207054,0.460651742282657,0.454286797906259,-1.38172588794712,0.618121163052507,0.615556148614855,-0.414969522315856
"BLR",2001,"HHS",4751,1.62534278491069,0.543097285833649,25.910146335886,18,0.318883865472273,2.2916117701947,5.76739027555181,5.7178473573496,-0.859017958472963,0.305767237019346,0.299768412349865,-1.96189255852199,0.158332062091138,0.151086992446122,-4.57587019920577,0.271444585274827,0.265256597655063,-2.27965041686098
"BLR",2012,"HHS",5318,2.71919688232717,0.461175969021115,60.5049263739605,28,0.451878704217155,2.28899553033745,16.2946470155294,16.1950721509459,-0.611089423960143,0.265261990425702,0.260758023268173,-1.69793159973691,0.116440179546924,0.111581623257391,-4.17257711937452,0.203322197696303,0.198598861759078,-2.32307932470794
"CHE",2007,"EU-SILC",6582,4.2414783894998,0.59681637471431,416.517098523886,25,0.239544418196979,2.28872367742955,71.8677977733903,71.2206859296535,-0.900419748184322,0.339188077223871,0.333192065515079,-1.76775426715089,0.198782950825677,0.190662107160429,-4.08528177669032,0.358601030670866,0.352820305847374,-1.61202125177324
"HND",2006,"EPHPM",18659,1.99504726073106,1.17383195796691,248.773572316853,23,0.0426257399301633,2.28725219288535,10.2602545048332,10.1316181846265,-1.25373420460536,0.575103363018725,0.569710292077174,-0.937756808314072,0.667101231424709,0.654720021113243,-1.85597173685669,0.770393832382219,0.767478937188696,-0.378364295117595
"MDA",2002,"HBS",6155,1.55422104375601,0.620166460698329,30.4084468234233,27,0.296719073789184,2.2849631630655,5.39378815397994,5.36076974333585,-0.612156237907302,0.35845907150805,0.354516297999261,-1.09992292626376,0.213526464206023,0.208193321665776,-2.49764944128951,0.336302390491099,0.332265181884347,-1.20046979174209
"POL",2022,"EU-SILC",18087,3.60367485317836,0.465308588194122,148.353897357588,141,0.449175686208262,2.28437495088334,38.3861326007615,38.1756190394894,-0.548410446713854,0.284679991789593,0.280747520101308,-1.38136567433641,0.141405192857025,0.137019436113186,-3.10155281798857,0.278527231496275,0.274672197251394,-1.38407803939702
"BEL",2017,"EU-SILC",5725,3.98373057258126,0.466853847106177,217.955761631348,38,0.316081134674551,2.28228213323622,55.1082693210131,54.5394601808168,-1.03216658262822,0.275601622921239,0.268059245501023,-2.73669557539979,0.1349646421571,0.126085871477036,-6.57859016862311,0.342340643065831,0.335594372530794,-1.97063091154489
"MLT",2010,"EU-SILC",3759,3.51607340924194,0.508509098706779,154.717474008876,16,0.404724354105291,2.27816469320007,38.0256849885576,37.7855765561712,-0.631437494048059,0.302447970195646,0.298025909634244,-1.4620896805957,0.162949901898268,0.157737183358766,-3.19897003850712,0.573409105054635,0.570737525300613,-0.46591163803843
"POL",2004,"HBS",32186,2.74247393215952,0.62763851228023,102.042507737957,118,0.251586410568781,2.27563305397845,16.5384369213264,16.4188078666057,-0.723339547079704,0.354260608195502,0.349562919626535,-1.32605445265155,0.209370651383906,0.202908581037109,-3.08642606023486,0.33137894197198,0.32655111737089,-1.45688937636169
"GEO",2000,"HIS",10455,1.38450814411449,0.759929779811491,39.0287082203495,30,0.176659787215487,2.2739987856959,4.78782908944528,4.74790194698512,-0.833929986101134,0.404781133561243,0.399782197010552,-1.23497271394801,0.301424398420086,0.293728621249756,-2.55313677680621,0.515646645095576,0.511588018855678,-0.787094472251459
"GEO",2008,"HIS",19676,1.63412363983609,0.698247230592184,41.631843017787,68,0.211679059268053,2.27288532424105,6.17202334917731,6.11986622992113,-0.845057063225962,0.385348533360026,0.38011676351758,-1.35767218233002,0.258318780849845,0.250621610962136,-2.97971748797627,0.418704572229252,0.413778890824776,-1.17640974834614
"GNB",2021,"EHCVM",5350,1.22927335969689,0.575452472767447,19.2138385648746,41,0.366959307240685,2.27056267793394,3.88736018087352,3.86960220034175,-0.456813356764418,0.334350673992799,0.331304077669919,-0.911197900843941,0.180647571312434,0.176809130684788,-2.12482271406125,0.285772447296559,0.282559127863127,-1.12443290591195
"AUT",2019,"EU-SILC",5944,4.20224256865443,0.52267364966611,320.622211128581,28,0.294424576951912,2.26789117790801,64.9646209919271,64.435284672419,-0.814807061791167,0.307450484348699,0.30177349441388,-1.84647291964587,0.181328740800166,0.174299151814266,-3.87670975647881,0.803600876653622,0.801994303017072,-0.199921837223438
"HUN",2014,"EU-SILC",7658,2.9375691058805,0.545120517244671,96.8274625054048,28,0.318862062108337,2.26600393429814,19.9835824340533,19.8394997135159,-0.721005460421975,0.315041022346373,0.31007722247532,-1.57560429244523,0.172346274833571,0.166173917595875,-3.58136968359551,0.299461149283144,0.29445652394375,-1.67121022255278
"THA",2015,"SES",29380,2.66770457169486,0.686085682334536,112.838954267444,94,0.198454590415518,2.26558491386727,15.9913438636208,15.8529804740426,-0.865239286693031,0.359873327631409,0.354294399000973,-1.55024787948439,0.211564349656148,0.203697517579256,-3.71841101285618,0.319883676921493,0.313987498735955,-1.84322571326005
"FRA",2022,"EU-SILC",10107,4.00026648236442,0.617486072761502,348.181780324919,39,0.258532675946489,2.26295242741269,57.5570621323544,57.154736871515,-0.699002426347339,0.314978935809907,0.310165227593708,-1.52826353413817,0.175899140094717,0.169710087255039,-3.51852364732728,0.337632786478368,0.333016869860171,-1.3671411080489
"PER",2022,"ENAHO",34152,2.30119758372581,0.773949906732731,101.803787010849,145,0.191794204650095,2.26106580027779,12.4330868695379,12.3472203580131,-0.690629064413573,0.403480762793515,0.399338276322885,-1.02668747871643,0.284015185688021,0.277688612634402,-2.22754745958137,0.456076435274892,0.452310750262867,-0.82566971690935
"ITA",2013,"EU-SILC",16218,3.81939431781987,0.608341032577199,282.708806483004,75,0.222036280487966,2.25612204893612,45.7603828698301,45.3556889007531,-0.884376274185106,0.34807940634107,0.342269075807779,-1.66925432169858,0.232906044339924,0.224826872154854,-3.46885466539422,0.562534997692649,0.558649515025999,-0.690709499424347
"POL",2015,"HBS",37093,2.91771299445888,0.538949009249677,93.1825080497915,197,0.315936585270065,2.25337874535014,18.8813118428598,18.750242008951,-0.694177581513389,0.318235288773345,0.313479001404401,-1.49458200794687,0.166978676607541,0.160996654099115,-3.58250683857412,0.272818741019215,0.267817260153988,-1.83326147116654
"ECU",2014,"ENEMDU",27062,2.54365203852273,0.903679338945884,191.462133994835,70,0.117296998661648,2.24853300845375,15.4868806109023,15.3632323251358,-0.798406657047734,0.449386765370598,0.444957970909207,-0.985519557466175,0.354562174633708,0.346922807496269,-2.1545916863049,0.506836671663337,0.50287273496,-0.782093507624193
"POL",2014,"EU-SILC",11830,3.14992266608755,0.577467058665466,131.936908456301,51,0.331090124516512,2.24836102878222,25.3231979570192,25.1906711174034,-0.523341640501851,0.331308876666193,0.3277975722995,-1.05982803781935,0.193305480862757,0.188813098807501,-2.32398069377292,0.357365409709781,0.354032047120746,-0.932760277986044
"KGZ",2018,"KIHS",19948,1.91199950409319,0.510309766992919,31.278432579543,122,0.332172205094489,2.24757472338456,6.69444661378078,6.64788218303743,-0.695568034667626,0.276903270917199,0.271847431716158,-1.82585029938209,0.124770987715938,0.118821658485897,-4.76819919353836,0.204249075713155,0.198780864659177,-2.67722682949013
"MYS",2009,"HIS",38369,2.69460406034437,0.869454775049537,200.932370344305,101,0.147605679986317,2.24611769411206,18.8983963058556,18.7705036740857,-0.676738013639178,0.454797122307529,0.451086072999464,-0.815979065398609,0.357650351546195,0.351292345189842,-1.77771567366449,0.491893057630172,0.488439040258943,-0.702188680578242
"GEO",2015,"HIS",10997,1.90823327770086,0.656837118348706,48.363463038526,41,0.254597470618823,2.24111492710794,7.82625554556781,7.77399231790224,-0.667793523496352,0.365036755639437,0.360775556106619,-1.16733437578205,0.225388262562693,0.219458729527349,-2.63080826300554,0.357788412716798,0.35351096816388,-1.19552349961201
"SWE",2011,"EU-SILC",6658,3.87251347772322,0.442072042215237,181.04210062721,30,0.377306481063865,2.23642373539404,49.2116953082355,48.794196852893,-0.848372430024125,0.275177340820708,0.268985192713571,-2.25023909623848,0.140519099949264,0.133207187985507,-5.20350042549168,0.321429757745521,0.315732494963878,-1.77247521250132
"PAN",2021,"EH",6031,3.21216197687119,0.998220963205613,496.123489492582,10,0.102614163060439,2.2348313387716,30.937174086072,30.7548733907552,-0.58926098036497,0.507492162327938,0.504575697324743,-0.574681782240072,0.464481765074521,0.458845401905151,-1.2134735081508,0.598086396379325,0.595706224734879,-0.397964517978555
"PER",2021,"ENAHO",34174,2.28539342450197,0.761543148461386,96.54631775089,139,0.205863105571203,2.23331446405953,12.1276615759104,12.0555660038201,-0.594472162989601,0.401204587295329,0.397629193314678,-0.891164780730413,0.27895969882587,0.273554166350704,-1.93774674188348,0.427651514600012,0.424247066004133,-0.796080097848584
"UGA",1996,"NIHS",5831,0.850224351445444,0.72055273873323,20.3256283004049,28,0.177374909318733,2.22924729120546,2.30974613803645,2.29430874958686,-0.668358664849555,0.390437185837495,0.386341631805584,-1.04896617957256,0.25217294079016,0.246032821883036,-2.4348841266966,0.364947143362992,0.360694612447744,-1.16524570546345
"LVA",2017,"EU-SILC",5928,3.01035065010343,0.593718311804421,120.482629078801,31,0.388018438792175,2.22874538270872,26.870648332643,26.7392648149927,-0.488948074582696,0.342901698984877,0.339681904423637,-0.938984720918912,0.209641435500148,0.205598400121626,-1.92854784116322,0.399203088611555,0.396308396022457,-0.725117783824214
"NOR",2007,"EU-SILC",5980,3.99043115404506,0.449398144924366,208.226324939215,28,0.346405155298234,2.22764807279688,55.1078281067176,54.6015263602156,-0.91874741556055,0.263306616154427,0.256488721009756,-2.58933681357726,0.128291485911813,0.120577007917529,-6.01324237493596,0.6110237124991,0.607459724671617,-0.583281426657989
"ARG",2021,"EPHC-S2",28897,3.10720099579609,0.762916507751646,220.511648035836,39,0.108504098743715,2.22504820585124,24.2235392365812,23.9238179877302,-1.23731402716908,0.423991720195969,0.416780157841964,-1.70087339221442,0.321397102195357,0.309587538741299,-3.67444615193802,0.49713460444315,0.490845674417516,-1.26503566024708
"PRY",1995,"EH",2747,2.39298534089243,1.15183270592811,346.708184291867,6,0.0848676237723073,2.22479652410752,15.0025259500332,14.9629932716012,-0.263506815876979,0.578970573166048,0.577859116827284,-0.191971127770074,0.642875627313271,0.640336526201886,-0.394959927474159,0.727225014323652,0.726504617429618,-0.0990610718615392
"PER",2020,"ENAHO",34377,2.13638190458056,0.822378481473587,99.8348528196032,97,0.163965359221842,2.22238095464399,10.8896842985016,10.8113686036851,-0.719173234684811,0.437426264788447,0.433356372877323,-0.930417818667706,0.343249014672928,0.336585964587276,-1.9411709286336,0.714683919222222,0.712620897113919,-0.288662169780973
"NOR",2009,"EU-SILC",5415,4.12163473945002,0.451785682421456,239.126281463303,23,0.320055929435526,2.21889398160995,63.0978120621354,62.4630763504231,-1.00595518444799,0.269679367480902,0.262274257522291,-2.74589414376873,0.132437819646793,0.124002715284301,-6.36910542999613,0.336308989128997,0.329702314095169,-1.9644657881248
"NAM",2015,"NHIES",10060,2.01362081500709,1.11083723128948,209.795345200858,24,0.110408685463411,2.21817589839072,11.6544138332828,11.6275307173339,-0.230668966568948,0.590666143599554,0.589721199449481,-0.159979399583299,0.642662594772759,0.640471017531164,-0.341015216914864,0.684879607122636,0.684151642352178,-0.106290910531925
"KAZ",2014,"HBS",47546,2.47694111416648,0.472484575017384,49.1263150461611,246,0.327285218848565,2.21442786829728,12.2844171628143,12.1731707734141,-0.905589479140612,0.270158597993554,0.263499518829138,-2.46487774732052,0.11891155612776,0.111158086217471,-6.520367038136,0.198257832136047,0.191082250437624,-3.61931814804626
"PRT",2015,"EU-SILC",7955,3.23878869831782,0.618331556671407,163.005406396279,34,0.296903475862724,2.21424297690387,28.7545019318206,28.6017761096863,-0.531137080713262,0.355621727966343,0.352190912564144,-0.964737284703809,0.22899133975731,0.224429503927228,-1.9921433862597,0.419684650145188,0.416624281099687,-0.729206809074923
"ROU",2003,"HBS",32007,1.90372089447373,0.484989842264442,28.7515138430359,191,0.357000332495781,2.20291397865968,6.82917460717052,6.7813767651393,-0.699906574083498,0.299112871703991,0.294182687225851,-1.6482689126861,0.149633576657659,0.14375001031557,-3.9319826963367,0.255359154230238,0.250224232684562,-2.01086252856485
"POL",2015,"EU-SILC",11169,3.17845135404201,0.567969233918028,131.941554526419,42,0.320462019345892,2.1997571867257,26.0280692952007,25.8783375403053,-0.575270309899656,0.328236884840416,0.324359490489915,-1.18127929235817,0.191209377089639,0.186314442182949,-2.55998684855047,0.362261895140634,0.358629007076566,-1.00283472062603
"TCD",2011,"ECOSIT-III",9246,1.47585588797817,0.788065020227007,46.5278449107158,12,0.076254731921609,2.19670540591177,3.81128409764223,3.76304109724023,-1.26579386805195,0.433212117565992,0.425953721719901,-1.67548310672206,0.331301996376448,0.319192423484828,-3.65514636919366,0.480552298223605,0.473902135915102,-1.38385818423635
"FJI",2002,"HIES",5244,2.15177361167402,0.685989263112723,67.3391237290866,36,0.229164081336924,2.19627402867525,9.82824801681596,9.76670984242294,-0.626135749603918,0.381020544774614,0.377126863509947,-1.02190848185658,0.240102676496487,0.234478944077242,-2.34221979584098,0.360262858678086,0.356262861551731,-1.11029961318568
"BOL",2000,"ECH",3676,1.96908664874697,1.24811929350962,302.912664890157,4,0.059537900637549,2.19508012352639,11.1018709881868,11.0385238662265,-0.570598613763229,0.614668600760448,0.612459672060136,-0.359369048228431,0.862818917496964,0.857264052669144,-0.643804246195057,0.8895486818285,0.888914894166086,-0.0712482268100167
"SWE",2021,"EU-SILC",8837,4.06157980164608,0.47151312241539,238.917706624653,29,0.224565822710578,2.18964323453164,58.910444059105,58.1570430198152,-1.2788921409826,0.287475059228388,0.278255270191676,-3.20716136608802,0.155139326231469,0.143747631394409,-7.34288017988681,0.801725707159176,0.799165821391501,-0.319296954658743
"ITA",2006,"EU-SILC",18205,3.82798314461054,0.58705045001731,267.50399335712,83,0.289876233256668,2.18913628371122,48.407611371714,48.1233332868527,-0.58725906279159,0.335893524425832,0.33197740586759,-1.16588093352954,0.207243485201132,0.202110106005992,-2.47697976617118,0.462356784676892,0.459211948854297,-0.680175121641868
"MLT",2013,"EU-SILC",4373,3.6146675260565,0.486207341136437,159.6988013354,18,0.284582612136329,2.18686588302181,40.694348134175,40.2588923389013,-1.07006455500394,0.293604485436288,0.285976428467303,-2.59807235494027,0.149117570676523,0.139885688041687,-6.19100927741276,0.283234773094013,0.275615757120562,-2.69000020379623
"DOM",2001,"ENFT",4052,2.36294373558428,0.918637844032861,167.144259301204,21,0.110776552885647,2.18539857731778,13.3946146984624,13.2870456282051,-0.803077002801889,0.499954321393968,0.495911164678685,-0.808705224111161,0.440872421585195,0.433272094275516,-1.72392895031895,0.567520986252386,0.564025032326331,-0.61600434358221
"NOR",2014,"EU-SILC",7342,4.24588634827131,0.439145822543124,260.687876418298,35,0.381690014682653,2.18243076183786,71.3391793534892,70.7772707518129,-0.787657787443907,0.263612032945046,0.257776158056511,-2.21381202646067,0.127243182282161,0.120666703735972,-5.16843293938214,0.936215679857405,0.93571034987244,-0.0539758087625852
"CRI",2023,"ENAHO",9477,3.00145460494029,0.858004828900881,263.8733073725,31,0.153851422830744,2.18161718714559,26.0858413523534,25.922720991862,-0.625321446557914,0.467137402027083,0.463788693316749,-0.716857330584708,0.383963135578703,0.37814928851687,-1.51416803414474,0.536570993802265,0.533662478489504,-0.542056008684133
"MNE",2007,"HBS",1090,2.85361494495891,0.551876562308882,90.8531650005198,6,0.297892189287895,2.179212897686,18.5402450570667,18.4068581277779,-0.719445341084923,0.314480677233788,0.309526283581056,-1.57542068921743,0.166215560131618,0.160109663011896,-3.67348105970785,0.280520871531959,0.275400488042961,-1.82531284072909
"BLR",2016,"HHS",5968,2.7281321154462,0.42222265502815,54.3149809161532,39,0.516645388265455,2.17534792054262,16.2804313984537,16.2068912166126,-0.451709048987792,0.253066161736815,0.249688655090021,-1.33463384579473,0.105394498238478,0.10196815942197,-3.2509655378354,0.186358273695547,0.182850437278055,-1.88230785139348
"HRV",2004,"HBS",2846,3.38794368656759,0.51763213298314,139.887717857167,15,0.38776354993504,2.1738656385371,32.6741024969578,32.5062449907621,-0.513732569123582,0.296774046088951,0.293152312701246,-1.22036729135648,0.146485041197022,0.142284382341519,-2.8676367369506,0.25261772430992,0.248860034066736,-1.48750063102205
"KGZ",2007,"KIHS",19201,1.67082760441756,0.578551958450197,30.1590028251975,97,0.273573110855287,2.1684390021098,5.72411784359554,5.68250076198011,-0.727047953109305,0.339118216649371,0.334288701921482,-1.42413898480811,0.188759869082463,0.182471074340588,-3.33163758400792,0.299729334930666,0.29467375437959,-1.686715300071
"GEO",2010,"HIS",21793,1.61365806381156,0.714080367259939,42.7726622310414,67,0.204510244976399,2.1659548151929,6.08112595787069,6.03688599367987,-0.727496264627714,0.394614637294529,0.390183701464634,-1.1228513620966,0.274302788508763,0.267673754405258,-2.41668491215268,0.445076354685769,0.44103154404912,-0.908790277008764
"BEL",2007,"EU-SILC",6046,3.89949081905627,0.486109029046173,212.261266741981,36,0.34910960341165,2.16557732540793,51.9718050173367,51.5873398587955,-0.739757178749012,0.280079916181778,0.274728128156702,-1.91080749310212,0.138010586427337,0.131898174199694,-4.42894446424313,0.357570449274263,0.352884994569052,-1.31035848032762
"COD",2012,"E123",21232,0.502131604864454,0.776639974492374,16.980260601843,112,0.172655110421119,2.16249453911953,2.03093778249162,2.01633615154423,-0.718960032811899,0.420997092292485,0.416809227488136,-0.994749104214587,0.30260112480788,0.295967570709139,-2.19217760771775,0.440597848623248,0.436563186945895,-0.915724325472922
"PER",2017,"ENAHO",34545,2.2451261480516,0.862943867850537,125.707496469608,67,0.162473636534741,2.16033119102046,13.2824719694334,13.1997681254501,-0.622654007278101,0.432920495427788,0.429372337491143,-0.819586500088965,0.336433562123076,0.330683338675142,-1.70917057491152,0.502421329208038,0.499313975839618,-0.618475607577995
"GRC",2019,"EU-SILC",8103,3.24991230405403,0.624047151424753,167.679389175672,42,0.179583223141795,2.15930222238541,26.8135230584223,26.5356621107481,-1.03627168674844,0.328299237113277,0.321273831017001,-2.13993981772551,0.187451436191556,0.178000099845566,-5.04201863587288,0.31921042603502,0.312130016812103,-2.21810086558387
"KGZ",2010,"KIHS",19558,1.82589710954293,0.538531279815607,31.2334910125124,118,0.272902947002045,2.15726412515233,6.25279718141427,6.20314494842585,-0.794080337932701,0.30133915051674,0.295755372948722,-1.85298775762878,0.156147641207463,0.149191895438091,-4.45459548129239,0.283062180708259,0.277400023892859,-2.00032261506388
"LTU",2000,"HBS",7111,2.31765705722916,0.552679692318065,53.2871990379537,32,0.346259550253729,2.14944965412121,11.4134886796949,11.3526735024777,-0.532836005921911,0.316749339181888,0.313099626371777,-1.15224007081993,0.167402733878963,0.162980477420746,-2.64168711928843,0.279576928910501,0.275802921461961,-1.3498994581733
"NPL",2010,"LSS-III",5987,1.57386198482484,0.586152337258834,28.003205803439,41,0.285799848984812,2.14901872497311,5.19347127913777,5.16189572877014,-0.607985462333727,0.3284058613367,0.32430591698815,-1.24843823793577,0.17531630168296,0.170058175729204,-2.99922249287736,0.27668907830171,0.272329309610966,-1.57569236830855
"MNG",2022,"HSES",22985,2.42377072287674,0.533295645152322,55.9052144930469,81,0.384387374149585,2.14734971491614,12.3030518990142,12.2537549351373,-0.400688904522151,0.3141647461098,0.31141328153114,-0.875803097811223,0.161991300023917,0.158715391409326,-2.02227441480364,0.269134444953593,0.266268630770665,-1.06482623709583
"CMR",1996,"ECAM-I",1728,1.29375069911816,0.873936998752224,50.1772479250967,7,0.121232547417299,2.14717932637915,3.30514444510289,3.29500822275417,-0.306680162307216,0.444467582080187,0.44276067626988,-0.38403381464126,0.325144046677724,0.32224783583061,-0.890747001738756,0.423289973473498,0.421519283945792,-0.418315962737215
"BGR",2009,"EU-SILC",5364,2.66349328496353,0.565495792752986,78.255621196918,28,0.342667979958368,2.1434213158721,17.4173231276589,17.3121534674457,-0.603822180035252,0.335570755309447,0.33154469951285,-1.19976360660038,0.203799943176481,0.19876941905644,-2.46836384821001,0.383869823980999,0.380195995791075,-0.957050531303427
"GRC",2017,"EU-SILC",12216,3.19371876803421,0.670718947932369,182.340462355486,42,0.162592501716428,2.13983163476119,25.5525597028826,25.3022498662542,-0.979588109915275,0.348474767329953,0.342035318700667,-1.84789523747302,0.22815479194693,0.219074231222758,-3.98000000205325,0.474854258834531,0.469679182225141,-1.08982419618439
"POL",2016,"EU-SILC",10916,3.22915201369047,0.554639814877069,133.362563187713,49,0.341058842311374,2.13969427583756,27.3765388029469,27.2456093833425,-0.478254101246067,0.317207178214598,0.313934359134173,-1.03176072459833,0.179755244746048,0.175752269528096,-2.22690315579211,0.353699939504538,0.350650912226597,-0.862037828508677
"CRI",2022,"ENAHO",9547,2.91929894807089,0.868647048910227,250.946581758204,25,0.130247121667378,2.13908807426084,24.4837823109069,24.2869033430291,-0.804119908345025,0.471097987625306,0.466814406717037,-0.909275993697467,0.387581988968095,0.379997873418697,-1.95677708595041,0.531321748551693,0.527529905683092,-0.713662273177651
"POL",2012,"EU-SILC",11655,3.12123040861862,0.571905217703904,126.083711297688,54,0.301481007708335,2.13473196083807,24.8413836558055,24.6912051427669,-0.604549710754321,0.331692211009203,0.327635007245371,-1.22318330945657,0.192728179660636,0.187531453843784,-2.6964016502425,0.364566350150123,0.360755035103109,-1.04543796909525
"BGD",1991,"HHES",5722,0.945792367716855,0.50534307490395,11.7261523673051,50,0.352039622562899,2.13470589088741,2.72581258898408,2.7089052096075,-0.620269326105216,0.275708055997719,0.271196449039652,-1.63637110339071,0.12443382094885,0.119239079071649,-4.1747025347201,0.206819280204578,0.201984834566468,-2.33752174039488
"GRC",2012,"EU-SILC",4712,3.32848080769426,0.590188224833756,163.865420165819,18,0.300303467510963,2.13228218819247,29.928358691227,29.782295168445,-0.488043879348588,0.344631988741518,0.341422412933779,-0.931305250989267,0.223623103624047,0.219368141942614,-1.90273796064763,0.529622011322398,0.527335061438666,-0.431807937517992
"LTU",2002,"HBS",8025,2.31717850206758,0.556646318603245,53.8992982245399,30,0.34564540546794,2.13163121581437,11.3463758190476,11.2908133781177,-0.489693288993398,0.319155676057309,0.315813399853467,-1.0472244282574,0.170180147770349,0.166072452479446,-2.41373353162587,0.284497856993804,0.281048199081974,-1.21254267019139
"GIN",1994,"EIBC",4415,1.42628959795455,0.885457419150389,59.3031162614191,17,0.0799130970778797,2.12650896749183,3.88170071264299,3.84654695576564,-0.905627699808309,0.460816094730638,0.455893451201777,-1.06824470437343,0.358415560516328,0.34973512579512,-2.42189114465436,0.469650272038039,0.464809121898192,-1.03079896426744
"ARG",1987,"EPH",1384,3.32432057418999,0.875331596897169,383.874380472512,7,0.110288044028089,2.12206701626529,32.4008916501995,32.1366905612628,-0.815413019459399,0.448417122529476,0.443886252204924,-1.01041420965242,0.353257102153385,0.345511536463868,-2.19261428639421,0.501605720911922,0.497514954673801,-0.815534206963053
"NLD",2014,"EU-SILC",9541,4.02926871956133,0.46947548476207,229.911665899799,51,0.319148789458353,2.12027419198028,53.7440788352584,53.3383173005396,-0.754988351298302,0.281064793933823,0.275605402311251,-1.94239610950989,0.136400408954433,0.129999260305299,-4.69291015928891,0.25525735810751,0.249703239540181,-2.17588970147883
"MLT",2011,"EU-SILC",4064,3.55271423687996,0.491474557414957,152.495930298603,22,0.442130672353642,2.11668727658298,38.5043900691321,38.3636038255541,-0.365636861992302,0.290258667482363,0.287662040123953,-0.894590807893114,0.145628058878537,0.142745542248873,-1.97936898415143,0.332199289882049,0.329824596977889,-0.714839849598503
"ITA",2012,"EU-SILC",17026,3.86397572141571,0.611184689371522,298.130046669226,91,0.227246390343358,2.11032282372222,47.934347777484,47.6002680655182,-0.696952660160655,0.346935965193551,0.342359281624454,-1.31917242034685,0.228698460877354,0.222462057369639,-2.72691100927854,0.595804315314456,0.592982710172666,-0.473579171762195
"SVN",2013,"EU-SILC",8846,3.55546156134716,0.423011428268714,124.523673466392,54,0.464970761497087,2.10845850843863,37.1065958125639,36.9032173087228,-0.548092594827143,0.255855022404434,0.251764196085784,-1.59888450897148,0.112691122610836,0.108402703542714,-3.805463082422,0.209889366229656,0.205711825551747,-1.99035365771641
"GRC",2020,"EU-SILC",9414,3.36288783833042,0.567281865899135,158.338229180397,41,0.207443179468051,2.10546667402278,28.534342677867,28.2620234590583,-0.954356025940462,0.329767090764776,0.323317074002295,-1.9559310019449,0.200308209977805,0.191721619341261,-4.28668931617675,0.510550890533074,0.505864725693873,-0.917864394342471
"ZMB",2022,"LCMS-VIII",165221,0.562973209838785,0.994041270668358,34.6430463114445,535,0.102722303553788,2.09903639366756,2.52718097954427,2.50972066624212,-0.69090078801185,0.515274311284246,0.511905060349036,-0.653875200339915,0.468435127235292,0.461848921132262,-1.40600175351977,0.578208287392608,0.575277258852784,-0.506915691755538
"DOM",2022,"ECNFT-Q03",5609,2.54333668589988,0.668510952605602,94.525490958424,17,0.245033590794186,2.09753781030729,14.3745584032564,14.3046658103946,-0.486224278346636,0.369731481566205,0.366657281975815,-0.831468171811511,0.23052843911727,0.226224720309837,-1.8668927894155,0.362398238496323,0.359311624630504,-0.851718782802457
"CIV",1987,"EPAM",1600,1.77992920817952,0.715781018458096,50.7683060666224,9,0.203214560195387,2.09265455655216,6.80278190971123,6.76359177399729,-0.576089844332628,0.405100991339883,0.401663064119301,-0.848659295848986,0.274458160924396,0.269320996253711,-1.87174782975413,0.401086485375056,0.397642250637417,-0.858726200763871
"LBR",2014,"HIES",4084,1.16493420635479,0.575400397751172,18.0137508004927,23,0.334939476765416,2.08587603393509,3.85034743841968,3.83036912665545,-0.518870363876389,0.332378843621457,0.328907133114762,-1.04450405713796,0.182633982404989,0.178330041596018,-2.35659363733735,0.298031765577923,0.294449791931034,-1.20187646439086
"TLS",2001,"TLSS",1800,1.12344032155363,0.680271232332143,23.6710792588262,9,0.23420652457032,2.08440446701438,3.18126584251392,3.17039460724534,-0.341726715299884,0.359352923029054,0.357161277568566,-0.609886637908741,0.211215264477229,0.208194424707453,-1.43021849166671,0.321281585301674,0.318976452271166,-0.717480595205344
"BDI",2013,"ECVMB",6680,0.751599300060146,0.728784759950731,18.8771761256053,62,0.159115752073063,2.08302743245664,2.29027551793521,2.2726050113802,-0.771545013542563,0.386248187209289,0.381482107623791,-1.23394225353752,0.246737138346157,0.239631217805642,-2.87995580565833,0.359761195458881,0.35480709356415,-1.3770528776491
"PER",2014,"ENAHO",29974,2.2303170866309,0.860110874114466,122.81138326005,73,0.15755462817079,2.08099715594832,12.9073781637489,12.8322710095005,-0.581893187721694,0.431385634160596,0.428061182837842,-0.770644884645522,0.335684035472463,0.330272082572222,-1.61221634881261,0.507173170862335,0.504297137298271,-0.567071313960521
"LUX",2009,"EU-SILC",4160,4.28118457661863,0.609684392788222,450.445798170576,18,0.228666231559539,2.07670632141228,80.2324949382279,79.5963190759138,-0.792915467484634,0.325615447709356,0.320234944705552,-1.65241024086996,0.178555349634321,0.171566311806236,-3.91421362753792,0.294973063871385,0.289402658038838,-1.88844559548518
"SWE",2022,"EU-SILC",8529,4.07940096412396,0.485253884920637,253.448999880038,29,0.229951950065975,2.07608991068804,59.0482954952002,58.4052107076379,-1.08908272824662,0.295160810590741,0.287406809001479,-2.62704305959268,0.165005096873761,0.155169574456723,-5.96073854892103,0.442749705945699,0.436663594878419,-1.37461662549953
"TUR",2019,"HICES",11481,2.923641707113,0.728097923525974,165.328677551726,34,0.196676589426101,2.07491528381789,22.2029019215689,22.0673733204992,-0.610409403007184,0.419091086803742,0.415527093197511,-0.850410261266088,0.3014905875159,0.29589540029396,-1.85584142710414,0.443157464494245,0.43975373281933,-0.768063712702838
"LTU",2006,"EU-SILC",4061,2.66876321174555,0.555032071884583,76.2379543598319,23,0.341503826497701,2.07239278699915,16.3747088374173,16.2957160839609,-0.482407072032009,0.351547662879322,0.34841416352277,-0.891344101362546,0.225845459222797,0.221856368762109,-1.7662920806182,0.437092322440725,0.434412349831025,-0.613136509636125
"HUN",2003,"HBS",8311,2.77115676877649,0.528026114429045,77.8851349191384,55,0.33477512444302,2.07095485270844,16.9350411465439,16.8450641474595,-0.531306645822505,0.309257555158108,0.30557807737065,-1.18977781660903,0.159155316652319,0.15475215183872,-2.76658355260481,0.266362823409571,0.262533724166526,-1.43755017837349
"IRL",2015,"EU-SILC",5095,3.72240693337659,0.557548538116814,220.313723777747,28,0.261246315778952,2.07059697527398,45.204254757077,44.8438183119066,-0.797350707598987,0.317055025863343,0.311575842846559,-1.72814892363375,0.172903928694331,0.165998740751769,-3.99365589591029,0.329060189587801,0.323741940588783,-1.61619337960013
"POL",2003,"HBS",32437,2.75107898738102,0.625888322308886,102.385382593715,125,0.22106325060894,2.06840702943877,15.8578805364673,15.7562114756411,-0.641126414040183,0.349113337076187,0.344919673808899,-1.20123261471762,0.201925298191397,0.196200397173288,-2.83515788729123,0.317921150868338,0.313559295714758,-1.37199275407339
"TGO",2011,"QUIBB",5491,0.683419931564075,0.857918321833316,25.9760483742011,14,0.151614046427622,2.06589497892609,2.66223181133462,2.64661623605901,-0.586559562887334,0.460205819927431,0.457025336577001,-0.691100201847017,0.362516453926214,0.357086343557875,-1.49789349132408,0.491362941288253,0.488371434990884,-0.608818054028681
"AUT",2017,"EU-SILC",6041,4.20937565031773,0.504510524543952,305.792639621605,26,0.281581607012378,2.06580870404107,65.2286286475129,64.742185788158,-0.745750553769176,0.306232361420678,0.301029097842899,-1.69912270330932,0.184173458331835,0.177767906466715,-3.47799944852998,0.823561338046034,0.822240934244202,-0.160328531808529
"ESP",2011,"EU-SILC",12931,3.7452276902154,0.603241316885006,258.514462683888,37,0.269873081504083,2.06336378466283,46.2956445216808,46.0380579053229,-0.556394924445303,0.350427867184581,0.346799977625208,-1.03527427442346,0.227609321169447,0.222760902556429,-2.13014941044902,0.474454540135614,0.471542584426265,-0.613748096607247
"FIN",2014,"EU-SILC",10413,3.98846589058448,0.489758634135049,234.567124701982,60,0.307838154045575,2.06199171779646,54.9511608723681,54.5401595930272,-0.747939211503623,0.27168139451801,0.266199413987906,-2.01779755283921,0.126127648832499,0.119602683567591,-5.17330286047959,0.30568195443484,0.300528264930731,-1.68596458814113
"IND",2015,"CPHS",4458653,1.45015869042157,0.687041915167977,33.4912575436182,32403,0.164499558544161,2.05728059371623,4.16595375152445,4.13534136426128,-0.734823022266251,0.346825520738851,0.341994662225699,-1.39287861598568,0.197464991787184,0.190659235928988,-3.446563259948,0.289375080709781,0.284140807692582,-1.80881954464125
"MNG",2010,"HSES",11190,2.01490332317132,0.592606952997272,44.3771271385415,50,0.278741096491925,2.05715781408655,8.48863406604992,8.43770675782855,-0.599947032998582,0.330812121314749,0.32677827947272,-1.21937546483984,0.179685836138228,0.174374650971476,-2.95581737598147,0.289074401113107,0.284834987127913,-1.46654770151544
"SWE",2007,"EU-SILC",7119,3.74908024057683,0.436859557265915,157.536773314424,30,0.358585075624029,2.04843397880793,43.9096342823614,43.5750777714764,-0.761920513237768,0.262460486247014,0.25680941600043,-2.1531127703791,0.126711753596071,0.120454134164407,-4.93846802216332,0.701705854380659,0.699440924722273,-0.322774798620562
"ESP",2010,"EU-SILC",13422,3.79041507550546,0.597315005793726,265.697938208115,49,0.287618836130507,2.04742987953034,48.9323661521647,48.694707584301,-0.485687871959095,0.347538863647021,0.344361848154652,-0.914146826351936,0.22932142072076,0.225171791095805,-1.80952551746473,0.912371480392652,0.911944648233025,-0.0467827161194867
"FIN",2016,"EU-SILC",10063,3.99195875500807,0.48477006945133,231.891354720576,55,0.340143351277333,2.04446307633507,55.1596596203079,54.8207037716076,-0.614499529245693,0.270858050080963,0.266358643294945,-1.66116782745541,0.125082101072927,0.119949033484538,-4.10375868678106,0.356799988223363,0.352901329215255,-1.0926735248845
"CRI",2015,"ENAHO",10630,2.89852565680741,0.889379845578997,261.560389947364,35,0.15288157150874,2.04282509428909,24.9272535535457,24.8179109972327,-0.43864662457942,0.483054845656752,0.480781220651125,-0.470676368546963,0.414353513897308,0.410305485815063,-0.976950344687622,0.572895010309331,0.571018449629392,-0.327557518597765
"BEL",2013,"EU-SILC",5811,3.95849245077027,0.466989519761281,212.610320735999,31,0.307829082741228,2.03944987074592,54.5422406046381,54.0843553492596,-0.839505767094362,0.2744023837084,0.268269120919969,-2.23513466083773,0.135508110627369,0.128373836060188,-5.26483214484419,0.492139802373876,0.487900067071303,-0.861490024201028
"THA",2016,"SES",29891,2.64907128349417,0.702752107493482,116.434351294615,108,0.176090830690606,2.03943895201158,16.0052530340412,15.8838658857009,-0.758420676525218,0.368906279303287,0.364087859088612,-1.30613667617012,0.222203515600067,0.215214889898773,-3.14514632336967,0.33206440825231,0.326987004593191,-1.52904181626758
"NLD",2011,"EU-SILC",9807,4.07055485584388,0.463662018505301,235.459967909095,55,0.333788818715317,2.03308021837112,56.2743356664142,55.9161723253918,-0.636459474431694,0.278452473003367,0.273839716889923,-1.6565685568137,0.132245440899419,0.126898781620346,-4.04298193019741,0.250369645995686,0.245675680306677,-1.87481420534923
"COD",2004,"E123",11901,-0.0874474963081805,0.755667337310944,8.84236624517547,48,0.164854140841708,2.03183763445748,1.00419993629575,0.998373230968455,-0.580233588620516,0.421636321340056,0.418265477773028,-0.799467075396798,0.300818090752801,0.295484939505013,-1.77288248670179,0.434842099547046,0.431557753324732,-0.755296284728291
"BLR",2000,"HHS",4651,1.41950410470005,0.545998747981284,21.2743122793902,19,0.353218484533906,2.03089928579183,4.64598123489496,4.62677083860572,-0.413484155832289,0.311674836497341,0.308825666888136,-0.914148104230805,0.165276196723962,0.161899753268611,-2.04290970041561,0.287287586363199,0.284401947575839,-1.00444256011525
"GEO",2017,"HIS",11587,1.93682469440386,0.68050704830376,53.4285816310746,44,0.214994837894145,2.02834917486475,8.13431551000107,8.08419188093993,-0.616199715876609,0.379397331351441,0.37555530697287,-1.01266510359608,0.24784577444225,0.242340739055572,-2.22115361823956,0.392801726239117,0.389066255176655,-0.950981325420208
"HND",2003,"EPHPM",29116,1.72948841625853,1.21843154892781,218.062793096907,40,0.0495988793804777,2.0237094571839,8.38417232987602,8.32265774325156,-0.733698977122188,0.578732383690479,0.575620232900707,-0.53775300596216,0.647828479187635,0.640653083208772,-1.10760736975646,0.738191224952464,0.73625650135282,-0.262089758621664
"KAZ",2004,"HBS",47222,1.87098964648059,0.555092936461949,34.3385440285033,147,0.238857356856488,2.02150032430113,6.71583289023844,6.66209244523224,-0.800205214818861,0.318387585278113,0.312897041429316,-1.7244842772374,0.166691883752857,0.159646949898903,-4.22632085938851,0.271072694525499,0.265266221148716,-2.14203551078685
"FRA",2005,"EU-SILC",9073,3.81343416414101,0.56081203851037,243.683506708428,43,0.291184090891884,2.02065352463505,48.0440017366676,47.7827665258623,-0.543741573062839,0.306444401997371,0.302659927390745,-1.23496287808127,0.157778626984971,0.153132925922182,-2.944442572207,0.421541027515743,0.418420984677026,-0.740151642440323
"SWE",2015,"EU-SILC",5824,3.95558121881952,0.458767047398408,206.826930914493,22,0.330612157892292,2.01211439799565,53.3717811413214,52.9816748279089,-0.730922418308477,0.282850797307027,0.277579655610573,-1.86357675022985,0.151009211104445,0.144865105167715,-4.0686961356817,0.485154081181862,0.481422622863242,-0.769128502336791
"BEL",2016,"EU-SILC",5696,3.98801400174487,0.469660493352962,220.742194930056,36,0.27944668263187,2.00884823076586,55.7069057135691,55.2046952646284,-0.901522787000364,0.277133448902321,0.2705649495095,-2.37015756085631,0.13518743311873,0.127223754622168,-5.8908423015684,0.305056853570609,0.298828884427482,-2.04157653572751
"ITA",2008,"EU-SILC",18079,3.86729070188362,0.578103880423299,270.860070674504,84,0.250507414170355,2.00790154441157,49.6442130744921,49.3259307125251,-0.641126814699267,0.326467758893453,0.3221277624109,-1.32937981296005,0.196079895827864,0.190445537403932,-2.87350133482216,0.422280141791556,0.418588679636941,-0.874173750855045
"IRQ",2006,"IHSES",17492,2.32548635683193,0.514798396710297,47.9367074959079,114,0.342176890172913,2.00638887639015,10.6758025804459,10.6256327999672,-0.469939192867308,0.286006123918012,0.282642479039641,-1.17607442536252,0.133182332975595,0.129292994367737,-2.92031121618097,0.221461340169726,0.217876427023117,-1.61875347808397
"URY",2010,"ECH",40341,3.06858534286053,0.812666458696122,246.308476270307,121,0.127732624130119,2.00513257895659,24.3856540791159,24.2113056647788,-0.714963042497818,0.444666374704591,0.440670778750768,-0.898560399687975,0.338753990484762,0.332034954873593,-1.9834557820423,0.472384179517058,0.46859391774396,-0.802368482571403
"BRA",1981,"PNAD",29306,1.86258011588087,1.11583952260426,183.112127483224,139,0.0670349524556313,2.00225065373567,8.56030587306872,8.5116562203623,-0.568316756758336,0.573512528528931,0.571076598965762,-0.424738683462866,0.607160278099992,0.601656244271819,-0.906520737060912,0.958260588265177,0.958022032917729,-0.0248946216059975
"GHA",2005,"GLSS-V",8683,1.0825421536153,0.859144401683415,38.8603852877836,21,0.119335591812044,1.99728115597439,3.40138979143307,3.37982874485116,-0.633889318895964,0.427655358865528,0.424007782083141,-0.852924371639663,0.319014236907294,0.313046675436591,-1.87062543933971,0.466690413034469,0.463295836351337,-0.727372276850446
"KAZ",2019,"HBS",46273,2.47556057432278,0.49215279242199,52.0403277460608,273,0.352165036617411,1.99029697584685,12.4168246748524,12.3529608281153,-0.514333160122649,0.279682817086561,0.275965325439973,-1.32918127946255,0.125767608549773,0.121479496670752,-3.40955189374023,0.2063285689963,0.202326633402004,-1.93959353945236
"NLD",2010,"EU-SILC",9500,4.0872606874867,0.465633709768991,240.846985472213,58,0.341647702788238,1.9890134646509,56.9717153561477,56.6613884597718,-0.544703445272587,0.278819971984389,0.274877669235791,-1.41392408891651,0.135511695442949,0.13096543871657,-3.35488144511685,0.300230899897989,0.29648140279784,-1.24887115264386
"NLD",2022,"EU-SILC",13178,4.16477223015167,0.447879608804512,246.758729738007,95,0.319771226537704,1.98879521656507,65.2676465792748,64.7586701628136,-0.77982958347198,0.257438827533278,0.25161487235369,-2.26226759785679,0.120021562205191,0.113580306155228,-5.36674905043399,0.278642428350413,0.273113483379645,-1.98424375049394
"HUN",2004,"HBS",8694,2.81159600232972,0.519154995167923,78.9694436049265,54,0.269934253538099,1.98339062224657,17.5994959303821,17.4635947566544,-0.772187875523811,0.300224274111138,0.294784146607241,-1.81202120315022,0.150125506633953,0.143213877297577,-4.60390075700387,0.251427662172342,0.245677305769775,-2.28708184011422
"HND",2011,"EPHPM",6502,2.03942097155529,1.02511180133295,166.460222263566,7,0.102597717734948,1.98259586879689,10.7502403369771,10.7078909051494,-0.393939395773657,0.525433361591378,0.52355763798031,-0.356986013485461,0.523514614134122,0.519751767699051,-0.718766264298876,0.683700123408231,0.682450092057266,-0.182833278533556
"DJI",2002,"EDAM",10355,1.38990132019961,0.805509922101332,44.9895880577231,58,0.140746411858096,1.97907664638677,4.72746173039707,4.69722287022489,-0.639642622123093,0.399978389744565,0.396120064960268,-0.964633311005059,0.273394131150268,0.267461282800905,-2.17007158288319,0.410548474408377,0.40676751800364,-0.92095249170896
"ECU",2019,"ENEMDU",15689,2.69845588088503,0.84427036770636,187.02961700208,42,0.0958049373418988,1.97650560510866,15.3868584429875,15.2619199307913,-0.811981943286733,0.456880491164355,0.452437201583979,-0.972527754260633,0.371796425111715,0.36404396361343,-2.0851361053176,0.537697887956181,0.53391821091563,-0.702936932655174
"TGO",2006,"QUIBB",7469,0.646226371106063,0.774377035937346,19.4793996493596,39,0.20419746677311,1.97536429553513,2.53952512509452,2.52913669312387,-0.409069863810541,0.422125752059245,0.419756541515576,-0.561257050087827,0.294023860483193,0.29036503225831,-1.24439840320094,0.413469829878568,0.411077421295853,-0.578617449166163
"ITA",2010,"EU-SILC",16726,3.87220417026791,0.590980225674129,282.914532658486,67,0.207253107506346,1.97002115476738,49.4813618792151,49.0929177430493,-0.785031214609588,0.335711362631637,0.330462854175829,-1.56339911007634,0.211820385344898,0.204843295980358,-3.29387058435328,0.584449589741023,0.581181441667553,-0.559183910954297
"SVN",2006,"EU-SILC",9472,3.47915203428733,0.417536609894723,113.495349665449,52,0.492305890405734,1.96751049255563,34.5249279169656,34.4043906293916,-0.349131178097983,0.246348632026193,0.2437169744774,-1.06826554186534,0.105163253054906,0.102566580886642,-2.46918205060515,0.266391532658498,0.263948952812002,-0.916913470229441
"MKD",2000,"HBS",1025,2.19831223398205,0.532650608358826,44.5344950728126,9,0.249859568179169,1.96572624729114,7.58767257937285,7.54979340500131,-0.499219938331497,0.342638721068744,0.33934702991054,-0.960688607503646,0.204010135541929,0.199626568644077,-2.14870054676854,0.342472784174263,0.339210339664499,-0.952614239881755
"KAZ",2020,"HBS",47124,2.50708050133097,0.510183036047236,56.6918017012561,264,0.303551482915358,1.96518792188682,12.7100736060809,12.6323855794668,-0.611231917467892,0.286839197189701,0.282460327073039,-1.52659404975451,0.132163754682354,0.126940860576184,-3.95183544741345,0.21282283949853,0.208077816570565,-2.2295647117315
"ETH",2010,"HICES",27756,1.39008475919892,0.69529191871397,32.3288659999893,182,0.0990254653920076,1.96186632342382,3.38345582111637,3.34909075080641,-1.0156795929027,0.331706008234379,0.324851406835772,-2.06646886955512,0.187107639935322,0.177371763924408,-5.20335568033422,0.291739236997976,0.284487884501652,-2.48555956029128
"CIV",1986,"EPAM",1599,1.81271283695976,0.678620669196643,46.9261385117799,14,0.252646857496929,1.96054734648223,7.44323992589518,7.4158690973304,-0.367727345044355,0.379697614251531,0.377412955324042,-0.601704841362516,0.23675150748613,0.23355778761236,-1.34897551769837,0.354940077462743,0.352587058100628,-0.662934256096148
"SVN",2005,"EU-SILC",8260,3.44654928658395,0.418831064691264,110.282193987521,49,0.465705831667035,1.95925311829344,33.3492459433028,33.2094404109216,-0.419216472297324,0.24790738435002,0.244751120274088,-1.2731625902179,0.105577910894622,0.102408140773427,-3.00230426453387,0.209240183937736,0.206075307785271,-1.5125565715457
"ITA",2018,"EU-SILC",17847,3.91975737643953,0.603055524621603,307.638056372148,81,0.220030920426312,1.95899298006041,48.1902976735939,47.9231519721152,-0.554355781921334,0.3546669749769,0.351073792867819,-1.01311437562381,0.245672955665019,0.240676896350575,-2.03362201627763,0.723549782680808,0.722013915093377,-0.212268405601723
"LVA",2009,"HBS",4358,2.72614549124916,0.603038965615799,93.2479792545433,14,0.292625285040252,1.95850674073445,17.992408137199,17.9128927760994,-0.441938402537789,0.348317405981276,0.345428616203017,-0.82935556152316,0.205185942048614,0.201350533646584,-1.86923546698057,0.336258885713139,0.333351014448264,-0.864771575837531
"THA",2014,"SES",30447,2.62344757235916,0.714023495936001,117.391917613798,87,0.157082457091608,1.9555749727502,15.277690503637,15.1633259203483,-0.748572457737795,0.370326640317039,0.365582907981866,-1.2809589747883,0.224746682194615,0.217873693471419,-3.05810464300593,0.338034996837986,0.333069400615653,-1.46895921096368
"TJK",2009,"TLSS",1503,1.65434654647723,0.549949517001189,27.2266179933938,11,0.284120274184389,1.95151001040509,5.56665722807946,5.53537969672251,-0.561872773469363,0.307749545116396,0.303848967745075,-1.26745187221821,0.156511876472661,0.151803510340211,-3.00831236489133,0.260733945809061,0.256642397755892,-1.56924256274841
"CRI",2020,"ENAHO",7610,2.76445921860194,0.895606268360744,233.05582652452,21,0.157113370165225,1.9456548496275,22.1939643401877,22.1283082600974,-0.295828537362641,0.491419970763144,0.489913329186524,-0.306589407483771,0.432419766741342,0.429697712074283,-0.629493579253382,0.594796235410159,0.593597271056091,-0.201575646026253
"PER",2019,"ENAHO",34524,2.31914491202669,0.816253253632797,117.672421255692,85,0.173898631326422,1.94230352693817,13.8146091341139,13.7509182236816,-0.461040264071066,0.415276147093542,0.412571745215365,-0.651229765327144,0.305091633634295,0.300898765876171,-1.37429784887174,0.468551576569004,0.46610171568316,-0.522858316641062
"HND",1994,"EPHPM",2070,1.77057268387803,1.17089648231605,197.011505547343,5,0.0465211767430524,1.94113341556663,7.34973890136479,7.29872273429333,-0.694122168911204,0.549677463836902,0.546532791092774,-0.572094173586402,0.562150744493841,0.555389409248176,-1.2027619480879,0.687045259874559,0.684858390959821,-0.318300560742879
"NGA",2003,"LSS",18812,0.876185514115184,0.759526182299017,23.4475042583308,49,0.160821952648524,1.93889927796836,2.91665931289062,2.89781696072778,-0.646025131545636,0.4006357932005,0.396742624672586,-0.971747555756919,0.278038249622414,0.272079446847971,-2.14315936117981,0.426761743127279,0.423050436941493,-0.869643599866654
"MLI",2006,"ELIM",4493,0.911230150548252,0.70439945186644,20.5822387265209,26,0.228803394697749,1.93743546706481,2.91704147907142,2.90761854377797,-0.323030555480708,0.389299620077989,0.387323106135493,-0.507710216131307,0.252352283878876,0.2494607080321,-1.1458488912127,0.377944776854769,0.375944318180381,-0.529299198426769
"FIN",2013,"EU-SILC",10684,3.98222577691476,0.493645932293028,235.84235010846,64,0.277201131642603,1.93641319463837,55.1610464546409,54.7466583361858,-0.75123324354599,0.270794846518717,0.26528220986897,-2.03572435761442,0.125012615703266,0.118453592184669,-5.24668928947598,0.39617438105217,0.391664469438471,-1.13836528291447
"HND",2002,"EPHPM",26270,1.86770966569964,1.15845066432127,209.152083306518,41,0.0586719118784097,1.93321771122671,8.87484215550582,8.82598566112163,-0.550505502274046,0.556230843391624,0.553775878630706,-0.441357179322932,0.595047101879433,0.589698525741606,-0.898849203858698,0.723596095137182,0.722066495190908,-0.211388640230892
"SUR",2022,"SSLC",2540,2.85036912506332,0.744602543670031,161.446974272773,15,0.159053252905998,1.93146728867395,16.8450842766544,16.7765136484004,-0.407066103842624,0.391798967538778,0.389316859432596,-0.633515734299739,0.266531317025409,0.262799157366915,-1.40027059489508,0.409273342225662,0.406869602428014,-0.58731892592282
"MDA",2014,"HBS",4884,2.32479758489229,0.447622206872094,39.160328469437,34,0.429013686343475,1.93059253602243,11.4271067321877,11.3744990312837,-0.460376385177208,0.2683385260743,0.264963602863858,-1.25771101891933,0.115574528254355,0.112001507603434,-3.09152951336936,0.19732102681188,0.193768047693345,-1.80060846831178
"LUX",2017,"EU-SILC",3948,4.30974509432873,0.578293588335407,421.83990049333,13,0.258739426245559,1.9303529519883,79.7464516199258,79.298529775186,-0.561682476951686,0.317230831795941,0.313385430508482,-1.21217766434875,0.178358704614482,0.173594256115342,-2.67127332497624,0.506040707834854,0.503284010242075,-0.544758069874196
"PRT",2014,"EU-SILC",6215,3.22638115859196,0.631891401450443,167.679658236752,27,0.247264153176589,1.92734933958407,28.2501634015983,28.1202957508346,-0.459705839281188,0.361871043238547,0.358927300666106,-0.813478344687724,0.240739025748319,0.236660186122549,-1.69429929903986,0.451390075215255,0.448876847491338,-0.556775140152976
"SVN",2012,"EU-SILC",8995,3.60565672298707,0.413356527644381,127.195631392825,55,0.434941754885493,1.92460050886206,38.7041169890343,38.5124442678304,-0.495225666195143,0.248680336809428,0.244950774109724,-1.49974169552533,0.105424095351979,0.101610903863909,-3.61700185838767,0.194901685755845,0.191076695198679,-1.96252307532986
"LUX",2015,"EU-SILC",3381,4.31144255249798,0.533095111422588,368.97462943782,11,0.265354015651037,1.92426197459409,78.835399423048,78.2974888053777,-0.682321167403155,0.311271744550441,0.306551817063769,-1.516336631675,0.167297896604476,0.161542673331772,-3.44010498010653,0.436682943482951,0.432870622339401,-0.87301810167868
"MNG",2012,"HSES",12801,2.25672050906808,0.581972614574325,54.7423894081797,56,0.257169312717485,1.91931278334224,10.7475161674709,10.682018342383,-0.60942290355549,0.337516150740885,0.333459764495253,-1.20183470827343,0.187202694798223,0.181883302458906,-2.84151483238563,0.299608548299318,0.295371003497462,-1.41436044662622
"SVN",2010,"EU-SILC",9176,3.60173486658056,0.415182461730723,127.393694956081,59,0.450623484762239,1.91886292444851,38.9830105462783,38.8090459176504,-0.446257552174922,0.247877353031799,0.244516214554258,-1.35596835952558,0.104153961208547,0.100770801242388,-3.24822976188569,0.19379950987165,0.19036558840769,-1.77189378148304
"KAZ",2010,"HBS",47727,2.26076167628643,0.492571114753503,42.0338405208567,272,0.317141142500038,1.91017044281642,9.92831852866615,9.87197732472739,-0.567479818219796,0.279545117530379,0.27543953296863,-1.46866616667096,0.127139766932541,0.122327950424919,-3.78466676769639,0.21375436117167,0.209364133498229,-2.05386577816524
"NOR",2013,"EU-SILC",6008,4.2176622624243,0.431972997843688,248.037825312307,27,0.354770944555204,1.90269799493537,67.9983440066498,67.5845070143607,-0.608598633297108,0.257046064814866,0.25250437722959,-1.7668769170022,0.119214513405979,0.11420044805502,-4.20591856453196,0.661044882596713,0.658994773923408,-0.310131539820957
"SEN",2011,"ESPS-II",5951,1.00999675928086,0.723451885971804,24.0552295349841,35,0.173993929402721,1.90069357627225,3.36416349506922,3.3420756947179,-0.656561441906367,0.402852250907355,0.398911823966399,-0.978132040240576,0.277030159030233,0.271108157753929,-2.13767385364626,0.425101229709978,0.421325382913489,-0.888222976693087
"DOM",2014,"ENFT",7031,2.26192326319546,0.784219532353337,100.945610334827,20,0.199214609475161,1.89928787600664,13.2911689554895,13.2398297983492,-0.386265175864187,0.442710881541755,0.440552924710105,-0.4874415609879,0.337442631223253,0.333964973276342,-1.0305923511514,0.488147951540562,0.486174211399504,-0.404332361700865
"CAF",2021,"EHCVM",6410,0.646598785380448,0.799736730626575,21.027034717159,30,0.130390999003303,1.89878447506237,2.24066519988967,2.22553715756452,-0.67515853443435,0.430464248782386,0.426595781298224,-0.898673349785539,0.314401688609855,0.308047728747675,-2.02096874551625,0.44533178917456,0.441571521278192,-0.844374461418429
"SVN",2020,"EU-SILC",5285,3.73493729041458,0.46389716664104,168.448285269449,29,0.294295786005606,1.89858519455705,43.4497832065769,43.1205882606964,-0.757644622334241,0.243842324558916,0.238080630657368,-2.36287687626454,0.101061911275982,0.0947596247430842,-6.23606505490251,0.182103511631355,0.176024768680244,-3.33807014299444
"SLV",2003,"EHPM",15442,1.97838201269507,0.935445531846006,119.667684844412,28,0.115453443398949,1.89403690072251,9.54961093082635,9.50689823870974,-0.447271542537175,0.502142481603609,0.499908219702356,-0.444945803851926,0.524621552960328,0.520415988198742,-0.801637816413581,0.788051564905354,0.787100137809327,-0.120731578794686
"POL",2013,"EU-SILC",11685,3.13343830415357,0.579367673769471,130.521938724134,48,0.263237231320266,1.88849045216934,24.7133178249782,24.5901915152022,-0.498218453094901,0.330151382094984,0.326802728406754,-1.01427825834955,0.190171846975663,0.185874858615314,-2.25952917252713,0.34929154398085,0.346077344704997,-0.920205293040044
"CMR",2007,"ECAM-III",11390,1.51100239080037,0.771946175570949,45.9172524820466,49,0.122337585850385,1.88657833570015,4.41994544936942,4.39273377424721,-0.615656356711114,0.428200628911048,0.424662348340483,-0.826313725779348,0.303119935202242,0.297374435305904,-1.89545431662367,0.417029277853897,0.413428874339371,-0.863345502515989
"KAZ",2018,"HBS",47267,2.47589888125782,0.499721398848247,53.2534759120342,298,0.322309697931396,1.8861830439424,12.4264128775071,12.3636691021914,-0.504922667017926,0.27792874574069,0.274270993122354,-1.31607567565155,0.124333910981629,0.120121767101309,-3.38776754230945,0.204663340982748,0.200725936938187,-1.92384431215397
"KAZ",2009,"HBS",47581,2.21207646616962,0.498086295831929,40.7043657656605,213,0.28963669770033,1.88125465624498,9.33591661449748,9.27817902930763,-0.618445810668444,0.282088667683846,0.27762671229893,-1.58175633978884,0.129774572333216,0.124439721590635,-4.11085981380293,0.217551443933844,0.212771119551401,-2.19733056972815
"LTU",2001,"HBS",8000,2.29966353955633,0.568852394782544,54.9388486474959,34,0.301662627091032,1.87964938118232,11.3583313902048,11.3105645586397,-0.420544443757054,0.320122746434992,0.317257445806361,-0.895063115801586,0.172085289765595,0.168565684964329,-2.04526767282666,0.290728552565232,0.287792904370592,-1.00975572187109
"LTU",2005,"EU-SILC",3852,2.51463805119177,0.609966867791377,77.0564796226637,16,0.277989295532584,1.87962512185268,14.1757651689135,14.123522690449,-0.368533746446742,0.3670396806417,0.364703532135493,-0.636483908803276,0.243972684616072,0.240844443160603,-1.28220971146483,0.437602095993713,0.435549743804501,-0.468999625002131
"MNE",2008,"HBS",1192,2.91280514136451,0.518264979553031,87.1473252382647,7,0.316959964063679,1.87782852399042,19.4954124022487,19.4055441180474,-0.460971444702385,0.304879935820183,0.301667791739164,-1.05357673747163,0.15439194111666,0.150573543753163,-2.4731843747022,0.262658344826375,0.25932267555998,-1.26996508281498
"GRC",2013,"EU-SILC",4840,3.23432478755758,0.644816076394456,175.699125288143,22,0.166794876674694,1.87770038523477,25.8298990459832,25.6379480714339,-0.743134822972347,0.362464597771266,0.35769684459595,-1.31537071610109,0.25494233390996,0.248172942252767,-2.65526386040867,0.532152868664687,0.528666309267076,-0.655180043726811
"NRU",2012,"HIES",460,1.89901866970275,0.592575065022951,39.5175099980152,3,0.298217985202704,1.87755103650023,6.96866079547167,6.95566895459446,-0.186432390074842,0.323615791412648,0.322357161659794,-0.388927174214726,0.170237518102051,0.168680136014747,-0.914828942918455,0.272747787393566,0.27141657500868,-0.48807449461159
"LTU",2012,"EU-SILC",5306,2.96249827475589,0.511349278624947,89.7067583930598,33,0.344032825316657,1.87736930139053,21.1328915426475,21.0447698197293,-0.41698847855417,0.322951149896151,0.320122827530325,-0.875774050265876,0.18456547471876,0.181172410469263,-1.83840680640144,0.354895767319515,0.352258155215263,-0.743207540674196
"KGZ",2011,"KIHS",19810,1.84194215052272,0.52402755628841,30.3873018664187,103,0.288670347087303,1.8745933623143,6.23486496338248,6.20570572839791,-0.467680297100637,0.278398637898817,0.275013568199453,-1.21590742142734,0.125970982188973,0.122004189894044,-3.14897306188957,0.208679137720324,0.205034649428347,-1.74645550666477
"CRI",1992,"EHPM",4243,2.16055252737117,0.868497034815653,117.453631693913,17,0.124748708020488,1.87008406613776,10.1548639147963,10.111481310849,-0.427210096671704,0.446425939799329,0.444053027510892,-0.531535485931545,0.367217007045645,0.363213200218758,-1.09031083802404,0.564204016158937,0.562337940874976,-0.33074477148628
"KIR",2019,"HIES",2182,1.80282909965678,0.517704442036487,28.672613271213,15,0.273624890220127,1.86835254326112,6.24853006332147,6.21024089955356,-0.612770737755741,0.278327031562607,0.273890114607086,-1.59413799321282,0.12584185598876,0.120747579169814,-4.04815772853937,0.211638314871785,0.206893347327849,-2.24201725798611
"BDI",2020,"EICVMB",8357,0.793710659170746,0.73556102156759,20.0934466356058,85,0.156163366397151,1.86332287581435,2.34132374584981,2.32907592758789,-0.523115108862082,0.374565082041791,0.37128001225332,-0.877035779887458,0.232364727071035,0.227576406703687,-2.0606915807337,0.346805903224547,0.343389013952196,-0.985245418426117
"URY",2021,"ECH-S2",9230,3.23612068304286,0.755943731333534,245.660837931111,32,0.136573634115393,1.8631072925929,27.0317038038917,26.8635820929702,-0.621942708980761,0.407527385345865,0.403822583348119,-0.909092770440723,0.283559631224466,0.277768761807344,-2.04220515879356,0.419778613887043,0.416159588191009,-0.862127220470543
"PRT",2016,"EU-SILC",9370,3.28154832844469,0.638955389711372,180.985062019102,40,0.256885162444591,1.86047502317761,30.2690521077725,30.170827724123,-0.324504326398412,0.355233023462971,0.353136656363328,-0.590138574169308,0.225707661657283,0.22286212134619,-1.2607194147506,0.417145100580558,0.415266136797327,-0.450434100895836
"SRB",2015,"HBS",6529,2.64188614617552,0.493187128937166,61.6484158235253,37,0.360522384553622,1.8536861233813,15.0331985743412,14.9767865972348,-0.37524933118821,0.285157360834869,0.282472183143246,-0.941647686653291,0.13509036353945,0.132087986104051,-2.22249563679805,0.234487288006349,0.231696189704997,-1.1902983420048
"TJK",2003,"TLSS",4112,1.03584200802446,0.592731302813804,16.6770899197317,24,0.275660583306971,1.85343820588828,3.14235937280169,3.13008984697123,-0.390455844632354,0.327226929250461,0.324596830058677,-0.80375389574705,0.176795961383017,0.173511672250638,-1.8576720342974,0.2926750830249,0.289953820566384,-0.929789591376029
"BLR",2019,"HHS",5925,2.88920038390015,0.430574756148335,65.4263218554044,30,0.434901080852305,1.85288278113415,19.1324608944479,19.0624986018385,-0.365673255496834,0.252778476611252,0.25004276179374,-1.08225781490062,0.104881988408308,0.102076097555311,-2.67528380761975,0.184496422579907,0.181641864974625,-1.54721569413958
"GEO",1999,"HIS",11272,1.46841452231416,0.759647334616525,42.4088270691619,41,0.147118767112229,1.85278344202123,4.96988561133784,4.94019573717448,-0.597395523462829,0.401497665151648,0.397904909490248,-0.894838494277095,0.2956755429088,0.290184890105015,-1.85698578576019,0.522306838245151,0.519446240559116,-0.547685283165189
"UKR",2004,"HLCS",10059,2.08156454971675,0.497167949890476,35.6257396111546,46,0.302775405471556,1.85056055360156,8.54266269238219,8.49244152392964,-0.587886590645004,0.289340164314644,0.285145714696915,-1.44966034275411,0.138655317204764,0.133770190481729,-3.5232162902348,0.237470259999177,0.233069152321281,-1.85333004558637
"SVK",2015,"EU-SILC",5615,3.15079612905668,0.38810890717886,74.8228149065436,25,0.407554657743222,1.84875690764887,22.6041903533731,22.4912376900032,-0.499697894965845,0.259861408961903,0.25615150087731,-1.42764872222204,0.136732739127241,0.132772859315439,-2.89607290622411,0.405425652975683,0.402524343616372,-0.715620567671604
"UKR",1993,"HS",9279,1.93948275347383,0.504863242592391,31.6289386394226,45,0.29438752102768,1.84628453271556,7.21283402896097,7.17277623830178,-0.555368257447053,0.289269836053629,0.285307788597598,-1.36967182962571,0.139153149752169,0.13449280978323,-3.34907257021382,0.241018376630504,0.236872044272611,-1.72033867950639
"CRI",1990,"EHPM",3981,2.19781366855164,0.869190084899787,122.166384534364,12,0.130779714592228,1.84509948454755,10.4695780665565,10.4361727846379,-0.31906999218394,0.439572264184405,0.437780481560948,-0.40761958145431,0.359914094354663,0.356944421812131,-0.82510593197429,0.572005713507006,0.570638779405519,-0.238972106258528
"PAN",2012,"EH",7103,2.93144488054908,1.05194670166043,440.224571081737,10,0.0708340854803038,1.84377483643317,25.8753044143171,25.7100511116608,-0.638652593261413,0.517085629274038,0.51398432113497,-0.599766840053539,0.501589348175262,0.495460326209225,-1.22192027967378,0.644551368336945,0.642268296562952,-0.354210988626635
"UKR",2020,"HLCS",7835,2.63425825112986,0.456696622842617,54.8360661917015,42,0.35282150327445,1.83783710125798,14.315956944609,14.246326409555,-0.486384077036706,0.256273613353997,0.252648426464501,-1.41457672604348,0.107524619608739,0.103650501764917,-3.60300539348023,0.186351081265912,0.182516703824673,-2.0576094408425
"FIN",2015,"EU-SILC",10120,3.98316598679591,0.487741815725787,231.91975633567,58,0.306105647421389,1.83681809168608,54.6577435420178,54.3636996917601,-0.537972904116879,0.267633277265666,0.263678508557646,-1.47768197902195,0.121344125884458,0.116832837682792,-3.71776397809415,0.326439057774297,0.322868329951999,-1.09384209311331
"SVK",2012,"EU-SILC",5270,3.19308805286371,0.399738698299314,80.8264406497751,32,0.439579771564808,1.82996948134749,24.5812260305986,24.4866937792699,-0.384570937231044,0.265383783522728,0.262556484161664,-1.06536251896552,0.1318316150656,0.128927435883978,-2.20294591716628,0.33176992767485,0.329299091078678,-0.744743989754537
"BEL",2014,"EU-SILC",5689,3.96304891482835,0.480812335739595,222.624372295741,32,0.301779221606577,1.82947627729362,54.4216000129714,54.0978038488311,-0.594977295895627,0.2762807085404,0.271957753883067,-1.56469652918259,0.136710999072983,0.131799198928882,-3.59283464930232,0.33597515820904,0.332088350842204,-1.15687343896367
"URY",2011,"ECH",39677,3.12670922027309,0.776294413660922,234.063503555494,126,0.144606501292042,1.82816344161703,26.2350460699693,26.0938975921199,-0.538014979935408,0.42167364602782,0.418548961081102,-0.741019737930615,0.305506246921079,0.300552557134931,-1.62146922888533,0.447431837741993,0.444454728759751,-0.665377099060604
"EST",2003,"HBS",3317,2.31022291509514,0.610043863102253,62.8250892726448,10,0.242949648975645,1.82537662498756,12.146917138291,12.0778234860485,-0.568816362669011,0.349096243713648,0.345378300003667,-1.06501968352043,0.208230466235233,0.203285070513603,-2.37496261284054,0.341282869260222,0.337562200198029,-1.09020094394359
"SVK",2017,"EU-SILC",5538,3.18098600966362,0.371554070340499,73.3797653133762,33,0.461915850243684,1.81820058414279,23.5296461746617,23.4407827773214,-0.37766567623112,0.244436486049732,0.241580624419959,-1.16834506825311,0.116875293988769,0.114077236181074,-2.39405413428382,0.296574528188136,0.29403904215354,-0.854923735387947
"NOR",2011,"EU-SILC",4606,4.14275799811633,0.427862742882546,227.317160867092,16,0.247328094902177,1.81590998564676,63.3432369282573,62.7551999670035,-0.928334246511309,0.257078562841924,0.250127139030508,-2.70400757440469,0.120846043789639,0.112953266584895,-6.53126652493761,0.605388060167919,0.601731939157991,-0.603930148360388
"SRB",2018,"HBS",6294,2.7019521307259,0.520046548766131,70.9582571744731,37,0.318901847227013,1.81101517749697,16.3236152849297,16.2542793274929,-0.424758585806773,0.303510575010966,0.300546821370786,-0.97649106297949,0.151346216403219,0.147880591150272,-2.28986580260048,0.254973399179509,0.251879585019613,-1.21338703168727
"SRB",2015,"EU-SILC",2918,2.44955873318622,0.774488597087776,118.276431482985,7,0.106074432331758,1.80048474334946,13.3609308700834,13.2458304014759,-0.861470429917477,0.393663269720252,0.388396886749713,-1.3377887589772,0.317429523316944,0.30921147839131,-2.58893528231434,0.873464364045209,0.872365323301977,-0.125825481665054
"KAZ",2017,"HBS",47455,2.41859068119248,0.493525931753255,49.3613868802516,225,0.30434920812324,1.80013200115759,11.6669051190779,11.6071164165734,-0.512464118755473,0.274502759308329,0.270772149739644,-1.35904264790812,0.121500861520799,0.117233693427366,-3.51204760198516,0.202630669816308,0.19862511340586,-1.9767769677116
"BLR",2020,"HHS",5832,2.90807875778979,0.419887353563799,64.5694131803569,36,0.381647763135405,1.79845606528065,19.2650261077305,19.1649807982907,-0.519310531324657,0.243833552228674,0.239896181408213,-1.61477810763679,0.0973626585771208,0.0933336502588027,-4.13814533949556,0.171636815265613,0.167503971121926,-2.40790073929759
"YEM",1998,"HBS",13440,1.73083738326571,0.629408596340495,37.3026053332604,71,0.206054000509056,1.79754903228835,6.26434084544168,6.22859975777848,-0.570548259506032,0.349977864635746,0.346254196253557,-1.06397254182456,0.204866189243652,0.199860459330538,-2.4434143728617,0.329869130593992,0.326066291016499,-1.15283281301469
"GMB",1998,"HPS",1860,0.516099578516594,0.924423081453285,26.8259264001948,7,0.0712508262694024,1.79737121814471,1.92966524749888,1.91409569394836,-0.806852565267779,0.485194646306173,0.481009546238889,-0.862561056505051,0.421633606889855,0.413870336916871,-1.84123605095179,0.578614511633199,0.575189838931387,-0.591874664903558
"TLS",2007,"TLSLS",4476,0.970105965093546,0.529847130782039,12.9312564000386,24,0.263839145857645,1.79539360466944,2.7968319307491,2.78073550556561,-0.575523505954356,0.278233159515566,0.274063209664398,-1.49872497527913,0.124940228672337,0.120076757307802,-3.89263843696794,0.207911155261023,0.203423085105579,-2.15864807725639
"FSM",2005,"HIES",1380,2.02409269862723,0.84693074966957,96.0515424237579,7,0.112688144916868,1.79405866184284,7.98255959066359,7.94758649021189,-0.438118877215776,0.423557982119019,0.42102314480438,-0.598462883867046,0.30330702263481,0.299176703981359,-1.36176162937827,0.432481052416255,0.429989040240154,-0.576213029953099
"POL",2005,"EU-SILC",13482,2.73699298501754,0.69120285003898,122.805467106648,30,0.166946795816049,1.7932401337855,17.3426165081906,17.2366415411387,-0.61106677300885,0.379260311179692,0.375448985038532,-1.00493672256537,0.266635368679778,0.261126165198305,-2.06619380945271,0.494508843832066,0.491418046923556,-0.625023585939988
"SVN",2011,"EU-SILC",9034,3.61518845828676,0.419396427005123,130.761851240758,50,0.398006230732165,1.79191811475332,39.037469376326,38.8583902063893,-0.458736626112655,0.249332595411076,0.245881965802527,-1.38394645227194,0.105724389068742,0.102181287280846,-3.3512624845651,0.197025813915513,0.193489761593146,-1.79471524674598
"ECU",2011,"ENEMDU",16604,2.34873281117751,0.914469084060123,162.737758774698,29,0.0843144016351479,1.78172138620485,13.8982872896854,13.7878699002743,-0.794467599566206,0.457885976613311,0.453547002071343,-0.947610270587551,0.380358890639768,0.3727703955766,-1.99508812595494,0.594743657998272,0.591501892754835,-0.545069325219605
"TON",2009,"HIES",1982,2.27386393215141,0.683685850597483,75.5595799865929,16,0.175001340627834,1.78079743723734,10.5964193223087,10.5399488365274,-0.532920452311769,0.374964878703149,0.371619337312067,-0.892227934160839,0.234326649449844,0.229485527117967,-2.06597172931163,0.359342764384408,0.355931773613517,-0.949230403103862
"NOR",2018,"EU-SILC",5960,4.26266439554453,0.443987011214032,268.976880331895,27,0.311952069795034,1.77903796106017,71.5534459850173,71.1195619639626,-0.606377533718683,0.26987330220136,0.265427412347839,-1.64739891543763,0.143313402897219,0.138343553156894,-3.46781922685172,0.938193478616669,0.937817264546398,-0.0400998385563178
"ALB",2002,"LSMS",3599,2.02615331784037,0.563720359731341,41.1537230052583,16,0.22631028393084,1.77889104289067,8.108228792921,8.05712734456795,-0.630241815544941,0.317389798572815,0.313067053302113,-1.36196730019017,0.16481159991969,0.159350092758396,-3.31378808527809,0.267352558019776,0.262773696876215,-1.712667788734
"BLR",2008,"HHS",5323,2.46151616050953,0.488493412283791,50.7543027389187,19,0.268042345325986,1.77127529465411,12.466429878726,12.381658109574,-0.680000368803801,0.278260445875194,0.273325764298175,-1.7734038919899,0.129452420668724,0.123661653258694,-4.47327858383458,0.225596694097701,0.220402612060521,-2.30237506713216
"ECU",2017,"ENEMDU",27157,2.61019470225132,0.916820652542909,212.864680261137,60,0.0848664307288034,1.76661873178618,15.7093835064045,15.6125092511521,-0.616664907396713,0.446213411746634,0.442779345921042,-0.769601660369146,0.355205347213005,0.349308003622127,-1.66026317935524,0.539252196754563,0.536396716405133,-0.529525955872912
"PAN",2010,"EH",7192,2.92388628416047,1.03298997530633,412.755831075691,12,0.0506055536619201,1.76484269454778,23.0954424489907,22.8967215937439,-0.860433203155486,0.515813819934894,0.511613937452497,-0.814224497305482,0.49228837475204,0.483942673164054,-1.69528715606779,0.626174238457113,0.622931411221812,-0.517879375442043
"URY",1992,"ECH",14582,3.01659785061716,0.742938599852381,189.694266069023,42,0.125441284518753,1.76183154630178,22.8997555750706,22.7342553813384,-0.722715983538091,0.414639415098289,0.410381918027893,-1.02679506949122,0.300217971362505,0.293509546530474,-2.23451807417964,0.45375497787148,0.449792431413292,-0.873278895313889
"SLE",2011,"SLIHS",6727,1.00358916336537,0.607550486264753,16.8818760291443,53,0.275858181489639,1.76133642574439,3.18901459346758,3.17941535402586,-0.301009580243994,0.340302393233935,0.338315257128372,-0.583932450982527,0.188614770206026,0.186085403218254,-1.34102275500988,0.299943615392231,0.297869292553288,-0.691570926165774
"BGR",2007,"MTHS",4300,2.5400361254659,0.486504556839417,54.5735752589875,25,0.327546675115712,1.75649203219179,13.3768521565893,13.3206427455533,-0.420199090025031,0.281363413857766,0.27833921501619,-1.07483727187984,0.138225142309676,0.134863278262684,-2.43216537224518,0.258542278114098,0.25550990135427,-1.17287461917145
"PSE",2009,"PECS",3816,2.55429891551146,0.621195937792251,82.9208657988273,21,0.218017939144774,1.75578578718397,14.1730104384989,14.1049450983393,-0.480246172505228,0.344639746354778,0.341482091970206,-0.916218868534568,0.194765258186068,0.190566439267469,-2.15583567506068,0.304646954504061,0.301331741695994,-1.08821465603153
"GRC",2015,"EU-SILC",7892,3.20245057930402,0.683180738942176,190.946406824358,21,0.109606658121573,1.75385869200242,24.6417015382128,24.418810889251,-0.904526209832524,0.356516288946477,0.350645521045553,-1.64670397480905,0.246028754455624,0.237478267852117,-3.47540132958267,0.585535565584935,0.581759730958265,-0.644851457126794
"PAN",1997,"EH",4125,2.71348293191163,1.12702987456574,443.444456814912,10,0.0563657240117558,1.75122186591299,17.4498570241444,17.3942219910407,-0.318828016909622,0.566814531084481,0.565429554113965,-0.244343942253211,0.653247316302259,0.650147819365443,-0.474475265258067,0.801662402092592,0.80102813881983,-0.0791185006440487
"GEO",2005,"HIS",11331,1.63551690382365,0.698438477770115,41.713813674805,25,0.168323965544537,1.74955968933605,5.89977149126205,5.86676581284528,-0.55943994552422,0.373793389940139,0.370274973531788,-0.941273040947499,0.247284579574165,0.242249136815124,-2.03629468837578,0.428025327015685,0.424827997380031,-0.746995430842101
"FSM",2013,"HIES",1648,1.73054312290153,0.74432416025874,52.6420696697045,7,0.10393949769229,1.74293964150253,5.55121127342206,5.50917291434355,-0.757282636310108,0.400576313032733,0.396004109964791,-1.14140624874369,0.2913025094905,0.284059995271935,-2.48625191428404,0.479338910650161,0.475372290651497,-0.827518882888889
"SWE",2012,"EU-SILC",6588,3.87863300516694,0.450635355480099,186.893525362686,29,0.312157297118636,1.74023551512154,49.667248375565,49.3863230572117,-0.565614821721283,0.274683824974574,0.270563583744775,-1.49999412239888,0.145303862706368,0.140557609113012,-3.26643318694652,0.434793277527356,0.431635483111864,-0.726274894002654
"LUX",2007,"EU-SILC",3827,4.25232200835629,0.615320531138951,445.09315697452,10,0.216546374345322,1.7359254131569,79.4360279690821,79.0209108662518,-0.522580387569027,0.309481202698482,0.305856577699395,-1.17119391015734,0.160247568019213,0.155548619595759,-2.93230560783954,0.270534915079215,0.26673819420856,-1.40341252054029
"BLR",2011,"HHS",5426,2.55461048889965,0.494653832614119,56.7452519477299,20,0.354768998414095,1.732042906649,14.550511942261,14.4998053942665,-0.348486350141808,0.271525516596686,0.268986217458411,-0.935197240429686,0.121913485802014,0.119192574954822,-2.23183746186264,0.214538981167544,0.211898782244477,-1.23063832441953
"GIN",2007,"ELEP",7548,1.0515770721728,0.680578086555312,22.0499719953244,30,0.151905162420243,1.72994680138157,3.02217111028696,3.00338420360538,-0.621636101861478,0.393553468875227,0.38976302787953,-0.9631324065139,0.259444926464588,0.253700857288274,-2.2139840060038,0.389225181803749,0.385422864322181,-0.976894008745177
"AUT",2008,"EU-SILC",5673,4.03482536490819,0.532694087623423,279.473542436053,20,0.233814186203942,1.72540582911057,59.3439893469562,58.9735134844392,-0.624285402100211,0.305572922318758,0.301216518470264,-1.42565113932087,0.173400375466062,0.16800856578792,-3.10945674924253,0.70975544931522,0.707943541269962,-0.255286246411524
"BEL",2004,"EU-SILC",5119,3.84959025713032,0.502207266308479,211.920680495698,28,0.265951266828569,1.72235946438042,49.0469668087936,48.7658074684209,-0.573245113135812,0.281020372548477,0.276881336405459,-1.47285981634814,0.144469259912848,0.139619433301007,-3.3569955399277,0.693806076530911,0.692055309246801,-0.252342454661614
"BGR",2001,"IHS",2633,2.25880635461017,0.567175370448921,52.4747691236389,11,0.241319211690575,1.71684235723986,10.7230458879043,10.6655797933001,-0.535912045932896,0.326821614135766,0.323199511422347,-1.10828126315857,0.188992456831803,0.184343852986257,-2.45967692228219,0.330505984388537,0.326948931611108,-1.07624459024859
"KAZ",2016,"HBS",47429,2.33921962136541,0.484956542928904,44.4377462994661,197,0.283854777514795,1.71469014513677,10.8404524377941,10.7807109340459,-0.551097881670259,0.272253251248131,0.26822547468713,-1.47942275896992,0.11998288305312,0.115282466447058,-3.91757264574286,0.201571682006487,0.197242339186299,-2.14779317069373
"PAN",2011,"EH",6953,2.91028951759686,1.06301877503181,445.566204339347,11,0.0732096041815314,1.7134874377981,25.5713095742053,25.4593456515343,-0.437849779832544,0.513057811060821,0.51091789363588,-0.417090896738515,0.483012902771875,0.4788172410161,-0.868643825392046,0.617106280085305,0.615423713381998,-0.272654282998797
"XKX",2013,"HBS",2371,2.16108133149278,0.487900786108038,37.5166070576927,17,0.248711770098417,1.70946913906464,8.77346760858469,8.71679610488416,-0.645941903804137,0.263065917110996,0.258285703549472,-1.81711626273037,0.115057327793469,0.10969491152931,-4.66064731990361,0.200713468591984,0.195647004857353,-2.52422708359938
"PRT",2018,"EU-SILC",11289,3.31312113736542,0.625669331135108,179.491729340759,50,0.252328877304274,1.70766892457368,31.258412487444,31.1775317565805,-0.258748683721755,0.338038411548743,0.336324918131833,-0.506893109886353,0.200630467568016,0.198435731062214,-1.09391984797041,0.383727277728579,0.382151910518569,-0.410543451415524
"ITA",2007,"EU-SILC",18024,3.85008485989908,0.594987059349854,280.071810945248,70,0.198528489957312,1.69758083916958,49.3492715143539,49.0675500739221,-0.570872541350065,0.334425472295322,0.330608619979183,-1.14131626695241,0.202280844194669,0.197231304747878,-2.4963013511704,0.417056986500731,0.413740162567833,-0.795292739423448
"KAZ",2013,"HBS",47535,2.49910821795239,0.478995181822279,51.2181398590004,243,0.282332133762785,1.6948983949705,12.5705211655508,12.502068871214,-0.54454619212142,0.270654280345118,0.266666109694296,-1.47352949516875,0.118470449589819,0.113850492052557,-3.89967080673571,0.199609769954149,0.19532615422943,-2.14599502103673
"HND",1998,"EPHPM",3252,1.8795038685412,1.19162009284442,233.776176534779,6,0.0466300482223379,1.69209579543727,8.51290536321739,8.47786879334734,-0.411570061866728,0.563654104080899,0.56185166997577,-0.319776631107438,0.617175304650498,0.613166238812768,-0.649582996520026,0.742382077186894,0.741317640165355,-0.143381293036138
"ESP",2008,"EU-SILC",12847,3.75794941766096,0.588982056901509,250.860143935721,45,0.219299598652849,1.68535278223117,48.1347987953974,47.8736929135088,-0.542447228248466,0.340250693660375,0.336658555270624,-1.05573286305669,0.210654717075081,0.205982252401929,-2.21806790658634,0.517979202471394,0.515376906538972,-0.502393903076714
"ARG",2005,"EPHC-S2",23983,2.88393892329893,0.921601241842574,283.934236244372,24,0.0666516883390008,1.68310022282416,21.8532646052106,21.6746992221753,-0.817110789903464,0.47693320889913,0.472626668006431,-0.902965197713868,0.418993440497833,0.411162713150391,-1.86893793328541,0.583162456932145,0.579731736464075,-0.588295838884723
"KGZ",2020,"KIHS",19868,1.87343668514617,0.553431791378274,34.251558224562,112,0.217416519585588,1.6821097330199,6.45358724756781,6.41949937414322,-0.528200396414302,0.289892735260144,0.28612812039113,-1.29862339104017,0.136281930687083,0.131731014212513,-3.33933959669196,0.222326988014566,0.2182643446283,-1.82732803720617
"COL",1992,"ENH",2425,2.13149731190844,1.00745202592917,173.097217874995,7,0.0818713704747254,1.67683174591289,10.64817373585,10.6113388428152,-0.345926859840717,0.50066476674439,0.498932672007566,-0.345958983310724,0.437636304766531,0.434337700966369,-0.753731754937992,0.572716628539627,0.571234939495453,-0.258712419081075
"TJK",2015,"HSITAFIEN",2999,1.7397198219127,0.605031950120049,34.9813713367098,13,0.239651603112682,1.67630157806031,6.518495277509,6.49305905550555,-0.390216160640766,0.339957180674344,0.337376172718851,-0.759215601909835,0.193478955778722,0.190150789315794,-1.7201697463857,0.318281470201047,0.31565251144742,-0.825985487614767
"GRC",2014,"EU-SILC",5297,3.18258012047433,0.699473786005298,196.566634066456,17,0.166735527808769,1.6730791986581,24.6690878371442,24.5841008748489,-0.344507923666937,0.361248382069117,0.359043933875824,-0.610230606616569,0.243888526642927,0.240806494245917,-1.26370536549362,0.447622439920108,0.445725149873468,-0.423859457756115
"DOM",1996,"ENFT",4409,2.29544986492691,0.889434893986427,143.130177293819,13,0.100851824416147,1.67111777496613,11.8838743938653,11.8296302516056,-0.45645166266356,0.472076926687923,0.469659173063015,-0.512152466732607,0.396659389270005,0.392392114605593,-1.07580326593691,0.588841268138719,0.586959519427271,-0.31956807602771
"CRI",1997,"EHPM",4689,2.34922044888556,0.860450958228825,138.458871323287,17,0.113551792660565,1.66848767987237,12.5957511898985,12.5428151635928,-0.420268910583999,0.448955142331368,0.446631434304999,-0.517581336590112,0.36428344777789,0.360354540686532,-1.07853022565925,0.543210446454421,0.541286838934508,-0.354118285550087
"BTN",2007,"BLSS",9794,1.86953297568795,0.680484938793061,49.9482661143742,45,0.176616937216779,1.66716470274082,7.24044759969478,7.20795451079632,-0.448771825927341,0.380907722008076,0.37812052289814,-0.731725546345485,0.239599047680183,0.235582411449422,-1.67639907990043,0.360804262957473,0.357945569369602,-0.792311477818619
"POL",2018,"EU-SILC",13360,3.32082097261806,0.520917169316956,132.101752851899,62,0.300457290218867,1.66631642259833,30.1153027106366,30.0103958228045,-0.348350766519256,0.296379011259328,0.293924362253636,-0.828212833041908,0.154361913631227,0.151515155208134,-1.84421037296391,0.323557182227991,0.321248656298584,-0.713483135658055
"SRB",2007,"HBS",4608,2.56344148837218,0.498274264639757,57.8737713201401,28,0.326908185422421,1.66575076899504,13.8561924638153,13.814576926954,-0.30033890601564,0.287066993111954,0.284922998725282,-0.746862035035833,0.13827363208779,0.135836758077648,-1.76235625935848,0.244100315780441,0.241887990688847,-0.906317996566619
"SVN",2003,"HBS",1139,3.20336181543853,0.546455932762725,126.815035785942,5,0.300174010099025,1.66443741892982,27.2324763629498,27.1598746145908,-0.266599876527407,0.308660229096036,0.306816099270765,-0.597462728084963,0.156652048814222,0.154472576020651,-1.39128266120288,0.264368497933728,0.262451534963079,-0.725110210040658
"ECU",2018,"ENEMDU",15260,2.67192958524743,0.849473139053904,184.998737810507,36,0.084528367254307,1.66167902036298,15.6744318842088,15.5703495505401,-0.664026195255873,0.45384360741033,0.450195433532327,-0.803839432446729,0.3656327323746,0.359331765742624,-1.72330485595591,0.523103474786032,0.519920749845291,-0.608431236676976
"UKR",2007,"HLCS",10610,2.30536124048475,0.473714289708972,41.5336569592718,48,0.33157785201828,1.65947717779249,10.4313009363452,10.3959122855699,-0.339254432321145,0.270126864653462,0.267647567186977,-0.917827062356447,0.118961073999447,0.116257455668872,-2.27269159539334,0.20599793644499,0.203387271139647,-1.26732595015095
"SWE",2013,"EU-SILC",6147,3.91012919975987,0.453617227350513,194.606755084021,24,0.283887858714293,1.65791643548679,50.8308086113784,50.5405412310409,-0.57104615934146,0.275083633259454,0.270925576560514,-1.51156092046295,0.144068510016474,0.139270366964348,-3.33045927356166,0.593780438330267,0.591476129940276,-0.388074150180939
"UZB",1998,"HBS",4690,0.720395527268354,0.83536604732128,25.1911733490031,11,0.12284325297347,1.65734085224298,2.48965519853789,2.47933878265664,-0.414371270660951,0.437440093280599,0.435101627534983,-0.534579655942913,0.365243419652174,0.361400900743766,-1.05204329541837,0.66159147483836,0.66018619413677,-0.21240913086632
"PAN",2014,"EH",6991,3.00182406294998,1.0222282950175,432.036012916606,11,0.0717467093046126,1.65692408464709,26.936385799981,26.8000419584062,-0.506169768235665,0.504199627297079,0.501679632659669,-0.499800971872777,0.475899615741003,0.471072873434926,-1.01423538629277,0.631631475000204,0.629759116074957,-0.296432175937189
"SWE",2005,"EU-SILC",6075,3.6829013470434,0.436102951409989,147.114353786529,23,0.306540721585198,1.65675873921412,41.0783787745187,40.848774545897,-0.558941797294388,0.259581692724949,0.25542506846727,-1.60127789215236,0.120390564076671,0.115665067575169,-3.92513860014173,0.361897764052705,0.358383138315201,-0.971165363981719
"MLT",2008,"EU-SILC",3350,3.50536833947112,0.511374986326688,154.391764656498,10,0.301255354015777,1.65590858553206,37.7885884346019,37.6279574115491,-0.42507812465874,0.292077395069098,0.289059790687726,-1.03315231932226,0.154517686070572,0.150997451244394,-2.27820834992977,0.362469131082005,0.359803287325889,-0.735467803329348
"SWE",2010,"EU-SILC",7105,3.85697237196069,0.445168593749633,179.913855037829,19,0.22795053554051,1.65583505067684,48.3893973204696,47.9982633148963,-0.808305180953039,0.272255969095901,0.266332202817239,-2.17580767772797,0.142014612364187,0.135055937403755,-4.89997109775302,0.82485007422143,0.823429017728736,-0.172280580084216
"MNE",2005,"HBS",1326,2.59915536232878,0.52629750374302,65.2383752705516,6,0.322848687242742,1.65533092814662,14.5617479132022,14.5313240344557,-0.208930129321405,0.302172763762214,0.300715732918628,-0.482184703030408,0.15066551166765,0.148995971105943,-1.10811063741612,0.257616406939757,0.256109391004166,-0.584984455568327
"ARG",2006,"EPHC-S2",32418,3.01771342912426,0.901168546805154,305.276849917348,33,0.0473669361880659,1.64822108350138,24.2067419648776,23.952361630881,-1.05086564051322,0.463669904413388,0.45797477777376,-1.22827179107798,0.400350291365549,0.390024691884058,-2.57914124310267,0.58276417389599,0.578334817086311,-0.760059902115706
"KAZ",2011,"HBS",46826,2.41254793388728,0.503422763931611,50.5425838589606,243,0.26590080969713,1.64646966653803,11.7848671078733,11.7252259854231,-0.506082265537611,0.279838437907447,0.27618084527698,-1.30703725257225,0.126766545889593,0.122515597593977,-3.35336761429035,0.213291003607502,0.20938030577457,-1.83350341401568
"KAZ",2012,"HBS",47089,2.4499615465101,0.501262537082612,52.1304461814286,200,0.269392556632955,1.64605972486467,11.9926332664545,11.935662902057,-0.475044663934376,0.281688217751026,0.278264925996926,-1.21527686938132,0.127980279706674,0.123979908113755,-3.12577187836145,0.214497691836771,0.21083299711543,-1.70850077218064
"AUT",2012,"EU-SILC",6198,4.11408736178895,0.53608955654925,305.624135451536,25,0.208309370168377,1.64595013313068,61.9139376477587,61.5315088202607,-0.617678089986473,0.307965744561014,0.303668322988641,-1.39542194165092,0.183230415073015,0.177725780399064,-3.00421448685679,0.927862936843454,0.927415101414643,-0.0482652567559749
"UKR",2019,"HLCS",8091,2.66163449685922,0.461820174217033,57.2309605042613,50,0.321230137122462,1.64137138886349,14.9213451994194,14.8602736013869,-0.409290162624631,0.266194663244227,0.26318571974886,-1.13035455282825,0.116155690822208,0.112897337035002,-2.80516069780246,0.200786594127119,0.197617365677247,-1.57840639891796
"ITA",2017,"EU-SILC",18672,3.914414703337,0.608552845082078,311.087193732425,61,0.152302847703241,1.63854360811777,47.41862066895,47.1154405458159,-0.639369342374463,0.347022452209212,0.342824559264292,-1.20968914783345,0.23753749773487,0.23171952197838,-2.44928729651941,0.689275004889584,0.6872819559496,-0.289151489005868
"AUT",2018,"EU-SILC",6075,4.19302713692898,0.509489239695505,305.361052754393,26,0.261103558726277,1.6328081948678,64.2371266047084,63.9855661130649,-0.391612304192168,0.2969123371297,0.294151980810094,-0.929687309827265,0.163893800026652,0.160571411503352,-2.02715936951866,0.696525805698924,0.695341854288879,-0.169979547111954
"URY",2003,"ECH",15366,2.77976825435918,0.83825573228402,199.245045419629,44,0.111099303046636,1.63169338704732,17.4626414974212,17.3990645877202,-0.364073841351142,0.450323895393582,0.448317107478421,-0.445632118501393,0.346346338674943,0.342943901548694,-0.982379989713889,0.574026672582925,0.572473327675961,-0.270605005160052
"MKD",2010,"SILC-C",1874,2.27577637167091,0.907246490089458,148.044934909985,3,0.0644572507110565,1.62596346973208,10.458095884704,10.3834767608491,-0.71350583010078,0.427644551174335,0.423534215976132,-0.961156920371331,0.365541746544915,0.358706455819035,-1.86990700528382,0.618583648122859,0.615844971583738,-0.442733419713215
"BRA",2021,"PNADC-E5",37869,2.4632456263633,1.13838811849929,357.240770583767,77,0.0609254176906448,1.62226254396506,19.214118845749,19.120065824201,-0.489499530543847,0.528486918434015,0.526168698341027,-0.438652313260168,0.515873153966542,0.51114713210556,-0.916120915508833,0.646147096902148,0.644407405596398,-0.269240752467959
"ESP",2009,"EU-SILC",13220,3.79306799846431,0.590857659243245,261.292632402183,51,0.202406204615324,1.62159994125421,48.9357551686413,48.6710854917591,-0.540851318162283,0.341216960344715,0.337639332048963,-1.04849075853021,0.216232835447764,0.211508559742618,-2.1848095805445,0.782198250428037,0.781018556625725,-0.15081775006105
"MDA",2009,"HBS",5531,2.20259668615216,0.570688167163978,50.1320832640482,21,0.24557785988775,1.61667563182111,10.7063470334683,10.656373427117,-0.466766173327593,0.32910908071345,0.325969717826119,-0.953897376676638,0.179674795457192,0.17577826037931,-2.16865981005693,0.297595389260291,0.294368504217357,-1.08431956924946
"JAM",1990,"SLC",1820,2.13469830341305,0.776028213755632,86.7285342739617,8,0.110787979504224,1.61547338377816,9.57571061044465,9.51710234500105,-0.612051343528253,0.411137353142683,0.407515082134809,-0.881036709553595,0.281545901826715,0.275891788773647,-2.0082384493554,0.403360637673157,0.399700912777539,-0.907308387037753
"GEO",2020,"HIS",13308,1.88379242299272,0.631890047888754,43.7924998605347,43,0.180165227507479,1.61381824365188,7.25568660803388,7.21749187085617,-0.526411065431376,0.344651871100334,0.341188532680092,-1.0048802025026,0.204531794028301,0.19988318874188,-2.27280326196043,0.344062612688009,0.340626118967588,-0.998798937662337
"SVN",2009,"EU-SILC",9122,3.60730350894114,0.406185204935257,124.693549568135,56,0.399201628234833,1.60458840179891,38.7290741261704,38.6054105747976,-0.319304176934265,0.237180189263972,0.234742528599251,-1.02776740008741,0.0951107175635673,0.092717586222419,-2.51615317647963,0.177306999313371,0.174813755967263,-1.40617310978296
"BTN",2017,"BLSS",11393,2.31629248145907,0.695820078961803,81.7571050841038,31,0.129562066119462,1.60357334758731,10.7626732557114,10.6960120904413,-0.61937367869731,0.374414095565924,0.370518439915252,-1.0404671450161,0.232308937689752,0.226603011737495,-2.45618012333075,0.357113428777651,0.353126808769692,-1.1163455884602
"KAZ",2002,"HBS",47150,1.72510409524234,0.616939208929341,35.727536501253,124,0.170634381147802,1.60162431067024,5.89702440926596,5.86353969352926,-0.56782392971072,0.348111400234981,0.344392806609427,-1.06821943292972,0.201253768426846,0.196188923735899,-2.51664588968339,0.321135695363733,0.317294375215069,-1.19616729131059
"TUN",2010,"NSHBCSL",11280,2.25516048781103,0.640301334552418,65.1091108782036,30,0.232171989904363,1.59908116762057,11.6599641156192,11.62467694363,-0.302635339520041,0.35808256146547,0.35613751812113,-0.543182928646124,0.217000413102752,0.214421573663981,-1.18840300896069,0.351971689390046,0.350033635485379,-0.55062778146332
"JOR",2008,"HEIS",10946,2.61081393570382,0.577230735124239,76.9000203450464,53,0.250140194378643,1.59498691705861,15.0604660332772,15.0126114307667,-0.317749812022905,0.325734502709858,0.323589006576628,-0.658664070088311,0.171015754635643,0.168341890836962,-1.56351898945073,0.269696314860661,0.267413197088989,-0.846551341590351
"NOR",2012,"EU-SILC",6027,4.1756777998594,0.419123076374296,228.84548297642,24,0.33348521936559,1.594097211983,66.4473157951839,66.1512468475675,-0.445569462172135,0.253003651609977,0.249667021221645,-1.31880720578526,0.11532423510068,0.111821880455281,-3.03696325611083,0.924121571073768,0.923783235320712,-0.0366116064862365
"KAZ",2005,"HBS",46851,1.85564869994177,0.711189308323917,54.0125606914751,97,0.153083628279092,1.59386421768389,7.34475177648013,7.31037079367007,-0.468102719552221,0.398260399575901,0.395433785663376,-0.70974013874725,0.268167172186785,0.263943840086114,-1.57488780831444,0.405579343057896,0.402801492072743,-0.684909385228849
"SLV",2004,"EHPM",14532,2.03508085709972,0.919383282745312,120.690655433669,29,0.0928245216255987,1.5911199174992,9.81079048760621,9.7667195696469,-0.44920863425828,0.475948734805986,0.473586254976192,-0.496372751312602,0.429279309260663,0.425055834240259,-0.983852454402701,0.633570942582204,0.631919935682112,-0.260587534738099
"LUX",2018,"EU-SILC",3807,4.28428380324105,0.61541278217375,459.676117803352,9,0.15820201548438,1.58970708990287,79.9790703833274,79.4348543140705,-0.680448105546316,0.344483111356595,0.339995403924478,-1.30273655925948,0.214115045546614,0.207911318248014,-2.89738036986738,0.42860043675329,0.424709315963989,-0.907866734522456
"CIV",1998,"ENV",4177,1.3004388410486,0.748564134166118,34.6788934355426,23,0.137588612071419,1.5877971212729,3.91240711957527,3.89800024011787,-0.368235692684427,0.389599627088177,0.387346229056118,-0.578388138843944,0.253794018888855,0.250439263454898,-1.32184180251534,0.384672906320493,0.382410539086037,-0.588127522703819
"GHA",2012,"GLSS-VI",16767,1.33515871172823,0.855220074977397,49.4429231527959,37,0.11698714835458,1.5850553202415,4.84233872021812,4.82342683856879,-0.390552638756292,0.423732052263398,0.42147393958413,-0.532910519089991,0.30953960090517,0.305885945305246,-1.18035158966401,0.455888261782283,0.453760566316241,-0.466714246540301
"TUR",2008,"HICES",8500,2.69228831296223,0.688568176003691,116.51183326915,22,0.179589094144905,1.58372262318495,16.6083382296991,16.55455076576,-0.323858192163662,0.39020540007608,0.388227298189544,-0.506938624157915,0.265955428481345,0.263094476823188,-1.07572598705481,0.417863321953671,0.415987651499593,-0.448871761538749
"CRI",2016,"ENAHO",10674,2.93983141834475,0.897390794146071,279.221060820912,20,0.0917910007848141,1.57799234894349,25.8796170244544,25.7275384540022,-0.587638411760805,0.486377743330003,0.483344215426048,-0.6236979272912,0.41887328915918,0.413345909822469,-1.31958267088527,0.564624458774942,0.562055698620562,-0.454950208843885
"BOL",2007,"EH",3817,2.34234985770118,1.0789222878729,264.83757705964,6,0.0749660886302578,1.5744007229705,14.8933335134769,14.8573911357111,-0.241331987451332,0.544999691360664,0.543900119915931,-0.201756342648285,0.575466991627046,0.573171551067289,-0.398883097233305,0.727149740051332,0.72649012663826,-0.09071218440172
"HND",2005,"EPHPM",6628,1.85926173141822,1.21326090704869,244.458229190777,4,0.0231949435891158,1.57360017735056,9.41386403003698,9.32242939732453,-0.971276326285431,0.59457141669965,0.590595784923081,-0.668655045450584,0.721767592950831,0.712155421894556,-1.33175431401364,0.806231532116373,0.804331162130386,-0.235710203618389
"DJI",2012,"EDAM",5846,1.36239982056247,0.956051925549855,68.7554218845272,19,0.100160954030177,1.572271801393,5.80908946481944,5.78662087575341,-0.386783319522011,0.451342527154308,0.449214987645908,-0.471380244581343,0.38980068598036,0.386199704270083,-0.923800762746418,0.625292598083433,0.623840441191073,-0.232236379706141
"PSE",2005,"PECS",2152,2.49573922164265,0.63940761491585,82.5960671659358,9,0.19339606473623,1.57054291859709,13.4029789355648,13.352216942537,-0.37873664706779,0.347426242272682,0.344948184973082,-0.71326140575616,0.20026560331785,0.196927777299178,-1.66669960461191,0.319719800026384,0.317160672190488,-0.800428323702296
"THA",2017,"SES",29466,2.66958683292609,0.697453382202093,116.97344924698,72,0.142703686117388,1.56837054219162,16.1990556697395,16.1119198763562,-0.53790662344656,0.363828048141218,0.360390825121426,-0.944738328271355,0.216043534703393,0.211145096545639,-2.26733846235159,0.32770101966345,0.324088576730356,-1.10235938136646
"IRL",2011,"EU-SILC",4069,3.72621448022391,0.552154761773951,217.604406567338,24,0.219735671858574,1.56258343831943,44.0452165368628,43.8351277826505,-0.476984269191894,0.321130452946919,0.317882016449567,-1.01156289213382,0.183021895786989,0.178951202073813,-2.22415667572035,0.374608350890221,0.371655181982984,-0.788335043844812
"IRQ",2012,"IHSES",24923,2.33732880716832,0.541093935536557,52.4893668964065,119,0.256703571181418,1.56230329517912,11.3009110474307,11.259098621065,-0.36999164217989,0.295418569658679,0.292806230795374,-0.884283904807692,0.142461995198429,0.139371400082434,-2.16941726225987,0.238978841868591,0.236215127316157,-1.1564683010531
"MAR",1990,"ENNVM",2880,1.87796442406823,0.756816644894861,63.3334964333709,17,0.127611039687464,1.56058579010491,7.76402329204437,7.72367958107734,-0.519623775580014,0.392069033910029,0.388896300661341,-0.809228216022773,0.25296647336314,0.2481930279849,-1.88698736033179,0.368119384070114,0.364834582222936,-0.892319717277335
"SRB",2009,"HBS",4591,2.5987239425726,0.490698338949985,58.6049380104425,25,0.31144136298408,1.56056083954397,13.8904478648656,13.8561989927649,-0.246564203212585,0.27974149265598,0.277965059874601,-0.635026561313046,0.130761679127442,0.128791122739908,-1.5069830860873,0.231853831962384,0.230015949135679,-0.792690295928966
"EST",2016,"EU-SILC",5855,3.23080489330256,0.549327015540752,131.470953320864,16,0.355737466307796,1.55715098835737,32.7555465505201,32.7131846719412,-0.129327344648644,0.325151998331818,0.324281139060903,-0.267831437414856,0.185095316492991,0.184104689396794,-0.535198358859901,0.366061734765607,0.365269537687262,-0.21641078624397
"KGZ",2012,"KIHS",19836,1.83042031659522,0.505929035629838,28.451686079818,99,0.240552725433601,1.55671104213223,6.02048975138867,5.99520942893518,-0.41990475023499,0.273572740889127,0.270514592671256,-1.11785560503309,0.125376337251151,0.121840649611965,-2.82005976303394,0.22043054289859,0.217212908821911,-1.45970428343021
"FRA",2007,"EU-SILC",9745,3.83603416915998,0.53131088257291,228.141674845529,33,0.222440814475179,1.55572458322985,46.8137478081926,46.5929350248931,-0.471683626366115,0.296910916099064,0.29358252762905,-1.12100575948642,0.148684092661606,0.144578917403572,-2.76100501711165,0.270704309191261,0.267299430497148,-1.2577851842424
"GEO",2022,"HIS",13618,2.04101672936759,0.610655970596584,48.0856906494735,52,0.206624990161441,1.55343557888119,8.36997230992049,8.33930723568922,-0.366370079802136,0.335006636540247,0.332564544392988,-0.72896828924911,0.196082238449363,0.192891140952707,-1.62742812500044,0.345065585783248,0.34268624241141,-0.689533662546438
"AUT",2006,"EU-SILC",5705,3.98860377610982,0.506773338639385,246.885284131182,23,0.2893579101017,1.55269981661298,55.6388383011523,55.4893162593953,-0.268736814646697,0.287154333276235,0.285238329977545,-0.667238163126294,0.144995600913021,0.142834488926966,-1.49046727793595,0.530775689890122,0.529534597889459,-0.233826082147826
"GRC",2021,"EU-SILC",6996,3.34448127107896,0.626538612430334,185.693433766191,23,0.160780857016693,1.5489358587853,28.8657985352634,28.717245325059,-0.514633988118962,0.334262445018702,0.330821611408537,-1.0293808537098,0.206007197211602,0.201369381511484,-2.25128818938988,0.415687539415163,0.412685266577035,-0.722242683134433
"UKR",2015,"HLCS",9096,2.47272472852414,0.444261970059923,44.9481965426727,58,0.282028970933639,1.5465884510782,11.7012297688366,11.6470268367602,-0.463224234949899,0.254575403491064,0.251112848260774,-1.36012952657888,0.106777207955755,0.10302034584692,-3.51841201016548,0.18675764833546,0.183093538595617,-1.96195966939032
"SDN",2009,"NBHS",7906,1.41323027721106,0.64509747087915,28.460657353528,24,0.193573952068526,1.54263445554847,4.67411505333369,4.65710296325289,-0.363963870950601,0.353953369624997,0.351596768177788,-0.665794324745606,0.213185460909442,0.210010918216952,-1.48909905907614,0.34979613427322,0.347447764362142,-0.671353877583059
"TUR",2011,"HICES",9854,2.80382387462572,0.714309646680118,140.717286133568,24,0.152044362432926,1.53726905010142,18.2821966817614,18.2151028310288,-0.366990093699315,0.400393547657291,0.398187075972769,-0.551075734719286,0.273932603438261,0.270605582805925,-1.21453985052445,0.414212310933596,0.412066954840952,-0.517936342309233
"HUN",2010,"EU-SILC",9193,2.96750912296938,0.466387694290585,78.7810279516524,42,0.299361516905631,1.53344685379373,19.3954699532026,19.3338908097366,-0.317492402166886,0.269441380246701,0.267118119098279,-0.862251056721342,0.123067256678948,0.120406893046703,-2.16171523119644,0.222167233953456,0.219752992798775,-1.08667741490025
"HUN",2009,"EU-SILC",9214,3.00591381038635,0.468935468776218,82.4935589298372,43,0.297774517709029,1.53164858791067,20.3538416937472,20.2877371621037,-0.324776681661165,0.275132808997958,0.272775477683322,-0.856797603754,0.128066871720828,0.125434343526075,-2.0555887399914,0.228902508672385,0.226465415833644,-1.064685945504
"POL",2006,"EU-SILC",12726,2.79667891464758,0.645495599969908,113.654792069033,37,0.186620575562998,1.5287746264158,18.3420404791343,18.2737352454365,-0.372397137469338,0.357892789506381,0.355496346667601,-0.669597965939861,0.2272009022179,0.223952903907846,-1.42957104410597,0.402031073812464,0.399818966259966,-0.550232978640242
"HUN",2011,"EU-SILC",10996,2.97196584121341,0.510130885602175,90.2296870841231,48,0.275781138390579,1.52630836928545,20.1810459904898,20.1218574547345,-0.293287750214888,0.294400716343077,0.29232948691357,-0.703540893254173,0.147445097078417,0.145058806449625,-1.61842657102628,0.259779540280081,0.257660152577144,-0.815840885949737
"SVN",2008,"EU-SILC",8883,3.56841086884067,0.416448916619025,123.687425210515,41,0.379734172484857,1.52411168491265,37.6094659130974,37.5059390690737,-0.275268051567101,0.243547531903853,0.241463937899996,-0.855518422859625,0.101061807683114,0.0989908093191509,-2.0492393827514,0.196115796928939,0.19401042141665,-1.07353693341322
"URY",2004,"ECH",15988,2.80502041074853,0.851510678442551,212.629761866775,31,0.0788545341357128,1.52080430121326,17.706372872905,17.604761800819,-0.573867233088532,0.458764106832883,0.455642852399359,-0.680361516307781,0.363771935873613,0.358356856544914,-1.48859183314798,0.510372534535156,0.507551684102066,-0.552704199817333
"SVN",2007,"EU-SILC",8618,3.51544209373654,0.414349283984785,116.569766249308,44,0.384365212277551,1.51022311556516,35.7449133772402,35.653139062274,-0.256747901436138,0.243639268317236,0.24169705030152,-0.797169532288666,0.10090264731529,0.0989936831463702,-1.8918871007964,0.198399261396212,0.196448291226213,-0.983355561038191
"CRI",1993,"EHPM",4143,2.30875688046406,0.881558720906323,141.660456550736,11,0.0765021818667496,1.50546477837508,11.8191923675656,11.7496319294872,-0.588537997480032,0.44685539903993,0.443582384249416,-0.732455017338041,0.366304195603131,0.360706211746483,-1.52823361671584,0.583258363237426,0.580794275186275,-0.422469390318536
"BLR",2010,"HHS",5518,2.54024908979194,0.494343172855051,55.8840276384928,20,0.320729668220473,1.49924258598676,14.2041516168271,14.1704335832427,-0.23738153811651,0.285665997528012,0.283971163225287,-0.593292277481583,0.134046989509602,0.132207219223524,-1.37248161469987,0.232235938588298,0.230481293137469,-0.755544323369906
"CIV",2002,"ENV",10782,1.34566312300278,0.826385613246588,45.8245494974082,46,0.0977965816336076,1.49672121332965,4.16055934231649,4.14310221100434,-0.419586163201646,0.41340041687622,0.41093023519957,-0.597527621117455,0.289334978994281,0.285391641716934,-1.36289683710321,0.420031076465858,0.417593443684634,-0.580345816727235
"GRC",2005,"EU-SILC",4064,3.52987413208867,0.625590230266959,222.882521424064,17,0.202077225089209,1.49401302797352,38.3151745913551,38.1931357057721,-0.318513191926229,0.333720310967775,0.331594764672164,-0.636924462118038,0.19805596532329,0.195314843537059,-1.38401374669895,0.388999642082726,0.387071637797286,-0.49563137773514
"SRB",2019,"HBS",6350,2.74952444673273,0.504955092521365,71.1215030013256,34,0.279608528056412,1.49187073563664,15.2907040616214,15.2614483101268,-0.191330310080107,0.289532460795447,0.288173102762676,-0.469501080824286,0.140787841333536,0.139233254632598,-1.10420522554554,0.247343716054667,0.245940001353116,-0.567515813193853
"SVN",2021,"EU-SILC",4660,3.81970874611184,0.470335193294475,186.9262821434,31,0.248059275354336,1.48937612151164,45.5951014321432,45.3797068597656,-0.472407266596819,0.240315285252613,0.236714652248472,-1.49829545813356,0.0974425502869591,0.0935222079196438,-4.02323456823561,0.175981274962002,0.172173394926869,-2.16379841318621
"PAN",2019,"EH",7090,3.24524133487116,1.00017764054514,515.828453890795,13,0.0626330098549347,1.48718135623504,33.519762999904,33.3443422202752,-0.523335381665047,0.498028228723991,0.495389006728084,-0.529934217316996,0.455228611916259,0.450217966717887,-1.10068766927466,0.605583428656155,0.603510257504398,-0.342342781135485
"GRC",2016,"EU-SILC",8807,3.20425422002918,0.717690084156126,212.15655571645,16,0.0790043573449936,1.47716372454459,25.0274737510296,24.8253899110185,-0.807448015014944,0.358858160333049,0.353640749295797,-1.45389226551493,0.24987395857168,0.242166367538956,-3.08459155839299,0.551894439381532,0.548252114558968,-0.659967660961658
"THA",2021,"SES",31139,2.70466006165375,0.682982146018908,116.001891813502,91,0.150844540651783,1.47681233837911,16.5598203236109,16.4902453747119,-0.420143138871154,0.349238725120039,0.34649633524707,-0.78524793378133,0.198473919339151,0.194721101402307,-1.89083681590991,0.308177339514212,0.305283476592304,-0.939025214011435
"UKR",2002,"HLCS",9418,1.87401628186921,0.498501412607534,29.0645878187441,42,0.258769900361862,1.47275379434377,6.81558864933971,6.79042221383884,-0.369248157359103,0.290456955102705,0.287831719510739,-0.903829481734231,0.139295700905398,0.136262277849156,-2.17768605673113,0.239840698285933,0.237096345641363,-1.14423976588767
"ECU",2022,"ENEMDU",8235,2.84712459823888,0.903510727350682,259.21472707704,10,0.0334835567088413,1.46349135598063,15.2086156024266,15.0728331378593,-0.892799634870522,0.454457360708191,0.449544772768842,-1.08097884732095,0.365894747671298,0.35720505865903,-2.37491493594068,0.524039244335113,0.519753863629042,-0.81775950034203
"UKR",2008,"HLCS",10619,2.44871986948895,0.466257789981086,46.8754103990605,58,0.287222394127412,1.46204486034235,11.9436346992431,11.90365007799,-0.334777664086217,0.266382301817958,0.263922625784715,-0.923363157558399,0.115408212562879,0.112720038834942,-2.32927420695673,0.199694844854607,0.197095863938169,-1.30147621904322
"THA",2019,"SES",29746,2.67310702274291,0.674448143289234,109.557711120026,87,0.152379295810994,1.45704573986062,16.043336350168,15.9765208700577,-0.416468736003262,0.348557219794626,0.34583559731471,-0.780825163087739,0.197293261833842,0.193565607544482,-1.88939766858283,0.306341666491971,0.303465284984207,-0.938945570382965
"ITA",2022,"EU-SILC",19044,3.97978065274304,0.623980590335813,347.832980596192,84,0.143535696884739,1.45375830588457,51.7810482808223,51.5275414832594,-0.489574479427324,0.345789741968919,0.342573268479167,-0.930181870473457,0.220014910946306,0.215506153544871,-2.04929628725758,0.571285166644289,0.569184157772566,-0.367768847222805
"KGZ",2013,"KIHS",19837,1.79408174915801,0.529978556146596,29.4890031006356,99,0.204356760464735,1.45312387416284,5.93447984389062,5.90850727190147,-0.437655408264459,0.288154836658188,0.285029026647636,-1.08476749750339,0.135148563269298,0.131359134449855,-2.80389870804064,0.231137014641037,0.227811090309593,-1.43894059400588
"VUT",2019,"NSDP",4121,1.65534382470958,0.577325823799763,29.5865923069632,19,0.198786902019429,1.44631820698189,5.43159824903548,5.4118543248897,-0.363501187689752,0.323175747302887,0.320709719325149,-0.763060965532958,0.176083846060589,0.172951197563862,-1.77906637480475,0.295664400027405,0.293131997644859,-0.85651244529642
"ROU",2014,"EU-SILC",5809,2.46090004203872,0.622470785499842,75.8162309639665,9,0.0552164574124945,1.43558129530919,11.0250673928607,10.9086566244555,-1.05587353126335,0.369177172302066,0.36244850097561,-1.82261305174916,0.27424385987596,0.264232706378503,-3.65045675115008,0.527026636815142,0.521989634028992,-0.95573969782401
"ROU",2018,"HBS",30422,2.7216411563624,0.4587524697015,60.2136195721628,48,0.196527426793462,1.43522775603658,14.344636728367,14.2570947976632,-0.610276386648734,0.28782866299943,0.283461225093132,-1.51737421172223,0.138998309720077,0.133789223089138,-3.74758991057448,0.242216704655709,0.237652175074598,-1.88448174439476
"MLT",2009,"EU-SILC",3622,3.53519562967505,0.503737913055298,155.463249931312,13,0.279510301584762,1.43074712190751,38.7695117867822,38.6493539114517,-0.309928781129154,0.289955066485595,0.287752075583414,-0.759769756356565,0.142870320845049,0.140380588862781,-1.74265163509231,0.283556985185061,0.28139524240239,-0.762366259910618
"TCD",2003,"ECOSIT-II",6694,0.939864637055642,0.784045726439546,26.8966519590886,40,0.0929590561468561,1.43030906140531,2.509734117908,2.49884003719866,-0.434073100875965,0.398245701390061,0.395623546894036,-0.658426314928895,0.267682367058859,0.263599051446738,-1.5254331680441,0.401716578480762,0.399114728623672,-0.64768296766089
"UKR",2017,"HLCS",7958,2.57629328330482,0.462297950994851,52.6247813060486,37,0.283123714853541,1.42773004056687,12.9989671411518,12.9623702180814,-0.281537161168333,0.260490491812352,0.25840595872559,-0.800233848175669,0.11101340599097,0.108749284754755,-2.03950254116051,0.19328620929646,0.191082314340365,-1.14022359076585
"UKR",2018,"HLCS",8051,2.61071208242663,0.468154333134334,55.4329998639699,47,0.25669194398609,1.42627123599431,13.5891367852773,13.5376108810496,-0.379169810723567,0.26071485731453,0.25790661164894,-1.0771329622394,0.111765850399257,0.108700953377088,-2.74224820123588,0.19456433857231,0.191594827571119,-1.52623601168708
"GEO",2002,"HIS",10668,1.60765460193514,0.69372692285994,39.9982366949076,35,0.137696294391081,1.4239458215579,5.84018709298498,5.81210208265392,-0.480892305056402,0.372493776689267,0.369464280116945,-0.813301258144106,0.242128095363887,0.237782513475867,-1.79474500118996,0.412022980704518,0.409199576632543,-0.685254028099802
"SSD",2016,"HFS-W3",173022,0.675802673920531,0.85766860920815,25.7596290666261,601,0.0698278780456265,1.42361939849506,2.1500796335524,2.1374580851757,-0.587027018894204,0.441757447523087,0.438463053805795,-0.745747182252132,0.346478445878596,0.340909720223933,-1.60723580958743,0.514111412930562,0.511246800511673,-0.557196815095073
"UKR",2016,"HLCS",8164,2.48182547325539,0.444954162041688,45.453415184809,39,0.222005314214717,1.41793467001065,11.858196485074,11.7909640030765,-0.566970551399781,0.250022029792386,0.245750451332053,-1.70848083422064,0.103405239745809,0.0986290333099133,-4.61892109881132,0.181197247801629,0.176637944102947,-2.51621023718518
"BIH",2004,"LSMS",7412,2.88667963237152,0.599429141647706,108.306704335731,27,0.211205342153579,1.41633364868368,20.3859465038384,20.3259630293694,-0.294239340114433,0.340374901002558,0.338431071162184,-0.571084952106538,0.193817739200858,0.191317781608278,-1.28984973351097,0.324204148538271,0.322241704480911,-0.605311210916992
"ECU",1995,"EPED",1100,2.02813936830566,1.09547579988138,203.276428185874,4,0.0302463348605339,1.41045196565675,8.47020387968865,8.41221939173408,-0.684570156494291,0.494408792702033,0.490925299854504,-0.704577446628929,0.429280302144639,0.422601396007981,-1.55583801616128,0.562357835207968,0.559342304578655,-0.536229859444892
"ROU",2006,"HBS",31958,2.07699120500118,0.505498301289549,36.3606122915769,68,0.193713010691725,1.40573005000382,8.21511808146504,8.17007093472655,-0.548344482596386,0.304642964282953,0.300812200675368,-1.25746006201126,0.154463855585189,0.149626238982576,-3.13187611709261,0.261822053359313,0.257810627191667,-1.53211928337457
"UKR",2005,"HLCS",10349,2.26127088140758,0.512155607539543,44.6001714873381,34,0.244233485143298,1.40467150659686,10.1364393757018,10.1029842532112,-0.330048069647904,0.290207135992586,0.287861119065866,-0.808393948927577,0.138364171206905,0.135668163790846,-1.94848665846278,0.237345006476692,0.234886904485095,-1.0356661924713
"TZA",2007,"HBS",10457,1.12618674930678,0.789539524128073,32.9438738710263,48,0.0725856591158908,1.39980443452468,2.65914265727896,2.64583238842963,-0.500547378039373,0.402790968374868,0.399788125640606,-0.745508953782559,0.272616997919983,0.267863323619606,-1.74371896713948,0.394126008269591,0.39108389154622,-0.771863987542243
"SWE",2006,"EU-SILC",6738,3.70988290600224,0.439145599658165,152.52365594629,17,0.20870980213562,1.39716793451715,41.6059337582047,41.3429608134141,-0.632056346382814,0.264313220089471,0.259638767056838,-1.76852789695928,0.137308360864325,0.131950587899892,-3.9020005269213,0.955511985824555,0.955229364599478,-0.029577988478402
"CRI",1989,"EHPM",4031,2.16508257339551,0.872714185775945,119.489097239933,6,0.0669902663516196,1.39001951040845,10.1941730987846,10.1325181682889,-0.604805607068715,0.439743431527438,0.43633641543837,-0.77477361679601,0.356609886089995,0.350876100355282,-1.60785944483474,0.55150258575587,0.548777588361609,-0.494104191828382
"DJI",2017,"EDAM",4473,1.36080441233271,0.886772586725664,55.7636471610341,13,0.0852231696474819,1.38062639875957,5.44380242347626,5.41616739774311,-0.50764196756995,0.415879915927166,0.412902297673065,-0.715980296250374,0.305430679076021,0.300703762380271,-1.54762341165259,0.464709025953256,0.461985669852871,-0.586034690158743
"PER",2000,"ENAHO",3369,1.74223381135612,0.944937209577175,97.2267072904467,11,0.0888936606810434,1.37834162043119,7.72477907663487,7.70473361080537,-0.259495651987374,0.490733632867328,0.489410340519166,-0.269655931351265,0.448072788408336,0.445654854284235,-0.539629762541471,0.607623073259469,0.606604180134086,-0.167685061713796
"PRT",2021,"EU-SILC",9030,3.48989708260322,0.642636543685389,225.384247807357,25,0.147076832130619,1.37814420272125,36.5825067082875,36.4098350246736,-0.472006155813176,0.346686313587939,0.34359163826687,-0.892644214604588,0.217598526669911,0.213422137117742,-1.91930966449272,0.417265514103521,0.414525415598352,-0.656679838748608
"LSO",2002,"HBS",5832,0.67016169630929,1.01659244043771,41.2618777844749,10,0.03698591027079,1.37703770356844,2.26866487529846,2.25268558569139,-0.704347732494537,0.515749235389863,0.512315158448025,-0.665842371873326,0.510803133882045,0.503926302889605,-1.34627815224556,0.668981313030946,0.666634008243099,-0.350877482244216
"JAM",2021,"JSLC",2187,2.99222251283971,0.748836008824882,188.430745087602,5,0.122556884253421,1.37362100295181,20.3783656153742,20.329378955378,-0.240385617378769,0.402102706559114,0.400663754940523,-0.35785673538592,0.277919307060907,0.275738558944286,-0.784669528606463,0.424356654578376,0.422976678627451,-0.325192485150583
"KGZ",2016,"KIHS",19963,1.83330774718185,0.491219317676866,27.3021567311754,139,0.222698935835466,1.37111836728283,6.22069477924101,6.19620330305069,-0.393709658799668,0.267807678657523,0.264917219921397,-1.07930390592806,0.116228379603085,0.112918325911478,-2.84788766987097,0.195925891809262,0.192820344017197,-1.58506247611665
"KAZ",2003,"HBS",47231,1.81736325516517,0.597916633381661,37.0072246838997,118,0.154680632722361,1.37077709321389,6.34036229793645,6.31069307322361,-0.467942103600238,0.336914788017937,0.33380045370459,-0.924368541870468,0.188090535348649,0.183947222290842,-2.2028291057429,0.305562602169508,0.302331687441083,-1.05736589015998
"THA",2010,"SES",29848,2.53882545058922,0.771209246658289,128.054146059591,89,0.107072726267729,1.36863689026001,13.7677321352789,13.7164129396082,-0.372749812144024,0.394027714289363,0.39176228954421,-0.574940457992512,0.255219328938979,0.251779826453459,-1.34766535897538,0.371126164902952,0.368783223817716,-0.631305821794903
"UKR",1992,"HS",9338,1.69500210293007,0.595284800614145,32.4875358923689,16,0.216006852631187,1.36597522299943,7.17266495185704,7.14486342956444,-0.387603805269043,0.297089213453383,0.294357788936387,-0.919395384721722,0.152416914887183,0.149165014104994,-2.13355636058867,0.27482549234163,0.272060982198599,-1.00591474228808
"GRC",2006,"EU-SILC",3988,3.55830047040309,0.631044309021493,233.092040103277,12,0.161158777935154,1.36120416034253,38.6745451210397,38.5237538871531,-0.389897886102208,0.344856765344614,0.342295564935478,-0.742685272993537,0.20709059017191,0.203672995686406,-1.65028960643103,0.358365113278734,0.35588013073958,-0.693422000935784
"CRI",1995,"EHPM",4720,2.37861995412917,0.849968485061951,138.175609573579,11,0.0956987429695424,1.36017377303551,12.6573662879118,12.617436432759,-0.315467327440222,0.447393565036243,0.445646157053384,-0.390575126559423,0.36747649825439,0.36452821127987,-0.802306266802033,0.57158723296475,0.570234331019806,-0.236692120977999
"AUT",2020,"EU-SILC",5979,4.22365833357433,0.511542750107989,316.805044750069,23,0.189244441998971,1.35838829793625,66.1911732466257,65.8915760341387,-0.452624115561062,0.301873062896362,0.298702258028801,-1.05037688263356,0.181866796263694,0.177956948811987,-2.14984127506008,0.935998363107982,0.93570776291858,-0.0310470830778176
"BLR",2015,"HHS",5953,2.76721136220614,0.439182814646682,59.4276618776944,31,0.320125004492552,1.35314383085705,16.9463983744248,16.9073320355246,-0.230528859507717,0.256332263137405,0.254617508619102,-0.668957741532428,0.10814342227624,0.106390674042105,-1.62076268463054,0.192746587165077,0.190970311087896,-0.921560326076887
"SVN",2016,"EU-SILC",5173,3.58530590408009,0.497770001104933,160.5516836741,23,0.207185246444545,1.35150612265489,37.9581478808043,37.7777805896399,-0.475174109471332,0.25408464541784,0.250527481965299,-1.39999150546493,0.110424295159789,0.106393500016459,-3.65027925919501,0.201541689877305,0.19781191275474,-1.85062312657778
"MNE",2006,"HBS",1300,2.67141065429023,0.531886580337189,71.3124121201987,6,0.179346685417438,1.34851952874523,15.0719010975328,14.9965500153082,-0.499944112802941,0.300353596169151,0.296844789982756,-1.16822512903072,0.149388954499492,0.145177236142028,-2.81929703007419,0.255678594816795,0.252012174149794,-1.43399593917043
"THA",1998,"SES",17183,2.13327735722103,0.763128592918971,83.3178769988838,61,0.111481473308005,1.34754305556966,9.08613161985648,9.05657608100049,-0.325281870134897,0.414557946976206,0.412649104688952,-0.460452465373618,0.281079614124477,0.278096764764279,-1.06121156082029,0.393442941976511,0.39147246038895,-0.50083033073679
"ARG",2008,"EPHC-S2",31488,3.09069868033166,0.861974009614653,291.961139403037,33,0.0547111138562648,1.34269872994199,25.5656151071277,25.3820811091772,-0.717893925811508,0.448871951132909,0.444888414990332,-0.887454903903517,0.371230649236307,0.364353620690628,-1.85249481954864,0.552738709939327,0.549508270878041,-0.584442341959468
"PER",2018,"ENAHO",37406,2.28125619218795,0.838897097446172,121.261271282302,70,0.107917524549322,1.33999393952017,13.6317243408915,13.5799222230764,-0.380011482918208,0.423656922040458,0.421460685093399,-0.518399873293829,0.318731010557843,0.3152559706606,-1.09027354795557,0.483077166830184,0.481113389420202,-0.406514226881771
"ESP",2007,"EU-SILC",10241,3.6096489787971,0.614477760414976,233.476693878066,25,0.185209607782332,1.33837434768693,40.4787439041958,40.3694080485109,-0.270106839144246,0.332612896095376,0.330808079634358,-0.542617704305881,0.205934805865278,0.203617730226991,-1.12515008259589,0.721012598375917,0.720261457847331,-0.104178558083201
"URY",2017,"ECH",35181,3.32910845516225,0.741104515155319,257.861340526218,121,0.101837368357446,1.33607133943341,29.7653040237399,29.6302175307866,-0.453838781036919,0.394565391995296,0.391806947466462,-0.699109598762448,0.266217786729955,0.262000578529762,-1.58411962325816,0.408038171043145,0.405349504515145,-0.658925247391995
"MNE",2021,"SILC-C",3584,2.95726786349482,0.630751347264864,127.67933243809,12,0.114069871693361,1.33074308804132,17.5087200937689,17.4213676620076,-0.498908151443622,0.352598356509265,0.34935631272843,-0.919472175914682,0.228561175636305,0.224071090503617,-1.96450036634103,0.417957251931875,0.415057347671996,-0.693827956441606
"UKR",2013,"HLCS",10524,2.61039026596374,0.436086770505333,50.3324791503385,56,0.296610307876219,1.3268032084846,13.491663670338,13.4619471652516,-0.22025827068145,0.245549855850887,0.243887707130948,-0.676908855914238,0.0983808164232385,0.0966760425272124,-1.732831621047,0.173145109082394,0.171399302131383,-1.00829123055424
"VEN",1995,"EHM",6752,2.24124890095551,0.965834433007455,170.502882029216,21,0.0593953435002926,1.32586716156932,9.89448575423639,9.86456878927396,-0.302359978128364,0.466228583940967,0.464610941511471,-0.34696337487985,0.394321005911075,0.391440644912043,-0.730460958420598,0.865883150273107,0.865476537033234,-0.0469593662545842
"MLT",2007,"EU-SILC",3469,3.44419358558227,0.475706037517703,130.491970761145,14,0.28718842910279,1.32463901135783,34.6697011197007,34.5852105744822,-0.243701394848495,0.280199761537659,0.278444858356725,-0.626304309219805,0.139993721119686,0.138098892255589,-1.35350989240226,0.318956299894195,0.317350154847205,-0.503562728662932
"KAZ",2001,"HBS",47534,1.66641879191122,0.647751636391168,36.9539927995791,103,0.134871034919334,1.32262782825719,5.5795578453618,5.55560129313815,-0.429362915263409,0.359647585522405,0.356888491281532,-0.767166068101421,0.218983895292025,0.215112678308462,-1.76780898814528,0.354033892812687,0.351268765601866,-0.78103460345359
"GRC",2022,"EU-SILC",5962,3.41051651383038,0.626423084274522,198.300938184941,18,0.133480559894749,1.32041516768915,30.7996818058557,30.657691338257,-0.461012774397307,0.327918802995016,0.324809762836348,-0.948112804228485,0.192833693246476,0.188737762425141,-2.12407424883977,0.379943425952356,0.377096033304259,-0.749425428525308
"URY",2005,"ECH",16227,2.82566989786252,0.833579053700443,205.697585570296,35,0.0823566485005238,1.31610797991405,18.2119885703491,18.1417047729959,-0.385920500014125,0.447278023119094,0.445138089909322,-0.478434686964768,0.346870254471542,0.343251641107612,-1.04321812472584,0.682632294448565,0.681404480233492,-0.179864654083628
"PAN",2013,"EH",6975,2.97598345111524,1.02414787246296,423.446453678906,13,0.0613708940764708,1.31470103853557,26.8095438941412,26.7169514166962,-0.345371326758392,0.514165613816724,0.512482714932089,-0.327306774201164,0.485818291157507,0.482509561187442,-0.681063276185245,0.619400195654444,0.618082240832785,-0.212779206546188
"PAN",2018,"EH",6692,3.19874130136058,0.987525971354486,474.05304059493,12,0.041949403892023,1.31312604640779,32.4132832586239,32.1865184183206,-0.699604660515241,0.491715179814759,0.488135470543326,-0.728004629180012,0.448112145375789,0.441349531769722,-1.50913419237843,0.604503196295266,0.601718616393864,-0.460639400828267
"MNE",2013,"HBS",1198,2.76144647451817,0.547969197691557,81.8881316445205,4,0.210936098134749,1.31018974280487,16.237040515956,16.1970361063073,-0.246377470139458,0.324429363895778,0.322764765053541,-0.513085135774505,0.180249454764732,0.178210218770391,-1.13134100572015,0.316182998911334,0.314529285935369,-0.523024002447536
"AUT",2013,"EU-SILC",5947,4.10347972647359,0.548300658237486,313.682617106511,19,0.177006648933902,1.29860687750729,60.5048940870427,60.2744124600283,-0.380930551969683,0.304639105752173,0.301984517577208,-0.871387856923467,0.183035768185113,0.17980453400184,-1.76535669247163,0.708102718806981,0.706994420275677,-0.156516632667547
"VEN",2003,"EHM",11864,1.94501704305987,0.925228234981206,112.246994140278,34,0.0544460946173922,1.29552953190098,7.100234423067,7.06936289391676,-0.434795913920016,0.462052621474958,0.459704528966771,-0.508187249472158,0.394516342889427,0.390351880766945,-1.05558671967322,0.589942668173317,0.588153526153868,-0.303273879983834
"SRB",2008,"HBS",4620,2.59054150841181,0.490121799867926,58.0269122950019,21,0.250047081380782,1.29113951875267,14.1126265283793,14.0755074307465,-0.263020477146447,0.27561421131952,0.273707005059591,-0.691984005758561,0.125237436250028,0.123120817042616,-1.69008506624639,0.220476886098573,0.218485204092516,-0.903351839415556
"SVK",2013,"EU-SILC",5387,3.15315292750371,0.396379706756485,76.8835583279283,23,0.303894705986635,1.2907828069414,22.5561242879243,22.4986187772362,-0.254944111648314,0.261162956593483,0.259278588956546,-0.721529447175917,0.129997836192012,0.128069056279364,-1.48370155161571,0.399228125719766,0.397749013735062,-0.370492931087474
"NGA",2018,"LSS",21573,1.16855900460368,0.667307726575074,23.8189667203813,61,0.127521867868906,1.28903756037953,3.65593018236754,3.63917826040447,-0.458212305143568,0.351277428015171,0.348293343639395,-0.849495053706295,0.205495981754035,0.201337296314877,-2.02373078230583,0.327798699438178,0.324726615229325,-0.93718621035378
"HRV",2010,"HBS",3458,3.23457035477832,0.484174822100165,108.537400763347,15,0.249724765049932,1.28465639290976,26.6044600089683,26.5337288817116,-0.265861916509191,0.273541011835459,0.271608145242187,-0.706609433189886,0.122691110984668,0.120574092699791,-1.72548627841587,0.212799524534223,0.21077164919088,-0.952951068749797
"MLI",2021,"EHCVM",6143,1.49319525663203,0.628172526959734,29.3036721496993,30,0.164188590530718,1.27905300985203,4.35994197144293,4.35228928870572,-0.175522582349319,0.356535942018622,0.355405947619338,-0.316937022642338,0.205207362785364,0.203677232842104,-0.745650605558634,0.310753144862485,0.309555383061212,-0.385438352298317
"PRT",2020,"EU-SILC",9201,3.44006623713737,0.62452812039356,203.090277781215,30,0.181150079981648,1.2780519126408,35.2619249529109,35.1791574472519,-0.234722028844281,0.327627472038994,0.326048567081654,-0.481920807041614,0.185238749372703,0.183247054199846,-1.07520439411389,0.327085632138895,0.325527495475252,-0.476369644687258
"LSO",2017,"CMSHBS",4294,1.32680278573046,0.88321846123823,53.3278212384319,5,0.0989094067858414,1.27513928395825,4.64339700667963,4.63693345897606,-0.139198687819908,0.448797013666327,0.448029822458785,-0.170943919897015,0.354801169437648,0.353521524049367,-0.360665493383228,0.505643951598749,0.504957118574159,-0.135833331421775
"ITA",2016,"EU-SILC",18171,3.88725944648874,0.614335541233635,308.051220721109,56,0.144601261691992,1.27148127013599,46.3730643635251,46.2288854875751,-0.310910822756472,0.347681977145171,0.345649464421604,-0.584589612684561,0.239984239379589,0.237217767178583,-1.15277245212373,0.657012553562602,0.655947806610814,-0.162058844388058
"BOL",2019,"EH",9740,2.86778056799102,0.790502568276595,188.535868540494,24,0.106806464034027,1.2651049982897,19.6126613507666,19.5659090863444,-0.2383779721991,0.416299064248009,0.414905423982284,-0.334769012330638,0.312711531692017,0.310525608125352,-0.699022372100611,0.492704542780205,0.491496866332404,-0.245111693305333
"PAN",2000,"EH",4541,2.72360659480901,1.11522843024707,432.374402584797,8,0.045619640226575,1.26406680708222,18.364681770136,18.3297875705444,-0.190007101829137,0.557247032772182,0.55640464380327,-0.151169754053615,0.612200805385808,0.6103681330997,-0.299358032525454,0.75848786553592,0.758028252192007,-0.0605960048665866
"GEO",2006,"HIS",10942,1.64135646637325,0.69343489328065,41.3329972648683,15,0.12887734375699,1.26308192013205,5.79045215071921,5.77058286547969,-0.343138751903027,0.368686238210627,0.366515232439392,-0.588849147657888,0.238516669418909,0.23545622507874,-1.28311549361509,0.408538604627822,0.406517269249072,-0.49477218452636
"AUT",2011,"EU-SILC",6144,4.13249904450554,0.521228696859699,297.729434179638,21,0.17447187693934,1.26183311123638,63.1484111669234,62.8710377376136,-0.439240551241482,0.301904568332134,0.298828491356483,-1.0188905032623,0.168955024671872,0.165213904024355,-2.21427013181897,0.538567872261341,0.536554696332182,-0.373801712438981
"GRC",2004,"EU-SILC",4650,3.51036730998787,0.614822775609749,211.62918944696,14,0.134675796696638,1.2602943907727,36.3548418614476,36.1816771256238,-0.476318220510286,0.325396049172684,0.322169928150394,-0.991444435325151,0.185091029902687,0.180829035860384,-2.30264753756269,0.350029197658849,0.346945035942276,-0.881115557559486
"SRB",2013,"HBS",4515,2.55353062499741,0.517071829224045,60.6273500773943,18,0.218976204335917,1.26011776875081,13.3285300093385,13.2933343043665,-0.264062915770691,0.290171138413225,0.288295233177545,-0.646482364144685,0.140117774213911,0.137964250619921,-1.53693819793522,0.244170778761789,0.2422226377068,-0.797860032584041
"IND",2018,"CPHS",4869314,1.52384244984511,0.678550744673677,35.1454331028777,19020,0.134477009761908,1.25669778456402,4.94162086929629,4.92678215681492,-0.300280269851849,0.345499319667085,0.343529774116958,-0.570057721683825,0.193585620521148,0.190898828789093,-1.38790873248881,0.29478852736358,0.292682609798499,-0.71438247068657
"SVN",2022,"EU-SILC",5379,3.84848000096916,0.481293157487853,198.811963986985,27,0.20826240795601,1.25341063088469,47.9973010127658,47.809748322838,-0.390756742504994,0.242822799609689,0.239856244436675,-1.22169548237768,0.100028287991816,0.0967892904454972,-3.23808155807238,0.183023550051328,0.179902845713941,-1.70508349144797
"ESP",2019,"EU-SILC",15655,3.7582996711044,0.609882960902761,267.186937485834,35,0.163371307368786,1.25231045195035,44.9665495218008,44.8399355151471,-0.281573765388254,0.345501885823115,0.343656768960445,-0.534039592367164,0.230534052684242,0.228113997529732,-1.04976038304626,0.894374422514878,0.894076812158064,-0.0332758126039945
"SVN",2019,"EU-SILC",5260,3.69372836327542,0.473226814853744,166.236056914713,26,0.235137224830533,1.24977355159331,42.5372293217901,42.3964931310427,-0.330854155268823,0.246333645392326,0.243835395230422,-1.01417334117099,0.102060922790303,0.0993828150124707,-2.62402857490804,0.18500078219963,0.182381395347662,-1.41587879836198
"ARG",2019,"EPHC-S2",32258,3.13953377110491,0.809282372584171,261.747654496708,40,0.0806634751414947,1.23930136315775,25.5665833065528,25.4608710453403,-0.413478249889898,0.432471519393646,0.43011681254152,-0.544476745064615,0.337807832152051,0.333950285719109,-1.14193516721224,0.514157390892464,0.512145279699792,-0.391341489651498
"ITA",2020,"EU-SILC",12514,3.96106439929037,0.598445495498504,316.208208978081,46,0.155553552966165,1.23278730883625,50.1399196548407,50.0136741925112,-0.251786327538117,0.342700201802647,0.341042846360381,-0.483616710334112,0.2260947748123,0.22389733371749,-0.971911490052824,0.64388809780372,0.642994639091106,-0.138759936029487
"UKR",2014,"HLCS",8809,2.58202968081759,0.438789415385929,49.3233661397255,41,0.244140407381767,1.2319774611316,12.981751625163,12.9422376381089,-0.304381012632959,0.240253658711529,0.237937837519185,-0.963906732893915,0.0941089696026771,0.0916856082141475,-2.57505889051906,0.166329204441688,0.163877478608483,-1.47402005645052
"SYR",2022,"HNAP",23838,0.966100217427539,0.44278410374874,9.91900415516818,46,0.388198210135329,1.23021277778698,3.32389318102525,3.3215076189859,-0.0717701174324459,0.266280958180617,0.265755986789582,-0.197149429918619,0.116515524835871,0.116028849643369,-0.417691284648314,0.21116208727053,0.210641986451127,-0.246304071969772
"THA",2007,"SES",28539,2.44779984683898,0.780546962316778,120.234106982969,81,0.0804454754635345,1.22784136064483,12.2067708763677,12.1536139937803,-0.43547047065754,0.397615164346067,0.394981539067341,-0.662355341265086,0.260206627076556,0.25609716733755,-1.57930633250037,0.377063395957324,0.374346030502154,-0.720665406481613
"MLI",2001,"EMEP",4966,0.898373069002186,0.7619145819031,24.1459536349265,22,0.0994094162239916,1.22548291799294,2.59408283471583,2.58629614424799,-0.300171234458169,0.39867282552745,0.396864471908842,-0.45359339860076,0.265105256759019,0.262368554673975,-1.0323077401411,0.392243573573613,0.390422863431919,-0.464178450421904
"GHA",1991,"GLSS-III",4523,0.76616438057008,0.720211467333231,18.6677751356281,17,0.106249322482391,1.22489725183526,2.23103811036019,2.22354457046313,-0.335876821747705,0.384372308577839,0.38229935785074,-0.539308030479202,0.246475506788711,0.243418541942106,-1.24027124903117,0.370113430281909,0.368002217135216,-0.570423274044718
"MLI",2018,"EHCVM",6602,1.49834844980701,0.646696076703961,31.1382410604746,33,0.162194696115532,1.22326501423651,4.92642060537806,4.91666200112209,-0.198087111062262,0.359633588490654,0.358363717848015,-0.353101235056585,0.209434229597252,0.207701882604782,-0.827155616253028,0.319443234335964,0.318107717214547,-0.418076508708398
"KGZ",2001,"HBS",2857,1.03012957090949,0.559969385646739,15.0298425478196,9,0.216535076049878,1.22095649631491,3.19131779432455,3.18489807338779,-0.201162070044469,0.301639797712263,0.300234773298349,-0.465795436998273,0.146802969825774,0.145163360794509,-1.11687729016013,0.243649518128733,0.242165204124342,-0.609200467864779
"BTN",2022,"BLSS",13338,2.71720139766534,0.534540956873596,75.2506294430824,62,0.188126833707948,1.21933817104079,15.7596246561265,15.7090281635981,-0.321051380552173,0.284599218223742,0.282297563910994,-0.808735289967644,0.134430907243341,0.131714784586106,-2.02045996187349,0.231968555137942,0.229543515304301,-1.04541748436516
"SRB",2010,"HBS",4585,2.56656233309607,0.497577445019403,57.933434368639,20,0.209774009667811,1.21168813712293,13.4460864843323,13.4046911377078,-0.307861671667919,0.290166052915727,0.287977235835469,-0.754332582417527,0.140091617861652,0.137561274872533,-1.80620584424884,0.244020442483583,0.241745437194975,-0.932301107830869
"MNG",2002,"HIES-LSMS",3307,1.62224399496099,0.612041811457276,31.765138959928,13,0.157430467692364,1.21008711139695,5.26257289961077,5.24889919005245,-0.259829361400876,0.328929481127879,0.327183234182667,-0.530887939634861,0.181208848696826,0.178955065810795,-1.24374880268795,0.305483874123621,0.303697695834504,-0.58470460813731
"CPV",2015,"IDRF",6219,2.12770336697076,0.789326851237546,89.6294474609082,19,0.113299762950703,1.20922006084455,9.50332074683315,9.48995463742328,-0.140646725138982,0.423810873558022,0.423000074023425,-0.191311640447078,0.301911780530023,0.300636182091021,-0.422507010744222,0.432058967798664,0.43126308920618,-0.184206011632981
"LUX",2011,"EU-SILC",5293,4.30946416596439,0.585388594953645,430.793971230148,19,0.160758043708778,1.2090941036407,78.4368986231436,78.1810586673775,-0.32617296228824,0.30504378042727,0.302772914512296,-0.744439343032499,0.156888075211129,0.154100128865879,-1.77702884142015,0.277393267293793,0.27506637722078,-0.838841582462813
"BLR",2006,"HHS",5222,2.26632577037288,0.506723752294906,44.1016425264791,13,0.156038708600076,1.20727421069864,10.4392991149472,10.3820837824245,-0.548076378430296,0.282754429654927,0.27880518840082,-1.39670358442365,0.133591371097571,0.128828881659556,-3.56496785599765,0.235315790698379,0.23117284704993,-1.76058888192482
"URY",1995,"ECH",15190,3.05732544891908,0.752268569731812,203.187898258129,37,0.105877043774083,1.2010767649548,23.2941875893972,23.2295358546584,-0.277544492550863,0.409123244005666,0.407480350683093,-0.401564405504817,0.292311525637727,0.289787873082627,-0.863343499574454,0.449009656652413,0.447483614244319,-0.339868505161167
"ROU",2008,"EU-SILC",6091,2.30605264205352,0.667212542631734,74.2687499177487,14,0.116956286444336,1.19958466503001,10.5540181758792,10.5142757641894,-0.376561903036399,0.375483157533924,0.373124666873822,-0.628121558259087,0.261978661501416,0.258595240537578,-1.29148723199337,0.466518073686306,0.46451367859855,-0.429650039475971
"AUT",2021,"EU-SILC",5970,4.23122452571138,0.505313200919403,313.300918130581,25,0.183116705015861,1.19623912312052,66.4094663644901,66.1887566644477,-0.332346745313483,0.297282131576164,0.294941103842163,-0.787476772179263,0.178989021413834,0.176107142839522,-1.61008678160726,0.809792810896253,0.809161190809123,-0.0779977394997466
"URY",2018,"ECH",32126,3.32129264877643,0.750568493741334,263.222091447628,103,0.0929412039908234,1.19554008113844,29.2785752089332,29.1731798880854,-0.359974213552738,0.396807016977594,0.39462904024143,-0.548875559901318,0.268478609065811,0.265131918304989,-1.24653907157349,0.40961135287018,0.407486131342116,-0.518838531493848
"ARG",2004,"EPHC-S2",23943,2.7631816182314,0.931755454522082,259.419899315257,22,0.0622283636716033,1.19414440989424,19.8702279495152,19.7943814916052,-0.381709047841228,0.483606256455015,0.481628409833477,-0.408978708430219,0.433987740450001,0.430348988931162,-0.838445693204548,0.600958085184959,0.599430731096489,-0.254153180749572
"ZMB",2010,"LCMS-VI",19322,0.794533513547347,1.00973498123918,45.7750167858933,52,0.0513633754878684,1.19338476687566,2.67982624477339,2.6713572003409,-0.316029610091539,0.520346778915588,0.518826874896014,-0.29209444185303,0.469204591027694,0.466177944509029,-0.645059016160832,0.565721081434433,0.564345503957515,-0.243154713879412
"SWZ",2016,"HIES",3355,1.37568829297151,1.05137928233798,92.7424354791718,5,0.054412620249331,1.19181639028865,5.63231392706301,5.61565067575503,-0.295850897584371,0.545797936907122,0.54445110659353,-0.246763540592421,0.521871531152397,0.519053158768332,-0.540050992596042,0.598618803001444,0.597428954560254,-0.198765631019926
"PNG",1996,"HIES",1143,0.980252441552097,0.942926805554847,45.1067930995784,5,0.069841504051545,1.18586732185606,3.03092855569771,3.02648902713706,-0.146474206800862,0.457713525883794,0.456918563020253,-0.173681313438567,0.360406294906402,0.359022731624329,-0.383889876960386,0.494930730525547,0.494191068407805,-0.149447603901265
"ALB",2012,"LSMS",6670,2.24775655099524,0.508254855789035,43.489569092464,27,0.183693317166318,1.18574369521911,9.51723145762045,9.48426891773959,-0.346345888797994,0.289604845787069,0.287138441776889,-0.851644592989087,0.138417068216617,0.13549032971031,-2.11443468931598,0.239336094288273,0.236744801139752,-1.08270052464372
"ESP",2018,"EU-SILC",13159,3.74715901454335,0.608484044717659,263.120249126219,32,0.156270912678496,1.18257115224753,44.7782881972186,44.6599334932795,-0.264312703106973,0.343932558381714,0.342195799126274,-0.504970876735811,0.220526348328033,0.218238385186744,-1.0375010327043,0.690793233548704,0.689978592417748,-0.117928359948094
"ITA",2014,"EU-SILC",17154,3.83653408113728,0.613855318827287,292.393365444274,58,0.133456804657676,1.17997339374019,45.3591500271845,45.21414296779,-0.319686456442847,0.343892984791465,0.341790593159255,-0.611350543682787,0.226383023068797,0.223545124423761,-1.253582802529,0.630527457008176,0.629348598748178,-0.186963826379893
"ROU",2007,"HBS",31249,2.18411908872457,0.501359204012685,39.9726991868689,73,0.201972189104951,1.17867874801771,8.98955584840293,8.96433159966868,-0.280595050073951,0.302072897793968,0.300111380449409,-0.649352311605722,0.15053357825697,0.148186554285247,-1.55913650555565,0.255407747098993,0.253359117402354,-0.802101627655305
"URY",1997,"ECH",14631,3.03498522771538,0.77051374691232,209.878012368959,33,0.0998055512535921,1.176339267493,22.7193921910092,22.6616049665356,-0.254351982605083,0.414557655193143,0.413066156580897,-0.35978074305506,0.298988805614423,0.296670227043585,-0.775473371343471,0.455978491341263,0.45459741804701,-0.302881236830044
"ITA",2015,"EU-SILC",15915,3.84369116593456,0.611950743218161,292.815698454172,46,0.130093122230847,1.17508226787887,45.0920707180341,44.9431348753081,-0.330292755143669,0.342423450171808,0.340246448519254,-0.635763015489066,0.225425468922243,0.222492862037364,-1.30092083157218,0.630786708294435,0.629569493653127,-0.192967706088576
"URY",2002,"ECH",15550,2.97889365094053,0.865288664563633,263.68616963317,31,0.0733181015499572,1.17461685489242,21.0099034344778,20.9564472611647,-0.254433217553185,0.455413951608315,0.454025669583584,-0.304839590405259,0.359265937667897,0.356878663128174,-0.664486746285942,0.649050338328322,0.648156428454378,-0.137725815881384
"BLR",2003,"HHS",4780,1.78228110668043,0.510265203668455,27.4695115212278,15,0.199762419061132,1.17411114311663,6.53670240087255,6.51482801031062,-0.33463953566274,0.288210117947792,0.28582264724662,-0.828378517094441,0.139737954220293,0.136943167062281,-2.0000200901793,0.248785730501905,0.246320155126014,-0.991043727032137
"TUR",2004,"HICES",8467,2.48367525469971,0.732803188679991,107.99498822676,13,0.106265179843729,1.17358241181964,13.3275621362394,13.2859132795455,-0.312501688366629,0.412875080124693,0.411036345362524,-0.445348932566536,0.293672784234135,0.290845540903752,-0.96271887698306,0.436386497023212,0.434629342502261,-0.402660149417511
"ESP",2020,"EU-SILC",14848,3.82388849199778,0.607165538716169,282.982514112589,25,0.144816392260327,1.17097583390809,46.9695397946008,46.8293429019736,-0.298484705705626,0.341609584095164,0.339640914177956,-0.576292355035279,0.227865309829561,0.225271263848856,-1.13841197795516,0.85173443737095,0.851291748897309,-0.0519749412749015
"VEN",1999,"EHM",5292,2.10697366230547,1.04068149729454,186.609491795175,10,0.0456480167787305,1.16972780702121,9.46074725651133,9.43526579722529,-0.269338759351245,0.469857313100551,0.468426129626221,-0.304599595329313,0.407565729564967,0.404976002944806,-0.635413243141159,0.842182247658097,0.841756145262691,-0.0505950341023631
"NER",1994,"EPCES",4401,0.419079332456473,0.82929779941663,18.3013116237215,21,0.0440886910367263,1.16114848360838,1.33919244448371,1.33171124045944,-0.558635471330915,0.415259647939788,0.411975594018446,-0.790843496986782,0.290523337318565,0.285134457308995,-1.8548871355079,0.413228100946042,0.409935305960309,-0.79684682096739
"URY",2022,"ECH",17645,3.28496443831847,0.758677759483815,260.082195285835,46,0.0852127462283932,1.1583987903697,27.7891039604613,27.6888184973829,-0.360880520728912,0.405422762340254,0.403270669917874,-0.530826737491685,0.28207945816106,0.278738185037681,-1.18451486866905,0.526601373366644,0.52489183982105,-0.324635223540182
"CMR",2014,"ECAM-IV",10302,1.73934314492151,0.842982591772483,71.3995038355142,21,0.0624926983381649,1.15825815774673,5.75293259348689,5.73091825896003,-0.382662827507863,0.466408737621579,0.464360049900682,-0.439247285834377,0.378863066407026,0.375244128982674,-0.955209875344154,0.512429046896134,0.510559191986772,-0.364900257057699
"BTN",2003,"BLSS",3989,1.86882661866283,0.711958819998213,54.8555342018758,20,0.109068595171039,1.15718320919335,5.98657641805073,5.97713092146308,-0.157777933965342,0.408980009214303,0.408047094113904,-0.228107750838769,0.272454962406651,0.271030763286919,-0.522728273015061,0.380280675926785,0.379307229650224,-0.255980999873073
"CRI",1999,"EHPM",5156,2.42144790845272,0.893128030283122,164.158430197905,17,0.0801328587587496,1.14723067072619,13.7797881834442,13.7532470700537,-0.192609008478062,0.470081583851371,0.469059732087123,-0.217377536017527,0.399582227737363,0.397792753165683,-0.447836376961397,0.575034477305221,0.574216199613295,-0.142300631391856
"URY",2015,"ECH",36446,3.30728423864494,0.744227603658496,254.669607860056,117,0.0732628002144502,1.14542004464884,29.205337766316,29.0573920594467,-0.506570778441662,0.40120668023083,0.398158952535116,-0.759640316547183,0.279087430251753,0.274282166646208,-1.72177715105638,0.431335890877117,0.428447697739835,-0.669592583962497
"BOL",1999,"ECH",2103,2.22470345077503,1.23748603779362,378.858037682953,1,0.0142802287815463,1.14471457039422,11.8995087325241,11.8173951167959,-0.690058871957444,0.578731526937649,0.575805319329164,-0.505624365060631,0.771582321645375,0.764789673135994,-0.880353050973959,0.871542076819824,0.870649527021904,-0.102410408132758
"ESP",2016,"EU-SILC",14060,3.72075269779851,0.627491241879059,271.300326583215,27,0.134567484553751,1.14469397486058,42.6830469861535,42.5595387440853,-0.289361352549011,0.36008205007389,0.358226825224236,-0.515222808044269,0.252742279081092,0.250194479777556,-1.00806217020724,0.93435936177657,0.934169063522659,-0.0203667091801862
"URY",2014,"ECH",38876,3.27119528754938,0.743160133691795,244.857323689682,119,0.0958964295129024,1.14437457275435,28.7882951302488,28.693658631668,-0.32873255659156,0.401035221555522,0.39906110938823,-0.492254061784048,0.278320057005458,0.275307599711345,-1.08237161436576,0.427453379877703,0.425573461273716,-0.43979500279665
"ESP",2017,"EU-SILC",13574,3.74729053957217,0.622597824587067,274.536442948239,22,0.149123327468917,1.14339899445047,44.2557997860291,44.1591772951288,-0.218327295783627,0.355656691785192,0.354248295589562,-0.395998789889307,0.249646459271922,0.247748541434758,-0.760242241247577,0.658791583658992,0.658049531839847,-0.112638327135706
"GEO",2003,"HIS",11698,1.61068772932365,0.707010772495737,41.7508598715642,25,0.122156603801551,1.14270101242464,5.77956903548747,5.76452727408222,-0.260257491741867,0.36655082576058,0.364899185464545,-0.45058970815498,0.237777492762497,0.235447964131872,-0.979709476940049,0.422635700371367,0.421139393892688,-0.354041666940119
"ARG",1986,"EPH",1211,3.49462329204319,0.858467959283289,432.692437622028,3,0.0597680185150131,1.13726915308422,35.5595057194617,35.413710126156,-0.41000455533855,0.421714735808886,0.419335720751017,-0.564128984799517,0.306527109828769,0.302671871535881,-1.25771527844367,0.449650992252559,0.447390150281284,-0.502799284384814
"VEN",1989,"EHM",4218,2.49648324529698,0.902296002700769,181.884387806525,19,0.0542658928363425,1.12836964072814,13.5896468521244,13.5350065897359,-0.402072717436885,0.425047065947929,0.422726873990233,-0.545867068279016,0.319968558041781,0.316129595198794,-1.19979377551385,0.487101350650615,0.485033569012809,-0.424507473659086
"ESP",2012,"EU-SILC",12519,3.72326479263078,0.616481971178545,263.146446016577,33,0.140711506106953,1.12256289871425,44.6623611637686,44.5312753951112,-0.293503892856717,0.353527257244019,0.351626203408333,-0.537738971106605,0.239109009156553,0.236551439823536,-1.06962483013033,0.7854755221125,0.784846425399193,-0.0800911926084336
"URY",2016,"ECH",35557,3.29859342054141,0.748037727952188,255.368245742391,114,0.0867609467037023,1.111141077591,28.6631878467916,28.5662593000655,-0.338163875016739,0.396885114970296,0.394839943878303,-0.515305566989066,0.270877338679829,0.267758348939736,-1.15143989353046,0.419058641072955,0.417095304217307,-0.468511244779801
"LUX",2012,"EU-SILC",5827,4.31000176626865,0.579853450465211,423.927359094541,18,0.125865000991221,1.10906660501959,77.5248784032571,77.1986520410309,-0.42080215918463,0.320512470543399,0.317643133081492,-0.8952342656256,0.173680937251433,0.169949311083568,-2.14855252793984,0.336633898852856,0.333858487980184,-0.824459711909598
"LUX",2022,"EU-SILC",3839,4.55157136340453,0.555376448039067,501.548698074305,10,0.161845553223751,1.10566662948173,93.093040030644,92.87547561774,-0.233706421911262,0.327347783147113,0.325774249032151,-0.480691850066672,0.19014853409788,0.188171181961119,-1.03989870137194,0.381916908502096,0.380490971834373,-0.37336306300656
"ITA",2021,"EU-SILC",15985,3.95951431212438,0.613286109338037,330.092408209611,53,0.133049978152438,1.10554089136475,49.9626629366427,49.8494931444691,-0.226508727761543,0.349810213646861,0.348335453186912,-0.421588736524747,0.230762664952093,0.228771145284511,-0.863016410386663,0.752012174785531,0.751451318340832,-0.0745807665759268
"ROU",2004,"HBS",32778,2.01378682123357,0.498213640853574,33.3957198575779,83,0.176726015034037,1.1005599714016,7.61050044867989,7.5857612520146,-0.325066621204573,0.30039372026378,0.298114477667384,-0.758751745673791,0.14900432350931,0.146274522104334,-1.83202832017483,0.253122604255172,0.250738302212181,-0.941955401417671
"ITA",2019,"EU-SILC",17581,3.94667303841674,0.601688574471348,314.737438233947,65,0.131092652923574,1.09943769624527,48.3484420092098,48.2294786697378,-0.246054132311657,0.348196225888612,0.346589907560429,-0.461325599978468,0.240083346429067,0.23791590159762,-0.902788495614226,0.708616677797594,0.707901109621575,-0.10098099557051
"BLR",1999,"HHS",4828,1.33167623962567,0.581990028768958,21.7072504298705,13,0.176458727487529,1.08949392527511,4.18540929987673,4.17811385768775,-0.17430654127879,0.317381485701328,0.316191526431716,-0.374930272628438,0.171159922031189,0.169713615161447,-0.845003230066199,0.295765162616071,0.294561016931714,-0.407128978175009
"ARG",2016,"EPHC-S2",32117,3.25157477993507,0.788547136517117,275.122427494175,34,0.0667959364423193,1.08618763977466,27.8232705061885,27.7048281827768,-0.42569518700315,0.422768271682741,0.420301555883355,-0.583467578957075,0.319807665549949,0.315799207795568,-1.25339639607694,0.49383044914896,0.491671239647536,-0.437237012246894
"UKR",2009,"HLCS",10458,2.38917384333009,0.459771017969888,43.3144759738665,45,0.236720443359782,1.08608123720421,11.0647819862917,11.0471436847653,-0.15940939051684,0.253166636628177,0.251975912520638,-0.470332158849052,0.104184660735275,0.102935187855,-1.19928679659499,0.18399051007687,0.182738774425713,-0.680326203038484
"HUN",2006,"HBS",8972,2.85778992998436,0.511511602097529,80.8281047633159,37,0.182440568976697,1.07789271879191,17.7374795758169,17.6937518291953,-0.246527396605289,0.289589176708037,0.287835651200489,-0.605521769660744,0.139009387633256,0.136971761678192,-1.46581895637125,0.239432464647322,0.237597872100597,-0.766225477997129
"HND",2001,"EPHPM",6420,2.00776779105597,1.1784785196583,255.495130315313,6,0.0285789810029208,1.06866976959884,10.1132813155607,10.078221640183,-0.346669634550167,0.553157503067752,0.551603437789317,-0.280944445264997,0.595466038728271,0.592085713907257,-0.567677180756365,0.721441440829044,0.720472606600876,-0.134291457814595
"GHA",2016,"GLSS-VII",14001,1.34493364636339,0.931614938443034,62.7889097594739,14,0.0538399351906288,1.06829346246863,5.08920445854215,5.06864232834128,-0.404034272318377,0.435208790204115,0.432918323152403,-0.526291541730495,0.344042049873233,0.340189519122636,-1.11978484956038,0.527600322432966,0.525686420692645,-0.362755983827912
"HRV",1998,"HBS",3123,3.61080026870877,0.529887678566559,181.356245562077,8,0.180324282164084,1.06198999304772,39.0675212927051,38.9796574740143,-0.224902465739929,0.287483604861424,0.285880480131006,-0.55764040220353,0.137081649509734,0.135247391554034,-1.3380769506791,0.240271266496747,0.238604136411236,-0.693853289167046
"THA",1996,"SES",6701,2.74070865435043,0.841053272617067,193.227542704831,19,0.0331766623326605,1.05066014552519,9.08800490892836,9.05662731270376,-0.345263856468414,0.42904921362707,0.427071586285301,-0.460932517519552,0.30378020483006,0.30042846108317,-1.10334501511193,0.409709014062729,0.407665214475008,-0.498841743181022
"THA",1994,"SES",5955,2.71962389692752,0.853657273267788,196.486891022622,16,0.0313019064334907,1.04966372635789,8.36953259271438,8.34318478780493,-0.314806168893855,0.4347021175221,0.432917155404246,-0.410617304564498,0.31241482864837,0.3093428419457,-0.983303742642372,0.415973170783774,0.414129639368986,-0.443185172571292
"BOL",2008,"EH",3617,2.44665217753899,1.08047384649443,295.324194409925,7,0.0258934964419301,1.0449352607946,15.6055322688476,15.5189343193075,-0.55491826903622,0.508147711409534,0.505403731265441,-0.539996556607847,0.503251186059489,0.497842598737339,-1.07472917540433,0.689220627411689,0.687486954556196,-0.251541057615157
"HND",2017,"EPHPM",5001,1.95856678467002,0.982570862132679,135.135688149246,4,0.0347926175940923,1.04477805745266,10.0662722594137,10.0081192988548,-0.577701050202617,0.493962003062025,0.491022202516345,-0.595147101893645,0.453352467957924,0.44772799294101,-1.24064065256977,0.609318982073114,0.607049917924519,-0.372393477858657
"HUN",2005,"HBS",9055,2.83083519627336,0.530366969240599,83.2573242521271,36,0.192033968254639,1.04341719657639,17.9590184626442,17.9315133192927,-0.153155048026576,0.30191020180156,0.300841189748701,-0.35408278570277,0.150143843077216,0.148906125277283,-0.824354681860939,0.254902639467426,0.253791546111261,-0.435889309928894
"TJK",1999,"TLSS",2000,0.691250028480179,0.539336273829565,10.0669607611412,6,0.128168612930789,1.04235555593071,2.12948644157511,2.1201923053104,-0.436449656746041,0.295431379798112,0.29234622301747,-1.04428878975216,0.14986050638743,0.146122165048767,-2.49454738194848,0.269245201576127,0.266094756056128,-1.17010275449912
"CIV",1992,"EP",9497,1.32290270659511,0.771733924068013,38.0197012300855,30,0.0845905763462216,1.04048081955832,4.33391346115436,4.32098100725044,-0.298401295269091,0.393857643170403,0.392044636166861,-0.460320380975254,0.265861822369249,0.263119889103678,-1.03133772315842,0.416823748664724,0.415085838627839,-0.4169412233474
"URY",2001,"ECH",15898,3.10733425967178,0.846188251770727,283.127978135811,24,0.0610899415781185,1.03941603026467,23.5559204755257,23.4840391784612,-0.305151722426722,0.450070287074891,0.448387896692721,-0.373806143281386,0.351647583450523,0.348778367144613,-0.815935169454618,0.493218063186341,0.491669993786808,-0.313871189050152
"CIV",1988,"EPAM",1600,1.60236754876703,0.692396716216886,39.6288622475665,2,0.136541625971347,1.03702385426344,5.37535650962792,5.37372267323815,-0.0303949400722425,0.368862858984121,0.368671314867018,-0.0519282742727056,0.226713727278447,0.226450283297852,-0.116201159831442,0.350363274287669,0.350168041797922,-0.0557228751056238
"URY",1998,"ECH",13482,3.0886924390242,0.776994042301807,225.805625699615,28,0.0961258515305703,1.02917498202956,24.3112227558518,24.2780753139308,-0.136346255611686,0.424757305486057,0.423972444394894,-0.184778715051082,0.316588610501019,0.315349735151503,-0.391320252347438,0.473401760700932,0.472686047653717,-0.151185125749265
"BIH",2011,"HBS",7395,2.96978797432422,0.59628384905752,116.587203570106,23,0.146995602855209,1.02761813342713,21.1846177722709,21.1382988612857,-0.218644072237162,0.330301858862898,0.328835685611823,-0.443888888825084,0.183983563753758,0.182101101650296,-1.02316862716112,0.311004805023787,0.30951649332845,-0.478549421518848
"ESP",2013,"EU-SILC",11968,3.67542468840528,0.616883724183578,251.156402085962,27,0.113957957780268,1.02617422770617,42.4380269313379,42.2887515428731,-0.351749125156919,0.352321076777659,0.350036833368554,-0.648341402108821,0.238790034299439,0.235691411686226,-1.29763481223298,0.943043843207232,0.942842969905203,-0.0213005263197896
"PAN",2023,"EH",6105,3.22844922281667,1.02869535020555,552.545218473199,6,0.030495424035018,1.0243521423282,30.149729540026,30.0093911469352,-0.46547148260313,0.488472068142145,0.486080622652465,-0.489576711883521,0.437324410597138,0.43281452740487,-1.03124433097854,0.593111545076995,0.591209693286707,-0.320656680193532
"ARG",2010,"EPHC-S2",30843,3.15702339023369,0.843006100795287,294.724697742384,38,0.0575856196111103,1.02376464066131,27.2532844056255,27.1439939598038,-0.401017522127245,0.436056160524926,0.433786739662256,-0.520442334753002,0.342807426088603,0.339041142975032,-1.09865855490467,0.513983680956972,0.512030908663568,-0.379928851003197
"CRI",1998,"EHPM",5057,2.45647508603086,0.864576718246668,156.054489943631,11,0.0718127728225061,1.02065780320697,14.1284900543543,14.0963535744818,-0.227458700462069,0.450498603381572,0.449246586249798,-0.277918093946483,0.362574542177275,0.360458410131928,-0.583640548130937,0.533601186761421,0.532540486270374,-0.198781508992607
"SRB",2018,"EU-SILC",2655,2.48392539395236,0.743337953571504,111.490485415962,5,0.10351919482278,1.00297459801,14.095256218392,14.0692984318037,-0.184159735630873,0.349580561674994,0.34838155181884,-0.342985276529351,0.24245197655839,0.240805642584638,-0.679035080316337,0.556541607719097,0.555727646706977,-0.146253397918694
"LBN",2011,"HBS",2746,3.29463654940613,0.552449557922196,141.45550610855,10,0.167076535269541,1.00266125982866,30.7860781602573,30.713737039678,-0.234979980895078,0.318324496805563,0.316721324703007,-0.503628253132982,0.169793747319229,0.167864188011029,-1.13641364223674,0.285761010907257,0.284118418445498,-0.574813357687987
"URY",2013,"ECH",37356,3.21541755023394,0.74936584007873,235.925262481509,85,0.0821385156195377,0.9948863053177,27.274682360841,27.1971157897879,-0.284390373559273,0.404450156280541,0.402752434776888,-0.419760377710299,0.283159446654361,0.280520817834559,-0.931852654388943,0.432995954202198,0.431384831504874,-0.372087240466734
"VEN",2001,"EHM",13000,2.22690023689266,0.934468249108955,152.979661964415,31,0.0411964946094298,0.994557118569049,9.97462097666464,9.93843993188564,-0.362731023701546,0.463931938003312,0.461981075553549,-0.420506175573832,0.38889015394022,0.385419065216039,-0.892562768435301,0.575469043381735,0.573924949471949,-0.268319195887989
"ROU",2013,"EU-SILC",5842,2.42502631489447,0.629631370742323,74.7329002662426,6,0.0706631641878346,0.988631428298929,10.9495764084739,10.8941340868516,-0.506342159313167,0.365482708231612,0.362254352012921,-0.883312984713125,0.262452831423186,0.2576642930688,-1.82453293737372,0.510252634147625,0.5077667828449,-0.48718049381109
"LUX",2021,"EU-SILC",4060,4.51316459899072,0.588659368491865,533.331245287581,11,0.139097073073643,0.981415769076905,93.327793953793,93.1537084189811,-0.186531286594094,0.333736376476831,0.332493062533926,-0.372543729284314,0.188974013958419,0.187390636387684,-0.837881112629157,0.319233754560828,0.31798181301327,-0.392170793241953
"THA",2018,"SES",30178,2.66759243044299,0.711997592310633,121.946839427802,71,0.0945257724468562,0.979747758138235,15.9920304343408,15.9506200666232,-0.258943777574716,0.364121733425518,0.362471717120745,-0.453149634670302,0.215784321460267,0.213426610989588,-1.09262362284871,0.328913575947257,0.327181856451669,-0.526496813213351
"LUX",2005,"EU-SILC",3562,4.29460541969143,0.574087891883032,410.291997542685,8,0.114439082061256,0.979105557950464,77.7466530270012,77.4549656218521,-0.375176800277033,0.301726978008796,0.299099268729756,-0.870889734945435,0.153384696796476,0.150084505370271,-2.15157802253561,0.271946877882653,0.269238073625204,-0.996078454196159
"SVK",2019,"EU-SILC",5564,3.27316969940187,0.385682489058993,83.9496459882383,29,0.247788140316085,0.97439753983564,25.3957179197434,25.356279935706,-0.155293834031467,0.249701474646927,0.248536761224618,-0.466442348390683,0.121702547223326,0.12056184515624,-0.937286928755399,0.307321282905843,0.306297306004606,-0.333194268732318
"VEN",2006,"EHM",11447,2.43706784758172,0.866849090344077,154.102061299748,31,0.0580197261271829,0.973860344360572,12.0562801667229,12.0282784290966,-0.232258517876482,0.434631202745839,0.433315740122324,-0.302661800442272,0.339175093360895,0.336996419667086,-0.642344834999786,0.567958318942373,0.566954299044214,-0.176777038855402
"PAN",1991,"EMO",2732,2.40052166235223,1.21400293037609,420.95690014133,6,0.026677587086079,0.972380994647088,13.5242346027088,13.5050286593907,-0.142011314372759,0.555451536640596,0.554819598703018,-0.113770130405977,0.643294094103229,0.641914152650653,-0.214511755233715,0.795387072973778,0.795096136598664,-0.0365779612216066
"KGZ",2022,"KIHS",19743,1.97374218906783,0.521482714764592,34.4046019607823,95,0.157028891184466,0.971659314409232,6.94605978563355,6.93259291371746,-0.193877857831715,0.263525278453236,0.262095760783781,-0.542459409528284,0.111474505699846,0.109838420848978,-1.46767625529836,0.188947138036299,0.187404541005612,-0.816417251258172
"NER",2011,"ECVMA",3859,0.898021548536622,0.615652105355199,15.564269407077,37,0.111217766495657,0.969913129251464,2.31935235817379,2.31416688794417,-0.223574059859366,0.314517145952409,0.31298235511033,-0.487983202769948,0.160807122979697,0.158833137244415,-1.22754869231236,0.25060255764327,0.248941553214369,-0.662804260468097
"UKR",2012,"HLCS",10494,2.542629464711,0.445355890620815,48.3611660136431,45,0.215573382492248,0.956414823218208,12.7727451593244,12.7548385326771,-0.140194033655272,0.247406569096732,0.246351577325571,-0.426420274535122,0.0989965236414316,0.0979171737796163,-1.09029067093789,0.175702493878089,0.174596709917714,-0.629350179367527
"SVN",2018,"EU-SILC",5219,3.64336056769252,0.469068300354996,156.110715264709,17,0.190688833925142,0.955543529779458,40.0176114324382,39.9329114381938,-0.21165679612708,0.242193073421913,0.240587778294732,-0.662816283100176,0.0987913589457312,0.0971124353971984,-1.69946396774956,0.181847330452453,0.180175020525595,-0.919623028117589
"TUR",2006,"HICES",8479,2.56536881281749,0.719798232213556,112.703841829562,18,0.0941309827772282,0.945253288519484,14.2378409279862,14.2093465023421,-0.200131647686075,0.396474126153627,0.395264830207645,-0.305012576158303,0.272431811000691,0.270636285193074,-0.659073476412941,0.420799395448724,0.419645331449148,-0.274255146765567
"VEN",2002,"EHM",13732,2.07277367870788,0.971150299595707,146.382722301296,37,0.0407471612306169,0.940270888648538,8.32350547126796,8.30488877627644,-0.223664116708866,0.475226370090496,0.474050411811838,-0.247452235959345,0.416980019780455,0.4148384487667,-0.513590798638797,0.944474250845622,0.944349795145355,-0.0131772465110536
"UKR",2011,"HLCS",10639,2.51479714913478,0.439248122100764,46.1797557782108,48,0.185052763184436,0.940232196082906,12.2627788910627,12.2329372098939,-0.243351702203265,0.245518438631461,0.243679918676458,-0.748831723291921,0.0980126993785442,0.0960598786374525,-1.99241603738464,0.173263829854456,0.171317195439749,-1.12350882255233
"ESP",2015,"EU-SILC",12216,3.67090125433349,0.628495570016352,258.88603987351,24,0.122491788458982,0.940212201339349,41.4769635055193,41.404106174207,-0.175657341219226,0.358998142293397,0.35787109374263,-0.313942725042093,0.246276352601055,0.24474639697476,-0.621235295283529,0.548878185997987,0.548090583023357,-0.143493218481183
"ESP",2005,"EU-SILC",10356,3.55999076046468,0.636832321882039,237.576036545173,23,0.0985422990661974,0.938505680416317,39.0646602303,38.9321490634453,-0.339209828201581,0.330887440716375,0.328611741389038,-0.687756332609812,0.204081908726881,0.201078290875861,-1.47177075604433,0.803741195844488,0.803075074427102,-0.0828776005049603
"PNG",2009,"HIES",3658,1.15508072931527,0.79411968226969,34.3787890260397,7,0.0507695460534778,0.937232917091052,3.47075560283629,3.45568049398193,-0.434346597093782,0.418507882772925,0.415972231271095,-0.605879030289569,0.307323691843297,0.303236534143409,-1.32991949802921,0.459240620991533,0.45688685052037,-0.512535338463982
"VEN",2004,"EHM",10757,2.06162086934847,0.887884188003025,112.761326867315,27,0.0479173220223582,0.936016905783219,7.97838857466655,7.95774171691029,-0.258784810529511,0.454116661526353,0.452701018039914,-0.311735641163313,0.378239396542046,0.375788351241519,-0.648014279563336,0.891745447806787,0.891464668803869,-0.0314864520596592
"THA",1999,"SES",4143,2.33144656252522,0.804994827550299,115.172504686269,8,0.050791353215714,0.935416028195292,8.68380228458336,8.66107027981917,-0.261774785044921,0.430915874956476,0.42942292055372,-0.346460757080869,0.305118882217855,0.302647519021696,-0.809967307888293,0.413604382435253,0.412068383041277,-0.371369226054097
"ETH",2015,"HICES",30225,1.5027202454211,0.727163865634102,39.8137305832232,125,0.0635783776459784,0.934320200403168,3.73898583922039,3.72936466321949,-0.257320471770006,0.349931232418076,0.348254963623207,-0.479028060252418,0.206269512936765,0.203877433094496,-1.15968657132675,0.320247224672792,0.318499971049733,-0.545595242814245
"LUX",2006,"EU-SILC",3787,4.28392135730553,0.619683607738169,465.434873566485,9,0.131513465357525,0.934279277553391,80.3677199696347,80.2289705473259,-0.172643223375202,0.308408079063547,0.307212910039291,-0.387528442148755,0.160628875229558,0.159088081048226,-0.959226153535409,0.28976993158573,0.288555036970908,-0.419261794408154
"ROU",2016,"HBS",29129,2.57204768496498,0.454421776013459,51.1781668815981,44,0.135928414532172,0.931236975527029,11.99592098362,11.9537762026943,-0.351325929732582,0.283457047998136,0.280932553701073,-0.89060911164176,0.13424240228135,0.131239471299239,-2.23694669573689,0.236222781782763,0.233580363144792,-1.11861295427501
"ESP",2004,"EU-SILC",12192,3.57944114581391,0.592426429782161,212.02844393152,38,0.133905918012246,0.927007447896885,38.5991222211196,38.5252241176006,-0.191450217690647,0.31517006842821,0.31385785624901,-0.416350507440033,0.181826818729454,0.180201269033907,-0.894009864389089,0.472573706247003,0.471574574181183,-0.211423541473388
"THA",1990,"SES",3857,2.48379858180744,0.848239363065549,152.706330886863,10,0.0256209858827592,0.923844174501059,6.613304577069,6.59133281547034,-0.332235743002762,0.452656486662974,0.450832323475392,-0.402990621216948,0.338346804210437,0.335115571009643,-0.955006271844239,0.438153348335608,0.436281440246322,-0.427226699601058
"SVN",2014,"EU-SILC",5445,3.56075052994108,0.521700960380469,168.317724587038,13,0.149802995399759,0.923494721984674,36.9078246170239,36.8191277979064,-0.240319823879753,0.262411044005447,0.260635946439253,-0.676456881958154,0.118657633389678,0.116659148503296,-1.68424468725026,0.221038145207189,0.219205210780526,-0.829238964589374
"JAM",2018,"JSLC",4543,2.88122639721635,0.655806145461468,127.567397604994,9,0.0938803408238956,0.913344939979546,19.1257423371912,19.0708190449727,-0.287169466419701,0.35638680510333,0.354534546370511,-0.519732691080566,0.209642723313552,0.207081455034196,-1.22173011248539,0.329726053582158,0.327811892775613,-0.58053065135415
"ROU",2008,"HBS",31360,2.38158854784758,0.492707340261978,47.4516153952529,74,0.14443245356674,0.912145907238345,10.6638000669767,10.6350661834821,-0.26945257144847,0.295838114890037,0.293937578158717,-0.642424567918332,0.144695501815321,0.142451992290312,-1.55050398724402,0.248875326704865,0.246891398945409,-0.797157269755888
"ARG",1998,"EPH",3296,2.8596873363932,1.13255180981867,521.830470433503,6,0.0317500852263923,0.910115356953075,21.8205421119347,21.7876316263034,-0.150823409713585,0.501470561768348,0.500717803537589,-0.15011015364591,0.458360062823941,0.45690476196225,-0.317501671660614,0.604694257107587,0.604097452906331,-0.098695199142651
"THA",2020,"SES",31717,2.69626378932131,0.691602646647901,118.045687208621,68,0.0934707976488536,0.909685395161698,16.3885699688541,16.3498237867955,-0.236421982712276,0.349858159308603,0.348318498492972,-0.440081437195539,0.199171839203558,0.197058528478704,-1.06104895817829,0.310888504945565,0.309268894242739,-0.520961913052942
"SLV",2021,"EHPM",16975,2.41031298052976,0.755947240823243,107.571388152,37,0.0945288612879945,0.906635174618004,13.0257383871265,13.0093284694468,-0.125980709821816,0.38979216753158,0.389022957717632,-0.197338448029494,0.276966689959033,0.275833881774801,-0.40900520723256,0.478240738103625,0.477586237191447,-0.136855951413251
"BLZ",1999,"LFS",730,1.87055394062585,1.1990046426378,236.883360106444,1,0.0219751543411231,0.904040153362931,7.80572365395702,7.78721226185653,-0.237151517541934,0.53030714986079,0.529191140650241,-0.210445816324134,0.526356057419016,0.524048585310285,-0.438386160130122,0.668285486946514,0.667497160431587,-0.117962537018323
"SLV",2022,"EHPM",16297,2.42074757664334,0.757381771874427,109.168536255663,30,0.0891369662105398,0.900864349297385,13.1149359335951,13.0940976726109,-0.158889537011153,0.387000412580092,0.386025446864616,-0.251928856865224,0.274351197193888,0.272914742727485,-0.523582357611518,0.513572323317316,0.512801874965288,-0.150017498421795
"ARG",2009,"EPHC-S2",30857,3.14330828257625,0.852888535367068,299.457914558204,41,0.0549681775963536,0.898712602839517,26.4575815472725,26.3844104858013,-0.276559901518048,0.436601964582177,0.435040337587206,-0.357677500710618,0.351664639879303,0.349075307603478,-0.736307260438163,0.536768195347192,0.535486246298315,-0.238827311302936
"BRA",1992,"PNAD",25983,1.87049273207156,1.01520320073634,136.469662104868,56,0.0301062153258013,0.897962702079716,7.73945197228493,7.71104043055612,-0.367100174929036,0.526101319320213,0.524355673391232,-0.331807936014428,0.526080449322698,0.52252929757956,-0.675020664179793,0.954041949945474,0.953872627113544,-0.0177479440960693
"LUX",2008,"EU-SILC",3745,4.26941197356572,0.6276204166491,469.784098144331,14,0.0853092742424368,0.89569806906398,80.4745170379177,80.1544777473538,-0.397690228340364,0.311337502793086,0.308589467196728,-0.882654859020826,0.161337535044975,0.157773671621445,-2.20894872512852,0.274988737859094,0.272120889124274,-1.04289679539135
"FJI",2019,"HIES",5999,2.04581640636143,0.569001381588947,42.641184183425,21,0.13807640944827,0.8919503040103,7.90709489237409,7.89544495150987,-0.14733528587666,0.307068674389941,0.30604723260304,-0.332642783875836,0.153983408490849,0.152742262930592,-0.806025514320763,0.25680051675572,0.25572463536011,-0.418956086694355
"ARG",1996,"EPH",2486,2.850037009265,1.07414678290589,433.753915358173,5,0.0325615736115244,0.891752091378661,21.5996500167622,21.5482717864495,-0.237866031499845,0.485558029258133,0.4843319438984,-0.252510572548081,0.429249667791673,0.42696480246264,-0.532292859022387,0.606624521775128,0.605687206014234,-0.154513331929207
"KGZ",2003,"HBS",1081,1.126520060407,0.554821360676402,16.2970505312467,2,0.166733666916447,0.89153444756181,3.44077468732747,3.43727166567693,-0.101809097336103,0.287086471561906,0.286361474692579,-0.252536061829145,0.132543708734052,0.131726730420082,-0.616384075693621,0.222331671401723,0.221563336801832,-0.345580364258213
"ROU",2005,"HBS",32676,2.06584130545945,0.495776366747127,34.9238649754253,82,0.147367407499014,0.891529606596854,8.03920849608336,8.01900296661747,-0.2513372986375,0.298193912676031,0.296426782627047,-0.592611040623037,0.146969384227425,0.14483001381087,-1.45565719540874,0.251350193810123,0.249500867398372,-0.735756907013829
"SRB",2017,"EU-SILC",2880,2.48598585781406,0.758003720726677,116.745577995959,6,0.0896358102966063,0.890192700322519,14.0581021129106,14.0376037589197,-0.145811673768237,0.374772039052102,0.373859755688951,-0.24342353966903,0.284731497670602,0.283423757110132,-0.459289039382094,0.621030591347535,0.620479496815284,-0.0887387094822611
"TCD",2022,"EHCVM",7531,1.38467120212544,0.705650049754759,33.1691872929046,37,0.0786451026904223,0.889015404542097,3.88431707430211,3.87587083855839,-0.217444548994206,0.37357686303704,0.372212657250711,-0.365174056883166,0.232331473999746,0.230356714752673,-0.849974914321849,0.355279899575959,0.353883028970503,-0.393174679210329
"URY",2019,"ECH",31983,3.30891834573791,0.753295923535131,262.120970415121,86,0.0708650915772061,0.886847202296532,28.7840708133197,28.7145523523325,-0.241517127435187,0.396665269966727,0.395205332006935,-0.368052882450554,0.268447031088341,0.266224729708261,-0.827836080388022,0.419034438932829,0.417633642646377,-0.33429144631153
"SVN",2002,"HBS",1300,3.22870951858442,0.526172649020421,122.391811171394,3,0.153312828524092,0.880173104315517,27.5842079491119,27.5290615172941,-0.199920301933443,0.291216106373974,0.289798778499378,-0.486692818004841,0.140324951296611,0.138714168948376,-1.14789446449206,0.24347525737156,0.242003869915116,-0.604327303040419
"ROU",2010,"EU-SILC",6323,2.49176266163554,0.621006286269481,77.8498148856854,14,0.0893443905660143,0.87011313119419,12.1368585192667,12.1008085622425,-0.297028732492721,0.355645072023391,0.353726888848385,-0.539353227669692,0.230772003884028,0.228131895204847,-1.1440333466567,0.410521668264197,0.408779522601747,-0.424373619501328
"BLR",2005,"HHS",4858,2.13003106059264,0.49142331267193,36.7559823927698,14,0.173483838116332,0.868012534345261,9.02854775840617,9.01394452118619,-0.161745140090508,0.275534106554987,0.274361668806701,-0.42551456258737,0.127092790433037,0.125794426418145,-1.02158746414172,0.228456163354286,0.22724554590376,-0.529912361632812
"THA",1992,"SES",4763,2.61876601285275,0.883716019564105,194.399257299859,8,0.0224780563548179,0.856657151949011,7.96051315946708,7.93601602876388,-0.307733059571347,0.478579578335267,0.47697049450338,-0.336220746711491,0.380636679809836,0.377649012416884,-0.784913160351475,0.473446857436442,0.471822314322748,-0.343131037449673
"CRI",1996,"EHPM",4639,2.29147220423172,0.875079243166238,136.552606192324,12,0.0557540344957754,0.847449753867489,12.0126486875669,11.9869811129925,-0.213671233064283,0.45493363142259,0.45376713081241,-0.256411161894654,0.385826800364723,0.383837903422992,-0.515489577149753,0.990565492558931,0.990545291527696,-0.00203934332323463
"BRA",1985,"PNAD",46061,1.77135305060149,1.03390975877059,130.723228275043,97,0.0406648879489818,0.846729033529856,7.70225089655515,7.69019215628004,-0.156561249913345,0.551040822582364,0.550337146972069,-0.127699361182809,0.559758056520057,0.558268404292809,-0.266124303151327,0.777522524501417,0.777173857871479,-0.0448432834999068
"TCD",2018,"EHCVM",7489,1.38691894191523,0.728235413456349,35.5743610185585,40,0.0698183454560786,0.84030891039633,3.81303181907641,3.80582800321419,-0.188926193224426,0.374991544944563,0.373809163977084,-0.315308700534644,0.230722450262136,0.228994172979661,-0.749072004268336,0.34398579125552,0.342750293521596,-0.359171153382443
"BOL",2016,"EH",9019,2.79433115715,0.872144480914662,223.802641754408,9,0.0472375118574394,0.829656415235426,18.9037016677676,18.8525846936,-0.27040722005659,0.451887833002198,0.450402487796148,-0.328697764704478,0.407234043325314,0.404700724770477,-0.622079267771991,0.662784402683251,0.661871406553238,-0.137751601624392
"ROU",2007,"EU-SILC",6406,2.18982369656887,0.717506772212235,76.8875537190919,14,0.0723759213528133,0.820507509720151,9.69254515048874,9.66866516505579,-0.246374765989521,0.396219267199822,0.394729015021273,-0.376118049251117,0.293841403992311,0.291612734485478,-0.758459997996574,0.539158680273476,0.53802554256089,-0.210167758406721
"GEO",1997,"HIS",10805,1.55908038709649,0.792544720625218,51.2499452114027,21,0.0655021218321153,0.820427253569783,5.60720822140941,5.59477495854783,-0.221737134963373,0.406960730151915,0.405643429153342,-0.323692410833265,0.304234040262786,0.302190612475399,-0.671663100428077,0.519591376033554,0.518527249568668,-0.204800640266301
"GEO",2004,"HIS",11493,1.68176238870372,0.707894904914787,44.9453408382263,22,0.0682608075543665,0.819932562402486,5.97911136651583,5.96076673809369,-0.306811954111941,0.361753567945,0.359790226392677,-0.542729008445164,0.234763013328493,0.231960355612081,-1.19382422157404,0.436985622960703,0.435261079355206,-0.394645387601789
"ARG",1993,"EPH",2482,2.93101020771518,1.01436712369955,393.118690928685,5,0.0374645578295282,0.81504337976257,23.2443264176588,23.2021552533229,-0.181425624378717,0.443982359967641,0.442972052606817,-0.227555743633079,0.351517632170759,0.349784264046801,-0.493109865714103,0.516391060342133,0.515512985675406,-0.170040640545721
"SSD",2009,"NBHS",4966,1.34437063336209,0.932826413717929,62.9820568875198,9,0.0409330132690336,0.814594863436666,4.44471796240586,4.43429197189273,-0.234570350724406,0.463406606538414,0.462145232947793,-0.272195858415503,0.4027424412279,0.400499983432226,-0.556796991356912,0.588178602144585,0.587211203115733,-0.164473686279165
"ARG",2011,"EPHC-S2",30077,3.25640490368766,0.825125456971258,308.518335087307,31,0.0555609660517249,0.814132216940012,28.9851260122845,28.9205645307191,-0.222740041006209,0.426727292716195,0.42544810278342,-0.299767545832963,0.32614380228629,0.324070921921112,-0.635572514531058,0.498827559438596,0.497711689347681,-0.223698564724528
"URY",2020,"ECH",39609,3.25166146382092,0.783683002893207,271.160385030601,96,0.0625364996958182,0.812197353438761,26.6266425238332,26.5799558513048,-0.175338188006791,0.401322648963818,0.400271532377133,-0.261913098948885,0.276253404544787,0.274626711692554,-0.588840834346593,0.421143314562691,0.420129991734517,-0.240612350507363
"ESP",2006,"EU-SILC",9854,3.59779488495465,0.613753002789433,230.224263676132,15,0.0841298486277909,0.80942397986915,40.0882493743611,39.9574527953505,-0.326271615877283,0.321819577747614,0.319601445862011,-0.689247031248763,0.19414682693496,0.191286240362346,-1.47341402266233,0.842686264279806,0.842172638723544,-0.0609509823565113
"BOL",2021,"EH",10735,2.85749644687914,0.799429657341432,191.67196953841,18,0.0719274510472682,0.807812919777232,19.5496893151161,19.5296291611134,-0.102611114066309,0.409133239113588,0.40852659958065,-0.148274321160791,0.3017957169669,0.300851560020743,-0.312846370268738,0.485425267973892,0.484898610093538,-0.108494121567393
"LUX",2014,"EU-SILC",3795,4.33015193190207,0.573730125449508,424.682702716806,6,0.112016678458076,0.807504629255814,78.0862294386757,77.9313949787165,-0.198286511043377,0.320222755457861,0.318873376700736,-0.421387529188866,0.174378141235624,0.172685511892362,-0.970666008519427,0.338906899832308,0.337612682319512,-0.381879953886177
"ROU",2015,"EU-SILC",5772,2.48818218787925,0.621853202735554,77.7689146011636,3,0.0465892849040989,0.792629428547623,11.438276338528,11.3838451753406,-0.475868579989347,0.360115396945847,0.357056478396947,-0.849427315478157,0.269610360598658,0.265098468717669,-1.67348608969291,0.542822338131783,0.540640443860002,-0.401953663014365
"SWE",2004,"EU-SILC",5700,3.66736854955377,0.42498995221259,140.097471616901,12,0.16424517525012,0.791061979564296,39.9614466700433,39.8754301967309,-0.215248647083877,0.251812858972456,0.250200622966757,-0.640251658425151,0.116349756207126,0.114664724045528,-1.44824726456521,0.411749648066578,0.410517624711439,-0.299216614008979
"HND",2015,"EPHPM",5587,2.01832365174755,0.956500343507118,132.664672124902,4,0.0491109030608263,0.789640372860818,9.72127581553499,9.70966551546159,-0.119431855383023,0.492449454878547,0.491842919841798,-0.123166962769439,0.440979539872914,0.439861033257107,-0.25364138574987,0.591581457988847,0.591093923415409,-0.0824120781431348
"ARG",2020,"EPHC-S2",24594,3.09742419224595,0.763229037386296,218.571087397797,25,0.0547761518241505,0.788062394752479,22.3163743902825,22.2602322665172,-0.251573677620853,0.426423826761546,0.424977819450041,-0.339100964992289,0.324306273628588,0.321967294438962,-0.721225390879754,0.491125427225404,0.489845625812474,-0.260585451696072
"BLR",2004,"HHS",4819,1.93221025236632,0.48221335587143,29.3370235277659,13,0.164076706733321,0.784020999162874,7.34112982153201,7.33170904421333,-0.12832871162487,0.264798850738044,0.263855220173004,-0.356357500196602,0.115865941084917,0.114855499727836,-0.872077978757324,0.208256968731383,0.207276928373021,-0.470591867504666
"BRA",1996,"PNAD",14425,2.46272987139453,1.31269598717535,602.337447884264,21,0.0139610164282845,0.771551468045729,13.1823893446826,13.1647728562231,-0.133636535827819,0.592198545347719,0.591652922386609,-0.0921351403843196,0.662731473176957,0.661417634787957,-0.198245962682586,0.720390447852722,0.720016321000223,-0.051933899680956
"BOL",2012,"EH",7084,2.74480573161797,0.915902481749583,242.866807762616,8,0.0396549611168078,0.767202818611258,18.5649094601655,18.5187876896983,-0.248435202800634,0.465350146623621,0.464019253652466,-0.285998184552216,0.435493625331346,0.433154172807459,-0.537195584001338,0.673684920014005,0.672873184209027,-0.12049190665584
"NER",2014,"ECVMA",3616,1.05475511427241,0.660175595485938,20.8068425369188,22,0.0694551520787525,0.754408530732211,2.55373397382608,2.54891981100214,-0.188514656314576,0.342765760973984,0.341525055835039,-0.36196880791699,0.191532426831198,0.189823437950057,-0.892271303306125,0.299967034084088,0.298653519563225,-0.437886291363176
"UKR",2010,"HLCS",10425,2.46119175077353,0.442887896620422,44.2500030612529,44,0.154085222718929,0.754037608685118,11.8026240283066,11.7818105200915,-0.176346447748876,0.248189755814981,0.246862983566417,-0.534579779172539,0.0995334605631797,0.098143387027203,-1.39658917524955,0.174900678323697,0.173499281318788,-0.801253041635352
"MRT",2014,"EPCV",9336,1.86424999481137,0.609676788137889,40.1764241326295,35,0.0870283717260202,0.75057589006607,6.30535998315038,6.29299835907534,-0.196049458049463,0.326193498830795,0.324870932252035,-0.405454610070433,0.179773533193234,0.178059448491888,-0.953468884378339,0.302857544182167,0.301503802054511,-0.446989732850067
"ARG",2014,"EPHC-S2",32626,3.22840493939553,0.80060211728307,278.721002719468,29,0.0479759447155145,0.744635919147409,26.817364249824,26.7513915572265,-0.246007370385037,0.417470334533865,0.416034474682511,-0.343942966140842,0.309404132573206,0.30712085140143,-0.737960787008951,0.477342011260033,0.476056812262982,-0.269240705141083
"URY",2000,"ECH",14335,3.12717208721255,0.802421645192042,253.265164977898,24,0.0533074031307247,0.743639103719046,23.3804474722217,23.3415904046782,-0.166194712866974,0.429050544300699,0.428100618548404,-0.221401828971912,0.320080105218542,0.318544740720364,-0.479681327625803,0.470553233755177,0.469674680004516,-0.186706558926297
"AZE",1995,"SLC",1424,1.58202804492569,0.683721339656042,37.8333906751079,3,0.0794023147637291,0.741199700753501,5.2907979235579,5.28162313313066,-0.173410335450364,0.346502851880933,0.345368429293538,-0.327391991505355,0.207809909244482,0.2062707078276,-0.740677584855198,0.360418616699656,0.359316915458474,-0.305672678972813
"ROU",2009,"EU-SILC",6302,2.45083044187093,0.646579014983716,80.6861943428046,10,0.0658755820308505,0.739794370149363,11.8827517271886,11.8479962990339,-0.292486361346578,0.364302524721657,0.362438495696334,-0.511670630541683,0.248643320236065,0.245980726664408,-1.07084862329285,0.470858131833108,0.469313601652838,-0.328024531350113
"PAN",2006,"EH",6842,2.64502064452451,1.10884859328503,392.119415344058,8,0.0264250296386743,0.738368112743423,17.9158639082149,17.8871965537178,-0.16001100836649,0.544774999985771,0.544045651170418,-0.133880742576631,0.578970536721509,0.577429171439782,-0.266225167597522,0.720345918044322,0.719897903916163,-0.0621943037277695
"PAN",2009,"EH",7099,2.88372795197894,1.04594863672651,412.226873720004,11,0.0338354370597448,0.737667963360575,22.5510481327426,22.5241750396662,-0.119165605599325,0.517501734118979,0.516926285523613,-0.111197423588383,0.483031164120706,0.481894794811681,-0.235257969554314,0.602826239306109,0.602352802191793,-0.0785362486643293
"MNE",2022,"SILC-C",3634,3.04418550412802,0.604412720825207,128.692220577729,8,0.0799688461564274,0.73763742773364,18.96591964165,18.9289336037484,-0.195013153068413,0.340435081262231,0.339147116598884,-0.378329007272549,0.217714112324936,0.215978796441759,-0.79706173598294,0.456415608595652,0.455361045669764,-0.231053212473076
"SVN",2015,"EU-SILC",5275,3.57439582049461,0.505921957852872,162.74127894365,15,0.133709502924374,0.730422945300035,37.8160024098414,37.757386206373,-0.155003701430678,0.256575346477094,0.255422161149745,-0.449452896851765,0.11200887140649,0.110747038613378,-1.12654718976044,0.206549024366223,0.205352230884698,-0.57942344932258
"NGA",2012,"GHSP-W2",743594,1.02175724758055,0.670741967226356,20.7798371600079,863,0.104198015883558,0.729018985897826,3.550332358055,3.54610193912686,-0.119155574788221,0.35520215865395,0.354433523218895,-0.216393796132286,0.207493375310508,0.206473714758408,-0.491418364839036,0.329948934071904,0.329161048282512,-0.238790221162088
"VEN",1998,"EHM",5910,2.18962765438426,1.02415636505681,192.88550018312,3,0.0195941177229307,0.723665195623736,10.5090310687441,10.4707750804786,-0.364029642839492,0.471726757502012,0.469797159791216,-0.409049874765366,0.415925319717621,0.412405527522668,-0.846255812784535,0.985449302727392,0.985396141362061,-0.00539463219310088
"NGA",2010,"GHSP-W1",780588,1.0064098334035,0.675184523688302,20.7379095479328,916,0.10088207099557,0.71836623666179,3.49953877124764,3.49532009890925,-0.120549381337054,0.356572434595846,0.355796427393483,-0.21762961100551,0.208967035604559,0.207931662081642,-0.495472178146061,0.331277820135206,0.33048181759637,-0.240282473034814
"HRV",2019,"EU-SILC",4981,3.26469570949334,0.577564234133143,148.026070738998,11,0.102500087258162,0.716449347433851,27.4107856728226,27.3661281294154,-0.162919603765332,0.29688150788939,0.29573488240076,-0.386223277017783,0.15966099026822,0.158261798009024,-0.876351986071056,0.349970236568702,0.348924260186226,-0.298875810906452
"IND",2021,"CPHS",2301660,1.54163453579434,0.576033501040352,26.3043687857602,5573,0.111314516491968,0.70402518288355,4.85731567361588,4.85239952899161,-0.101211141185997,0.328100469926583,0.327420289301593,-0.207308640899628,0.175098288634274,0.174245916536235,-0.486796361453701,0.284398065020431,0.283686352072211,-0.250252387676608
"SVN",2017,"EU-SILC",5339,3.61616736137428,0.49149034555375,162.493564520617,18,0.137128464191906,0.703191454439229,39.1012780307638,39.0491461145128,-0.133325351181701,0.247579359394247,0.246575965967236,-0.405281534561619,0.103594469898721,0.102536297214916,-1.02145672914823,0.191535511954149,0.190494053985177,-0.543741449481938
"TUR",2010,"HICES",10005,2.71752097374721,0.703486967813457,124.958524368094,16,0.071539515642529,0.701686054560163,16.712503928203,16.6846293418579,-0.16678880953318,0.387850802818862,0.386828788577229,-0.263507058437151,0.25870278455827,0.257215601229948,-0.574861739838328,0.403036690651465,0.402046619592546,-0.245652835556676
"PAN",2016,"EH",7025,3.14134432380954,0.998187474514952,462.157964597022,9,0.0362316229505712,0.693777119586189,30.9134471408339,30.8664240488642,-0.152112094634493,0.503742500543364,0.502986743355556,-0.150028474268693,0.471382867826937,0.469941508439397,-0.305772544128524,0.620933150133619,0.620356307318619,-0.0928993426870361
"URY",1996,"ECH",14754,3.03675761091083,0.760146441497662,203.811782959187,26,0.0617962098324636,0.691343853574224,22.592111747143,22.5618705282473,-0.133857424371031,0.407442755590424,0.406648931903057,-0.19483072811447,0.290395178662671,0.28917943308595,-0.418652121677687,0.450906375960802,0.450173913861966,-0.162442169347277
"NGA",2015,"GHSP-W3",748842,1.06991548552787,0.680750720596347,22.4696980303882,736,0.0958188770660703,0.68562216368293,3.67704858114362,3.67336813343477,-0.100092441740596,0.358865282156241,0.358223384978609,-0.178868564207346,0.212127615889051,0.211268070786186,-0.405201887204809,0.335855710928584,0.33519930896597,-0.195441655822848
"PAN",2003,"EH",6885,2.57350911166114,1.12703431457047,385.527318411226,7,0.0244568513390291,0.680413859560253,17.7009838779067,17.6748317734581,-0.147743790000654,0.554335070912292,0.553675874699716,-0.118916562773352,0.595428322532963,0.594006713063963,-0.23875408931705,0.719989814580054,0.719575679915744,-0.0575195170714582
"TON",2000,"HIES",1619,2.35429495614525,0.720526704216178,91.4575626750484,4,0.0580439677682284,0.680380695656177,11.3465281405622,11.3224141516674,-0.212523060764869,0.37690176072678,0.375575501663515,-0.351884549625758,0.244866623815028,0.242943421323085,-0.785408179350422,0.392160712363008,0.39087368086104,-0.328189811317958
"ECU",2021,"ENEMDU",8077,2.76539467361981,0.868285753452465,214.917005780473,6,0.0325339125918474,0.669211877884737,14.6996098678401,14.6711592434074,-0.193546799462418,0.457399248799115,0.456347313137076,-0.229981939148383,0.368316766310455,0.366474177335126,-0.500272901987775,0.526161969674471,0.525244216677891,-0.174424046106592
"ECU",2023,"ENEMDU",8039,2.86170059449988,0.880975260612519,245.826591887032,5,0.0285859656469378,0.663172840736045,14.9237227048925,14.8950245341948,-0.192299007863062,0.445654371730008,0.444586847990317,-0.239540730980903,0.351997920183766,0.350170707496771,-0.519097580474681,0.510215366739737,0.509272905316281,-0.184718353247215
"SRB",2013,"EU-SILC",2868,2.54199985524627,0.8168069050144,147.292524246426,5,0.0559567031199203,0.66157234467881,14.4206409539321,14.4076580219659,-0.090030200514013,0.390190871057056,0.389641744643707,-0.140732768006724,0.288788194098457,0.287968121255881,-0.283970348973628,0.52358105593102,0.523153394124568,-0.0816801527877664
"IND",2020,"CPHS",2280682,1.524038626856,0.592174597204432,27.127891858403,5597,0.0887753340404457,0.659914562556866,4.68449104703958,4.67766028505392,-0.145816523440156,0.338036565524709,0.337070576061751,-0.285764784486686,0.186155790367739,0.18490154447378,-0.673761418584362,0.29818314729105,0.297172892130311,-0.338803574218161
"CIV",2008,"ENV",12593,1.34845606810494,0.846716976088659,48.842800914063,26,0.0423015628839339,0.657304660606087,3.99190240937376,3.98632471693304,-0.139725170325444,0.431837332379768,0.431042665673309,-0.184019918352218,0.325125630342662,0.32382161078123,-0.401081748017795,0.47724463215988,0.476514964440353,-0.152891760400675
"ARG",2017,"EPHC-S2",32248,3.31258768656217,0.774391171907882,280.272179956129,29,0.0580105345587596,0.656147028770567,29.1321317306968,29.1035695037404,-0.0980437244362808,0.413609752272116,0.413034477548363,-0.13908635388632,0.306229712666627,0.30533198464607,-0.293155100052167,0.480914406936283,0.480406941147139,-0.105521020336452
"GHA",1998,"GLSS-IV",5997,0.86887557847932,0.805964047901995,26.7562401342818,6,0.036141971715745,0.654476919989726,2.64976314437395,2.64209128890116,-0.289529858133974,0.40072624462217,0.398986763405394,-0.434082179572692,0.273727129748729,0.271017049206626,-0.990066474079965,0.415435581234255,0.413742713816842,-0.407492158563605
"ARG",2013,"EPHC-S2",29413,3.29705908247973,0.792762577360933,291.58944847812,32,0.0458698539269898,0.648951272485009,28.7567957482283,28.7039298103777,-0.183838068446385,0.410029416469436,0.408943155183825,-0.264922769435427,0.30231772827697,0.300606636393681,-0.565991248029485,0.482165319433874,0.481214174979417,-0.197265215087239
"ESP",2014,"EU-SILC",11776,3.65067057312055,0.643465968489459,265.354980484483,16,0.076357709125074,0.644663141033933,41.3141605743857,41.2504423932823,-0.154228429714021,0.35955478831724,0.358566160059313,-0.274959002090747,0.249146143213142,0.247796627249255,-0.541656373437038,0.929671266800172,0.929562756566167,-0.0116718928378834
"MNE",2012,"HBS",1263,2.74268432799011,0.560039290270955,83.3294642238927,3,0.107506521042146,0.639414115202273,15.9710905011223,15.9585537020966,-0.0784968254037177,0.322737360902466,0.322205882048485,-0.164678440852073,0.181493611192708,0.180845682918092,-0.356997841609208,0.335994319379457,0.335483332051529,-0.152082133076514
"TZA",2000,"HBS",21553,0.521334727164672,0.737819998934201,15.4065805095791,54,0.0416717125090635,0.639369222386388,1.42355559728681,1.42087400687163,-0.188372721114105,0.373011277020346,0.371828272321283,-0.317149848259912,0.23162790032004,0.229860463397253,-0.763050099036178,0.355799186114995,0.354586847608676,-0.340736728365498
"SRB",2019,"EU-SILC",2902,2.63658035875637,0.682951109665901,108.357255334169,6,0.0681297626618576,0.637408601161387,15.848695893963,15.821498484049,-0.171606611016606,0.346275858765795,0.345152805471804,-0.324323300501872,0.231244412455112,0.229725292534031,-0.656932595669091,0.547829538822558,0.547057111211395,-0.140997802495946
"HRV",2021,"EU-SILC",5499,3.36296883666968,0.572253262395249,160.730431604731,12,0.0887373412679276,0.63554255069875,30.3186816896805,30.2686214783462,-0.165113417023555,0.294816746505999,0.293651058174176,-0.395394205260702,0.156476090166011,0.155045750421019,-0.91409476264025,0.32143259717271,0.320325328227324,-0.34447935745342
"BOL",2017,"EH",8658,2.8224051578898,0.8571951167689,220.079866099008,11,0.0353099218071431,0.631377410921162,19.0886585778823,19.0458471282065,-0.224276889343045,0.445960941637294,0.444715833071543,-0.279196774762391,0.388829670895912,0.386704231716434,-0.546624740488866,0.621981523357884,0.621132849605507,-0.136446778643129
"MRT",1995,"EPCV",3408,1.56479895368308,0.704551062681368,39.5850745427338,15,0.0612521625070463,0.626669094105679,4.55435795075291,4.55006391122804,-0.094284190467564,0.377473629005656,0.376886395951425,-0.155569292556357,0.244023731859182,0.243173463614031,-0.348436702722688,0.386820531145765,0.386245357870801,-0.148692540507211
"BOL",2011,"EH",7647,2.70985000768362,0.916730940581553,235.107493669144,9,0.0305478279739922,0.619231652554833,18.1263661242911,18.0859421605115,-0.223011956739627,0.460690181025269,0.459485057151894,-0.261590961346858,0.4101156894582,0.407998180980575,-0.516319792696063,0.628091996001249,0.627261638645767,-0.132203142337217
"CRI",2000,"EHPM",4809,2.43849107874276,0.896792786284636,168.82614162143,10,0.0414267696091107,0.61438116074229,13.6768307614175,13.6627421065622,-0.103011107624718,0.467419299882844,0.466870312792661,-0.117450668023467,0.404558374206475,0.403597513343047,-0.237508583356683,0.990963934340609,0.990954616985706,-0.000940231483759213
"IND",2019,"CPHS",2437272,1.59620322182228,0.610911634594567,30.8438730351075,5939,0.0856919200752484,0.613083437852272,4.96336647826763,4.95936760745881,-0.0805677119818715,0.338340805456445,0.337807705831162,-0.157562911917752,0.186697352906702,0.186007562271528,-0.369469960036684,0.298736391615245,0.298179274617497,-0.186491171944647
"MNE",2013,"SILC-C",2620,2.69774168963437,0.814745782196268,171.0539555427,3,0.0502856634475321,0.612151092512591,15.5623958928867,15.5531461328052,-0.0594366069672891,0.412159263227779,0.411809799065705,-0.0847886225671668,0.33423836911706,0.333692413327596,-0.163343242401071,0.764854938350261,0.764715314070894,-0.0182550013559379
"MKD",2018,"SILC-C",4113,2.64282792032112,0.626749211011459,92.1184780430586,4,0.0747369684490709,0.60705779004331,13.3329326777691,13.3208406291783,-0.0906930896829805,0.341881696542801,0.341284817194148,-0.174586517701647,0.240097106321653,0.239308557976119,-0.328428925118751,0.501438630667424,0.50098994483215,-0.0894797105434275
"PAN",2007,"EH",6292,2.74658065761091,1.10920995913787,434.506339539892,5,0.0239095212416095,0.606772240088976,18.6907260990334,18.6812043471418,-0.0509437238613297,0.525998195882756,0.525756670854231,-0.0459174632946646,0.521842866631155,0.521353570324535,-0.093763149389936,0.659028850635645,0.658855153008316,-0.0263566044433228
"LUX",2004,"EU-SILC",3514,4.29778056794038,0.569613760548079,406.109102789806,7,0.102742990669785,0.600224928010671,75.6998505587444,75.6627298228125,-0.0490367360806432,0.301874723887452,0.301532563939098,-0.113345014100097,0.156576354096788,0.156171326587588,-0.258677315317768,0.310988439621746,0.310657517343772,-0.106409832589272
"HRV",2022,"EU-SILC",5729,3.41834009887133,0.553184022177545,160.435527717453,10,0.0788921781500963,0.597031609550406,32.1882303540895,32.1226275266635,-0.203809984905179,0.28844962718044,0.286997298732785,-0.503494652376901,0.148277023075801,0.146533585820788,-1.17579731427578,0.313074561432576,0.31169311315248,-0.441252164907568
"ROU",2016,"EU-SILC",5690,2.56620199099011,0.615737865245081,82.5509424258333,3,0.0607424190276733,0.59652878487855,12.3405669605421,12.3170953657648,-0.190198674439346,0.35913890645553,0.357918678786244,-0.339764822845001,0.257272981351527,0.255599934186754,-0.650300375882384,0.48722600847033,0.486256349319893,-0.199016295020948
"XKX",2014,"HBS",2372,2.16854467687082,0.525158084520694,42.2675194939412,8,0.0942713539463458,0.595040398898744,8.76158805177027,8.74929922618362,-0.140257970518975,0.272701723260871,0.271681049636216,-0.374282058965536,0.124780881681954,0.123619898090003,-0.930417846309339,0.226687046116965,0.225626453110093,-0.467866613924239
"BOL",2018,"EH",9341,2.83019473300293,0.822514498038075,199.884205647597,12,0.0419433727396851,0.594578638744677,18.749852634973,18.7222081938318,-0.147438178204973,0.425709700096066,0.424862050333475,-0.199114505119236,0.344369552282628,0.343003339489342,-0.396728684121272,0.574312230589081,0.57368520127838,-0.109179167237594
"MNE",2018,"SILC-C",3261,2.94771965240232,0.661449724768363,138.666091910367,5,0.0612355634495369,0.593271261162837,17.6814744024768,17.6614882589918,-0.113034371625642,0.360756637793476,0.360033759210299,-0.200378456679007,0.24425160429651,0.243246832477736,-0.411367541133545,0.435870258159788,0.435236395829344,-0.145424542872163
"ARG",1992,"EPH",2379,2.88991759984358,1.07427810093924,451.579710242037,4,0.0197633803798795,0.579582381640106,23.19497883663,23.1497922417212,-0.194811968689568,0.45016466516327,0.44909176865829,-0.238334233672288,0.354666645529838,0.352796932386787,-0.527174789796703,0.510145284128967,0.509189935377444,-0.187269936867906
"HRV",2020,"EU-SILC",4812,3.33841424973041,0.571481372276967,156.469071861415,12,0.0754751109198904,0.579015441604184,29.1024370527269,29.0520246538512,-0.173223977031078,0.288580878457011,0.287347397064679,-0.427430049740962,0.149885144750447,0.148413780434599,-0.981661203515471,0.300914831042428,0.299721541018717,-0.396554074645361
"ARG",2018,"EPHC-S2",31751,3.20122710183983,0.796072606568988,267.587046678648,31,0.0454101776289145,0.568872986474366,26.2478723852333,26.2200670829182,-0.105933547325388,0.416620569356541,0.416002150896995,-0.148436852386291,0.313772086787869,0.312797546284564,-0.310588654740307,0.499699190008993,0.499170416845247,-0.105818295150029
"BIH",2007,"HBS",7467,3.01733271764774,0.608503564567829,126.82946785692,11,0.068367445700715,0.564946433313469,22.2146857545198,22.1758947472475,-0.174618753112354,0.330615865206826,0.329445653249387,-0.353949123617148,0.182797339239011,0.181284720108013,-0.827484216835217,0.307578030687982,0.306382541637409,-0.388678296658518
"PAN",2002,"EH",6599,2.63353546037575,1.16766461288924,462.445771396511,6,0.0141153411577134,0.563560369256827,17.3652836009373,17.3326955428554,-0.187662112700193,0.559214993140348,0.558386420748567,-0.14816705595242,0.601651345451544,0.599826475452233,-0.303310216640718,0.712995879717291,0.712456399377901,-0.0756638789559005
"BLZ",1998,"LFS",711,1.89264735011237,1.238111012369,272.320692193213,1,0.0124777534789947,0.554545288202566,7.78566210906649,7.77646659132945,-0.118108358778257,0.546851036518173,0.546315344390102,-0.0979594244681414,0.550880830813928,0.549728933991326,-0.209100908612025,0.679054373010957,0.678674939518905,-0.0558767467131016
"ROU",2013,"HBS",29533,2.44078244958966,0.452283550228863,44.5955063861496,32,0.0923707978038684,0.553366188476869,10.4620644984214,10.4453641959041,-0.15962721812568,0.274506993301245,0.273347974508226,-0.422218311847045,0.124827278867536,0.123514270069254,-1.05186046687333,0.222615020746579,0.221404997162056,-0.543549837951096
"ESP",2022,"EU-SILC",23994,3.8562625755148,0.60552948173419,290.862608725675,32,0.0743533960124829,0.550419606715234,48.3848832862445,48.3348296292688,-0.103448956732233,0.337537388165316,0.336851710391681,-0.203141280840569,0.214397749881913,0.21350316569289,-0.41725446723031,0.962930649714731,0.962892289115459,-0.00398373437208166
"ARG",2022,"EPHC-S2",28913,3.06057154430172,0.754957532915829,205.499611423073,31,0.041801148581404,0.55023931335483,22.8778682073704,22.8378863803411,-0.174762030565478,0.406899078090124,0.405861070912547,-0.255101875002928,0.288734359014919,0.2871229709366,-0.55808670773263,0.450931088763165,0.44997334670927,-0.212392109961101
"MRT",2008,"EPCV",13660,1.67786791893645,0.667480927182896,39.6587141402713,31,0.0545429507329571,0.547806823944112,5.7631742019356,5.75323417329646,-0.172474894751551,0.356853781801622,0.355743058347821,-0.31125449986632,0.216008702082257,0.214466808223146,-0.713810991986707,0.355851514850168,0.354747186812463,-0.310333943124896
"MNE",2020,"SILC-C",3495,2.93942395137999,0.658083821101063,136.138862781502,8,0.0571941949620203,0.546766587198205,17.7390156431407,17.7198881593045,-0.107827199778254,0.356657082699806,0.355963019183403,-0.194602476740247,0.236088276933364,0.235128082592365,-0.406709877115319,0.448474068490122,0.44788279921225,-0.131840237689318
"TUR",2009,"HICES",9959,2.69680641184394,0.711503853896301,125.376094183836,12,0.0617646574526414,0.546590667502945,16.4342091103954,16.4218193722202,-0.075389926536551,0.389653091356101,0.38919284353499,-0.118117328290479,0.26013080347458,0.259463523439298,-0.256517116146626,0.404153273062497,0.403707317600653,-0.110343152355175
"ARG",1994,"EPH",2508,2.92747080010817,1.04837640655194,433.807123649325,3,0.0255595024991388,0.545571485973929,23.0398165052062,23.0249967785436,-0.0643222425802836,0.452865042655061,0.452512996927297,-0.0777374481589099,0.359891872305402,0.359279634331284,-0.170117199423303,0.508228750812135,0.507912595994051,-0.0622071887076303
"ALB",1996,"EWS",1503,1.92248689695114,0.530450529568663,33.5769052085994,3,0.0875349222406843,0.54342032155283,7.93315755093481,7.9194386785274,-0.172930794823167,0.270103420041262,0.26884008468317,-0.467722829240647,0.119104326747276,0.117694576314754,-1.18362654911166,0.212069499828398,0.21074257249262,-0.625703996497295
"ROU",2021,"HBS",30278,2.84882225119654,0.445847003334019,65.783119390352,52,0.0948220848688787,0.541765872931062,16.0986011272298,16.0737613256009,-0.154297888571797,0.276260822417501,0.275143128396223,-0.404579270957783,0.127069384948415,0.125812825835369,-0.988876363536961,0.22687994640122,0.225718443653665,-0.511945972298677
"XKX",2016,"HBS",2313,2.25591235064982,0.531407461903018,46.999395332384,4,0.0634655930199727,0.52770174565463,9.24511466957792,9.22615648304229,-0.205061670008488,0.267211452054667,0.265706112218249,-0.563351542324375,0.119456928579448,0.117628792704781,-1.53037240820276,0.218590417385838,0.217002035556053,-0.726647512173895
"ROU",2009,"HBS",31208,2.440093411836,0.476815391209452,47.9682620760027,55,0.0783814904004484,0.519544367939196,10.8454355564801,10.8266869456022,-0.172870981346629,0.281893463661574,0.280650443045614,-0.440954039804398,0.131286897623297,0.129821173451889,-1.11642837018957,0.231090010533012,0.229784457568072,-0.564954305869436
"BRA",1999,"PNAD",14464,2.39861589076126,1.32117294581857,579.482073698115,16,0.00700628417956969,0.515091821208443,12.5418626182859,12.5178606705648,-0.191374666200228,0.584743740806303,0.583947577343402,-0.13615596155051,0.636245702150117,0.634357129518005,-0.29683070954023,0.701477547042855,0.700905192899548,-0.081592653352891
"CMR",2021,"ECAM-V",10543,1.62398930897182,0.827243200499135,60.6863569263632,18,0.0360184283987208,0.510747074336433,5.37337800814683,5.3677919091945,-0.103958793590608,0.421760724596041,0.421159161530654,-0.142631361884982,0.303051146647939,0.3020869930507,-0.318148803561269,0.441012422166911,0.440432477870457,-0.131502938988437
"ALB",2018,"SILC-C",4978,2.33315415779267,0.667498643195946,76.3745929138382,5,0.0582609946671583,0.508059934963356,10.4110143776274,10.402616782256,-0.080660683645295,0.370951267042942,0.370443829261903,-0.136793650843647,0.254174929564052,0.253466199820275,-0.278835424481882,0.443996991043469,0.443551886985488,-0.100249341090075
"SVK",2020,"EU-SILC",5508,3.29550051552944,0.376603704299772,83.5388362424177,21,0.134774765493099,0.501829996521892,26.043639307515,26.0255337839253,-0.0695199444897376,0.232323245124683,0.231789683552888,-0.229663446509032,0.100991617541413,0.100486247433154,-0.500407975000838,0.21766481005496,0.217152828708853,-0.235215488428142
"HRV",2018,"EU-SILC",5306,3.21193151435446,0.598724549691814,149.620960112473,9,0.0581579697912363,0.496984279636542,25.5534120928862,25.5134321646574,-0.156456320132481,0.302379312263363,0.301286647629253,-0.361355618521375,0.166909512781387,0.165541258786546,-0.819757946710364,0.35046577494769,0.349459231771414,-0.287201560958839
"HND",2014,"EPHPM",5164,2.03174371302741,0.983369005828224,145.743864823907,4,0.026256364539008,0.490753031176628,9.81036573802967,9.80048811124218,-0.100685612048079,0.498478731918395,0.497973458330556,-0.101363118521458,0.450327108102094,0.449378584523087,-0.210629909224058,0.593608879687216,0.593199863984875,-0.0689032317974569
"HRV",2010,"EU-SILC",2731,3.15151039512032,0.618645133427274,149.522337353012,4,0.0724061784641672,0.488368827720101,24.4887910933681,24.4774588818102,-0.0462750958782898,0.323110422606824,0.322797210474153,-0.0969365612364603,0.188939365470421,0.188545619551996,-0.208398031529966,0.39410450361294,0.393827802787969,-0.0702100134443495
"PAN",2004,"EH",7193,2.6299181178133,1.12192606895972,401.696297679609,4,0.0195943832894947,0.487834395088042,17.9689241883205,17.9599755079296,-0.0498008689729268,0.546245080422366,0.546019067773884,-0.0413756858564707,0.572908202273063,0.572430863096238,-0.0833186145584031,0.698888117835706,0.698738165756864,-0.0214558060175118
"ARG",2012,"EPHC-S2",29011,3.27964074589555,0.811528868681655,303.149884628036,20,0.0390741401896312,0.477782454332525,28.7196678056803,28.7009034828665,-0.0653361415627218,0.413820611515066,0.413437502859062,-0.092578437454105,0.309157146587793,0.308556945044119,-0.194141248325852,0.493214774157541,0.492884590141211,-0.0669452809670346
"BRA",1997,"PNAD",12658,2.49756128903462,1.35928551454888,717.245250256964,11,0.00566210461169946,0.473033344399386,12.9979502035674,12.9770767414081,-0.160590414891548,0.592302314259406,0.591646572670095,-0.110710624207389,0.663664030292122,0.662076086573528,-0.239269215463545,0.725630541329249,0.725189240856163,-0.060816138234443
"ROU",2010,"HBS",30949,2.42213649892186,0.465248269220648,45.5076892681742,45,0.0864721658769732,0.471751502038881,10.4109486920936,10.4011863698129,-0.0937697665161941,0.281582377516109,0.280908426436207,-0.239344196837499,0.131386957452325,0.130615954996986,-0.586818106066234,0.233328750211048,0.232627663307315,-0.30047171773685
"ESP",2021,"EU-SILC",20688,3.81656385981038,0.630919773282625,301.666824929017,25,0.0550047637551442,0.467264073918508,47.1195455717136,47.0653039878431,-0.115114828066154,0.346991527810213,0.346239309498566,-0.216782904295754,0.234010325621357,0.233001269868223,-0.431201379877177,0.789337314605859,0.789095349370094,-0.0306542249159936
"HND",2013,"EPHPM",6939,2.02535144189836,1.00230755857902,153.281196111791,5,0.0256215100112283,0.460114606725824,9.5945830315532,9.5897099105777,-0.0507903361664952,0.499567829069447,0.499313582295033,-0.0508933441305204,0.461436880502862,0.460956457525932,-0.104114559808621,0.615082411349298,0.614887036766586,-0.0317639683896975
"TJK",2004,"HBS",2523,1.34971043024885,0.678894499752967,29.5591674078501,12,0.0423622697320353,0.453936519873762,4.16208929501659,4.15571798594461,-0.153079586245486,0.336019492271608,0.3350017369079,-0.30288581082849,0.185394877602906,0.183999191035178,-0.752818301009073,0.296009875454192,0.294937149587456,-0.362395296809093
"GAB",2017,"EGEP",7914,2.48220394348555,0.755485043872009,115.429398550638,7,0.0417377095654639,0.44206369775227,12.3369228358078,12.3305633656512,-0.0515482688935087,0.380243723143162,0.379924140416501,-0.0840468118760263,0.250646105542097,0.25016732121641,-0.191020053813051,0.406985951297664,0.406681168597298,-0.0748877693182215
"ROU",2019,"HBS",30549,2.78325699233286,0.45117642985154,62.6013148505257,48,0.0811177540470432,0.440090737264548,15.2004758387136,15.1843607331379,-0.106017112534118,0.275824388441917,0.275056116469196,-0.278536635959103,0.125874501779132,0.124993272011901,-0.700086002149514,0.224925658621413,0.224123412936384,-0.356671484234483
"HND",1999,"EPHPM",3439,1.83467004043013,1.13035809751606,185.99956462382,3,0.0152746868557365,0.437880589585674,7.88807878988184,7.88194927501905,-0.0777060552521136,0.543046476394471,0.54269121275685,-0.0654204848137385,0.571488074249368,0.5707400700467,-0.130887106200894,0.718449038737269,0.718230174911425,-0.0304633751376904
"ROU",2011,"EU-SILC",5902,2.48362508146114,0.620304090124935,77.0563792389452,9,0.0415289871133815,0.431705455800407,11.6033298113528,11.5852383373068,-0.155916226980324,0.35472550863281,0.353718173109044,-0.283976060151014,0.239989783401097,0.238593320349427,-0.581884375192998,0.490893096689299,0.490102825080123,-0.160986498792826
"ROU",2012,"EU-SILC",5785,2.43978043375727,0.621822865450245,74.0876632145016,5,0.041236587498755,0.429800180183397,10.8769096714307,10.8607119181318,-0.148918707503032,0.358719303147973,0.357763240416668,-0.266521127498731,0.251931994612955,0.250600961934015,-0.528330147580047,0.529944599318776,0.529247510977594,-0.131539851916296
"PAN",1989,"EMO",2646,2.39464640859568,1.18794496427661,387.021908069231,3,0.0101957745573073,0.422671301201426,13.023948961133,13.0083603478253,-0.119691910297115,0.550132436546075,0.549593433969063,-0.0979768763309963,0.630479310106562,0.629315015500213,-0.184668170340618,0.798556377844013,0.798315015504885,-0.0302248339409839
"ROU",2012,"HBS",29443,2.44522820173261,0.459622049368908,45.7913106737271,28,0.0669393090438179,0.413871275327837,10.3947221307216,10.3823537486395,-0.118987135264992,0.27334237632367,0.272477006382278,-0.316588285003605,0.123471928924759,0.122468233404271,-0.812893691082905,0.220166544965487,0.219256853351477,-0.413183399027783
"ROU",2018,"EU-SILC",6452,2.91059974123406,0.587716125625376,107.098408576133,6,0.0559181397808107,0.411921418115592,17.643817942272,17.6310267150051,-0.0724969352368321,0.358888905530961,0.358423972977048,-0.129547764433002,0.257729889322917,0.257103632315441,-0.242989669968263,0.511256864212116,0.510905582521222,-0.0687094326716098
"HRV",2011,"EU-SILC",4310,3.0748803439259,0.632854206688805,144.523621386036,6,0.0533192318821782,0.409174564877609,22.6772957405744,22.6615648992133,-0.0693682418800079,0.320785702491185,0.320314433719229,-0.146910778222342,0.191607540664177,0.191008485255276,-0.312647094589436,0.434576155651068,0.434187847381627,-0.0893533306858929
"HND",2016,"EPHPM",5742,2.07483234785051,1.0029968695458,161.389864503496,4,0.0197891393704503,0.405787078785926,10.2085619522456,10.19907459213,-0.0929353238984354,0.498047999559586,0.497581216880077,-0.0937224283446891,0.470775414261172,0.469896026244841,-0.186795654507843,0.636311086488336,0.635973141757528,-0.0531099862920104
"MNE",2019,"SILC-C",3418,2.91026193193329,0.679172293097222,140.861735674611,5,0.0401372773047233,0.403793351322846,16.982048838497,16.9700145198328,-0.0708649396709005,0.367719439212482,0.36727120040703,-0.121896956661138,0.262519616849335,0.261880070590604,-0.243618464176809,0.541985241512617,0.541661922084511,-0.0596546553931598
"ROU",2020,"EU-SILC",5893,3.07081229612167,0.581501562157958,123.38591730037,5,0.0562175306053836,0.397955204703375,21.5174622653769,21.5011969201928,-0.0755913731065649,0.346505255346179,0.346011205776158,-0.142580685977589,0.235134852225247,0.2344944183658,-0.272368750691931,0.452206752141297,0.451797725675532,-0.0904512070704078
"SRB",2014,"EU-SILC",2947,2.4479853209508,0.80420704729953,129.102474224796,3,0.0279138027406103,0.39741430355921,13.2176487169284,13.2011573003215,-0.124768156274324,0.385563756027025,0.384796347390353,-0.199035470704101,0.288931308542044,0.287775026728214,-0.400192633904795,0.593685526594536,0.593179116942768,-0.0852993089916376
"URY",2012,"ECH",36230,3.17705193057852,0.767648159648459,239.845846211931,94,0.0353295010808199,0.39594472766204,26.2138921826813,26.1948359994987,-0.0726949781047259,0.39893813214495,0.398500997004007,-0.109574669784795,0.27526667967101,0.274604719323616,-0.240479649838354,0.42770556122158,0.427291223511137,-0.0968745202330368
"SWZ",2009,"HIES",3167,1.23011757559874,1.04649414014559,79.01202025629,2,0.0142763058260922,0.387067830731262,3.72954497079131,3.72638909962788,-0.0846181287031844,0.51452604397366,0.514114942554363,-0.0798990496424623,0.463315277551488,0.462498581200143,-0.176272268780031,0.572220933113457,0.571858845940483,-0.063277512586557
"KGZ",2002,"HBS",2846,1.05910920967239,0.582337224800785,16.545611228281,2,0.0641937392518024,0.386496315458198,3.2730500644493,3.2710210930766,-0.0619902333525824,0.303023868650202,0.302591916352931,-0.142547284870731,0.148914946830568,0.148406815907659,-0.341222243786621,0.249470809344189,0.249016696545375,-0.182030434746261
"MDG",2001,"EPM",5079,0.77456996593751,0.915348324601358,33.805210240674,7,0.0187270615038443,0.385202108103942,2.08615607741484,2.08445088273957,-0.0817385953872929,0.474354299415164,0.473924377378906,-0.0906331062642152,0.381209777675957,0.380432347500165,-0.203937627343109,0.497714463965685,0.497304090846942,-0.0824515155683714
"PRY",1990,"EH",736,2.57585040095908,0.806865194783464,147.886632750267,1,0.0224584518640515,0.383797264676765,15.8503904804076,15.8227701635328,-0.174256381310889,0.407861971473801,0.406828724026168,-0.253332627187286,0.282339999215965,0.280731832932472,-0.569584999631456,0.424695630718319,0.423694999660829,-0.235611337888642
"BRA",1998,"PNAD",12472,2.54749655072255,1.36379116025032,764.230948021909,12,0.00409448208252729,0.381538104504975,13.3870870550023,13.3673015160401,-0.147795699549202,0.590565314673359,0.589959326245463,-0.102611584669665,0.650775121761345,0.649314279640052,-0.22447725373087,0.710338929498545,0.709910209132369,-0.0603543390869432
"MNE",2017,"SILC-C",2815,2.85416358047284,0.7137985751761,147.755562850101,2,0.0214076440335589,0.381390200195697,17.8739992295445,17.8374605330347,-0.204423733270664,0.378903601801137,0.377631635995469,-0.335696414502673,0.265781767325614,0.263887079655855,-0.71287345585197,0.547789863901234,0.546866074266999,-0.168639417249439
"SVK",2018,"EU-SILC",5621,3.22564417337493,0.370313993798387,76.4461181506553,16,0.101155952605753,0.378890779666767,24.0446996571575,24.0309263062034,-0.0572822748901358,0.232146088492564,0.231706361175773,-0.189418361363269,0.105221718146902,0.104808796175937,-0.392430363461915,0.251922642546122,0.251519158445099,-0.160161904045208
"ARG",1995,"EPH",2584,2.8992226869198,1.06434457598865,442.418565562921,2,0.0147053357056141,0.377006693617246,21.9643506974771,21.946602760428,-0.0808033767695227,0.481239035983629,0.480819579083777,-0.0871618610477909,0.415589781862032,0.414813372075963,-0.186821192424536,0.568973329584485,0.568625002992404,-0.0612201967945758
"PAN",1999,"EH",3170,2.62719700210794,1.13879488913656,421.399649457519,2,0.013318712535802,0.375163009463223,17.7104639885221,17.700145886771,-0.0582599177401777,0.544415426820434,0.544149886214053,-0.0487753640507793,0.58075965322484,0.58019753595415,-0.0967900004018363,0.75021675359381,0.750071191611731,-0.019402656816403
"MDG",1999,"EPM",5120,0.715218617007147,0.747204717991958,19.2369473495376,8,0.0320492074604868,0.371216582305758,2.05339128155408,2.05193404178245,-0.0709674665867244,0.386074803885551,0.385638924715033,-0.112900185697373,0.251268691394126,0.250621788177364,-0.257454764130272,0.392432036914369,0.392002670818805,-0.109411580904362
"HRV",2016,"EU-SILC",4999,3.09732929792625,0.622175541528909,143.144687940755,8,0.048135512076451,0.371078077834853,22.4809186567723,22.4664003244916,-0.0645806895274492,0.310136405635604,0.309690739044758,-0.143700185708062,0.173046050925007,0.172479684038027,-0.327292581340088,0.34114051704065,0.340719297702472,-0.12347385230943
"PAN",1995,"EH",3983,2.71882995378892,1.11174534080708,425.84097404439,3,0.0120859510337473,0.371022421885517,17.2651608694559,17.2525701830602,-0.0729253928813511,0.551322961935839,0.550995600343072,-0.0593774639129241,0.61496636223823,0.614263146358664,-0.114350299910138,0.783101184557404,0.78294293970419,-0.0202074593083967
"ARG",1999,"EPH",3070,2.81048860128607,1.12933029684376,492.000381460072,4,0.011891972263338,0.369561263143001,20.8489821462866,20.830440933413,-0.0889310218764261,0.490731766857489,0.490278537912105,-0.0923577758755068,0.439356287664101,0.438497994930355,-0.195352327449183,0.605717259093111,0.605366482537731,-0.0579109394878041
"TUR",2007,"HICES",8457,2.57475151426325,0.710297337418269,110.569416409071,6,0.041804764322106,0.367697107055454,15.012500012471,15.0035227681706,-0.0597984632336845,0.384427989571093,0.384059836574695,-0.0957664390693558,0.255798964749522,0.255273131845394,-0.205564907052436,0.405466755754774,0.405114134871952,-0.086966657023646
"ROU",2019,"EU-SILC",5702,2.98771740499248,0.610156353379976,123.740479497087,5,0.0477930349980911,0.366415738367411,19.858614395399,19.8449886375054,-0.0686138399300651,0.356480246019305,0.356038613708603,-0.12388689573497,0.249723180807713,0.249131670523543,-0.23686639031959,0.478826884729836,0.478472661697478,-0.0739772647808112
"ETH",2021,"HCES",33810,1.34767912861657,0.627548258577129,25.2878464880091,145,0.0376566958245017,0.361088856586407,3.27155200388167,3.26926136159078,-0.0700169915737625,0.31141653764791,0.310934210486783,-0.154881678657792,0.159068384943373,0.158443569621891,-0.392796671509721,0.262803790985148,0.262291806063997,-0.194816413884802
"ALB",2017,"SILC-C",4479,2.31027846829262,0.698946761007426,82.0327658767672,2,0.0400036872024411,0.357794959570128,9.94476125806786,9.94199553461006,-0.0278108582602243,0.385656427062273,0.3854856198281,-0.0442900006813352,0.273739843413304,0.27349389280187,-0.0898483057368726,0.466606056771719,0.466458735686764,-0.0315729045554103
"VEN",1992,"EHM",4567,2.38198000201476,0.906800426878549,164.412955235086,13,0.0222263052768212,0.35464834448292,12.3828188042884,12.3754462677439,-0.0595384351580908,0.41268589765786,0.412336090899908,-0.0847634387161955,0.300295361383142,0.299739043628432,-0.185256859162686,0.491031248869112,0.490728712530357,-0.0616124410516727
"KGZ",2000,"HBS",2789,0.95379681001054,0.564184197865116,14.1024621626751,3,0.0645686483120633,0.350219321024749,3.01505478685481,3.01360125164892,-0.0482092468841677,0.310350127600462,0.310017731807135,-0.107103482088899,0.15476326580486,0.154375397984111,-0.250620080115005,0.253590634237922,0.253240949634937,-0.137893342960038
"ROU",2022,"EU-SILC",3929,3.22837131016532,0.606688769809965,155.778888373996,4,0.0270662710215235,0.341916002660001,26.4568113669134,26.408514831178,-0.182548588586995,0.337889905176146,0.336679334402575,-0.358273732072689,0.227247283826846,0.225605860645451,-0.72230706292874,0.469829618580283,0.468865878022589,-0.205125543299434
"ZMB",1991,"HBS",8510,1.11775201354715,1.23076446153606,122.737189432776,5,0.00775610714459314,0.341772051072803,3.09685016642721,3.09578562601343,-0.034374940877735,0.605061913833609,0.60492611951828,-0.0224430446247204,0.937047377893284,0.936711391171656,-0.035855894755632,0.96191281281671,0.961899716126287,-0.0013615257275057
"XKX",2015,"HBS",2344,2.22975133212952,0.514707196836025,43.5483982316745,7,0.0582015186106178,0.340271669505821,9.12669787831079,9.12098814017094,-0.062560832142966,0.264541531951836,0.264081331796348,-0.173961401105016,0.115561493124678,0.115046003926755,-0.446073500769795,0.207952457048827,0.207469099030235,-0.23243679129924
"BDI",1998,"EP",6653,0.674251291367374,1.02459502524814,42.4376681289183,22,0.0101456523803926,0.338230785027728,1.65404203673824,1.6527531356594,-0.0779243241837646,0.423165258395804,0.422715450418393,-0.106296055379584,0.326139473219217,0.325384042459319,-0.231628129045947,0.514173186699981,0.513794495459456,-0.0736505228821516
"GIN",2018,"EHCVM",8237,1.50204230566745,0.548217116944737,23.2590349489236,14,0.0532997902007755,0.320057633441739,4.39811471570237,4.39643523065774,-0.0381864765517048,0.295919529935127,0.295650639181067,-0.0908661736919392,0.144344904987133,0.14402481819411,-0.221751362163858,0.250763705038471,0.250483204681228,-0.111858435494128
"MKD",2013,"SILC-C",3315,2.40554544127714,0.700770611022972,90.7272065719599,2,0.0320687133174083,0.316940060367185,10.8764677114465,10.8710908758925,-0.0494354941022124,0.38081331036411,0.380507194820522,-0.0803846754450777,0.285429560897592,0.284988885384427,-0.154390285217454,0.524892958005195,0.524659297293216,-0.0445158786025801
"ROU",2011,"HBS",30387,2.42143618193908,0.455963836487392,44.2266563172082,31,0.0570899437885772,0.310040784939454,10.1957171458132,10.1893552375752,-0.0623978494797339,0.272115198664652,0.271660894363185,-0.166952931587938,0.122273756592292,0.121765647758424,-0.415550194930481,0.218650277525146,0.218176066030941,-0.216881267918823
"PAK",1987,"HIES",4640,0.898943558054611,0.758958739635966,23.9464425661081,8,0.0197546589619156,0.284211859915062,2.1360780248934,2.13473757587205,-0.0627528117287612,0.333168973312719,0.332750309062208,-0.1256612362036,0.182171731192552,0.181587305537325,-0.320810287853868,0.279334965087859,0.27888405027936,-0.161424406127353
"COM",2013,"EESIC",3131,1.74542031746498,0.843148780215284,71.8705553150784,5,0.0192163847283308,0.276851029878744,6.4239481769128,6.41997433264188,-0.0618598432224005,0.453345947568549,0.453007635219544,-0.0746256475479212,0.364195814386917,0.363620599261792,-0.157941168569686,0.519555958832908,0.519259308349985,-0.0570969263040788
"ALB",2019,"SILC-C",5017,2.38790285281095,0.648758070122812,76.2621741082633,9,0.0302317937675779,0.274490764491438,10.8972416753497,10.8903851765657,-0.0629195808291128,0.359887518674102,0.359484626325734,-0.11194951963136,0.233051286566216,0.232496946095281,-0.237862008445799,0.405716300175239,0.405345359605816,-0.0914285596271158
"ROU",2017,"EU-SILC",5709,2.70022964323854,0.584566712006662,85.9641010331677,3,0.0303709238533488,0.273684908221075,14.0550288480976,14.0426704469602,-0.0879286785600342,0.34406934566682,0.343492229267428,-0.167732582591529,0.234044143929304,0.233268972875296,-0.33120719920321,0.457121004060245,0.45664710625607,-0.1036701004693
"TON",2021,"HIES",2129,2.43898137594917,0.529079885507817,56.0487043045734,7,0.0448466555630273,0.268011954145348,11.4051792688067,11.3997479943416,-0.0476211231501877,0.270957647945262,0.270610443723591,-0.128139664742744,0.119998629257462,0.119607173737422,-0.326216659692424,0.209935981236669,0.209569104190495,-0.17475663009846
"KAZ",1996,"LSMS",1993,1.85070443881522,0.647884308844373,44.4496623318979,2,0.0252079657171666,0.266548986693891,6.422387323327,6.41647337063714,-0.0920834012670513,0.353783081624211,0.353187699850753,-0.168290063709231,0.212692306180827,0.2118778301952,-0.382936270828138,0.355257972561527,0.354668955763886,-0.165799740789363
"MKD",2015,"SILC-C",3535,2.4851742785637,0.646265156474939,83.4268122902479,2,0.0352293433677236,0.262493680119345,11.5871879919942,11.5861630739741,-0.00884526962680043,0.351353990716939,0.351296636191668,-0.0163238576439628,0.239939691288615,0.239863276348115,-0.0318475613977021,0.474369164167186,0.474323119628787,-0.00970647796630919
"SVK",2022,"EU-SILC",5358,3.28579985619052,0.402171299393714,89.3278897517771,10,0.0679205395563678,0.262239708784315,24.8443292350303,24.8398495230887,-0.0180311245244535,0.241102636025051,0.240965822959569,-0.0567447406371491,0.108784418657066,0.108650112246049,-0.123461073446585,0.243644539278939,0.243514898323537,-0.0532090543815422
"ROU",2020,"HBS",28627,2.77367520131899,0.443541068945373,60.6002130142125,42,0.0448243765174871,0.26162203669542,14.7531522381199,14.7417184084097,-0.0775009267559135,0.275394315244577,0.274832421305646,-0.204032511866725,0.12598196779257,0.125331528035539,-0.516295917922516,0.225920034469176,0.225333148316041,-0.259776055060279
"TZA",1991,"HBS",4814,0.920322478372766,0.722472393274945,21.9274583674838,8,0.0172308339855277,0.258502844537346,2.01466908561558,2.0132393926698,-0.0709641576371989,0.352922222585188,0.352462758365635,-0.130188520345409,0.210664822604232,0.210003443152299,-0.313948690510624,0.345645905592495,0.345182718212771,-0.134006326194103
"EST",2021,"EU-SILC",6384,3.56049959677103,0.531070475530996,173.072576413117,5,0.056258440637748,0.254585197009856,42.8828454984971,42.8710400544629,-0.0275295258440833,0.306735006892859,0.306544202737812,-0.0622048839417633,0.165878076729599,0.165665792975979,-0.127975774620082,0.365305411052253,0.365136469646988,-0.0462466199934064
"ARG",2000,"EPH",3003,2.79697097035366,1.14705485996234,511.903202854242,4,0.00770581314575425,0.246762691983184,20.3798155999406,20.368972122644,-0.0532069450941197,0.503949086167437,0.503685041093371,-0.0523951885841978,0.4720847362148,0.471570140380114,-0.109004972033622,0.638115729613146,0.637923158588625,-0.0301780720305955
"ALB",2014,"HBS",6565,2.22961256618348,0.625449210796705,60.7010015891076,3,0.0284169954801884,0.24253935870323,10.1413098725186,10.1339626054677,-0.0724488960821223,0.345988964529011,0.345514930744338,-0.137008353812185,0.198661566096626,0.198031223612906,-0.317294631319898,0.324191878746665,0.323707665011085,-0.149360229951623
"MNE",2016,"SILC-C",2658,2.83754881907626,0.791383363647507,183.405382905018,2,0.0136278327442747,0.239981600771068,16.203936954373,16.1900446659082,-0.0857340318211719,0.390050333831482,0.389527051616996,-0.134157612261376,0.275091360659661,0.274293229637339,-0.290133074484078,0.442729014752217,0.442252147759503,-0.107710806571049
"HRV",2017,"EU-SILC",5146,3.15669538982294,0.601884467993652,142.929112962431,5,0.0272775753956589,0.229520122461861,24.2805870951659,24.2638458584813,-0.0689490604942722,0.308074905680112,0.307597583855684,-0.154936937617156,0.172526611163156,0.171920651988326,-0.351226498187784,0.346270875514597,0.345824490672816,-0.128912037755957
"BRA",1995,"PNAD",12306,2.48792712238659,1.35883413683993,709.407087343538,8,0.00324359659116498,0.213341684677898,13.0549397196217,13.0500983953927,-0.0370842327344634,0.590728522369107,0.590576698265893,-0.0257011634726578,0.652761998465367,0.652396963801572,-0.0559215555827164,0.71288692358421,0.712780418219243,-0.0149400082177231
"SVK",2021,"EU-SILC",5504,3.27798347004908,0.399144782700211,87.8312902515603,11,0.0521345241856509,0.21217889432702,24.9931647428059,24.9859249474561,-0.0289671013029014,0.24219491770244,0.24197540164684,-0.0906361114769161,0.107705366342588,0.107485610953521,-0.204033834644624,0.244527154646219,0.244318096257872,-0.0854949580747943
"XKX",2010,"HBS",2329,1.95126666665667,0.617453587484501,44.8636293216164,2,0.0271552493579864,0.209053552257372,7.52488818588992,7.52133997024725,-0.0471530679927556,0.33254300114811,0.332228197827063,-0.0946654477644748,0.179617020268248,0.179209402442612,-0.226937193940602,0.291408915273124,0.291079090507501,-0.113182798581557
"MRT",2019,"EPCV",9909,1.85743416915862,0.603048406694885,39.1178697422821,16,0.0291955151174402,0.207492461731096,6.27555648919131,6.27395584611879,-0.0255059941740132,0.319968365999939,0.319794901315994,-0.0542130730338486,0.171692444438269,0.171469608761751,-0.129787701053008,0.293673181520498,0.293495137624369,-0.0606265424740071
"HRV",2015,"EU-SILC",4315,3.05339121992998,0.63780686412408,143.568433826759,2,0.0256675404364759,0.195929357057617,21.5671134343476,21.5617076134663,-0.0250651108121613,0.319268195936052,0.319097587926514,-0.0534372078740408,0.18448357799749,0.184268004854223,-0.116852212867102,0.368662054718307,0.368505733420832,-0.0424023290369058
"HRV",2014,"EU-SILC",3510,3.00227292557557,0.636316450810575,135.805304843081,3,0.0276512578348441,0.187435620924671,20.4212249186057,20.4205001438747,-0.003549124667801,0.318643827338032,0.318619651835109,-0.0075869986639443,0.183581492515354,0.183551273181042,-0.0164609917360115,0.35924056335443,0.359218142819771,-0.00624109216664781
"ARG",2001,"EPH",3000,2.74595120166185,1.18524566551836,545.492031909047,2,0.00576043273959825,0.186381644431414,18.9630277106201,18.9591068093371,-0.0206765572612233,0.522104955799855,0.522006134477642,-0.0189274821307372,0.517421743645799,0.517221714365071,-0.0386588470979499,0.67467691901251,0.67460966290419,-0.00996863927372749
"PSE",2016,"PECS",3732,2.64264549329745,0.612981889887673,88.3751801741611,4,0.0185723997422007,0.184854968485214,13.8256528120088,13.8165087975951,-0.066138030066365,0.336900405413973,0.336461642834031,-0.130235100015086,0.189898958137412,0.18931579947803,-0.307088919866938,0.316714770820327,0.316267031706063,-0.141369824054782
"PAN",2001,"EH",5635,2.64830101470974,1.15526347549495,452.185023994785,1,0.00337371942132017,0.177696778630341,16.0382233643229,16.0249794120298,-0.0825774276382085,0.56169190728024,0.561329692483788,-0.0644863833282328,0.645162831333749,0.644357799848537,-0.124779582163281,0.784263529286853,0.784085258328102,-0.0227310020284421
"ALB",2019,"HBS",7132,2.62208828498879,0.554881730287809,72.7285106274562,7,0.0304343677197049,0.175490031435708,13.7498308076807,13.7478356876353,-0.0145101425118477,0.301157683322969,0.301056300310032,-0.0336644284875232,0.147458802199246,0.147339737189902,-0.0807445927731076,0.249975720166985,0.249869509652561,-0.0424883322079794
"LSO",1994,"NHECS",4574,0.858437851855326,1.37192770992134,144.636107063244,1,0.00396039603960396,0.15790206388927,4.33102645946094,4.32991584194983,-0.025643286216448,0.632403651663849,0.632309373859954,-0.0149078525475188,0.838744726300682,0.838495278952076,-0.0297405564272601,0.882453795469517,0.882423647690038,-0.00341635784598671
"MKD",2014,"SILC-C",3157,2.40926683322848,0.696797697871002,89.9865240949996,1,0.01897932701715,0.157193778285273,10.8754981894728,10.8754814196408,-0.000154198288027096,0.362093647065424,0.36209266371589,-0.000271573263377345,0.247850445722027,0.247849090005894,-0.000546989588312563,0.47587938683824,0.475878584832997,-0.000168531200450683
"HND",2019,"EPHPM",3913,2.0615877395068,1.03063267495427,173.033594649256,1,0.00854904630962479,0.152732728832563,10.1377258030127,10.13703489989,-0.00681516876818167,0.480974746480324,0.480939377449207,-0.00735361500275866,0.42942270831475,0.429358456749215,-0.0149623120274334,0.593454614186027,0.593426942485432,-0.00466281665578716
"ROU",2021,"EU-SILC",4200,3.16420301807876,0.605603060057857,145.621705116176,2,0.024295941135643,0.151841940977296,24.1006247612362,24.0994100685668,-0.00504008788737575,0.344807870577855,0.344774852398527,-0.00957581950570274,0.240244734206494,0.240202381761587,-0.017628875424669,0.508888450836253,0.508864007374748,-0.00480330443032306
"PAN",1998,"EH",3309,2.58327775516552,1.17575616739477,450.584783202812,1,0.00455599876008707,0.140800115727778,16.9118652552646,16.9085819665494,-0.0194141134979509,0.553679242165433,0.553592584968283,-0.0156511551364868,0.614149150990695,0.613961750547181,-0.0305138325456533,0.7758369124612,0.775793396584642,-0.00560889484114702
"ALB",2016,"HBS",7352,2.44384474022648,0.613074967094092,72.4625329590618,1,0.0226816884975546,0.137379416679491,12.5320074038415,12.5312267311751,-0.00622943030000878,0.337362987293197,0.337321720341052,-0.0122322109120887,0.18758058235868,0.187528811543848,-0.0275992398474534,0.309005294475535,0.308963096107311,-0.0136561958575365
"MKD",2019,"SILC-C",4177,2.67642802788111,0.615137846580514,92.0048752619427,5,0.0148775720317834,0.136277373398806,13.6867035747662,13.6817397862195,-0.0362672320592727,0.329540633138358,0.32929742964005,-0.0738007619854431,0.212953306439094,0.212635708948705,-0.149139497150497,0.425738322324287,0.425531855822026,-0.0484961046338994
"XKX",2009,"HBS",2329,1.89181380245003,0.579979434574398,37.7789513966452,1,0.0210469833653281,0.13185053600488,7.25417593575992,7.25256259552193,-0.0222401586655319,0.317817156950048,0.317665451472651,-0.0477335707276261,0.166060877611064,0.165877332839229,-0.110528605217375,0.277474316537726,0.277317149401226,-0.0566420483383623
"TUR",2012,"HICES",6495,2.88966854676616,0.836212514579046,221.031691237839,2,0.00768489755389874,0.12533894192835,18.9879178661105,18.9811046697962,-0.035881745235955,0.40168936923672,0.401474630249133,-0.0534589670608709,0.274759514210511,0.274425900107441,-0.121420400683536,0.414240766940865,0.414031130526837,-0.0506073836180287
"XKX",2003,"HBS",2363,1.82419710887326,0.558438870691776,33.0993525228533,3,0.016650179264103,0.11361465014385,6.27299464379557,6.2713787044078,-0.0257602545440716,0.289538549727521,0.289355506372544,-0.0632189928247762,0.134372025523396,0.134153118036727,-0.162911503206342,0.226762448107623,0.226566773490678,-0.0862905734959285
"EST",2022,"EU-SILC",5686,3.65647895339914,0.583785581160109,223.148104528256,1,0.0225143825565899,0.106606079276135,48.5822358873451,48.5806846883621,-0.00319293452550884,0.317608926950915,0.317587145143961,-0.00685805879681034,0.173615977143081,0.173590893565024,-0.014447736014378,0.67397860584579,0.673968351911763,-0.00152140348939067
"HRV",2012,"EU-SILC",3866,3.05511984737489,0.625392828288807,138.559291603722,2,0.0121980186831036,0.0997624678006191,21.8154206010279,21.8105584873523,-0.022287508293295,0.321156275723022,0.321004961077781,-0.0471155810049195,0.185625739466598,0.18543176758553,-0.104496219988082,0.349420871679948,0.349277458407685,-0.041043132762475
"MKD",2011,"SILC-C",1874,2.42027045418978,0.768240836499506,112.729705169935,1,0.00518232398133783,0.0923826683667415,10.766157914715,10.7620538692979,-0.0381198701485785,0.383619469465948,0.383384436168651,-0.0612673015850218,0.296786030497124,0.296432334293424,-0.119175489192536,0.552813701433552,0.55264357814521,-0.0307740723323069
"TGO",2015,"QUIBB",2335,1.0322489325517,0.814660252749348,32.3375693086369,1,0.00630834791478932,0.0834765917936578,2.72894915885854,2.72871109148812,-0.00872377448474237,0.430561394071136,0.430511718701019,-0.0115373488661974,0.324720743946528,0.324640465509888,-0.0247223000489405,0.487747682305918,0.487703136668856,-0.00913292644501018
"ARG",2002,"EPH",2529,2.3506486567287,1.19884329416186,382.67212008929,2,0.00235976052663627,0.0775014759307746,13.1512478964958,13.1500856309091,-0.00883768290229625,0.53273860365771,0.532697306717867,-0.00775182041617972,0.530724950377353,0.530639397612315,-0.0161199817302116,0.657392667214676,0.657362396644594,-0.00460464066481814
"MLI",2009,"ELIM",9035,1.05461690321031,0.620518000293136,18.4704268443893,7,0.00966256729657252,0.0726633746893064,2.76238892565566,2.76216639806404,-0.00805562133395776,0.330379557974491,0.330325614843942,-0.0163276235612519,0.177840347455821,0.17776955665902,-0.0398058133678214,0.29291176750653,0.292855438859704,-0.0192305851368646
"MKD",2017,"SILC-C",3813,2.60333882095599,0.634512657951124,90.6382939980978,2,0.00828845825424747,0.0718095617487005,12.8035509225736,12.8018692659282,-0.0131342988796579,0.345322008681819,0.345236019748156,-0.0249010869568744,0.239046008302182,0.238931314106575,-0.047979966878442,0.473441774566993,0.473373194227798,-0.0144854854131737
"STP",2010,"IOF",3080,1.30928418033568,0.578241482856489,20.9892127863363,2,0.00872332847079943,0.0619926649177693,3.82733492800434,3.82679321906193,-0.0141536853346058,0.308212690769575,0.308114774283299,-0.031769128659731,0.154429741552781,0.154310642549578,-0.0771218043915556,0.258520003960935,0.258417014133292,-0.0398382431013422
"PAN",2005,"EH",6000,2.69163332947578,1.147234402141,460.971646099878,1,0.00222032542992637,0.0619145797288284,17.703017410736,17.70229173259,-0.00409917772340451,0.535971919636536,0.535952898431273,-0.00354891824850823,0.548110906145808,0.548071434461919,-0.0072014045782276,0.687510344481186,0.687497539962665,-0.00186244739790453
"HRV",2013,"EU-SILC",3368,3.00393281535801,0.651148600054672,142.220492233751,1,0.00659012999162378,0.0476201703174102,20.737719498593,20.7372166765608,-0.00242467370763499,0.323324231433124,0.323307825453777,-0.00507415706937353,0.188183436844265,0.188162633747175,-0.0110546908055009,0.366905921693562,0.366890766966739,-0.00413041216473786
"MKD",2020,"SILC-C",4478,2.78027862982894,0.617231936058604,102.716671726964,3,0.00589138668119603,0.042319632838761,14.9494578673375,14.9491827479741,-0.00184033003599593,0.335043280975636,0.335031043827338,-0.00365240820902057,0.22301966592903,0.223003807120643,-0.00711094616760999,0.44635517705724,0.446345095987932,-0.00225853083511973
"XKX",2011,"HBS",2241,1.94336045468143,0.531509915509005,34.3942775829336,1,0.00446499034831572,0.0253552726688834,7.25564124289761,7.25533725645105,-0.00418965652221326,0.278317483997675,0.278287248582991,-0.010863641855885,0.126813263409975,0.126779430128899,-0.0266796076106912,0.22196060199784,0.221928945649385,-0.0142621475025972
"ARG",1997,"EPH",2612,2.92913787694256,1.08178914449534,480.345343304486,2,0.00078536103563493,0.0233287671472564,22.5406029477768,22.5391169481643,-0.00659254597543679,0.483453908835817,0.483419853380982,-0.0070441988807457,0.424622595429099,0.424559076169295,-0.014958991934888,0.585757557645423,0.585730262118783,-0.00465986759941028
"MKD",2016,"SILC-C",3689,2.5329365677148,0.667333965945409,93.2177790232696,1,0.00181590564285679,0.0150197943437157,12.086890841203,12.0867681619655,-0.00101497762394764,0.355472454311127,0.355465912618672,-0.00184028111765988,0.251695466423327,0.25168658714176,-0.00352778764493022,0.508999371357903,0.508994426120054,-0.000971560698748153
"UZB",2022,"HBS",13491,2.49156113340675,0.567283577768252,66.2484366406893,1,0.00158666646866065,0.0113520831785806,13.6335824491298,13.6330858952401,-0.00364213801844482,0.311848274809148,0.311823211038569,-0.00803716826537348,0.179678141170704,0.179647857784198,-0.0168542407602557,0.351136283158213,0.351113090871397,-0.00660492461992401
"NGA",1992,"NCS",8928,1.03824562234188,0.916424095923729,44.1466881264607,0,0,0,2.86072079228732,2.86072079228732,0,0.449774204082965,0.449774204082965,0,0.381068370253059,0.381068370253059,0,0.586369034436753,0.586369034436753,0
"BLZ",1995,"HBS",785,1.8787702567938,1.28170767946314,306.094321662536,0,0,0,12.9961951387716,12.9961951387716,0,0.575542832831873,0.575542832831873,0,0.648751644636865,0.648751644636865,0,0.747969030501219,0.747969030501219,0
"ECU",1998,"EPED",1281,1.90378626293231,1.1524622480265,212.974620709518,0,0,0,7.873126241866,7.873126241866,0,0.49139904736094,0.49139904736094,0,0.429631722799589,0.429631722799589,0,0.586684384826074,0.586684384826074,0
"SUR",1999,"EHS",264,2.37434881726837,1.10705113452053,297.526179915515,0,0,0,14.6463579101253,14.6463579101253,0,0.528091725918693,0.528091725918693,0,0.543350685634701,0.543350685634701,0,0.882047557209557,0.882047557209557,0
"MRT",2000,"EPCV",5860,1.53871892642476,0.736447229541567,42.4386971673261,0,0,0,4.87654082330205,4.87654082330205,0,0.390284735300539,0.390284735300539,0,0.254650258247003,0.254650258247003,0,0.387035515412785,0.387035515412785,0
"STP",2000,"IOF",2309,1.40690049142306,0.610727471680443,25.5103156706182,0,0,0,4.15734424633726,4.15734424633726,0,0.32125893515349,0.32125893515349,0,0.167712212981261,0.167712212981261,0,0.276946219934797,0.276946219934797,0
"XKX",2005,"HBS",2358,1.80838520733565,0.586533531841711,35.4451277281946,0,0,0,6.45704483024251,6.45704483024251,0,0.31238229877251,0.31238229877251,0,0.159608702654029,0.159608702654029,0,0.269559466358583,0.269559466358583,0
"XKX",2006,"HBS",2364,1.80358613111806,0.572665326344921,33.8379214558745,0,0,0,6.34252414036129,6.34252414036129,0,0.303216334975506,0.303216334975506,0,0.149236228696235,0.149236228696235,0,0.250323053006989,0.250323053006989,0
"MKD",2012,"SILC-C",3485,2.35508696347612,0.737665359966873,96.3592161753011,0,0,0,10.8481777569063,10.8481777569063,0,0.391300696989822,0.391300696989822,0,0.31053280347346,0.31053280347346,0,0.561212287620152,0.561212287620152,0
"MNE",2014,"SILC-C",2450,2.80909271237035,0.784556927848672,174.646424019095,0,0,0,15.4373981974623,15.4373981974623,0,0.390217286428767,0.390217286428767,0,0.28278853405448,0.28278853405448,0,0.48130267052661,0.48130267052661,0
"ALB",2015,"HBS",7333,2.42764587901621,0.596172614570013,67.7729889654083,0,0,0,12.2452650779479,12.2452650779479,0,0.3275373178971,0.3275373178971,0,0.175495470154224,0.175495470154224,0,0.290795124696373,0.290795124696373,0
"MNE",2015,"SILC-C",2992,2.81001429822762,0.748685713691174,156.972626917132,0,0,0,16.0160310109559,16.0160310109559,0,0.386925239461304,0.386925239461304,0,0.272164243827265,0.272164243827265,0,0.444920497389624,0.444920497389624,0
"ALB",2017,"HBS",7516,2.45175721660932,0.604296875358649,71.1398631385064,0,0,0,12.4112189461429,12.4112189461429,0,0.330556627337539,0.330556627337539,0,0.179908465023675,0.179908465023675,0,0.300032536958209,0.300032536958209,0
"EST",2017,"EU-SILC",5998,3.30253482062508,0.54604117135512,139.86229545916,0,0,0,34.8270678645939,34.8270678645939,0,0.310548289487733,0.310548289487733,0,0.168379267925545,0.168379267925545,0,0.356286761669461,0.356286761669461,0
"ALB",2018,"HBS",7559,2.60380641475615,0.569093947154669,74.5215433614559,0,0,0,13.3165070732861,13.3165070732861,0,0.301482817249276,0.301482817249276,0,0.152404414073574,0.152404414073574,0,0.268700767775489,0.268700767775489,0
"EST",2018,"EU-SILC",5941,3.36520766959845,0.543215059266645,147.65121652414,0,0,0,36.7649256948887,36.7649256948887,0,0.303216580505534,0.303216580505534,0,0.162207107970764,0.162207107970764,0,0.735719764203067,0.735719764203067,0
"HND",2018,"EPHPM",5673,2.03179240260034,1.02426894119917,164.77801858356,0,0,0,10.0316045616685,10.0316045616685,0,0.489333469728332,0.489333469728332,0,0.449338556255134,0.449338556255134,0,0.614888389501374,0.614888389501374,0
"SYC",2018,"HBS",1932,3.14775815895475,0.604169531429885,142.631838328422,0,0,0,22.251561371927,22.251561371927,0,0.321253197202711,0.321253197202711,0,0.184473598886353,0.184473598886353,0,0.339283848500568,0.339283848500568,0
"EST",2019,"EU-SILC",6163,3.43447370613489,0.551485466673316,162.216215048057,0,0,0,39.0051507686571,39.0051507686571,0,0.302150802058914,0.302150802058914,0,0.157070830131258,0.157070830131258,0,0.314703572928812,0.314703572928812,0
"ALB",2020,"HBS",5797,2.68286762640304,0.54672901930327,75.4186569689989,0,0,0,13.9521897843073,13.9521897843073,0,0.294196297916014,0.294196297916014,0,0.142736285686247,0.142736285686247,0,0.249398406461423,0.249398406461423,0
"EST",2020,"EU-SILC",6340,3.51013824571836,0.538899211629833,168.483172882671,0,0,0,41.0824843936213,41.0824843936213,0,0.306395847274631,0.306395847274631,0,0.171614335193653,0.171614335193653,0,0.995082480265299,0.995082480265299,0
