Country,Year,Survey,Valid records,LIS ceiling (PPP/day),Welfare share above ceiling (%),mean_ppp_day original,mean_ppp_day LIS-capped,mean_ppp_day change (%),gini original,gini LIS-capped,gini change (%),mld original,mld LIS-capped,mld change (%),atkinson_2 original,atkinson_2 LIS-capped,atkinson_2 change (%)
AGO,2000,HBS,10034,316.17351319330055,0.8015753547016705,7.3882604578743605,7.360229107661424,-0.37940392562989533,0.5195689245995974,0.5177394899901144,-0.3521062409367115,0.5125764603511331,0.5088345103989373,-0.730027662533006,0.668264009482556,0.6670007043815134,-0.18904281588063565
AGO,2008,IBEP-MICS,9000,174.6913023428673,0.14558610015617857,6.526025244935403,6.52294032109049,-0.04727109885618308,0.4271551495708017,0.4268842412166505,-0.06342153534223405,0.3116315018406357,0.31117158347118345,-0.147584042927551,0.44684030454294144,0.4465788096571882,-0.05852088164264302
AGO,2018,IDREA,11971,257.5047336760748,3.6968155662577042,5.482073309770681,5.347478494041966,-2.4551808799934682,0.5127211121137939,0.50046177990928,-2.391033237147655,0.47788964770152265,0.45330110288281245,-5.145234875242066,0.5977707640335052,0.5876473071841734,-1.6935349566149727
ALB,1996,EWS,1503,74.17494950742157,0.0,7.93315755093481,7.93315755093481,0.0,0.2701034200412623,0.2701034200412623,0.0,0.11910432674727511,0.11910432674727511,0.0,0.2120694998283984,0.2120694998283984,0.0
ALB,2002,LSMS,3599,82.64827021400262,0.6765943856207781,8.108228792920997,8.098454591918859,-0.12054668475403041,0.3173897985728147,0.3165664042809885,-0.25942682957319496,0.16481159991969063,0.16370980890450126,-0.6685154538432103,0.2673525580197763,0.26647320970565114,-0.32890963177547583
ALB,2005,LSMS,3638,91.91232892789695,0.3863102996345399,9.165974567859603,9.1635187345328,-0.026792931931252095,0.3059565575022565,0.3057706491653738,-0.060762984915374574,0.1544127567547977,0.15417056207043345,-0.15684888311970901,0.25650336990015865,0.2563054831240459,-0.0771478270206738
ALB,2008,LSMS,3598,87.51892342714747,1.3375929284124357,10.038169347242974,9.972640965689939,-0.6527921505033452,0.2998467047305624,0.29524938108279664,-1.5332246695513474,0.14889338157804444,0.14281837239980888,-4.080106928763161,0.2403659430581574,0.23539614744001836,-2.067595581515713
ALB,2012,LSMS,6670,92.6460673409611,0.35446086244859704,9.517231457620452,9.513863605585515,-0.035386887982435944,0.289604845787069,0.2893534525927304,-0.08680558975296959,0.1384170682166168,0.13809705661683758,-0.23119374214632948,0.23933609428827318,0.2390687113519101,-0.11171860105689824
ALB,2014,HBS,6565,183.35060073451805,0.0,10.141309872518642,10.141309872518642,0.0,0.34598896452901007,0.34598896452901007,0.0,0.198661566096626,0.198661566096626,0.0,0.32419187874666555,0.32419187874666555,0.0
ALB,2015,HBS,7333,175.45173443749476,0.0,12.245265077947879,12.245265077947879,0.0,0.3275373178971016,0.3275373178971016,0.0,0.17549547015422373,0.17549547015422373,0.0,0.2907951246963726,0.2907951246963726,0.0
ALB,2016,HBS,7352,203.0076774356069,0.0,12.532007403841535,12.532007403841535,0.0,0.33736298729319636,0.33736298729319636,0.0,0.18758058235868003,0.18758058235868003,0.0,0.30900529447553515,0.30900529447553515,0.0
ALB,2017,HBS,7516,192.38917607244747,0.0,12.411218946142851,12.411218946142851,0.0,0.33055662733754054,0.33055662733754054,0.0,0.1799084650236753,0.1799084650236753,0.0,0.3000325369582091,0.3000325369582091,0.0
ALB,2017,SILC-C,4479,256.75492470371444,0.0,9.944761258067858,9.944761258067858,0.0,0.3856564270622733,0.3856564270622733,0.0,0.2737398434133045,0.2737398434133045,0.0,0.4666060567717186,0.4666060567717186,0.0
ALB,2018,HBS,7559,154.22549652006106,0.0,13.316507073286058,13.316507073286058,0.0,0.3014828172492744,0.3014828172492744,0.0,0.1524044140735734,0.1524044140735734,0.0,0.2687007677754888,0.2687007677754888,0.0
ALB,2018,SILC-C,4978,230.6467857287527,0.0,10.411014377627422,10.411014377627422,0.0,0.3709512670429479,0.3709512670429479,0.0,0.25417492956405185,0.25417492956405185,0.0,0.44399699104346846,0.44399699104346846,0.0
ALB,2019,HBS,7132,146.912259486561,0.0,13.749830807680677,13.749830807680677,0.0,0.3011576833229681,0.3011576833229681,0.0,0.147458802199246,0.147458802199246,0.0,0.24997572016698444,0.24997572016698444,0.0
ALB,2019,SILC-C,5017,199.4376337980706,0.0,10.89724167534974,10.89724167534974,0.0,0.3598875186741023,0.3598875186741023,0.0,0.2330512865662162,0.2330512865662162,0.0,0.4057163001752391,0.4057163001752391,0.0
ALB,2020,HBS,5797,145.17077893275993,0.0,13.952189784307285,13.952189784307285,0.0,0.29419629791601487,0.29419629791601487,0.0,0.1427362856862473,0.1427362856862473,0.0,0.24939840646142297,0.24939840646142297,0.0
ARG,1986,EPH,1211,846.6045165739923,0.0,35.55950571946168,35.55950571946168,0.0,0.4217147358088861,0.4217147358088861,0.0,0.3065271098287692,0.3065271098287692,0.0,0.4496509922525591,0.4496509922525591,0.0
ARG,1987,EPH,1384,920.0194802532981,0.6484772526605269,32.400891650199476,32.34747686975383,-0.16485589662875721,0.44841712252947596,0.44750658533933074,-0.2030558478697153,0.35325710215338546,0.351657141844989,-0.4529166713544974,0.5016057209119218,0.5007831112083874,-0.16399527940768044
ARG,1991,EPH,758,546.0625761743363,3.8755194176283925,22.915131376067528,22.635992369485304,-1.2181427284931656,0.4651880276204303,0.4586005470682477,-1.416089873567783,0.3744632837625943,0.36258889601034516,-3.171041933119767,0.4981846026404614,0.4919995842730144,-1.241511346329327
ARG,1992,EPH,2379,718.2953970131747,0.2641922031838773,23.194978836630003,23.192809914929633,-0.009350824226428411,0.45016466516327014,0.4501132539152368,-0.011420542750650853,0.3546666455298384,0.3545760983767523,-0.025530213857816175,0.5101452841289668,0.5100994969632455,-0.008975318824988587
ARG,1993,EPH,2482,746.9299499654252,0.0,23.244326417658755,23.244326417658755,0.0,0.4439823599676408,0.4439823599676408,0.0,0.35151763217075915,0.35151763217075915,0.0,0.5163910603421326,0.5163910603421326,0.0
ARG,1994,EPH,2508,755.5268231398961,0.0,23.039816505206158,23.039816505206158,0.0,0.4528650426550608,0.4528650426550608,0.0,0.3598918723054023,0.3598918723054023,0.0,0.5082287508121353,0.5082287508121353,0.0
ARG,1995,EPH,2584,729.3646277821728,0.0,21.964350697477105,21.964350697477105,0.0,0.48123903598362916,0.48123903598362916,0.0,0.41558978186203266,0.41558978186203266,0.0,0.5689733295844848,0.5689733295844848,0.0
ARG,1996,EPH,2486,878.1978650738107,0.0,21.599650016762215,21.599650016762215,0.0,0.4855580292581325,0.4855580292581325,0.0,0.4292496677916726,0.4292496677916726,0.0,0.6066245217751284,0.6066245217751284,0.0
ARG,1997,EPH,2612,999.0356586597579,0.0,22.540602947776758,22.540602947776758,0.0,0.48345390883581674,0.48345390883581674,0.0,0.42462259542909875,0.42462259542909875,0.0,0.5857575576454226,0.5857575576454226,0.0
ARG,1998,EPH,3296,1135.6802223133577,0.016167870847914767,21.820542111934657,21.81971727358816,-0.003780100156380861,0.5014705617683483,0.5014517162338656,-0.0037580539954618075,0.45836006282394104,0.4583228949780249,-0.008108875299284168,0.6046942571075874,0.604679315260582,-0.0024709755103047293
ARG,1999,EPH,3070,924.5268857037661,0.0,20.848982146286563,20.848982146286563,0.0,0.49073176685748887,0.49073176685748887,0.0,0.4393562876641006,0.4393562876641006,0.0,0.6057172590931115,0.6057172590931115,0.0
ARG,2000,EPH,3003,1171.9905480439775,0.016170557349750043,20.379815599940567,20.379336912108947,-0.00234883298758648,0.503949086167437,0.5039374345427139,-0.00231206386577254,0.4720847362147995,0.47206162483473246,-0.004895599940879514,0.6381157296131461,0.6381072301514137,-0.0013319624228014249
ARG,2001,EPH,3000,1305.8498160466186,0.0,18.963027710620104,18.963027710620104,0.0,0.5221049557998546,0.5221049557998546,0.0,0.5174217436457988,0.5174217436457988,0.0,0.6746769190125099,0.6746769190125099,0.0
ARG,2002,EPH,2529,871.296528433411,0.0,13.151247896495851,13.151247896495851,0.0,0.53273860365771,0.53273860365771,0.0,0.5307249503773539,0.5307249503773539,0.0,0.6573926672146757,0.6573926672146757,0.0
ARG,2003,EPHC-S2,23455,1249.7231943875647,1.7148477390319061,18.455873487917483,18.22444029534192,-1.2539812473632006,0.5082150932335382,0.5019707533414801,-1.228680528224424,0.48381948227181315,0.47128981251758306,-2.5897406395038125,0.6427552874403302,0.6382187117313098,-0.7058013831494847
ARG,2004,EPHC-S2,23943,1168.870022964406,0.0,19.870227949515197,19.870227949515197,0.0,0.48360625645501487,0.48360625645501487,0.0,0.43398774045000055,0.43398774045000055,0.0,0.6009580851849587,0.6009580851849587,0.0
ARG,2005,EPHC-S2,23983,1138.5498188647343,0.0,21.853264605210615,21.853264605210615,0.0,0.4769332088991298,0.4769332088991298,0.0,0.4189934404978328,0.4189934404978328,0.0,0.5831624569321445,0.5831624569321445,0.0
ARG,2006,EPHC-S2,32418,1124.3485800317208,0.9669997235202528,24.206741964877576,24.04027419606309,-0.687691755693598,0.46366990441338785,0.45995633281196024,-0.8009084838330849,0.40035029136554945,0.39351437815634815,-1.7074830109114592,0.5827641738959901,0.579875143333042,-0.4957460826107152
ARG,2007,EPHC-S2,15375,1170.067310062294,0.0,24.99015556418407,24.99015556418407,0.0,0.4616055068453253,0.4616055068453253,0.0,0.39054171303800844,0.39054171303800844,0.0,0.5627284919867123,0.5627284919867123,0.0
ARG,2008,EPHC-S2,31488,1093.5316493441774,0.6720801847994603,25.565615107127655,25.539746133748327,-0.10118658702686911,0.4488719511329089,0.44831377780361936,-0.12435023571438775,0.3712306492363071,0.37023774730388803,-0.267462272972796,0.5527387099393275,0.5522857603679554,-0.08194641757980348
ARG,2009,EPHC-S2,30857,1042.4346927530082,0.037155692332021116,26.45758154727253,26.452643821104566,-0.018662802415025936,0.43660196458217715,0.43649679996931035,-0.02408706817603745,0.3516646398793024,0.3514812693065519,-0.05214359135268243,0.5367681953471921,0.5366817400154993,-0.016106642018332007
ARG,2010,EPHC-S2,30843,958.9515901139414,0.150567544312103,27.253284405625543,27.249385131070845,-0.014307539952485016,0.436056160524926,0.4359754660850047,-0.018505515396038952,0.34280742608860226,0.3426680548001544,-0.04065585452395215,0.5139836809569722,0.513914157012602,-0.013526488669979297
ARG,2011,EPHC-S2,30077,980.4096788439208,0.0,28.985126012284525,28.985126012284525,0.0,0.4267272927161949,0.4267272927161949,0.0,0.3261438022862899,0.3261438022862899,0.0,0.4988275594385958,0.4988275594385958,0.0
ARG,2012,EPHC-S2,29011,905.1570372365488,0.0,28.71966780568032,28.71966780568032,0.0,0.4138206115150658,0.4138206115150658,0.0,0.30915714658779336,0.30915714658779336,0.0,0.49321477415754145,0.49321477415754145,0.0
ARG,2013,EPHC-S2,29413,916.6726246214052,0.00809982993421659,28.75679574822829,28.756755582184258,-0.00013967496372835342,0.41002941646943614,0.41002859243057443,-0.00020097066908419947,0.3023177282769711,0.3023163749635893,-0.0004476460542024441,0.4821653194338742,0.4821645965097042,-0.00014993284270792273
ARG,2014,EPHC-S2,32626,893.5447306485721,0.014565487904460642,26.81736424982402,26.8162258492048,-0.004245013076664694,0.41747033453386484,0.41744560515511064,-0.005923625395276577,0.30940413257320554,0.3093627486788604,-0.013375352811539898,0.47734201126003295,0.4773198308194685,-0.0046466558654478796
ARG,2016,EPHC-S2,32117,915.5439072312719,0.2448475174508844,27.82327050618846,27.800025704330082,-0.08354446273024507,0.4227682716827412,0.4222856577816141,-0.11415565770964697,0.31980766554994977,0.31899177131981693,-0.2551202857285495,0.49383044914896,0.4934073429385315,-0.08567843703394251
ARG,2017,EPHC-S2,32248,867.751748084004,0.0,29.13213173069684,29.13213173069684,0.0,0.41360975227211616,0.41360975227211616,0.0,0.3062297126666267,0.3062297126666267,0.0,0.48091440693628296,0.48091440693628296,0.0
ARG,2018,EPHC-S2,31751,815.6812818314756,0.0,26.24787238523331,26.24787238523331,0.0,0.41662056935654146,0.41662056935654146,0.0,0.3137720867878686,0.3137720867878686,0.0,0.4996991900089931,0.4996991900089931,0.0
ARG,2019,EPHC-S2,32258,911.6704994091698,0.036993594206204225,25.56658330655284,25.562672569191037,-0.015296284665466953,0.4324715193936465,0.4323846958366404,-0.02007613290414545,0.337807832152051,0.33765760293266167,-0.04447179878342977,0.5141573908924639,0.5140830760441277,-0.014453715856777016
ARG,2020,EPHC-S2,24594,835.8730104598486,0.053777029355362764,22.316374390282522,22.31472866808509,-0.007374505233925799,0.4264238267615461,0.42638152610741087,-0.009919861762064386,0.32430627362858777,0.32423435207443774,-0.022177046822224877,0.4911254272254041,0.491087909209853,-0.007639192245256776
ARG,2021,EPHC-S2,28897,734.1322170506727,1.106920109681268,24.22353923658118,24.11002028731611,-0.4686307321006056,0.4239917201959693,0.4212805166847231,-0.6394472774121862,0.3213971021953572,0.31681342177123506,-1.4261735382218976,0.4971346044431505,0.49476765094129893,-0.4761192402815806
ARG,2022,EPHC-S2,28913,619.5572142971573,0.0,22.877868207370376,22.877868207370376,0.0,0.4068990780901244,0.4068990780901244,0.0,0.28873435901491895,0.28873435901491895,0.0,0.4509310887631648,0.4509310887631648,0.0
ARM,1999,ILCS,3599,57.8576929664366,1.329043091495469,5.100736097454051,5.0709822786045535,-0.5833240199262457,0.362197243288364,0.3584578579978107,-1.0324168280806512,0.21843002295060976,0.21294583800473332,-2.510728549031238,0.3232921009876243,0.31933261205776076,-1.2247403873363094
ARM,2001,ILCS,4037,47.59888963108146,0.6405583098626526,4.8466773078017,4.838768587352612,-0.1631781929520626,0.35364358953705266,0.3525875047315916,-0.29862970422949164,0.2063373832419868,0.2048229825955361,-0.7339439042292395,0.31494287837361845,0.31382762399919384,-0.35411322211311713
ARM,2002,ILCS,4633,46.13478120140963,1.9163125352114012,5.084001243864039,5.058796900758561,-0.4957580043061016,0.34779674319560017,0.3445506800215723,-0.9333219006603222,0.20000215033989543,0.19544120115797603,-2.2804500722458543,0.2999439040764432,0.29647363103009194,-1.1569740205378043
ARM,2003,ILCS,4640,41.244648349472605,3.4011291605679723,5.225257114025325,5.161202347026213,-1.2258682319608694,0.330280868350473,0.3219818744441041,-2.5127080317478567,0.18209466044894773,0.1707548720878258,-6.2274139907035675,0.2691134945569591,0.26009154751127084,-3.352469210264264
ARM,2004,ILCS,6816,59.57910332419867,4.525535041382767,6.478400020614336,6.358680139204531,-1.847985320894896,0.3750563252377245,0.3633080476622844,-3.1324035311212417,0.23738343730654998,0.2198078287448375,-7.403889993814461,0.33720946913024863,0.3247678263320015,-3.689588797828647
ARM,2005,ILCS,5187,59.84460315602307,4.304552410638208,7.138377748394326,7.014176408610408,-1.7399098809509739,0.35992353479145844,0.3486102760345674,-3.143239511538476,0.21776298853929155,0.20147189702551804,-7.481111286656528,0.31122142226742866,0.2990761866855062,-3.9024420277490535
ARM,2006,ILCS,5184,58.61893506710474,0.8874585088599838,6.890281740359958,6.880026688830899,-0.14883355885130234,0.29709984741391104,0.29605275905616646,-0.3524365181802991,0.14587266386038,0.1445318139739502,-0.91919202059213,0.23944798869710437,0.23832305218567285,-0.46980411802687305
ARM,2007,ILCS,7870,75.77269124565784,0.250616586825661,7.675123709361484,7.67227934067398,-0.03705958099456952,0.31226058266956014,0.31200569197229566,-0.08162756089333811,0.1601372165639079,0.15980107693817436,-0.20990724888700907,0.2629459401499572,0.26267444170362986,-0.10325257205816563
ARM,2008,ILCS,7872,72.88216691225574,0.9262797863085475,7.844795084520756,7.820294408186345,-0.31231760766773364,0.2918814177744715,0.28966451537597826,-0.7595215945559786,0.13979462212330218,0.13693116985029397,-2.0483279181387815,0.23307642992910194,0.23068722333140368,-1.0250743064946666
ARM,2009,ILCS,7869,57.002514403552226,0.33887809594844137,6.972357534308191,6.966067248637588,-0.0902174858310345,0.28015877422731816,0.27950899541764795,-0.2319323431730136,0.127763979828871,0.1269534624740436,-0.6343864334165339,0.21568324899654112,0.21498086900019753,-0.32565347546060774
ARM,2010,ILCS,7869,58.071752605885166,1.8127692308041656,7.118401438339341,7.062404131832821,-0.7866556416012416,0.2999258234894062,0.2943793469219964,-1.8492827669457812,0.14875529768469953,0.14144398376059053,-4.91499397863866,0.23606273947987932,0.23003477242563175,-2.5535444803907126
ARM,2011,ILCS,7871,64.49602846973724,0.5128141021152673,7.266699733909671,7.258544325639245,-0.112229878336223,0.2935294583056609,0.2927359301525355,-0.2703402097036123,0.14157705975040424,0.1405524345478213,-0.7237226174843125,0.23268126674237544,0.23182440669571192,-0.3682548486433346
ARM,2012,ILCS,5184,63.47851722244989,0.6478309999562631,7.527843453000415,7.520617486246784,-0.09598986480983118,0.2960226137675809,0.29534654040260344,-0.22838571566300425,0.1451348542897848,0.14427216541583987,-0.5944050298368864,0.23592913593327547,0.23520090059391152,-0.3086669802282893
ARM,2013,ILCS,5182,71.88520665777122,1.549073943916756,7.810947098098553,7.756670853238261,-0.6948740553306854,0.3057966322595166,0.3009426576247449,-1.5873211548818822,0.1565596738229611,0.15006871125107746,-4.145999038822524,0.25670272188718746,0.25152169793637347,-2.0182972399844235
ARM,2014,ILCS,5184,76.9756244141352,0.6796417446118574,8.011235231931138,8.001924850718883,-0.11621655016628152,0.3148329062094607,0.31403601747457877,-0.25311481715057926,0.1651664333856857,0.16410427177059095,-0.64308563993416,0.2641979561172447,0.2633466284773367,-0.3222309712079041
ARM,2015,ILCS,5184,82.34849391510386,0.9127471964450212,8.588196245485504,8.57620876593422,-0.1395808759910966,0.323567717982322,0.3226229564401444,-0.2919826328994901,0.17637984616364588,0.17511313848398702,-0.71817030528738,0.2778914899421643,0.27688852157985566,-0.3609208624982929
ARM,2016,ILCS,5183,120.84196469592497,3.287887028508201,9.04117165788907,8.956963665890903,-0.9313836213328486,0.3254794832457276,0.3191469601183903,-1.9455982491395574,0.18075644763493814,0.17192886113262462,-4.883691075928875,0.2869408164701093,0.28025325601424034,-2.3306410493069696
ARM,2017,ILCS,7772,74.70213970570099,4.249374283602743,8.79643569281281,8.635774030776675,-1.8264404771060283,0.33621837306687863,0.3238950992679681,-3.6652588871040837,0.1908065466692499,0.1737474251486275,-8.940532606668473,0.2819353154897377,0.26863688301677136,-4.716838133550683
ARM,2018,ILCS,5177,72.33189387140142,2.864522656294066,8.794251527380645,8.708139938687626,-0.9791804160355522,0.344334976912233,0.3378603905922968,-1.8803161903551135,0.20019827492776088,0.1911503073976044,-4.519503244181955,0.2965179585690052,0.28959682156305766,-2.3341375474689396
ARM,2019,ILCS,5165,61.27408479658238,2.282740419225575,7.906313708708448,7.831385823479321,-0.947696840647716,0.3003121219838618,0.29362556204492063,-2.2265368093601356,0.15165227352060584,0.1429078786414173,-5.766082285604767,0.2407463264398907,0.23352390689766145,-3.000012357003723
ARM,2020,ILCS,5183,46.32084808195016,0.7578731599275697,7.473104625738463,7.460502978800467,-0.16862666280080818,0.2513160389759558,0.25005272664514133,-0.5026787530004406,0.10386634224165792,0.10241481997672364,-1.3974904994315973,0.17931580759212273,0.17795206241002226,-0.7605270279363752
ARM,2021,ILCS,5183,53.39327730905974,1.3985282944106268,7.7791516829805705,7.74591581246306,-0.42724286492864527,0.2794013046689009,0.2763117435082618,-1.1057790744035012,0.1297548128274204,0.12590311849988978,-2.9684404328443326,0.2145408812174593,0.21119973805021797,-1.5573456901459837
ARM,2022,ILCS,5184,59.84733110195396,0.7325146646608159,7.712300271498193,7.697973713342567,-0.18576245285172321,0.27945294591817804,0.27811277611145635,-0.47956903882991897,0.1287444726319853,0.1270801566860824,-1.2927280774688632,0.2169754177347074,0.215530931276248,-0.6657373787041454
AUT,2004,EU-SILC,4335,490.3483791644406,0.615635430212112,55.16944927390834,55.03246730571139,-0.2482931586227255,0.29459521464257754,0.2928398731131865,-0.5958486228368476,0.1615979359525337,0.15929319890488092,-1.4262168845583179,0.9330785674498224,0.9329120562156784,-0.01784536050368768
AUT,2005,EU-SILC,4995,538.3789316925877,0.23625911064759011,58.21555524268743,58.17531663074248,-0.06912003463198646,0.2978898977320821,0.2974043883222426,-0.16298283813442893,0.15404661006979525,0.15341772172454204,-0.4082454946384595,0.6295425425859196,0.6292870903355916,-0.04057744045043998
AUT,2006,EU-SILC,5705,493.91123163399266,0.0,55.638838301152276,55.638838301152276,0.0,0.28715433327623496,0.28715433327623496,0.0,0.14499560091302177,0.14499560091302177,0.0,0.5307756898901221,0.5307756898901221,0.0
AUT,2007,EU-SILC,6432,491.98709661193664,0.6645385939207101,56.96010878029468,56.82795656829033,-0.23200835608317982,0.29587582955436,0.29423909486713806,-0.5531829651942544,0.15239355306448665,0.1502692678658768,-1.39394689335115,0.31505604325356784,0.3134715435770147,-0.5029262921574573
AUT,2008,EU-SILC,5673,597.2716793424181,0.4293867604883641,59.343989346956164,59.24671274388996,-0.16391989169699528,0.3055729223187573,0.30443312463933925,-0.373003494802171,0.1734003754660618,0.1718852582129773,-0.8737681501624239,0.7097554493152196,0.7092797293637192,-0.06702589630828149
AUT,2009,EU-SILC,5845,535.0957598598752,0.44103109364388565,60.331307197466856,60.2511009435603,-0.13294300692678895,0.30420583154570324,0.3032799069647818,-0.30437436922781114,0.17337666879541924,0.17216589329150844,-0.6983497331694011,0.6057798656837043,0.6052567926113119,-0.08634705476749938
AUT,2010,EU-SILC,6173,604.8976115882575,0.7010001008604431,62.461015489290375,62.3589119402928,-0.16346764169257177,0.3149623238929111,0.31384145823902465,-0.35587293109622387,0.20079222724723067,0.19930244412724507,-0.7419525847239372,0.9309721543550478,0.9308591943117446,-0.012133557676752282
AUT,2011,EU-SILC,6144,620.9578334434387,0.2647875924773539,63.14841116692342,63.115782196721895,-0.05167029478425622,0.3019045683321333,0.30154376786630377,-0.11950811735733646,0.1689550246718725,0.16848485773209143,-0.2782793472370426,0.5385678722613414,0.5383302285229847,-0.04412512342387709
AUT,2012,EU-SILC,6198,651.094132903619,0.6307681775218198,61.91393764775874,61.75317944404708,-0.25964784315003486,0.30796574456101367,0.3061645513629445,-0.5848680347993351,0.18323041507301463,0.18077107774998158,-1.3422102013211257,0.9278629368434539,0.9276751918488843,-0.020234130183960364
AUT,2013,EU-SILC,5947,592.0045212825654,0.06032386685556933,60.50489408704272,60.50143126156996,-0.005723215493569356,0.3046391057521731,0.3045993096658898,-0.013063354484676992,0.18303576818511313,0.18298409702158214,-0.02823009078680716,0.7081027188069806,0.7080860580471475,-0.0023528733036348726
AUT,2014,EU-SILC,5880,610.0904227303048,1.2396070321047783,63.477787765398965,63.19725233851052,-0.44194266492909584,0.30731549685183934,0.3042423741079078,-0.9999895141679649,0.17282736155360245,0.168716644652398,-2.37851047672768,0.477567753434357,0.4752553821662836,-0.48419753039109503
AUT,2015,EU-SILC,6014,601.7218450885522,0.7962822482178971,62.488642150556046,62.26100538417964,-0.36428502611395297,0.30525762503662013,0.30271831356218093,-0.831858491375792,0.17072846957090348,0.16730306502484682,-2.0063464252129903,0.6329106216461329,0.631570623611386,-0.2117199473223641
AUT,2016,EU-SILC,5967,613.1132991112909,1.2321141450616404,62.430365781511966,62.10271892606019,-0.5248196952720829,0.30326597921785803,0.2995916879630143,-1.2115738350605532,0.175995153489914,0.17105569802832932,-2.8065860699213907,0.7996741043295222,0.7986181133942741,-0.13205266114418857
AUT,2017,EU-SILC,6041,650.6457996207619,0.42494472263484157,65.22862864751288,65.14771386621155,-0.12404795713026884,0.30623236142067667,0.3053710626116003,-0.28125662653046835,0.18417345833183596,0.18303633772593075,-0.6174182839399078,0.8235613380460342,0.8233424728127139,-0.02657546234984265
AUT,2018,EU-SILC,6075,639.2944374286085,0.21126817346852664,64.23712660470842,64.19939952591527,-0.05873095636004244,0.29691233712970044,0.2964992379142988,-0.1391317111963608,0.16389380002665233,0.1633554283136971,-0.328488150782813,0.6965258056989244,0.6963478512055188,-0.025548872984981763
AUT,2019,EU-SILC,5944,701.8811918239994,0.4659592642825575,64.96462099192709,64.88161290209078,-0.12777430017890667,0.3074504843486987,0.30656467120198916,-0.28811571026990945,0.18132874080016625,0.18014227071930033,-0.6543199250324427,0.803600876653622,0.8033498738513101,-0.031234759643017362
AUT,2020,EU-SILC,5979,650.1770882734719,0.28085253719468906,66.19117324662571,66.116066802032,-0.1134689731421945,0.3018730628963613,0.301080097196342,-0.26268183467947903,0.1818667962636935,0.18080662654473212,-0.5829374799258158,0.9359983631079816,0.9359256806771552,-0.007765230548595348
AUT,2021,EU-SILC,5970,619.7843189884119,0.2247538639471393,66.40946636449011,66.32538603007771,-0.12660895955846074,0.29728213157616445,0.29639139041555573,-0.2996282204672296,0.178989021413833,0.17780187281863835,-0.6632521848643935,0.8097928108962533,0.8095518892910729,-0.029751018030621523
AUT,2022,EU-SILC,5893,631.5999331408622,1.3070221221628018,66.25034462742761,65.90733091114772,-0.5177538595593556,0.30667617431458116,0.30306994227338957,-1.1759087738887786,0.18501756913447398,0.1801921000358675,-2.608113986785354,0.8438025035576276,0.8429902624125384,-0.09625962730197557
AZE,1995,SLC,1424,71.54702848273132,0.0,5.290797923557904,5.290797923557904,0.0,0.34650285188093366,0.34650285188093366,0.0,0.20780990924448184,0.20780990924448184,0.0,0.36041861669965625,0.36041861669965625,0.0
AZE,2001,HBS,7818,75.64226096654961,0.7214578897428825,6.45935362186042,6.4452324583751395,-0.21861573637167453,0.36454936420290085,0.36315757810693383,-0.3817826150952719,0.21844360896963289,0.21639103740236298,-0.9396345248787963,0.3261247432811897,0.3246524384811592,-0.4514544910690921
AZE,2002,HBS,8156,39.60704173892943,2.376272155881936,8.152217327105788,8.093930287530261,-0.7149838778429674,0.2527766622084795,0.2474067333157084,-2.124376849450682,0.10629661974622229,0.10017095021006117,-5.762807463478925,0.17034704429598446,0.16448886926009987,-3.4389648849473375
AZE,2003,HBS,8520,51.64376379094999,1.609784745399435,8.493119563957283,8.46440089269507,-0.3381404329227622,0.2683287790607989,0.26584902319891834,-0.9241483043899157,0.1182328661720855,0.11526567866133197,-2.509613110820519,0.1907449113942511,0.18803579543023785,-1.420282168583653
AZE,2004,HBS,8423,43.95744929203401,3.517249105258873,8.740161733879434,8.642251982471878,-1.1202281420952365,0.26621592524393456,0.257930479400462,-3.112302855616389,0.11815907366172906,0.10853372092217262,-8.146096987111061,0.18254956348364748,0.17345998800164764,-4.979237040363604
AZE,2005,HBS,8553,49.54792663846952,3.2265900090126323,9.718767616948698,9.621252271899847,-1.0033715064736493,0.2655490770188307,0.2581282182612379,-2.7945338168381406,0.11649475087864802,0.10787059730169535,-7.4030404905852,0.18099882415255408,0.17285015312781316,-4.50205743760681
BDI,1998,EP,6653,31.05712891838893,0.7500918726786344,1.6540420367382411,1.6508044099472552,-0.1957402967442401,0.4231652583958043,0.42203420465338115,-0.2672841685328664,0.32613947321921677,0.32425918777580653,-0.576528018779987,0.5141731866999806,0.5132211544494688,-0.18515789526521997
BDI,2006,QUIBB,7024,19.44339270652188,0.18945231852865738,2.009710670474213,2.008975632454569,-0.03657432039561037,0.3335986357644952,0.3333548438848585,-0.07307939946398223,0.17742762126098266,0.17709322820596518,-0.1884673043807572,0.2630955006862137,0.26282737556178504,-0.10191171028364199
BDI,2013,ECVMB,6680,30.3024075774662,0.9972876517397536,2.2902755179352123,2.2840616934574056,-0.27131340439812135,0.3862481872092902,0.38457905325005937,-0.43214027004000455,0.2467371383461573,0.24416562323308344,-1.042208372160891,0.3597611954588814,0.35802292007465075,-0.4831747854332824
BDI,2020,EICVMB,8357,32.409073453206965,0.5413941478482373,2.3413237458498104,2.3383325702785673,-0.12775574401212575,0.3745650820417903,0.3737652189149483,-0.21354449872419412,0.23236472707103484,0.231159785026402,-0.5185563488147138,0.34680590322454674,0.345972200376536,-0.24039465310685681
BEL,2004,EU-SILC,5119,377.48771123067183,0.5969407028368368,49.046966808793606,48.95459132446325,-0.18834087068110295,0.2810203725484768,0.2796642647136537,-0.4825656668678624,0.1444692599128481,0.1427685854463352,-1.177187775128663,0.6938060765309106,0.693230061579279,-0.08302247142483177
BEL,2005,EU-SILC,4828,407.7728409378809,4.567815770490275,52.89722635411888,50.98467968528887,-3.6155897022398187,0.305364378984057,0.2793145344187291,-8.53074109429376,0.1711935132198037,0.13515326785100612,-21.052342866825658,0.2983287498889048,0.27203716617093143,-8.812956755848756
BEL,2006,EU-SILC,5532,403.9764627465005,2.777395240620487,52.86574953377752,51.72118453079546,-2.165040717432287,0.2929330776194379,0.27728974613402435,-5.34024071727962,0.15732844837128113,0.1360351120163652,-13.53432044576296,0.5526491592638004,0.5427574287217252,-1.7898752538142437
BEL,2007,EU-SILC,6046,402.97328794554176,0.6757132858563372,51.97180501733666,51.90956359816412,-0.11975997206905564,0.28007991618177663,0.27921720591540655,-0.30802289508333747,0.13801058642733688,0.13694507021038982,-0.7720539739232701,0.35757044927426285,0.3568063324324682,-0.21369686542764832
BEL,2008,EU-SILC,6144,424.5918667222762,2.4103814707385864,53.46669283102474,52.87551408635223,-1.1056953654134838,0.2921267084116641,0.2842193999336129,-2.706807782501097,0.15184876073024212,0.14152875220729033,-6.796241519076462,0.3822741696789663,0.37539353965939826,-1.799920205266925
BEL,2009,EU-SILC,5991,430.10133720038846,1.4077812291767364,54.18871472593052,53.838557793555196,-0.646180545425934,0.2834204235087735,0.27876250596053653,-1.6434657356627524,0.14112967314289637,0.13512362343355466,-4.255695896964539,0.28940079587433376,0.2847996618709193,-1.5898829820123916
BEL,2010,EU-SILC,5912,437.0192927753498,1.0589189835028414,54.74118396686258,54.46457122979665,-0.5053101102697743,0.2853113251948297,0.28168347477202216,-1.2715409808321532,0.14572349268175167,0.1410523282079783,-3.205498569798082,0.28739636749436137,0.28379454353049927,-1.2532600865015397
BEL,2011,EU-SILC,5659,408.85655015046706,1.252525616860555,54.348425711109805,53.87689790164561,-0.8676015970924489,0.2834002977492174,0.27712995977968724,-2.2125375376559453,0.1453003098743575,0.13695467610835177,-5.743713673578721,0.3458063492593805,0.340092984773794,-1.6521861145183947
BEL,2012,EU-SILC,5446,422.2679074333034,1.26245820207154,53.01924357778011,52.80970118527937,-0.39521950590135635,0.2803210933338387,0.2774675756139442,-1.0179461295465986,0.14116625541464645,0.13756806343361205,-2.5489037521505775,0.3060582603907809,0.3033217329444162,-0.8941197806164758
BEL,2013,EU-SILC,5811,420.2443865521231,0.8435522074656444,54.542240604638046,54.36937619912602,-0.31693675139800037,0.27440238370840053,0.272096589662854,-0.8402966528150979,0.13550811062736878,0.13261822776919896,-2.1326272241494526,0.49213980237387633,0.4905322523463367,-0.3266449939195115
BEL,2014,EU-SILC,5689,429.97630349384565,0.41153076755421397,54.42160001297142,54.37502287886216,-0.08558574922118423,0.2762807085403989,0.27566101958504163,-0.2242968604761031,0.13671099907298379,0.13594772187022075,-0.5583144062575096,0.33597515820904,0.33541085910212554,-0.16795858060534297
BEL,2015,EU-SILC,5810,450.70869081336264,0.9009790667185799,55.05038678331574,54.7841375280007,-0.48364647529730576,0.281245226243133,0.27775309314716967,-1.241668398291107,0.13913703582886505,0.1345738570798538,-3.279629123782568,0.31841308341911834,0.3151112936120366,-1.036951676616782
BEL,2016,EU-SILC,5696,428.40062039883355,0.7797705480017875,55.70690571356904,55.44006601783056,-0.479006493576406,0.27713344890231983,0.27365481679766623,-1.2552191438571891,0.13518743311873127,0.13063242826809285,-3.369399614709667,0.3050568535706084,0.30172117249791774,-1.0934620985063703
BEL,2017,EU-SILC,5725,421.9355380151721,1.0956241085076324,55.10826932101308,54.86204720690972,-0.4467970363378426,0.27560162292123747,0.2723522128631952,-1.1790242828036201,0.13496464215710136,0.13085807306520092,-3.0426999444197467,0.342340643065831,0.33940396101135206,-0.8578245422978359
BEL,2018,EU-SILC,5610,409.33597385317216,0.7869368481037475,55.73381292519761,55.59253039930531,-0.25349517371424657,0.27346070279352763,0.27161543832534574,-0.6747823176535661,0.13382901965131833,0.13155389165590803,-1.7000258997173945,0.28117941162603033,0.2793672247470468,-0.6444948684200869
BEL,2019,EU-SILC,6689,386.1049907204102,1.3907587143151512,57.02467064297244,56.67183291937727,-0.6187457456865664,0.271929686914124,0.26739865184984635,-1.6662524477176976,0.13056355010755682,0.12481887981591289,-4.399903561837548,0.32796038631435753,0.3237962854966646,-1.269696277800314
BEL,2020,EU-SILC,6980,396.4447426270711,2.011373605554752,59.014077553151125,58.571771254354516,-0.749492861933232,0.2718578240440076,0.2663656825618177,-2.020225646071838,0.13047903481682832,0.1237074047783846,-5.189822294401559,0.24645928596612166,0.2408157905740953,-2.28982867085078
BEL,2021,EU-SILC,7445,390.2803684510525,1.5653127624225498,58.753532094284374,58.43074832792609,-0.5493861472707695,0.25951125150335774,0.25542504960558365,-1.5745760055113522,0.11948859280083557,0.11454162990623074,-4.140113109249233,0.23294439389286814,0.2287455896520979,-1.8024920757274243
BEL,2022,EU-SILC,6647,400.7741174017939,1.5555898664295325,61.07938602602205,60.79317938157153,-0.46858140376294655,0.26569534084385893,0.2622415180774661,-1.2999184537535902,0.12422946706137727,0.12003415018198371,-3.3770706569326348,0.28161139426007775,0.27825949661105676,-1.1902564020280337
BEN,2003,QUIBB,5349,35.5467198332756,1.6597697116796855,2.7582293885045233,2.7490312627690088,-0.3334793608482878,0.38578199051833983,0.3837282145138712,-0.532366998705458,0.24639289115038243,0.24325487309576643,-1.2735830323532982,0.3555199758235764,0.35336890287634537,-0.6050498125310666
BEN,2011,EMICOV,17966,55.565725215354796,0.07992399325860328,2.9957622525411147,2.99490277813862,-0.028689673279835848,0.43439707071247635,0.4342347623078524,-0.03736406517607094,0.31054270502399495,0.3102680479082678,-0.08844423368629117,0.42131957313363877,0.421153682985014,-0.03937394775916925
BEN,2015,EMICOV,19871,64.72521030106556,0.39114708365277173,3.0038466470482326,3.0025324721787165,-0.04374973239087421,0.4775591411524881,0.47733051225315426,-0.0478744682348875,0.4460352576125708,0.4456160548335456,-0.09398422476039059,0.6381877659088968,0.6380295065731793,-0.02479824029408828
BEN,2018,EHCVM,8012,68.24345994370904,0.44764563389461415,4.658511326484804,4.651286012185659,-0.155099210729992,0.37948644510568486,0.3785227029694309,-0.2539595679064477,0.23662627103430456,0.23514809881121446,-0.6246864376592387,0.3481111366603118,0.34710012413726377,-0.2904280893588851
BEN,2021,EHCVM,8028,62.3470119668115,0.3450077347412505,5.017792312863353,5.0129026123601115,-0.09744724768114832,0.3439580737077136,0.343318299270182,-0.18600361103174867,0.19570664060555631,0.194795886528224,-0.46536697708072783,0.3075375441207856,0.30686416641591785,-0.21895788587141807
BFA,1994,EP-I,7773,32.41328775543659,2.2578045980578545,1.5955776765461172,1.5839838743610466,-0.7266209821991998,0.48072493371388203,0.4769268422857229,-0.7900758129636865,0.38525559094510764,0.37821938253022525,-1.8263741215594598,0.47426853512172185,0.47042321624499084,-0.8107893718363846
BFA,1998,EP-II,8324,26.01470007537948,7.9044190822298575,1.927792198611734,1.8497020948850837,-4.0507531767628,0.4994396989127323,0.47834434365015555,-4.223804256750285,0.42785637973314883,0.38795238805797694,-9.32649215142234,0.5090146189671356,0.48830352363636054,-4.06886061009425
BFA,2003,ECVM,8231,60.53514358825,1.647378244809737,2.8071190475177503,2.7913904066184,-0.5603125707567935,0.4325251137151219,0.4293294188357115,-0.7388460873315239,0.31501923573854285,0.3095965952323443,-1.7213680597902292,0.43659015252436595,0.43341778948582776,-0.7266226735063941
BFA,2009,ECVM,8404,41.81780647046473,1.1555218707621748,2.8374055049993667,2.824887009438872,-0.441195153052254,0.39762236415866836,0.3949542100858723,-0.6710271637868415,0.26323001875458696,0.2590229548614825,-1.5982462460053748,0.3745077983123889,0.3717402331733407,-0.7389873192279128
BFA,2014,EMC,10408,32.763121911932586,1.2030038249889703,3.2779928037220154,3.269015573040143,-0.27386364825692233,0.35301227557897075,0.35123715608565953,-0.502849225398716,0.20151062767529848,0.19899789716201455,-1.246946894201928,0.292127332079563,0.2901932378004478,-0.662072345421072
BFA,2018,EHCVM,7009,67.29033465725095,0.7892763624444971,4.28438108884964,4.267640617746127,-0.39073254120837175,0.4301673163889881,0.4279326964036583,-0.5194769337866445,0.3040674339258522,0.3003076550317989,-1.2364950910758066,0.4053057354793336,0.40297532591161744,-0.5749757192456406
BFA,2021,EHCVM,7174,53.96043826120002,0.25957006686250456,4.136693248360814,4.134698492646339,-0.04822102086649016,0.37391286063015605,0.3736108826452802,-0.08076159358811896,0.22878885498177803,0.2283397097197477,-0.19631431000697308,0.33495446151752684,0.3346346300203482,-0.09548506854621941
BGD,1991,HHES,5722,19.990955536014642,0.6296448200877933,2.7258125889840814,2.7207571173691476,-0.18546658839879715,0.27570805599771886,0.27436292882089286,-0.4878809840932363,0.12443382094884992,0.12277514344457219,-1.332979644625354,0.20681928020457774,0.20535923324853744,-0.705953020722283
BGD,1995,HHES,7418,25.600140746468487,2.3205936540165633,3.309313552870494,3.2908982476103876,-0.5564690370343683,0.32942982879391236,0.3256843156255744,-1.1369684348411235,0.17774657400173632,0.17274870286223676,-2.811796045897763,0.2649672847674942,0.26088804610498684,-1.5395254044614837
BGD,2000,HIES,7439,30.94411515026626,1.1092749240277104,3.4174177019894074,3.4011858916450515,-0.474972969646259,0.3340653083471081,0.33088807102779694,-0.9510826894991165,0.1810651761390949,0.17655701771478616,-2.4897987125064636,0.2711329507882396,0.26766418566181815,-1.279359486309961
BGD,2005,HIES,10053,33.71126670537373,1.150695971734315,3.814517352383025,3.797592923991252,-0.4436846612114631,0.3320129205874569,0.32903795398501445,-0.8960394062913601,0.17858515736807434,0.17449013352463716,-2.2930370607435746,0.26600513157504924,0.2627501318147031,-1.2236605140182433
BGD,2010,HIES,12224,34.92302495258105,1.5775435865054246,4.08285295145556,4.061621672617211,-0.5200108622765653,0.3213031939545091,0.3177586008432669,-1.103192616175508,0.1675858436688482,0.16280352554933675,-2.853652799553519,0.25564087771704835,0.2517714514507844,-1.5136179709673736
BGD,2016,HIES,45694,40.89856420932867,1.72598940687881,4.474710214372871,4.4440664059578925,-0.6848221884078742,0.3238527251854456,0.31919380972711997,-1.4385907840231527,0.1718392434721907,0.16544848727132933,-3.71903185310265,0.26303739162389916,0.2579764242651873,-1.9240486409431212
BGD,2022,HIES,14265,61.05097369587995,0.451918321076299,5.979806601909647,5.974935031082177,-0.08146702981856047,0.33373154875105115,0.3331885374246436,-0.16270901820331085,0.18169520865988198,0.18095098012331734,-0.4096027308886141,0.2803148438683749,0.27973126962615924,-0.20818527986683488
BGR,1995,IHS,2459,126.84700366306453,2.3278231424591156,13.51039894097957,13.436638677450198,-0.5459517801923996,0.3277233799309247,0.32403831085558,-1.1244449743321394,0.18718342581429415,0.18216273484310763,-2.682230517656825,0.31730415966694525,0.3135749709193114,-1.1752725686130727
BGR,2001,IHS,2633,117.95884668086818,0.2822190929283112,10.72304588790425,10.708597702783429,-0.13473956254462793,0.32682161413576594,0.32591353362004327,-0.27785203806790504,0.18899245683180288,0.18773116087165231,-0.667378995592971,0.33050598438853707,0.3296053055092625,-0.2725151500481693
BGR,2003,MTHS,3023,74.40479518804456,1.1413234366625609,10.043354080321231,10.019819966577717,-0.23432524189928028,0.2891790434289694,0.287510720145821,-0.5769170764817755,0.1428752419223147,0.14078090247260722,-1.4658519009516313,0.24778664750246582,0.2460356326160903,-0.7066623258455085
BGR,2007,EU-SILC,3385,151.46604711463337,1.0182298939018595,11.189068022432153,11.151264177594236,-0.33786410773557485,0.35702573320625386,0.35484752928295915,-0.6100971780754971,0.27408538998513476,0.27090262987069824,-1.1612293944632146,0.721666170832201,0.7207235423889818,-0.13061834977412534
BGR,2007,MTHS,4300,115.80898404063986,0.0,13.376852156589257,13.376852156589257,0.0,0.28136341385776564,0.28136341385776564,0.0,0.13822514230967542,0.13822514230967542,0.0,0.2585422781140979,0.2585422781140979,0.0
BGR,2008,EU-SILC,4180,203.30444905686846,0.0,15.836999307179308,15.836999307179308,0.0,0.36095991258017013,0.36095991258017013,0.0,0.23654498587591188,0.23654498587591188,0.0,0.43011171712719987,0.43011171712719987,0.0
BGR,2009,EU-SILC,5364,192.46602679562486,0.0,17.417323127658946,17.417323127658946,0.0,0.3355707553094469,0.3355707553094469,0.0,0.20379994317648098,0.20379994317648098,0.0,0.38386982398099867,0.38386982398099867,0.0
BGR,2010,EU-SILC,5988,222.0049988691367,0.1640782632023135,18.17147933174592,18.152104884952696,-0.10662008546205026,0.33820952682679795,0.337503222340208,-0.20883636638409087,0.20775748166541108,0.2067400604438312,-0.4897158039383731,0.37481344722730914,0.3741471400908758,-0.1777703391813601
BGR,2011,EU-SILC,6261,236.71209340901527,0.6385093243754969,17.401545362623057,17.359273828469462,-0.24291827692723977,0.35650173089433235,0.3549350304858795,-0.43946502153652256,0.23599671471792805,0.23367765290381293,-0.9826669904650753,0.4229823831099375,0.4215792277638336,-0.33172902752766076
BGR,2012,EU-SILC,5568,184.91980799668232,0.7451258055613595,16.15050404691904,16.129350045922703,-0.13098043834967044,0.34165817767190854,0.3407953776001452,-0.25253312466937405,0.22207593437218343,0.22086861636701505,-0.5436509852278726,0.4209313856275759,0.4201746721746421,-0.1797712118343564
BGR,2013,EU-SILC,4797,209.1280067968553,0.5471056899282158,16.969510537616774,16.915461142595376,-0.31850886271342915,0.359381233131975,0.35733469963857556,-0.5694603125388831,0.24157693803375446,0.2385301791695218,-1.2611960765091523,0.4577317546573608,0.45600117814639607,-0.37807656850467053
BGR,2014,EU-SILC,4892,241.847871763577,0.5680028797784885,18.94357378892858,18.923205264116078,-0.10752208131078467,0.36517092587651667,0.3644879144667279,-0.1870388252157129,0.2553832812541117,0.2543819981257478,-0.39207074302080036,0.5010833191906785,0.500547590572151,-0.10691407955721877
BGR,2015,EU-SILC,4872,270.685646141578,0.7282352688284284,20.202259231144264,20.161428798753718,-0.20210824900019908,0.3732820393471169,0.3720134645776233,-0.3398435059217886,0.2565313621034595,0.2546336948945669,-0.7397408228500657,0.4643164096533421,0.4632338270994202,-0.233156212318697
BGR,2016,EU-SILC,6983,283.87077207312655,0.10244390717149539,19.276014559493245,19.270486295574578,-0.028679496488259737,0.3849644453522104,0.38478802001932544,-0.04582899408374086,0.2927108983923321,0.29244051351730915,-0.0923726709555428,0.5675101324441751,0.5673862391012136,-0.021831036289698957
BGR,2017,EU-SILC,7173,371.80881669633794,1.3594979225875323,23.024702134559295,22.991357349191894,-0.14482178823651548,0.40549021568918797,0.4046289010447409,-0.21241317573671425,0.31007852955966,0.3087135638549183,-0.4402000056824451,0.521262390081896,0.5205691962291579,-0.1329836692474995
BGR,2018,EU-SILC,7124,307.5700945141608,3.9217973567213096,22.89724592750444,22.543223099539986,-1.5461371602739193,0.403758764946311,0.3944067690178702,-2.316233538529966,0.29943175197796323,0.2845699382609257,-4.963339264745481,0.4735384076209923,0.4652814705630006,-1.7436678683517282
BGR,2019,EU-SILC,7235,384.25762418839463,3.22852896801552,26.549578768925336,26.116770886862625,-1.6301873782241905,0.4128409894355082,0.4031204044904463,-2.354559066034889,0.307675042022193,0.2918998210840398,-5.12723451160374,0.4699663522127462,0.4611911362439295,-1.8672009022561498
BGR,2020,EU-SILC,6716,410.9211639284065,0.43195130554299527,27.432878177416395,27.388119001198053,-0.16315887793060257,0.4026387966870594,0.40166270420818084,-0.24242385157861035,0.29467455567146583,0.293114639202837,-0.5293692443429032,0.4869674073383691,0.48612991081434254,-0.1719820487790069
BGR,2021,EU-SILC,7481,394.02845327802066,3.0197309166421364,30.879647238550834,30.290016938400957,-1.9094463599110378,0.40523153590848526,0.3936672567602394,-2.8537460990838204,0.2906302733192696,0.27217722407342126,-6.349321092774418,0.4389597150230383,0.42805121440351057,-2.485080121522143
BGR,2022,EU-SILC,7186,474.0809760672461,0.8802988180434251,30.462884952884092,30.400933114493238,-0.20336825775586487,0.39005511788947944,0.38881254736816584,-0.3185628041587951,0.2745752940948374,0.27264014479191534,-0.7047791059648811,0.46832697208542884,0.4672449820370168,-0.23103304163627492
BIH,2001,LSMS,5401,106.50967673349592,3.5323121699118,13.474113198354576,13.234643681501765,-1.777256234436675,0.29966448481651,0.2870136496362298,-4.221666504132626,0.1566987433884286,0.1401041287710343,-10.590138924253644,0.2588532625788549,0.2455060599585992,-5.156281395599449
BIH,2004,LSMS,7412,269.1009389211103,0.0,20.385946503838365,20.385946503838365,0.0,0.3403749010025575,0.3403749010025575,0.0,0.19381773920085754,0.19381773920085754,0.0,0.3242041485382714,0.3242041485382714,0.0
BIH,2007,HBS,7467,301.85907440645195,0.0,22.214685754519838,22.214685754519838,0.0,0.33061586520682484,0.33061586520682484,0.0,0.18279733923901098,0.18279733923901098,0.0,0.3075780306879825,0.3075780306879825,0.0
BIH,2011,HBS,7395,277.4104979224183,0.0,21.1846177722709,21.1846177722709,0.0,0.3303018588628983,0.3303018588628983,0.0,0.1839835637537588,0.1839835637537588,0.0,0.31100480502378725,0.31100480502378725,0.0
BLR,1998,HHS,4933,44.74621680915973,0.940675614821776,3.944827984769394,3.9365542163902756,-0.20973711429402853,0.3201834982755426,0.3187556129232223,-0.4459584457071175,0.17237734102838553,0.1704345289907474,-1.1270692691089823,0.2875030817537374,0.2860115935162395,-0.5187729565888421
BLR,1999,HHS,4828,53.76692987451764,0.0,4.185409299876726,4.185409299876726,0.0,0.31738148570132774,0.31738148570132774,0.0,0.17115992203118946,0.17115992203118946,0.0,0.29576516261607066,0.29576516261607066,0.0
BLR,2000,HHS,4651,53.777478337227926,0.0,4.645981234894956,4.645981234894956,0.0,0.3116748364973413,0.3116748364973413,0.0,0.16527619672396243,0.16527619672396243,0.0,0.2872875863631985,0.2872875863631985,0.0
BLR,2001,HHS,4751,56.044410451780145,0.5112778961648771,5.767390275551809,5.765009928394595,-0.041272517438328826,0.30576723701934605,0.30548077636063475,-0.09368585774713889,0.15833206209113815,0.15795992666463476,-0.2350347880198611,0.27144458527482673,0.2711458979731952,-0.11003619811723597
BLR,2002,HHS,4880,61.33441747311283,0.784037524592176,6.335301533748538,6.3186782862841,-0.2623907855985319,0.3033624417524632,0.30153093615433124,-0.6037351188076245,0.1558543974937152,0.1534437735629537,-1.5467153763555008,0.2670375171602274,0.26511906097182913,-0.7184219688678217
BLR,2003,HHS,4780,58.93233445348008,0.12296941118431795,6.536702400872555,6.5337686058298825,-0.044881881761671405,0.2882101179477927,0.287890548699719,-0.1108806485869529,0.13973795422029234,0.139328366405018,-0.29311135801275423,0.24878573050190467,0.2484503996551337,-0.13478700972698876
BLR,2004,HHS,4819,56.41792396297964,0.0,7.341129821532014,7.341129821532014,0.0,0.26479885073804377,0.26479885073804377,0.0,0.11586594108491721,0.11586594108491721,0.0,0.20825696873138277,0.20825696873138277,0.0
BLR,2005,HHS,4858,80.78089363864018,0.08357700722922941,9.028547758406168,9.028004105477534,-0.006021488097329719,0.27553410655498756,0.2754904855202718,-0.015831446517156067,0.127092790433037,0.12703905522905368,-0.04228029284764068,0.2284561633542862,0.2284101176596094,-0.020155155370182865
BLR,2006,HHS,5222,93.89441122095737,0.388212602750478,10.439299114947216,10.418240508315158,-0.2017243341739916,0.2827544296549258,0.28130485018858364,-0.5126637514083265,0.1335913710975718,0.13169341221997355,-1.4207196632573083,0.23531579069837893,0.23377507144519427,-0.6547453737006159
BLR,2007,HHS,5333,106.81109264267509,0.8355591553684202,11.997122275402214,11.952909013544012,-0.36853222667283525,0.2961237986910107,0.2935213340442445,-0.8788434628591579,0.14677962863294658,0.14336191980442692,-2.328462648632501,0.24934310755001599,0.24657874659958268,-1.1086574550206119
BLR,2008,HHS,5323,107.63113456984946,0.3915259793581349,12.466429878726025,12.442729274096482,-0.19011541283353584,0.2782604458751936,0.2768860501568724,-0.49392421333848135,0.12945242066872398,0.1277001517668399,-1.3536007228232672,0.22559669409770067,0.22412919689264332,-0.6504958820104934
BLR,2009,HHS,5023,94.4615176386565,0.229927286331584,12.590503654667634,12.581377950218782,-0.07248085302344887,0.27689306270056147,0.27636870909535227,-0.1893704378488681,0.12836764654366606,0.1277217646956017,-0.5031500268602773,0.22424316087713458,0.2236857578068937,-0.24857082287842447
BLR,2010,HHS,5518,130.59099953704165,0.0,14.204151616827078,14.204151616827078,0.0,0.2856659975280115,0.2856659975280115,0.0,0.13404698950960237,0.13404698950960237,0.0,0.2322359385882975,0.2322359385882975,0.0
BLR,2011,HHS,5426,118.59619502758164,0.0,14.550511942261002,14.550511942261002,0.0,0.2715255165966861,0.2715255165966861,0.0,0.12191348580201433,0.12191348580201433,0.0,0.21453898116754444,0.21453898116754444,0.0
BLR,2012,HHS,5318,119.01688586100424,0.28768842012567397,16.294647015529435,16.289717685796525,-0.03025122132570557,0.26526199042570187,0.2650397183402111,-0.08379341689098707,0.11644017954692432,0.11617558723070154,-0.2272345484628402,0.20332219769630266,0.20308415752864017,-0.11707534659745056
BLR,2013,HHS,5328,131.70958050867404,1.3198561495703793,18.165651506176932,18.077405987471376,-0.48578229454390165,0.26575052438796465,0.2621680346749302,-1.3480649647954812,0.11843920840453404,0.11393069094359376,-3.806608910742837,0.20357962838687083,0.19971348195751404,-1.8990831548281406
BLR,2014,HHS,5539,136.2633531298737,0.8393277081358483,18.918250252305562,18.89755363728076,-0.10940026032416617,0.27176666794603244,0.2709696710294578,-0.2932651463839253,0.1226964442912788,0.12173421681851826,-0.7842341954720555,0.20990357753509392,0.2090483957431234,-0.4074164919021239
BLR,2015,HHS,5953,120.58162343771819,0.0,16.946398374424803,16.946398374424803,0.0,0.2563322631374043,0.2563322631374043,0.0,0.10814342227624074,0.10814342227624074,0.0,0.1927465871650772,0.1927465871650772,0.0
BLR,2016,HHS,5968,101.70721578910033,0.22120622899340125,16.28043139845368,16.276251733992133,-0.025672934329878938,0.25306616173681407,0.2528743955526994,-0.0757770943371261,0.10539449823847802,0.1051747946081929,-0.20845834835513388,0.18635827369554747,0.18615289580984595,-0.11020593914550236
BLR,2017,HHS,5936,113.97978428333208,0.18479854541341395,16.718976414469424,16.711811083008428,-0.04285747693737463,0.2544457006267933,0.25412611834996657,-0.12559940138090475,0.10608392644299514,0.1057099344221335,-0.35254353171270125,0.18638382407053122,0.18603963019011083,-0.18466939507054692
BLR,2018,HHS,5932,112.59928142843779,0.3349839217208021,18.151939540991332,18.138261276426576,-0.0753542867078627,0.2524052540015912,0.25184172650297265,-0.22326298271706513,0.10461764502563575,0.10396854177502712,-0.6204529364521316,0.18272481456035616,0.18211831612406215,-0.3319190323182286
BLR,2019,HHS,5925,121.50778987330625,0.1197576541618488,19.13246089444791,19.128533298190657,-0.020528442623879428,0.2527784766112504,0.2526250695554082,-0.060688337827963235,0.10488198840830831,0.10470410149146936,-0.16960673566411844,0.1844964225799075,0.18433143773187743,-0.08942441578161375
BLR,2020,HHS,5832,125.24211405485175,0.3133858387670326,19.26502610773054,19.259560099625045,-0.028372700223355807,0.24383355222867364,0.24361899694724976,-0.0879925176264007,0.09736265857712079,0.0971178978177254,-0.2513907929101111,0.1716368152656137,0.17140543176953982,-0.13480994489195597
BLZ,1993,LFS,704,290.6304489442844,20.090199005553615,10.569185313610367,9.16121706799651,-13.321445351145078,0.6010495907851836,0.5399243768918072,-10.16974553023574,0.688425294497802,0.5476199899741743,-20.453243895743768,0.7317102503619082,0.6904809741273271,-5.63464516373644
BLZ,1994,LFS,660,228.8531034160555,19.958915562946736,10.323675579587414,8.909722199847138,-13.696220583839624,0.605752189612845,0.5434170111543823,-10.290541169698953,0.6811658932975613,0.5365361029381723,-21.23268234397765,0.7003588429060736,0.6528134724895656,-6.788715655994714
BLZ,1995,HBS,785,1209.71478587921,0.0,12.996195138771569,12.996195138771569,0.0,0.5755428328318735,0.5755428328318735,0.0,0.6487516446368653,0.6487516446368653,0.0,0.7479690305012188,0.7479690305012188,0.0
BLZ,1996,SLC,602,243.91696642863147,3.9744072082945108,8.270663588179334,8.068039736791441,-2.449910448267878,0.5637636019996235,0.5528134051795797,-1.9423383810526884,0.5931654742478745,0.5687150770898712,-4.122019608273053,0.768650916751932,0.7628410788168197,-0.755848696526995
BLZ,1997,LFS,753,295.79204689622014,18.243989219591548,8.547737420080367,7.324551061647755,-14.310060058221952,0.6022516403585005,0.535916569385902,-11.014510634310836,0.7208824066360704,0.5677713079941007,-21.239400106384643,0.7955624969439166,0.7614227117652621,-4.291276337157601
BLZ,1998,LFS,711,344.88116525118227,0.5545452882025657,7.785662109066488,7.785520508280814,-0.001818737875980414,0.5468510365181729,0.5468427970458614,-0.0015067123880774247,0.5508808308139277,0.550863053174236,-0.0032271298432084983,0.6790543730109571,0.6790485366967394,-0.0008594767149205929
BLZ,1999,LFS,730,280.59995000000094,0.9040401533629313,7.805723653957024,7.796819049958319,-0.11407787917511181,0.5303071498607903,0.5297709732477057,-0.10110680446705489,0.5263560574190165,0.5252442694189736,-0.2112235594845302,0.6682854869465145,0.6679067268626,-0.05667638925469509
BOL,1992,EIH,3554,255.4569129193294,0.2873230256240993,9.439925742366217,9.434911562890456,-0.053116725836710454,0.4862633470664942,0.4859903335377965,-0.05614519999187495,0.40517083775967255,0.4046520439810939,-0.12804321787995843,0.5194058057855127,0.5191504704738497,-0.04915911774934223
BOL,1997,ENE,3799,1002.7036269410825,0.30173548243351433,13.58238389527059,13.57552230947896,-0.05051827311419732,0.579682234292727,0.5794698068922515,-0.036645490910158784,0.6856460058626757,0.6851469307648401,-0.07278903305323325,0.792195610577468,0.7920905816623172,-0.013257952170964149
BOL,1999,ECH,2103,1762.4848302466596,0.0,11.899508732524074,11.899508732524074,0.0,0.5787315269376485,0.5787315269376485,0.0,0.7715823216453752,0.7715823216453752,0.0,0.8715420768198237,0.8715420768198237,0.0
BOL,2000,ECH,3676,1737.933936070418,0.0,11.101870988186848,11.101870988186848,0.0,0.6146686007604476,0.6146686007604476,0.0,0.862818917496964,0.862818917496964,0.0,0.8895486818285003,0.8895486818285003,0.0
BOL,2001,EH,4956,957.6442458578987,0.0,11.488177691214837,11.488177691214837,0.0,0.5730670554853134,0.5730670554853134,0.0,0.688695884565897,0.688695884565897,0.0,0.8155865029188354,0.8155865029188354,0.0
BOL,2002,EH,4747,1076.1861443337307,0.0,11.46489705704832,11.46489705704832,0.0,0.5928420517679642,0.5928420517679642,0.0,0.7518216000316822,0.7518216000316822,0.0,0.8438464293276667,0.8438464293276667,0.0
BOL,2004,ECH,8519,567.8631264379732,1.0159166881632564,13.203605080864923,13.16484581040003,-0.2935506645913355,0.5493583586127043,0.5480320685973722,-0.24142529089417053,0.5667598831216725,0.5638769945085418,-0.5086613747698476,0.7155515729180908,0.714714204892838,-0.11702413312263404
BOL,2005,EH,3686,1233.2758712325917,0.0,14.029438292411383,14.029438292411383,0.0,0.5850908011923015,0.5850908011923015,0.0,0.7028849283783765,0.7028849283783765,0.0,0.8003089069485402,0.8003089069485402,0.0
BOL,2006,EH,3571,1216.1973949100957,0.0,14.964733655872672,14.964733655872672,0.0,0.5659064336272217,0.5659064336272217,0.0,0.6449532313101582,0.6449532313101582,0.0,0.7681555553593923,0.7681555553593923,0.0
BOL,2007,EH,3817,815.4727246933994,0.0,14.893333513476927,14.893333513476927,0.0,0.5449996913606644,0.5449996913606644,0.0,0.5754669916270463,0.5754669916270463,0.0,0.7271497400513319,0.7271497400513319,0.0
BOL,2008,EH,3617,703.6676089041414,0.47157886712378566,15.60553226884763,15.57153410336951,-0.21785969803791438,0.5081477114095344,0.5070739073685866,-0.21131730338196375,0.5032511860594888,0.5011015570209745,-0.42714833030920163,0.6892206274116893,0.6885421323587262,-0.09844381116553835
BOL,2009,EH,3625,601.4406669096146,1.4625341029180212,16.512364643929125,16.474760870927376,-0.2277309992398613,0.49173315336378576,0.49057380403117057,-0.23576798202123994,0.48057417339642194,0.47835164713698797,-0.46247309623953514,0.6814428700568378,0.6807159082733835,-0.10667978423395397
BOL,2011,EH,7647,630.5289254949797,0.14526256321844527,18.126366124291078,18.12276831629799,-0.019848479107276162,0.4606901810252688,0.46058312126912815,-0.023238992396668046,0.41011568945819965,0.4099224489983908,-0.04711852405943073,0.6280919960012485,0.6280181826346644,-0.011751999238029942
BOL,2012,EH,7084,751.2367844601723,0.0,18.564909460165463,18.564909460165463,0.0,0.46535014662362106,0.46535014662362106,0.0,0.4354936253313464,0.4354936253313464,0.0,0.6736849200140047,0.6736849200140047,0.0
BOL,2013,EH,8104,797.692154861773,0.19768032208603942,20.4514256994175,20.447601215871313,-0.018700327314080667,0.4757933305214934,0.475695287923944,-0.020606131120404214,0.442993658592858,0.4428109650810774,-0.0412406607265825,0.6636594416091006,0.663596544444096,-0.009477325426443528
BOL,2014,EH,8360,709.0289168348623,1.900090421721295,20.56985559195943,20.394498630751237,-0.8524948579451408,0.47806540430441014,0.4735797142900319,-0.9383004865003763,0.43686654995862595,0.4284784072394192,-1.9200698062145416,0.6489439356112126,0.6459259268949084,-0.46506463050026703
BOL,2015,EH,8240,706.9192306099537,0.9321626970135105,19.82189610853385,19.78448442034105,-0.1887392002659638,0.4672943607687746,0.4662873086045983,-0.21550702270823896,0.42532515878028443,0.4234813191887219,-0.4335129379249847,0.6598815844945058,0.6592385618848124,-0.09744515149425759
BOL,2016,EH,9019,743.1998662713916,0.0,18.903701667767624,18.903701667767624,0.0,0.45188783300219804,0.45188783300219804,0.0,0.4072340433253139,0.4072340433253139,0.0,0.6627844026832509,0.6627844026832509,0.0
BOL,2017,EH,8658,747.1090682048215,0.0,19.088658577882295,19.088658577882295,0.0,0.4459609416372945,0.4459609416372945,0.0,0.388829670895912,0.388829670895912,0.0,0.6219815233578844,0.6219815233578844,0.0
BOL,2018,EH,9341,567.3821644176293,0.0,18.749852634972967,18.749852634972967,0.0,0.4257097000960657,0.4257097000960657,0.0,0.3443695522826271,0.3443695522826271,0.0,0.574312230589081,0.574312230589081,0.0
BOL,2019,EH,9740,470.8542666571258,0.0,19.61266135076664,19.61266135076664,0.0,0.4162990642480089,0.4162990642480089,0.0,0.3127115316920177,0.3127115316920177,0.0,0.4927045427802045,0.4927045427802045,0.0
BOL,2020,EH,9985,503.82292362164185,0.5134860420987293,19.594825334634393,19.572560055315233,-0.11362836329960047,0.4364400755192146,0.4357991600468306,-0.14685073812745753,0.34713342087151977,0.3460353873814599,-0.31631454191392017,0.5244826228874657,0.523941988598436,-0.10307954266498554
BOL,2021,EH,10735,465.99948456509435,0.04592127740040634,19.54968931511613,19.547226323817544,-0.012598621179527036,0.40913323911358834,0.4090587904304348,-0.018196684120519446,0.30179571696690033,0.3016742059432791,-0.04026267332168931,0.48542526797389196,0.485360473093851,-0.013348064947549254
BRA,1981,PNAD,29306,554.9368894726787,0.07745119366203322,8.560305873068721,8.559793777736509,-0.005982208344013085,0.5735125285289306,0.5734870138584971,-0.004448842730431224,0.6071602780999918,0.6071012686948236,-0.009718917277146133,0.9582605882651773,0.9582580911967569,-0.00026058344161361546
BRA,1982,PNAD,32112,611.1731989830384,0.29354768976136997,8.71939967203757,8.706935604346832,-0.1429463972239864,0.5786516866642045,0.5780485471357201,-0.10423187945090007,0.6169856570937586,0.6155690881026785,-0.22959512507190194,0.7063066680333083,0.705886255336346,-0.059522685540114306
BRA,1983,PNAD,40660,526.5616099910345,0.27877467898154434,7.376210754753546,7.372051397261478,-0.056388810330398886,0.583689934842818,0.5834550566190462,-0.04024023882389649,0.6255627625596272,0.6250047825996106,-0.08919647930025754,0.7189180206170047,0.718759437802005,-0.022058539423397416
BRA,1984,PNAD,46372,466.1928151084682,0.0936022788102379,7.317668687150605,7.3160627181587525,-0.021946456727028885,0.578181429816921,0.5780888366538389,-0.01601455154160991,0.6114667371259626,0.6112500393509657,-0.035439012760596356,0.7198667941688406,0.7198053042124064,-0.008541852038779219
BRA,1985,PNAD,46061,573.2389720585426,0.0,7.7022508965551495,7.7022508965551495,0.0,0.5510408225823635,0.5510408225823635,0.0,0.5597580565200566,0.5597580565200566,0.0,0.7775225245014168,0.7775225245014168,0.0
BRA,1986,PNAD,19327,881.205461187095,0.9427366722996845,13.776883821831367,13.70943152237731,-0.48960490867441253,0.5800741096990172,0.5780082267979927,-0.35614120100903035,0.6206386655167515,0.6157775188000647,-0.783249092713123,0.7083610603636863,0.706926198919142,-0.2025607454773981
BRA,1987,PNAD,26229,833.5486842175733,0.5099083878171434,10.836052233427123,10.820683844648123,-0.14182645531729543,0.5917946609994517,0.5912149562420562,-0.09795707795274833,0.6584491212367205,0.657045365698691,-0.21319119317722013,0.7249126813566611,0.7245219936439009,-0.053894451401925725
BRA,1988,PNAD,30901,942.1981018438483,0.03689351248170841,10.686324792423006,10.68526276815347,-0.009938161998312989,0.6092582245465479,0.6092193883533753,-0.006374340404102785,0.710866407416028,0.7107679437720662,-0.013851216337501526,0.774713586120587,0.7746911950094499,-0.002890243767283973
BRA,1989,PNAD,21594,1154.802004603419,1.4660037871597584,12.422613024280984,12.303368328805378,-0.9599002660916289,0.6276978973413267,0.6240896957498793,-0.5748309189389289,0.7577113484719442,0.7481030656200103,-1.268066377956556,0.7631939780318721,0.7608988580568663,-0.3007256400167635
BRA,1990,PNAD,29845,833.3030978829452,0.523198583075291,9.679135558333451,9.658307885742056,-0.21518112300289438,0.6018196638231702,0.6009610543456646,-0.1426688971993939,0.6856306557060834,0.6834938815837956,-0.31165090191120903,0.7688183650851903,0.7683198410500722,-0.06484288848417341
BRA,1992,PNAD,25983,508.61015102726134,0.12502254060487963,7.739451972284925,7.735358200196804,-0.05289485744961464,0.5261013193202126,0.5258505224807806,-0.04767082503349673,0.526080449322698,0.5255568219867146,-0.09953369996120731,0.9540419499454739,0.9540176277603492,-0.0025493831928624644
BRA,1993,PNAD,26146,618.7421930654692,0.9942282362737952,9.722296188164018,9.68730354629154,-0.35992157814609405,0.5969695418992519,0.5955139096515576,-0.24383693731898637,0.6774444796741883,0.6738788859335871,-0.526330031106903,0.8523676124963449,0.8518343424940503,-0.06256338162975439
BRA,1995,PNAD,12306,959.4814019500764,0.05966950124545489,13.05493971962172,13.05419731852798,-0.005686744708777169,0.5907285223691068,0.590705246990149,-0.003940114295553077,0.652761998465367,0.6527058044406542,-0.008608654432229468,0.7128869235842095,0.7128705959354742,-0.0022903560431664083
BRA,1996,PNAD,14425,1118.172564233058,0.07268945577365256,13.182389344682633,13.180219341977077,-0.01646137622564048,0.5921985453477188,0.5921314052177602,-0.01133743581203106,0.6627314731769571,0.6625684306883863,-0.024601591318607063,0.7203904478527223,0.7203444139047901,-0.006390138579637217
BRA,1997,PNAD,12658,1036.6204200964469,0.26099147366387954,12.997950203567385,12.987299949914984,-0.08193794779639552,0.5923023142594064,0.5919679889658896,-0.05644504258518479,0.6636640302921222,0.6628514480008747,-0.1224388024901435,0.7256305413292488,0.7254055493222713,-0.031006413617229445
BRA,1998,PNAD,12472,943.9958577862699,0.29789203689811955,13.387087055002317,13.37332016166238,-0.10283710924844369,0.5905653146733592,0.5901438492038587,-0.07136644483322074,0.6507751217613451,0.6497573035935673,-0.15640090312964983,0.7103389294985452,0.7100407541494222,-0.04197648991776104
BRA,1999,PNAD,14464,831.7480468750006,0.2479919072233771,12.541862618285876,12.528434282220047,-0.10706811639166203,0.5847437408063032,0.5842986726840674,-0.07611336234605304,0.6362457021501167,0.6351857412310926,-0.1665961617409839,0.7014775470428554,0.7011575932930767,-0.045611402834977444
BRA,2001,PNAD,88748,1075.7668803190645,0.09598874199925438,13.90738178649012,13.906603247529281,-0.005598026809006118,0.5831407972617448,0.5831174602682125,-0.004001948353105078,0.6506384830257201,0.6505831249858058,-0.00850826401427307,0.7399096943144685,0.7398951340510547,-0.00196784330922517
BRA,2002,PNAD,90816,1000.1688227208832,0.2788792264161195,14.118099802873676,14.094124688213173,-0.16981828287985223,0.5802341714263,0.5795201292947244,-0.12306102720912593,0.6337563205275578,0.6320664798075879,-0.2666388744751669,0.7165013358619121,0.7160190903091308,-0.0673056041411546
BRA,2003,PNAD,92629,953.5669673724051,0.13654251216219424,13.42771172104076,13.423383354989069,-0.032234576833434225,0.5747458398277828,0.5746087200567754,-0.023857462117249373,0.6252241343244458,0.6249055621498416,-0.05095327533195526,0.7235169422162281,0.7234277938498432,-0.012321531284642528
BRA,2004,PNAD,96514,847.1937091175562,0.3230564801179154,13.488447747189458,13.473066414196724,-0.11403338086799497,0.5641053909968949,0.563607780433808,-0.08821233957853059,0.5944614411209002,0.5933337585354614,-0.18969818855070208,0.7004534117304401,0.7001114532331314,-0.048819591936011264
BRA,2005,PNAD,98891,828.5104632963679,0.355959654583803,14.170244207725885,14.152536813801452,-0.12496181198329293,0.562474665257885,0.5619272681409042,-0.0973194262411492,0.5881477332197664,0.5869127165988366,-0.2099840824292265,0.6929794842849528,0.6925953648061255,-0.05543013718850576
BRA,2006,PNAD,100293,805.1252598114747,0.33407770162578043,15.221301060908033,15.20555861387914,-0.10342379383930789,0.5557801178722919,0.5553202305485441,-0.08274627122474287,0.571734755897662,0.570713253977273,-0.17866710215739268,0.6805313468432388,0.6802006172748084,-0.04859872656337583
BRA,2007,PNAD,99292,833.5180246872624,0.20323726226409328,15.754469835549541,15.744711094871493,-0.06194267899785055,0.5481429008667125,0.5478628450815939,-0.05109174718412879,0.5622343726217496,0.5616238568771537,-0.10858741021987361,0.7061161622441815,0.7059340217827209,-0.02579468806969132
BRA,2008,PNAD,99951,809.2436402089206,0.3340143232705896,16.590375439397377,16.575947034306136,-0.0869685266855269,0.5395372019483505,0.5391364100778974,-0.07428438094830847,0.5383771042348511,0.537519280042706,-0.15933519189383905,0.6764325464272016,0.6761509195523052,-0.04163414022343437
BRA,2009,PNAD,102201,791.2911048830671,0.44827242156022035,17.097842330690046,17.06016847330719,-0.22034275819254878,0.5360110471331534,0.5349864957358494,-0.1911437092171453,0.5319850751573627,0.5298103514508012,-0.40879412000762727,0.6759316434658941,0.6752160551640507,-0.10586696284466957
BRA,2011,PNAD,92784,775.8950194615626,0.4715345525923407,18.420032593057233,18.39278153354661,-0.14794251515544143,0.5282450166128493,0.5275460983572755,-0.1323094839692618,0.5154140610609153,0.5139573791454803,-0.28262362738736835,0.6535866721827728,0.6530734705710391,-0.07852081959072166
BRA,2012,PNADC-E1,61138,805.5143909649216,0.3617600579225126,19.751886086842504,19.742098294955124,-0.04955370765276079,0.5333386641172616,0.5331073176126826,-0.04337703604555543,0.5195835703865481,0.519098271458923,-0.09340151522961859,0.6394880271114842,0.6393093201307027,-0.027945320819955377
BRA,2013,PNADC-E1,62855,792.1982556972935,0.11988749069679502,20.57920701553942,20.575354499674663,-0.018720429129504,0.5260594102706752,0.5259706733783603,-0.01686822639844765,0.5017528500802451,0.5015699797517144,-0.03644629592067794,0.6239272357518899,0.6238568345190432,-0.011283564623032483
BRA,2014,PNADC-E1,63971,812.9485600220298,0.2011810029649601,21.015045478564915,21.006835692369936,-0.039066230921802614,0.519410499044072,0.5192226855977147,-0.036158962266452654,0.48628532770105304,0.4859029006033162,-0.07864253267619858,0.6114533411884376,0.6113015187522763,-0.024829766383516194
BRA,2015,PNADC-E1,62036,778.6254761253039,0.051220718924523324,20.394478641985913,20.391125050268894,-0.01644362562971402,0.5181897490072788,0.5181105098777219,-0.01529152780591625,0.4868146671164073,0.48665350432360555,-0.033105574603242705,0.6170706773677221,0.6170077094400319,-0.01020432990899156
BRA,2016,PNADC-E1,135445,870.2781228853771,0.3356534561334967,20.382351703372112,20.360285836153487,-0.10825967258221159,0.532661770460521,0.5321553224524005,-0.09507872278550211,0.5219355365755396,0.5208720550353547,-0.20375725844660186,0.6471968373419845,0.6468145258083977,-0.05907191004779211
BRA,2017,PNADC-E1,136300,846.8781678881785,0.5125900496720749,20.350040025086447,20.314245021071482,-0.17589647966705924,0.53219734448262,0.5313731167470275,-0.15487257577240232,0.5261813588401298,0.5244506594575498,-0.3289168940524778,0.658321448778327,0.6577194528258523,-0.09144407395381693
BRA,2018,PNADC-E1,136239,962.4466300749708,0.2722169813576326,21.055177806339344,21.03971148006434,-0.07345616559146784,0.5379438387409181,0.537604203497507,-0.0631358180820496,0.5393515487239582,0.5386294686772595,-0.1338792942019107,0.6667360926515677,0.6664911355572065,-0.036739738115432186
BRA,2019,PNADC-E1,134480,984.2439795238297,0.4909883926224303,21.162451005870626,21.130526897715562,-0.15085260278314694,0.5340431061366633,0.5333392267995252,-0.13180197048699993,0.5346058229207116,0.5331226325074763,-0.27743626231607754,0.6687126134364599,0.668212154641902,-0.07483914382684365
BRA,2020,PNADC-E5,40129,452.5820063349024,1.1543096028777284,21.050559479617867,20.955732814669304,-0.450470995986485,0.48865008124159015,0.4863368634098636,-0.47338942947661167,0.41978192591109575,0.4154063023063146,-1.04235636045652,0.55141252599681,0.5493835699888279,-0.3679560968105178
BRA,2021,PNADC-E5,37869,792.89243928912,0.1831983845605156,19.214118845749034,19.198133660677133,-0.08319499426557853,0.5284869184340151,0.5280943269863183,-0.07428593480801604,0.5158731539665427,0.5150533017591687,-0.15892515457919254,0.6461470969021477,0.6458524907199288,-0.04559429015952299
BRA,2022,PNADC-E1,116520,770.3179364004817,0.723219883578466,21.37948645800804,21.31456190822913,-0.3036768441862625,0.5191397572874996,0.5176751985007135,-0.2821126230898585,0.4883011426491972,0.4853096462587332,-0.6126335019889906,0.6180054730974299,0.616842056835252,-0.1882533914055795
BTN,2003,BLSS,3989,119.56034674806283,0.0,5.986576418050735,5.986576418050735,0.0,0.4089800092143028,0.4089800092143028,0.0,0.2724549624066508,0.2724549624066508,0.0,0.3802806759267855,0.3802806759267855,0.0
BTN,2007,BLSS,9794,131.4175667510905,0.14289045563766453,7.240447599694778,7.2381536257923935,-0.03168276367998546,0.38090772200807654,0.38071152251950946,-0.05150840406510371,0.23959904768018303,0.2392954615827514,-0.12670588650955938,0.3608042629574727,0.3606019191417592,-0.05608132621685025
BTN,2012,BLSS,8964,150.87464149789048,0.7669289203157056,9.905167147460848,9.887522523097442,-0.17813555390561175,0.3880932705060631,0.3870017184066521,-0.2812602491116811,0.24946012573600918,0.24777188507767933,-0.6767577196350905,0.3641869691868884,0.3630544582681313,-0.31096964322628873
BTN,2017,BLSS,11393,222.30879223165638,0.27018852340919003,10.762673255711377,10.749966479895665,-0.11806337992253946,0.3744140955659243,0.3736746749838564,-0.19748737850007192,0.2323089376897518,0.23116164972507924,-0.4938630325987514,0.3571134287776506,0.35635396529594976,-0.2126672985388378
BTN,2022,BLSS,13338,145.9809698683126,0.2252682087218184,15.759624656126475,15.751422527995665,-0.0520451997416127,0.28459921822374223,0.2842267827908632,-0.1308631257680437,0.13443090724334006,0.1339590913285904,-0.3509727966765852,0.2319685551379419,0.23157133899434412,-0.17123706416224405
BWA,2002,HIES,6043,993.3892422938941,0.0,9.558292399434867,9.558292399434867,0.0,0.647313079987636,0.647313079987636,0.0,0.7958857001429891,0.7958857001429891,0.0,0.7471492286824672,0.7471492286824672,0.0
BWA,2009,CWIS,7730,574.2537470173609,2.4789330559964053,11.00972755591698,10.870302587150132,-1.266379826918751,0.604590467966049,0.5995211933237754,-0.8384642019460764,0.6686280355441969,0.6560437067890639,-1.8821120393030855,0.688463485374751,0.6844678593048243,-0.5803686259049368
BWA,2015,BMTHS,7055,458.37118798187413,2.073444133383954,8.82108724566786,8.72438262968495,-1.0962890774082634,0.533250267707009,0.528077593356112,-0.9700275206873554,0.4970533150131158,0.4861396584392035,-2.1956712176085857,0.5799792355783728,0.5753237828662673,-0.8026929977006825
CAF,2008,ECASEB,6894,113.49041424331517,5.465743904644766,3.038541222947998,2.960684796802632,-2.5622961952061263,0.5623660815101582,0.5508655623436036,-2.0450236144526124,0.5706369586184659,0.5450615169369293,-4.4819111863093735,0.6318983263875644,0.6222193477887845,-1.5317303741113952
CAF,2021,EHCVM,6410,51.400934207598375,0.44479511757146006,2.2406651998896736,2.235701576764683,-0.22152453321607757,0.430464248782386,0.42919989220055343,-0.2937193008267003,0.3144016886098554,0.31223930592837423,-0.6877770571278585,0.4453317891745602,0.4441008366920136,-0.2764124440404747
CHE,2007,EU-SILC,6582,1018.1197985685816,0.581313879188011,71.86779777339027,71.6504495900133,-0.30242777726722236,0.33918807722387145,0.3371841332967912,-0.5908061225152084,0.19878295082567732,0.1958986834843568,-1.450963138106287,0.35860103067086635,0.3566583610045525,-0.5417356616849389
CHE,2008,EU-SILC,6755,933.5073511146177,1.1016698367097049,73.74802793712652,73.51369734504806,-0.31774489248477256,0.34255534731948256,0.3404605837469219,-0.6115109832476207,0.20332138059400862,0.20032164690859755,-1.4753655895151097,0.34825275220653173,0.3461799818128922,-0.5951913891581451
CHE,2009,EU-SILC,7337,968.3226321132302,0.9791147067456878,74.26698336037913,74.0380684348845,-0.3082324273006032,0.3379469993567803,0.33590098023212334,-0.6054260367901465,0.19689695165050214,0.19399157542390455,-1.4755821267130265,0.35003748842844096,0.34803258545362137,-0.572768072305907
CHE,2010,EU-SILC,7488,908.3005487531083,1.0333561855133448,73.9532861491692,73.68230602617214,-0.3664206651351143,0.32855856289379226,0.326089775703712,-0.7513994364768073,0.18511722231031413,0.1816196670380048,-1.8893732461295998,0.3203441660869021,0.31784899430458513,-0.7789034564906205
CHE,2011,EU-SILC,7475,870.6410613898304,1.1718517618870115,74.23219824754563,73.99581978832077,-0.318431172463185,0.3255303038625804,0.3233768232521148,-0.6615299973346533,0.1837906526303943,0.18080416707196,-1.62493876358345,0.3363695609970524,0.33425564594730495,-0.6284501616262372
CHE,2012,EU-SILC,7509,849.7248147695041,0.2907789856314588,75.28656188937833,75.2651247222988,-0.02847409490027708,0.3171361852683213,0.31694172432774415,-0.06131780276433796,0.17026036167786351,0.16999803684243808,-0.15407275823937638,0.2916844708009497,0.2914836244547958,-0.0688574011507681
CHE,2013,EU-SILC,7320,837.3789145362932,0.839877483748545,77.14793119244658,76.89308647387146,-0.3303325372904675,0.3156712652385617,0.3134043177783359,-0.7181355130669309,0.1674008671013505,0.1643160527711096,-1.8427708193251013,0.27846722337270124,0.2760841239549987,-0.8557917117997693
CHE,2014,EU-SILC,6751,893.2280464076734,0.7444703873271681,76.78760512129803,76.73875735167658,-0.06361413348454636,0.3246218724169969,0.3241922949885465,-0.13233163411077165,0.17642929042076805,0.17584512605314817,-0.3311039602475807,0.30013477531764954,0.29969137819054525,-0.1477326733081874
CHE,2015,EU-SILC,7436,878.6410694872258,0.74056380372354,77.71382402574349,77.51330481758075,-0.2580225727874641,0.3252565867811765,0.3235117816083529,-0.5364396122122028,0.17831152269665385,0.17589833191863846,-1.3533566095561556,0.298911066540412,0.2971032128440809,-0.6048132366777592
CHE,2016,EU-SILC,7746,896.056391304997,1.263887708181925,77.35655215382386,77.15104836246265,-0.2656578992204395,0.32306957197018626,0.3212684588763093,-0.5575000712364164,0.17684215610007836,0.17438371804713704,-1.390187785060737,0.3019817473500295,0.30012999119936623,-0.6132013497215927
CHE,2017,EU-SILC,8098,923.7532642629694,1.744281648911498,78.75465529150435,78.26020751993671,-0.6278330718831437,0.3304245095369549,0.32619866977226897,-1.278912321185821,0.18790155455230195,0.18201492859595536,-3.132824510351806,0.34218552499205057,0.3380415232071625,-1.2110394748533926
CHE,2018,EU-SILC,6670,873.0339379000675,0.2287498307845762,78.50205102763292,78.43735555441388,-0.08241246231421862,0.32676333999047225,0.32620811500562574,-0.1699165472059061,0.1816719557563058,0.18090035345875943,-0.42472284416940065,0.30451706157104863,0.3039451524131408,-0.18780857629364656
CHE,2019,EU-SILC,7319,919.2442521051331,1.637716646946951,77.1028851276444,76.69353551975401,-0.5309134764707069,0.3314105104061834,0.3278453944968809,-1.0757401462412997,0.19057279997497645,0.18559174892257158,-2.6137261209673746,0.33973378892930506,0.336219549113455,-1.0344098615935327
CHE,2020,EU-SILC,8129,957.3885525570976,2.2881807034616823,79.27157120268541,78.63633942992426,-0.8013361702355448,0.3399834153482082,0.33465823291301156,-1.5663065299060586,0.19957744294017932,0.19202546315422886,-3.7839846400948507,0.32841127385152746,0.3230006468163308,-1.6475156201984698
CHE,2021,EU-SILC,8566,948.1939836087003,1.2558345824153685,80.13957186369602,79.84715301578241,-0.36488696047810576,0.3373792680203008,0.3349544089623707,-0.7187338665350929,0.19638587833554233,0.1929729276349441,-1.7378798972331855,0.33661909261112966,0.3341970319612465,-0.7195256309127984
CHL,1987,CASEN,17899,412.6358311745778,0.5452167712551824,9.797318144978842,9.793476531041115,-0.03921087261716805,0.5609433060366864,0.5607711111366117,-0.030697380327315837,0.5696692316478849,0.5692858772375491,-0.06729421022561022,0.9341601073134569,0.9341342816537619,-0.00276458601612406
CHL,1990,CASEN,20919,445.2020722657652,1.983042767672206,11.702753670156039,11.640774418572816,-0.5296125453044476,0.5712991742923343,0.569017386381419,-0.3994033272920139,0.5873285391872713,0.5821172972561286,-0.8872788539024401,0.6876897025825237,0.6860270570461294,-0.24177263817539707
CHL,1992,CASEN,29349,387.87782020280173,1.2256111432168109,12.464208950778247,12.412555811121928,-0.4144116956021793,0.547207112707369,0.5453236475446721,-0.34419603089189676,0.5260326406441662,0.5219831691582941,-0.7698137288426055,0.6138277818941914,0.6122211764868883,-0.2617355314784353
CHL,1994,CASEN,31425,550.3510713904298,2.927559517968602,14.008215316419701,13.71915349635589,-2.063516397588405,0.5626647715998147,0.553452357014257,-1.6372829881217132,0.567004636875255,0.5463603405099402,-3.6409396013205364,0.6520395841751159,0.644708417295812,-1.1243438369740177
CHL,1996,CASEN,27877,588.6387143661777,0.8197928163367243,15.1296419065038,15.076716853632856,-0.3498103471186065,0.5481171792198571,0.5465310944630224,-0.2893696488572517,0.5336593238439984,0.5302121144759777,-0.6459569268255416,0.6388174304848058,0.6375496750263663,-0.19845348575998623
CHL,1998,CASEN,41015,624.0868218840772,1.011531343638942,16.23212729245404,16.188173659495362,-0.2707817168185467,0.554413385490895,0.5532037722543734,-0.21817893798695698,0.5500693167177388,0.5474075437794133,-0.48389773023668203,0.6559105219175838,0.6549763838391087,-0.14241852314612613
CHL,2000,CASEN,32734,425.3852609204016,1.0951948064626071,14.01968219655973,13.919627823062722,-0.7136707672415032,0.5255478979246525,0.522137695005611,-0.6488852743028906,0.49101680945453907,0.4839192944205766,-1.445472924205382,0.6276281107763069,0.6249516593341538,-0.42643906418446953
CHL,2003,CASEN,33534,405.2880433443097,1.6538743917749013,13.806668291468219,13.665187951480586,-1.0247246982464264,0.5126108606582573,0.5075656499541059,-0.9842184571885015,0.46745128461648777,0.4573103387523143,-2.169412342613075,0.6167973522132946,0.6128303980182186,-0.643153570754007
CHL,2006,CASEN,45413,357.1205510881374,0.8307592382430917,15.909033173169828,15.85718720581246,-0.3258901203676223,0.4765144836585905,0.4748030754626871,-0.35915134892932077,0.3908507719709764,0.3876555376985915,-0.8175074738299704,0.5318940241136964,0.5303639692103088,-0.28766160814404085
CHL,2009,CASEN,39115,342.7110773687746,1.723138723747724,17.18373638677314,17.14401907150127,-0.23113317370513364,0.4732938263582631,0.472074964909599,-0.25752743449932725,0.38374653280513993,0.38153862294131624,-0.5753563029440634,0.5095583068691163,0.5084232859783377,-0.22274602836964696
CHL,2011,CASEN,41091,352.42726661486427,0.8288914373220255,18.39822651128657,18.35824026987522,-0.21733747753794885,0.4684295467381573,0.4672721179713005,-0.247087053947892,0.37233605314051044,0.3702490220522714,-0.5605235030655131,0.4923952510994487,0.4912906124667257,-0.22433982258287521
CHL,2013,CASEN,49778,415.8490989609938,1.5043788759757093,22.49390063033082,22.370477509721425,-0.548695944904154,0.4679110148694595,0.46497658356224847,-0.6271344794115841,0.3698421978315669,0.3645374320732748,-1.4343322069235498,0.4852060770196299,0.48236790879998515,-0.5849407816732599
CHL,2015,CASEN,63478,413.8594606426888,1.651865947473331,23.600682604763968,23.48102053278428,-0.5070280126369342,0.45305788804593083,0.4502720693211427,-0.6148924449375648,0.3463366529870924,0.3414573534801004,-1.408831397112853,0.4679204684281387,0.46521148540231994,-0.5789409116722211
CHL,2017,CASEN,52238,439.77480691380526,1.8161064567980714,25.78919622453901,25.593465785719417,-0.7589629281790078,0.4521121344865142,0.44792393585503654,-0.926362800731817,0.3446189716801151,0.3372702551192228,-2.1324178773632907,0.4657116229565106,0.46162873750104894,-0.8766982085484543
CHL,2020,CASEN,49484,543.9010265901284,1.7847042695913897,25.97050222384042,25.657115729549744,-1.2067017094609445,0.4676360853489949,0.461134459933107,-1.3903173043277484,0.3813435098271496,0.3693985148190535,-3.1323451691915194,0.5715364067200016,0.5663039678436694,-0.9155040369800194
CHL,2022,CASEN,51504,482.79363397771016,0.8128420991299012,28.719894381859163,28.62813829668842,-0.31948615113536194,0.4296000649441285,0.4277722885204098,-0.4254599970687556,0.31158328247604317,0.30850710384384916,-0.9872733247267562,0.45734623374088434,0.4556085198955353,-0.37995586650737545
CIV,1985,EPAM,1583,210.09171152923392,0.0,8.97897179616381,8.97897179616381,0.0,0.45526268071108245,0.45526268071108245,0.0,0.3667627466127532,0.3667627466127532,0.0,0.5431906602056472,0.5431906602056472,0.0
CIV,1986,EPAM,1599,118.18732353962791,0.0,7.443239925895175,7.443239925895175,0.0,0.3796976142515309,0.3796976142515309,0.0,0.23675150748612972,0.23675150748612972,0.0,0.3549400774627425,0.3549400774627425,0.0
CIV,1987,EPAM,1600,111.12973624781274,0.0,6.802781909711235,6.802781909711235,0.0,0.4051009913398833,0.4051009913398833,0.0,0.2744581609243961,0.2744581609243961,0.0,0.40108648537505553,0.40108648537505553,0.0
CIV,1988,EPAM,1600,91.26497899133139,0.0,5.37535650962792,5.37535650962792,0.0,0.3688628589841204,0.3688628589841204,0.0,0.22671372727844674,0.22671372727844674,0.0,0.350363274287669,0.350363274287669,0.0
CIV,1992,EP,9497,91.57360593481773,0.13216650401379182,4.333913461154365,4.332205817529668,-0.039401885616852095,0.39385764317040406,0.3936187344661084,-0.060658643659305955,0.26586182236924905,0.2654832638207967,-0.14238920995831572,0.4168237486647238,0.4165940863216223,-0.055098190503111155
CIV,1995,ENV,1000,73.35322784798143,0.0,4.503448140158909,4.503448140158909,0.0,0.40563820494730785,0.40563820494730785,0.0,0.27166684289908716,0.27166684289908716,0.0,0.3859378470459882,0.3859378470459882,0.0
CIV,1998,ENV,4177,65.40666756593669,0.05623605068234282,3.912407119575273,3.912134162935457,-0.006976693157789704,0.3895996270881773,0.3895570404116866,-0.010930882251858343,0.253794018888855,0.2537281524570172,-0.025952712410715062,0.38467290632049245,0.38463005663808725,-0.011139251478631262
CIV,2002,ENV,10782,60.39319419988786,0.6698046964952995,4.16055934231649,4.151127392983824,-0.2266990699239635,0.41340041687622187,0.41206786237307347,-0.32233990309384897,0.2893349789942805,0.28717066880532194,-0.7480292208296602,0.4200310764658576,0.4187150978954878,-0.31330504910314083
CIV,2008,ENV,12593,97.90570160803222,0.0,3.9919024093737603,3.9919024093737603,0.0,0.4318373323797666,0.4318373323797666,0.0,0.32512563034266173,0.32512563034266173,0.0,0.47724463215988044,0.47724463215988044,0.0
CIV,2015,ENV,12861,80.42142313409299,0.27618567239652425,3.9296451152270797,3.927895926419164,-0.04451264062339533,0.41474799981982835,0.41448739727328576,-0.06283394896559047,0.2962058469500852,0.29577916120267567,-0.1440504135225451,0.4453139103814474,0.44506713539632015,-0.055415961499127864
CIV,2018,EHCVM,12986,90.41667849102568,0.0,5.659880512086369,5.659880512086369,0.0,0.37168873914089706,0.37168873914089706,0.0,0.22667497745212728,0.22667497745212728,0.0,0.3439619428882915,0.3439619428882915,0.0
CIV,2021,EHCVM,12959,72.49711505341735,0.05897078777902393,5.5384184301337,5.537924299525583,-0.008921872089484584,0.3527536237994725,0.35269587514253775,-0.01637081890548675,0.2027055976876473,0.20262260618778338,-0.040941888537182614,0.312746038044473,0.31268492283726335,-0.01954148087431884
CMR,1996,ECAM-I,1728,53.54637963961704,1.4256501089606803,3.305144445102895,3.2989830592270777,-0.1864180515603886,0.4444675820801862,0.4434306421659254,-0.2332993352198498,0.32514404667772434,0.32337669737120445,-0.543558870161831,0.42328997347349784,0.42221464448748103,-0.2540407411951495
CMR,2001,ECAM-II,10991,82.2635258466704,2.1315421040282776,4.677999302848955,4.641826613635269,-0.7732512741431163,0.4213679406781423,0.41686254913153276,-1.0692297898503345,0.2979018299320877,0.29046175656834206,-2.497491662082685,0.41124226304700917,0.40665914415521676,-1.1144571712631834
CMR,2007,ECAM-III,11390,119.95005165670823,0.1711672205956028,4.419945449369417,4.418149614545479,-0.04063024859716213,0.4282006289110485,0.4279682287076324,-0.0542736716681369,0.30311993520224223,0.30272653744817957,-0.12978287086271578,0.4170292778538972,0.41679246126616587,-0.05678656159348039
CMR,2014,ECAM-IV,10302,240.67639991654192,0.0,5.75293259348689,5.75293259348689,0.0,0.4664087376215802,0.4664087376215802,0.0,0.3788630664070256,0.3788630664070256,0.0,0.5124290468961341,0.5124290468961341,0.0
CMR,2021,ECAM-V,10543,172.33695608578773,0.0,5.37337800814683,5.37337800814683,0.0,0.42176072459604075,0.42176072459604075,0.0,0.3030511466479384,0.3030511466479384,0.0,0.4410124221669106,0.4410124221669106,0.0
COD,2004,E123,11901,22.758567075133023,0.13897300924316316,1.0041999362957488,1.003706893700929,-0.04909805079638119,0.4216363213400559,0.4213522313232999,-0.06737797537297308,0.3008180907528005,0.3003435915408786,-0.15773626204943492,0.4348420995470458,0.4345646661375544,-0.06380095436490096
COD,2012,E123,21232,45.639260296195964,0.4489796528086871,2.0309377824916206,2.029415650424927,-0.07494725243755163,0.4209970922924836,0.42056289624668863,-0.10313516500330966,0.3026011248078795,0.30188038282334606,-0.23818218950475423,0.44059784862324813,0.44017863401748947,-0.09514676639220676
COD,2020,EGI-ODD,8992,33.30796030034612,2.422247891852998,1.7477412123165985,1.739655096215375,-0.46266095027338583,0.4474962745995834,0.44492990235204877,-0.573495779340516,0.34157066060764685,0.33712261068915794,-1.3022341879644794,0.4610552332098874,0.4585524997126452,-0.5428272616749275
COG,2005,ECOM,5002,100.91871110972619,0.37395044451367254,3.3899315368969334,3.386998717179949,-0.08651560319324902,0.4733054184677563,0.47284940708344914,-0.09634611532304271,0.3799083099429832,0.3790670595342014,-0.2214351165174766,0.4915451729253524,0.4911050781989127,-0.08953291593131185
COG,2011,ECOM,10393,191.92162832089656,0.08936072013862645,4.591497236738713,4.590864074223285,-0.013789892115390057,0.48938670585410593,0.48931628561397444,-0.01438948775868143,0.42227253649903607,0.4221376583770635,-0.03194101209867961,0.544178338889948,0.5441154867755721,-0.01154991110160486
COL,1992,ENH,2425,311.8720464706419,0.2447543294229936,10.64817373584996,10.644101612825756,-0.03824245476475863,0.5006647667443899,0.500473762613339,-0.03815010436881705,0.43763630476653126,0.4372657863240539,-0.08466355246168344,0.572716628539627,0.5725532310759565,-0.02853024611616517
COL,1996,ENH,7800,352.4178561860863,2.469098252374612,9.737172934856419,9.564590853375263,-1.7724043994675198,0.5535722913310708,0.5455185243420047,-1.4548717692680624,0.5784294706181747,0.560732606929983,-3.0594678499487493,0.7202851605448197,0.7152382447807362,-0.7006830128592489
COL,1999,ENH,8302,382.00157543752726,3.270993572129372,9.409521081657344,9.290277118796547,-1.2672692034586874,0.5678438965600713,0.5623012364631335,-0.9760886980584971,0.6073801102940672,0.5948536701082758,-2.0623724704660895,0.7084828936338395,0.7047415337496539,-0.528080482648785
COL,2000,ENH,6982,338.69844227017614,3.5600298926811953,10.828929891310775,10.668038884990384,-1.4857516664642079,0.5534141766331258,0.5466856459620719,-1.2158218844318447,0.5591363757454577,0.5445027046925126,-2.617191742074565,0.6804788581931969,0.6756608042456527,-0.708038742061301
COL,2001,ECH,11339,308.4103688743837,1.0824740178416985,8.600685986031547,8.578314543485558,-0.2601123047896725,0.5619773600960536,0.5608353774829411,-0.20320793935849624,0.5975787889799826,0.5950331169236984,-0.42599772669800196,0.7318543756568365,0.7311551754430969,-0.0955381612786077
COL,2002,ECH,30541,435.436166967204,1.9374055291106318,10.548480205432,10.42260021362916,-1.1933471870006263,0.5594711910587562,0.5541524278849952,-0.9506768639321095,0.5731255294888786,0.5612849467643213,-2.065966723750201,0.6867091245537382,0.6829255715607356,-0.5509687956252729
COL,2003,ECH,31690,356.00099152564525,0.42966952448376616,10.012138430556309,10.001530833401537,-0.10594736807072458,0.5348168169474161,0.5343234911500002,-0.09224201292541423,0.5187267368771766,0.517689551262384,-0.19994836222182455,0.6441425489098764,0.6437651932023642,-0.05858263953387732
COL,2004,ECH,35800,392.35889204619,0.6952951030737133,10.60324920845108,10.591630789379,-0.10957413943284422,0.5493899406479379,0.5488957208537154,-0.08995792562921379,0.5403129268131304,0.539241038520037,-0.19838287035173208,0.6425333222811591,0.6421412732574945,-0.061016138785263685
COL,2005,ECH,35676,406.8394064419758,0.8118686913815707,11.180686302221554,11.158544802641122,-0.1980334568194797,0.5386384370496681,0.5377231646994696,-0.16992332652897568,0.5220337181731345,0.5200940762940021,-0.37155490375606615,0.6325629866369049,0.6318340264539621,-0.11523914587832085
COL,2008,GEIH,198215,640.2701279894194,0.4423640745932489,12.687591572306339,12.674163516767207,-0.10583612707427692,0.5513871034112543,0.5509118360051338,-0.0861948716573413,0.564951179913918,0.5639084046192686,-0.18457794792254845,0.6887682454306372,0.6884385256106795,-0.04787093803250153
COL,2009,GEIH,170083,598.4987139233376,0.27360178295165566,12.786450454189344,12.778587903223318,-0.06149127151585665,0.5414450785139422,0.5411629501547438,-0.05210655159572086,0.5381711162515761,0.5375669044232847,-0.11227132227009662,0.6725800021492772,0.672378564672325,-0.02994996525444993
COL,2010,GEIH,181619,623.1942355987768,0.7288548379669886,13.799775565124516,13.772526511995736,-0.1974601181025437,0.545111210168802,0.5442113061300624,-0.16508632036038584,0.5417321422893915,0.5397874441953294,-0.3589777940521732,0.6588242425171968,0.6581492880483062,-0.10244833528162411
COL,2011,GEIH,186554,607.8547914578373,0.470118788552962,14.311219063237962,14.289168226642381,-0.1540807704650704,0.5339683666629083,0.5332492548995978,-0.13467310204245964,0.5170430705269884,0.5155277493389372,-0.2930744602198665,0.6475722676861032,0.6470284669306547,-0.08397530014551124
COL,2012,GEIH,187155,639.6871069036775,0.2886494142270689,14.51737622466397,14.507046901492872,-0.07115144645455374,0.5253004462877849,0.5249624657480533,-0.06434042501203274,0.5023776750064566,0.5016778813330909,-0.13929633185962853,0.6424264015365571,0.6421718294159819,-0.03962665917313091
COL,2013,GEIH,187929,639.8886500070071,0.46002897189016123,15.242745500346585,15.21998910270228,-0.1492932991880469,0.5251834193605969,0.5244735427404918,-0.13516737085288444,0.5027068523055482,0.5012379861773684,-0.29219138777266673,0.6489131598075123,0.6483882837338655,-0.08088541058445253
COL,2014,GEIH,189789,646.8987745261287,0.515946804819732,15.966025261909587,15.926830344092433,-0.24548951397854735,0.5242008264570854,0.523029978108595,-0.22335873760518377,0.4988004804180761,0.49637587368481295,-0.4860874895771805,0.6397646913037234,0.638878243898259,-0.13855835083020906
COL,2015,GEIH,193802,601.2789787896337,0.4219490591954246,15.631415249745812,15.616140931517204,-0.09771551701855952,0.5086030053204454,0.5081224069857402,-0.09449380551781461,0.4663766098681026,0.46541945801669904,-0.2052315298733065,0.6145662370248131,0.6141893056038599,-0.061332920398937674
COL,2016,GEIH,191260,535.1590578841252,0.48374305558014213,15.404122057979498,15.383542615206796,-0.1335969858927588,0.5043496852043841,0.5036866898518682,-0.13145549049906613,0.45857250384133197,0.4572647643056915,-0.285176177089963,0.6169050098106446,0.6163926195410877,-0.08305821178435924
COL,2017,GEIH,189784,504.4608481062811,0.3202911132885066,15.294057195863045,15.286171135736133,-0.05156290463622648,0.49560106357935985,0.495340868997745,-0.052500811789157886,0.4389255193971424,0.43842326310494695,-0.11442859209582767,0.592200092788612,0.5919897705197825,-0.03551540626058891
COL,2018,GEIH,183699,518.6953100839562,0.6911685161171691,15.552219651544261,15.521350418399127,-0.19848763608524278,0.502697510610672,0.5017086063843352,-0.19671953917883567,0.453278064990005,0.45133499358179385,-0.42867095460575877,0.6001545933914876,0.599359537788865,-0.1324751341366448
COL,2019,GEIH,185024,572.8586795714921,0.3580931859789515,15.595520343711446,15.578088936030923,-0.11177188895497014,0.511687445011674,0.5111410728586925,-0.1067784950183781,0.47340454028304535,0.4723082468704094,-0.23157644664338894,0.617833929964437,0.6174063642441785,-0.06920398824374896
COL,2020,GEIH,187422,562.5714022309803,0.77494346926405,13.819736975483037,13.75833297084164,-0.4443210804252806,0.5287228724411523,0.5266196452439176,-0.39779387404293987,0.5196612848104811,0.5152528071186606,-0.8483367571683331,0.6788656063741695,0.6774324412987747,-0.21111175200778654
COL,2021,GEIH,211058,717.7971273003623,0.2965889520794519,15.99145666441672,15.983555097170816,-0.049411178804525946,0.5495069148324023,0.549284224222268,-0.04052553373278256,0.5568603227196611,0.556375430618747,-0.08707607296314368,0.6804274106253175,0.6802694463371717,-0.023215450418245798
COL,2022,GEIH,244538,756.9196817318078,0.24090462565355716,17.39299889307061,17.379952345942964,-0.07501033725038075,0.5461201794988133,0.5457794821721125,-0.06238504627561481,0.5467192384099939,0.5459817254602375,-0.13489793260272886,0.6714668323396307,0.6712202382726753,-0.036724683197852936
COM,2004,EIM,2987,178.87545289874745,7.614487639622767,8.68719793956448,8.36560480622517,-3.701920176984408,0.559251601662275,0.5423277325102456,-3.0261637341272407,0.5467120006823136,0.5097512277627507,-6.760556357540115,0.589956387361422,0.5741969811487282,-2.6712832592893254
COM,2013,EESIC,3131,242.1803276451382,0.0,6.423948176912803,6.423948176912803,0.0,0.45334594756854996,0.45334594756854996,0.0,0.36419581438691684,0.36419581438691684,0.0,0.5195559588329082,0.5195559588329082,0.0
CPV,2001,IDRF,4572,233.73843598662262,2.3467243374789195,7.396032211766996,7.304405066363727,-1.238868933770887,0.5249630322398702,0.5190066869110554,-1.1346218615434056,0.4786266934837444,0.46639287116690653,-2.5560259140150476,0.5660917934987317,0.5606497331232534,-0.9613388566973691
CPV,2007,QUIBB,6923,229.0578196935261,1.713622383084834,8.25705205626537,8.205106841536098,-0.6291012140326346,0.4718738887525413,0.46853234481857553,-0.7081434284909482,0.3790471085526219,0.37290842352595854,-1.619504512276515,0.4912827182749112,0.48806337056313986,-0.6552943126262978
CPV,2015,IDRF,6219,243.94858611900085,0.0,9.503320746833154,9.503320746833154,0.0,0.4238108735580217,0.4238108735580217,0.0,0.3019117805300233,0.3019117805300233,0.0,0.43205896779866393,0.43205896779866393,0.0
CRI,1989,EHPM,4031,301.938468722263,0.6006025486370827,10.194173098784624,10.186612816024784,-0.07416278580497648,0.439743431527438,0.4393277226920673,-0.09453440473840002,0.3566098860899949,0.35589109104795824,-0.20156340866424038,0.5515025857558704,0.5511698661427544,-0.06032965605410334
CRI,1990,EHPM,3981,310.1033763302095,0.0,10.469578066556538,10.469578066556538,0.0,0.4395722641844053,0.4395722641844053,0.0,0.3599140943546628,0.3599140943546628,0.0,0.572005713507006,0.572005713507006,0.0
CRI,1991,EHPM,4035,310.05726780753804,0.576540678942591,9.598450064250875,9.579843061782618,-0.19385424046280963,0.4536188052593988,0.452557733059872,-0.23391274506796567,0.381274875820911,0.3793810572893075,-0.49670687782036316,0.5746842852611213,0.5738584001984828,-0.1437110921282958
CRI,1992,EHPM,4243,292.0302260537171,0.09305912573654297,10.154863914796296,10.151119703004118,-0.03687111736399018,0.44642593979932854,0.4462217627795888,-0.04573592202807841,0.36721700704564464,0.36685808564478717,-0.09774095261684268,0.5642040161589371,0.5640433251863162,-0.028481004746283567
CRI,1993,EHPM,4143,370.625284861355,0.46607768067508687,11.81919236756561,11.804680510847206,-0.1227821349132685,0.44685539903992955,0.44617552018704265,-0.15214739585727166,0.366304195603131,0.36510888373494454,-0.3263167287009483,0.583258363237426,0.582746208146434,-0.08780930086441652
CRI,1994,EHPM,4557,386.5294957574517,0.30787418660659677,13.266432799938837,13.262708643633193,-0.028072024799774553,0.45798973378659713,0.45783755480760735,-0.0332275961147821,0.3809592590951727,0.38068746272386367,-0.07134525932105396,0.5614893102570667,0.5613662320514851,-0.02191995525708812
CRI,1995,EHPM,4720,366.962712713744,0.18225370387428896,12.65736628791179,12.651638186741977,-0.04525507944953544,0.44739356503624317,0.4471433907232609,-0.05591817418338918,0.3674764982543901,0.36703733265099414,-0.11950848706845374,0.5715872329647499,0.5713933409611608,-0.033921682012283405
CRI,1996,EHPM,4639,376.6715614345368,0.0,12.012648687566923,12.012648687566923,0.0,0.45493363142259025,0.45493363142259025,0.0,0.3858268003647227,0.3858268003647227,0.0,0.9905654925589306,0.9905654925589306,0.0
CRI,1997,EHPM,4689,370.70687020606425,0.09214173728450527,12.595751189898479,12.593625973329761,-0.01687248768793559,0.4489551423313678,0.4488621559815851,-0.020711723959732087,0.36428344777789023,0.36411988131612816,-0.044900876710107784,0.543210446454421,0.5431333948943602,-0.014184476856748951
CRI,1998,EHPM,5057,418.0743340747504,0.0,14.128490054354312,14.128490054354312,0.0,0.45049860338157166,0.45049860338157166,0.0,0.36257454217727414,0.36257454217727414,0.0,0.5336011867614212,0.5336011867614212,0.0
CRI,1999,EHPM,5156,441.7434293550658,0.0,13.77978818344423,13.77978818344423,0.0,0.47008158385137144,0.47008158385137144,0.0,0.3995822277373633,0.3995822277373633,0.0,0.5750344773052213,0.5750344773052213,0.0
CRI,2000,EHPM,4809,449.401327022726,0.0,13.676830761417484,13.676830761417484,0.0,0.46741929988284414,0.46741929988284414,0.0,0.40455837420647534,0.40455837420647534,0.0,0.9909639343406091,0.9909639343406091,0.0
CRI,2001,EHPM,7722,754.2764056018608,0.0,18.457093994671435,18.457093994671435,0.0,0.5135128282261063,0.5135128282261063,0.0,0.4915945386344709,0.4915945386344709,0.0,0.6827149594423698,0.6827149594423698,0.0
CRI,2002,EHPM,8035,704.3006156446853,0.3603855505955083,18.784309132069136,18.764941845648963,-0.10310353329475719,0.5159188899786731,0.5154193409464989,-0.09682704818093635,0.48950463222418694,0.48849618983932963,-0.20601283797360148,0.6555370780364561,0.6551816202296663,-0.054223905664418925
CRI,2003,EHPM,8289,776.5216660909043,0.0,18.389670583533434,18.389670583533434,0.0,0.4912518479075191,0.4912518479075191,0.0,0.4481774875048532,0.4481774875048532,0.0,0.6338790989910859,0.6338790989910859,0.0
CRI,2004,EHPM,8435,650.6885899942646,0.0,17.165608577466646,17.165608577466646,0.0,0.48311966749204494,0.48311966749204494,0.0,0.4287776057560979,0.4287776057560979,0.0,0.6306990781131042,0.6306990781131042,0.0
CRI,2005,EHPM,8551,621.3815359838899,0.061871284087164774,17.83115480897863,17.828791726952765,-0.013252546182129787,0.4743412501294111,0.47427157957664756,-0.014687854523409705,0.40360582569889925,0.40347665445439596,-0.03200430625093231,0.5705486157633188,0.5704917107944796,-0.009973728314649488
CRI,2006,EHPM,8489,589.2720020016202,0.0,18.570709570716872,18.570709570716872,0.0,0.4917673035433521,0.4917673035433521,0.0,0.4328831294357265,0.4328831294357265,0.0,0.5890205729158211,0.5890205729158211,0.0
CRI,2007,EHPM,8832,589.4040324115581,1.3071361706457538,20.64560340211276,20.542651289404752,-0.49866361715285024,0.49281105329471,0.4902700958215156,-0.5156048055754203,0.4289947163679382,0.42412114798443,-1.1360439179228132,0.5756430223946125,0.5735168997484152,-0.3693474190571866
CRI,2008,EHPM,8363,625.5011206931113,0.29134659360141546,20.829131935955747,20.81865119606939,-0.05031769887762216,0.4851787044614668,0.48491956024066674,-0.053412117724283004,0.4169004046767064,0.41641203734594834,-0.1171424458407011,0.5700310398823583,0.5698146631032301,-0.037958771363177934
CRI,2009,EHPM,9028,818.6012321902832,0.1593036352768172,22.78222368358239,22.78074271971902,-0.006500523758967702,0.5040620035881829,0.5040297656896855,-0.006395621623511705,0.45435576626625185,0.45429253063094643,-0.013917647799444044,0.6026280352952542,0.6026022099834955,-0.004285448111640555
CRI,2010,ENAHO,10946,756.5700661124542,0.0,23.223044946708576,23.223044946708576,0.0,0.47952509237311824,0.47952509237311824,0.0,0.40493161175475256,0.40493161175475256,0.0,0.5550047899477281,0.5550047899477281,0.0
CRI,2011,ENAHO,10988,943.467561651575,0.5563354942426814,23.955302405266092,23.886425619191808,-0.28752208971966065,0.4866960289236256,0.4852160874735072,-0.30407921210934274,0.42188626981748856,0.41905551299044674,-0.670976286634406,0.5745513888812515,0.5733247600568983,-0.21349331810713856
CRI,2012,ENAHO,10716,969.7636373250956,0.6450153850684842,24.725566031582144,24.721288618986495,-0.0172995537905396,0.48363432174859433,0.48354500502608966,-0.018467821345213853,0.417342688103707,0.4171740286934673,-0.04041269082873944,0.5705883507107563,0.5705140717422748,-0.013017960915084892
CRI,2013,ENAHO,10545,1154.498342849124,0.0,25.46865950250891,25.46865950250891,0.0,0.49129980109131655,0.49129980109131655,0.0,0.4326228884596284,0.4326228884596284,0.0,0.5885449515933112,0.5885449515933112,0.0
CRI,2014,ENAHO,10694,906.4882780372742,0.0,24.907324794695096,24.907324794695096,0.0,0.48571000886397087,0.48571000886397087,0.0,0.41926250778234353,0.41926250778234353,0.0,0.5816682380786783,0.5816682380786783,0.0
CRI,2015,ENAHO,10630,833.6529168185101,0.0,24.92725355354566,24.92725355354566,0.0,0.4830548456567523,0.4830548456567523,0.0,0.4143535138973071,0.4143535138973071,0.0,0.5728950103093313,0.5728950103093313,0.0
CRI,2016,ENAHO,10674,980.8550135555274,0.23984673541105234,25.879617024454443,25.872343451748325,-0.028105410907919293,0.48637774333000316,0.4862333628072818,-0.029684853943534595,0.41887328915918065,0.41859915856979635,-0.06544475297877161,0.5646244587749425,0.5645020930399895,-0.021672057072841255
CRI,2017,ENAHO,10043,905.8107964596803,0.1177931844654005,26.278192279458437,26.270939997134526,-0.027598102056591856,0.48304683669530557,0.48290413527220544,-0.029541943401678594,0.4094502102769204,0.4091811763809017,-0.06570613209277987,0.558708952221292,0.5585871652911126,-0.021797919953703282
CRI,2018,ENAHO,10239,887.4062706284683,0.3700292764668771,25.687226491751343,25.65397916926653,-0.1294313440008299,0.4788596333388285,0.47818429088453607,-0.1410314019546166,0.4075321928505886,0.4062641795917932,-0.31114431719516666,0.5628497611401128,0.5622833324924668,-0.10063585111924622
CRI,2019,ENAHO,10251,936.5079657023995,0.41539160373536776,25.55352570014019,25.54669283079657,-0.026739438713085928,0.4814523978726415,0.4813137262975279,-0.02880275926059328,0.40672375121808413,0.4064633180738708,-0.06403194881866581,0.5491706579318691,0.5490501136992918,-0.021950231833456346
CRI,2020,ENAHO,7610,970.0129405242894,0.0,22.193964340187733,22.193964340187733,0.0,0.4914199707631436,0.4914199707631436,0.0,0.43241976674134186,0.43241976674134186,0.0,0.5947962354101589,0.5947962354101589,0.0
CRI,2021,ENAHO,9457,896.9128415301553,0.9367165540574641,25.20289279569763,25.12076013202483,-0.32588585897099787,0.4864028758634944,0.48472422432958573,-0.3451154623476671,0.4165656700723037,0.41337487681412455,-0.7659760482963796,0.5564220094611487,0.5549720564799372,-0.2605851236214929
CRI,2022,ENAHO,9547,836.8888737688875,0.21892958197649617,24.483782310906946,24.477628347016047,-0.025134857893904794,0.4710979876253061,0.47096502525469075,-0.028223930924764495,0.38758198896809537,0.38733737347002073,-0.06311322637202466,0.531321748551693,0.531203957446452,-0.02216944922019959
CRI,2023,ENAHO,9477,984.2785832382945,0.0,26.085841352353377,26.085841352353377,0.0,0.46713740202708287,0.46713740202708287,0.0,0.383963135578703,0.383963135578703,0.0,0.536570993802265,0.536570993802265,0.0
CYP,2005,EU-SILC,3497,435.30922637384214,1.0821405152888313,44.94483842095226,44.70367584600017,-0.5365745732432314,0.3005625843349995,0.29679113831386705,-1.254795579255763,0.15147599351994145,0.14643689508263602,-3.3266647210615896,0.2564006595728545,0.2524024267283429,-1.5593691729078984
CYP,2006,EU-SILC,3422,410.8535705977485,1.7762135509544545,47.9688447166259,47.58591311868905,-0.7982923086828686,0.3025502639715766,0.2969433587046679,-1.8532144686660756,0.15278708029807264,0.1453935977535461,-4.839075745215227,0.2482052066318342,0.2421848369884092,-2.4255613833093714
CYP,2007,EU-SILC,3359,467.7840626082485,2.648370642426992,52.68821609511199,52.17155750735234,-0.9805960915947209,0.3112596183490507,0.30444985644932576,-2.187807700801192,0.1635424000709147,0.15448685186624456,-5.537125663279674,0.25425183485062075,0.24690501576706436,-2.889583506004123
CYP,2008,EU-SILC,3234,478.3920764440588,1.682278115310418,52.78881101236402,52.349095616534846,-0.8329708273334457,0.3111327233210568,0.3053499174033938,-1.8586299299979903,0.1612060442634915,0.15335400268029575,-4.870810904807998,0.26073267841049863,0.2545433959800828,-2.3738038776525694
CYP,2009,EU-SILC,3081,486.486172957967,2.3377830342588406,52.38650743991171,51.95459022716023,-0.8244817871221777,0.3170287686256129,0.3113546249869207,-1.7897882464392278,0.16657104159698388,0.15880383225640315,-4.6630010031235685,0.257779703145817,0.2516296187194036,-2.385790793984477
CYP,2010,EU-SILC,3669,498.0680288850198,1.8420938642994784,51.85848296220202,51.460345650948476,-0.7677380604128592,0.3204691969884068,0.3152140550023398,-1.6398274890229603,0.17153009417902698,0.16420635414056317,-4.269653132015416,0.27122510565560165,0.2655995595925793,-2.0741243880887605
CYP,2011,EU-SILC,3800,450.43146409890835,1.5326598555071544,52.6363499421416,52.22151158131527,-0.7881214432275852,0.3144274453748548,0.30898386831499347,-1.731266509948448,0.1651656420224521,0.15772193385733724,-4.5068139317394955,0.26864672264698475,0.26285561035040905,-2.1556608766768792
CYP,2012,EU-SILC,4474,472.70190128520744,2.8267201675410853,52.38478141908758,51.92830246353622,-0.8713961253354219,0.32622741269804956,0.3203135511073749,-1.8128033882144678,0.17888139102538325,0.17082249592482102,-4.50516124364142,0.2828771413082105,0.27660381868534933,-2.217684537481257
CYP,2013,EU-SILC,4497,501.00537797833863,2.7981577413448533,49.47162353394231,48.83651033061206,-1.2837929260488101,0.34312433474213444,0.33459157517100313,-2.4867835671124494,0.19682360591017822,0.18468574991652087,-6.1668700446411595,0.29770269221050616,0.28859660343336047,-3.058786170031258
CYP,2014,EU-SILC,4135,501.7009862102961,4.6445079468057475,47.49210089347523,46.80953452093413,-1.4372208424135668,0.3702819315049559,0.3611279138934984,-2.4721750732617065,0.23124138012836282,0.2178210968363401,-5.803582077123515,0.33717278628920366,0.3275434281763855,-2.8559120143696215
CYP,2015,EU-SILC,4197,475.8548965028257,2.6821396622119957,44.27367879438759,43.82264519137914,-1.0187398366038436,0.3553492240750956,0.3487229041368428,-1.864734601714646,0.21298346505243515,0.203405828753358,-4.49689195202041,0.32661002431872554,0.3197001039249404,-2.115648595966546
CYP,2016,EU-SILC,4050,486.37850229771027,1.8544776917371826,45.089297704321204,44.785929997511914,-0.6728153292576478,0.33966378036084466,0.3351962820918415,-1.3152707257326868,0.1933085022969694,0.1870331870849804,-3.246269635025445,0.3019197513221391,0.2972081160171668,-1.56055881880518
CYP,2017,EU-SILC,4156,450.7245933967777,1.6677927127096548,46.60415921500519,46.393496845421765,-0.45202482596359284,0.32881231417543244,0.3257680639632502,-0.9258321787054546,0.18012635052843207,0.17596452908048343,-2.310501176390467,0.28572708463536045,0.2824997711568301,-1.1295091197423446
CYP,2018,EU-SILC,4047,424.6900148428959,1.701811232797905,47.56426979880983,47.37300175058161,-0.40212547998162984,0.3141623394279278,0.3113967902463164,-0.8802930315095492,0.16471636578239135,0.16104935058671765,-2.2262603829653616,0.2712545143773356,0.26833030211717446,-1.078032661271533
CYP,2019,EU-SILC,4036,459.1817788281974,2.149121540564013,51.22094238702405,50.734155181154506,-0.9503675316853699,0.32728756733267106,0.3208421707458967,-1.9693374359750493,0.18065244287108184,0.17184110021373789,-4.877510936086238,0.28239703047971354,0.27554296685697766,-2.4271018753606377
CYP,2020,EU-SILC,4038,462.15599178565793,1.0814736679534955,51.65402390607824,51.527768639025695,-0.24442484341996584,0.31118265074387963,0.3094961186871199,-0.5419749631697335,0.16209280950766836,0.15986898642684944,-1.371944312380935,0.26776724349899317,0.26598428787498474,-0.6658602451554696
CYP,2021,EU-SILC,3961,425.5004538611529,1.9154522082080614,52.928315855242424,52.65894540842383,-0.5089344757451042,0.31727943106637513,0.3137908210758844,-1.0995386554891073,0.16926867133009926,0.1646173571364602,-2.74788840550908,0.2735723039535981,0.2698795702107567,-1.3498200254466353
CYP,2022,EU-SILC,4021,466.36974068758093,2.290332588444599,54.30770384704687,54.11395953642964,-0.35675290408685445,0.31251771018914276,0.3100612938156039,-0.7860086943719757,0.16375658574075258,0.16052847556159122,-1.971285713218196,0.2666160531834849,0.2640092839287538,-0.9777240430969725
CZE,2005,EU-SILC,3940,165.94365052697503,1.7129935289666733,26.875916584545312,26.722311356606188,-0.5715348440523682,0.27533180011534664,0.2711708202233659,-1.5112601923343183,0.1316941919089185,0.12657689124657168,-3.8857451404432752,0.2295185987936691,0.22513436990929725,-1.9101845808640272
CZE,2006,EU-SILC,6932,156.84695445037823,1.3882630623071288,27.595835114071104,27.414992535566586,-0.655325623439118,0.2694436303255553,0.26462907457499374,-1.7868508321181586,0.12549162287479154,0.11963395093139662,-4.667779258253257,0.21641921624828175,0.21130481515038402,-2.3631917657581547
CZE,2007,EU-SILC,8939,166.86513903100177,1.2463951902242472,29.11805464704591,28.96683369217826,-0.5193374238103177,0.26741554707256265,0.2635945268783053,-1.428869875400518,0.12406386058707364,0.11945828740337827,-3.7122600908126357,0.22183473266264264,0.21781788294761495,-1.8107397641542233
CZE,2008,EU-SILC,10456,165.35015698625708,1.2945677430644613,30.657750993989612,30.526574933112812,-0.4278724192864569,0.2599564781981749,0.25677970739800304,-1.2220394822205938,0.11805297656066704,0.11432726406579885,-3.155966586707415,0.21972213254019435,0.21641768682205853,-1.503920283283855
CZE,2009,EU-SILC,9454,161.7813756925356,3.0622422856584346,31.41241903063476,31.093901177779564,-1.01398702387282,0.26275791720433117,0.25522415940043086,-2.8671858431735697,0.12181815787443817,0.11300880757289944,-7.231557639066266,0.2144370681257055,0.20651633692621263,-3.6937322771311454
CZE,2010,EU-SILC,8564,175.18463750666479,1.600577131640651,31.865326638508947,31.707505398268598,-0.4952757648798878,0.26156674628290677,0.2578951767215575,-1.403683615568685,0.11990221332370998,0.11556242233681946,-3.619441932380374,0.2149388726346645,0.21108403111910934,-1.7934594465410125
CZE,2011,EU-SILC,8249,190.55583448671965,1.1340088743780137,31.80845820697815,31.738531168888375,-0.2198378734195705,0.2662351377291474,0.264619688800079,-0.6067752524506642,0.12319698658063549,0.12127823005483851,-1.5574703400241918,0.223980466587827,0.22229369947270528,-0.753086704755257
CZE,2012,EU-SILC,8362,178.3918970241125,1.234247735590935,31.77458847861798,31.683182540570396,-0.2876699350774947,0.26381343099581356,0.2616918229645484,-0.804207740014129,0.12175491213046463,0.11925631227254518,-2.052155279979273,0.24196644807231982,0.2398113521381634,-0.8906589948009191
CZE,2013,EU-SILC,7932,184.95551970414476,0.44448699300627487,31.239332248140265,31.20782991278802,-0.10084189732998405,0.2611001751458464,0.26035463127993197,-0.2855393970907727,0.11843706084777583,0.11756596310577683,-0.7354942243278151,0.2430070824502676,0.2422541167369141,-0.309853402526894
CZE,2014,EU-SILC,7644,173.9305030139373,1.3153859985333414,31.44627945986035,31.282349829876452,-0.5213005570123053,0.2647390334903642,0.26088886365698183,-1.4543264673218315,0.1219029393850839,0.11724558583362699,-3.820542453652098,0.22024321155167859,0.21620125619328956,-1.8352235830163655
CZE,2015,EU-SILC,7618,177.4895598501415,0.9519801543534356,32.18021802610222,32.08158151009506,-0.30651288915179986,0.2592322093310495,0.25695614331777683,-0.8780027833524606,0.11682226851713517,0.11412509175163921,-2.3087865008376784,0.21180870392201545,0.20941702324422096,-1.129170158500692
CZE,2016,EU-SILC,8186,179.3699064191089,1.6943898139623923,33.50800564934935,33.291561104774026,-0.6459487527856744,0.25867432964713233,0.25386002571664157,-1.861144836852635,0.11673178062240064,0.1110359411691837,-4.879424800039345,0.2146960032781835,0.20965575648681556,-2.3476202232033394
CZE,2017,EU-SILC,8344,182.70709653126698,1.2554698909796873,34.751205422175104,34.562668030279156,-0.5425348260743812,0.2540633289302472,0.24999839708579963,-1.5999679534875244,0.11267193356751237,0.10791956993051866,-4.217877058217101,0.20535830479630657,0.2010831225628107,-2.0818160910202277
CZE,2018,EU-SILC,8342,197.33747184218763,0.9826263669473303,35.919323402768875,35.806634148284544,-0.3137287782977616,0.24852209750894705,0.24615870720403576,-0.9509779325865386,0.10567451843480224,0.10293103397213033,-2.5961646225665658,0.19320859804192947,0.19070513335624473,-1.2957315104276335
CZE,2019,EU-SILC,8409,204.59659848668315,0.5530305119169686,37.61908989426526,37.550154975404375,-0.18324451509761364,0.24990340808245914,0.24852691965469975,-0.5508081855791214,0.10596820561795717,0.10436507777459259,-1.5128385292700663,0.19418996104443875,0.1927310957688938,-0.7512567939653159
CZE,2020,EU-SILC,8356,226.62897263937774,0.11600118406856193,39.36648854188402,39.35780493709461,-0.022058367690491743,0.25262196861676345,0.2524571065599952,-0.06526038003382695,0.10715224327078365,0.10696600327139372,-0.17380877311107268,0.19449685446892928,0.1943226234408263,-0.08958038348677588
CZE,2021,EU-SILC,8363,227.26093227951768,1.0238342859117704,40.036657122517454,39.8393437890928,-0.4928316887717332,0.26245131552738443,0.25880046796771383,-1.3910570622724383,0.11892809566511708,0.11447412061024975,-3.7450991121635635,0.21136526758755203,0.20749371006842565,-1.8316904964164493
CZE,2022,EU-SILC,8319,253.52204283911945,0.40161760704221017,42.228742710442674,42.21502222229766,-0.032490875324164836,0.2620210424604942,0.26178129822453977,-0.09149808492596723,0.1177128771411251,0.1174384281847507,-0.23315117516443662,0.21535608835186082,0.21510591674730206,-0.11616648801218155
DJI,2002,EDAM,10355,87.79756006945121,0.42770566956834244,4.727461730397072,4.722456950986457,-0.10586610100795646,0.39997838974456557,0.3993425894930712,-0.15895865071620108,0.27339413115026767,0.2723796760830617,-0.3710595625947777,0.41054847440837705,0.40992445989527204,-0.15199533112484342
DJI,2012,EDAM,5846,129.71053069815702,0.0,5.80908946481944,5.80908946481944,0.0,0.4513425271543091,0.4513425271543091,0.0,0.3898006859803598,0.3898006859803598,0.0,0.6252925980834326,0.6252925980834326,0.0
DJI,2013,EDAM,3375,119.39458995165182,0.24400322681078554,5.188474141703267,5.186477780526817,-0.038476845444856966,0.441270748553923,0.4410557187921704,-0.048729665960689506,0.34954648972325897,0.349176974245722,-0.10571282744950006,0.5305892874507984,0.5304087384081556,-0.03402802259920845
DJI,2017,EDAM,4473,94.73729213921625,0.2769007913031331,5.44380242347626,5.438520725812701,-0.09702221448709691,0.41587991592716544,0.4153127134691307,-0.1363861144316747,0.30543067907602106,0.30450276581090185,-0.30380486594414613,0.46470902595325636,0.4641897303736905,-0.11174639410126419
DNK,2004,EU-SILC,6797,348.63990065830706,1.1966800237332693,51.43945484700705,51.199448254623306,-0.46658074642815794,0.25587693549688195,0.2523916911847415,-1.3620783387031543,0.121022855963135,0.11683323102776777,-3.461846030673277,0.8915763796238277,0.8910687628142911,-0.056934752999038274
DNK,2005,EU-SILC,5911,337.65185360340746,0.674718057698275,52.37507640282499,52.267809858602625,-0.20480455894203997,0.2481889596815201,0.24664693098950563,-0.621312363770421,0.11061059604163948,0.10880550346426654,-1.6319345903293092,0.6551059937870718,0.6544018094690415,-0.10749166161029278
DNK,2006,EU-SILC,5661,327.6208071190641,0.854983298322465,52.94885365329301,52.83692472254769,-0.21139065914103083,0.2513500992337018,0.24976549692492234,-0.6304363171570126,0.11361922777919364,0.11178219367876485,-1.616833819711272,0.3103448122299429,0.30890173927589637,-0.46499019708998723
DNK,2007,EU-SILC,5750,353.9676126553524,2.2563141570497742,54.57901991193882,53.93830536954083,-1.1739209378104687,0.25913077006005025,0.25033886140403605,-3.392846265990257,0.12170824317867401,0.11089190799159043,-8.88710156731507,0.2413585063053072,0.2324048198851968,-3.7097041066306624
DNK,2008,EU-SILC,5739,334.59626839966495,2.4696936810870356,55.58182261326304,54.879546275806725,-1.2635000157204979,0.26184259024602485,0.2524085037266428,-3.6029610425553305,0.12563178204477632,0.11411104906619363,-9.170237650912727,0.24771101573755772,0.2381597238552393,-3.8558204018014686
DNK,2009,EU-SILC,5797,348.41055904162835,1.1909893506669824,54.998692582532335,54.64941775342606,-0.6350602399905148,0.2524650080560482,0.24769147400255376,-1.8907705627208005,0.11892154809954736,0.11319005072683375,-4.819561689455865,0.6250510673662806,0.6226645280962366,-0.38181508594168356
DNK,2010,EU-SILC,5781,378.14183940052624,1.5318364423697217,55.80272243037369,55.44284455838898,-0.6449109583026913,0.2670156012520817,0.26226198188873306,-1.7802777594485453,0.1407885785846621,0.1349293291896072,-4.161736309832465,0.8607117024957379,0.8598088334660793,-0.10489796142432173
DNK,2011,EU-SILC,5205,406.3374445318955,1.9024956201307375,58.56977407507721,58.442334825819586,-0.2175853522915605,0.2719855919562745,0.2704003833425809,-0.582828157290205,0.130061603407289,0.1281594563584849,-1.4624970006309246,0.2428431689432985,0.24121248107357762,-0.6714983488383064
DNK,2012,EU-SILC,5286,394.6226196206486,1.7711546771407771,57.635938616637134,57.33129586933573,-0.5285638693727557,0.27311746066758613,0.26926093120568373,-1.4120406115653794,0.13255975497877293,0.12786168864518244,-3.5441121133203635,0.2459518758988084,0.24198549612112508,-1.612664983012857
DNK,2013,EU-SILC,5385,387.8846014839083,2.7366390698627265,57.29247647502612,56.19009119291975,-1.9241362041434895,0.2779075050802945,0.26374665212095016,-5.095527360894014,0.14183120216807765,0.12319691049122028,-13.138358409156492,0.2535106214452857,0.23890085181047982,-5.762981271362255
DNK,2014,EU-SILC,5729,414.79893343369207,2.040140470435316,58.687825156141585,57.970042514494104,-1.2230520380296706,0.285437628506637,0.27659567972322807,-3.097681559950094,0.1627767192722933,0.15128112881305178,-7.062183407205602,0.985243000519773,0.9850602955672437,-0.018544151283783616
DNK,2015,EU-SILC,6002,395.823279947144,2.204264509941803,59.09234668033256,58.441915220926475,-1.1007033836795799,0.28352879153462407,0.27556174513502885,-2.809960271220746,0.14961871268054727,0.13941274734225972,-6.821316101067132,0.3246731243806792,0.31719646192613604,-2.302827642049232
DNK,2016,EU-SILC,6222,382.94586819929987,3.85462020660106,59.682490081619356,58.09845250055039,-2.6541077272458025,0.28155105458157714,0.26197892747799534,-6.951537486751247,0.14812666860778778,0.12270925646139519,-17.159241063939156,0.3559722053639386,0.3384684847636018,-4.917159355866374
DNK,2017,EU-SILC,5865,407.9267283386098,3.339575792568157,60.667915226712395,59.571490766875804,-1.8072558711459186,0.28187440724636914,0.2686717006628935,-4.683896886011363,0.1496773741465942,0.13264523801309425,-11.379232319253985,0.40895057572955473,0.3981154425002401,-2.6494969985028316
DNK,2018,EU-SILC,5583,448.2099339387504,3.026801542853754,62.13651580241926,61.314462741549214,-1.3229790088069904,0.2874666139666263,0.2779279373720668,-3.318185880071256,0.14754390352332258,0.13536189963463796,-8.25652812334533,0.3227723337959234,0.3137431827621343,-2.797374523275553
DNK,2019,EU-SILC,5770,432.31836103384666,2.7879773755360815,62.73976588611068,61.916237084345184,-1.312610575022577,0.2816633621340394,0.27212639363177715,-3.3859457012814342,0.14621924020705812,0.13424738708310668,-8.18760452249535,0.7254022972164219,0.7217597096396511,-0.5021472348169409
DNK,2020,EU-SILC,6516,412.8519025211382,3.4811792796426286,62.76355619749494,61.83726185574464,-1.475847446941303,0.2769231596134494,0.2661082192138262,-3.9053939781416247,0.14260834624213548,0.12902583615192986,-9.524344435734356,0.44460824665032705,0.43633096745964883,-1.8617016785089202
DNK,2021,EU-SILC,7767,428.59047113152815,2.243182747574546,64.55711610137767,63.82540203090044,-1.1334367373663001,0.27461063135506025,0.26630780486674044,-3.0234905500015397,0.13568233070368851,0.12538578419223434,-7.5887158320860575,0.3356710705486343,0.32810622670633405,-2.2536478433890617
DNK,2022,EU-SILC,6711,423.45820661239105,3.1387073017345015,66.22589676866437,65.37486349329275,-1.2850460573518352,0.28243795860233456,0.2731135367669042,-3.3014053357321216,0.14000934341282,0.12835159050163458,-8.326410671616635,0.2791916461663281,0.26988218267384034,-3.334434830095756
DOM,1996,ENFT,4409,375.33630093963285,0.0,11.883874393865263,11.883874393865263,0.0,0.4720769266879231,0.4720769266879231,0.0,0.3966593892700052,0.3966593892700052,0.0,0.5888412681387194,0.5888412681387194,0.0
DOM,1997,ENFT,3471,433.0864768015164,2.496391257654124,13.056598995839447,13.010414579753524,-0.3537247035054092,0.485391078938465,0.4835664078430748,-0.37591772378279265,0.4231644351939625,0.41971937519326463,-0.8141185114289629,0.5721353688735948,0.5706170380907387,-0.26537964010954207
DOM,2000,ENFT,4060,569.157875232703,0.9325420241553968,13.97589926751365,13.9132694681064,-0.4481271523817498,0.5140869088705229,0.5118999274450102,-0.42541083769621624,0.4774653820186594,0.47304285319240114,-0.9262511991048217,0.6163080521245647,0.61458105432486,-0.2802166536282291
DOM,2001,ENFT,4052,469.595118599441,0.10263021590603376,13.394614698462386,13.394008893388257,-0.004522751029167882,0.4999543213939679,0.4999317058156897,-0.004523528912636632,0.4408724215851949,0.44082845425797723,-0.009972800534807646,0.5675209862523862,0.5675014319981473,-0.0034455561490398523
DOM,2002,ENFT,4111,488.67637772954805,0.11051518672715861,13.02932323239476,13.027706550930125,-0.012408023316323735,0.49579662062955443,0.495734054439119,-0.012619325713836282,0.44602534235749713,0.44590436962529445,-0.027122389854195017,0.595967196473945,0.5959170705523364,-0.00841085246052753
DOM,2003,ENFT,5153,388.34907243769794,0.500368184850575,11.617855031436768,11.615252774304373,-0.022398774346499284,0.5203396656141885,0.5202322300030712,-0.020647207625534847,0.4830704183761787,0.48285293728287426,-0.04502057775250812,0.6028912223602856,0.602802284985906,-0.01475181111965096
DOM,2004,ENFT,5118,331.60507218690685,3.0922124669743214,9.88956426741326,9.786439709417104,-1.0427613917830203,0.5199423053873542,0.5148884900848111,-0.971995402216419,0.4796080426380265,0.4693572893568214,-2.137318887486128,0.6138171991929031,0.6097486331294399,-0.6628302479651738
DOM,2005,ENFT,6498,384.1886464345467,0.7396273492269935,11.411557522204765,11.392513213084865,-0.16688615101702053,0.499292646154438,0.49845575264902553,-0.1676158284842133,0.43988996071570496,0.4382563586410564,-0.37136607345862327,0.5718400180483507,0.5711244385672344,-0.12513630710185852
DOM,2006,ENFT,6452,468.195844333084,0.771117279012831,13.006066951456228,13.00361911487431,-0.018820728749546767,0.5193678541303414,0.5192774179689499,-0.01741273755629935,0.47640598201700746,0.47622292092000507,-0.03842544046726015,0.58667450693454,0.5865967256318114,-0.013257999420335231
DOM,2007,ENFT,6193,349.23260800727553,0.35615894255580377,11.90875916840946,11.901643826713409,-0.059748808380699625,0.488095561768759,0.48778955394342816,-0.06269424459053319,0.41714599014779274,0.4165656036147327,-0.13913271295126206,0.5696070224990629,0.5693498078506939,-0.045156509349297824
DOM,2008,ENFT,6718,353.18530941009504,0.23109569066060032,11.48648797989255,11.485539952880549,-0.008253410560832286,0.48081582847334303,0.48077298051725903,-0.00891151113308064,0.3999139157538969,0.39983401394849993,-0.019979751203791363,0.5218211429876995,0.5217816929155972,-0.0075600754458671204
DOM,2009,ENFT,6966,356.1607522215219,0.5886844416222722,12.407321510427163,12.365337087999276,-0.3383842547531657,0.48872497900312806,0.486989269047299,-0.3551506533121085,0.41339507707720946,0.4100771070850966,-0.8026147808947393,0.5317231516197775,0.530133559039096,-0.29895116957746604
DOM,2010,ENFT,6881,397.59133197591046,0.0,12.233376883073477,12.233376883073477,0.0,0.4731412712950479,0.4731412712950479,0.0,0.38463857036706495,0.38463857036706495,0.0,0.5122900860312727,0.5122900860312727,0.0
DOM,2011,ENFT,6948,401.1417740588641,0.0,12.691667701155817,12.691667701155817,0.0,0.4770690493724429,0.4770690493724429,0.0,0.39286207174015475,0.39286207174015475,0.0,0.5187651808051715,0.5187651808051715,0.0
DOM,2012,ENFT,6972,310.6138077448575,0.0,12.13489192833891,12.13489192833891,0.0,0.4613375306994856,0.4613375306994856,0.0,0.3659682301794396,0.3659682301794396,0.0,0.5012629734727918,0.5012629734727918,0.0
DOM,2013,ENFT,7004,318.8076471248974,0.1409289305132947,12.818437470922738,12.814023566656365,-0.03443402736399426,0.4765639323402816,0.47638364488553986,-0.03783069647264048,0.3881321344385267,0.3877997309402037,-0.08564183916486279,0.5045844803726873,0.5044139333757276,-0.03379949316589803
DOM,2014,ENFT,7031,391.4718539362582,0.0,13.291168955489498,13.291168955489498,0.0,0.4427108815417552,0.4427108815417552,0.0,0.3374426312232526,0.3374426312232526,0.0,0.48814795154056234,0.48814795154056234,0.0
DOM,2015,ENFT,6891,369.21073218993064,0.14551882242424574,14.590086036033776,14.587197829482609,-0.019795678682321682,0.4517833201589344,0.45167478529617977,-0.02402365424125641,0.35361437688198016,0.35342366515631163,-0.053932118753241554,0.5101730245060433,0.5100761048254305,-0.01899741381007347
DOM,2016,ENFT,6972,429.4575579266256,0.0,15.636771862323862,15.636771862323862,0.0,0.4569765238432608,0.4569765238432608,0.0,0.3619734455540913,0.3619734455540913,0.0,0.532854585852701,0.532854585852701,0.0
DOM,2017,ECNFT-Q03,5919,258.3835388825766,3.250961590579945,14.804070686844542,14.647524074838252,-1.057456528800571,0.4213358641902726,0.41515803070512747,-1.4662491399866306,0.30237105096437755,0.29217862497617464,-3.370833932578976,0.43317990106806337,0.4271282027671922,-1.3970404180687734
DOM,2018,ECNFT-Q03,5908,287.53350239646863,3.6462462636592727,16.2369406221687,15.81196544583112,-2.617335286410727,0.43672352865607156,0.42160007053342197,-3.4629364186511746,0.3257608318516021,0.2999739694161092,-7.915887950347544,0.4369969054986613,0.4218728446090291,-3.4609080062876107
DOM,2019,ECNFT-Q03,6188,302.6799468946552,1.109967634009442,16.480580412538234,16.47591749110156,-0.02829342972124893,0.41878656271898973,0.41862223764718554,-0.039238382133688354,0.2960932067849509,0.29582543987158116,-0.09043331870973725,0.42125901573944735,0.42109549759099973,-0.03881653385164885
DOM,2020,ECNFT-Q03,5282,250.47959305946438,0.22624671916982758,14.551607733037907,14.546770146113422,-0.033244346695116,0.3953934892384151,0.39519246219883286,-0.05084227359672955,0.26371892216988924,0.2634042426916663,-0.11932381477739451,0.3963047698894555,0.3961043575558585,-0.050570255223758576
DOM,2021,ECNFT-Q03,5653,209.4611071726363,1.7244303154658567,14.046765286362941,13.979104682335418,-0.4816810322388676,0.3851604484910891,0.3821874824542465,-0.7718772912664207,0.2504576539220533,0.24589307926544546,-1.822493577308859,0.38039145349933645,0.377398161552292,-0.786897791606056
DOM,2022,ECNFT-Q03,5609,247.5769742564669,0.034273667804614105,14.374558403256373,14.373873836830356,-0.004762347522702104,0.36973148156620517,0.36970146537556303,-0.008118375669552425,0.23052843911726928,0.230483377896602,-0.01954692481319631,0.3623982384963228,0.3623679284386129,-0.008363743111916566
ECU,1994,ECV,3062,281.968744410497,0.7790198563920433,8.352364827390954,8.34029066106727,-0.1445598530860126,0.5312243413032635,0.5305458676184789,-0.12771886226449203,0.5332015222463342,0.5317914916149595,-0.26444610012258396,0.7074819297655363,0.707058534649246,-0.05984536119962858
ECU,1995,EPED,1100,235.82094335663365,1.4104519656567462,8.470203879688647,8.422062914771361,-0.5683566251897032,0.49440879270203275,0.4915199417236422,-0.5843041266726745,0.42928030214463897,0.4237259400703761,-1.293877694018064,0.5623578352079677,0.5598570006282626,-0.4447052078113578
ECU,1998,EPED,1281,338.68654923905154,0.0,7.873126241865996,7.873126241865996,0.0,0.49139904736093976,0.49139904736093976,0.0,0.42963172279958917,0.42963172279958917,0.0,0.5866843848260741,0.5866843848260741,0.0
ECU,1999,ECV,4980,364.5414315794349,2.7808469946460974,8.524933725109507,8.420765627866475,-1.221922663588737,0.5854075274143613,0.5802814658915343,-0.8756398376816077,0.6617239882084525,0.6496188245781249,-1.8293372835252675,0.7599639103119561,0.7569947577850661,-0.3906965168479104
ECU,2000,EPED,2771,247.5727752403053,2.8030853961562814,6.62453683161848,6.585504534125501,-0.5892079474398848,0.5589333862995002,0.5563205985833866,-0.4674595900259204,0.5726315953300327,0.5668375458744732,-1.0118284605340588,0.6709990594810151,0.6690493430990598,-0.29056916763241514
ECU,2003,ENEMDU,16510,432.6865947080177,0.34572440776157753,9.770557288506259,9.746464051250555,-0.24659020508529528,0.5341881930038539,0.533036759144077,-0.21554835446702114,0.5286500885350294,0.52620885573187,-0.46178613341848473,0.6754002871113622,0.6745979150432397,-0.11879948579148758
ECU,2004,ENEMDU,4490,406.2197639946995,1.0207695540293582,9.67095360448809,9.597061674611652,-0.7640604318704058,0.5346739757677016,0.531091368380538,-0.6700545658725021,0.5247160814197436,0.5170969833451333,-1.4520420365228714,0.653787389249568,0.6511218212389085,-0.40771175071442345
ECU,2005,ENEMDU,16241,589.343937900754,0.6574486476507805,11.378641944605594,11.372049177240566,-0.057939843762755405,0.5299105921186714,0.5296381041109477,-0.051421506151494434,0.5219636910025705,0.5213944920817837,-0.10904952405663693,0.6679596006735431,0.6677671259713022,-0.02881532087372074
ECU,2006,ENEMDU,16647,486.0548624181583,3.766983801697639,12.516859932723017,12.09003194851126,-3.41002445106775,0.5220516643283926,0.5051794907670942,-3.2318972841517524,0.495951090899617,0.46142006286822834,-6.962587373031481,0.6238150757582915,0.6105344468257924,-2.128936835384365
ECU,2007,ENEMDU,16708,557.0487412126699,1.4461050662613324,13.201918681176325,13.122839511844056,-0.5989975490837018,0.5327988254645166,0.5299841101298348,-0.5282885772557422,0.5211256801747282,0.5152092959388197,-1.1353085178847366,0.6720013505709178,0.6700249804845317,-0.2941021003465272
ECU,2008,ENEMDU,17471,509.067929558131,0.9761996575281566,12.609313987339986,12.552570658516453,-0.4500112288464253,0.49740000483412883,0.49512815115108844,-0.45674581040625606,0.4544885095414921,0.4500243770118062,-0.9822322096084468,0.6301640291531361,0.6284922894307845,-0.26528644051584394
ECU,2009,ENEMDU,17125,448.822893529121,0.6805204049366665,12.164207695136684,12.116571622229994,-0.39160851327566526,0.48390439486485215,0.4818756669346973,-0.41924147655684196,0.42147596155346445,0.4176189207770169,-0.915127107660274,0.5772500123782085,0.5755881963064531,-0.28788497810661173
ECU,2010,ENEMDU,18448,463.66437769290366,0.8883948327734615,13.45264491464986,13.40060074489767,-0.386869422945324,0.48729272561781833,0.4853018873067527,-0.4085507963496715,0.4249525359665167,0.421154347345452,-0.8937912589287444,0.5745040080954569,0.5728518041261657,-0.28758789251418504
ECU,2011,ENEMDU,16604,465.64446318194285,0.5292711874672139,13.89828728968544,13.875473229513494,-0.16415015531358046,0.45788597661331054,0.4569947501935051,-0.1946393786499523,0.38035889063976835,0.3787539759188565,-0.42194747129805643,0.5947436579982723,0.5940774848809092,-0.11201012543879951
ECU,2012,ENEMDU,17569,507.6481551758757,1.3173428068663235,14.800128811854254,14.741168888189533,-0.3983743953464569,0.46051150936726504,0.45835464734849096,-0.46836223957520406,0.3839214685637353,0.38002462268056947,-1.0150111942799356,0.5531203147326218,0.5513333994497358,-0.3230608667392332
ECU,2013,ENEMDU,19250,513.6460725311682,0.4060191726554749,15.314315973746355,15.297299843423524,-0.1111125717400796,0.46811049498004365,0.4675189372508165,-0.12637138786054658,0.386072537102478,0.3849888934671495,-0.28068394697572385,0.5329886402149063,0.5324693111776126,-0.09743716809503811
ECU,2014,ENEMDU,27062,418.0840508356137,0.7747882360666954,15.486880610902274,15.439075013462658,-0.30868448360067413,0.4493867653705984,0.44768212898217863,-0.3793250090518341,0.3545621746337084,0.35154853971037303,-0.8499595103309332,0.5068366716633372,0.5053101572901746,-0.3011846731912571
ECU,2015,ENEMDU,26877,469.8105166345005,1.0279659246946555,15.601654638235875,15.545107705211345,-0.36244189693794837,0.458795902000229,0.4568278085314127,-0.4289692781116683,0.37574929440624993,0.3722110496282416,-0.9416504117723989,0.5390150435484082,0.5373386852316231,-0.3110039945730336
ECU,2016,ENEMDU,27713,404.673069566883,0.5203512389667064,15.280106234876841,15.260956505035287,-0.1253245857535057,0.4494322486474355,0.4487414274742423,-0.15370974719153274,0.3609391139811122,0.3597114221180111,-0.34013821598879446,0.5328153665417871,0.5322292903289793,-0.10999611678088606
ECU,2017,ENEMDU,27157,441.4283042873395,0.3281364410617279,15.709383506404484,15.682817218702601,-0.1691109500958632,0.4462134117466343,0.44527534518121115,-0.21022823176722882,0.35520534721300523,0.35354309957905805,-0.46796807733594514,0.5392521967545629,0.538471845663553,-0.14470985852378382
ECU,2018,ENEMDU,15260,435.63567559702767,0.2759338212687356,15.674431884208786,15.651165171055554,-0.1484373617181789,0.45384360741033003,0.45303175144169994,-0.1788845221953439,0.3656327323745998,0.3641803997864468,-0.39721076904708497,0.523103474786032,0.5223947132471546,-0.1354916518509719
ECU,2019,ENEMDU,15689,481.25344349212537,0.684296304707736,15.386858442987497,15.361125697632563,-0.1672384616410283,0.45688049116435503,0.4559707804237981,-0.19911350082786328,0.37179642511171407,0.37016280169008775,-0.4393865328682134,0.5376978879561811,0.5369236617242275,-0.14398907812276374
ECU,2020,ENEMDU,8064,445.46207684798816,0.15599325886113144,13.68350244584064,13.675366243284868,-0.05945994154621381,0.47286369436447906,0.4725500873828249,-0.06632079928987622,0.4059162566572345,0.4053352613601322,-0.14313181292291421,0.5659808565049961,0.5657226973485064,-0.04561270112275473
ECU,2021,ENEMDU,8077,417.6565645125417,0.16919940218300822,14.69960986784009,14.693018039358492,-0.04484356075340479,0.45739924879911464,0.45715583777437896,-0.05321631493159229,0.36831676631045474,0.3678817075149228,-0.1181208229780295,0.526161969674471,0.5259494802059187,-0.04038480179093806
ECU,2022,ENEMDU,8235,481.1347923882926,1.1753879880919504,15.208615602426605,15.12790762715422,-0.5306727277629819,0.45445736070819054,0.4515478225678071,-0.6402224701233639,0.3658947476712977,0.3606941497165361,-1.4213371434983135,0.5240392443351127,0.5215006193786176,-0.4844341304468647
ECU,2023,ENEMDU,8039,526.0984592492954,0.0,14.923722704892494,14.923722704892494,0.0,0.4456543717300079,0.4456543717300079,0.0,0.3519979201837664,0.3519979201837664,0.0,0.5102153667397372,0.5102153667397372,0.0
EGY,2004,HIECS,41980,42.57972155558706,1.993785959514943,5.864025033826233,5.832209016320655,-0.5425627844705572,0.3184754543287568,0.31476262364541463,-1.1658137645702116,0.16670464317337141,0.1618226741885993,-2.9285141024505856,0.25166488714904434,0.24761700298940692,-1.6084421650923941
EGY,2008,HIECS,22260,40.033459928779635,2.996014511404396,5.89900703172398,5.84342486727208,-0.9422291608229605,0.3110243606674372,0.30448274942612075,-2.103247227091354,0.16076893668717762,0.15226059749098386,-5.2922780802794005,0.2434259157500861,0.23629149922208703,-2.930836885635313
EGY,2010,HIECS,7719,44.065839157231984,2.1802084148330994,6.546503673143402,6.506658695475922,-0.6086451586507335,0.3019145769443955,0.2976459157417112,-1.4138638968301587,0.1496826893239398,0.14424390625604855,-3.6335417892718103,0.2308338715857926,0.22616975949984164,-2.02054926077756
EGY,2012,HIECS,15048,41.00601943824817,1.5434684752569814,6.689094867547627,6.667846349365313,-0.3176590944374613,0.28292202752553164,0.2806398538376387,-0.8066440453057377,0.13142208734702465,0.12866012406086202,-2.101597487848117,0.20900522416555145,0.20652038172663567,-1.188890109726426
EGY,2015,HIECS,11977,48.42455060186636,4.193854910571517,7.248880229058023,7.118586931054467,-1.7974265526040756,0.31823358093207177,0.3057792808563865,-3.913571923870496,0.16979732273718917,0.1532418116780141,-9.750160245341178,0.2504111579376258,0.23678349903228624,-5.442113289829543
EGY,2017,HIECS,12248,47.50807493887465,2.171250673935469,6.3006349278801626,6.26282796070104,-0.6000501157720994,0.3153395280177895,0.3112142539612939,-1.3082007455351152,0.1641858981488682,0.1588052829874611,-3.2771481729377605,0.2513319416330593,0.2468516612966366,-1.7826147792085245
EGY,2019,HIECS,10719,48.67082263831536,3.4935843904685666,6.758395644480092,6.673887352418528,-1.250419426548166,0.3189355843168662,0.3103263052511077,-2.6993786485753346,0.17018832969973197,0.15871833600162155,-6.739588853329281,0.25902750897617144,0.24970705187520548,-3.5982499070488227
ESP,2004,EU-SILC,12192,447.92017644442507,0.0,38.59912222111959,38.59912222111959,0.0,0.31517006842820783,0.31517006842820783,0.0,0.1818268187294536,0.1818268187294536,0.0,0.4725737062470027,0.4725737062470027,0.0
ESP,2005,EU-SILC,10356,519.0479394094812,0.13122295586621943,39.06466023030003,39.05740605694296,-0.01856965685687051,0.33088744071637444,0.3307631790134321,-0.037554070554413066,0.2040819087268808,0.20390904834560963,-0.08470147224196589,0.8037411958444876,0.8037047788597129,-0.004530934206548043
ESP,2006,EU-SILC,9854,478.6862872940457,0.2705072582903067,40.08824937436112,40.08253726335194,-0.014248841239838939,0.3218195777476123,0.32172296051252913,-0.03002217446165245,0.19414682693496,0.19401593703801545,-0.06741799441738472,0.8426862642798062,0.842663869115921,-0.002657592135357767
ESP,2007,EU-SILC,10241,547.3846510183469,0.0,40.47874390419581,40.47874390419581,0.0,0.3326128960953766,0.3326128960953766,0.0,0.2059348058652768,0.2059348058652768,0.0,0.7210125983759175,0.7210125983759175,0.0
ESP,2008,EU-SILC,12847,672.2722105490843,0.07878424846618397,48.1347987953974,48.12969432874737,-0.010604524746704591,0.3402506936603762,0.34018072633009,-0.02056346440723056,0.21065471707508188,0.21055541171662284,-0.04714129350525953,0.5179792024713942,0.5179281818681953,-0.009849932768613012
ESP,2009,EU-SILC,13220,706.4059163514848,0.17137162918995455,48.935755168641336,48.91603579027351,-0.040296462780364806,0.34121696034471505,0.340951401314856,-0.0778270311038276,0.21623283544776406,0.21585064801173637,-0.17674810360612803,0.7821982504280374,0.78211050241998,-0.011218128909051828
ESP,2010,EU-SILC,13422,696.9211128258783,0.024652430048771486,48.93236615216467,48.93205492820775,-0.0006360288320239604,0.34753886364701914,0.34753471388693047,-0.0011940420260092566,0.22932142072075967,0.2293155011711554,-0.002581333041484779,0.9123714803926524,0.9123709232810123,-6.106193058963427e-05
ESP,2011,EU-SILC,12931,762.1793997622129,0.04942387886404282,46.29564452168081,46.289940611124784,-0.012320620254802073,0.3504278671845812,0.3503478287842796,-0.022840192746265142,0.2276093211694481,0.22749256936859252,-0.05129482406770469,0.47445454013561394,0.47438987596098725,-0.013629161311889959
ESP,2012,EU-SILC,12519,801.4854841594389,0.03732603850660746,44.662361163768566,44.66228973358987,-0.0001599337268176626,0.3535272572440188,0.353526223347538,-0.00029245170197755854,0.23910900915655153,0.2391074987490338,-0.0006316815594042957,0.7854755221124999,0.7854751792425323,-4.3651260672739056e-05
ESP,2013,EU-SILC,11968,698.7431383147265,0.0,42.4380269313379,42.4380269313379,0.0,0.3523210767776598,0.3523210767776598,0.0,0.23879003429943912,0.23879003429943912,0.0,0.9430438432072324,0.9430438432072324,0.0
ESP,2014,EU-SILC,11776,796.1744881685363,0.0,41.31416057438571,41.31416057438571,0.0,0.3595547883172394,0.3595547883172394,0.0,0.24914614321314188,0.24914614321314188,0.0,0.9296712668001721,0.9296712668001721,0.0
ESP,2015,EU-SILC,12216,763.0150797038885,0.0,41.47696350551926,41.47696350551926,0.0,0.3589981422933963,0.3589981422933963,0.0,0.24627635260105496,0.24627635260105496,0.0,0.5488781859979871,0.5488781859979871,0.0
ESP,2016,EU-SILC,14060,764.8820652610522,0.0427457186919425,42.68304698615354,42.68134336335399,-0.003991333608643899,0.36008205007388827,0.3600565086574189,-0.007093221243359427,0.2527422790810925,0.25270448486718644,-0.014953657157579237,0.93435936177657,0.9343567422206878,-0.00028035849902741106
ESP,2017,EU-SILC,13574,766.8518605555902,0.0,44.255799786029094,44.255799786029094,0.0,0.3556566917851912,0.3556566917851912,0.0,0.24964645927192208,0.24964645927192208,0.0,0.6587915836589917,0.6587915836589917,0.0
ESP,2018,EU-SILC,13159,695.5990768839823,0.0,44.7782881972186,44.7782881972186,0.0,0.3439325583817152,0.3439325583817152,0.0,0.22052634832803264,0.22052634832803264,0.0,0.6907932335487045,0.6907932335487045,0.0
ESP,2019,EU-SILC,15655,724.1660809962033,0.0,44.96654952180083,44.96654952180083,0.0,0.3455018858231149,0.3455018858231149,0.0,0.23053405268424232,0.23053405268424232,0.0,0.8943744225148781,0.8943744225148781,0.0
ESP,2020,EU-SILC,14848,707.7574903891255,0.0,46.96953979460077,46.96953979460077,0.0,0.3416095840951654,0.3416095840951654,0.0,0.22786530982956066,0.22786530982956066,0.0,0.8517344373709503,0.8517344373709503,0.0
ESP,2021,EU-SILC,20688,797.9779716327574,0.0,47.11954557171357,47.11954557171357,0.0,0.3469915278102125,0.3469915278102125,0.0,0.2340103256213566,0.2340103256213566,0.0,0.789337314605859,0.789337314605859,0.0
ESP,2022,EU-SILC,23994,731.7773643530669,0.01145329210817913,48.384883286244545,48.384859831772445,-4.847479316838488e-05,0.33753738816531564,0.3375370670414345,-9.513727735610544e-05,0.2143977498819134,0.21439729711731825,-0.00021117973271200796,0.9629306497147311,0.9629306317483313,-1.8658041334163045e-06
EST,2000,HBS,6166,168.2222579369865,0.0,12.078439006903226,12.078439006903226,0.0,0.3578439812999473,0.3578439812999473,0.0,0.2166196463319059,0.2166196463319059,0.0,0.3487909640583172,0.3487909640583172,0.0
EST,2001,HBS,5955,170.08109370836317,0.14266054239796205,11.727026864534036,11.721788529651649,-0.04466890835075343,0.36012454897666846,0.3598386260597315,-0.07939556404844561,0.2185810230528653,0.2181596105807646,-0.19279462883600162,0.34802408034116195,0.3477333399806246,-0.08354029992762024
EST,2002,HBS,5597,176.3543489639901,0.2983043620916714,11.984227124714076,11.979940827797245,-0.03576615222847801,0.3579157439853009,0.35768607681972964,-0.06416794159820327,0.21708105550070345,0.21674611596611681,-0.15429238346666985,0.3501495793398858,0.3499176837830704,-0.06622756972963773
EST,2003,HBS,3317,167.1197568775815,0.18598185832852432,12.146917138290963,12.144302126245538,-0.02152819530794048,0.3490962437136482,0.34895611144672245,-0.04014144220947369,0.208230466235233,0.20802986588658934,-0.09633573428061704,0.34128286926022144,0.3411414652779463,-0.04143307356201387
EST,2004,EU-SILC,3728,197.7013749341382,0.0,15.744920612381556,15.744920612381556,0.0,0.3698050176396417,0.3698050176396417,0.0,0.2508047422337669,0.2508047422337669,0.0,0.47976964798379884,0.47976964798379884,0.0
EST,2004,HBS,3165,169.94623322117252,0.0,13.967663100332082,13.967663100332082,0.0,0.35378188664723076,0.35378188664723076,0.0,0.21309750471965527,0.21309750471965527,0.0,0.34160788042805734,0.34160788042805734,0.0
EST,2005,EU-SILC,3748,178.81672561051178,0.0,17.10489865885264,17.10489865885264,0.0,0.3340386354096948,0.3340386354096948,0.0,0.1980693758538612,0.1980693758538612,0.0,0.3806187887915897,0.3806187887915897,0.0
EST,2006,EU-SILC,5222,198.0505220162133,0.0,19.777987743210826,19.777987743210826,0.0,0.3336674514798813,0.3336674514798813,0.0,0.1950192518495446,0.1950192518495446,0.0,0.34600724343520894,0.34600724343520894,0.0
EST,2007,EU-SILC,4906,212.8156541436907,2.10346728885276,23.04130859611113,22.687965447399954,-1.533520317378212,0.335562619692534,0.32522425958857926,-3.0809033835256905,0.20239963063986144,0.1877514031839178,-7.2372797369417485,0.4802879853659472,0.47220733316281316,-1.6824597844097844
EST,2008,EU-SILC,4534,274.75958814349474,0.0,25.912343377872432,25.912343377872432,0.0,0.3110246566269296,0.3110246566269296,0.0,0.16983753582435002,0.16983753582435002,0.0,0.44351619306671597,0.44351619306671597,0.0
EST,2009,EU-SILC,4735,276.198978007956,0.0,26.81305642017416,26.81305642017416,0.0,0.3181526303216219,0.3181526303216219,0.0,0.17573486893050028,0.17573486893050028,0.0,0.4551365584064718,0.4551365584064718,0.0
EST,2010,EU-SILC,4739,236.72370575841825,0.0,25.22329119256764,25.22329119256764,0.0,0.31401022131594936,0.31401022131594936,0.0,0.17568777717117756,0.17568777717117756,0.0,0.3504118485979437,0.3504118485979437,0.0
EST,2011,EU-SILC,4737,248.36853149611414,0.13374785505366407,23.717853206158843,23.715691349589836,-0.009114891428896321,0.31937361400586994,0.31931158084383326,-0.0194233835596469,0.1878201621293183,0.18773740971682962,-0.04405938720876135,0.3802905891287731,0.38023439562860983,-0.014776463517551797
EST,2012,EU-SILC,5021,265.7009436674864,0.6038544456142596,24.617598160371678,24.594566914448627,-0.09355602351217573,0.3233505144164319,0.3227172778914408,-0.19583594172842833,0.1896382600292439,0.18878164297805977,-0.45171108986763464,0.3860243393387961,0.38545193860731564,-0.14828099504319292
EST,2013,EU-SILC,5633,284.39814140745216,0.0,26.008495773605294,26.008495773605294,0.0,0.3282768907056651,0.3282768907056651,0.0,0.19457578237351392,0.19457578237351392,0.0,0.6583847323748426,0.6583847323748426,0.0
EST,2014,EU-SILC,5729,338.0324907916731,0.0,28.381987916321208,28.381987916321208,0.0,0.34867863947366196,0.34867863947366196,0.0,0.21759816875543514,0.21759816875543514,0.0,0.49530177577346945,0.49530177577346945,0.0
EST,2015,EU-SILC,5595,350.33144382992606,0.0,30.657889587440735,30.657889587440735,0.0,0.343903390887355,0.343903390887355,0.0,0.21065257096486745,0.21065257096486745,0.0,0.46368019353701817,0.46368019353701817,0.0
EST,2016,EU-SILC,5855,398.6458139331669,0.0,32.755546550520116,32.755546550520116,0.0,0.3251519983318176,0.3251519983318176,0.0,0.18509531649299094,0.18509531649299094,0.0,0.36606173476560655,0.36606173476560655,0.0
EST,2017,EU-SILC,5998,415.5990543598866,0.0,34.82706786459391,34.82706786459391,0.0,0.31054828948773205,0.31054828948773205,0.0,0.16837926792554514,0.16837926792554514,0.0,0.35628676166946094,0.35628676166946094,0.0
EST,2018,EU-SILC,5941,449.5474912861868,0.0,36.764925694888696,36.764925694888696,0.0,0.30321658050553435,0.30321658050553435,0.0,0.16220710797076432,0.16220710797076432,0.0,0.7357197642030674,0.7357197642030674,0.0
EST,2019,EU-SILC,6163,466.9226424929855,0.0,39.00515076865705,39.00515076865705,0.0,0.302150802058916,0.302150802058916,0.0,0.157070830131258,0.157070830131258,0.0,0.3147035729288117,0.3147035729288117,0.0
EST,2020,EU-SILC,6340,465.6180750131672,0.0,41.082484393621264,41.082484393621264,0.0,0.3063958472746303,0.3063958472746303,0.0,0.1716143351936532,0.1716143351936532,0.0,0.9950824802652991,0.9950824802652991,0.0
EST,2021,EU-SILC,6384,437.6992637346628,0.0,42.88284549849706,42.88284549849706,0.0,0.30673500689285893,0.30673500689285893,0.0,0.1658780767295993,0.1658780767295993,0.0,0.3653054110522529,0.3653054110522529,0.0
EST,2022,EU-SILC,5686,621.1345040520874,0.0,48.58223588734506,48.58223588734506,0.0,0.31760892695091425,0.31760892695091425,0.0,0.17361597714308052,0.17361597714308052,0.0,0.6739786058457896,0.6739786058457896,0.0
ETH,1995,HICES,11524,27.006841208176656,10.890169273109727,2.3790367272959196,2.2295593849519086,-6.283103603613183,0.4456451322100754,0.40856226748817603,-8.32116454139089,0.3411386337653015,0.2786002688625142,-18.33224346727401,0.41742145554970866,0.3784111405992575,-9.34554619361333
ETH,1999,HICES,16556,17.164169644977992,1.9533787017093767,2.3387633912701795,2.3216118046879926,-0.7333613415622997,0.29975796734911175,0.2945898212536252,-1.724106331915276,0.14996398666220856,0.14325538233770652,-4.473476915236363,0.23604309198928564,0.23043691169454772,-2.375066453964425
ETH,2004,HICES,21287,22.7116555747066,2.651642523684184,3.1229829504302535,3.0777247249601953,-1.4491986087795672,0.29806852974558695,0.28775349758117397,-3.4606243648791946,0.149856992490211,0.13613159279172293,-9.158998502779003,0.22903263220503955,0.2177409980878071,-4.930142053785458
ETH,2010,HICES,27756,29.374686436668465,2.147625404032709,3.3834558211163697,3.345903061809858,-1.1098935908115726,0.33170600823437946,0.324209214463443,-2.260071745712644,0.18710763993532198,0.17652306292026387,-5.6569453918166595,0.2917392369979759,0.28381198442756983,-2.7172390837715943
ETH,2015,HICES,30225,35.878923777908234,1.2575768336578004,3.73898583922039,3.7263269676944337,-0.3385643078176459,0.34993123241807655,0.34772430094315365,-0.6306757643988137,0.2062695129367651,0.20314319597527453,-1.5156466493664422,0.3202472246727921,0.317948126534798,-0.7179135245725221
ETH,2021,HCES,33810,33.66064370268329,0.11769424780349343,3.2715520038816717,3.271021090973268,-0.016228166563558855,0.3114165376479099,0.3113047832649555,-0.035885821542580576,0.15906838494337316,0.1589197996689382,-0.09340968319244691,0.2628037909851477,0.2626847804331628,-0.0452849449160575
FIN,2004,EU-SILC,10425,324.001543761616,2.2512071582800512,45.791603146895326,45.2688206482744,-1.1416558117519626,0.27676631442774147,0.26842139347425553,-3.0151505145199486,0.1330099798154607,0.12233182232732265,-8.028087443478327,0.36972773580336915,0.36248019904760953,-1.9602361559409864
FIN,2005,EU-SILC,10614,339.10703748394195,2.4010267126761065,47.997966381790846,47.20035592589132,-1.6617588536045003,0.2789378332407133,0.26676052115500504,-4.3656007305397315,0.1355941901118527,0.11978381869880694,-11.660065523459117,0.3835880150628168,0.37320030219067357,-2.7080389543563177
FIN,2006,EU-SILC,10178,362.5759362008041,1.811842414122665,49.6212212235167,49.15854253370958,-0.9324210053658355,0.27619593694073474,0.26939032333979274,-2.4640527577356575,0.13138726899606112,0.12280469858714582,-6.532269431045556,0.5494441507352567,0.5452184870635057,-0.7690797447012954
FIN,2007,EU-SILC,9956,384.3046763397297,1.841277264808333,50.414554770948335,50.04223605694354,-0.7385143351882784,0.27966960777610383,0.2743155024605143,-1.9144394552431665,0.13374766293774965,0.1269773730863566,-5.061987404254054,0.3273111481514577,0.3223341783712391,-1.5205622565338195
FIN,2008,EU-SILC,9841,396.4897933158522,1.4321107826294757,52.25977659519469,51.88386317334876,-0.7193169323278292,0.2828445891546285,0.27765249829614325,-1.8356691475002185,0.1369380617513194,0.13030533011354928,-4.843599765429141,0.25332969678540973,0.24794952748373522,-2.1237815265819138
FIN,2009,EU-SILC,9546,392.5503847795179,1.068209766327561,52.860637898292126,52.5640521875712,-0.5610710020026222,0.27829438805301665,0.27422411955615167,-1.4625765633799137,0.1327529101853,0.12755387749469937,-3.9163229516729126,0.23766792572229944,0.2333886460794361,-1.8005288807306008
FIN,2010,EU-SILC,10320,394.50499005362315,0.9061991770016085,53.90692593997929,53.67583404770916,-0.4286868305705793,0.2743467211232755,0.2712239786413775,-1.1382466934951485,0.12762306424136316,0.12368674476640651,-3.084332364495035,0.22841524776682476,0.2251131306142815,-1.44566406351041
FIN,2011,EU-SILC,8838,433.93611977505725,0.8741988394933895,54.71402791307288,54.470872953763326,-0.4444106357804123,0.2770091636658264,0.27378263181632956,-1.164774409192182,0.13066010424402164,0.12648889288466814,-3.192413922740578,0.2525003029411145,0.24917647848161972,-1.3163645432417215
FIN,2012,EU-SILC,9725,399.732197018683,1.036651030083922,55.021010576735804,54.78106006243381,-0.43610706489540796,0.2763660591410244,0.2731972529578428,-1.146597448699238,0.13057131477081851,0.12648597062360922,-3.1288220957106594,0.3910932976720489,0.38843572322253006,-0.6795244166386549
FIN,2013,EU-SILC,10684,410.26046632387397,0.7433120835775635,55.16104645464088,54.96909011054518,-0.3479925716303178,0.27079484651871755,0.26824887587745905,-0.940184303353242,0.1250126157032665,0.12174843186129447,-2.6110835483356243,0.3961743810521704,0.3940725104371432,-0.5305417804768231
FIN,2014,EU-SILC,10413,409.42711523214933,0.709742397031032,54.951160872368106,54.74799865363345,-0.36971415254816176,0.27168139451800954,0.26897943402784974,-0.9945327669395043,0.12612764883249872,0.12269271662366421,-2.723377657975845,0.30568195443484014,0.30311697505046664,-0.8391006885296037
FIN,2015,EU-SILC,10120,387.1352595164927,0.5357572878175509,54.657743542017805,54.563907930814324,-0.17167853102341146,0.26763327726566666,0.2663741881124949,-0.4704531387260569,0.12134412588445764,0.11979771126110128,-1.2744041889830249,0.3264390577742966,0.3252889451808417,-0.35232076740341345
FIN,2016,EU-SILC,10063,391.4504065481062,0.5247403265947794,55.15965962030789,55.052316963749725,-0.1946035513943678,0.27085805008096486,0.26943695361358355,-0.5246646599414428,0.12508210107292772,0.12333791672351557,-1.39443160488264,0.3567999882233631,0.3555550231082485,-0.34892521194122006
FIN,2017,EU-SILC,9645,401.1811801654779,0.6180114836062127,55.779909077349885,55.66821191672811,-0.20024622210639276,0.2707057132949283,0.26924298069964925,-0.5403404965027336,0.12468296384881805,0.12287748049093183,-1.4480593836984967,0.24011078519305118,0.2385984009494002,-0.6298693506978426
FIN,2018,EU-SILC,9374,410.9286796090015,0.861166129702873,56.95567871902662,56.818080192880764,-0.24158877436024628,0.273609291195809,0.27185146249743686,-0.6424594320936894,0.12791817322184906,0.12576552790844664,-1.682829936657304,0.4835682798365968,0.4823257095140371,-0.256958608405744
FIN,2019,EU-SILC,9159,418.53523046280935,1.1617960566424408,57.85543195550728,57.658969049713754,-0.33957555782249127,0.27302782352571786,0.2705534943853569,-0.90625530702656,0.12733016900357308,0.1243064422130975,-2.3747135609242243,0.23093422421701926,0.22833927037495794,-1.1236766013610566
FIN,2020,EU-SILC,9031,425.2490886674359,1.3443160285777802,58.8702451423827,58.73056207342507,-0.23727278291401088,0.2770991272140225,0.2753816429969098,-0.6198085985980706,0.13017792316473242,0.12808108807416874,-1.610745539326408,0.22604135729838937,0.22422056345629993,-0.8055135855895013
FIN,2021,EU-SILC,8974,417.2589756297378,1.029095359209819,58.837072382590975,58.605628996994994,-0.39336319130736097,0.2707411785521462,0.2678626298581368,-1.063210520617186,0.12335663094920424,0.11973078015301075,-2.939323786887904,0.21197698087877792,0.20888584802044108,-1.4582398737457924
FIN,2022,EU-SILC,8696,436.5172339688467,1.5435463491204013,60.04011725587791,59.732605039788965,-0.5121779072788879,0.2770025909021516,0.273283629054878,-1.3425729467589353,0.13013444992462375,0.12545922295882983,-3.592612846561305,0.2255217828028524,0.22156414278711478,-1.7548814870789298
FJI,2002,HIES,5244,156.75457191301834,0.3384390712482064,9.82824801681596,9.818466500883897,-0.09952451256142192,0.38102054477461356,0.3804040126513073,-0.1618107295686566,0.2401026764964871,0.2391580658442951,-0.3934194595310192,0.3602628586780857,0.3596266230919387,-0.17660315817221717
FJI,2008,HIES,3573,143.89533041092486,3.7237587367786062,10.984358525440346,10.746813980820685,-2.1625709327449227,0.4037558604786329,0.3905861255335408,-3.2618065108652616,0.273757658997948,0.25263101669204424,-7.717278991658139,0.37707762477052176,0.36332159137008035,-3.648064084633218
FJI,2013,HIES,6015,136.19444874431935,1.8838858399431424,10.72251639281073,10.654123537659034,-0.6378433256353233,0.36696596738903764,0.3629053626092522,-1.1065344311562808,0.2209678721602324,0.21492588505706767,-2.734328318455026,0.32388980372618614,0.3195593178042946,-1.3370244669858478
FJI,2019,HIES,5999,77.35796637618104,0.0,7.907094892374089,7.907094892374089,0.0,0.3070686743899409,0.3070686743899409,0.0,0.15398340849084868,0.15398340849084868,0.0,0.25680051675572035,0.25680051675572035,0.0
FRA,2004,EU-SILC,9501,466.64613883292844,1.0496809800791698,47.276366420259116,47.04767275741858,-0.48373781692014894,0.3140470944967908,0.3107135617055956,-1.0614754441643948,0.168674605756177,0.16406878655959556,-2.7305943155659373,0.3013191864194037,0.2979304890815342,-1.1246204989923236
FRA,2005,EU-SILC,9073,481.13127183334063,0.37899429835090875,48.04400173666764,48.01555416521053,-0.059211494523359054,0.3064444019973711,0.30603359602901914,-0.1340556282556915,0.15777862698497103,0.15723561939073383,-0.34415789046569056,0.4215410275157434,0.4211997284168091,-0.08096462186508724
FRA,2006,EU-SILC,9302,433.9920932395565,1.0632596450764613,47.45972090018003,47.39384231534087,-0.1388094653521521,0.2982611921082622,0.2972866250480879,-0.3267495356286787,0.15132664861058798,0.15007387951361606,-0.8278575574588332,0.32692822696256363,0.32599876380771897,-0.28430189815059626
FRA,2007,EU-SILC,9745,439.8033301104986,0.3079283599142048,46.813747808192645,46.74377254899935,-0.14947587507839755,0.29691091609906506,0.29585852179755345,-0.35444783079665587,0.14868409266160665,0.1472799126816513,-0.9444049829534507,0.2707043091912614,0.2696158843332592,-0.4020714931557312
FRA,2008,EU-SILC,7192,535.2124838541076,1.1586555159258798,56.866433883449716,56.66919285922212,-0.3468496453142289,0.3242548126806435,0.32190423861634954,-0.7249157059109002,0.17628467318199803,0.17307894292561077,-1.8184962983580744,0.2908521795052169,0.2883951407601174,-0.8447723339324087
FRA,2009,EU-SILC,7266,552.7040957052237,2.0912273566437327,57.36608055722079,56.97397045566377,-0.6835225585368421,0.3299487948181036,0.32534239417615174,-1.396095610681436,0.1850207995697839,0.17867705902100717,-3.4286634602852195,0.31986743656561023,0.3152057925585995,-1.4573674823115557
FRA,2010,EU-SILC,7524,556.6645131185807,1.378585208798261,57.86016406002685,57.640021366844756,-0.38047367607478844,0.3265535624979693,0.3239834956889067,-0.7870276439193802,0.18362219239189725,0.1801135132662206,-1.9108143084296758,0.3145329431234911,0.31192682353840206,-0.8285680854948962
FRA,2011,EU-SILC,7691,586.0737781480564,1.740529472565545,58.10914539934279,57.67065622341977,-0.7545958091615401,0.33715417732704633,0.3321179651485825,-1.493741592760578,0.19518708258417128,0.18809054661860936,-3.6357610716895916,0.3484553549712921,0.3435158413942301,-1.4175456070890213
FRA,2012,EU-SILC,7930,554.8188121091073,1.6674940242805683,58.407972249070625,57.82028910700961,-1.0061693967990282,0.3329475046298662,0.32617082155813126,-2.0353608234032317,0.1899522249979868,0.18035971988865862,-5.049956698022284,0.30748944263787303,0.3004672429330971,-2.283720587131144
FRA,2013,EU-SILC,7467,547.9314373955482,1.4074936478828097,57.90099587794238,57.65753960029341,-0.42046993140184563,0.3311485874403941,0.3283270306421855,-0.8520515880855117,0.18793059389694022,0.18406179845390325,-2.058629924385058,0.31547016101509306,0.31259356315104436,-0.9118446748791142
FRA,2014,EU-SILC,7639,525.0880809703234,0.9881889105128414,57.346714079330695,57.07314642665334,-0.4770415481851642,0.32504077703193024,0.3218064015772556,-0.9950675986591384,0.1803326191528991,0.1758083636961265,-2.5088392094702483,0.31926968202668904,0.31601522276189,-1.0193449137231303
FRA,2015,EU-SILC,7595,547.137195456637,1.1954325161267194,57.991938021528824,57.696461823923144,-0.5095125420640167,0.3225998113764301,0.3191327109908735,-1.0747372637211483,0.17691381235399328,0.17214945612248034,-2.6930380212370153,0.29664511155211437,0.29305645030175254,-1.209748993194304
FRA,2016,EU-SILC,7587,541.0741619148736,2.925734850359393,58.74945776843067,58.07555198372091,-1.1470842630855516,0.326914946550543,0.31910806351315935,-2.388047141850902,0.18661757229338605,0.17558284798866763,-5.913014604739608,0.32246803824559545,0.31462308385447946,-2.4327851013690838
FRA,2017,EU-SILC,7321,523.8286663092385,1.0757957096120618,58.969703006518465,58.57829935567501,-0.6637368528042087,0.3189873101637761,0.3144373510358709,-1.4263762171508265,0.17509596943720673,0.16859942467450972,-3.710276589220296,0.3256096021529149,0.32110836743621785,-1.3824023268770635
FRA,2018,EU-SILC,7212,503.10055924715914,1.7897841311942722,58.61511021939408,57.97629907561297,-1.0898403865318484,0.31630432564272404,0.30877224330320174,-2.3812770578515607,0.1720093621351766,0.16138048113390457,-6.179245634850461,0.2804397181758309,0.27252300338864754,-2.8229648919486205
FRA,2019,EU-SILC,7618,469.3907576379456,3.2352021132227793,59.58495668851858,58.2448892879961,-2.2490028943508378,0.32377706628524705,0.3082231375414921,-4.803900696923346,0.183288464798816,0.16120430518051343,-12.04885405229562,0.2932144926549267,0.2769762082190331,-5.53802245204974
FRA,2020,EU-SILC,7222,511.9014884564342,1.632179439232113,56.188955171326654,55.785572152582716,-0.7179044663029877,0.3119958529694016,0.30702586615849015,-1.5929656640015777,0.17104420363767803,0.16437267056629778,-3.90047305286797,0.3243717294523446,0.31950621136417023,-1.499982164410285
FRA,2021,EU-SILC,8526,508.52714074517706,1.0008580304765793,57.39693036972725,57.14811338190405,-0.433502255644036,0.3066146969448229,0.3035966378511108,-0.9843165131302345,0.165965671313697,0.16187666435213988,-2.46376671102565,0.31939561814664486,0.3164408458989545,-0.9251135832219592
FRA,2022,EU-SILC,10107,545.6764065424703,0.8052080102214036,57.557062132354375,57.43200098869897,-0.21728201374806577,0.3149789358099082,0.3134879425103845,-0.4733628601829909,0.1758991400947183,0.17389067970132288,-1.141825021039844,0.3376327864783677,0.3361966350491883,-0.42535899554039247
FSM,2000,CPH,7166,1195.3213167419335,0.8159441143613034,5.595886376196128,5.562796301851149,-0.5913285603106222,0.6326196911245039,0.6304344064007834,-0.34543419283014076,0.8572436558779222,0.8513263819154416,-0.6902674545220755,0.8570474850504326,0.8561971383882332,-0.09921815033963055
FSM,2005,HIES,1380,179.3403325155212,0.626983970568073,7.982559590663588,7.974693091467606,-0.09854607543653415,0.4235579821190185,0.42298954464693717,-0.1342053499352125,0.3033070226348098,0.3023607858653736,-0.3119732478385373,0.43248105241625456,0.4319217513257454,-0.12932383682114912
FSM,2013,HIES,1648,120.20143076685115,0.7290637367026594,5.551211273422065,5.525634332224409,-0.4607452308672211,0.400576313032734,0.3978022867272869,-0.6925088217136777,0.2913025094905004,0.28680827529695585,-1.5428065489051734,0.4793389106501609,0.47692987039273627,-0.5025755689553879
GAB,2005,EGEP,7911,168.98579617638413,1.2895592834228413,8.76962521703819,8.73892042748665,-0.3501265879855775,0.42184986377112765,0.4198191627729966,-0.48138002937292423,0.301195670058346,0.2978150055687301,-1.122414704355168,0.42636722558538587,0.42435338289921465,-0.4723258649644735
GAB,2017,EGEP,7914,268.1675979865764,0.04943889136123445,12.336922835807805,12.33514084162457,-0.014444397577506596,0.38024372314316135,0.3801541924757659,-0.023545600346908113,0.25064610554209654,0.2505072141064102,-0.055413362751421946,0.4069859512976636,0.40690035772323185,-0.021031088212952742
GEO,1997,HIS,10805,141.05581081723605,0.11543375420199334,5.607208221409409,5.6068097129180705,-0.007107074957857229,0.4069607301519146,0.4069185824561029,-0.010356698494207173,0.3042340402627861,0.3041657033494196,-0.02246195504864712,0.5195913760335535,0.5195572549309132,-0.006566910886940391
GEO,1998,HIS,10988,124.04824139960688,3.4355817052161464,5.7545603016648705,5.574309099205085,-3.132319291321628,0.4125000826434033,0.39350719823889424,-4.604334690746715,0.3237625739559553,0.2922798035356651,-9.724030185333643,0.550826350504648,0.5363030829997719,-2.6366326686387387
GEO,1999,HIS,11272,108.94863663279052,0.22393554895387677,4.969885611337837,4.968114479000711,-0.03563728575735059,0.40149766515164864,0.40128432464995945,-0.053136174928591906,0.2956755429088005,0.29533388025426244,-0.11555323486577285,0.5223068382451506,0.5221366809888048,-0.03257802576689395
GEO,2000,HIS,10455,98.58850118626694,0.35318635298581086,4.787829089445276,4.7810228246051025,-0.14215763998715047,0.40478113356124346,0.40393390692074516,-0.20930487373372886,0.3014243984200864,0.30005384286124737,-0.4546929731046312,0.5156466450955757,0.5149575795235751,-0.13363134979241797
GEO,2001,HIS,9848,84.18826759766853,0.7293645283389548,4.577701772884889,4.5578030270253045,-0.4346885587315996,0.39574132398142514,0.39310383021032125,-0.6664691330611983,0.28315416716799224,0.27893743541234706,-1.4891999640405995,0.4811414851468768,0.47887753547841716,-0.47053719921252846
GEO,2002,HIS,10668,100.64144296966583,0.37713483356258426,5.840187092984981,5.8378277748871295,-0.04039798828850971,0.3724937766892671,0.372240196976667,-0.06807622797189161,0.2421280953638867,0.24174297357586716,-0.15905704269499887,0.4120229807045179,0.4117856685146797,-0.05759683341750588
GEO,2003,HIS,11698,103.19048057949064,0.03939226271420085,5.779569035487474,5.7790619379167705,-0.008773968570829904,0.36655082576057996,0.3664952437570135,-0.01516351885203493,0.23777749276249693,0.23769407027103595,-0.03508426743498161,0.4226357003713672,0.42258510948480676,-0.011970329651755929
GEO,2004,HIS,11493,102.71993662968983,0.1784802531502899,5.979111366515827,5.976437001457472,-0.044728470410038135,0.36175356794500124,0.3614679971700042,-0.07894069341713994,0.23476301332849325,0.23433808886704832,-0.18100145138721935,0.4369856229607032,0.4367340427082318,-0.05757174590022007
GEO,2005,HIS,11331,113.541462063679,0.08000626703644416,5.899771491262053,5.898996533744382,-0.013135381918061295,0.3737933899401382,0.37371112906918735,-0.02200704270454157,0.2472845795741656,0.24715944870605688,-0.05060196973228903,0.4280253270156852,0.42795028307804484,-0.017532592793889634
GEO,2006,HIS,10942,100.45852434951676,0.1277543352842129,5.79045215071921,5.789635939627235,-0.014095809286207572,0.3686862382106262,0.3685972452409271,-0.02413786045581956,0.23851666941890892,0.23838334569392905,-0.055897026109197334,0.40853860462782243,0.40845536684657646,-0.02037452037655374
GEO,2007,HIS,10997,97.97463315844564,0.7690303675570577,5.7105004505167365,5.690754169547377,-0.3457889748975096,0.3811308232869166,0.3789840660840347,-0.5632599285379403,0.25444573175438423,0.2511218502867356,-1.3063223520122347,0.41992772645037124,0.41791694813211866,-0.47883914102304637
GEO,2008,HIS,19676,113.7915363464803,0.3031444806559022,6.1720233491773095,6.164280866954127,-0.12544479800477015,0.38534853336002606,0.3845766006315229,-0.20032066082420474,0.2583187808498455,0.257110662755466,-0.4676849628992841,0.4187045722292515,0.417975076175357,-0.17422691374266996
GEO,2009,HIS,22287,108.57661175891889,0.6503840352173045,6.117924777540107,6.113297641313054,-0.07563244719909212,0.3823740321362352,0.38190664220146875,-0.12223370194761607,0.2558328821574023,0.2551127766636183,-0.28147495650732157,0.4233946156933406,0.42295877965186235,-0.10293849409599432
GEO,2010,HIS,21793,128.20347809149192,0.2847220288818595,6.081125957870689,6.075380696025692,-0.09447694201367707,0.3946146372945286,0.39404220250265565,-0.14506172295015718,0.27430278850876344,0.2733915029153975,-0.3322188586999508,0.4450763546857692,0.44455197236408717,-0.11781850825399731
GEO,2011,HIS,11219,118.6176644527863,0.9058713239052207,6.302809735759587,6.263969940357005,-0.6162298566974145,0.39595715677825305,0.3922120932127712,-0.9458254514084219,0.2788775033170756,0.27280839588332273,-2.1762628256365657,0.450225284029802,0.44681732570252286,-0.7569451224008872
GEO,2012,HIS,11273,132.64274368025073,0.20449950028371,6.764418118977488,6.762867894679864,-0.022917334061223205,0.38954767955135783,0.3894077663809634,-0.03591682809035435,0.2627264426081797,0.26250819733443276,-0.08306939780416966,0.41445535795974453,0.4143213158373843,-0.03234175159904096
GEO,2013,HIS,11100,151.80996279207503,0.033563211765922835,7.4254740629851295,7.425089882467821,-0.005173818049186707,0.3858901913388286,0.38585841748922645,-0.00823390962385595,0.2559001317800724,0.25585071700066675,-0.01931018130468809,0.39979845011976534,0.3997674328966214,-0.007758214954212139
GEO,2014,HIS,11160,132.63811445472723,0.5485631093657938,7.75635091811424,7.739996692407357,-0.2108494816639772,0.3755413438781873,0.37422219516913025,-0.3512659073523827,0.2414172340138323,0.2393982480822643,-0.8363056348546949,0.3811768660266882,0.3798709124625005,-0.3426109191254745
GEO,2015,HIS,10997,130.99229767281673,0.2132328638092401,7.826255545567813,7.823220913964486,-0.03877501297596675,0.36503675563943694,0.36479047687583,-0.06746683992836511,0.2253882625626935,0.22502015357470606,-0.16332216407456412,0.3577884127167982,0.35753971801618123,-0.0695088750159667
GEO,2016,HIS,10855,121.25543386831491,0.03926384269438812,7.890795772264215,7.890137892706846,-0.008337303059868795,0.3663964885417166,0.366343660370264,-0.014418307244934425,0.2276051984669043,0.22752662575022065,-0.0345214947694128,0.36104656953268066,0.36099340715456707,-0.01472452104513966
GEO,2017,HIS,11587,143.19890898711776,0.23424728044230533,8.134315510001068,8.132739888132978,-0.019370060900059105,0.37939733135144116,0.3792771205946843,-0.03168466059806363,0.2478457744422502,0.24766259009184255,-0.0739106207559459,0.3928017262391169,0.3926843002013375,-0.02989448109195214
GEO,2018,HIS,11051,129.10902945102916,0.19329287918919735,7.967621646700118,7.96268517024004,-0.06195671279297654,0.364113631015899,0.36371946227647534,-0.1082543211370357,0.22914503500577998,0.22855659462236755,-0.25679822536743835,0.37384702543039483,0.3734594699980819,-0.10366684925920966
GEO,2019,HIS,13868,116.44477017962417,1.1853626093926017,7.9745021426276494,7.927515604574285,-0.5892096736948349,0.3590076519433577,0.3552099615008203,-1.0578299437296157,0.22141043255430914,0.2157562443919978,-2.553713525185597,0.3527424732988662,0.34891126690318774,-1.0861199559692447
GEO,2020,HIS,13308,108.31205278187494,0.08461197986941112,7.255686608033879,7.252986997397338,-0.037206825244517905,0.34465187110033424,0.3444079568831765,-0.07077118611862332,0.20453179402830113,0.20417792665042112,-0.17301338384145826,0.34406261268800886,0.34381886673402107,-0.07084348749302194
GEO,2021,HIS,13616,98.25298358592154,0.5000876342480141,7.546757690331988,7.536712966315941,-0.1330998612677825,0.3417861735401695,0.3409091593046403,-0.2565973416786438,0.20274625757296727,0.20149576267762925,-0.6167782874551775,0.3440792394212471,0.3432072597852339,-0.25342407681435697
GEO,2022,HIS,13618,119.66739241127948,0.08140278161850037,8.36997230992049,8.367119190425392,-0.03408756193513662,0.33500663654024554,0.33477988934027925,-0.06768439046700436,0.1960822384493628,0.1957591290471261,-0.16478259570670284,0.3450655857832483,0.34484266963963073,-0.06460109405335146
GHA,1991,GLSS-III,4523,34.21559568942664,0.08894303201816524,2.231038110360189,2.230751730962584,-0.012836149964223775,0.384372308577838,0.38429328191019585,-0.020559927413743573,0.24647550678871055,0.24635487158459657,-0.048944094155933815,0.37011343028190924,0.3700327520248926,-0.021798251675220204
GHA,1998,GLSS-IV,5997,67.06546234004936,0.0,2.649763144373951,2.649763144373951,0.0,0.4007262446221699,0.4007262446221699,0.0,0.27372712974872904,0.27372712974872904,0.0,0.4154355812342546,0.4154355812342546,0.0
GHA,2005,GLSS-V,8683,80.77788560084473,0.1867209657793837,3.4013897914330706,3.3982575596951206,-0.09208682127049839,0.4276553588655281,0.42712784244468094,-0.1233508267607153,0.31901423690729447,0.3181171129279966,-0.28121753687079254,0.46669041303446857,0.46619904905124177,-0.1052869245870891
GHA,2012,GLSS-VI,16767,127.82837924227513,0.2414108066881748,4.842338720218115,4.839730342239498,-0.05386607854849235,0.4237320522633974,0.42342150715594884,-0.07328808519198038,0.30953960090516985,0.30901866202131156,-0.16829474559473256,0.45588826178228337,0.45559518884101435,-0.06428613452850174
GHA,2016,GLSS-VII,14001,163.34709818321878,0.2781711807272856,5.089204458542145,5.083738310959536,-0.10740671999205365,0.43520879020411507,0.4346015559458284,-0.1395271124928099,0.34404204987323306,0.3429916463510294,-0.30531254031030963,0.5276003224329661,0.5270925142870861,-0.09624864206644324
GIN,1994,EIBC,4415,112.69864092735452,0.6780603900756957,3.8817007126429943,3.8761884275607374,-0.1420069575251648,0.4608160947306379,0.4600495231820191,-0.16635086260754495,0.3584155605163286,0.35703661392083474,-0.3847340203386729,0.4696502720380391,0.4688964245085798,-0.16051252907572922
GIN,2002,EIBEP,7092,59.74141621138094,0.24426943972510376,2.871460383486882,2.869589731839722,-0.06514635054405415,0.43004163694992537,0.42967011973194935,-0.08639098776830334,0.3122284025096992,0.3116011306662472,-0.20090159588621592,0.43293858554189923,0.43256922697012623,-0.08531431110735399
GIN,2007,ELEP,7548,56.94588332284317,0.31688288390525554,3.0221711102869553,3.015982748972342,-0.20476541826335293,0.39355346887522713,0.3923092502087464,-0.31614984109699096,0.25944492646458817,0.257456994440906,-0.7662250523729264,0.3892251818037492,0.38797272280278605,-0.3217826234055532
GIN,2012,ELEP,7501,46.71029840738174,0.6391126148730958,3.8602491993085426,3.8567057194835783,-0.09179406929477052,0.3372970459924106,0.3366883449657,-0.18046438115687513,0.1910851442639523,0.19023064580910543,-0.4471820444955754,0.30954229891394613,0.308910089181783,-0.2042401747293754
GIN,2018,EHCVM,8237,45.88560358378288,0.0,4.398114715702368,4.398114715702368,0.0,0.2959195299351256,0.2959195299351256,0.0,0.1443449049871326,0.1443449049871326,0.0,0.25076370503847145,0.25076370503847145,0.0
GMB,1998,HPS,1860,56.42164564450377,0.7628211836305467,1.929665247498885,1.9230454641093246,-0.34305345956457955,0.4851946463061735,0.4834230035494851,-0.3651406234953414,0.421633606889855,0.4182829284160666,-0.7946896117945634,0.5786145116331993,0.5771643513965556,-0.250626316396807
GMB,2003,HIS,2238,101.57635189421264,1.9141216224967008,3.305331505225563,3.2868249641949796,-0.5598996954261803,0.47331624190769994,0.47035318951837657,-0.6260195883793895,0.38992736733491606,0.3844651100970762,-1.400839667954945,0.5213447802275442,0.5186506676425482,-0.516762167220719
GMB,2010,IHS,4599,82.22435476345426,3.8000740916241216,4.421385511905523,4.357694601814401,-1.440519265276019,0.43568433463946565,0.4274429725396559,-1.8915901822886494,0.3250695588468582,0.31100349714850783,-4.327092868445714,0.44069549557220844,0.43252619738350606,-1.8537285429013006
GMB,2015,IHS,13185,66.12703089569251,0.025162427178506447,5.0999481679142935,5.0999367139060245,-0.00022459067997582238,0.3591883102879124,0.3591868711245443,-0.00040067099260632233,0.21365035235009255,0.21364827887764237,-0.0009704980250990758,0.3253835097394224,0.325382000635663,-0.0004637923294303903
GMB,2020,IHS,13483,83.61926790917003,1.5808685558946975,5.0846156297080345,5.030309647561026,-1.06804498317854,0.38757204145517676,0.38096117452828093,-1.7057130597126435,0.25337195203051444,0.24282825756382698,-4.161350292402388,0.37310500771690003,0.3663397172668602,-1.8132403237999695
GNB,1993,ICOF,3028,81.71213870729125,1.5868984927069978,3.6078197399008194,3.6016120218311594,-0.1720628666949553,0.4361022630938687,0.43513101599118453,-0.22271086047427335,0.3221221286782012,0.32047001236787986,-0.5128850716033306,0.43814204416847335,0.43717453215656654,-0.22082154059033243
GNB,2002,ILAP-I,3212,34.4935946503765,0.8523697808788803,2.590980589875193,2.5864193668497633,-0.17604234640945515,0.35569745942473185,0.3545615471480257,-0.3193478746076228,0.21252574643902078,0.2108636797872422,-0.78205425913207,0.33242327181472064,0.3312485855655024,-0.3533706418342941
GNB,2010,ILAP-II,3129,54.21482853080924,0.0,2.592875104349621,2.592875104349621,0.0,0.5066423979873433,0.5066423979873433,0.0,0.44671901924620416,0.44671901924620416,0.0,0.5577324553857512,0.5577324553857512,0.0
GNB,2018,EHCVM,5351,53.47297078492327,0.20525561670503895,4.206295691478688,4.204876192785484,-0.03374700204933356,0.34765230380270484,0.34743211124709983,-0.06333700458661662,0.19600795576499186,0.1956935244997875,-0.16041760344736034,0.2999111103288168,0.2996755568439373,-0.07854109993498115
GNB,2021,EHCVM,5350,51.48317125763423,0.10356736971430822,3.887360180873523,3.8867493892972216,-0.015712245531207536,0.3343506739927984,0.3342460795252302,-0.03128286428111249,0.1806475713124347,0.18050135116840327,-0.08094221415162473,0.28577244729655915,0.28566059618065387,-0.0391399230273648
GRC,2004,EU-SILC,4650,503.14690737356995,0.41020353068266857,36.35484186144758,36.30580416548182,-0.1348862859936295,0.32539604917268317,0.3244851405971493,-0.279938425143722,0.18509102990268733,0.18382057585520029,-0.6863941748851854,0.35002919765884866,0.34915329145337537,-0.2502380405211113
GRC,2005,EU-SILC,4064,499.8801735523229,0.0,38.31517459135512,38.31517459135512,0.0,0.33372031096777455,0.33372031096777455,0.0,0.19805596532329162,0.19805596532329162,0.0,0.38899964208272564,0.38899964208272564,0.0
GRC,2006,EU-SILC,3988,526.8505593258784,0.17354248916660112,38.6745451210397,38.66975007646507,-0.01239845112495086,0.3448567653446146,0.3447755423267336,-0.02355268216932549,0.20709059017190956,0.20697536616479661,-0.055639421867159644,0.35836511327873355,0.35828580606172034,-0.022130283912857873
GRC,2007,EU-SILC,4174,562.5003585972713,0.0,39.04845000133494,39.04845000133494,0.0,0.3498175295969137,0.3498175295969137,0.0,0.21757303319049992,0.21757303319049992,0.0,0.3958047848429783,0.3958047848429783,0.0
GRC,2008,EU-SILC,4515,512.6783346664665,0.3177543806706521,40.21664769699679,40.202577193928434,-0.034986762632138735,0.33754965877156806,0.33731785483318666,-0.06867254413024382,0.2025738111838975,0.2022485836081067,-0.160547690686208,0.4230053879650445,0.4228040322368679,-0.047601220671267264
GRC,2009,EU-SILC,4800,453.9542698403066,0.7088962225345734,40.814626223387194,40.754978250039976,-0.14614362268259296,0.3346859722850315,0.3337128953043855,-0.2907432821287359,0.19869124765570678,0.1973449150380424,-0.6776003641576156,0.39368457480801455,0.39280060484668866,-0.22453761663305816
GRC,2010,EU-SILC,4788,467.26225911313134,0.04490360245770497,41.56222465938251,41.56052090040682,-0.004099296872694946,0.3329187315983765,0.3328913863236691,-0.008213798777889636,0.1942872986991766,0.19424977940396548,-0.0193112444623611,0.34467583992589357,0.3446491017146357,-0.007757495060756181
GRC,2011,EU-SILC,4001,461.852293126364,0.05586295020635258,36.02063321985382,36.0164328760643,-0.011660938229163254,0.33800626463493155,0.3379290649721436,-0.022839713598610256,0.20931189457530586,0.20920334980193633,-0.05185790974266968,0.457611557852019,0.4575484680222358,-0.01378676493209996
GRC,2012,EU-SILC,4712,449.3990791468047,0.2487877725909956,29.928358691226972,29.92164465078775,-0.022433707469526887,0.3446319887415181,0.3444849662338133,-0.04266072579092173,0.22362310362404747,0.22341298662372644,-0.09396032740618399,0.5296220113223982,0.5295166647555669,-0.019890896635543776
GRC,2013,EU-SILC,4840,447.9677944217778,0.381132012732796,25.82989904598316,25.783366940768136,-0.18014822718503964,0.3624645977712666,0.361314225440557,-0.31737508650031554,0.25494233390996035,0.2532133859870993,-0.6781721561675447,0.5321528686646866,0.5313092218498613,-0.15853467386960363
GRC,2014,EU-SILC,5297,426.2519206747844,0.0,24.669087837144225,24.669087837144225,0.0,0.36124838206911725,0.36124838206911725,0.0,0.24388852664292715,0.24388852664292715,0.0,0.44762243992010775,0.44762243992010775,0.0
GRC,2015,EU-SILC,7892,412.7574139802341,0.8919171409622839,24.64170153821285,24.511266111265506,-0.5293280041764659,0.3565162889464767,0.35309282034269207,-0.9602558732733191,0.24602875445562367,0.24090062419442138,-2.084362160247921,0.5855355655849352,0.5833311810524245,-0.3764732088150091
GRC,2016,EU-SILC,8807,434.2275951483401,0.9095206819669689,25.027473751029568,24.890302565535343,-0.5480824267714235,0.35885816033304896,0.3553255651085693,-0.9843987443955982,0.24987395857168027,0.2445547635638401,-2.1287512465266722,0.5518944393815322,0.5494262151201654,-0.4472276010123788
GRC,2017,EU-SILC,12216,383.9597109121837,0.8639070312247926,25.552559702882608,25.440105835612766,-0.44008846306367033,0.34847476732995286,0.34559571146654633,-0.8261877568542908,0.22815479194693022,0.2239352414117457,-1.8494244627419443,0.4748542588345315,0.4725353949926674,-0.4883316930873516
GRC,2018,EU-SILC,11332,351.2862464484732,1.6145322493894303,25.920292605276433,25.74599158595057,-0.6724500451448678,0.342800771460009,0.338353719783712,-1.2972700316153718,0.21801649543395607,0.21159011152666318,-2.9476594853528604,0.4324378226211716,0.4286008570380726,-0.887287231223588
GRC,2019,EU-SILC,8103,347.2654393651739,1.2324873530545455,26.813523058422255,26.708205652626386,-0.3927772026316667,0.3282992371132777,0.32565177044561355,-0.8064187693347047,0.18745143619155513,0.18373619661401808,-1.9819744532341033,0.3192104260350196,0.31653193770849664,-0.8390980081048771
GRC,2020,EU-SILC,9414,355.97132851003374,0.8816968223010387,28.534342677867013,28.443896233553254,-0.3169739893252088,0.3297670907647733,0.3276365155062364,-0.6460848635913896,0.20030820997780463,0.19730521154036085,-1.4991888938434061,0.5105508905330742,0.5089969240163886,-0.30437054278038556
GRC,2021,EU-SILC,6996,356.6187806854033,0.5397441767670338,28.865798535263373,28.818925254416822,-0.1623834545553593,0.33426244501870195,0.3331798736321848,-0.3238686854147077,0.20600719721160177,0.20447726298400815,-0.7426605712334111,0.4156875394151627,0.41473919002672743,-0.22813996055053298
GRC,2022,EU-SILC,5962,406.38285975608795,0.06992711826737383,30.799681805855723,30.788338136447837,-0.036830475975013766,0.32791880299501597,0.3276711903328122,-0.07551035803442518,0.19283369324647648,0.192484083935327,-0.18130094656363394,0.3799434259523561,0.37971535713847926,-0.06002704568585093
GRD,2018,SLCHB,824,453.6085091616805,0.0,21.309189291314084,21.309189291314084,0.0,0.4381640778934912,0.4381640778934912,0.0,0.32262568728345986,0.32262568728345986,0.0,0.4478771844303868,0.4478771844303868,0.0
GTM,2000,ENCOVI,6516,413.84596189543925,1.7313290961101384,11.826558609943884,11.748898149338393,-0.6566615290790834,0.5414667895016554,0.5384369548921929,-0.5595605618307742,0.5303912216847153,0.5239316926301643,-1.217880083692413,0.6450357001960363,0.6426897250171547,-0.36369695168323446
GTM,2006,ENCOVI,12815,577.5894321780576,1.4753851306717738,12.081041271436929,12.008260066466997,-0.6024414893938568,0.545497319587208,0.5427436251486983,-0.5048043940148905,0.5471741003980553,0.5412263150280168,-1.0870005297603846,0.6512044895210325,0.6490906525002967,-0.3246041842080216
GTM,2014,ENCOVI,10530,265.9490720350149,2.194052065843093,9.404505673009433,9.319874991525326,-0.8998950548458229,0.4825538656556668,0.47785639741002117,-0.973459872560134,0.409571176963863,0.4007073312762486,-2.1641771164958024,0.5768377019340594,0.572995859133187,-0.6660179783657072
GUY,1998,GLSMS,1981,181.87688686606197,0.0,8.365285908112154,8.365285908112154,0.0,0.45118141707078663,0.45118141707078663,0.0,0.4373185144374112,0.4373185144374112,0.0,0.847546659282793,0.847546659282793,0.0
HND,1991,EPHPM,2722,205.95031267550553,0.6103100418563309,5.4768592923544945,5.463554899742479,-0.24292010989925839,0.5169178928118408,0.5157416023333995,-0.22755847588147304,0.4802050719135962,0.4778036258639249,-0.5000876063431914,0.6025537377493984,0.6015859926453412,-0.1606072692656113
HND,1992,EPHPM,1821,219.71035080345862,1.350840678203679,6.0804652707938045,6.05941524524253,-0.34619103331424705,0.5169933330988512,0.5153157954554466,-0.32447955050977084,0.47658422943571255,0.47318416252652074,-0.7134241334879166,0.5965319661055992,0.5951305770653733,-0.23492270655246505
HND,1993,EPHPM,1715,277.4922894539153,2.7522540110240055,7.284675288164973,7.190330785789623,-1.2951092347057158,0.5330417734654989,0.5269171180706907,-1.1490010163724085,0.5129086471815352,0.5000649733890592,-2.5040860322891323,0.6163815101292958,0.6113485190811465,-0.8165382908863483
HND,1994,EPHPM,2070,376.02161124381934,0.0,7.349738901364794,7.349738901364794,0.0,0.5496774638369022,0.5496774638369022,0.0,0.5621507444938405,0.5621507444938405,0.0,0.6870452598745594,0.6870452598745594,0.0
HND,1995,EPHPM,2305,387.97621072679146,0.423285168069179,7.204339206020521,7.195109487368659,-0.1281133270924939,0.5542562381757328,0.5536845187830067,-0.10315073667150898,0.5671094401433245,0.565847244079378,-0.22256657614930786,0.6691462098382115,0.6687218320752677,-0.06342078258896322
HND,1996,EPHPM,2897,396.3733879857987,1.95028019678423,6.6424479451120915,6.6105509026711475,-0.48020011153291353,0.5564090304568188,0.554269546811636,-0.3845163410497232,0.5808094301124906,0.5760639471780455,-0.817046467982796,0.6822598321063686,0.6807267805434758,-0.22470201098602205
HND,1997,EPHPM,3199,344.217860895409,1.5931642482071713,8.015751366247756,7.987505532286458,-0.3523791179481095,0.5269977257455953,0.5253255319659059,-0.31730569184593715,0.5035092103459795,0.5000384370244746,-0.689316749363933,0.6178978083228961,0.616546757349232,-0.21865281855119045
HND,1998,EPHPM,3252,542.3277286115584,0.0,8.512905363217385,8.512905363217385,0.0,0.563654104080899,0.563654104080899,0.0,0.617175304650498,0.617175304650498,0.0,0.7423820771868936,0.7423820771868936,0.0
HND,1999,EPHPM,3439,516.7346538916005,0.0,7.888078789881841,7.888078789881841,0.0,0.5430464763944709,0.5430464763944709,0.0,0.5714880742493678,0.5714880742493678,0.0,0.7184490387372686,0.7184490387372686,0.0
HND,2001,EPHPM,6420,1078.2240487442327,0.0,10.113281315560698,10.113281315560698,0.0,0.5531575030677524,0.5531575030677524,0.0,0.5954660387282713,0.5954660387282713,0.0,0.7214414408290444,0.7214414408290444,0.0
HND,2002,EPHPM,26270,723.8501359930441,0.14778295648175865,8.874842155505823,8.874143339285578,-0.007874125623874573,0.5562308433916237,0.5561958987330904,-0.006282402162416378,0.5950471018794339,0.5949692913908899,-0.013076357871200095,0.723596095137182,0.7235743298792744,-0.0030079291546636355
HND,2003,EPHPM,29116,828.4953554702344,0.0,8.384172329876025,8.384172329876025,0.0,0.5787323836904787,0.5787323836904787,0.0,0.647828479187635,0.647828479187635,0.0,0.7381912249524643,0.7381912249524643,0.0
HND,2004,EPHPM,10175,849.9832392371892,0.0,8.664575269941354,8.664575269941354,0.0,0.578971135103206,0.578971135103206,0.0,0.6506940780153514,0.6506940780153514,0.0,0.7429360055903355,0.7429360055903355,0.0
HND,2005,EPHPM,6628,1099.8671158716215,1.0861351092957654,9.41386403003698,9.388007581975549,-0.2746634960833272,0.5945714166996501,0.5934549766919213,-0.18777222994101894,0.7217675929508311,0.7190374272715647,-0.3782610505002837,0.806231532116373,0.805697860711965,-0.06619331831478892
HND,2006,EPHPM,18659,1056.133594217191,0.9612999667338791,10.26025450483318,10.228747645784763,-0.307076778978288,0.5751033630187254,0.5737947587865981,-0.227542441285411,0.6671012314247087,0.6640497608316522,-0.4574224194639043,0.7703938323822186,0.7696866034816503,-0.09180095567242752
HND,2007,EPHPM,19901,803.1191293665528,0.17148287766106374,11.113016171785436,11.112149921379554,-0.007794917171810578,0.5578475990873635,0.5578131327528677,-0.006178449912153106,0.5838964284452555,0.5838195299482631,-0.013169886515163043,0.6845570567886904,0.6845324677734472,-0.0035919599395417556
HND,2008,EPHPM,19612,805.1260272467267,1.8521783644008663,11.478380412752534,11.388473675409639,-0.7832702359560129,0.5544595871127357,0.5509429535840099,-0.6342452381494779,0.5889620244595115,0.5811740049978971,-1.3223296474439872,0.711336162045686,0.7090573604086772,-0.3203550949041234
HND,2009,EPHPM,19250,694.7624627206587,0.3611356549553225,11.270140089199943,11.262010930326836,-0.07213006057392723,0.5127022043678617,0.5123504839959863,-0.06860129893709876,0.48783653119679316,0.48712493123247147,-0.1458685274298599,0.6290917987783962,0.6288240885969794,-0.04255502645824638
HND,2010,EPHPM,6614,768.8139842504322,0.0,11.17995409795501,11.17995409795501,0.0,0.5307630693959149,0.5307630693959149,0.0,0.5227637294401994,0.5227637294401994,0.0,0.6458486412556907,0.6458486412556907,0.0
HND,2011,EPHPM,6502,669.3750124454028,0.0,10.750240336977114,10.750240336977114,0.0,0.5254333615913775,0.5254333615913775,0.0,0.523514614134122,0.523514614134122,0.0,0.6837001234082312,0.6837001234082312,0.0
HND,2012,EPHPM,6857,660.5233635496342,0.0,9.610822673041378,9.610822673041378,0.0,0.53364007731868,0.53364007731868,0.0,0.5395126716855894,0.5395126716855894,0.0,0.6807122577757914,0.6807122577757914,0.0
HND,2013,EPHPM,6939,569.2432920864826,0.0,9.594583031553196,9.594583031553196,0.0,0.49956782906944697,0.49956782906944697,0.0,0.4614368805028617,0.4614368805028617,0.0,0.6150824113492976,0.6150824113492976,0.0
HND,2014,EPHPM,5164,547.4387000381404,0.0,9.810365738029672,9.810365738029672,0.0,0.49847873191839487,0.49847873191839487,0.0,0.45032710810209364,0.45032710810209364,0.0,0.5936088796872159,0.5936088796872159,0.0
HND,2015,EPHPM,5587,536.8150765379119,0.0,9.721275815534987,9.721275815534987,0.0,0.49244945487854697,0.49244945487854697,0.0,0.44097953987291394,0.44097953987291394,0.0,0.5915814579888472,0.5915814579888472,0.0
HND,2016,EPHPM,5742,731.8209216356887,0.0,10.208561952245647,10.208561952245647,0.0,0.4980479995595859,0.4980479995595859,0.0,0.470775414261172,0.470775414261172,0.0,0.6363110864883361,0.6363110864883361,0.0
HND,2017,EPHPM,5001,547.0458837830519,0.66310691372685,10.066272259413653,10.045862592327177,-0.20275298104905914,0.49396200306202465,0.49293408355342383,-0.20809687834870694,0.4533524679579246,0.4513537941954697,-0.44086530982343497,0.6093189820731142,0.6085253282522288,-0.13025260072894174
HND,2018,EPHPM,5673,626.5840208913158,0.0,10.031604561668537,10.031604561668537,0.0,0.4893334697283318,0.4893334697283318,0.0,0.44933855625513397,0.44933855625513397,0.0,0.6148883895013741,0.6148883895013741,0.0
HND,2019,EPHPM,3913,606.7924459931409,0.0,10.137725803012728,10.137725803012728,0.0,0.4809747464803241,0.4809747464803241,0.0,0.4294227083147497,0.4294227083147497,0.0,0.5934546141860273,0.5934546141860273,0.0
HRV,1998,HBS,3123,383.21525149433126,0.0,39.067521292705116,39.067521292705116,0.0,0.2874836048614253,0.2874836048614253,0.0,0.13708164950973467,0.13708164950973467,0.0,0.24027126649674746,0.24027126649674746,0.0
HRV,2004,HBS,2846,323.7261405229141,0.0,32.67410249695782,32.67410249695782,0.0,0.2967740460889501,0.2967740460889501,0.0,0.14648504119702244,0.14648504119702244,0.0,0.25261772430992,0.25261772430992,0.0
HRV,2008,HBS,3107,282.03967490291996,1.9826315583017406,32.3041900459268,32.05742599657628,-0.7638762928267262,0.3370877246344989,0.3319900495140644,-1.5122695808522324,0.18946087142129553,0.1823594802987878,-3.7482098911688744,0.29304330602881046,0.28762525365256963,-1.8488913634178483
HRV,2009,HBS,3004,311.9536769591272,0.0,31.785860581201934,31.785860581201934,0.0,0.33183348076513963,0.33183348076513963,0.0,0.18145709061015358,0.18145709061015358,0.0,0.2919531901861636,0.2919531901861636,0.0
HRV,2010,EU-SILC,2731,319.6431804681522,0.0,24.488791093368064,24.488791093368064,0.0,0.32311042260682465,0.32311042260682465,0.0,0.1889393654704219,0.1889393654704219,0.0,0.39410450361294025,0.39410450361294025,0.0
HRV,2010,HBS,3458,210.3549834613764,0.0,26.60446000896833,26.60446000896833,0.0,0.27354101183545965,0.27354101183545965,0.0,0.12269111098466734,0.12269111098466734,0.0,0.2127995245342229,0.2127995245342229,0.0
HRV,2011,EU-SILC,4310,288.8619177012013,0.0,22.677295740574426,22.677295740574426,0.0,0.32078570249118377,0.32078570249118377,0.0,0.19160754066417685,0.19160754066417685,0.0,0.4345761556510682,0.4345761556510682,0.0
HRV,2012,EU-SILC,3866,292.1381035999684,0.0,21.81542060102795,21.81542060102795,0.0,0.3211562757230222,0.3211562757230222,0.0,0.1856257394665981,0.1856257394665981,0.0,0.3494208716799484,0.3494208716799484,0.0
HRV,2013,EU-SILC,3368,276.64427421693256,0.0,20.73771949859302,20.73771949859302,0.0,0.32332423143312394,0.32332423143312394,0.0,0.1881834368442652,0.1881834368442652,0.0,0.36690592169356206,0.36690592169356206,0.0
HRV,2014,EU-SILC,3510,275.36436104819336,0.0,20.421224918605734,20.421224918605734,0.0,0.31864382733803265,0.31864382733803265,0.0,0.1835814925153536,0.1835814925153536,0.0,0.3592405633544298,0.3592405633544298,0.0
HRV,2015,EU-SILC,4315,287.79191963479565,0.0,21.56711343434756,21.56711343434756,0.0,0.31926819593605305,0.31926819593605305,0.0,0.18448357799749004,0.18448357799749004,0.0,0.3686620547183075,0.3686620547183075,0.0
HRV,2016,EU-SILC,4999,264.96870346736796,0.03222074920677987,22.480918656772296,22.478129424110406,-0.012407111579715302,0.3101364056356051,0.3100508049548446,-0.02760097789391569,0.1730460509250067,0.17293014610953694,-0.06697917395409592,0.34114051704064996,0.34105899990508115,-0.023895471659585166
HRV,2017,EU-SILC,5146,275.9857174688492,0.03901658035987282,24.280587095165888,24.27711314656586,-0.01430751483237902,0.30807490568011286,0.3079758973392154,-0.03213774931746238,0.1725266111631556,0.1723934562684417,-0.07717933704033397,0.3462708755145967,0.34617762949935116,-0.02692863357536268
HRV,2018,EU-SILC,5306,257.1236595808553,0.0849343573897568,25.553412092886237,25.545741380560763,-0.030018348616578372,0.3023793122633628,0.3021698434868664,-0.06927351442415075,0.1669095127813871,0.1666297487512347,-0.16761419136057665,0.35046577494768993,0.35027136242660883,-0.055472612442719615
HRV,2019,EU-SILC,4981,271.7162170410157,0.09596111168540397,27.410785672822566,27.404028673134576,-0.024650879287602123,0.29688150788939116,0.29670814772555953,-0.05839372248682695,0.1596609902682209,0.15943260346510568,-0.14304483689568936,0.34997023656870185,0.3498105443190791,-0.04563023735631999
HRV,2020,EU-SILC,4812,279.83906015380853,0.0,29.10243705272691,29.10243705272691,0.0,0.2885808784570115,0.2885808784570115,0.0,0.14988514475044745,0.14988514475044745,0.0,0.3009148310424279,0.3009148310424279,0.0
HRV,2021,EU-SILC,5499,330.87315134380793,0.14166557586642237,30.318681689680517,30.30840160975042,-0.03390675107617369,0.29481674650599876,0.2945775840014796,-0.08112242854368956,0.15647609016601027,0.15616293487795074,-0.2001298011263586,0.32143259717271055,0.3212033693610964,-0.07131442598865556
HRV,2022,EU-SILC,5729,312.27848187446875,0.2098102682243668,32.18823035408946,32.180783066685215,-0.023136678600599314,0.2884496271804394,0.2882849957013345,-0.05707460283939092,0.14827702307580148,0.14806789866229142,-0.14103629083729308,0.3130745614325764,0.31291660649700903,-0.05045281700454263
HTI,2001,ECVH,5041,145.19084589049288,0.7293470383474582,2.667502656663976,2.664466289026617,-0.1138281017180498,0.5947661833817743,0.5943044449108251,-0.07763361197232754,0.6922780118293587,0.6911564094228162,-0.16201618242628335,0.7743716049801633,0.7741144975298158,-0.03320207619882387
HTI,2012,ECVMAS,9667,210.64402892012845,0.0,3.8802765830703936,3.8802765830703936,0.0,0.5118732856465807,0.5118732856465807,0.0,0.5138215914358628,0.5138215914358628,0.0,0.7388762736517631,0.7388762736517631,0.0
HUN,1998,HBS,10139,89.26576945244324,0.2880458644611693,12.615231924829652,12.609498752991636,-0.04544642438742974,0.2638192109538293,0.2634845880997094,-0.12683794061474352,0.11514469353492762,0.1147463858938571,-0.3459192333076899,0.20122248376801988,0.20086379986122926,-0.17825240006684728
HUN,1999,HBS,10180,89.79729686524944,1.9560269170617064,12.797983406548422,12.61868083625214,-1.4010220563697273,0.2763540295341572,0.2660772571422384,-3.718698225331507,0.13000915031587734,0.1167083830225022,-10.23063935196783,0.21327351643755987,0.20213263677984505,-5.223752036262097
HUN,2000,HBS,10190,89.22441979013125,1.5677696808738035,13.002370864149992,12.909723494326835,-0.7125421262871634,0.27220581332137705,0.26698549741677724,-1.9177826663225983,0.12442438308102055,0.11780222261968865,-5.322236926037071,0.20826089806284953,0.20261067783117337,-2.7130490093109194
HUN,2001,HBS,10273,110.35006568650113,0.12956656564965724,14.841365623884721,14.83648448754666,-0.032888727774527116,0.26924484360086176,0.26900447030208086,-0.0892768439187841,0.11968718543696433,0.11939630356843844,-0.2430350980883289,0.20886618375124355,0.20860868187429626,-0.12328557563630049
HUN,2002,HBS,9878,110.01617890396092,0.36392274071786,15.15897459705734,15.149428307974363,-0.06297450412530159,0.2683789031928512,0.26791796354546904,-0.17174958310747224,0.11809325686731009,0.1175308736986409,-0.47621954342497164,0.2027788433894856,0.20228127219226477,-0.24537628724171645
HUN,2003,HBS,8311,166.0594863150791,0.13264771276446896,16.935041146543906,16.933595913705904,-0.008533978899105676,0.30925755515810827,0.30919861137564975,-0.01905977120862934,0.1591553166523183,0.15907836011639187,-0.04835310409048166,0.2663628234095712,0.2663006535765904,-0.02334028156969481
HUN,2004,HBS,8694,157.9642465659972,0.527800105967608,17.59949593038212,17.53213944082967,-0.3827182881764868,0.3002242741111383,0.2975361377951815,-0.8953760730758487,0.15012550663395308,0.14644629572887347,-2.4507566952300275,0.2514276621723419,0.24855647531847225,-1.1419534465947567
HUN,2005,EU-SILC,6419,154.08733160015078,1.6440495412400793,19.021168339457642,18.931257006385092,-0.47269090661501423,0.29861005647500727,0.2952835970822789,-1.1139810333235634,0.15442991422948005,0.1501627483836918,-2.763173098346283,0.2691178868614372,0.2656724149558224,-1.2802835017015513
HUN,2005,HBS,9055,169.51167586136074,0.0,17.959018462644234,17.959018462644234,0.0,0.30191020180156036,0.30191020180156036,0.0,0.1501438430772164,0.1501438430772164,0.0,0.254902639467426,0.254902639467426,0.0
HUN,2006,EU-SILC,6752,201.70833651814988,2.0348221382878977,20.98577321248918,20.855530560578288,-0.6206235557400408,0.3466812308637194,0.3426062276195694,-1.1754323226549013,0.2169361915486423,0.21119893700745562,-2.6446737633910367,0.37987421987418357,0.3760170689808169,-1.0153757985062017
HUN,2006,HBS,8972,154.92269779036874,0.11758124355153997,17.737479575816934,17.73450345657824,-0.0167787042458567,0.2895891767080372,0.2894699760486734,-0.041161987032389824,0.13900938763325588,0.13885922485283642,-0.10802348170587672,0.2394324646473216,0.23930590640042249,-0.05285759685326186
HUN,2007,EU-SILC,7980,163.57399456256724,0.5698867437623891,20.409179405945945,20.366299208312192,-0.21010250721428259,0.28289176971347096,0.2813826702833452,-0.5334546959970932,0.13904440851510813,0.13714255319237134,-1.3678042454545292,0.33744245485820235,0.3360562059316995,-0.410810467546352
HUN,2007,HBS,8545,156.8331090867416,0.5426234645238601,18.160532246637516,18.13547419871953,-0.13798080132054746,0.31155091358744347,0.3105999720058501,-0.30522830783690225,0.16185221271222172,0.16059059880584448,-0.7794851149921733,0.2675528307366297,0.26654670216512477,-0.3760485615999176
HUN,2008,EU-SILC,8094,163.35325299143554,0.4169224999285278,19.91182345715648,19.900534968524212,-0.05669239010960281,0.27865440325911794,0.2782453573815027,-0.14679325818328648,0.13251880493100687,0.13201220301131578,-0.38228681578802437,0.2371830781165858,0.2367541832224176,-0.18082862300883296
HUN,2009,EU-SILC,9214,163.725197815053,0.16493441192214042,20.353841693747203,20.34427695312931,-0.04699231114110303,0.27513280899795756,0.2747920613289787,-0.12384843167918547,0.12806687172082798,0.1276426294161852,-0.3312662353208595,0.2289025086723846,0.22854272958899258,-0.15717568386589553
HUN,2010,EU-SILC,9193,154.4984968542805,0.15181494250785277,19.3954699532026,19.37548735146797,-0.10302715934619178,0.26944138024670083,0.26868797297828806,-0.2796182485863774,0.12306725667894813,0.12209763878136437,-0.7878764211940226,0.22216723395345617,0.2213676722176563,-0.359891835340298
HUN,2011,EU-SILC,10996,190.49626233468868,0.019655664974627056,20.181045990489828,20.180811519540114,-0.0011618374479938076,0.29440071634307685,0.2943925185587515,-0.002784566704594482,0.14744509707841713,0.1474346723632336,-0.00707023521981931,0.2597795402800811,0.25977100724592206,-0.0032847214025522042
HUN,2012,EU-SILC,10594,166.96808666124488,0.29951845228849094,20.409713057780504,20.401639645163378,-0.03955671789342974,0.29140723124210843,0.2911269050767582,-0.09619739501842695,0.14741279374118754,0.14706076894005848,-0.23880206879947075,0.26128712911966967,0.260997439928798,-0.11087005772068004
HUN,2013,EU-SILC,9313,190.8048668045615,0.2591763199020172,19.329255343736538,19.31242700944436,-0.0870614723273877,0.3074128283822314,0.30680943992841303,-0.1962795297104858,0.16603104840285754,0.16522857092600862,-0.4833297654675883,0.2993785595527201,0.29877077034868005,-0.20301694448262575
HUN,2014,EU-SILC,7658,202.33964810736276,0.5383332130215331,19.98358243405335,19.958891359389202,-0.12355679841504763,0.31504102234637277,0.3141940990463148,-0.26882953011967414,0.17234627483357112,0.17121569083942267,-0.6559956083995511,0.29946114928314416,0.2985989945324634,-0.2879020376247765
HUN,2015,EU-SILC,6462,208.27188166826664,0.4205668790839069,21.057023196979912,21.02784772289492,-0.13855459915710355,0.3073457709672829,0.3063850284893592,-0.3125933618347787,0.16764402359767505,0.1663668574019197,-0.7618322254185461,0.33292844670480726,0.33200684731156105,-0.2768160553319632
HUN,2016,EU-SILC,6902,211.12604221324145,0.3258331777181449,22.053566952003635,22.03780698380079,-0.0714622185025382,0.30369875608792796,0.3032009686150765,-0.16390830152340774,0.16669921584310954,0.16604944572740443,-0.3897859461538422,0.3550207385272198,0.3545619793284043,-0.12922039448136635
HUN,2017,EU-SILC,6858,223.1695272882715,0.7149706269940512,23.044726840625124,22.995281543577594,-0.21456230481484706,0.3020822636599365,0.3005826262299127,-0.496433458838208,0.17394794128543367,0.17198397729506043,-1.1290527360427571,0.4919311407429767,0.49084279957886856,-0.2212385177454701
HUN,2018,EU-SILC,7248,246.3132162274225,0.5891876788384478,24.20183248476717,24.127918339357738,-0.3054072267294372,0.3054543445500719,0.30332744147292745,-0.696308012995317,0.17485520466503202,0.1719979721474889,-1.6340563170634037,0.4945172137156931,0.4929722845904667,-0.31241159708438326
HUN,2019,EU-SILC,5898,238.10116527287357,1.3592718686782093,25.947475749535435,25.781008128028525,-0.6415561309846884,0.29587326936714176,0.2913296901340795,-1.5356504637207502,0.1591360995658273,0.15314777576922012,-3.763020341044676,0.3245138345549484,0.3201679574408508,-1.3391962533917057
HUN,2020,EU-SILC,5988,317.4484927687552,2.210536829399568,28.268662948103533,27.84996499578311,-1.4811381531877887,0.2995047279839287,0.28897925286687265,-3.5142934764024303,0.167927599117355,0.15362977986797377,-8.514275988302133,0.3199899469735007,0.3097814974660368,-3.190240694751989
HUN,2021,EU-SILC,6719,304.13974966069287,0.2806855468102619,29.954542139482875,29.9371756570469,-0.05797612380489259,0.29631987667179993,0.29591180079356505,-0.13771464905368846,0.15836883972772098,0.1578396596225895,-0.3341440816522212,0.33146370258961333,0.33107788179679853,-0.1163991078964366
HUN,2022,EU-SILC,6601,273.44916944461244,0.88966845757358,31.055093723773105,30.933914179087978,-0.39020827231431854,0.29072778800041765,0.2879503163406797,-0.95535128542098,0.15235976594248601,0.14871926146104775,-2.389413280414543,0.3056802009466315,0.30297073864287827,-0.8863715397211092
IDN,1993,SUSENAS,175021,19.041413199244083,1.4086748061876977,2.3337938361839328,2.322948108772515,-0.4647251716609291,0.3175524980958052,0.31436824340703495,-1.0027490597191213,0.1644491527159312,0.16016831976152068,-2.603134697692966,0.2513401509029375,0.2478640920622005,-1.3830097691313048
IDN,1996,SUSENAS,183570,26.122943555357995,2.1442847247835863,2.809972419867919,2.7907910785506194,-0.6826167111704584,0.34214148059915994,0.33762514753191164,-1.3200191509486925,0.1914976471796127,0.18517875501838288,-3.299723132004384,0.34858287654059816,0.3441244728331533,-1.2790082380669143
IDN,1998,SUSENAS,185813,16.47582625545833,1.5926243196441112,2.0879124857744333,2.0719988323693057,-0.7621800967977377,0.30651342754728683,0.3011901895121245,-1.7367063093316149,0.15359149691221774,0.1464692805633384,-4.637116306607714,0.23830451171053058,0.23248051680683246,-2.4439297694760165
IDN,1999,SUSENAS,190470,20.671035218111946,3.222022506220344,2.8302766507966948,2.765549889117036,-2.2869411603787526,0.307885430891497,0.29169307940907996,-5.259213284477704,0.16056721145684671,0.13829735053881076,-13.86949472185428,0.24105584199409813,0.22333000270711312,-7.353416179566807
IDN,2000,SUSENAS,179794,21.85673118310073,1.2989017411725379,2.822035415019531,2.809319206493461,-0.4506041440299202,0.3030629768735642,0.2999101826879451,-1.040309911208459,0.15034894794259435,0.14620678556514077,-2.755032498820753,0.23636840406266724,0.23293264396025481,-1.45356149272029
IDN,2001,SUSENAS,208450,23.867795616527534,1.3147730097632313,2.9856409565821997,2.9727541960900554,-0.4316245884735004,0.3116591403113962,0.308677114813697,-0.95682273098735,0.1584629068294917,0.15449828283801814,-2.501925574127928,0.24535030347841813,0.2420983260513191,-1.3254425941173098
IDN,2002,SUSENAS,9624,25.73201250153584,1.3573817195005566,3.58289541253759,3.5763652704806708,-0.18225879644905296,0.30163764949929706,0.3003640494934541,-0.42222846118747936,0.14757674597339365,0.14597587688736624,-1.084770554783765,0.22831850970280343,0.2269260187991461,-0.6098896254490782
IDN,2003,SUSENAS,9907,28.574031602522584,0.484880254016713,3.5736342811561506,3.5707116822768485,-0.08178226000106203,0.29323187823227626,0.29265369266553154,-0.19717691344824928,0.1388382112102724,0.13811125824367476,-0.5235971857175947,0.2229347785917667,0.22230493834535037,-0.28252220241045123
IDN,2004,SUSENAS,10016,30.29263130354279,0.6250162513203734,3.597365112527406,3.5894244191627065,-0.220736375550179,0.30416506209888716,0.3026263965518501,-0.5058653141881364,0.1495821652322622,0.1475687898501825,-1.3459996243224803,0.23716846720695184,0.23549155555910728,-0.7070550598875736
IDN,2005,SUSENAS,10571,29.040625495163642,0.818874046136521,3.7595270987007723,3.7509611594102124,-0.22784619090843172,0.29903620995785996,0.29743632008324683,-0.5350154333612633,0.1458068789311857,0.14375034024990851,-1.4104538114746878,0.2325674254751643,0.23082854076653425,-0.7476905697680114
IDN,2006,SUSENAS,9923,31.660168989646337,1.7787171251152776,3.5725608881481477,3.5325112808942842,-1.1210335808894634,0.31524120800180155,0.3074790040552977,-2.4623062434335985,0.1655389846072115,0.15452902018188075,-6.650979798779744,0.25749478504772294,0.24908726778324675,-3.2651213743680185
IDN,2007,SUSENAS,64540,39.62839925697773,0.8875423227621141,3.9886918849523187,3.980181588398671,-0.21336059036681787,0.33231716632196084,0.33089014513429404,-0.42941542968149005,0.17917911902883765,0.17720683700612128,-1.1007320682266286,0.27339629599853776,0.2718496521649858,-0.5657149918227966
IDN,2008,SUSENAS,66599,39.283319978479156,1.1394963586566758,4.10146446011786,4.084880909144824,-0.4043324313618313,0.3263291204187213,0.32359521458744056,-0.8377756259609348,0.17336776920171992,0.16955497726286084,-2.199250735252156,0.26578827573262764,0.26281751586047297,-1.1177166727787236
IDN,2009,SUSENAS,67033,38.42707992284979,2.048026968076348,4.1476967422475886,4.102077405689997,-1.0998715526360114,0.3343270762972881,0.32692587611211144,-2.213760329299619,0.18418693084171678,0.17345762851040836,-5.825224559786369,0.2752140503867184,0.2671665273302831,-2.9240960064092936
IDN,2010,SUSENAS,66374,56.37299914103778,0.7269273277143827,4.561732678623325,4.545189251258385,-0.3626566598797676,0.34586310720520375,0.3434826661859942,-0.6882610401684697,0.1940762472486457,0.19060865160196205,-1.7867182078397437,0.29299281943720457,0.2904238869354959,-0.8767902594484012
IDN,2011,SUSENAS,71802,67.53348084002374,2.2985092374514915,5.0863761449600355,5.034246069431552,-1.0248961941231594,0.37925914980956366,0.3728358309978155,-1.6936490035832974,0.2352908144778807,0.22546243308561142,-4.177120732094375,0.3325352398551801,0.32563477410842256,-2.075108114785873
IDN,2012,SUSENAS,71013,66.1758571129397,2.1103939662859057,5.339449606541128,5.2856985008971,-1.0066787703770008,0.3714888062279871,0.36510092374366676,-1.7195356568563747,0.22546610418072777,0.21579956634284625,-4.287357460229623,0.3206374060785475,0.3137403725210629,-2.1510383463478444
IDN,2013,SUSENAS,70689,78.3771748770466,1.621242951348704,5.558546589167759,5.526564620870544,-0.5753656605044899,0.38926852392760547,0.3857356024151364,-0.907579548642401,0.24604170444962858,0.24051891603502162,-2.244655403831197,0.34424996756595405,0.34046054623958133,-1.100776088133315
IDN,2014,SUSENAS,70861,82.76883732896087,1.4242545988514765,5.682376202257393,5.656912285039603,-0.4481209323605517,0.3877997114738142,0.38504521686634907,-0.7102879465786138,0.24472003332915482,0.24044315939546923,-1.747659917949207,0.34310548056764956,0.34015337854221095,-0.8604065491913726
IDN,2015,SUSENAS,283944,71.0423157584723,1.7349597686298233,5.863543315254766,5.83355373157744,-0.5114583804523898,0.3820753349414866,0.3789010083483849,-0.8308117019874661,0.23947575999695703,0.2346550028734018,-2.0130459649095545,0.33748209633352944,0.33408489514541617,-1.0066315295007122
IDN,2016,SUSENAS,289301,94.32541673368947,0.1550102184974515,6.203846033282053,6.201577306766219,-0.036569677965292424,0.3688569890936111,0.3686261109771195,-0.06259285395646685,0.22154959077669134,0.22120263302241328,-0.1566050079631065,0.32837745882522307,0.32813221443808527,-0.07468368505413325
IDN,2017,SUSENAS,295170,105.0715267564813,0.2581284687400757,6.914279056545685,6.909917062093777,-0.06308675736450553,0.36367889766947836,0.3632772492280538,-0.11044040333337835,0.21558377473396573,0.21498517125490468,-0.27766629459927694,0.32456466791504535,0.32413908381746936,-0.1311245923069415
IDN,2018,SUSENAS,292930,104.58385381760363,0.5379873652257652,6.965341495088197,6.953301279408391,-0.1728589429290106,0.3633864414350517,0.362284309349714,-0.3032947737359959,0.21624105494205126,0.2145956462955141,-0.760914085892761,0.32562618150152955,0.3244604456195569,-0.35799820413616734
IDN,2019,SUSENAS,312827,100.09875235256,0.6906673668313177,7.039734002425015,7.026040893906032,-0.19451173175387693,0.35359861414012883,0.3523390931586039,-0.35620076865623407,0.20445725621175703,0.20260501809016507,-0.9059292665424379,0.31050664628082525,0.3091653175395692,-0.4319806861856734
IDN,2020,SUSENAS,331232,99.76546814552896,0.40020725577608696,7.220551180282213,7.211605021555831,-0.1238985570909179,0.35335615079596594,0.352554091025697,-0.2269833901184959,0.20337077979498352,0.20219650158204394,-0.5774075381543842,0.30893741409345366,0.30808188542640524,-0.2769262083580526
IDN,2021,SUSENAS,336378,92.63965043750291,0.7133745165950344,7.2603367120857545,7.242976143198278,-0.23911520327394298,0.35504763215410795,0.3535022087327868,-0.4352721385423419,0.2058727758968124,0.20361335659335933,-1.097483284815448,0.3102824963999261,0.30863319572500103,-0.5315480873272604
IDN,2022,SUSENAS,336232,80.86850861172384,1.0837825693689718,7.419714977937803,7.3916683494109705,-0.37800142741638565,0.3551203019115664,0.35267444820557614,-0.6887394758408827,0.2056696699483922,0.20211720840844305,-1.727265639527964,0.30577650283345514,0.30315011623226484,-0.8589236180194026
IDN,2023,SUSENAS,338733,78.27671509765706,1.6031218778277456,7.651418106915541,7.610631854864642,-0.5330548073700925,0.3605703048421772,0.3571458748031422,-0.9497260293062415,0.2122503749155109,0.20726319969050633,-2.3496661558264798,0.30940762856369686,0.30571923123599454,-1.1920835128804819
IND,1993,NSS-SCH1,81241,21.933599739709635,2.1636383056796262,2.731587173142008,2.7015609573357637,-1.0992223166616633,0.3155753883786213,0.307972756948214,-2.409133193012436,0.16504512724209375,0.15463339161709488,-6.308417460714599,0.2611646851949033,0.252981844670764,-3.1332109538594666
IND,2004,NSS-SCH1,73247,26.429355814056006,3.1293662227306847,3.1197105407134655,3.077670382356718,-1.3475659939634288,0.34009402322746984,0.33108970271708826,-2.6475973981933465,0.1912214774132579,0.17853395188720833,-6.634989802233326,0.2800558453181101,0.27025962932281045,-3.4979509119591246
IND,2009,NSS-SCH1,49245,29.546526164667288,4.067622802238922,3.450740242185351,3.3731483036080543,-2.248559240383674,0.3488908864937128,0.33392598409166696,-4.289278677480024,0.2030467552094921,0.18139824202587485,-10.66183656137798,0.2900220944557429,0.27373138670387276,-5.617057480548637
IND,2011,NSS-SCH1,55206,36.755991289807426,3.5876417475101174,4.02171950011233,3.95776291666828,-1.5902795667938507,0.35399069600189104,0.34356144697157065,-2.946192978547857,0.20771257391850284,0.19256688736705008,-7.2916560927097525,0.29614096918092625,0.28479982940651916,-3.8296422834620536
IND,2015,CPHS,4458653,32.53271669783261,2.1810071079099957,4.165953751524449,4.133689831984096,-0.7744665799169326,0.3468255207396296,0.34173245835080435,-1.4684797064425714,0.19746499178718468,0.1903098288808116,-3.623509585984974,0.2893750807097816,0.2838580155123306,-1.9065446768666727
IND,2016,CPHS,4666600,33.57789836265159,2.209640562684948,4.217294641377709,4.186461116545497,-0.7311209544073716,0.34740390589026826,0.3426027751741283,-1.3820025148642001,0.19833139744155037,0.19159768817450384,-3.395180669279052,0.2909452523917915,0.28575182187001713,-1.7850198547941232
IND,2017,CPHS,5020899,39.70242723394794,1.8418446509113797,4.670464037675343,4.645409089934166,-0.5364552117105625,0.3589561199818857,0.3555019763756224,-0.9622746107344815,0.21037452367329235,0.20543386338795977,-2.3485069385137725,0.3044982181952337,0.3007664229125575,-1.2255557043304277
IND,2018,CPHS,4869314,48.03647856453645,0.4644155763820581,4.941620869296294,4.9359850602294735,-0.11404778342744004,0.3454993196663976,0.3447522065664901,-0.2162415545792884,0.19358562052114858,0.19253437125547324,-0.5430409876752695,0.2947885273635795,0.29398703839876106,-0.27188607778820817
IND,2019,CPHS,2437272,66.41270113506891,0.0009529623297218579,4.963366478267625,4.963361082284045,-0.00010871620307328911,0.3383408054568945,0.3383400861258059,-0.0002126054785556164,0.18669735290670197,0.18669634036689198,-0.0005423428850126477,0.2987363916152451,0.29873563175727325,-0.00025435735089285316
IND,2020,CPHS,2280682,59.418238183830255,0.00663296871979159,4.6844910470395815,4.684451058769073,-0.0008536310584617013,0.3380365655247999,0.33803091477371194,-0.001671639007205794,0.18615579036773866,0.18614785759958918,-0.004261359871648995,0.29818314729104967,0.2981771775102616,-0.0020020517062291354
IND,2021,CPHS,2301660,60.12449267859384,0.004048894747089728,4.8573156736158785,4.857292071298571,-0.0004859127735068469,0.32810046992701625,0.3280972050734915,-0.000995077369281283,0.175098288634274,0.17509378410252996,-0.0025725732553882885,0.2843980650204305,0.28439460111101345,-0.0012179792492017505
IRL,2004,EU-SILC,5300,468.27895204176474,1.440906548754503,43.5488584369435,43.40772198071893,-0.32408761398171615,0.32871432098447606,0.32653414449514995,-0.6632435370617973,0.18564684343718296,0.18265683124171028,-1.610591454243826,0.32364417689468317,0.3214544984891232,-0.6765696903832996
IRL,2005,EU-SILC,5955,493.176210576003,2.604252994621367,45.21635627172102,44.74715244450507,-1.0376860629731866,0.33601491282447715,0.3290660720085822,-2.068015600106654,0.19354888654911173,0.18384054371229608,-5.015964188640387,0.3155757753648978,0.3084235560761033,-2.2664031421690822
IRL,2006,EU-SILC,5733,487.821884520725,2.405739986300128,47.481726898295044,46.77508857940518,-1.488232136972334,0.33748795470926596,0.32748928696351165,-2.962673958058093,0.19371067981616052,0.17952398465692943,-7.323651526438734,0.3089003332115533,0.2984834685315805,-3.372241321876057
IRL,2007,EU-SILC,5561,578.3492660295892,0.9370752589506879,50.656083993398475,50.430169298547575,-0.44597741681007275,0.32691441445179725,0.3239005252198175,-0.9219199578684112,0.18401275190920874,0.17980424111716786,-2.287075622953205,0.3341792645453662,0.3312038120848272,-0.8903761472414895
IRL,2008,EU-SILC,5214,517.7590202025817,0.5347563985475359,50.281781499671524,50.187266824305716,-0.18797002124203432,0.31928154202138725,0.31800008593729023,-0.4013561435415425,0.17304589980238516,0.1713068831378446,-1.0049453159690525,0.3015625695711618,0.30025266116547344,-0.43437367162346696
IRL,2009,EU-SILC,5138,434.4993881349864,0.7655672257817944,46.465643760479814,46.41701096504724,-0.10466398718861347,0.30855761282917826,0.30783354597514756,-0.2346618018566171,0.16424598952481428,0.1632971049226688,-0.5777216265010376,0.4052185070237233,0.4045986380710689,-0.15297153064584013
IRL,2010,EU-SILC,4418,525.2325537910498,0.28892218557918775,45.823111262266444,45.792711434994274,-0.06634169185539829,0.32490082947429666,0.3244527668735927,-0.13790749670566926,0.18541439320783315,0.18480081703228546,-0.33092154548105546,0.4116636354568213,0.41127438361438895,-0.09455579966405336
IRL,2011,EU-SILC,4069,497.0135758492283,0.1984653143213059,44.045216536862796,44.02480891278215,-0.046333349419602765,0.321130452946918,0.32081582663681085,-0.09797461038649757,0.18302189578698913,0.18259429869982347,-0.23363165665343244,0.3746083508902208,0.37431954310049886,-0.07709592939816323
IRL,2012,EU-SILC,4294,479.43322312573076,0.3779090600682884,42.86806859449385,42.82989399284828,-0.0890513682962557,0.3268559167607883,0.32625602152912636,-0.1835350687871995,0.18837846770956856,0.18754400569681362,-0.44297101622117196,0.40274333243333305,0.4022123414600468,-0.13184351683193096
IRL,2013,EU-SILC,4600,477.9574933374417,0.8946797779535633,43.110482405071615,42.97731394483212,-0.3089004177411647,0.33162449413909645,0.32955439193423897,-0.6242307915859779,0.19212841373568956,0.18923354428303307,-1.5067367685859034,0.34860642652601315,0.3465938922327193,-0.5773084315597532
IRL,2014,EU-SILC,5204,486.8596321355377,0.4987035674536865,43.156130002034864,43.101789345919855,-0.12591642511143863,0.3321331893273669,0.3312914002038133,-0.2534492639107766,0.1924402096704072,0.19126816403847657,-0.609044042270579,0.358173306762713,0.3573667177226576,-0.22519518479631184
IRL,2015,EU-SILC,5095,493.3271230041737,0.5804930373997627,45.20425475707702,45.16351304550113,-0.09012804612049674,0.31705502586334444,0.31643910831889477,-0.19426203472804326,0.17290392869433013,0.17206945356361558,-0.4826235800516665,0.3290601895878005,0.3284572563568018,-0.18322885905887043
IRL,2016,EU-SILC,5124,456.7289810327691,1.4893087919117782,46.561379639554254,46.34911810965489,-0.4558746573717243,0.31735987964956225,0.3142365927116382,-0.9841467489125844,0.1769317297865456,0.17272276344317739,-2.378864632390132,0.4138583094750661,0.4111840888729572,-0.6461681548694309
IRL,2017,EU-SILC,4937,532.0478015853572,0.6345059594308481,49.71434668623942,49.46589041208731,-0.4997677546085155,0.3276569628746362,0.32428046245395814,-1.030498601664065,0.1849686938992403,0.18014317148929448,-2.6088319640589996,0.3386095226778353,0.3352913205945921,-0.9799494287702659
IRL,2018,EU-SILC,3678,495.9289983804303,1.7495548342988991,52.877880460198526,52.30318468045254,-1.0868358843894366,0.3125595947419587,0.3050114889825477,-2.4149333075641266,0.167854266805187,0.15753819534570956,-6.145850001805641,0.3194556784375925,0.31199648032602556,-2.3349712072888162
IRL,2019,EU-SILC,3555,424.55929188880003,1.7205096114347769,54.052601863033985,53.748817866276624,-0.5620154928473786,0.3060292683810053,0.30211144043904303,-1.280213478497938,0.15623881495143754,0.1511287552223033,-3.270672355472337,0.25948014894100224,0.2553233867018585,-1.6019577050916722
IRL,2020,EU-SILC,3601,488.4305717788628,2.767909249930149,55.833710490081586,55.32198788701406,-0.9165119039660219,0.308315017112762,0.30192942107368026,-2.071127153934993,0.1622741335436899,0.15386310699529782,-5.183220741787265,0.27863960198044535,0.2720049640579374,-2.3810821847834673
IRL,2021,EU-SILC,4053,499.88775909816053,1.3955977889292828,58.03321134132881,57.78944816075994,-0.42004082651079244,0.29211600484701505,0.28913214999317294,-1.02146229728316,0.14657589400317983,0.14271999963698523,-2.630647005373854,0.39966788613131865,0.39714693800422896,-0.6307607427486372
IRL,2022,EU-SILC,4036,477.5837530063815,2.2925979567360364,59.15822832452118,58.56479301606626,-1.0031323203249842,0.30108989833976385,0.2940140884858281,-2.35006550965422,0.15543498988382565,0.14607299096159254,-6.02309616980733,0.293312505569154,0.28618259489124154,-2.430823965066653
IRN,2005,HEIS,26761,413.8356601893918,0.0,16.566086821688305,16.566086821688305,0.0,0.4355864114814365,0.4355864114814365,0.0,0.3238983911928104,0.3238983911928104,0.0,0.4582608075155189,0.4582608075155189,0.0
IRN,2006,HEIS,30724,519.1020547380682,0.0188623018664674,17.034642573507025,17.033706132702076,-0.005497272988896906,0.44752037213918294,0.447489999397259,-0.006786895930299686,0.3420655682118694,0.34201210498816614,-0.01562952505940185,0.47424639012683645,0.4742174980217564,-0.006092214022401787
IRN,2009,HEIS,36252,443.43795650027005,0.06678836672881902,16.420551855819326,16.41419737334649,-0.038698349048393865,0.4205002462399854,0.42027590661211833,-0.05335065315015264,0.3074970041793397,0.30711895490949015,-0.12294404976674889,0.46322607980523833,0.4630183410722696,-0.044846078842564197
IRN,2011,HEIS,38467,192.43780149017314,0.39132075651782794,13.670483066139855,13.64675205430145,-0.17359307438947758,0.3466199584882944,0.3454839292202402,-0.32774490915317145,0.2017328469625288,0.20007707134010566,-0.8207764116523353,0.32654011854424814,0.32537085370369,-0.35807693271222574
IRN,2012,HEIS,38156,180.11076769231482,0.5516836668276434,13.855308732863659,13.835229499638109,-0.14492086472186472,0.34425537464126,0.3433039390631274,-0.27637493797273427,0.1969760017572142,0.19561399967009363,-0.6914558499361401,0.3129069461381361,0.31191237123554416,-0.31785005570085234
IRN,2013,HEIS,38261,165.5711664513992,0.252665272632603,13.282306754804091,13.27521953926194,-0.05335831849831996,0.3396951965960303,0.33934274074147397,-0.10375650232566924,0.19077294376164788,0.19027583447986274,-0.26057640668701865,0.3054408782515764,0.3050713064042313,-0.120996197189005
IRN,2014,HEIS,38227,164.5829184509276,0.2788511634146005,12.871315805412369,12.861537762535447,-0.07596770232931593,0.3481405072689181,0.34764500372511287,-0.14232860970196937,0.20361899323307897,0.2029064505890803,-0.3499391842994859,0.3277215459319437,0.32721182330516274,-0.15553528082246082
IRN,2015,HEIS,38201,167.59799002876252,0.3367120419248886,13.135001865026442,13.122013195215173,-0.0988859380816165,0.352640503544981,0.35199986560254426,-0.1816688485856366,0.20755771501221032,0.2066312415731879,-0.4463690684626709,0.32782721715928465,0.32716371223071317,-0.20239470484511024
IRN,2016,HEIS,38102,179.64937596944094,0.2992254962019768,13.302301475114982,13.297958391824187,-0.03264911187677022,0.3591230661967659,0.3589137833397005,-0.0582760832607665,0.21476610609409752,0.21446020460000748,-0.14243471637745975,0.33584016302552555,0.33562384031146,-0.06441240145811378
IRN,2017,HEIS,37920,219.58111746799403,0.3388023222265424,14.154283729122618,14.139176871706116,-0.10672993212238469,0.36693677297463545,0.36626051190064757,-0.18429907379019506,0.22432825715027338,0.22331553161552709,-0.451448046541858,0.3479373009222333,0.34724185027361265,-0.19987815240771756
IRN,2018,HEIS,38915,209.01060368038864,0.2827536447570612,13.61424672768103,13.599418557939922,-0.10891656393268168,0.37419905482835814,0.3735167738176156,-0.18233103529763373,0.23385187485482328,0.2328098178497533,-0.44560558076214285,0.35808569928557854,0.3573867393058324,-0.19519349170900036
IRN,2019,HEIS,38290,183.34040857587178,0.279604830567986,12.238540639704702,12.224144221320108,-0.11763182235869918,0.3648225761985989,0.3640745882147547,-0.2050278772871339,0.2224770171675221,0.22134980027660411,-0.5066666684357846,0.34721583838043457,0.34644802366461236,-0.2211347038210132
IRN,2020,HEIS,37526,174.60520666248036,0.020911727468451526,11.959548828879267,11.959427968168416,-0.0010105791830472555,0.3584295704445354,0.3584230869395635,-0.0018088644203828608,0.21512748942772353,0.21511805877742418,-0.004383749526581937,0.341863713361503,0.341857081849817,-0.0019398115175150998
IRN,2021,HEIS,37938,189.08441668195252,0.0,12.89084504073457,12.89084504073457,0.0,0.35468728992153853,0.35468728992153853,0.0,0.2114132160339519,0.2114132160339519,0.0,0.34168284620619516,0.34168284620619516,0.0
IRN,2022,HEIS,37918,185.1174234179926,0.07745812428456438,13.475620001297125,13.474095764093018,-0.011311072915087816,0.34803439025529337,0.34796064076263056,-0.021190288870220897,0.20337053727279297,0.20326470482166537,-0.05203922482913681,0.3282501881670292,0.328174410541784,-0.023085325759719666
IRQ,2006,IHSES,17492,84.75536916367122,0.3263867644966372,10.675802580445868,10.670067871074188,-0.053716892275468275,0.28600612391801217,0.28562246305928407,-0.13414428106374165,0.13318233297559479,0.1327011284583901,-0.3613125753645252,0.22146134016972585,0.22104655345946878,-0.18729531300550883
IRQ,2012,IHSES,24923,106.68712289440572,0.14941137399883056,11.300911047430706,11.297687835388107,-0.028521700852879306,0.29541856965867797,0.2952175738504219,-0.06803763503705484,0.1424619951984285,0.14220219029994308,-0.18236786458279974,0.2389788418685913,0.23876306348144194,-0.09029183732843782
ISL,2004,EU-SILC,2847,294.8863062624372,2.0765127901830662,47.62756048281187,47.3239839311544,-0.6373968109641637,0.268360370352303,0.26367638211998146,-1.7454098107602123,0.12635463936956093,0.12076489200936491,-4.423856051574948,0.22912370823905814,0.22424129173273022,-2.1309084702984205
ISL,2005,EU-SILC,2901,302.2124627766634,2.510520700323645,48.70926913116726,48.11178968073212,-1.2266237229431765,0.2798214015826558,0.27089292632693285,-3.190776404243534,0.14113775950031204,0.13003219453356918,-7.8685994492624145,0.4972328324499681,0.4910237539594452,-1.2487265693879257
ISL,2006,EU-SILC,2818,346.44559074068724,2.642349807645149,50.81251715440111,50.297102904660925,-1.0143450444976443,0.29002446936692905,0.28276253022836983,-2.503905671963025,0.14564087275879833,0.13648971451801017,-6.283372289277445,0.24995999964603155,0.2423392108570347,-3.048803328448013
ISL,2007,EU-SILC,2863,407.5745611248637,2.9211712642683443,58.237170621920455,57.62512797490129,-1.050948458661538,0.30245150569239376,0.29505818811059614,-2.444463804163355,0.16192587985240925,0.15242969792754923,-5.864523900389185,0.3933712544779431,0.3869706267214703,-1.6271213729043943
ISL,2008,EU-SILC,2876,428.3825062449785,1.8127080374479643,61.51092104801508,61.09509968984026,-0.6760122448015826,0.2947095978038604,0.2899169137714315,-1.6262395484040626,0.14963880139451513,0.14357975077999896,-4.0491173131905756,0.3279335973503834,0.3233959671608968,-1.3837039651165561
ISL,2009,EU-SILC,2886,480.64154733730953,3.086687110980949,64.09673463644532,63.59016477712693,-0.7903208520553151,0.3178927853974505,0.31246984039888825,-1.7059037661965482,0.1730573602570611,0.16591935122683354,-4.124649202798814,0.3123266535430208,0.30688884100938296,-1.741065795042307
ISL,2010,EU-SILC,3008,368.5435526428916,1.4414818210205327,53.80396532298896,53.6383670551447,-0.30778078688097343,0.28656409981577324,0.28436468962477734,-0.7675107218279797,0.1432600139775566,0.14055711492330092,-1.8867086350271678,0.47633880516244775,0.4747351439514166,-0.3366639865681864
ISL,2011,EU-SILC,3001,297.93830264812146,1.2935875586267949,47.76363702036383,47.50193708135936,-0.5479062218249786,0.26171619598117524,0.25765261909388615,-1.552665425253763,0.12483207864265289,0.11992962471581148,-3.927238879739625,0.8816736686718135,0.8810227395111426,-0.07382880807266234
ISL,2012,EU-SILC,3070,342.55447237856026,1.015433119884098,47.735562705145995,47.61019218926776,-0.26263546248030956,0.26830799425572427,0.2663827355135291,-0.7175554897407288,0.13185450053591685,0.1295113638278531,-1.7770623668817986,0.7928559460185267,0.7923118592159939,-0.06862366426902966
ISL,2013,EU-SILC,3009,341.76463478846904,1.0835707429862091,48.72995184191822,48.558490043433316,-0.3518612106187424,0.26769424720934065,0.2651105803291216,-0.9651559221586781,0.12442598139866723,0.12127488809718345,-2.5325042776938256,0.2379202104604543,0.2352532837942315,-1.120933215829556
ISL,2014,EU-SILC,2987,339.58100590529693,0.8778375981543636,49.791971160129144,49.70777613420001,-0.1690935786783032,0.2540291492087783,0.2527668954370954,-0.49689328000916966,0.1101928074669738,0.10871721838784065,-1.3390974538654898,0.2393644819911046,0.23809235359760217,-0.5314608010848154
ISL,2015,EU-SILC,2928,352.22067960734535,2.919345924317619,52.534687513934344,51.681202511215226,-1.6246123144688762,0.27800415764749054,0.26609542283395515,-4.283653494360928,0.1360503496530061,0.12094761631833606,-11.100841249720627,0.22901306259647214,0.2163524753411611,-5.52832537662683
ISL,2016,EU-SILC,2832,375.3961996054503,1.3020725537133149,56.094243163757355,55.65172386039397,-0.7888854156950176,0.2678797139147049,0.2620615252727059,-2.1719407404815927,0.12421627317759265,0.11690241222471487,-5.8880054648082325,0.22162695011840394,0.21547118646122376,-2.7775338937306437
ISL,2017,EU-SILC,2883,399.0863996130252,2.099991090109265,60.771545157337805,60.301458471208335,-0.7735309097578691,0.2724110521373754,0.2667478687936041,-2.078911005752926,0.12820184517079092,0.1212787139393594,-5.400180646548803,0.22681092983170603,0.22084165150868862,-2.6318301007127953
ISL,2018,EU-SILC,2956,422.19696067175613,1.3638954509941634,62.975197346403235,62.6423605549014,-0.5285204422163514,0.2613158023547546,0.25739389062217877,-1.5008322103887028,0.11703896132711034,0.11224892373599271,-4.092686347181451,0.20571810338239127,0.2015324320587205,-2.0346635783873523
ITA,2004,EU-SILC,20050,616.3134518133865,0.6729294456549539,47.7853650295082,47.69553494704774,-0.1879865988362539,0.34702577969551707,0.34579629929209377,-0.35429079779089045,0.22238766111338082,0.22061630393491516,-0.7965177427548764,0.5438936840573038,0.5430360521429024,-0.15768374216145187
ITA,2005,EU-SILC,18571,596.8861188447595,0.8313547080363194,49.13145548780817,49.020058676724254,-0.22673216166282373,0.34103074115602405,0.33953393893699335,-0.4389053649406671,0.2142525510700959,0.21212957263532228,-0.9908766192842422,0.4651252082169214,0.4639125476731041,-0.2607170117625124
ITA,2006,EU-SILC,18205,636.1764646972773,0.2672834486458611,48.40761137171399,48.36310322362198,-0.09194452448860746,0.3358935244258321,0.33528243286543247,-0.18193014034557642,0.20724348520113223,0.20637614138155325,-0.41851439563334036,0.4623567846768921,0.4618629019156705,-0.10681853875396108
ITA,2007,EU-SILC,18024,619.2175223525217,0.40036416914887535,49.34927151435388,49.29192556558274,-0.11620424580018884,0.33442547229532305,0.3336513067105342,-0.23149121371507375,0.20228084419466885,0.20119068646692462,-0.538932755637056,0.4170569865007314,0.4163803836873411,-0.16223270087555308
ITA,2008,EU-SILC,18079,599.5170800955349,0.4668551185255915,49.64421307449207,49.58557562481498,-0.11811537749446543,0.32646775889345425,0.32567151505140557,-0.24389662389557865,0.19607989582786356,0.19497972739975422,-0.561081707772404,0.4222801417915558,0.4215988738814723,-0.16133079504832004
ITA,2009,EU-SILC,17677,607.8205492828899,0.4440530044426463,48.909701492938424,48.84245752340734,-0.137485953662575,0.33550159043069816,0.334586950296791,-0.27261871776316227,0.20804522445980878,0.20675482298344194,-0.6202504670402176,0.5567716599230922,0.5561625283201399,-0.1094042040567289
ITA,2010,EU-SILC,16726,632.6560800628681,0.46565432534258044,49.481361879215065,49.42034941364881,-0.1233039335400421,0.33571136263163814,0.33489140359962766,-0.24424524257470326,0.21182038534489767,0.21065923000029985,-0.5481792239718342,0.5844495897410229,0.5839373358503384,-0.08764723248613215
ITA,2011,EU-SILC,17037,598.9660906556066,0.8969839420932865,48.68564054543712,48.48721761813087,-0.4075594468579746,0.3432125339005284,0.34052569410661004,-0.78285013760514,0.22730405519305608,0.22343442188565898,-1.702403991037682,0.6387682241876991,0.6372915678145643,-0.23117248435652327
ITA,2012,EU-SILC,17026,634.0605732126851,0.3907354243555317,47.934347777483985,47.868850544148735,-0.13663945870150407,0.3469359651935501,0.34604249107026774,-0.2575328628105389,0.22869846087735413,0.227393728967467,-0.5705031441321395,0.5958043153144561,0.5952518149060921,-0.09273185745094503
ITA,2013,EU-SILC,16218,597.9315257344311,0.6978958716892169,45.76038286983014,45.59520201830728,-0.3609691203693144,0.3480794063410704,0.34571803159440995,-0.6784011646890131,0.2329060443399249,0.22943606610443457,-1.4898618218881055,0.5625349976926488,0.5609515106245135,-0.28149129825348895
ITA,2014,EU-SILC,17154,618.6320162951386,0.1805729801557297,45.35915002718447,45.34347943321368,-0.034547812208551854,0.34389298479146335,0.34366624972969484,-0.06593186595708067,0.22638302306879732,0.22605598047871078,-0.14446427371329618,0.6305274570081759,0.6303999151161409,-0.020227809370931826
ITA,2015,EU-SILC,15915,618.0350676891518,0.11148498652717806,45.09207071803407,45.0712736315529,-0.046121382651109766,0.34242345017180886,0.3421200423769506,-0.0886060212015427,0.22542546892224236,0.2249876927030341,-0.1941999816175488,0.6307867082944345,0.6306165145740954,-0.026981183671304088
ITA,2016,EU-SILC,18171,704.2705957233278,0.14512272801169762,46.37306436352512,46.35819921379202,-0.03205556919113617,0.3476819771451728,0.3474728106776763,-0.06016028475618329,0.23998423937958924,0.23967714153253805,-0.12796583969226782,0.6570125535626024,0.6569026446954829,-0.01672857946526385
ITA,2017,EU-SILC,18672,679.1391448305434,0.34128078173746457,47.41862066894999,47.32843892927065,-0.19018212340872198,0.34702245220921013,0.34577835337921403,-0.358506725451313,0.23753749773486987,0.23570977392799541,-0.7694464344802032,0.6892750048895837,0.688683270163171,-0.08584885890465799
ITA,2018,EU-SILC,17847,713.6641962361163,0.28068696888933603,48.19029767359391,48.12086195688125,-0.1440865071699049,0.35466697497690036,0.3537358590333419,-0.2625324626345793,0.24567295566501945,0.24428624349876182,-0.5644545458835304,0.7235497826808084,0.72315106674421,-0.05510552917603606
ITA,2019,EU-SILC,17581,695.1192832486354,0.05768906420566315,48.34844200920977,48.3451797167615,-0.006747461371447994,0.348196225888611,0.3481522440023781,-0.012631350647362982,0.24008334642906748,0.24001996302348338,-0.02640058401669476,0.7086166777975936,0.7085970369301983,-0.00277171960677558
ITA,2020,EU-SILC,12514,680.4889468230202,0.037731600902393185,50.139919654840696,50.13728097513699,-0.0052626324929749835,0.3427002018026476,0.3426656098167691,-0.010093949666956092,0.2260947748122999,0.22604572177741922,-0.02169578439900066,0.64388809780372,0.6438693868266855,-0.0029059361554173435
ITA,2021,EU-SILC,15985,735.5009824393982,0.0065036591542920715,49.96266293664267,49.96234375387294,-0.0006388425895842431,0.34981021364686105,0.3498060599565086,-0.0011874125426913906,0.23076266495209374,0.23075668842408792,-0.0025899024901021583,0.7520121747855313,0.7520105921584187,-0.00021045232585503726
ITA,2022,EU-SILC,19044,727.8706972292664,0.3361508349796663,51.781048280822255,51.67661873995898,-0.20167521579887993,0.34578974196891843,0.3444677557899286,-0.3823092528605576,0.22001491094630632,0.2180526940520715,-0.891856322735185,0.5712851666442889,0.5704192323465322,-0.15157654150956823
JAM,1990,SLC,1820,194.29624533163002,0.3255931332619511,9.57571061044465,9.571439864792941,-0.04459977776533064,0.41113735314268274,0.4108746663170918,-0.06389271701610078,0.28154590182671524,0.28112020582563213,-0.15119950186492925,0.40336063767315655,0.403094752064442,-0.06591758934345604
JAM,1996,SLC,1822,159.36575106867087,0.6769813911005741,10.351951806074489,10.32537262820978,-0.25675523188883886,0.4039490228870808,0.40241537416569484,-0.3796639265085333,0.274931939594965,0.272491187253991,-0.887766021135894,0.39477773775732905,0.3932222655705301,-0.3940121334185087
JAM,1999,SLC,1865,266.915588180469,1.5169951403313178,13.948268126258672,13.859245910817393,-0.6382313175761767,0.4404908713061818,0.43689888712912217,-0.8154503103340982,0.33100327306776967,0.3248287727510055,-1.8653895049249192,0.4578393632275335,0.45435945038710757,-0.7600728814347257
JAM,2002,SLC,6969,451.82801333062827,0.7483261486881579,15.250262979412808,15.195883581217503,-0.35658006861072344,0.48315962614149544,0.48131055444350634,-0.3827040998346076,0.40120159720164805,0.39771500229165246,-0.8690381429970251,0.7789937809579621,0.7782030009360006,-0.10151300835663513
JAM,2004,SLC,1981,369.3355506158151,0.0,15.205788574093658,15.205788574093658,0.0,0.45457474398983944,0.45457474398983944,0.0,0.3486235473979651,0.3486235473979651,0.0,0.4678667111160646,0.4678667111160646,0.0
JAM,2018,JSLC,4543,269.5772881684315,0.0,19.125742337191213,19.125742337191213,0.0,0.35638680510333054,0.35638680510333054,0.0,0.20964272331355227,0.20964272331355227,0.0,0.329726053582158,0.329726053582158,0.0
JAM,2021,JSLC,2187,491.28618040457064,0.0,20.378365615374218,20.378365615374218,0.0,0.40210270655911406,0.40210270655911406,0.0,0.27791930706090673,0.27791930706090673,0.0,0.42435665457837646,0.42435665457837646,0.0
JOR,2002,HEIS,11977,180.110081879984,0.5191602567465886,13.742804922665577,13.728733652481285,-0.1023900889481788,0.36954616341094493,0.36890007253654944,-0.17483360358337974,0.2237014732295104,0.22273276161479405,-0.43303765537675565,0.33606597340049804,0.33538690308884,-0.20206458416091033
JOR,2006,HEIS,11636,154.96034774438837,0.6486720311877687,15.085861635580786,15.060182732864416,-0.17021833645752826,0.3385625355094144,0.3374351147160617,-0.3330022300477964,0.18731416959000047,0.18573740284485618,-0.8417765450395853,0.29040728411217864,0.2892023689914711,-0.414905268093102
JOR,2008,HEIS,10946,144.57695000655153,0.04862737909127658,15.060466033277235,15.059115145076134,-0.008969763605692904,0.3257345027098568,0.3256740197641669,-0.018568172909771974,0.17101575463564256,0.1709342032912855,-0.04768645118737869,0.26969631486066126,0.2696312013773505,-0.02414326029792635
JOR,2010,HEIS,11215,174.62734518294715,0.23236839806124507,16.924390365984603,16.91160571434418,-0.07553980594845466,0.3365573030160002,0.3360558325682953,-0.1490000196730401,0.18385463864092344,0.18315473032531937,-0.3806856986464324,0.2849983902457084,0.2844600401838654,-0.18889582547426675
KAZ,1996,LSMS,1993,118.25344294933062,0.0,6.422387323327004,6.422387323327004,0.0,0.3537830816242111,0.3537830816242111,0.0,0.21269230618082746,0.21269230618082746,0.0,0.3552579725615269,0.3552579725615269,0.0
KAZ,2001,HBS,47534,95.06805918112653,0.18871221880712494,5.579557845361798,5.576128113317237,-0.06146960278244906,0.3596475855224055,0.3592537407747579,-0.10950851986827326,0.21898389529202444,0.21839335422630546,-0.26967328575988603,0.3540338928126868,0.35363701113286095,-0.11210273589140618
KAZ,2002,HBS,47150,85.93653836537916,0.5056183396896263,5.897024409265955,5.892243592787936,-0.08107167524197267,0.3481114002349861,0.34758259053923024,-0.15190818094406033,0.20125376842684584,0.20049027473290715,-0.3793686448242628,0.32113569536373276,0.32058618663870364,-0.1711141841166941
KAZ,2003,HBS,47231,90.86257611017783,0.2151271434705165,6.34036229793645,6.33631547343962,-0.06382639203672547,0.33691478801793484,0.3364913484037677,-0.12568151628434832,0.18809053534864928,0.18748814629522292,-0.320265478701387,0.3055626021695085,0.30512009252444017,-0.14481799864461964
KAZ,2004,HBS,47222,77.06116999832494,0.7135078428067626,6.7158328902384445,6.7020916769112,-0.2046092205066241,0.31838758527811106,0.316990596550507,-0.4387698491396308,0.16669188375285726,0.16478199551129946,-1.145759588624884,0.2710726945254994,0.26958336031942687,-0.5494224376525914
KAZ,2005,HBS,46851,176.99551509403403,0.0867818708676683,7.3447517764801304,7.344030207862842,-0.009824275063996524,0.39826039957590365,0.39820127966274854,-0.014844537196778695,0.2681671721867849,0.26807272359715073,-0.03522004161208292,0.40557934305789656,0.40552099183500867,-0.014387128902559887
KAZ,2006,HBS,11995,66.97796578559682,1.5213772532026233,8.211945012019646,8.163831732276911,-0.5858938372372502,0.3024386525376901,0.2983310648298796,-1.3581556700324904,0.1517011188830535,0.1463183021360812,-3.548303919315121,0.24489351068783638,0.24046889037360464,-1.8067527807512085
KAZ,2007,HBS,11993,83.53123538271242,1.1699600413644249,9.516655762100308,9.472081626344044,-0.468380246911726,0.300840563208862,0.29755172358968685,-1.093216813615594,0.14911969494217026,0.14474014595100915,-2.9369353208907323,0.2413424614185733,0.2377861926886804,-1.4735362807645647
KAZ,2008,HBS,11996,75.8358357546595,0.42026340393135864,9.459715513734798,9.436795365336895,-0.24229215312685515,0.2849644381979426,0.2832281717569648,-0.6092923215112678,0.1324512343946802,0.1302083449104785,-1.6933700123309636,0.21833042932550095,0.2164411945598187,-0.8653098752742672
KAZ,2009,HBS,47581,76.45749921506037,0.5935307102938239,9.335916614497485,9.312795911956183,-0.24765326744027316,0.282088667683847,0.2803067807351639,-0.6316761900836632,0.12977457233321577,0.12748523703561832,-1.764086181474167,0.2175514439338443,0.2156189169885464,-0.8883080297483859
KAZ,2010,HBS,47727,79.20360310448693,0.4318410980692029,9.928318528666146,9.91035505451922,-0.18093168641860613,0.27954511753037825,0.27823948657989084,-0.46705553723203064,0.12713976693254114,0.12547401672100422,-1.3101724595898867,0.21375436117166957,0.2123371941886143,-0.6629885702856497
KAZ,2011,HBS,46826,98.33726421904244,0.4117585333840448,11.784867107873254,11.771553946094153,-0.11296828090836541,0.2798384379074461,0.27902415461592844,-0.29098336083014376,0.12676654588959302,0.12573739055634192,-0.8118508917545508,0.2132910036075023,0.2124072114622364,-0.41435978560645514
KAZ,2012,HBS,47089,105.94158345556293,0.24007154599881556,11.992633266454467,11.981199412010623,-0.09534064946208343,0.2816882177510289,0.28100277805128826,-0.2433327546367159,0.12798027970667425,0.12709133032718745,-0.6945987159304834,0.21449769183677114,0.21375122163926907,-0.34800849888404484
KAZ,2013,HBS,47535,97.66650456739812,0.4691121268582144,12.570521165550826,12.547528725406412,-0.1829076125135054,0.27065428034511785,0.2693180296815896,-0.4937112621401729,0.11847044958981945,0.11677676970388662,-1.4296222322080054,0.19960976995414914,0.19815105679309586,-0.7307824468653745
KAZ,2014,HBS,47546,91.36769338292802,0.8835161931744464,12.28441716281428,12.235912287967338,-0.3948488088939994,0.27015859799355413,0.267266849141377,-1.0703893467222225,0.11891155612775961,0.11530281072329185,-3.034814716065526,0.19825783213604697,0.19510105707702308,-1.5922574281240442
KAZ,2015,HBS,47260,84.64583420120195,0.9441970178407612,11.724288838506574,11.668665075762084,-0.47443186969091666,0.26803667424028443,0.2645487348629456,-1.3012918427021014,0.11717361998677012,0.11278080861662332,-3.7489764083782573,0.19485633639525746,0.19104000613893457,-1.9585353635006353
KAZ,2016,HBS,47429,81.12922124172393,0.44447872922090315,10.840452437794085,10.816477755248414,-0.22115942746158135,0.2722532512481328,0.2706405094252825,-0.5923682510518335,0.11998288305311977,0.11793942077277508,-1.7031281699073642,0.20157168200648712,0.19981173081180892,-0.8731143071086578
KAZ,2017,HBS,47455,88.4840748940589,0.39269920413236453,11.666905119077937,11.652746262294908,-0.12135914913609103,0.274502759308329,0.2736214909722623,-0.32104170402048604,0.12150086152079842,0.12040970512466664,-0.8980647400142039,0.20263066981630806,0.20167002715738425,-0.4740855171601943
KAZ,2018,HBS,47267,90.87246273333383,0.4635203031255895,12.426412877507131,12.410148043866942,-0.13088920994754893,0.27792874574069126,0.27698263694672687,-0.3404141559531615,0.12433391098162883,0.12315280688050612,-0.9499452657748542,0.2046633409827482,0.20362955438419483,-0.5051156663373857
KAZ,2019,HBS,46273,90.6335746122304,0.49431643647020723,12.416824674852393,12.398338484369233,-0.1488801764318981,0.2796828170865602,0.2786091545525281,-0.3838857693212461,0.12576760854977254,0.12442946718766557,-1.063979332625542,0.20632856899630025,0.20515543515993506,-0.5685755695742922
KAZ,2020,HBS,47124,98.48438795604113,0.5113454599083379,12.710073606080874,12.6833084035694,-0.21058259252463296,0.28683919718970174,0.28533465108586453,-0.5245259778223987,0.1321637546823542,0.13022896005585904,-1.4639373942918699,0.21282283949852954,0.21117187456617548,-0.7757461258595111
KAZ,2021,HBS,47220,101.22919225702252,1.1689140929669188,13.326654740648193,13.261149403998372,-0.49153623264523993,0.2919153157999702,0.28841972242366465,-1.197468302314375,0.13778227807397148,0.13327301941115177,-3.2727421304493243,0.21752063391262566,0.21367961959668247,-1.765816073102311
KEN,1994,WMS-II,10464,98.84767227220664,1.9107371794175338,4.7227346509699375,4.688340102224249,-0.7282761215183897,0.43108571486898806,0.4269135178001464,-0.9678346845962249,0.328539660845071,0.3214347930944599,-2.162560140330083,0.479838085765521,0.4760239172279561,-0.794886577517051
KEN,1997,WMS-III,10068,107.40097672817633,0.47015859835271195,5.083878454274353,5.072080087053425,-0.23207414038406426,0.44983076519249,0.44855111970252426,-0.2844726481564974,0.33871689522447523,0.3364570520144763,-0.667177587495682,0.44445585663278975,0.4431641933892191,-0.2906167675135074
KEN,2005,IHBS,13151,95.45581838064463,2.110641177535009,4.147760644323184,4.127319818441621,-0.49281594658889816,0.4645292489932983,0.4618785435846273,-0.5706218530728502,0.37714957329493837,0.37236828463019167,-1.2677433578872521,0.5199324195834996,0.5175561083055692,-0.45704233635478486
KEN,2015,IHBS,21759,83.70391837825488,0.6930125667909461,4.246111292160389,4.223704243505741,-0.5277075213741766,0.4077577252940007,0.4046162532610553,-0.7704261226884834,0.2797929762120863,0.27462155528534127,-1.848302626019127,0.4097403943655237,0.4066101555272381,-0.7639566128530451
KEN,2020,KCHS,19670,48.00482771468736,0.15016484662295862,3.5049441032880253,3.5039029041099754,-0.029706584395261526,0.36246456227878265,0.36227514096577884,-0.05225926413686688,0.21477745570799733,0.2144996693242318,-0.12933684443268145,0.32911149788648486,0.328912709042521,-0.06040167093536164
KEN,2021,KCHS,16960,43.89493977375301,1.3538309868950602,3.591901924744853,3.5634164350005406,-0.7930475369629097,0.387037599639133,0.3821394140425709,-1.2655580752694462,0.2487700027226616,0.24113457206971467,-3.069273051164123,0.35951379807981076,0.35440087369073114,-1.4221775120699442
KGZ,1998,KPMS,2814,175.70900495463513,1.4674490794758752,5.005467073617887,4.990314970939321,-0.3027110648360476,0.4635047612588167,0.46187637568278395,-0.3513201399722998,0.3932261984156371,0.390262902858159,-0.7535854857630642,0.5727799792464056,0.571483106152513,-0.22641732268625647
KGZ,2000,HBS,2789,30.084713823992285,0.0,3.0150547868548125,3.0150547868548125,0.0,0.3103501276004619,0.3103501276004619,0.0,0.1547632658048601,0.1547632658048601,0.0,0.2535906342379217,0.2535906342379217,0.0
KGZ,2001,HBS,2857,32.46971937438643,0.0,3.191317794324546,3.191317794324546,0.0,0.30163979771226335,0.30163979771226335,0.0,0.146802969825774,0.146802969825774,0.0,0.2436495181287326,0.2436495181287326,0.0
KGZ,2002,HBS,2846,32.502647429237165,0.0,3.2730500644492957,3.2730500644492957,0.0,0.30302386865020103,0.30302386865020103,0.0,0.14891494683056816,0.14891494683056816,0.0,0.24947080934418897,0.24947080934418897,0.0
KGZ,2003,HBS,1081,34.41581530088744,0.0,3.440774687327469,3.440774687327469,0.0,0.28708647156190614,0.28708647156190614,0.0,0.13254370873405197,0.13254370873405197,0.0,0.22233167140172327,0.22233167140172327,0.0
KGZ,2004,KIHS,4625,67.84403800543997,0.0,5.133828881182528,5.133828881182528,0.0,0.34773429309815407,0.34773429309815407,0.0,0.19674489539099205,0.19674489539099205,0.0,0.3080834110108561,0.3080834110108561,0.0
KGZ,2005,KIHS,19067,48.638998087861445,0.5443372395028876,4.589301417330871,4.575483240505454,-0.3010954297583246,0.32561430774055067,0.32357828601824457,-0.6252863200128189,0.17234495251321036,0.16951105967360758,-1.6443143812903682,0.271847158018232,0.26965427521112795,-0.8066601921058125
KGZ,2006,KIHS,19443,97.23779575270811,0.7812695944474043,6.024228438014713,6.012817171476669,-0.18942287224759102,0.3738124034937349,0.37262461841765404,-0.31774897381133815,0.2289046476217771,0.22710813037956257,-0.7848321390061641,0.33579997706201314,0.33454179437198617,-0.3746821846252302
KGZ,2007,KIHS,19201,73.97925358754428,0.1658395571261954,5.724117843595541,5.7219851018187935,-0.037258872633683104,0.3391182166493709,0.33887191409055606,-0.07263029431106016,0.18875986908246323,0.18841165328788745,-0.18447554359325435,0.2997293349306662,0.2994691196284788,-0.08681676161181873
KGZ,2008,KIHS,19760,65.03094395765872,0.492044446589533,6.428830383591317,6.422976471904864,-0.09105718050043121,0.3145068470604818,0.3138822151839886,-0.19860676558596246,0.16335461445591837,0.16251217127719908,-0.5157143442352075,0.2663030289109649,0.26563726208350547,-0.2500034754325031
KGZ,2009,KIHS,19729,56.685997732558995,0.8868528034016617,6.563833499088082,6.5463944603830795,-0.2656837457474359,0.29874915958601456,0.29688238825022883,-0.624862455972286,0.14582964913918883,0.1434132663864569,-1.6569900339166166,0.24492775975081893,0.24292949202889513,-0.815860041326788
KGZ,2010,KIHS,19558,49.843133375190135,0.9987136020005402,6.252797181414275,6.229673827120816,-0.36980816141278794,0.30133915051674287,0.29874717916885496,-0.8601508776550082,0.15614764120746338,0.15275498063592208,-2.172726110562051,0.2830621807082594,0.2804158416504362,-0.934896725236023
KGZ,2011,KIHS,19810,46.135329617818705,0.6739359610785175,6.234864963382476,6.22605162276138,-0.14135575786896615,0.2783986378988168,0.2773776152514502,-0.3667484349322403,0.12597098218897296,0.12470931309086564,-1.0015553393198484,0.20867913772032431,0.20756962528755707,-0.5316834470795229
KGZ,2012,KIHS,19836,39.98543717742877,0.6089055864783256,6.020489751388667,6.012015430195821,-0.1407580037968148,0.27357274088913,0.27254917580095117,-0.37414732361570335,0.12537633725115116,0.12412645323489135,-0.9969058306082634,0.2204305428985902,0.21934314677258515,-0.4933055608837833
KGZ,2013,KIHS,19837,48.478331718407695,0.40227591283430086,5.934479843890616,5.925141469674306,-0.15735792288390504,0.28815483665818986,0.287033169415685,-0.38925851653685006,0.13514856326929792,0.1337043594362508,-1.0686046511418579,0.23113701464103664,0.2299322373599837,-0.5212394401320819
KGZ,2014,KIHS,19837,42.79250612190322,1.0441061943145309,6.2019088699964104,6.1792643082103,-0.3651224527928876,0.2681900377686809,0.2655103137969663,-0.9991884836624276,0.11752031127704043,0.11425210242653128,-2.7809736163859733,0.19488630198508805,0.1919641094390837,-1.4994345504220852
KGZ,2015,KIHS,19949,41.75202600612057,2.3933057065614087,6.099402961554287,6.0572541229492725,-0.6910322021792425,0.2899791536001559,0.28504629890819055,-1.701106659124585,0.1399718225854416,0.1337666965008395,-4.43312516046891,0.2248601901074362,0.21951684636070568,-2.376296019396551
KGZ,2016,KIHS,19963,40.950662692489296,0.4637341975142976,6.2206947792410086,6.211356424750079,-0.15011754831779633,0.26780767865752253,0.26670719031387924,-0.4109248656199327,0.11622837960308519,0.1148859638755213,-1.154981022834678,0.19592589180926234,0.194728860416304,-0.6109613088420618
KGZ,2017,KIHS,19969,43.7354114621856,1.1944641511047704,6.263398121963235,6.241147306550334,-0.3552514941510099,0.2733500914563024,0.2707606670435605,-0.9472923162185398,0.12247894484183464,0.1192349199679481,-2.6486388154925433,0.20199165667471153,0.19916736280794056,-1.3982230322112876
KGZ,2018,KIHS,19948,48.21775646679923,0.9262244113438189,6.694446613780783,6.675194674815473,-0.287580737826465,0.27690327091719813,0.27481917383973986,-0.7526444417052303,0.1247709877159382,0.12219163738046901,-2.0672677059682343,0.20424907571315531,0.201974936742365,-1.1134145713266763
KGZ,2019,KIHS,19982,48.55212745128715,3.3503666273381647,7.0921619088306125,7.015156281517673,-1.0857849595489077,0.29701223255930753,0.28930980000369433,-2.593304824263487,0.148938404675806,0.13911110427880424,-6.59823127446062,0.23831729768517218,0.23002519694879775,-3.4794372111959238
KGZ,2020,KIHS,19868,54.343513131960044,0.6850315666310659,6.453587247567815,6.444783066442869,-0.13642305879204564,0.28989273526014636,0.2889231556010379,-0.33446152358332926,0.13628193068708305,0.1350531950056304,-0.901613057033912,0.2223269880145663,0.221273018033057,-0.4740629965446441
KGZ,2021,KIHS,19920,54.42980106509863,0.9931283353202671,7.037812538044312,7.015036498993521,-0.32362383805578654,0.28793650670464677,0.2856259489030043,-0.8024539257234675,0.13591443141054982,0.13297392658688478,-2.163497130619485,0.22576443116842493,0.2232684610299891,-1.1055639391546968
KGZ,2022,KIHS,19743,52.550301544965016,0.22333032704337893,6.946059785633554,6.943013660435679,-0.043854002008081316,0.26352527845323426,0.2632022118970988,-0.12259414278269487,0.11147450569984652,0.11108329268705752,-0.350943931379577,0.18894713803629903,0.18859476654648988,-0.18649210222039247
KIR,2006,HIES,1161,72.93474783413062,0.12675558212322163,5.549196821546709,5.548095209435524,-0.019851739749210395,0.3697300142713231,0.3696048860207437,-0.03384314114341924,0.2336894813582655,0.23350479848547967,-0.07902917654334374,0.3660779885359676,0.3659525085601574,-0.03427684256900321
KIR,2019,HIES,2182,51.44330037725077,0.07390982445202213,6.248530063321469,6.247694523306356,-0.01337178515019577,0.27832703156260674,0.27823052651332925,-0.03467325783474973,0.12584185598875997,0.12572270385245532,-0.09468402652554886,0.21163831487178508,0.21153387477454533,-0.049348388217429484
LAO,1992,LECS,2877,42.21680184314401,1.0186826366929143,3.940381539111116,3.929340048125259,-0.28021375281206407,0.34309775215074634,0.3412533344148998,-0.537577913082965,0.19119563153752384,0.18860599186803206,-1.3544449989086327,0.28925815710932434,0.28726955320681236,-0.6874841222750394
LAO,1997,LECS,8864,27.45588605738369,2.6537924222642273,3.0139633796184397,2.9875942045815567,-0.874900312830651,0.34895439976216813,0.34321485813599306,-1.6447827080234179,0.2020066217788541,0.19383061790855205,-4.047393990506254,0.30324868619402834,0.2971232893513295,-2.0199252697766457
LAO,2002,LECS,8070,34.79284030495129,1.1246930174088103,3.7089079626871255,3.695672444156446,-0.3568575619517511,0.3262010871986172,0.32379007254091097,-0.7391191361168614,0.17388331156152925,0.17060955344934792,-1.8827327837168006,0.2675987879764774,0.2649898287907181,-0.9749517946204822
LAO,2007,LECS,8281,43.04730983665664,1.4636008508654763,4.248130009090894,4.21755747627044,-0.7196703668444493,0.35361034872555386,0.3489266326125555,-1.324541583660921,0.20626812518539017,0.19941334904085006,-3.3232357827362558,0.3057251831212532,0.30070329427416675,-1.6426153697305046
LAO,2012,LECS,8223,63.63334625877981,0.9504781595907809,5.410251561952978,5.4030562532657544,-0.13299397643214972,0.359635482157172,0.35878289081323755,-0.2370709749829003,0.21122651575047025,0.2099720722815528,-0.5938854146509631,0.31592511507011534,0.315016409157988,-0.2876333247281204
LAO,2018,LECS,8449,94.47651263778705,1.2376363750855743,6.521311872054412,6.49138928779756,-0.45884301876556455,0.3880243379667925,0.38520455827088085,-0.7267017606903181,0.2471418183839127,0.24275782142959845,-1.7738790557509376,0.35200929574626416,0.3490268384750287,-0.8472666225795566
LBN,2011,HBS,2746,324.99989107695194,0.0,30.7860781602573,30.7860781602573,0.0,0.31832449680556274,0.31832449680556274,0.0,0.16979374731922947,0.16979374731922947,0.0,0.28576101090725714,0.28576101090725714,0.0
LBR,2007,CWIQ,3594,34.152798526921956,0.6652141434659037,2.544484464522247,2.5408045812629676,-0.14462195822328994,0.36477745083692104,0.3638578308217172,-0.2521044031351005,0.23658220434492272,0.23522570709795487,-0.5733724777499116,0.4202353448137297,0.41939760220211886,-0.19935082137895188
LBR,2014,HIES,4084,50.10879524503252,0.02474016786684758,3.8503474384196847,3.8499817120167776,-0.009498529905582753,0.3323788436214561,0.3323154245148119,-0.01908036803823787,0.1826339824049894,0.1825446656778591,-0.04890476895600404,0.2980317655779232,0.2979652528494796,-0.022317328595700126
LBR,2016,HIES,8342,56.39969307830355,0.38482286107706926,3.883071560318022,3.874382380967634,-0.22377077567110604,0.35265461159224687,0.35120289266300486,-0.4116545995776044,0.20616594892329254,0.20399406595377267,-1.0534634748670113,0.32406080722753106,0.32254625515216173,-0.4673666304564672
LCA,2015,SLCHBS,2444,707.3480006487777,0.0,23.22409555584865,23.22409555584865,0.0,0.47541142741934883,0.47541142741934883,0.0,0.4168953347047273,0.4168953347047273,0.0,0.6070470796165374,0.6070470796165374,0.0
LKA,1990,HIES,18152,36.501866078083516,2.6572276598332474,4.569282985450233,4.522148177414159,-1.0315580844119876,0.3244743289674694,0.31744172570288953,-2.167383560652947,0.17400100239572014,0.16444885933055375,-5.489705768155584,0.2622447578430833,0.25459521061224455,-2.9169495298037362
LKA,1995,SES,18768,54.97415672308183,0.8900187212823324,4.969461759683193,4.959316502511633,-0.20415203219527056,0.3539953910014474,0.3526746714327996,-0.3730894814510055,0.20377417413519017,0.2018837891625287,-0.9276862392814,0.30330496640664084,0.3018854640178713,-0.4680115876725899
LKA,2002,HIES,16909,81.0371301487136,1.5439690126316539,5.833505554638542,5.80990980261331,-0.40448666422318036,0.4017190630908434,0.3992904183810063,-0.6045629727279955,0.2640496410542956,0.2602026353059379,-1.4569251952009532,0.3635813006080102,0.3610011699055877,-0.7096433997314411
LKA,2006,HIES,18535,94.6329179369526,2.442946897829389,6.861554592120121,6.794566313319125,-0.9762842793370141,0.3966901942576324,0.3907479730122644,-1.4979501211236923,0.2590434424780683,0.24972472575659554,-3.597356733807977,0.35786669433115303,0.3515468367553559,-1.7659809297450368
LKA,2009,HIES,19944,74.69855479430855,2.2127236243309585,6.911454871771014,6.841241263986388,-1.0159019929567026,0.36054152444522247,0.3539817254747821,-1.819429531878225,0.2144961829114833,0.20474773981718575,-4.544809591469734,0.3135220215094636,0.3064898128161796,-2.2429712144069525
LKA,2012,HIES,20523,94.16251595436663,2.7203898472698818,7.875567783470361,7.77994629040643,-1.2141536419079002,0.38713608462214477,0.37960870378902356,-1.9443759267411487,0.24767468061474696,0.236006475074092,-4.7111014786386685,0.34578634410150344,0.3377590790409095,-2.3214523064674752
LKA,2016,HIES,21735,108.07455108408891,3.092368778608277,9.070544470222844,8.981025236189744,-0.986922387371314,0.3934577335405064,0.3874202426035859,-1.5344700134859446,0.25554878437478723,0.2462282270698033,-3.6472712354265857,0.3530979533841494,0.34666616336887013,-1.8215313778049191
LKA,2019,HIES,19899,111.5196981875604,1.8878420573831876,9.248450091486772,9.197666573055741,-0.5491030164911259,0.3766377715749841,0.3731984613445334,-0.9131612626287033,0.23277628003952122,0.22758820882725228,-2.228780016326448,0.3332015769103679,0.3295290493030413,-1.102193945593044
LSO,1994,NHECS,4574,1277.3954854022577,0.0,4.3310264594609444,4.3310264594609444,0.0,0.6324036516638495,0.6324036516638495,0.0,0.8387447263006824,0.8387447263006824,0.0,0.8824537954695165,0.8824537954695165,0.0
LSO,2002,HBS,5832,145.1131863103519,0.5719754345777365,2.2686648752984566,2.263090404092189,-0.2457159392276531,0.5157492353898643,0.5145565276463084,-0.23125729748377788,0.5108031338820447,0.5083705878386426,-0.4762198745561719,0.6689813130309465,0.6681659792755599,-0.12187691038673121
LSO,2017,CMSHBS,4294,190.17654291758168,0.0,4.643397006679629,4.643397006679629,0.0,0.44879701366632685,0.44879701366632685,0.0,0.3548011694376483,0.3548011694376483,0.0,0.5056439515987486,0.5056439515987486,0.0
LTU,1998,HBS,8264,131.83499533633696,0.5475310481625187,12.266061827185709,12.246769399402158,-0.15728298173740551,0.3210311803149255,0.3199619242128109,-0.33306923678432243,0.1727287540149014,0.1712667706657287,-0.8464041540220735,0.2859814164454688,0.28486079570878964,-0.39185089388241723
LTU,1999,HBS,8248,125.27095592285593,1.0274775747994316,12.111882318155004,12.06372606444721,-0.3975951255372756,0.32015237985768896,0.31744041697210523,-0.8470850308185174,0.1730113693829729,0.16931527419232761,-2.13633081099065,0.2856003907182817,0.2827596366960815,-0.9946604117227253
LTU,2000,HBS,7111,126.32552871697149,0.0,11.413488679694895,11.413488679694895,0.0,0.3167493391818883,0.3167493391818883,0.0,0.16740273387896343,0.16740273387896343,0.0,0.2795769289105009,0.2795769289105009,0.0
LTU,2001,HBS,8000,134.8704037631291,0.0,11.358331390204757,11.358331390204757,0.0,0.3201227464349924,0.3201227464349924,0.0,0.17208528976559467,0.17208528976559467,0.0,0.2907285525652322,0.2907285525652322,0.0
LTU,2002,HBS,8025,128.23199455877344,0.14313014385858172,11.34637581904757,11.341511393791729,-0.04287206182325143,0.3191556760573089,0.3188636969128187,-0.09148486660088828,0.17018014777034862,0.16978291712464033,-0.23341773462574045,0.2844978569938036,0.28419217908646344,-0.10744471349279916
LTU,2003,HBS,7825,207.57123883615833,0.22814215327966353,15.620500780423757,15.61462942474422,-0.03758749967156527,0.3545648687722134,0.3543222242639038,-0.06843444731279291,0.20871590052959466,0.20836568409249168,-0.16779576266797713,0.32634636368327896,0.3260938611918248,-0.07737254633521928
LTU,2004,HBS,7965,220.839431101018,0.061609934528074735,16.191158782883974,16.188894543589765,-0.013984417820689377,0.35204015838644775,0.351949537185024,-0.025741722716843274,0.20729098418454983,0.2071601198489006,-0.06313074163067922,0.3290050728147009,0.32891148661504965,-0.028445214795813634
LTU,2005,EU-SILC,3852,193.5721095021915,0.0,14.175765168913523,14.175765168913523,0.0,0.36703968064169956,0.36703968064169956,0.0,0.24397268461607213,0.24397268461607213,0.0,0.43760209599371336,0.43760209599371336,0.0
LTU,2006,EU-SILC,4061,177.77691720825297,0.04030690452992312,16.374708837417256,16.37469480800186,-8.567734264275373e-05,0.35154766287932193,0.3515471073338561,-0.00015802849073764946,0.2258454592227963,0.22584468128091473,-0.00034445761462054136,0.43709232244072493,0.4370918424543053,-0.00010981350963001901
LTU,2007,EU-SILC,4131,203.39598224849857,0.30888147018290263,20.40069815158421,20.3875450843536,-0.06447361326987755,0.3424497572828029,0.3420256910431865,-0.12383312605657171,0.21214510621074245,0.21155753609557326,-0.2769661415547797,0.40058834790969255,0.4002034803571485,-0.09607557347894868
LTU,2008,EU-SILC,4597,266.51519230320076,0.659106355302862,24.283724441207855,24.250328285895357,-0.13752484876590199,0.3441773819225521,0.3432746820614997,-0.2622775081877804,0.2112751401163031,0.21000716721641055,-0.6001524359158239,0.3826667127018445,0.3818198418621279,-0.22130768410379975
LTU,2008,HBS,6101,324.8700869015535,0.6645402129635773,20.90528218363417,20.879915638959762,-0.12134036006586912,0.37055656677797344,0.36979205561925144,-0.2063142924087158,0.23150126427420803,0.2303487991568498,-0.4978223859689823,0.35707313756704673,0.35629339977308405,-0.21836921121412
LTU,2009,EU-SILC,4812,295.887762674189,0.7300478819532152,25.963888393124012,25.945723825231386,-0.06996089190337562,0.35441236851873437,0.3539606946145213,-0.12744304215477342,0.23158864019043168,0.23094654641484968,-0.27725616206996095,0.5267245003867629,0.526394231664068,-0.06270236574383858
LTU,2010,EU-SILC,5227,330.83357500724713,0.5580025693720148,21.517078976209287,21.498306010395666,-0.08724681372587195,0.369372659880561,0.36882220820087996,-0.14902339546707388,0.2569192164344005,0.25609813789776714,-0.31958626841096516,0.4895656581304376,0.48912073518137156,-0.09088115999907886
LTU,2011,EU-SILC,5122,267.1155124871098,0.0,19.366250474974326,19.366250474974326,0.0,0.3328954326354331,0.3328954326354331,0.0,0.20859652763062364,0.20859652763062364,0.0,0.5004188008708192,0.5004188008708192,0.0
LTU,2012,EU-SILC,5306,246.05698878739085,0.0,21.13289154264746,21.13289154264746,0.0,0.32295114989615137,0.32295114989615137,0.0,0.18456547471875995,0.18456547471875995,0.0,0.35489576731951555,0.35489576731951555,0.0
LTU,2013,EU-SILC,5075,300.3648569002358,0.0,22.773024306669303,22.773024306669303,0.0,0.3485855625425873,0.3485855625425873,0.0,0.21839276830778687,0.21839276830778687,0.0,0.48825002356843816,0.48825002356843816,0.0
LTU,2014,EU-SILC,5125,321.67473843928735,0.0,23.759158492195827,23.759158492195827,0.0,0.3514896859949217,0.3514896859949217,0.0,0.21849895753284398,0.21849895753284398,0.0,0.4179027224235088,0.4179027224235088,0.0
LTU,2015,EU-SILC,4785,383.4500570147726,0.5512699446989986,26.012009888154477,25.969017254340265,-0.1652799379943004,0.37396153192058534,0.3729255364101298,-0.27703264160217067,0.2519987292680641,0.2504378868330437,-0.619385041961884,0.47275101256904106,0.47187961597114436,-0.18432463912902985
LTU,2016,EU-SILC,4739,385.04015261431664,0.16917329073467063,28.62166094842955,28.6148486772925,-0.023801103469589524,0.37123145355446874,0.3710817898002987,-0.04031548316745237,0.24269373267150618,0.2424720782425851,-0.09133092415744004,0.43397653985386075,0.43384215010844673,-0.03096705307140679
LTU,2017,EU-SILC,4897,424.38028260992496,0.9215064484337676,30.638990040367503,30.55292539452862,-0.28089909532099666,0.3810586879842369,0.37931649278427226,-0.45719865598149445,0.2614370110558255,0.2587922290530922,-1.0116325886882827,0.48508560134382794,0.4836378433897651,-0.29845411821173284
LTU,2018,EU-SILC,4848,478.61722196346227,0.7117364105811856,32.658599275648136,32.551979533182454,-0.3264675914780635,0.3693836799808554,0.3673189344425558,-0.5589704283650576,0.24602067222664203,0.24290733193583547,-1.2654791415001365,0.4799652761403075,0.4782640917782006,-0.3544390493802174
LTU,2019,EU-SILC,5080,440.0536380055521,0.42294029184632626,34.96327957497213,34.915588405357475,-0.13640359312514505,0.3554409216994653,0.3545607626689631,-0.2476245633997065,0.2268787699612913,0.22559933010053568,-0.5639310637015171,0.41466800166906403,0.41387037506884417,-0.19235306245222183
LTU,2020,EU-SILC,5107,455.60210199140835,0.6196383676865479,38.4635057365239,38.37955577166786,-0.21825874487649832,0.35124525107958326,0.3498266207394771,-0.40388598443562573,0.2153739642355812,0.21332290839452694,-0.952323020256407,0.410637515783115,0.4093513604989234,-0.3132093963063354
LTU,2021,EU-SILC,5617,477.820120552,0.8938281612601852,43.71493631620089,43.66962279340684,-0.10365684274658005,0.3589802908005174,0.358315545582796,-0.18517596501999023,0.2225816277563637,0.2216297109176999,-0.42767089461029917,0.3706749464211244,0.3700247243747594,-0.175415698482706
LTU,2022,EU-SILC,5913,560.7150948116782,0.4947969526073392,45.09774309873191,45.022568057647256,-0.16669357692706832,0.3657426318738195,0.3646840198268395,-0.28944179724315067,0.22886406279533755,0.22730397440108208,-0.6816659527933755,0.37074075488647795,0.3696928973356898,-0.28263888902881895
LUX,2004,EU-SILC,3514,759.1656217281491,0.0,75.69985055874439,75.69985055874439,0.0,0.30187472388745173,0.30187472388745173,0.0,0.15657635409678772,0.15657635409678772,0.0,0.3109884396217457,0.3109884396217457,0.0
LUX,2005,EU-SILC,3562,773.9309499404245,0.6057105746222858,77.74665302700124,77.6645815089376,-0.10556276684365873,0.30172697800879644,0.3009892953882861,-0.24448679577098176,0.15338469679647648,0.15240644168719442,-0.6377788199953827,0.2719468778826527,0.2711807841758268,-0.2817071160333251
LUX,2006,EU-SILC,3787,737.686617228966,0.09143095232366028,80.36771996963468,80.30799252805801,-0.0743177006878315,0.3084080790635466,0.3078937354573157,-0.16677371351382364,0.16062887522955904,0.15991666448679354,-0.4433889870346541,0.2897699315857297,0.2892425458035043,-0.18200155528194095
LUX,2007,EU-SILC,3827,785.5380633396054,0.7162087172382415,79.43602796908206,79.22027068814019,-0.27161136635110994,0.309481202698482,0.3076012180296058,-0.6074632812861913,0.16024756801921303,0.15771272620476928,-1.5818285704902735,0.2705349150792151,0.26855571573680737,-0.731587396705613
LUX,2008,EU-SILC,3745,780.8118961392787,0.5489954748253695,80.47451703791772,80.33439291750814,-0.17412235023859246,0.31133750279308525,0.31013651562729594,-0.3857508828891354,0.16133753504497506,0.15970939535876383,-1.0091512094549837,0.27498873785909406,0.27372848693105567,-0.458291833276514
LUX,2009,EU-SILC,4160,852.7212736686394,0.6361279201465083,80.23249493822786,80.0643114539152,-0.2096201600637615,0.32561544770935735,0.3241995723527975,-0.43483052371140474,0.17855534963432085,0.17661389465617194,-1.0873126916247422,0.2949730638713851,0.29349803180167233,-0.5000565307061167
LUX,2010,EU-SILC,4791,940.0433599829304,0.5186753280415839,79.9418288298387,79.76593147787625,-0.22003168370948734,0.3119691794924696,0.3104523783973083,-0.4862022260112009,0.16564682771298145,0.1635789594221011,-1.248359729812254,0.3191118923292121,0.3176144456962011,-0.46925441169900495
LUX,2011,EU-SILC,5293,870.8859371663766,0.022498944513924896,78.43689862314365,78.43427724453443,-0.003342022256402899,0.305043780427269,0.3050205546361534,-0.0076139205602010485,0.15688807521112924,0.1568574289155622,-0.019533859106757312,0.277393267293793,0.2773692373428678,-0.008662773671341828
LUX,2012,EU-SILC,5827,1010.012104079491,0.34965463761571514,77.52487840325708,77.44092705465262,-0.10828955856954092,0.32051247054339893,0.31977602169792674,-0.2297722906767441,0.17368093725143208,0.172664833389379,-0.5850405220822252,0.336633898852856,0.3359166433591033,-0.21306692409672756
LUX,2013,EU-SILC,3681,1240.7564053595447,1.308385262065944,78.5854290102394,78.09296512912515,-0.6266605493113531,0.3434714851189591,0.33933336261351155,-1.2047936101636902,0.20157404380364508,0.19555615227252598,-2.9854496231574212,0.3578248612300403,0.3537803071387349,-1.1303166798981135
LUX,2014,EU-SILC,3795,1059.1563310220222,0.0,78.08622943867574,78.08622943867574,0.0,0.3202227554578593,0.3202227554578593,0.0,0.174378141235624,0.174378141235624,0.0,0.33890689983230826,0.33890689983230826,0.0
LUX,2015,EU-SILC,3381,878.268366559186,0.0,78.83539942304797,78.83539942304797,0.0,0.3112717445504408,0.3112717445504408,0.0,0.16729789660447647,0.16729789660447647,0.0,0.4366829434829508,0.4366829434829508,0.0
LUX,2016,EU-SILC,3803,951.0644837029585,0.8098499046806861,73.71608517225128,73.67895507098316,-0.05036906284613396,0.3281236718026799,0.32778532561159635,-0.10311544705832176,0.18851471816150234,0.1880484426831801,-0.24734168391179479,0.36051014880038057,0.36018902689518106,-0.08907430380754588
LUX,2017,EU-SILC,3948,997.9890325633464,0.0,79.74645161992585,79.74645161992585,0.0,0.31723083179594047,0.31723083179594047,0.0,0.17835870461448167,0.17835870461448167,0.0,0.5060407078348539,0.5060407078348539,0.0
LUX,2018,EU-SILC,3807,1222.516840317656,0.5711616331737577,79.97907038332737,79.75537106935688,-0.27969731693345823,0.34448311135659493,0.342645040501141,-0.5335735758468796,0.2141150455466141,0.21144243491367298,-1.2482124393071947,0.4286004367532903,0.42699976497873293,-0.3734648024819265
LUX,2019,EU-SILC,3805,1224.8741066307584,0.37625475676691833,83.94347646781864,83.87111264127621,-0.08620542010809862,0.35340432500758123,0.35284661507039705,-0.1578107277470986,0.22528624270864395,0.22447554171436224,-0.3598537507370825,0.4950262626099642,0.4945913688649419,-0.08785266113545687
LUX,2020,EU-SILC,2769,1369.4010129337353,0.0,84.47563044500248,84.47563044500248,0.0,0.3422417706332348,0.3422417706332348,0.0,0.20129649605250588,0.20129649605250588,0.0,0.4068429345157568,0.4068429345157568,0.0
LUX,2021,EU-SILC,4060,1506.130138590119,0.0,93.32779395379302,93.32779395379302,0.0,0.33373637647683174,0.33373637647683174,0.0,0.18897401395841928,0.18897401395841928,0.0,0.3192337545608275,0.3192337545608275,0.0
LUX,2022,EU-SILC,3839,1282.1743388134782,0.0,93.09304003064403,93.09304003064403,0.0,0.3273477831471139,0.3273477831471139,0.0,0.19014853409788035,0.19014853409788035,0.0,0.38191690850209603,0.38191690850209603,0.0
LVA,1997,HBS,1951,121.96347942821986,0.0,10.01950210184432,10.01950210184432,0.0,0.34392591752122037,0.34392591752122037,0.0,0.20168805504353138,0.20168805504353138,0.0,0.3336979883093697,0.3336979883093697,0.0
LVA,1998,HBS,5709,109.31328702439421,0.348644422002894,10.217715694562107,10.217325110810286,-0.0038226132287988435,0.33264852982470006,0.3326230309051095,-0.00766542380452595,0.18915930734359865,0.18912463388823264,-0.018330293049251267,0.3174982133015448,0.31747227677211953,-0.00816903161614535
LVA,2002,HBS,3948,166.82856851477322,0.3377457437082008,13.78553598651939,13.762073581599719,-0.1701958120642888,0.3509123376947523,0.3498059703245112,-0.31528312099514677,0.210155181136229,0.2085488291583779,-0.7643646800265191,0.3435196253119318,0.34240290717151145,-0.32508132232803577
LVA,2003,HBS,3631,214.5250106750304,0.0,15.725537850008378,15.725537850008378,0.0,0.36528601594557486,0.36528601594557486,0.0,0.225356187788059,0.225356187788059,0.0,0.3565888649937399,0.3565888649937399,0.0
LVA,2004,HBS,3913,211.48515969177413,0.0,15.70941072967935,15.70941072967935,0.0,0.3495712836942618,0.3495712836942618,0.0,0.20709767109402755,0.20709767109402755,0.0,0.33509751992737613,0.33509751992737613,0.0
LVA,2005,EU-SILC,2944,148.02932425805508,1.6431474187182773,14.00364104083138,13.944708780515796,-0.42083526808314176,0.3614066144713697,0.3587105032445148,-0.7460049481381126,0.23950502206771063,0.235605098927115,-1.6283262484128924,0.4549902505531729,0.45269427284047303,-0.5046212990077126
LVA,2006,EU-SILC,3874,235.02139467607773,0.31077506417474193,16.02471477951699,16.015529218215445,-0.05732121555940273,0.38754187839099663,0.3871907077153399,-0.09061489744404128,0.27119688470279657,0.2706587430693683,-0.19843208524241707,0.47417923495621483,0.4738782564867816,-0.06347356595254317
LVA,2007,EU-SILC,4236,281.3946089542678,0.0,19.00019055510694,19.00019055510694,0.0,0.3545109250268369,0.3545109250268369,0.0,0.22751315204283395,0.22751315204283395,0.0,0.4921112041915291,0.4921112041915291,0.0
LVA,2007,HBS,3565,331.9780875453637,0.0,22.09591644855542,22.09591644855542,0.0,0.3604692998139457,0.3604692998139457,0.0,0.21874318629863065,0.21874318629863065,0.0,0.3471723800890929,0.3471723800890929,0.0
LVA,2008,EU-SILC,4995,453.41540364961173,0.21319772332293974,24.69940405891867,24.685984400676094,-0.054331911047589276,0.37385538638334204,0.3735150521579972,-0.0910336557237379,0.24412092266875085,0.2436029127438606,-0.21219398944889445,0.42636406127648396,0.4260526200228103,-0.07304585023917287
LVA,2008,HBS,4002,335.3150367504811,0.5706344711182533,22.106550569356386,22.05383797736922,-0.2384478384440336,0.35817898641213697,0.3566454435868074,-0.428149859010718,0.21682331501177288,0.2145544812300617,-1.0463975156859706,0.34411185741319217,0.34254676983883603,-0.45481942590454016
LVA,2009,EU-SILC,5571,399.5715019701911,0.3170696605097284,24.061952524381045,24.048708038468227,-0.055043271735311095,0.37110039144446083,0.3707540686489095,-0.09332320944296368,0.24984733674149462,0.24932336831966007,-0.20971543209871157,0.46791386039782834,0.4676211921236496,-0.06254746844427395
LVA,2009,HBS,4358,258.9601557022803,0.25744409544282765,17.99240813719899,17.989326955351796,-0.017124899700460272,0.3483174059812749,0.34820581547478535,-0.03203701697742645,0.2051859420486144,0.20502617186324246,-0.07786604860779978,0.33625888571313944,0.3361455412751789,-0.03370749228533976
LVA,2010,EU-SILC,6047,268.55455799397504,0.0,19.818497616763477,19.818497616763477,0.0,0.358227965287774,0.358227965287774,0.0,0.24488207248979244,0.24488207248979244,0.0,0.5460946350733797,0.5460946350733797,0.0
LVA,2011,EU-SILC,6356,264.83551851358226,0.0,18.71694028153133,18.71694028153133,0.0,0.3492686913457518,0.3492686913457518,0.0,0.22960050815521837,0.22960050815521837,0.0,0.4814113752863679,0.4814113752863679,0.0
LVA,2012,EU-SILC,6287,244.08518533220325,0.0,19.107645557011057,19.107645557011057,0.0,0.35716904547476447,0.35716904547476447,0.0,0.22977777126657495,0.22977777126657495,0.0,0.42307224105194563,0.42307224105194563,0.0
LVA,2013,EU-SILC,6157,268.69439715461937,0.0,19.623520774498072,19.623520774498072,0.0,0.35195679671693036,0.35195679671693036,0.0,0.22454194739443878,0.22454194739443878,0.0,0.46245760547831516,0.46245760547831516,0.0
LVA,2014,EU-SILC,6029,287.07401707463356,0.0,21.74383544799155,21.74383544799155,0.0,0.35393357758085464,0.35393357758085464,0.0,0.2284487070378467,0.2284487070378467,0.0,0.4621947376451415,0.4621947376451415,0.0
LVA,2015,EU-SILC,6026,287.6252526591929,0.2311598932233802,23.81184532008767,23.80146271691848,-0.04360268189895766,0.35062535704619224,0.3503421393470256,-0.08077501911230023,0.22324268757351318,0.22283823834641092,-0.18117020158568975,0.4462608434453559,0.44602000379565676,-0.05396835802122801
LVA,2016,EU-SILC,5945,313.7156386339713,0.3112289876641649,25.59811700852867,25.576506189088224,-0.08442347315330556,0.3412624553647875,0.34070601107453913,-0.16305464650471224,0.20931664324809818,0.2085306102505835,-0.37552341052163873,0.46056490817740436,0.46011030638951034,-0.09870525952422327
LVA,2017,EU-SILC,5928,379.53203642544173,0.10490778503664001,26.870648332643032,26.868725757215085,-0.007154927578023607,0.3429016989848752,0.34285468566536703,-0.013710436445013574,0.2096414355001479,0.20957477250124912,-0.03179857967474664,0.3992030886115545,0.39916021958661807,-0.010738650616537448
LVA,2018,EU-SILC,5752,433.64908938210505,0.10516165177473594,29.132822718854356,29.12616514878882,-0.02285247169415694,0.3553626284788961,0.3552152918724475,-0.04146091756448422,0.2282849760412633,0.22806997357572012,-0.09418160987708646,0.4915359347951319,0.49141992038130355,-0.02360242774044341
LVA,2019,EU-SILC,5223,448.90994796077683,0.0,31.714839920369222,31.714839920369222,0.0,0.350737011211535,0.350737011211535,0.0,0.2163982140139873,0.2163982140139873,0.0,0.40399287336286116,0.40399287336286116,0.0
LVA,2020,EU-SILC,6030,406.2947894827055,0.14552189275239616,32.94353855368509,32.93031175487615,-0.040149903105834994,0.34463522401755764,0.3443720243241082,-0.07637051441846676,0.20924748289372763,0.2088734853605696,-0.17873454341525985,0.40030009928781596,0.40005991131918395,-0.06000197578249766
LVA,2021,EU-SILC,6493,486.76518464841155,0.7433026585518313,35.52306351042095,35.3531445676451,-0.47833414684518294,0.35667108398945313,0.3535799611579985,-0.866659219154986,0.2255694397774275,0.22097407938342606,-2.0372264959897635,0.4600201362057573,0.45742747440293097,-0.563597459930909
LVA,2022,EU-SILC,5770,480.46155536815445,0.19864319752502752,37.156117986822814,37.123663266522406,-0.08734690828551273,0.3417177246861136,0.3411423080417697,-0.1683894638103589,0.20688130449931696,0.20605731536931504,-0.39829076484030335,0.412905516799015,0.4123932693056551,-0.12405925145563268
MAR,1990,ENNVM,2880,157.55738990004886,0.3477601731189609,7.764023292044374,7.761190696418075,-0.03648360546781859,0.392069033910029,0.3918472138087452,-0.056576796966500975,0.2529664733631398,0.2526185710495443,-0.1375290207315638,0.3681193840701136,0.36788908383146635,-0.06256129087822693
MAR,1998,ENNVM,5066,114.12056235400453,0.0,6.654839829396543,6.654839829396543,0.0,0.3935391382853526,0.3935391382853526,0.0,0.25652927062867037,0.25652927062867037,0.0,0.376384562004909,0.376384562004909,0.0
MAR,2000,ENCDM,13545,114.83411523442167,1.1660792152497799,6.841507802104868,6.821529475750313,-0.2920164228769617,0.40637008443726874,0.40463205315737205,-0.42769666037387744,0.2736924355402113,0.27089277725921734,-1.022921322420911,0.388886776219483,0.3870991363222783,-0.4596813279646561
MAR,2006,ENNVM,5977,117.53623300849931,1.4878761232268505,8.266075425261558,8.242017006507412,-0.2910500753552592,0.40718302471886547,0.4054540738913307,-0.4246126981173881,0.27552871649526356,0.2727891354441918,-0.9942996453942587,0.38519596829585856,0.38340540341167095,-0.4648451779257212
MAR,2013,ENCDM,15867,148.64407996065503,0.5735456046612359,10.565215798526243,10.54970500584784,-0.14680999398578587,0.39548508699900053,0.39459653112036164,-0.22467493916935588,0.2588665363958995,0.25747990622978456,-0.5356544671321628,0.3722544745650602,0.3713334188436108,-0.2474263667416099
MDA,1997,HBS,4408,89.26129150863107,0.3749128734766483,5.5209681464636295,5.519157498825159,-0.03279583562949551,0.3694214644502364,0.3692146625255477,-0.055979942853745523,0.2358357324646727,0.23552709084034484,-0.13087144221204383,0.38350792961475133,0.383306114834699,-0.05262336563811587
MDA,1998,HBS,6304,84.16702241731294,1.1736730376613782,4.536275960106978,4.525528509740773,-0.23692232264351798,0.39518550129075647,0.39375001356798534,-0.36324402542161627,0.2700231551482053,0.26776154060063106,-0.8375631883617229,0.4130970688450383,0.4117050584013189,-0.3369693344983715
MDA,1999,HBS,6071,64.98565780425798,1.3716995929793767,3.972241175498071,3.9663322833852073,-0.14875461614243246,0.4262420649905153,0.42538835631283367,-0.20028728926616557,0.30521685317931246,0.3038137708508819,-0.459700148866371,0.4242670030763085,0.42341093388305673,-0.20177604834797913
MDA,2000,HBS,6217,51.77674482695063,0.2536456651008879,3.678195110717901,3.672422815111482,-0.15693282799488228,0.36425690666554567,0.36325775687602957,-0.27429810423155176,0.22347446863408704,0.2219701518481183,-0.6731492841949072,0.3524407498618374,0.35142418777494766,-0.2884348893503974
MDA,2001,HBS,6212,66.27760338179861,0.0,4.37684814552901,4.37684814552901,0.0,0.37989193516777175,0.37989193516777175,0.0,0.2419992889479372,0.2419992889479372,0.0,0.3704106165755555,0.3704106165755555,0.0
MDA,2002,HBS,6155,82.41266973953877,0.22103064639244344,5.393788153979941,5.391255070757323,-0.046962972039399364,0.3584590715080507,0.3581576802685964,-0.08407967977663855,0.2135264642060235,0.21308295066756666,-0.20770893205486196,0.3363023904910989,0.3359912050264874,-0.09253144592790141
MDA,2003,HBS,6121,81.15288940058088,0.14175075142266422,6.438566967160537,6.436720426400913,-0.02867937491436434,0.349020852898833,0.34883412832527383,-0.05349954651944211,0.19999468537250276,0.1997281293853943,-0.13328153526278586,0.30913124817036153,0.3089337420059589,-0.06389071488941411
MDA,2004,HBS,6119,77.06879619827903,0.07235060950167872,6.325615969115103,6.325435014108431,-0.002860670131665799,0.35029566595522454,0.3502770811573477,-0.005305460410476304,0.20355240505918282,0.20352609887360806,-0.01292354446369437,0.3195106733293479,0.31949129193139403,-0.006065962602097574
MDA,2005,HBS,4563,79.70626474466654,0.0,5.720203652792749,5.720203652792749,0.0,0.3628083795152901,0.3628083795152901,0.0,0.22035306925458342,0.22035306925458342,0.0,0.3434243253235256,0.3434243253235256,0.0
MDA,2006,HBS,5739,147.09170211883796,0.0,9.727035020625133,9.727035020625133,0.0,0.3540092660653278,0.3540092660653278,0.0,0.2119543435636917,0.2119543435636917,0.0,0.3620500730204341,0.3620500730204341,0.0
MDA,2007,HBS,6052,153.95752687642567,0.16605776327620395,10.997578363177233,10.996689116390959,-0.008085841781779735,0.34421040965091265,0.3441573883793356,-0.015403738553632085,0.19777460781000356,0.19769937908269242,-0.03803760661904576,0.3212555285730845,0.32120082276737283,-0.017028751522074614
MDA,2008,HBS,6132,135.3870475575257,0.30067145515200594,10.724819670739562,10.720574896492336,-0.03957898013714489,0.3469244306112892,0.3466659079554807,-0.07451843485135612,0.20142992798440718,0.20106275386883032,-0.18228379429559016,0.31938057684270516,0.3191120555726804,-0.08407564188130934
MDA,2009,HBS,5531,145.62958234439733,0.0,10.706347033468338,10.706347033468338,0.0,0.3291090807134498,0.3291090807134498,0.0,0.17967479545719245,0.17967479545719245,0.0,0.2975953892602905,0.2975953892602905,0.0
MDA,2010,HBS,5454,118.91423673159036,0.41290160790147373,10.935810388063821,10.928030220373248,-0.07114395197510559,0.3205092021119684,0.3200255680788573,-0.15089552185219013,0.16973856793771613,0.1690810849221105,-0.3873503963147007,0.2766975897990852,0.27618486200272263,-0.1853025885534043
MDA,2011,HBS,5672,113.74710702566793,0.4902786117638162,11.217984012404692,11.191711051619588,-0.234203942134803,0.30628575662201574,0.3046577997975609,-0.5315156807842891,0.15511505270517878,0.1529338200239616,-1.4062031009736686,0.25569349236256567,0.2539527834808947,-0.6807795011078088
MDA,2012,HBS,5483,96.279679898601,0.0,10.957043578109511,10.957043578109511,0.0,0.2915883937438736,0.2915883937438736,0.0,0.13851202452035727,0.13851202452035727,0.0,0.23333202472909131,0.23333202472909131,0.0
MDA,2013,HBS,5081,102.89545561734548,0.4290563353146016,11.721873500732071,11.711190344772106,-0.09113863888138285,0.2853415890408455,0.28468998001928314,-0.2283610404472447,0.13308547769196233,0.13226524281332708,-0.6163218503327239,0.2236295844394086,0.2229269471283154,-0.3141969399328648
MDA,2014,HBS,4884,91.87054589540502,0.17136858539234004,11.427106732187658,11.425772703329757,-0.011674248689241828,0.26833852607429975,0.26825311668042895,-0.03182897182909539,0.11557452825435499,0.11547165876981769,-0.08900705552603583,0.1973210268118798,0.19722837364476287,-0.0469555468131988
MDA,2015,HBS,5069,88.04596890027845,0.4643885911728071,11.800105079141009,11.789716982890099,-0.08803393004757076,0.27028158045794126,0.26963891940386875,-0.23777463968637225,0.11875015541177181,0.11797236735103267,-0.6549785623792381,0.20173570432324384,0.2010400924969743,-0.3448134422228799
MDA,2016,HBS,4965,69.00085806192754,1.6610153078649497,11.455085668716867,11.365826163252656,-0.7792129019861704,0.2634538676115892,0.2576731831123429,-2.1941923083736103,0.11581469728421467,0.1086393638983556,-6.195529198034744,0.1941683276854126,0.18788197662557338,-3.2375779998601084
MDA,2017,HBS,5149,79.639262336692,0.0,11.499221685796932,11.499221685796932,0.0,0.25899244721588655,0.25899244721588655,0.0,0.10820759139452196,0.10820759139452196,0.0,0.18687792373778966,0.18687792373778966,0.0
MDA,2018,HBS,5140,77.15115817585585,0.46528579495051214,11.911888290169237,11.9018571650005,-0.084211041309179,0.25661648083524446,0.2559903933938801,-0.24397787676246896,0.10688578429554241,0.10616015919602795,-0.6788789587847233,0.1827357133716454,0.18205778658885285,-0.37098757012745676
MDA,2019,HBS,4408,84.80347903129359,0.12605092549912822,12.118137188483,12.117680993509422,-0.0037645635338368066,0.2601664666807716,0.2601386207074037,-0.010703137004230978,0.10901171439748092,0.10897936634911831,-0.02967391948782705,0.18784757786498052,0.18781749462610764,-0.016014706824962754
MDA,2021,HBS,4078,75.29452395509878,0.8778201977852587,12.111857095027329,12.099631689498043,-0.10093749813400166,0.25731638291090886,0.2565668145752402,-0.29130221993216576,0.10817174612448088,0.10731140556206542,-0.7953468380046402,0.1844591362507556,0.18364991570272293,-0.4386990877657704
MDG,1993,EPM,4501,31.980855702235825,8.808477206084754,2.1035774658146953,2.005398426383162,-4.66724145067362,0.45255697506501813,0.4258304837410367,-5.9056633300462735,0.36022807760790754,0.3142280975698684,-12.769682014656302,0.470074931833383,0.4441548231404787,-5.514037643277603
MDG,1997,EPM,6345,39.33469104013038,0.5820019100778117,2.0125884258406717,2.00962169981456,-0.14740848094026981,0.3946835500014668,0.3937902264370473,-0.2263391936188408,0.26756871841586977,0.2661578212375163,-0.5273027380430118,0.4174800285264103,0.4166210383279053,-0.2057559978466461
MDG,1999,EPM,5120,44.98095765099286,0.0,2.05339128155408,2.05339128155408,0.0,0.38607480388555104,0.38607480388555104,0.0,0.251268691394126,0.251268691394126,0.0,0.39243203691436845,0.39243203691436845,0.0
MDG,2001,EPM,5079,64.31682365182525,0.06793074128611885,2.086156077414838,2.085962285150423,-0.00928944226719075,0.47435429941516416,0.474305467091942,-0.010294483107331498,0.38120977767595743,0.3811196759175703,-0.023635741700134272,0.49771446396568475,0.49766782139291255,-0.009371351678344464
MDG,2005,EPM,11777,25.748570241978474,2.711509508777419,1.9466347349991653,1.9293542093217277,-0.8877127982330424,0.39937179166027814,0.39399794274633193,-1.3455754828366584,0.2670168927335111,0.2585709792455333,-3.1630633558480503,0.37742675696131855,0.37186122906657504,-1.4745981285354204
MDG,2010,EPM,12453,25.39359092037714,2.2358325001714445,1.6936436406837954,1.6725869210751791,-1.2432792296326656,0.4241748756185194,0.4169302898560069,-1.7079242970127972,0.30296649254987035,0.29092088481282896,-3.975887774143405,0.42513931251782144,0.4179089536564241,-1.7007034279132305
MDG,2012,ENSOMD,16903,28.210608703800652,0.22523494297578547,1.590917926149594,1.5906497427243802,-0.016857150253057895,0.42638994084554127,0.4262932386895757,-0.02267927704246997,0.308063007130881,0.3079031236983945,-0.05189958832627628,0.4404193422831284,0.4403251384828164,-0.021389569273599918
MDV,2002,HIES,834,63.891703555340925,11.824635395117106,7.056232587283891,6.4283759959192475,-8.897901020101163,0.4131202705279362,0.3559252342550049,-13.84464533774642,0.30081794128617956,0.21079090595851024,-29.927415546675505,0.38341681829047947,0.3232684699407674,-15.687456960780267
MDV,2009,HIES,1903,134.47144949894505,0.1336671837395158,8.724323012925684,8.724312745391781,-0.00011768860330718667,0.38372763778188734,0.3837269126006696,-0.00018898331689554126,0.25029050181316537,0.25028940124756627,-0.00043971528728148357,0.37408944811113176,0.37408871342388916,-0.00019639346854338768
MDV,2016,HIES,4892,184.06665508726456,0.0,19.446727506812216,19.446727506812216,0.0,0.31285647131310856,0.31285647131310856,0.0,0.16229670139260888,0.16229670139260888,0.0,0.2659092447536189,0.2659092447536189,0.0
MDV,2019,HIES,4720,177.9098348805169,0.0,18.69046707025154,18.69046707025154,0.0,0.2928509126347765,0.2928509126347765,0.0,0.13756614086844943,0.13756614086844943,0.0,0.23117398207772255,0.23117398207772255,0.0
MEX,1984,ENIGH,4672,331.326290912522,0.09547187840888588,9.872880155080137,9.87143893626967,-0.01459775453394041,0.4852701236099983,0.4851949771543359,-0.015485489834687893,0.40707924198367884,0.4069372527045436,-0.03488000971095806,0.5265552784020573,0.5264861806283263,-0.013122605843152169
MEX,1989,ENIGH,10539,265.23822185475524,2.981325930363853,10.205823735597136,9.98516108800326,-2.1621248153073758,0.5007373905642514,0.48970741837420606,-2.202745869969147,0.4453743522004092,0.42383669052006123,-4.835855853382521,0.5697618937270761,0.5602552810120213,-1.668523785061804
MEX,1992,ENIGH,10259,397.71685522867193,2.4496110116415575,11.984109611286181,11.885557067019944,-0.8223601707833539,0.5230434072744952,0.5190901849764415,-0.7558115145076205,0.4811677034465238,0.4730663327358764,-1.6836896268429213,0.5781353040483479,0.574637887153195,-0.6049478159632415
MEX,1994,ENIGH,12440,489.9212436264317,0.7668173328908751,12.424514677273496,12.393916124688799,-0.24627563634873617,0.5342153487491043,0.533065644228247,-0.2152136818137751,0.5059083795087882,0.5034912085868308,-0.4777882754787188,0.6017986265788396,0.6008156884571364,-0.16333339397783808
MEX,1996,ENIGH,13672,334.1671255324062,1.2780270877514326,9.05753860339821,8.99497512986097,-0.6907337222252452,0.5194996216805012,0.5161586014762358,-0.6431227405821249,0.48068856242736735,0.4738797807172985,-1.416464264447237,0.5942395421945967,0.5914177055919045,-0.47486516839165827
MEX,1998,ENIGH,10630,453.8790226971717,0.8548565435614949,9.846507473661868,9.788394844629304,-0.5901851919374201,0.5327792408551981,0.5300055560126666,-0.5206067785372581,0.5167408129259605,0.5108696226359535,-1.1361963566923206,0.6245506762364497,0.6223217506836225,-0.356884659265555
MEX,2000,ENIGH,9895,453.5587177331808,0.9315314750855381,11.72272872148785,11.704864029787895,-0.1523936288588601,0.5341009607538958,0.5333900845357074,-0.13309772316922874,0.5167315807159447,0.5152413552035406,-0.2883945104224739,0.6317611741082279,0.6311992544844147,-0.08894494420400578
MEX,2002,ENIGH,16433,403.8239219947737,0.0,11.747806464722494,11.747806464722494,0.0,0.5058033040921629,0.5058033040921629,0.0,0.4513209422367064,0.4513209422367064,0.0,0.5733758053265612,0.5733758053265612,0.0
MEX,2004,ENIGH,21394,370.5837624979989,2.2285404596213017,12.407569254656673,12.257775569357719,-1.2072766407709934,0.5033139093259404,0.49724567491360017,-1.205656013056966,0.4532265070207542,0.44126174657637396,-2.639907476513137,0.5823219945182748,0.5772185479535192,-0.8763959824284906
MEX,2005,ENIGH,21964,420.76317091772694,3.7920499652950337,12.762416357068286,12.619463562118655,-1.1201075952239847,0.5093210203829275,0.5037669306451633,-1.090489007029083,0.4715505632387398,0.46052643888565203,-2.3378456548479143,0.6257049504698797,0.6214657571009621,-0.6775067650869881
MEX,2006,ENIGH,20043,376.71013337905504,0.9889688839410882,13.318032893447532,13.291506859605889,-0.1991738123330089,0.4970634355877185,0.496060031412049,-0.20186642263940735,0.43542437254790833,0.4334898216048342,-0.44429091824925715,0.5599405346142607,0.5590626495608546,-0.15678183648749622
MEX,2008,ENIGH,28560,506.1173978359514,1.1655489677987736,13.646026400878016,13.532824089240524,-0.8295624551203251,0.5082438400065723,0.5041304782450895,-0.8093284045370019,0.46220881644224443,0.4539410240778947,-1.7887569579458251,0.5908223382426725,0.5873997046693142,-0.5792999607188931
MEX,2010,ENIGH,26637,355.01547941537075,0.8524464698126349,12.769867754009036,12.749344139973575,-0.16071908050119266,0.47647309011773475,0.47563047680236226,-0.17684384130997044,0.39827964510298974,0.3967166101875996,-0.39244659741171084,0.5360965793403324,0.5353500855022155,-0.13924614834055493
MEX,2012,ENIGH,8702,399.1251632514188,1.0425510673313827,13.907482079496145,13.84629286429558,-0.43997335283845196,0.4959120254910496,0.4936848242747687,-0.44911216139104093,0.42932564196170864,0.42501328709986863,-1.0044484746207227,0.5465641714120069,0.544560842099298,-0.3665314006099929
MEX,2014,ENIGH,19025,314.0561771738897,1.2169987075014237,13.085197482767024,13.050295603053987,-0.26672795545501504,0.4890475115850088,0.4876813392337568,-0.27935370672355075,0.41380002675052374,0.41120675246380234,-0.6266974671523817,0.5290625177034106,0.527803578863689,-0.23795653587150856
MEX,2016,ENIGHNS,68154,343.7680235636466,1.9024303246860335,14.772332256995702,14.63169864722522,-0.9520068146577354,0.46905128556538667,0.46394974844351566,-1.0876288540008328,0.3782444858219729,0.36890615920785663,-2.4688599475079953,0.4970953605312993,0.4922633418880412,-0.972050641972122
MEX,2018,ENIGHNS,72369,307.251336295696,2.6286310130930524,15.073889550089353,14.904156641363867,-1.126006052793982,0.4594873285937888,0.4533362319940297,-1.3386868836152366,0.3633962179029697,0.3524362309894431,-3.0159881621148465,0.4853771597265514,0.47951993161609063,-1.2067374809644038
MEX,2020,ENIGHNS,86139,311.73664407523256,1.4979358468133852,14.355245454940668,14.253516376523827,-0.7086543990916572,0.44581102583803667,0.44185662954029703,-0.8870117759663176,0.3420589888587,0.3351115667380955,-2.0310596554661497,0.47562801551065015,0.4718869629679475,-0.786550081303794
MEX,2022,ENIGHNS,87138,317.32319963942217,1.8484002654728184,16.590650043047475,16.457865416164626,-0.8003581929479253,0.4344189412120978,0.42985731564812846,-1.0500521803311957,0.32322996209788446,0.31543349345930993,-2.4120501045053144,0.4519497215944449,0.4475305601297138,-0.9777993554549891
MHL,2019,HIES,873,160.0515166856753,0.0,11.5619952200544,11.5619952200544,0.0,0.354829428339533,0.354829428339533,0.0,0.2090640468988716,0.2090640468988716,0.0,0.3312394071389373,0.3312394071389373,0.0
MKD,2000,HBS,1025,117.80554826374625,0.13091474312329887,7.5876725793728514,7.586067134026024,-0.02115860074394238,0.3426387210687445,0.3424996181455442,-0.04059754915218816,0.20401013554192904,0.20381098914614593,-0.09761593229380416,0.34247278417426286,0.34233394939641193,-0.04053892287694261
MKD,2002,HBS,4091,247.8828567929282,0.0,12.62821195785184,12.62821195785184,0.0,0.38509068317199313,0.38509068317199313,0.0,0.2535901232177924,0.2535901232177924,0.0,0.39368729147913406,0.39368729147913406,0.0
MKD,2003,HBS,4241,225.6920314311317,0.0,12.344030881591634,12.344030881591634,0.0,0.38722393178631087,0.38722393178631087,0.0,0.25482758966710106,0.25482758966710106,0.0,0.39362353742097966,0.39362353742097966,0.0
MKD,2004,HBS,4070,294.3605375313839,0.4937212532891094,15.421479971212491,15.40159379504371,-0.12895115258655387,0.38432551724046926,0.3835308195554421,-0.20677723684163762,0.25430849340722705,0.25307599710967743,-0.48464614021994645,0.3931222081441281,0.392339586105532,-0.19907856192881157
MKD,2005,HBS,4212,337.4219365017781,0.0,13.291702495387272,13.291702495387272,0.0,0.39305250114646073,0.39305250114646073,0.0,0.2662172022228724,0.2662172022228724,0.0,0.4150252823981011,0.4150252823981011,0.0
MKD,2006,HBS,4211,316.6156908580801,1.2630365749211674,13.701883936464212,13.617882579865256,-0.6130642836304157,0.4264250322881006,0.4228886934332111,-0.829299076537382,0.3166403769339978,0.3106777329760537,-1.8830965323121118,0.4602974573191366,0.45697005571022786,-0.7228807276686289
MKD,2008,HBS,3991,523.9934541863985,0.0,18.359124629687404,18.359124629687404,0.0,0.4614162558131858,0.4614162558131858,0.0,0.362239466934668,0.362239466934668,0.0,0.4960499175751282,0.4960499175751282,0.0
MKD,2010,SILC-C,1874,344.30417394349445,0.0,10.458095884703997,10.458095884703997,0.0,0.42764455117433453,0.42764455117433453,0.0,0.3655417465449149,0.3655417465449149,0.0,0.6185836481228588,0.6185836481228588,0.0
MKD,2011,SILC-C,1874,270.35734953703655,0.0,10.766157914714999,10.766157914714999,0.0,0.38361946946594827,0.38361946946594827,0.0,0.29678603049712393,0.29678603049712393,0.0,0.5528137014335524,0.5528137014335524,0.0
MKD,2012,SILC-C,3485,302.38111101274654,0.0,10.848177756906288,10.848177756906288,0.0,0.39130069698982195,0.39130069698982195,0.0,0.3105328034734596,0.3105328034734596,0.0,0.5612122876201516,0.5612122876201516,0.0
MKD,2013,SILC-C,3315,264.8185681571568,0.0,10.876467711446498,10.876467711446498,0.0,0.3808133103641089,0.3808133103641089,0.0,0.2854295608975921,0.2854295608975921,0.0,0.5248929580051949,0.5248929580051949,0.0
MKD,2014,SILC-C,3157,239.43336281058782,0.0,10.875498189472815,10.875498189472815,0.0,0.3620936470654239,0.3620936470654239,0.0,0.24785044572202652,0.24785044572202652,0.0,0.47587938683824016,0.47587938683824016,0.0
MKD,2015,SILC-C,3535,226.1609758459839,0.0,11.587187991994167,11.587187991994167,0.0,0.3513539907169393,0.3513539907169393,0.0,0.23993969128861536,0.23993969128861536,0.0,0.47436916416718555,0.47436916416718555,0.0
MKD,2016,SILC-C,3689,251.71533987019163,0.0,12.086890841202955,12.086890841202955,0.0,0.3554724543111275,0.3554724543111275,0.0,0.2516954664233273,0.2516954664233273,0.0,0.5089993713579033,0.5089993713579033,0.0
MKD,2017,SILC-C,3813,240.82559839542418,0.0,12.8035509225736,12.8035509225736,0.0,0.3453220086818175,0.3453220086818175,0.0,0.23904600830218214,0.23904600830218214,0.0,0.4734417745669932,0.4734417745669932,0.0
MKD,2018,SILC-C,4113,249.56278123675511,0.0,13.332932677769083,13.332932677769083,0.0,0.3418816965428013,0.3418816965428013,0.0,0.24009710632165282,0.24009710632165282,0.0,0.5014386306674241,0.5014386306674241,0.0
MKD,2019,SILC-C,4177,252.25377924865606,0.0,13.686703574766222,13.686703574766222,0.0,0.32954063313835813,0.32954063313835813,0.0,0.21295330643909383,0.21295330643909383,0.0,0.425738322324287,0.425738322324287,0.0
MKD,2020,SILC-C,4478,293.0400543764006,0.0,14.949457867337484,14.949457867337484,0.0,0.33504328097563696,0.33504328097563696,0.0,0.22301966592903044,0.22301966592903044,0.0,0.4463551770572405,0.4463551770572405,0.0
MLI,1994,EMCES,9066,44.27755149871249,1.653469914188015,1.4234778984583007,1.4132775706210003,-0.7165778863407635,0.5044123670429674,0.5008362341101131,-0.708970113841334,0.43667717150992064,0.4296125746641296,-1.6178076864800217,0.5348281448092456,0.5314713767103267,-0.6276349013225713
MLI,2001,EMEP,4966,60.7641390332604,0.0,2.594082834715825,2.594082834715825,0.0,0.3986728255274503,0.3986728255274503,0.0,0.2651052567590191,0.2651052567590191,0.0,0.3922435735736126,0.3922435735736126,0.0
MLI,2006,ELIM,4493,47.488802294715754,0.15677805550653937,2.91704147907142,2.9155524969735986,-0.05104425523271283,0.38929962007798935,0.38898776658624323,-0.08010629234204147,0.2523522838788762,0.2518672944151107,-0.19218746757937444,0.3779447768547687,0.37762759411075786,-0.08392303940548684
MLI,2009,ELIM,9035,35.77634720427334,0.0032311600319011855,2.7623889256556584,2.762349778872767,-0.0014171350937508542,0.3303795579744917,0.33037006843358263,-0.002872314790680619,0.17784034745582067,0.17782698459464374,-0.007513964838745668,0.2929117675065297,0.29290177068425294,-0.003412912482780861
MLI,2018,EHCVM,6602,74.23203591952188,0.0,4.9264206053780555,4.9264206053780555,0.0,0.3596335884906551,0.3596335884906551,0.0,0.209434229597252,0.209434229597252,0.0,0.3194432343359638,0.3194432343359638,0.0
MLI,2021,EHCVM,6143,56.72994537728053,0.004457779554621983,4.359941971442931,4.359909463583844,-0.0007456030217678489,0.35653594201862826,0.356531144316668,-0.0013456432844116684,0.2052073627853641,0.20520042891304513,-0.0033789588369859125,0.3107531448624854,0.31074802320115735,-0.0016481446488025853
MLT,2007,EU-SILC,3469,299.2069167651036,0.0,34.66970111970075,34.66970111970075,0.0,0.28019976153765946,0.28019976153765946,0.0,0.13999372111968578,0.13999372111968578,0.0,0.3189562998941946,0.3189562998941946,0.0
MLT,2008,EU-SILC,3350,372.35986836293483,0.0,37.78858843460194,37.78858843460194,0.0,0.2920773950690976,0.2920773950690976,0.0,0.15451768607057126,0.15451768607057126,0.0,0.36246913108200474,0.36246913108200474,0.0
MLT,2009,EU-SILC,3622,402.0622711439909,0.12183841278307922,38.7695117867822,38.76933525571899,-0.0004553347593860835,0.28995506648559455,0.2899518339224356,-0.0011148496896762339,0.14287032084504903,0.14286620572961528,-0.002880315106312814,0.2835569851850611,0.2835537446064339,-0.0011428315282335788
MLT,2010,EU-SILC,3759,374.6146125565619,0.2119660162576908,38.02568498855759,37.99995662235876,-0.06766049370727778,0.3024479701956463,0.3019757826724019,-0.15612190187256347,0.16294990189826786,0.16232938813316666,-0.3808003305755814,0.5734091050546348,0.5731211404025567,-0.05021975576245952
MLT,2011,EU-SILC,4064,366.7134606739969,0.0,38.5043900691321,38.5043900691321,0.0,0.29025866748236395,0.29025866748236395,0.0,0.14562805887853703,0.14562805887853703,0.0,0.33219928988204905,0.33219928988204905,0.0
MLT,2012,EU-SILC,4337,338.9998152861955,0.816367155081417,39.28612460234861,39.223429126002536,-0.15958681845223976,0.29142591187103317,0.2902941501722993,-0.3883531465914025,0.15031249538447167,0.14887583005132,-0.955785697973377,0.9354845408082391,0.9353814859817992,-0.011016197696955832
MLT,2013,EU-SILC,4373,341.2105212009621,1.2086345041299786,40.694348134174966,40.50741724746104,-0.4593534367416052,0.2936044854362889,0.29034691633801124,-1.1095093092454045,0.14911757067652331,0.14489810808340797,-2.8296213343419474,0.2832347730940129,0.27994476693656956,-1.1615827115801558
MLT,2014,EU-SILC,4376,353.29082739784684,0.5212132270774318,42.881447696772014,42.80771102356233,-0.17195471974524867,0.28843663732029656,0.28721156639816037,-0.42472791720138403,0.1404842804007922,0.13893021516961168,-1.1062200174616454,0.24729380225477238,0.24600663520806576,-0.5205011346707811
MLT,2015,EU-SILC,4230,376.7612999860113,0.6147105090457474,45.409102584613514,45.296935345272715,-0.2470148779791237,0.2902034651693268,0.2884463234273381,-0.6054861340003104,0.14233993171005332,0.14005641048838724,-1.604273090644459,0.24702258047968206,0.245167144594033,-0.7511199510773836
MLT,2016,EU-SILC,4085,404.4251990845771,0.36609913934424165,45.6287857904177,45.596387517365535,-0.07100402189306187,0.2943377335357318,0.2938364766527285,-0.17029990581973742,0.14796893124130772,0.14732679997802256,-0.4339635745817305,0.2975600834526647,0.297064235005302,-0.16663809258596896
MLT,2017,EU-SILC,3895,428.09905659885766,0.09833454961975115,48.517313820721384,48.51496273263593,-0.004845874390613236,0.2908911440161529,0.29085678496103085,-0.011811653888005313,0.14441233264111775,0.14436922704960065,-0.02984896838708062,0.32607580192549945,0.32604341158790306,-0.009933376658166626
MLT,2018,EU-SILC,3820,414.6188411468841,0.0,48.85232551445871,48.85232551445871,0.0,0.2923223866719351,0.2923223866719351,0.0,0.14742222982967723,0.14742222982967723,0.0,0.3176600552406217,0.3176600552406217,0.0
MLT,2019,EU-SILC,3756,432.2598845887617,0.3187339379735142,50.0754183657582,50.032697770276,-0.08531250836520954,0.28665086242360616,0.2860419064114743,-0.21243822780897537,0.14149091837189287,0.1407150254152283,-0.5483694399560202,0.2814607321916628,0.28085092668763256,-0.21665739987308807
MLT,2020,EU-SILC,3792,514.3233254165978,0.899116967177583,54.54950689008413,54.3356043858076,-0.39212545900284557,0.3104208210122529,0.30770776816526,-0.8739919049714051,0.17419059387973013,0.170553111784415,-2.0882195842483964,0.9853347625104298,0.9852770348898888,-0.00585868100237974
MLT,2021,EU-SILC,4024,539.5196544987065,0.8477869303794482,56.9893286042718,56.83601339598575,-0.2690244156948185,0.31403779082878946,0.31218841884904247,-0.5889010920839266,0.1769203041118197,0.17444026536756674,-1.4017829986802899,0.3637745182099368,0.36206542012025833,-0.4698234769407672
MMR,2015,MPLCS,3648,67.32987378704806,7.422400880498472,6.414801572006169,6.122335808532823,-4.559233207612379,0.3806850928508574,0.35115999522282904,-7.755779824978736,0.2505118190435618,0.20594629146896115,-17.789790415777183,0.3449080901034578,0.3136690420048994,-9.057209440691283
MMR,2017,MLCS,13718,53.313237955447725,1.5192835338038826,6.579838945948268,6.5396649702462915,-0.6105616874819475,0.3069686956452108,0.3027138600335856,-1.3860812753828444,0.15531112186640383,0.149642412659017,-3.649905518204266,0.2459344065391692,0.24132433818721843,-1.874511345047014
MNE,2005,HBS,1326,133.45602536026232,0.0,14.561747913202224,14.561747913202224,0.0,0.302172763762214,0.302172763762214,0.0,0.15066551166764963,0.15066551166764963,0.0,0.2576164069397572,0.2576164069397572,0.0
MNE,2006,HBS,1300,160.06048071425775,0.0,15.07190109753275,15.07190109753275,0.0,0.30035359616915147,0.30035359616915147,0.0,0.14938895449949152,0.14938895449949152,0.0,0.25567859481679467,0.25567859481679467,0.0
MNE,2007,HBS,1090,228.3091496508037,0.0,18.540245057066667,18.540245057066667,0.0,0.31448067723378803,0.31448067723378803,0.0,0.1662155601316182,0.1662155601316182,0.0,0.28052087153195926,0.28052087153195926,0.0
MNE,2008,HBS,1192,186.81704642109798,0.0,19.49541240224873,19.49541240224873,0.0,0.3048799358201837,0.3048799358201837,0.0,0.1543919411166601,0.1543919411166601,0.0,0.26265834482637507,0.26265834482637507,0.0
MNE,2009,HBS,1223,160.61215390652586,0.26679663300467005,19.127317212503222,19.11805195813268,-0.04843990543790255,0.3100851634349385,0.3097509334035248,-0.10778652796907817,0.16215781827902376,0.16172540284552195,-0.2666633271778185,0.27100267298087166,0.27065236574757146,-0.12926338675816051
MNE,2010,HBS,1250,184.79384790262188,0.2410624919100264,17.291335493586832,17.287156349236906,-0.024169008527286096,0.2889309673475834,0.2887591165286383,-0.059478158579784335,0.13993667175344537,0.1397163940140742,-0.15741244708126212,0.23960174313941685,0.23941901913569452,-0.07626155024089698
MNE,2011,HBS,1287,167.80272061008617,0.0,17.02552872057797,17.02552872057797,0.0,0.3081985382226349,0.3081985382226349,0.0,0.16008675889607193,0.16008675889607193,0.0,0.27339240161176104,0.27339240161176104,0.0
MNE,2012,HBS,1263,201.80704640556002,0.0,15.971090501122298,15.971090501122298,0.0,0.3227373609024662,0.3227373609024662,0.0,0.18149361119270857,0.18149361119270857,0.0,0.3359943193794577,0.3359943193794577,0.0
MNE,2013,HBS,1198,208.4389696377338,0.0,16.23704051595604,16.23704051595604,0.0,0.3244293638957778,0.3244293638957778,0.0,0.1802494547647311,0.1802494547647311,0.0,0.31618299891133406,0.31618299891133406,0.0
MNE,2013,SILC-C,2620,624.3942633094077,0.0,15.562395892886721,15.562395892886721,0.0,0.4121592632277792,0.4121592632277792,0.0,0.33423836911706006,0.33423836911706006,0.0,0.7648549383502611,0.7648549383502611,0.0
MNE,2014,HBS,1290,194.84509991743226,0.0,17.056917827154997,17.056917827154997,0.0,0.3192652206170179,0.3192652206170179,0.0,0.1663176371227908,0.1663176371227908,0.0,0.26865525532180723,0.26865525532180723,0.0
MNE,2014,SILC-C,2450,471.29624131221385,0.0,15.437398197462288,15.437398197462288,0.0,0.3902172864287661,0.3902172864287661,0.0,0.28278853405447935,0.28278853405447935,0.0,0.48130267052661,0.48130267052661,0.0
MNE,2015,SILC-C,2992,482.0252382997568,0.0,16.016031010955945,16.016031010955945,0.0,0.3869252394613045,0.3869252394613045,0.0,0.2721642438272647,0.2721642438272647,0.0,0.4449204973896238,0.4449204973896238,0.0
MNE,2016,SILC-C,2658,412.3959474932381,0.0,16.20393695437298,16.20393695437298,0.0,0.39005033383148224,0.39005033383148224,0.0,0.275091360659661,0.275091360659661,0.0,0.4427290147522166,0.4427290147522166,0.0
MNE,2017,SILC-C,2815,371.56356302925434,0.26435299905615356,17.873999229544527,17.86875126498765,-0.029360886108809048,0.37890360180113725,0.3787212220370122,-0.04813355250731233,0.2657817673256133,0.2655014242327165,-0.10547867738172068,0.5477898639012337,0.5476571755479561,-0.024222491510272892
MNE,2018,SILC-C,3261,326.9556339610094,0.0,17.681474402476812,17.681474402476812,0.0,0.3607566377934761,0.3607566377934761,0.0,0.24425160429651038,0.24425160429651038,0.0,0.4358702581597884,0.4358702581597884,0.0
MNE,2019,SILC-C,3418,368.45850434283795,0.0,16.982048838497043,16.982048838497043,0.0,0.3677194392124805,0.3677194392124805,0.0,0.2625196168493349,0.2625196168493349,0.0,0.5419852415126171,0.5419852415126171,0.0
MNE,2020,SILC-C,3495,357.2578707799143,0.0,17.739015643140732,17.739015643140732,0.0,0.3566570826998068,0.3566570826998068,0.0,0.23608827693336387,0.23608827693336387,0.0,0.4484740684901224,0.4484740684901224,0.0
MNE,2021,SILC-C,3584,324.0722505298634,0.11196542592572402,17.508720093768876,17.507693312899217,-0.005864397078481076,0.3525983565092651,0.35256039144144924,-0.010767227672781043,0.22856117563630507,0.22850561385366142,-0.024309370342090464,0.4179572519318747,0.41792317158866543,-0.00815402605213178
MNE,2022,SILC-C,3634,316.09971675886806,0.16205756350660813,18.96591964165003,18.965701444109243,-0.0011504717140509158,0.34043508126223077,0.34042749417782825,-0.0022286435270912897,0.21771411232493643,0.21770329536631472,-0.004968423271323186,0.45641560859565244,0.456409366890272,-0.0013675486251751856
MNG,2002,HIES-LSMS,3307,75.91690236425728,0.0,5.262572899610768,5.262572899610768,0.0,0.32892948112787834,0.32892948112787834,0.0,0.18120884869682619,0.18120884869682619,0.0,0.30548387412362144,0.30548387412362144,0.0
MNG,2007,HSES,11170,131.95240369401077,0.2572725502431692,8.620323526966517,8.610848522208324,-0.10991472336918662,0.3582187139582045,0.35751261758685693,-0.19711320035332713,0.2107148172825759,0.20966793752428203,-0.4968230387376926,0.32456906443790523,0.3238270479561224,-0.22861589815033057
MNG,2010,HSES,11190,105.93977913237534,0.29459456897824554,8.488634066049919,8.472515388745006,-0.1898854065270572,0.3308121213147487,0.32953917336288097,-0.3847948336380913,0.17968583613822764,0.17787196454653276,-1.0094683201960941,0.2890744011131069,0.287724083152758,-0.4671177922186742
MNG,2011,HSES,11206,117.56409056141796,0.608537745119038,9.343779175783496,9.319923966175802,-0.25530579392886166,0.33883507471962127,0.33714312843989613,-0.49934213012781115,0.18844433848620268,0.1860203676688914,-1.2863059918824526,0.2957048443113083,0.29390588622155733,-0.6083627388454471
MNG,2012,HSES,12801,143.37540548434282,0.36006860118343015,10.747516167470938,10.736364896573544,-0.10375672596003582,0.33751615074088614,0.3368282253539161,-0.20381999067599077,0.18720269479822305,0.18622869077881798,-0.5202938026372395,0.2996085482993184,0.29888306435967604,-0.24214393873620566
MNG,2014,HSES,16165,118.38008197684827,0.6326569025432107,11.207575181999532,11.184874266744785,-0.2025497477028515,0.32037789901810343,0.31899898978554164,-0.4304008599806286,0.17017064810572569,0.1682868039105112,-1.1070323914169178,0.2765579302890776,0.27509518401298816,-0.5289113476371732
MNG,2016,HSES,16444,100.92602346373327,0.7867158826482167,9.275489613758067,9.259379975556746,-0.1736796532813334,0.3234573282306582,0.32228075102632925,-0.3637503626104044,0.1728107228647251,0.17119948546542396,-0.9323711935181223,0.27814971094360064,0.27689886000840935,-0.44970420100307607
MNG,2018,HSES,16444,119.15835139141126,0.4564560956046921,9.861786646755379,9.847037942233568,-0.14955408233926493,0.32740990400291115,0.3264027127880914,-0.3076239302799988,0.17672226390967438,0.1753160695678151,-0.7957086508228683,0.28478866406017067,0.28372035768359105,-0.3751225071072062
MNG,2022,HSES,22985,134.4837921109178,0.0,12.303051899014223,12.303051899014223,0.0,0.3141647461097997,0.3141647461097997,0.0,0.16199130002391726,0.16199130002391726,0.0,0.2691344449535926,0.2691344449535926,0.0
MOZ,1996,NHS,8248,47.73941155161291,1.9158857895431585,1.587194302357839,1.5769720167450707,-0.644047524463931,0.5355986485621003,0.5325891580328326,-0.5618928534168566,0.4979031876417019,0.49157477462325866,-1.2710127541897265,0.5741436228138701,0.5713837018798722,-0.48070218397124886
MOZ,2002,IAF,8697,26.419828252900725,6.765720640630797,1.7691997865673943,1.7165417703162416,-2.9763747797709073,0.4703906960369141,0.454174429033249,-3.447403858173359,0.380030994576405,0.35097206943489856,-7.646461882377897,0.4788475555343459,0.46287538598035616,-3.3355437172831293
MOZ,2008,IOF,10832,41.846056472514945,3.882457066757365,2.123339789732679,2.0979253887547467,-1.1969069246864028,0.45578337049334694,0.4491976828497576,-1.4449161750813566,0.36460940752129695,0.35299041351749155,-3.186696164203262,0.4990019869636144,0.4929370456483826,-1.2154142616017438
MOZ,2014,IOF,32454,63.790929504179296,8.03678531002836,2.8698507967735174,2.759777995823066,-3.8354886279873046,0.5398899144268315,0.5215684685357171,-3.39355216712377,0.5110325124700428,0.472890856818432,-7.463645603927526,0.6252468235766132,0.6103042235658309,-2.389872198839138
MOZ,2019,IOF,13297,47.15692970234095,3.5568051354344665,2.096400594920395,2.0623293635941176,-1.625225226935767,0.5044738708882396,0.49629488318068504,-1.6212906514174064,0.4517025991010097,0.4357766761536818,-3.5257541087928335,0.587491210814328,0.5806787596826246,-1.1595834978127662
MOZ,2022,IOF,15374,42.73817050406587,2.4383364496554325,2.0643345761589655,2.0444519999473783,-0.9631469840795881,0.4890752720323187,0.48410921843011767,-1.0153965833449186,0.41654304028770495,0.4071509748100972,-2.2547647107777014,0.5313678096273531,0.5268124888135941,-0.8572820429136652
MRT,1995,EPCV,3408,80.71216659956636,0.0,4.554357950752907,4.554357950752907,0.0,0.37747362900565684,0.37747362900565684,0.0,0.2440237318591827,0.2440237318591827,0.0,0.38682053114576553,0.38682053114576553,0.0
MRT,2000,EPCV,5860,100.06412158868083,0.0,4.876540823302054,4.876540823302054,0.0,0.390284735300539,0.390284735300539,0.0,0.25465025824700316,0.25465025824700316,0.0,0.3870355154127849,0.3870355154127849,0.0
MRT,2004,EPCV,9379,69.95568799286876,1.9046467775317377,5.029644407344428,5.008423522180911,-0.4219162120592479,0.40168770347308147,0.3991543457212676,-0.6306784424591205,0.2699002673371269,0.26589964811675104,-1.4822583392919642,0.38388193155416817,0.3812763942453601,-0.6787340311275925
MRT,2008,EPCV,13660,115.63239212075767,0.0,5.763174201935598,5.763174201935598,0.0,0.3568537818016233,0.3568537818016233,0.0,0.21600870208225742,0.21600870208225742,0.0,0.35585151485016764,0.35585151485016764,0.0
MRT,2014,EPCV,9336,81.14919817203602,0.03710277215780227,6.3053599831503755,6.305277855031354,-0.001302512770728903,0.32619349883079507,0.32618472266307763,-0.0026904790404791434,0.17977353319323308,0.17976150206780384,-0.0066923785807304625,0.30285754418216737,0.30284850057190416,-0.002986093771462084
MRT,2019,EPCV,9909,77.61976344743634,0.020359634048550786,6.275556489191315,6.275354794716513,-0.003213969552329221,0.3199683659999373,0.3199465097333496,-0.006830758571829687,0.17169244443826925,0.17166268588669742,-0.017332475910158962,0.2936731815204985,0.2936505679316035,-0.007700256720044596
MUS,2006,HBS,6715,152.03245697650712,0.9439473513132286,13.170840019340451,13.123984713729854,-0.35575032072209245,0.3565342216468065,0.3542381209722222,-0.6440056901070412,0.20992850547136532,0.20659126518775128,-1.5897032545059697,0.3196939579542054,0.31727208745956614,-0.7575590449495406
MUS,2012,HBS,6696,173.8569167236705,2.39956583753537,14.941819584500992,14.797965990602675,-0.9627582041449312,0.3846539851719555,0.37867555664641717,-1.55423543132297,0.24811430340599028,0.23889931551031607,-3.714009135779528,0.35778454409580707,0.3515522296531294,-1.7419182984631076
MUS,2017,HBS,6995,181.0826580000825,2.0161858867570177,16.50926275100608,16.336213829603448,-1.048192908505785,0.36761205910715633,0.36091861246953805,-1.820790823313878,0.22661477287625464,0.2166562807218484,-4.394458502422605,0.3375303520290639,0.33052855718559626,-2.0744193229960906
MWI,1997,IHS-I,10693,38.78152104616517,41.59642829089263,4.615166308607595,2.8640089761674603,-37.94353692464145,0.6575557052764734,0.4483008375177918,-31.823139253380685,0.8110758736156535,0.33659107432337243,-58.5006674131607,0.6467177217598545,0.43074682425119526,-33.394924901850096
MWI,2004,IHS-II,11273,28.310024366194487,2.2393984634118627,2.1885259308108003,2.175849149948026,-0.5792383212968377,0.3987346032853264,0.3952354302016515,-0.8775694546808488,0.2637756069303574,0.25831480020472997,-2.070247051718166,0.36404271001911703,0.3603464542088247,-1.0153357582955658
MWI,2010,IHS-III,11972,44.71070104308888,1.9882719986981252,2.2742373912308533,2.262243499114794,-0.5273808337821762,0.45475971137860083,0.4518710426455794,-0.63520770656319,0.3494482031631885,0.34436437605930614,-1.4548156373001109,0.4532022711172178,0.45030579645521085,-0.6391130068405526
MWI,2016,IHS-IV,12445,30.01232326683246,10.966538935266748,2.5000184059761996,2.258663906071655,-9.654108918862192,0.44694307712483217,0.3878638514894578,-13.218512302602115,0.3484811252481691,0.2478717170724628,-28.870834282361145,0.4168111206485602,0.3545057232152272,-14.948113029322595
MWI,2019,IHS-V,11432,28.306955277236895,1.196082716449422,2.0693628512540676,2.057632335560132,-0.5668660615428922,0.3854317500361504,0.38192907587915736,-0.9087663786557565,0.24496447225746343,0.2395051062943025,-2.2286358151654806,0.3542077799795904,0.35053076591739585,-1.0380952282884492
MYS,2004,HIS,30856,598.2557015412087,0.47310902052278414,16.59555310440701,16.536577207931185,-0.35537168363592997,0.4641620240308785,0.4622510633724418,-0.41170120766051976,0.3742938225575436,0.37076523387376925,-0.9427322790591552,0.5052732965461226,0.5035090152050353,-0.34917367554297973
MYS,2007,HIS,31882,588.2459425741683,0.22309773376477832,18.10327263139455,18.092650609937838,-0.05867459256119201,0.4475234947538931,0.4471991622414525,-0.07247273411173927,0.34387150295574864,0.34329947564099417,-0.16634914781760157,0.4775920747534398,0.4772854788885258,-0.06419617935918831
MYS,2009,HIS,38369,691.7670250579043,0.1523769144404633,18.89839630585559,18.889052282518673,-0.049443472269783406,0.4547971223075269,0.4545274327612765,-0.05929886822547692,0.35765035154619573,0.3571665321271822,-0.13527721052751795,0.4918930576301721,0.4916417690146707,-0.051086026038271726
MYS,2012,HIS,38405,707.4724009643394,0.42718360504058983,23.169908638951405,23.154681548868083,-0.0657192495689074,0.43943596750339153,0.43906738125249056,-0.08387712389475999,0.3304462738180596,0.3298081385526519,-0.1931131672433528,0.46111695082168913,0.4607627335378762,-0.0768172332814232
MYS,2014,HIS,67716,580.6424971240131,0.6127660713587707,26.415784221162728,26.355070168246556,-0.2298400547485202,0.41348826665603544,0.4121373390949936,-0.32671484779170923,0.28873726506369657,0.2865094982150911,-0.7715550149420491,0.416730514559146,0.4153876953228094,-0.3222272402483295
MYS,2016,HIS,77110,674.6827785042913,0.48272904417435797,29.36365161237669,29.31009359864219,-0.18239561768920165,0.4106639836522865,0.40958721385642927,-0.2622021503519423,0.2857457340936742,0.28397325042809873,-0.6203010068365211,0.41659671389099706,0.41553125511375366,-0.25575304406317834
MYS,2019,HIESBA,80589,794.6427845191965,0.272184391496654,32.8115201416312,32.78191875133406,-0.09021645498094033,0.41176774260286175,0.41123660864910483,-0.1289887232058362,0.2874916392199536,0.2866143636341345,-0.30514820820506383,0.4191378318798191,0.41861358228641543,-0.12507808971871093
MYS,2022,HIS,73950,797.3864636213231,0.4333602648338018,34.74049449275049,34.69532692348861,-0.13001418063093295,0.40668426975445193,0.40591196179965683,-0.1899035719432729,0.2793823806257505,0.27812394333581025,-0.4504354523437115,0.40802149572958935,0.40725135158031145,-0.18875087644605326
NAM,2003,NHIES,9679,259.1045153241841,0.8411981807007177,7.186804786471043,7.175072083985311,-0.1632533905445488,0.6331875977284478,0.6325879500831986,-0.0947029991428261,0.7224889537657357,0.720891846559631,-0.22105628020751,0.6832651156350837,0.6827472757674347,-0.07578901012205153
NAM,2009,NHIES,9649,314.65967194634885,0.44160400471316796,8.061874748867039,8.056317373150433,-0.0689340369296465,0.6096517546913307,0.6093825252033542,-0.044161192993330545,0.6598652100338878,0.6591910215768348,-0.10217063224446932,0.6538840164396795,0.6536453018056306,-0.03650718293263244
NAM,2015,NHIES,10060,846.6002445464244,0.0,11.654413833282831,11.654413833282831,0.0,0.5906661435995533,0.5906661435995533,0.0,0.6426625947727587,0.6426625947727587,0.0,0.684879607122636,0.684879607122636,0.0
NER,1994,EPCES,4401,24.05916073730799,0.901577233588228,1.3391924444837133,1.3335722646598234,-0.41966931989798617,0.4152596479397881,0.41279573031394423,-0.5933438604179386,0.2905233373185654,0.286441550653583,-1.4049772051553333,0.4132281009460421,0.41075675061927563,-0.5980595997969629
NER,2005,ENCVM,6686,29.14184492539743,4.66688931318309,1.714574011922443,1.6780004209548534,-2.133100741832783,0.44425444197306796,0.4321585215927972,-2.7227460746479193,0.33680268338238367,0.3160383202305175,-6.165141840123556,0.44297857207724745,0.43084824404284583,-2.738355486930033
NER,2007,ENBCM,4000,18.92011243533071,1.6661869619230312,1.7935168664792618,1.7833271928624295,-0.5681392691240794,0.3730445425329092,0.3694654661027613,-0.9594233454928824,0.2288151702001494,0.22351282215583246,-2.317306164481525,0.32413264854340584,0.3202840532943545,-1.1873519271650812
NER,2011,ECVMA,3859,18.84686535801829,0.5929164217114556,2.319352358173785,2.3165848180127124,-0.11932383414359204,0.31451714595240887,0.31369862678178606,-0.26024627946569234,0.16080712297969724,0.15973506165673113,-0.6666752710335233,0.25060255764327033,0.2497145022777939,-0.3543680375124314
NER,2014,ECVMA,3616,33.99734213562035,0.15174968920918203,2.5537339738260836,2.552649265855909,-0.04247537062560536,0.3427657609739838,0.3424865113589004,-0.08146951851022433,0.19153242683119798,0.19113434073287716,-0.2078426639848585,0.299967034084088,0.29967040192035355,-0.09888825438441051
NER,2018,EHCVM,6023,29.47833167156767,1.8979874268509949,2.851470198513638,2.8397016923917975,-0.41271713546138233,0.3725942450599614,0.3699964743365127,-0.6972117143222767,0.22824374832957284,0.22440859231671795,-1.68028962060206,0.3254417514326068,0.32265693712201315,-0.8557028403192835
NER,2021,EHCVM,6622,22.188517613816153,1.7744789616569974,2.689934866473887,2.678838717261253,-0.41250624135666936,0.32862563793068356,0.32584794349752566,-0.8452458093801574,0.17624691626220002,0.172506591076811,-2.122207448909119,0.26451441377910734,0.26148910377145096,-1.1437221754511895
NGA,1992,NCS,8928,148.42866316700497,0.0,2.860720792287318,2.860720792287318,0.0,0.4497742040829662,0.4497742040829662,0.0,0.38106837025305906,0.38106837025305906,0.0,0.5863690344367531,0.5863690344367531,0.0
NGA,1996,NCS,8163,122.03869766007865,0.21796524095840092,2.9201883370121475,2.9197717491900055,-0.014265786109135536,0.5192224642044391,0.5191538746781132,-0.013210045992695374,0.4848002262771376,0.4846608575820013,-0.028747654720906457,0.595078425859237,0.5950206648895384,-0.009706446610824315
NGA,2003,LSS,18812,69.08333112273276,0.31282136179934356,2.9166593128906224,2.9134075069327086,-0.11149077108669747,0.40063579320049914,0.3999668814847255,-0.16696254481658457,0.2780382496224145,0.2769578491417589,-0.3885798022836173,0.42676174312727877,0.4261223060205829,-0.1498346834020614
NGA,2010,GHSP-W1,780588,62.324765471361296,0.002155022087524074,3.499538771247644,3.4995272543195552,-0.0003290984567194677,0.35657243459575827,0.35657031708197584,-0.0005938523500392812,0.20896703560455943,0.2089639145150648,-0.0014935798297588398,0.3312778201352068,0.3312756233050147,-0.0006631383263733248
NGA,2012,GHSP-W2,743594,62.8069179840447,0.0,3.550332358054995,3.550332358054995,0.0,0.3552021586536823,0.3552021586536823,0.0,0.2074933753105086,0.2074933753105086,0.0,0.3299489340719044,0.3299489340719044,0.0
NGA,2015,GHSP-W3,748842,67.16482885194347,0.0,3.6770485811436244,3.6770485811436244,0.0,0.3588652821565831,0.3588652821565831,0.0,0.21212761588905127,0.21212761588905127,0.0,0.33585571092858435,0.33585571092858435,0.0
NGA,2018,LSS,21573,58.70629596588507,0.16541458669532655,3.655930182367537,3.652450985647336,-0.09516584143157703,0.3512774280151727,0.350659495879621,-0.1759100033962402,0.20549598175403516,0.20457256096134957,-0.4493619703916485,0.3277986994381782,0.3271588674352296,-0.19519052517450453
NIC,1993,EMNV,7286,269.6445375758556,0.6521420698614927,5.790625947421774,5.783528851528237,-0.12256180865382049,0.5289521187552868,0.5283741829627805,-0.10926051187133412,0.5273256924134699,0.5261222416006588,-0.2282177466649049,0.6882980261097258,0.6879155717882897,-0.05556522130358843
NIC,1998,EMNV,7831,176.7397883980375,2.694556828332498,6.308144630993568,6.2515839065996035,-0.8966301139651578,0.4984648697332039,0.4939309263837698,-0.9095813215203807,0.4499192654174964,0.44114685095296213,-1.9497752460975404,0.6145211988484214,0.6110345949973706,-0.5673691741773124
NIC,2001,EMNV,8298,166.54856653802506,4.30925583955648,6.639416903065833,6.51959720172019,-1.8046720532087002,0.49004399816713895,0.48067953468995084,-1.9109434075742282,0.41907146905060455,0.4012812175198839,-4.245159321159231,0.529265411281782,0.5206166465050677,-1.6341073103130932
NIC,2005,EMNV,13709,160.29667682611353,2.5197756013989467,7.14151335988799,7.057172963276813,-1.1809877313244899,0.4648778431077045,0.4584882019687947,-1.3744774533015258,0.367591056672004,0.3560768055833565,-3.1323534345182535,0.4751763135933169,0.46890744447935784,-1.3192722226731846
NIC,2009,EMNV,6415,191.54625741776655,0.28639377563530344,8.54221571300688,8.537281335876974,-0.05776460459073762,0.439414550485992,0.43909059867535805,-0.07372350557706131,0.3324088302917074,0.331853943000908,-0.16692916680718373,0.46992879725419034,0.46962268371582505,-0.06514040853718983
NIC,2014,EMNV,6693,249.88812941359106,2.229320081885734,11.715201077723554,11.58865403298402,-1.080195242915316,0.4615629419198859,0.4556858422109449,-1.2733040665039108,0.36663582691137053,0.356067033865767,-2.8826405576993452,0.48055944813429496,0.47488969757446,-1.1798229296806073
NLD,2005,EU-SILC,8814,463.2074414343439,1.6709404856653545,51.457844047784974,51.08702059093162,-0.7206354321976582,0.2980002595989477,0.29290821448947646,-1.7087384810752115,0.16099490860256216,0.15426116352127073,-4.182582629314446,0.34016151837121167,0.3353889118510872,-1.403041279618289
NLD,2006,EU-SILC,8478,433.2341759552248,1.1766248297549207,52.00689317842661,51.77294445966783,-0.44984175070050814,0.2904823023205242,0.28727762774553556,-1.1032254114581197,0.14795339387490625,0.1437784022635613,-2.8218288894912846,0.3016693575702797,0.2985272057287124,-1.0415880044546078
NLD,2007,EU-SILC,9579,432.6124476827057,2.4085823349894326,55.24142234908577,54.74397524731284,-0.9004965488205952,0.3004332658188955,0.2940846433821903,-2.1131556185699507,0.15712031263805049,0.14885660453499394,-5.259477889465003,0.2816738318529368,0.27518457473597857,-2.303819660587536
NLD,2008,EU-SILC,9699,467.89099627524234,1.3077793316541317,57.8817970073088,57.61461172481522,-0.46160502318171037,0.2959277821355425,0.2926648021637195,-1.102627116749888,0.15107162493495885,0.1468344803477457,-2.8047256319890357,0.26876394901567513,0.26539190163127924,-1.2546501853190284
NLD,2009,EU-SILC,9159,467.23809720086473,1.475582515660537,57.80914202003931,57.578950041355625,-0.398193037710004,0.2929801216931298,0.2901560819655984,-0.9639014794626033,0.15155729462102974,0.14792908590386755,-2.3939518887788003,0.3040184845076692,0.3012534745977752,-0.9094874327696623
NLD,2010,EU-SILC,9500,451.57303222069123,0.43069154271408233,56.97171535614766,56.90106628073706,-0.1240072814535309,0.27881997198438757,0.277924762610154,-0.3210707496533738,0.13551169544294872,0.13438301217999626,-0.8329046871291212,0.3002308998979889,0.2993674610316909,-0.2875916058578287
NLD,2011,EU-SILC,9807,444.7538269839772,0.45629253508038325,56.27433566641417,56.18299518865849,-0.16231284949702607,0.27845247300336484,0.27727962931517813,-0.42120067224992175,0.13224544089941892,0.1307493801802635,-1.1312758375491172,0.25036964599568634,0.2491573674278319,-0.48419550342588824
NLD,2012,EU-SILC,9524,412.55826826978114,0.6501975335815708,55.62569262841123,55.49662522637342,-0.23202839540354958,0.27750086874791646,0.275821032334731,-0.6053445600962992,0.13418709040378252,0.1320496663247619,-1.5928686378018142,0.2965582029274544,0.2949310022853633,-0.5486952058746941
NLD,2013,EU-SILC,9539,411.4000431104197,0.6073853345941603,54.85406908683475,54.724938430865286,-0.23540761536768873,0.2762093080941028,0.27450198826789474,-0.6181253767256867,0.13093818366509336,0.12878995958292982,-1.6406398974176617,0.25805242822527885,0.25631285791716596,-0.6741150703663434
NLD,2014,EU-SILC,9541,409.5987327625027,0.8524138589982354,53.744078835258414,53.613998287921994,-0.24203698371155768,0.2810647939338231,0.27932153902254564,-0.620232397974374,0.13640040895443306,0.13422356665282864,-1.5959206561702022,0.2552573581075097,0.2534648579593257,-0.7022325081923908
NLD,2015,EU-SILC,9272,418.0290438159656,0.8057966842455062,54.61727553851981,54.44012159260596,-0.32435514984432423,0.28631418711590473,0.2839924263616628,-0.8109136252134275,0.14273760943016933,0.13973089254226867,-2.1064643718666343,0.2693120242913085,0.2669457502803736,-0.8786365990013811
NLD,2016,EU-SILC,11678,440.3305935718293,1.0888133124345505,57.877801253744536,57.5959902812704,-0.4869068388390074,0.282415794719035,0.27890653111259545,-1.242587586126609,0.1398975450566482,0.13541375398032995,-3.2050534371440453,0.2660459974919325,0.2624744781466418,-1.3424443062327818
NLD,2017,EU-SILC,12188,445.65067405170026,0.7310164577941253,59.79713181489509,59.65913054290713,-0.23078242684807515,0.2817356978876827,0.2800750705488444,-0.5894273786704707,0.13900039836968903,0.13692086628587719,-1.4960619596794733,0.26687527832022107,0.2651924014528626,-0.6305855221775847
NLD,2018,EU-SILC,11502,447.1598456297607,1.3283540028486032,60.27203205327985,60.01895781373564,-0.41988668860624134,0.28535819426835096,0.2823471098134622,-1.0551946694956738,0.1462069930894545,0.1423979459157243,-2.605242809008257,0.31276081413238965,0.3098823712774129,-0.920333598363865
NLD,2019,EU-SILC,12503,454.2754252006487,1.1339129037386042,60.40048251682104,60.14192551323986,-0.42807108951352646,0.28121080421147604,0.2781224801231831,-1.0982238385017662,0.14013224092820797,0.13621808853646566,-2.793184755924649,0.3210084951139517,0.31810645843624574,-0.9040373453904293
NLD,2020,EU-SILC,12140,468.5560321121247,2.1575070285874376,62.71479774707778,62.12891217242098,-0.9342062730069101,0.2924833281034718,0.28581835930567545,-2.278751695357639,0.153382621961474,0.1447826304285864,-5.606887809655325,0.3020440732658889,0.29549828787547616,-2.167162334832662
NLD,2021,EU-SILC,13831,397.8978315811216,1.2677806475122015,64.17478287761429,63.879362721979746,-0.46033682139280385,0.25994212395081895,0.2565227430839563,-1.3154393042928314,0.12287280340037832,0.11877994189620988,-3.3309743009866333,0.24613098397379907,0.24268081280410891,-1.401762230007353
NLD,2022,EU-SILC,13178,404.27849842193103,0.9606165528714077,65.26764657927475,65.06539850970609,-0.3098749229804354,0.25743882753327696,0.2551327086456934,-0.8957929577602219,0.12002156220519122,0.11730002627840985,-2.267539162778587,0.27864242835041253,0.27642578639666193,-0.7955148707514903
NOR,2004,EU-SILC,6021,345.7570764384727,3.2733916363119886,52.99431360787383,52.01913492383869,-1.8401572124339127,0.27588220368387373,0.26232336617641927,-4.914719879137685,0.138716488046557,0.12150642051795302,-12.406648820886979,0.4218350607373883,0.41104218179630636,-2.558554265787072
NOR,2005,EU-SILC,5960,358.44254799009195,7.750450730627218,56.011343907337306,52.36525850239939,-6.5095481568338,0.315251929022241,0.2676085702068196,-15.112788988536252,0.2005364376905998,0.13539925189360114,-32.48147147078399,0.9799412930176358,0.9785447159716838,-0.14251639928871684
NOR,2006,EU-SILC,5731,363.536575920944,7.041738395782076,57.37065207343314,54.923526701359016,-4.265465501319143,0.30564799150291433,0.27477458411459854,-10.100968514959607,0.18047532519145282,0.13974741971782123,-22.567021519660035,0.9720430519510792,0.9707976515402309,-0.1281219394911104
NOR,2007,EU-SILC,5980,396.1402622137212,0.9927312556570748,55.107828106717584,54.922614464390875,-0.3360931626048447,0.26330661615442685,0.2608239469615914,-0.9428814319574097,0.12829148591181339,0.12526482200847067,-2.3592087049511767,0.6110237124991006,0.6097174080218648,-0.21378948975531165
NOR,2008,EU-SILC,5505,446.12498537911597,1.7598887748224117,60.90662837723566,60.40029468733249,-0.8313277280218356,0.2706990281928947,0.26459184325923446,-2.2560793714074157,0.13350851865371016,0.12590343020931805,-5.696331980222125,0.3183225574887105,0.3126418184509422,-1.7845857618713712
NOR,2009,EU-SILC,5415,460.46401314584523,1.1996435679061195,63.097812062135446,62.88295702430593,-0.340511074485339,0.2696793674809008,0.2671861806126288,-0.9245004137918067,0.13243781964679346,0.12938425881324989,-2.3056562254553215,0.33630898912899665,0.33405858173590586,-0.6691487488690417
NOR,2010,EU-SILC,5210,441.6698453472551,1.1021160682145839,63.14831351948813,62.89171776287216,-0.4063382572153329,0.2614694698651794,0.2584581828250835,-1.1516782596639685,0.12265867188314061,0.11898113597127491,-2.998186638910749,0.3504831008008328,0.3478507028147887,-0.7510770077156947
NOR,2011,EU-SILC,4606,422.48204029799535,0.9300751014388682,63.34323692825732,63.06055605875675,-0.4462684308677356,0.2570785628419251,0.25375005317254906,-1.2947441562533912,0.12084604378963881,0.11679038369652339,-3.356055329519314,0.6053880601679191,0.6036258775052756,-0.2910831545231862
NOR,2012,EU-SILC,6027,481.1572885429114,0.24797615655147648,66.44731579518393,66.42281420304137,-0.03687371242817594,0.25300365160997773,0.25272815831480266,-0.10888905888194467,0.11532423510068046,0.114999113209449,-0.2819198331969197,0.9241215710737682,0.9240936116226636,-0.0030255165532122597
NOR,2013,EU-SILC,6008,472.5368874248486,0.40381731670253274,67.99834400664983,67.86376145173483,-0.19792034185690532,0.25704606481486536,0.25557325322292235,-0.5729757399724367,0.11921451340597855,0.11743263073589638,-1.4946860236840998,0.6610448825967132,0.6603750916793779,-0.10132306216550369
NOR,2014,EU-SILC,7342,520.793796210317,0.6197346451632855,71.33917935348923,71.12945132085372,-0.2939871674109029,0.2636120329450462,0.26144189537027573,-0.8232316068905954,0.12724318228216092,0.12458123114761221,-2.092018673853846,0.9362156798574047,0.9360277245858264,-0.02007606533646067
NOR,2015,EU-SILC,6380,520.7666057461925,0.9524665020443599,72.47337587923688,72.05136471338713,-0.5822982036230218,0.26752626736133456,0.2632383711366002,-1.6027944721192178,0.1314965136664883,0.12611968082163028,-4.088954676391765,0.3939416345195528,0.3904070786447291,-0.8972283112787416
NOR,2016,EU-SILC,6840,527.9920511611734,1.4003571211080066,73.35089267811071,73.02441183157825,-0.4450945784193472,0.27488930599069294,0.2716507362977636,-1.1781359341199726,0.13893653376386972,0.1349413356606579,-2.8755561946016805,0.8003371318747383,0.79944649170603,-0.11128312472795665
NOR,2017,EU-SILC,6244,551.8158009294855,2.048291569486834,73.00617664304036,72.20923169057367,-1.091613051267304,0.2846115521072522,0.27672303639199836,-2.7716779789321966,0.15704548438160337,0.1468874338623234,-6.468221967208576,0.9176382793422969,0.9167297741515297,-0.0990047180048359
NOR,2018,EU-SILC,5960,522.8257138144324,0.3630682847293509,71.55344598501729,71.46606273098021,-0.12212305477974361,0.2698733022013593,0.26898077413242216,-0.330721142720225,0.14331340289721872,0.1422125370694527,-0.7681527376441899,0.9381934786166688,0.9381179541728026,-0.008049986019675881
NOR,2019,EU-SILC,6055,538.9082487669658,1.0283036113053934,72.14135006663611,71.88266329345612,-0.35858321606269117,0.2753564771545107,0.2727503019587463,-0.9464731764061818,0.14461250177226326,0.14136244852098745,-2.2474220495777186,0.9320106138235738,0.9317660979457023,-0.026235310440114734
NOR,2020,EU-SILC,6016,525.9681336612813,1.1783766272023348,74.09512040936929,73.72672532351854,-0.49719210093107646,0.2770688704409201,0.2734592351650186,-1.302793514896583,0.14359725416323776,0.1390843798799013,-3.142730207226907,0.9407707543316655,0.9404749693210106,-0.03144071063996279
NPL,1995,LSS-I,3340,25.724507685475754,1.7164482778785508,2.6057319870840034,2.5906130920250274,-0.5802168117794437,0.35207017479030545,0.3482925942020436,-1.0729623974856106,0.20479331722920302,0.19940919333618068,-2.6290525325084135,0.30537278494833664,0.30133543251951445,-1.3221061691876868
NPL,2003,LSS-II,3910,50.193260710684,3.638452746014538,3.784307853071351,3.7305426568072484,-1.4207405515507032,0.43768104310321854,0.4295864081455446,-1.8494369553412326,0.31705631496787023,0.3034254977020814,-4.299178607172727,0.40581039345352443,0.39725976641228844,-2.1070497895503637
NPL,2010,LSS-III,5987,56.71728322500255,0.32828874852915996,5.193471279137773,5.1896794111987825,-0.07301220580967493,0.32840586133669825,0.3279152580799064,-0.14938931199186545,0.17531630168296042,0.17464127340779045,-0.3850345168646574,0.27668907830170975,0.276162818418088,-0.19019900852317306
NPL,2022,LSS-IV,9599,80.54547411120653,0.25033466711092234,8.73588261828378,8.72722426552116,-0.09911251262120224,0.30020262470607084,0.2995084316056432,-0.23124151599517306,0.14721237549376331,0.14629226054160593,-0.6250255449456787,0.24334400528935363,0.2425965174912209,-0.30717329454814646
NRU,2012,HIES,460,78.63638329516141,0.0,6.96866079547167,6.96866079547167,0.0,0.3236157914126474,0.3236157914126474,0.0,0.1702375181020508,0.1702375181020508,0.0,0.27274778739356587,0.27274778739356587,0.0
PAK,1987,HIES,4640,19.67413782061791,0.9566067340791815,2.1360780248933957,2.1325360797147193,-0.16581534650885743,0.33316897331271944,0.33206212008102653,-0.33221978045776535,0.18217173119255214,0.18065928030690737,-0.8302335800092653,0.27933496508785893,0.2781450658543879,-0.42597575749128147
PAK,1990,HIES,5973,21.826611600430045,0.44934580837172333,2.170585568446432,2.167562887925354,-0.13925645526343677,0.332486608672359,0.3315561623141513,-0.2798447618456157,0.1816175542772629,0.18033785644435285,-0.7046113124926312,0.28332891766508284,0.2823343668024615,-0.3510234221121733
PAK,1996,IHS,14304,21.65006307894701,2.852292002353936,3.4969529688270864,3.4519578942717914,-1.2866937289804814,0.2866498860923439,0.27735810187177024,-3.241509824839184,0.13714968801820127,0.12500307453778814,-8.856464535888076,0.20991846218531218,0.19967625994061244,-4.879133611248598
PAK,1998,HIES,14643,26.602781347119613,3.444329445218608,3.4788664331121506,3.4413883827614105,-1.0773063890588297,0.33123292717587427,0.32396641433570883,-2.1937773222367896,0.18191706779691685,0.17211753840387645,-5.386811425511828,0.26817727742693376,0.2602642570752305,-2.9506677178715135
PAK,2001,PIHS,14691,20.31950758044501,1.9462604153619307,3.090458512958494,3.073471495700566,-0.5496600969306042,0.2865302097860951,0.2825920459868365,-1.3744323162987127,0.13485441258967068,0.1299469932161582,-3.6390499052074476,0.21201318732420482,0.20770296487094497,-2.032997337410325
PAK,2004,HIES,14695,27.30670879237415,1.8898579048011512,3.769158512693433,3.7511579863243365,-0.4775741404474232,0.3088610688316731,0.3055489029739884,-1.0723804946390914,0.15671821474256964,0.15243282713592055,-2.7344540733113987,0.24332398932781418,0.23972513914909177,-1.4790363205306134
PAK,2005,HIES,15436,26.91146101963738,2.9971244882024504,3.797387990509142,3.765655284749913,-0.8356456026758052,0.3126125382458622,0.30683158324887916,-1.8492396464394156,0.16117940078024917,0.15366204733155975,-4.663966618748338,0.24090894258238493,0.23456859258144158,-2.631845017033818
PAK,2007,HIES,15500,27.20936475350514,1.9276754929950823,3.9781583085315786,3.956187009530063,-0.5522982570702606,0.2966950239791888,0.2927944264686404,-1.3146824837958815,0.14351632492140176,0.13856905306789424,-3.4471840441963275,0.22092152659348618,0.21663643648366215,-1.939643535828428
PAK,2010,HIES,16332,28.727203557200674,1.6457229617743243,4.292795560863588,4.270821064837875,-0.5118924419799886,0.28780863824784364,0.2841486104395715,-1.2716879627220679,0.13605501208588477,0.13148291336511364,-3.3604779792199,0.21155690546321204,0.2075410820612531,-1.8982237394549406
PAK,2011,HIES,15797,30.175419617347792,2.0755821160087535,4.394213941219106,4.36417151329529,-0.6836815031241117,0.29697957010674436,0.29214517526903006,-1.6278543456631267,0.14444497036095605,0.13823261952755939,-4.300842610076705,0.2214177877686181,0.2161006654136518,-2.401398012576428
PAK,2013,HIES,17971,34.2945609295272,1.677805326849953,4.6759284443495766,4.648416933922129,-0.5883646585886582,0.29528573094203736,0.2911184052617757,-1.4112858304960563,0.1430285087559544,0.13766243841701287,-3.751748784640918,0.22277237173726228,0.21820459784630775,-2.050422076729408
PAK,2015,HIES,24223,39.205399402760825,2.323287441236375,5.115009756196869,5.087587953296271,-0.5361046060054164,0.31291265809683044,0.30921438928272504,-1.181885333945476,0.1602899517562988,0.15544427129660376,-3.023071881051087,0.24093098002905,0.23687178147323662,-1.6847972624043361
PAK,2018,HIES,24788,34.48968418165802,2.007204325147046,4.975486051355308,4.930172113096602,-0.9107439512640592,0.2958926559194328,0.28942663490200427,-2.1852590417753226,0.14379118566608917,0.1353982536788758,-5.836889061269279,0.22138347428373517,0.21427205060437238,-3.2122649183147556
PAN,1989,EMO,2646,1256.072868865675,0.0,13.02394896113298,13.02394896113298,0.0,0.5501324365460749,0.5501324365460749,0.0,0.6304793101065624,0.6304793101065624,0.0,0.7985563778440131,0.7985563778440131,0.0
PAN,1991,EMO,2732,1297.958674796971,0.0,13.524234602708814,13.524234602708814,0.0,0.555451536640596,0.555451536640596,0.0,0.6432940941032288,0.6432940941032288,0.0,0.7953870729737782,0.7953870729737782,0.0
PAN,1995,EH,3983,1348.022515843247,0.0,17.265160869455883,17.265160869455883,0.0,0.5513229619358391,0.5513229619358391,0.0,0.61496636223823,0.61496636223823,0.0,0.7831011845574035,0.7831011845574035,0.0
PAN,1997,EH,4125,1346.0781931947008,0.0,17.44985702414436,17.44985702414436,0.0,0.5668145310844809,0.5668145310844809,0.0,0.653247316302259,0.653247316302259,0.0,0.8016624020925924,0.8016624020925924,0.0
PAN,1998,EH,3309,1107.4261620353643,0.0,16.911865255264633,16.911865255264633,0.0,0.5536792421654333,0.5536792421654333,0.0,0.6141491509906944,0.6141491509906944,0.0,0.7758369124612005,0.7758369124612005,0.0
PAN,1999,EH,3170,1190.59209785314,0.0,17.71046398852214,17.71046398852214,0.0,0.5444154268204335,0.5444154268204335,0.0,0.58075965322484,0.58075965322484,0.0,0.75021675359381,0.75021675359381,0.0
PAN,2000,EH,4541,1398.275032988071,0.0,18.364681770135995,18.364681770135995,0.0,0.5572470327721825,0.5572470327721825,0.0,0.6122008053858083,0.6122008053858083,0.0,0.75848786553592,0.75848786553592,0.0
PAN,2001,EH,5635,1577.2799348172532,0.0,16.038223364322892,16.038223364322892,0.0,0.5616919072802402,0.5616919072802402,0.0,0.6451628313337485,0.6451628313337485,0.0,0.7842635292868525,0.7842635292868525,0.0
PAN,2002,EH,6599,1537.9135398139063,0.0,17.365283600937257,17.365283600937257,0.0,0.5592149931403476,0.5592149931403476,0.0,0.6016513454515442,0.6016513454515442,0.0,0.7129958797172906,0.7129958797172906,0.0
PAN,2003,EH,6885,1393.2321108301967,0.0,17.700983877906676,17.700983877906676,0.0,0.5543350709122922,0.5543350709122922,0.0,0.5954283225329626,0.5954283225329626,0.0,0.7199898145800542,0.7199898145800542,0.0
PAN,2004,EH,7193,1406.2780313432627,0.0,17.96892418832048,17.96892418832048,0.0,0.5462450804223664,0.5462450804223664,0.0,0.5729082022730632,0.5729082022730632,0.0,0.6988881178357063,0.6988881178357063,0.0
PAN,2005,EH,6000,1338.0999787274038,0.0,17.703017410736027,17.703017410736027,0.0,0.5359719196365359,0.5359719196365359,0.0,0.5481109061458085,0.5481109061458085,0.0,0.6875103444811864,0.6875103444811864,0.0
PAN,2006,EH,6842,1295.425633147407,0.0,17.915863908214916,17.915863908214916,0.0,0.5447749999857711,0.5447749999857711,0.0,0.578970536721509,0.578970536721509,0.0,0.7203459180443221,0.7203459180443221,0.0
PAN,2007,EH,6292,1174.7904803971492,0.0,18.690726099033416,18.690726099033416,0.0,0.5259981958827558,0.5259981958827558,0.0,0.5218428666311556,0.5218428666311556,0.0,0.6590288506356453,0.6590288506356453,0.0
PAN,2008,EH,7134,1083.259709715098,1.7097945647667774,22.48459762970116,22.245061110211164,-1.065336028844821,0.5268383486933312,0.521744574270127,-0.9668571841510487,0.5152791563278973,0.5046975323209897,-2.0535711326491235,0.6368456635866689,0.6329354168893604,-0.6140022490357167
PAN,2009,EH,7099,1060.2829156431287,0.0,22.551048132742586,22.551048132742586,0.0,0.5175017341189787,0.5175017341189787,0.0,0.48303116412070635,0.48303116412070635,0.0,0.6028262393061085,0.6028262393061085,0.0
PAN,2010,EH,7192,1022.6043187532723,0.3826251251555559,23.09544244899071,23.05635868125082,-0.16922718768523914,0.5158138199348941,0.5149931380226277,-0.15910428928986864,0.49228837475204035,0.4906228107309145,-0.3383309674872437,0.6261742384571127,0.6255406186534099,-0.10118905646199217
PAN,2011,EH,6953,1132.8316788053676,0.0,25.57130957420526,25.57130957420526,0.0,0.5130578110608208,0.5130578110608208,0.0,0.48301290277187503,0.48301290277187503,0.0,0.6171062800853053,0.6171062800853053,0.0
PAN,2012,EH,7103,1148.977157534669,0.0,25.875304414317114,25.875304414317114,0.0,0.5170856292740381,0.5170856292740381,0.0,0.5015893481752616,0.5015893481752616,0.0,0.6445513683369449,0.6445513683369449,0.0
PAN,2013,EH,6975,1249.383996940869,0.11521875504543483,26.809543894141225,26.795108308544002,-0.05384495034388426,0.5141656138167241,0.5139038826949667,-0.05090405012007082,0.48581829115750574,0.4852879915785411,-0.10915595164215919,0.6194001956544444,0.6191951706137688,-0.0331005773188231
PAN,2014,EH,6991,1162.5071887931254,0.0,26.936385799981046,26.936385799981046,0.0,0.5041996272970789,0.5041996272970789,0.0,0.4758996157410027,0.4758996157410027,0.0,0.6316314750002042,0.6316314750002042,0.0
PAN,2015,EH,7035,1221.3729836200403,1.1629800933438224,29.418800956861574,29.34926442651631,-0.2363676563406858,0.5076836587076071,0.5065176478317825,-0.22967272155122176,0.4737130423188387,0.47139587035994346,-0.48915097366807325,0.610733361295134,0.6098112391975479,-0.15098603679201128
PAN,2016,EH,7025,1440.3444771424513,0.0,30.913447140833892,30.913447140833892,0.0,0.503742500543364,0.503742500543364,0.0,0.47138286782693717,0.47138286782693717,0.0,0.6209331501336193,0.6209331501336193,0.0
PAN,2017,EH,6681,1310.9967119576277,0.19836444831680997,30.806207176011263,30.786426637959437,-0.06420958587601833,0.4974934019069882,0.4971705574457719,-0.06489421969795295,0.4606517422826575,0.46002176962949015,-0.1367568154731491,0.6181211630525073,0.6178758376780307,-0.03968888126482106
PAN,2018,EH,6692,1368.5566900521405,0.3767017407023455,32.413283258623935,32.34790346550665,-0.20170678976154655,0.49171517981475865,0.4906879303344793,-0.20891148421863237,0.4481121453757888,0.44612370040698224,-0.4437382448402638,0.604503196295266,0.6037039188506037,-0.13222054896662172
PAN,2019,EH,7090,1345.3660264329058,0.20899139877068612,33.51976299990395,33.50225607615306,-0.052228662090914035,0.49802822872399055,0.49776593899251853,-0.05266563546890701,0.4552286119162594,0.454717420188818,-0.11229340908287533,0.6055834286561554,0.6053773603627516,-0.03402806015698756
PAN,2021,EH,6031,1214.5654381071215,0.0,30.937174086072,30.937174086072,0.0,0.5074921623279377,0.5074921623279377,0.0,0.4644817650745212,0.4644817650745212,0.0,0.5980863963793248,0.5980863963793248,0.0
PAN,2023,EH,6105,1263.1143273450111,0.6041383477043443,30.149729540025955,30.113873013705014,-0.11892818565201191,0.48847206814214517,0.4878631307940726,-0.1246616516658916,0.43732441059713834,0.4361598104169917,-0.26630120613584385,0.5931115450769948,0.5926271540394769,-0.08166946698956457
PER,1985,ENNIV,4993,362.53302264521074,1.2079304508002022,13.350960563855951,13.32454611101564,-0.19784683442045647,0.45634982430489346,0.4552725602857888,-0.2360610132250085,0.362946674222385,0.36103027466950666,-0.5280113275550113,0.5075121559442348,0.5065363599240882,-0.19227047248379092
PER,1994,ENNIV,3623,196.76976968322117,0.0,6.49168120306996,6.49168120306996,0.0,0.440239886717942,0.440239886717942,0.0,0.339494791952466,0.339494791952466,0.0,0.48487761054046774,0.48487761054046774,0.0
PER,1997,ENAHO,5476,554.8584771999895,0.5899717399086637,8.555807679253048,8.538976554853862,-0.19672163085198147,0.5325908718040127,0.5316696480293253,-0.17297025230023078,0.5373811222804661,0.5354353145298782,-0.3620908271452672,0.6673785687280465,0.6667229723145351,-0.09823456194597568
PER,1998,ENAHO,5843,457.4883458792072,0.3396349125354049,8.98165971216067,8.970928781931034,-0.11947602752202524,0.5511462731233117,0.5506094107400764,-0.09740833049507458,0.5705838691136489,0.5694071325627472,-0.20623375713891834,0.681867423640572,0.6814869070616127,-0.055805067930592145
PER,1999,ENAHO,3217,448.38699817885737,0.0,8.767000509148925,8.767000509148925,0.0,0.5482889229681902,0.5482889229681902,0.0,0.5645491301727437,0.5645491301727437,0.0,0.6850236388513282,0.6850236388513282,0.0
PER,2000,ENAHO,3369,382.73317330380706,0.0,7.724779076634866,7.724779076634866,0.0,0.49073363286732774,0.49073363286732774,0.0,0.44807278840833575,0.44807278840833575,0.0,0.6076230732594685,0.6076230732594685,0.0
PER,2001,ENAHO,11774,395.2276321362015,0.258657431824038,7.803836637599164,7.798873063910533,-0.0636042746553156,0.5128771790850437,0.5125671731666438,-0.06044447502089323,0.4857422218580063,0.4851168054376107,-0.12875479879087548,0.6280655906659168,0.6278288996361236,-0.037685718388458245
PER,2002,ENAHO,13107,433.2820473769234,0.2580649381495577,9.010193493569593,9.000433809144168,-0.10831825567776399,0.535486599306468,0.5349829304428001,-0.09405816398024847,0.5287796278274208,0.5277126199136373,-0.20178688013521295,0.6396365272139228,0.6392457992802112,-0.061085931945370486
PER,2003,ENAHO,10676,416.2741705311345,0.322162240586749,9.343381200818923,9.332944021385728,-0.11170666388180539,0.5307338810313276,0.5302091461084325,-0.0988696862305849,0.5042499617350997,0.5031523834408063,-0.2176655186084231,0.6069550351179254,0.6065155435522169,-0.07240924620108835
PER,2004,ENAHO,19435,404.17630440256096,0.12325820231064114,8.50712661812857,8.504541055235991,-0.030392904780196517,0.49876944507332965,0.49861706528564476,-0.030551147266544287,0.4513157096222664,0.4510171749515013,-0.0661476355465207,0.5888751630775787,0.5887501889863817,-0.021222510140161965
PER,2005,ENAHO,19853,399.11719347357257,0.0,8.13811847336632,8.13811847336632,0.0,0.5045089882860008,0.5045089882860008,0.0,0.4654633676669826,0.4654633676669826,0.0,0.6241738795047883,0.6241738795047883,0.0
PER,2006,ENAHO,20530,459.67796284049564,0.0,9.159441551550406,9.159441551550406,0.0,0.5033103997387739,0.5033103997387739,0.0,0.46686563714333706,0.46686563714333706,0.0,0.6077568931832076,0.6077568931832076,0.0
PER,2007,ENAHO,22105,520.7552898053348,0.6037290207238228,10.293733977073153,10.289223546028499,-0.04381724896621586,0.5002057870379122,0.49998673945772765,-0.04379149259381432,0.4633561734422009,0.4629262348869838,-0.09278791993276858,0.6091825174696602,0.6090112211436011,-0.028119048256780577
PER,2008,ENAHO,20801,462.8235168904261,0.6208550449694035,10.680029135809049,10.656762022400292,-0.21785627279559128,0.4748137527895677,0.4736673065971899,-0.2414517662225113,0.4156401592476522,0.4134994092076225,-0.5150488932312625,0.5783868061287134,0.5774664240812151,-0.15912915677636086
PER,2009,ENAHO,21080,437.7718048596811,0.0,11.143461971943886,11.143461971943886,0.0,0.4700265121904156,0.4700265121904156,0.0,0.40171859726436754,0.40171859726436754,0.0,0.5610227087311337,0.5610227087311337,0.0
PER,2010,ENAHO,20892,399.0377606608847,0.29502249635492245,11.65998212874286,11.648859748792006,-0.09538933960657747,0.45537925552063496,0.4548593005591991,-0.11418064286687901,0.3745758786049893,0.3736440955225868,-0.24875683022427264,0.5338259659430086,0.5333809788891981,-0.0833580758898389
PER,2011,ENAHO,24014,387.4682962308958,0.08547346195341707,12.051244871217568,12.049689785929365,-0.012903939010622256,0.4466015184279115,0.44653010130654724,-0.015991240158719222,0.3622232517413986,0.36209779639721473,-0.03463481253086487,0.5294658716226978,0.5294051687422613,-0.01146492789996234
PER,2012,ENAHO,24256,393.55407662322455,0.016426669000647227,12.717662834347458,12.716448526620276,-0.00954819877675428,0.444370924410215,0.4443178669878227,-0.011939895136625633,0.3602902244062727,0.3601966728041015,-0.025965623220924883,0.5468720843690673,0.5468288232568863,-0.007910645545372574
PER,2013,ENAHO,29540,377.2612955024737,0.03322942566578536,12.843285663139326,12.842756281244327,-0.004121857201377921,0.43882896616050293,0.43880583494684133,-0.005271122793915062,0.34886599953865094,0.34882609247123186,-0.011439081903041881,0.5252518130726063,0.5252322532553227,-0.0037238933396688267
PER,2014,ENAHO,29974,364.7647547606856,0.1303605762933051,12.907378163748858,12.899579583514594,-0.060419553338619814,0.4313856341605965,0.4310418785640112,-0.07968638020461327,0.3356840354724633,0.3350913182139279,-0.17656998722062056,0.5071731708623353,0.506875293282385,-0.05873291354189236
PER,2015,ENAHO,31452,329.95061940872824,0.09832311267623504,13.031259262780264,13.029289011415674,-0.015119424185017216,0.43354478138150976,0.43345912581234036,-0.019757029226930012,0.33774797476304697,0.3376016549824361,-0.04332217853075804,0.5055012727436152,0.5054265355870889,-0.014784761296571247
PER,2016,ENAHO,35731,402.0678894697692,0.12450579703730562,13.477571095708736,13.475317462840309,-0.016721357672122572,0.4363633562040171,0.4362690965786066,-0.021601178025243417,0.3425035939326091,0.3423413899477423,-0.04735833075628637,0.5085786690563867,0.5084965197711648,-0.016152719376594238
PER,2017,ENAHO,34545,379.2413466773772,0.0,13.282471969433406,13.282471969433406,0.0,0.43292049542778765,0.43292049542778765,0.0,0.33643356212307607,0.33643356212307607,0.0,0.5024213292080384,0.5024213292080384,0.0
PER,2018,ENAHO,37406,352.2792146803358,0.010817238639740328,13.631724340891543,13.631062350609062,-0.004856247573137296,0.4236569220404576,0.42362893214647934,-0.006606735904002292,0.3187310105578436,0.31868382144724583,-0.014805308876331136,0.4830771668301842,0.4830520732663842,-0.005194524917140342
PER,2019,ENAHO,34524,333.2879165694265,0.0,13.814609134113873,13.814609134113873,0.0,0.4152761470935419,0.4152761470935419,0.0,0.3050916336342957,0.3050916336342957,0.0,0.4685515765690039,0.4685515765690039,0.0
PER,2020,ENAHO,34377,310.0163928277789,0.00024661374104062385,10.889684298501606,10.889676171195422,-7.463307439836697e-05,0.43742626478844704,0.43742584492210446,-9.598562692447743e-05,0.34324901467292834,0.3432482901162328,-0.00021108777142897495,0.7146839192222216,0.7146837063341765,-2.9787720046137167e-05
PER,2021,ENAHO,34174,244.45318283552345,0.1814160406897859,12.127661575910443,12.122056252754152,-0.046219323661078615,0.40120458729532904,0.4009277196672746,-0.06900908833593622,0.27895969882587046,0.2785161509430938,-0.1590007031996188,0.4276515146000117,0.42738711088800374,-0.061826908822071314
PER,2022,ENAHO,34152,258.01597833673713,0.23080338626229546,12.433086869537945,12.425449715959303,-0.061426045348023095,0.40348076279351497,0.40311415318268295,-0.09086173236457773,0.28401518568802064,0.2834249170479004,-0.2078299576448117,0.4560764352748917,0.4557424056689029,-0.07323983002706091
PHL,1988,FIES,17812,88.5534258224899,0.6520890182939424,4.582408113363443,4.5711720938164415,-0.24519901477640937,0.40746267432387206,0.406006434528138,-0.35739219503982955,0.27332250467020813,0.27095042861522534,-0.8678670853850656,0.3852988364010601,0.38378908396818245,-0.39183934396992415
PHL,1997,FIES,38108,164.79165716302887,2.2261133808203164,6.243172746354384,6.196254514079945,-0.7515126391758997,0.459622075091196,0.4555327029152,-0.8897249278517871,0.3551364217357251,0.34779796264262974,-2.0663774943805446,0.45819743240864674,0.4540966739873621,-0.8949762986946164
PHL,2000,FIES,79036,153.40350006522914,1.2281198546086138,6.562944368956161,6.530447994015128,-0.49514932801726363,0.456487723800322,0.4537839046961951,-0.5923092699223531,0.3472094093681557,0.3423864679605393,-1.389058383064301,0.4495683781160267,0.44683069493886973,-0.6089581274887568
PHL,2003,FIES,84025,154.16790006615076,1.166593462643093,6.61068902133081,6.570503212887968,-0.6078913758183702,0.4439265005589099,0.440525989363585,-0.7660077042131119,0.32887918421079054,0.322906120948355,-1.8161876911635622,0.44003422799865244,0.43661053310951714,-0.7780519494373972
PHL,2006,FIES,76668,186.78718448848915,0.5546540830838904,6.652477666536364,6.641558742558075,-0.1641331925579248,0.45308766002899836,0.4521886338370442,-0.19842213135899955,0.3424617079868084,0.34086300725606344,-0.4668261278444996,0.4544824215156392,0.453585941060786,-0.1972530536744621
PHL,2009,FIES,76689,167.65725316696054,1.0162193965250657,6.988097527110622,6.95326373271882,-0.49847321472922257,0.44324851281059563,0.44045965755235983,-0.6291854744310266,0.32620972309302787,0.32131017850169163,-1.5019615432918854,0.4362460082493188,0.43342261663926396,-0.6472017065291436
PHL,2012,FIES,80207,178.52144898802408,0.4685750776018804,7.031300131787995,7.022333876008808,-0.12751917299974602,0.4475929074580206,0.4468876764201285,-0.1575608161213382,0.3327165551775084,0.3314796282743655,-0.3717659623167835,0.44367310715619424,0.4429631634073059,-0.16001505104487057
PHL,2015,FIES,82945,166.84604289489926,0.6304477797295648,7.586625873745061,7.572895833660839,-0.18097689688030272,0.4292397775125424,0.4282051455516096,-0.24103822971126565,0.30486155090538336,0.30311235524308655,-0.5737672255166415,0.4168795694855335,0.41582310599209016,-0.2534217483354029
PHL,2018,FIES,293782,142.2481779811475,1.1675871391605357,8.16341818059256,8.121431231892378,-0.5143304896470857,0.40787799664318103,0.4048174323004301,-0.7503626986351875,0.2744706971290296,0.26947180651711666,-1.8212838981361057,0.3841550225559677,0.38097355995784066,-0.8281715482877816
PHL,2021,FIES,327730,119.78105600579329,1.162409524466225,7.6884100943504325,7.656648584460562,-0.4131089458041415,0.398027828529365,0.39553166849444765,-0.6271320385160539,0.2619137915723835,0.25795696753808706,-1.51073527306137,0.37373295543516927,0.37113854581372074,-0.6941880783372767
PNG,1996,HIES,1143,102.36068131443712,0.0,3.030928555697714,3.030928555697714,0.0,0.45771352588379366,0.45771352588379366,0.0,0.3604062949064022,0.3604062949064022,0.0,0.4949307305255467,0.4949307305255467,0.0
PNG,2009,HIES,3658,94.43103923267206,0.34665420047662127,3.4707556028362894,3.469353738050105,-0.0403907663518277,0.41850788277292517,0.41827296423107696,-0.056132405509712324,0.30732369184329655,0.3069336474106876,-0.1269164867405692,0.45924062099153307,0.45902225689900833,-0.047548949840992005
POL,1998,HBS,31719,153.47223159431238,0.9597591396648149,14.652021662486582,14.61561625429724,-0.2484667920096717,0.3231873908054672,0.3215024094211978,-0.5213635903523417,0.1729677820507085,0.17066652920546277,-1.3304517280397832,0.27528576932336224,0.27348821067723605,-0.6529791389306094
POL,1999,HBS,31406,164.50466633917623,0.544821515004559,14.413348683037022,14.396045379145972,-0.12005054669504966,0.32590370415021197,0.3250937724907508,-0.24851870326944026,0.17517592994083442,0.17406341312463125,-0.6350854347277779,0.2807544487478111,0.2798934141717716,-0.30668599549527054
POL,2000,HBS,36140,164.33893675952237,0.6444064843045268,14.412837867383294,14.391518814099957,-0.14791711028390164,0.3296553693346387,0.32866265771021974,-0.30113619153924187,0.1805307666226703,0.17915419555581646,-0.7625132782663191,0.289398949287904,0.28835007800145196,-0.3624309241733181
POL,2001,HBS,31824,170.34370947383474,0.3736815787096871,14.230324566140524,14.218984620614037,-0.07968859370550696,0.328490263077329,0.3279548357150148,-0.1629964180058896,0.1787697650396809,0.17802798571267964,-0.41493556074015947,0.2894166223192526,0.28885191025491663,-0.19512081227768263
POL,2002,HBS,32325,182.0411468387085,0.3295755690895793,14.353324918642205,14.341864725381878,-0.07984347407506975,0.3405020592699146,0.33997512569789623,-0.1547519486807869,0.19189764727501624,0.19114404803736562,-0.39270895102252457,0.3031079341457702,0.30255239783430243,-0.18328002961499612
POL,2003,HBS,32437,226.3262862285346,0.3726483156445181,15.857880536467338,15.844605491134248,-0.08371260776345313,0.3491133370761872,0.34856808878323875,-0.15618088312376877,0.20192529819139748,0.20113473221362632,-0.3915140821145746,0.3179211508683383,0.31735094771272754,-0.1793536397478923
POL,2004,HBS,32186,261.0295574373618,0.37851152013692557,16.538436921326447,16.522067937784392,-0.09897539664674992,0.354260608195502,0.3536209338316465,-0.18056604348809513,0.20937065138390576,0.20842856228385376,-0.44996234850727124,0.3313789419719798,0.33071760256326554,-0.1995719476858615
POL,2005,EU-SILC,13482,321.77423263585973,0.11318164739504614,17.34261650819056,17.340486754412346,-0.0122804640073082,0.3792603111796916,0.37918407878236515,-0.020100283388302387,0.2666353686797782,0.2665188024641463,-0.04371746186903058,0.49450884383206606,0.494446840820556,-0.01253830184907434
POL,2005,HBS,34739,199.881466747771,0.6023356794816753,14.825580718977422,14.799930970624958,-0.17301007521163259,0.3449257930164541,0.34379080884635393,-0.3290516954891909,0.19762093078455623,0.19599025521308544,-0.8251532694421582,0.3114866332098484,0.31029624456272975,-0.38216363728091896
POL,2006,EU-SILC,12726,299.7298526628389,0.0,18.342040479134276,18.342040479134276,0.0,0.35789278950638015,0.35789278950638015,0.0,0.22720090221790024,0.22720090221790024,0.0,0.40203107381246384,0.40203107381246384,0.0
POL,2006,HBS,37475,203.87857721169377,0.34674713231800397,15.77673748056999,15.75913812349977,-0.1115525760119529,0.33709116089455926,0.33635098217797255,-0.21957820389667537,0.18753910017147124,0.18649044884288823,-0.5591641037118178,0.2985638781133053,0.2977825961867685,-0.2616799900490019
POL,2007,EU-SILC,12426,273.07434692632586,0.41174375829905563,19.620730425780696,19.59423537712693,-0.13503599549459233,0.3462232553628528,0.34533943278013723,-0.25527533723559426,0.21091858019926235,0.20964397458976602,-0.604311677184699,0.3718741452921055,0.3710265676233997,-0.22792056921301374
POL,2007,HBS,37336,199.70070706945185,0.4608355365231391,16.7567445864222,16.728322242199386,-0.16961733871533324,0.3350893889562734,0.33395989878412724,-0.3370713037688988,0.1854679554140959,0.18387224986755246,-0.8603672494155057,0.2946144600209083,0.2934191870941638,-0.4057074885800427
POL,2008,EU-SILC,12043,269.3829949213514,0.2948296478221827,22.047506463967565,22.01137983603502,-0.1638581124427274,0.339584095134732,0.3385003499386695,-0.31913897370030586,0.20254462224960568,0.20099167544053342,-0.7667183615265194,0.3928323078757672,0.3918375819145886,-0.2532189795074413
POL,2008,HBS,37324,211.6497389909587,0.8378118802696961,17.95547061339877,17.90650362111449,-0.2727134996269087,0.33717042045606593,0.3353584358338111,-0.5374091297225658,0.188298620857287,0.18573148881651935,-1.3633302405933634,0.2961064876637951,0.29418684140553497,-0.648295913205299
POL,2009,EU-SILC,11652,278.940089486559,1.2335042684611925,23.760913493402157,23.649660644409263,-0.46821789500554045,0.3347613899524322,0.3316335686142564,-0.9343435151288659,0.19441787181578007,0.19000128782039294,-2.27169650307254,0.32954460647379225,0.3263985484933616,-0.954668326723429
POL,2009,HBS,37273,216.65588416726212,0.6334581536920346,18.279748646885626,18.250276139442008,-0.16123037582707056,0.3357808903312095,0.3347085083618708,-0.3193695651592554,0.1862333089994328,0.1847220916843333,-0.8114645673315657,0.29339693641010567,0.2922592613271222,-0.38775970086928346
POL,2010,EU-SILC,11584,283.92245159188286,0.5470851940634146,24.165601017981572,24.13224906753524,-0.13801415665810612,0.333425203045417,0.3325043319799723,-0.2761852004688592,0.19365441022157892,0.19237246971930944,-0.6619733063670918,0.338667749388865,0.33775691738091673,-0.26894559921690764
POL,2010,HBS,37369,215.7747343406733,0.41439966975290854,18.43745450936323,18.418507332448787,-0.10276460291642753,0.3321883360580431,0.33150149467296497,-0.20676264351380258,0.18198105888766136,0.18102098251076137,-0.5275693980287488,0.29061894577599234,0.2898915950670652,-0.2502764253669132
POL,2011,EU-SILC,11466,291.6105632421438,0.4985292030814828,24.655076879554553,24.631065945115733,-0.09738738417292003,0.33195144107798646,0.33130036646060756,-0.19613549959734966,0.1930998387322509,0.19219128970552735,-0.4705073979804464,0.33965080375626355,0.33900909564296067,-0.18893172228833244
POL,2011,HBS,37343,211.38790175334395,0.4509193795052672,18.172450334878647,18.151406440100583,-0.11580108565587555,0.3277634344867435,0.32698421775153974,-0.23773754275669967,0.17779458482211208,0.17671024747924902,-0.6098820973360786,0.286542217104483,0.28571764961880175,-0.2877647468542466
POL,2012,EU-SILC,11655,306.5885816831826,0.32071102873538554,24.841383655805465,24.837440267319277,-0.015874270696136783,0.3316922110092033,0.3315861314022899,-0.031981337936970444,0.19272817966063593,0.19258160315616468,-0.07605348876814633,0.36456635015012273,0.36446584269459836,-0.027569043463004927
POL,2012,HBS,37388,201.9725937812816,0.3250794966467935,18.06285427465214,18.045367634891235,-0.0968099476141071,0.3239127714378751,0.3232577324176318,-0.20222698146034057,0.17293139980318406,0.17202967661677082,-0.5214340411512919,0.27977333408981575,0.27907789951864514,-0.24857071294269728
POL,2013,EU-SILC,11685,308.4062230518893,0.2244165161982348,24.713317824978223,24.707798570398282,-0.022333118600381674,0.3301513820949822,0.3300017684191785,-0.04531668922731491,0.19017184697566236,0.1899646944983271,-0.10892909788154936,0.34929154398085016,0.34914668906867175,-0.04147106183204352
POL,2013,HBS,37144,213.37712420846256,0.6331597716060641,18.262549019977005,18.228185703171253,-0.18816276286602873,0.32549520369337637,0.3242239460450106,-0.3905611001148057,0.17528775121416995,0.17352073654988498,-1.0080651112501338,0.2827993235445432,0.28145119944996955,-0.47670697287268693
POL,2014,EU-SILC,11830,320.2995509604605,0.025885664070939916,25.323197957019236,25.323077820996584,-0.0004744109446841449,0.3313088766661927,0.3313057044025788,-0.0009574943013346271,0.19330548086275723,0.1933011083578089,-0.0022619663595735418,0.3573654097097809,0.3573623729884712,-0.0008497524458861427
POL,2014,HBS,37194,215.07900981803488,0.3763560527178785,18.514857428581454,18.49648669367883,-0.09922158446797891,0.32080153844997406,0.32012707115481065,-0.21024440793590005,0.17025076875942524,0.1693226773915213,-0.5451319689577461,0.2781816643235524,0.27746707472219767,-0.2568787569419362
POL,2015,EU-SILC,11169,306.74998482248554,0.26182203011877164,26.028069295200677,26.02190555001856,-0.023681146350928994,0.3282368848404167,0.32807780939651476,-0.04846361004774424,0.1912093770896388,0.19099161662129527,-0.11388587299328012,0.3622618951406341,0.36211146156300533,-0.04152619407303826
POL,2015,HBS,37093,208.59336668375096,0.32686388051480864,18.881311842859805,18.86239763627936,-0.10017421849635166,0.3182352887733453,0.31755172998246073,-0.21479666617720827,0.16697867660754095,0.16603635469441747,-0.5643366759567003,0.2728187410192152,0.27209172134248705,-0.26648450689719105
POL,2016,EU-SILC,10916,314.6412579546273,0.027662200054701692,27.37653880294686,27.373895164058638,-0.009656585543016405,0.3172071782145992,0.31714123888703916,-0.02078746386862118,0.17975524474604754,0.17966540114225094,-0.04998107505765903,0.35369993950453804,0.3536377217427208,-0.01759054918256675
POL,2016,HBS,36852,198.80675503915396,0.5824204724180971,19.745011773137065,19.708527615152608,-0.1847765825801817,0.3079634762950628,0.3066827273947743,-0.41587688114723687,0.15587582329032124,0.1541583343663162,-1.1018315013523128,0.25497403039691036,0.2536004288042071,-0.5387221555720911
POL,2017,EU-SILC,11847,282.35400469923314,0.38064390969245016,29.302167280930696,29.296040952282677,-0.02090742500131526,0.3115762976200048,0.3114323783183903,-0.04619070921435542,0.16969921377191266,0.16951073923207893,-0.11106388512032161,0.3614562004837789,0.3613235003080699,-0.03671265717156702
POL,2017,HBS,36620,196.9949144174813,0.39465384916674,20.121948967453644,20.100857515378706,-0.10481813719462885,0.3029658132703832,0.3022345744061746,-0.24136019054927793,0.15021205945141602,0.14924523847676818,-0.6436373871570145,0.24717452747024926,0.24638838770209515,-0.31805047882562665
POL,2018,EU-SILC,13360,262.44572047152775,0.060786030771300875,30.11530271063661,30.113246955461513,-0.006826280960381403,0.29637901125932786,0.29633097985110346,-0.01620607613890268,0.15436191363122687,0.15430088059447034,-0.039538922083037775,0.32355718222799135,0.323511354612702,-0.014163683517642855
POL,2018,HBS,36132,193.67918533609247,1.0809521220081937,19.909863932179626,19.8209783963279,-0.4464396951908034,0.31141048616440414,0.3083234224817254,-0.9913165483608655,0.1606391817854549,0.15639786092469654,-2.6402779282223565,0.2581995843652317,0.2548823950055372,-1.2847384583711152
POL,2019,EU-SILC,17075,290.9371452513756,0.3528920224039449,32.36341043907062,32.33223552501628,-0.09632765407413535,0.3018714413304,0.3011984664832289,-0.22293425446447968,0.15987185373854063,0.15899327034924848,-0.5495547644859378,0.33565481703297717,0.33501764944408685,-0.18982822726113513
POL,2019,HBS,35880,190.5621365537542,0.7482381296208108,20.49929469132961,20.452107350875714,-0.23019006831417332,0.30239472374736664,0.30078569229012175,-0.5320964060831823,0.15010213049644605,0.1479594617334654,-1.4274739178544604,0.24447149355685271,0.242735924874533,-0.7099268127619629
POL,2020,EU-SILC,13665,277.8328467018567,0.04947916310051129,35.42813459031778,35.425439923130945,-0.007606009229665922,0.2875472263681006,0.2874930370839658,-0.018845351012164446,0.14236749275946137,0.14230034175482054,-0.047167371806067226,0.2801613426732694,0.2801071298925498,-0.019350557147645997
POL,2021,EU-SILC,15117,287.2923719549914,0.23086304157290227,36.31883339129887,36.30692475391114,-0.03278915173133834,0.2844235024044679,0.28418882266012746,-0.08251067241508148,0.1418343061730276,0.14154000737967465,-0.2074947883158429,0.2803237848016007,0.28008957864963846,-0.08354844100295633
POL,2022,EU-SILC,18087,302.37230092341935,0.10629744624380567,38.38613260076146,38.374150029641406,-0.031215885290336587,0.28467999178959225,0.28445664387539205,-0.07845578215601723,0.1414051928570248,0.14112243556152082,-0.19996245526137102,0.2785272314962749,0.2783034428622535,-0.08034712901111574
PRT,2004,EU-SILC,4787,419.6312110361062,0.0,29.867061839546146,29.867061839546146,0.0,0.3877535172518114,0.3877535172518114,0.0,0.26942455883960736,0.26942455883960736,0.0,0.5228588083515788,0.5228588083515788,0.0
PRT,2005,EU-SILC,4333,420.88431889645466,0.0,30.854955426023203,30.854955426023203,0.0,0.38938836182737,0.38938836182737,0.0,0.26371580330940914,0.26371580330940914,0.0,0.4502502176360923,0.4502502176360923,0.0
PRT,2006,EU-SILC,4152,383.8693579937235,1.345092410745907,30.764273826205308,30.67586144022379,-0.28738655259987755,0.384800724173732,0.3830289703191978,-0.4604341268688139,0.25756661125786806,0.2548781590034759,-1.0437891158573298,0.43848617578194815,0.4368718415228815,-0.3681608105860601
PRT,2007,EU-SILC,3909,469.5620541350611,0.026098116705055734,31.310593009780746,31.31023578548868,-0.001140905545782278,0.38060779839531744,0.380600731824581,-0.0018566542162923305,0.24455318945743576,0.2445425242209942,-0.004361111161632625,0.37906464669408746,0.3790575810312249,-0.0018639730516079034
PRT,2008,EU-SILC,4077,411.44434573025313,0.41895281631737924,31.540647955167092,31.53178720556901,-0.028093112134786047,0.3675018325880226,0.3673241627363053,-0.04834529680195487,0.23149891739075423,0.2312386492413352,-0.11242737216767829,0.38008592808040464,0.3799123128820665,-0.04567788110835247
PRT,2009,EU-SILC,4654,372.0324097944716,0.5868520156608582,31.261345122341535,31.207790319246886,-0.17131317569689664,0.36634150958834266,0.36525446335219125,-0.29673029337378143,0.23142308915195065,0.2298195790892188,-0.6928911322581999,0.37760926730114264,0.37654408839722087,-0.28208494763246605
PRT,2010,EU-SILC,4795,375.8721796832396,0.15496375952211255,31.95680097713735,31.952654310745995,-0.012975849473539913,0.349074152435659,0.34898969184564854,-0.024195601255816435,0.20886130523557522,0.20874203037089067,-0.05710721023696186,0.3551473538593902,0.3550640210238062,-0.023464298601261202
PRT,2011,EU-SILC,5550,388.2793184626326,0.2704665575501138,31.40717791058757,31.401197741373302,-0.019040772244149906,0.35844670464772466,0.3583245421587643,-0.03408107464132337,0.21953699705708152,0.21936001196134924,-0.08061743492202567,0.3609502976621397,0.36082898855188816,-0.03360825882047225
PRT,2012,EU-SILC,6022,344.0347111420372,0.9478518049050555,30.07461587430289,30.00009550700548,-0.24778493467337848,0.36344677426998007,0.3618661129851961,-0.43490860194285164,0.2322172330234702,0.22989055654725155,-1.001939626067072,0.403591475580079,0.40211365749036765,-0.36616682440760995
PRT,2013,EU-SILC,5727,331.6218194229451,0.28480101144227676,28.316792295513434,28.30293990063463,-0.0489193646449837,0.3603479236280861,0.3600349252236368,-0.08686005494300542,0.23674494935598345,0.2362922128754823,-0.1912338496482091,0.444480166780871,0.44420912631252074,-0.06097920415960578
PRT,2014,EU-SILC,6215,359.90228132749706,0.19805307089925447,28.25016340159827,28.2235462970931,-0.09421929397995799,0.3618710432385479,0.36126930884802466,-0.16628420587014858,0.24073902574831818,0.23984892675307234,-0.3697360627256119,0.45139007521525476,0.450873605947131,-0.11441750638346848
PRT,2015,EU-SILC,7955,343.96794152866215,0.11902952293861103,28.75450193182061,28.745574302587148,-0.031047761684865893,0.35562172796634317,0.3554216236436959,-0.0562688685507462,0.22899133975731045,0.22870304372314676,-0.125898225875809,0.4196846501451882,0.419504959525387,-0.04281562829114849
PRT,2016,EU-SILC,9370,389.94252494045503,0.2302309043305553,30.269052107772477,30.253692377096495,-0.05074400949621749,0.35523302346297236,0.3549057281099717,-0.0921353960310567,0.22570766165728218,0.22523379892516981,-0.20994534639762197,0.41714510058055765,0.4168499565911279,-0.07075331557747644
PRT,2017,EU-SILC,10136,346.88921188978344,0.7534238732293641,31.039732668155303,30.995786025502085,-0.14158189802422338,0.35190518324881226,0.350986534239657,-0.26105015012118926,0.2204919552026876,0.21916948614764964,-0.5997810912521939,0.4018018967555467,0.4009561179410184,-0.21049647136007765
PRT,2018,EU-SILC,11289,337.39182291946753,0.005016754035724472,31.258412487444033,31.258277571841546,-0.00043161373771694045,0.33803841154874215,0.3380355544375915,-0.0008452031050487641,0.20063046756801617,0.20062653358208493,-0.001960811824308628,0.3837272777285785,0.383724630659266,-0.0006898308945291198
PRT,2019,EU-SILC,12143,335.9429752937157,0.004932861339148431,32.98995472858303,32.98981567446261,-0.000421504429337638,0.3349256256044949,0.33492282229340575,-0.0008369951042364043,0.19765345832800918,0.19764963898579024,-0.0019323427230877321,0.37750366945656244,0.377501060001059,-0.0006912397718439323
PRT,2020,EU-SILC,9201,341.8213578362816,0.011177611196412576,35.261924952910896,35.26108569007481,-0.00238008230466491,0.3276274720389949,0.32761146885435966,-0.00488456738246823,0.18523874937270257,0.1852171213053988,-0.01167577916446616,0.32708563213889486,0.32706970611262143,-0.004869069353274913
PRT,2021,EU-SILC,9030,397.75824640425554,0.465617987585358,36.58250670828752,36.547568108724974,-0.09550630261930815,0.34668631358793844,0.3460619404554739,-0.18009742755713543,0.21759852666991097,0.21671620710309947,-0.4054804875356366,0.417265514103521,0.41671037443174097,-0.13304230831840957
PRT,2022,EU-SILC,11564,381.35077143344967,0.508847588522834,36.54953544968942,36.507345122719,-0.11543327829295347,0.34592035097132356,0.34516465401700547,-0.21845981371033663,0.2070649908394353,0.2059970565811975,-0.5157483425413667,0.3777837780161739,0.3770673425023573,-0.18964168275800164
PRY,1990,EH,736,384.9768272950203,0.0,15.850390480407645,15.850390480407645,0.0,0.4078619714738009,0.4078619714738009,0.0,0.282339999215965,0.282339999215965,0.0,0.4246956307183192,0.4246956307183192,0.0
PRY,1995,EH,2747,1036.472385432676,0.0,15.00252595003324,15.00252595003324,0.0,0.5789705731660482,0.5789705731660482,0.0,0.6428756273132712,0.6428756273132712,0.0,0.7272250143236523,0.7272250143236523,0.0
PRY,1997,EIH,3961,1409.4557071775648,0.0,16.02829936908849,16.02829936908849,0.0,0.5483819096879016,0.5483819096879016,0.0,0.5917476773238657,0.5917476773238657,0.0,0.7253079335326045,0.7253079335326045,0.0
PRY,1999,EPH,4291,784.9361685462022,2.4129802263671323,14.583018284069865,14.421286200262983,-1.1090439623432036,0.5449025142812738,0.5398001409082672,-0.9363827912845291,0.5645277449853907,0.5535008673130699,-1.9532924236710714,0.6878241592800225,0.6843233173034253,-0.5089733952150843
PRY,2001,EIH,7520,755.8518561440319,2.425535728732165,14.852461089242766,14.700330962778711,-1.024275542955222,0.5460612865191753,0.5413656349497404,-0.8599129228455182,0.5581328922409021,0.5479819826431735,-1.8187262816517946,0.6761081206935111,0.6727564693568258,-0.49572712323695534
PRY,2002,EPH,3730,583.3859013162468,8.422932540958925,12.042783464584591,11.35386242366403,-5.7206130372313035,0.5725296559177994,0.5466158475369433,-4.526194951301643,0.6134965031430089,0.5551531937950909,-9.509966079516163,0.6733818831284393,0.6535643456628306,-2.9429864334245437
PRY,2003,EPH,8495,570.1697332610141,3.298265758357403,13.635882039739835,13.423077815965158,-1.560619424210985,0.549301437599504,0.5421582991666947,-1.3004041030778124,0.5480110049349487,0.532468523278034,-2.836162324652536,0.6359406369956299,0.6301693747462656,-0.9075158770525227
PRY,2004,EPH,7050,418.50497850867464,4.219451491253002,13.34727172698759,13.10936838059834,-1.7824118011190215,0.5223099855715414,0.513650311968235,-1.6579567388187222,0.4847988212303753,0.467211988394046,-3.627655857680423,0.589731779246113,0.5822880295581429,-1.2622263120169452
PRY,2005,EPH,4045,497.4071703783388,3.6567920050128855,14.0162610767128,13.951585489811599,-0.4614325214636228,0.5137043163891765,0.5114533703131418,-0.43817931915709485,0.4738157159566323,0.46931121118073715,-0.9506870760503494,0.5931546627058191,0.5912691678409838,-0.31787575541160074
PRY,2006,EPH,4789,468.08796884340103,3.612631249736349,13.083325685128456,12.659520817501521,-3.239274767184497,0.5298090327603506,0.514071865672226,-2.9703470713084434,0.508187712051019,0.47549555771134555,-6.433086350657636,0.611676577860913,0.5986770181560807,-2.1252341801762276
PRY,2007,EPH,4308,459.05567946661716,7.168215680420118,14.013723750371584,13.421855652070425,-4.2234891228355,0.5303030299273098,0.5096150448981507,-3.9011628939768506,0.5136277770097624,0.47116786990357973,-8.266668783642439,0.6154254523937741,0.5984689104022294,-2.75525523450324
PRY,2008,EPH,4132,504.10050237065127,2.9520860437016094,14.569523194279597,14.374339251138721,-1.3396728262014101,0.5070469117361394,0.5003573130391626,-1.319325400103788,0.4559799156512492,0.4427531202853534,-2.9007407808751218,0.5730609013837119,0.567264652364711,-1.0114542808635663
PRY,2009,EPH,3998,477.26869011246634,2.612429369369878,14.167202853876152,14.115218564040287,-0.36693404034686683,0.4913339636703258,0.4894630757087357,-0.3807772513046537,0.434345341233938,0.43077013773198036,-0.8231246343752052,0.5671792368447255,0.5655857436734404,-0.28095054751119397
PRY,2010,EPH,4344,486.0243120887834,5.091753465246421,15.42018291846098,14.971711754258274,-2.908338808781563,0.5098243771773856,0.49515197295678937,-2.877933044674952,0.47392280265762876,0.44489657154897033,-6.124674935640851,0.595558240321782,0.5834450675481567,-2.0339190953147512
PRY,2011,EPH,4057,641.5563594599683,2.226358198367907,16.987048013233206,16.91644090120014,-0.41565263121681184,0.523062531591576,0.5210728162502677,-0.3803972223462515,0.5007340726328247,0.49665435703364214,-0.8147469529548257,0.6242931055658191,0.6227252182833343,-0.2511460191545356
PRY,2012,EPH,4910,517.0848358114299,2.39872727144205,16.868289731764456,16.764134134019073,-0.6174638887619377,0.4763356307475921,0.47308404731234166,-0.6826244407010296,0.4079185077990224,0.40188237784398373,-1.479739173298944,0.5482363385048232,0.5454303900704904,-0.5118136535759987
PRY,2013,EPH,4627,608.4257327830198,1.348659271062801,18.853652653121927,18.792940238390724,-0.32201937655380597,0.47919232665601974,0.4775103969934542,-0.3509926117353901,0.4056903368964404,0.4025457628962892,-0.7751168105721851,0.5446115747271457,0.5431408317632902,-0.2700535633294976
PRY,2014,EPH,4522,558.4511872399801,6.502568845166093,20.109122324188277,19.650917695756746,-2.278590885492693,0.5070264508589479,0.49554502921224663,-2.2644620664761694,0.45992999235542165,0.43738733534776797,-4.901323545395863,0.5723825987947915,0.5624142322338409,-1.741556536124611
PRY,2015,EPH,6672,615.5085293190452,1.1213228805268116,19.01039713740247,18.93775230865473,-0.38213209446748,0.476014591220584,0.474005044994267,-0.4221606361191954,0.4002798390322675,0.3965347182111465,-0.9356256438434074,0.5329537822355443,0.5311626294969982,-0.33608031282429396
PRY,2016,EPH,8649,579.3966394225139,0.5762230323750623,18.43331946516521,18.387207647178755,-0.25015471615730256,0.47899717742336134,0.47769075234320346,-0.27274170741160564,0.40210880000538785,0.39965770353210583,-0.6095605152757533,0.525456151423928,0.5242663588582761,-0.22643041906116324
PRY,2017,EPH,8363,474.2288779621437,4.532770206280316,19.412131577998736,18.925449848825885,-2.5071009189142512,0.4854749285544593,0.4722547103591488,-2.723151581622296,0.4113060668407744,0.3864702309752319,-6.0382858089854,0.5121523110391515,0.4996104266019673,-2.448858311648894
PRY,2018,EPH,4468,503.3655588821535,0.70153123563438,19.234014912271782,19.20525486340512,-0.14952701761873355,0.4595510190509565,0.45874192738897623,-0.17606133561648418,0.36873342667963405,0.36728657340254234,-0.3923846259668684,0.5026206274246148,0.5018762074078253,-0.14810773298417068
PRY,2019,EPH,4578,548.4291079033492,1.1227759144319667,19.460017963402585,19.360565535249176,-0.5110603101212141,0.45650637503187386,0.4537156417849898,-0.6113240470495551,0.3629957967982107,0.3580039064076126,-1.3751923395887378,0.4942315169025703,0.4916343586405957,-0.5254942619304037
PRY,2020,EPH,4581,450.20613781162376,0.0,17.204100805242756,17.204100805242756,0.0,0.43481944000855954,0.43481944000855954,0.0,0.32409206096982945,0.32409206096982945,0.0,0.45906764534452127,0.45906764534452127,0.0
PRY,2021,EPH,3982,402.96047298653156,0.3190866900707511,17.322081019421265,17.303317991508038,-0.10831855532941193,0.42894046822460186,0.4283212968231829,-0.14434902912792147,0.31358539999129986,0.3125365478540423,-0.33447097259204916,0.44369672054882625,0.443093853024914,-0.13587378404927852
PRY,2022,EPH,4298,417.9686177486262,0.5630595227285361,18.47099668558561,18.446987263331,-0.1299844435213804,0.4506769933944813,0.4499621725606351,-0.15861045589707912,0.35295290580357186,0.3516969579557272,-0.35584006455060546,0.4849500163189513,0.4842800896655889,-0.13814344382283572
PSE,2004,PECS,3098,161.39872218356376,0.3510326060521685,12.85836051828818,12.856701955576156,-0.01289871060672354,0.34044660525281745,0.3403615398891626,-0.024986403841997795,0.19439081555352677,0.19427167823246716,-0.06128752570967455,0.31602187995883424,0.3159339972454518,-0.027809059737859965
PSE,2005,PECS,2152,192.33997213688622,0.3058340242931835,13.402978935564807,13.400505288821563,-0.01845594740643719,0.3474262422726818,0.3473058183369212,-0.034661727039630996,0.20026560331784982,0.20009349151379485,-0.08594176993130809,0.319719800026384,0.31959461447772963,-0.03915476884572833
PSE,2006,PECS,1281,145.63730158676648,0.0,13.433588856302555,13.433588856302555,0.0,0.33959282818783765,0.33959282818783765,0.0,0.18965311484891156,0.18965311484891156,0.0,0.2977012919604979,0.2977012919604979,0.0
PSE,2007,PECS,1230,183.66352970295378,0.8997648174307725,12.362346812691614,12.332336993342839,-0.24275179950432602,0.35606077316057316,0.3544948713755476,-0.43978497578541775,0.21435756204229373,0.2120661442499756,-1.0689698886694798,0.34107485746447985,0.3394749077670174,-0.4690904833491216
PSE,2009,PECS,3816,171.0167568151896,0.3182073776928977,14.17301043849892,14.167168080265165,-0.04122171686182785,0.34463974635477823,0.34436956898911897,-0.07839414011787671,0.19476525818606838,0.19438468645685614,-0.1954002129315402,0.30464695450406054,0.3043613838658267,-0.09373822190303915
PSE,2010,PECS,3741,190.88939941044836,0.2391163538608463,14.301447327243954,14.283551451550737,-0.12513331891329527,0.3529443244725978,0.35213373372462886,-0.22966533012825918,0.20485994690338805,0.2036710950887417,-0.5803241837249007,0.31652112717794634,0.3156663616578723,-0.2700500682829565
PSE,2011,PECS,4289,186.20975645695964,0.0028339506940570944,14.27326558874521,14.273092706375804,-0.00121123206410223,0.3441523741453065,0.34414443022657026,-0.002308256264682562,0.19415591554626532,0.19414449520582,-0.005882046093308446,0.3057932088073718,0.30578481982657457,-0.002743350916778464
PSE,2016,PECS,3732,210.6146455705986,0.0,13.825652812008812,13.825652812008812,0.0,0.3369004054139727,0.3369004054139727,0.0,0.18989895813741242,0.18989895813741242,0.0,0.3167147708203273,0.3167147708203273,0.0
ROU,1998,IHS,32014,94.52146794581984,0.5437161465788645,8.620017259818539,8.598822961600563,-0.24587303689949103,0.310832401341284,0.3091341037353862,-0.5463708411894697,0.1630782674032618,0.1607602742427625,-1.4213991829869932,0.27718819798119043,0.2754114224683255,-0.6409996983296917
ROU,1999,HIS,31516,53.80662995679953,0.8453796954626982,5.851285076739597,5.823905089586689,-0.4679311774049455,0.2941766787339496,0.2908591803399383,-1.1277231112570951,0.1462702137910472,0.14183958606970792,-3.029070380432075,0.24905985415516974,0.24553950668886504,-1.4134543996446092
ROU,2000,IHS,31052,52.61378225038029,0.6238419634269327,5.645461583739413,5.624513668405124,-0.37105761900189105,0.29323863738697986,0.2906066285955645,-0.8975654827988899,0.1451839324807842,0.14161875077057062,-2.4556310393958003,0.2488518283887966,0.24605946997579886,-1.1220968039805101
ROU,2001,HBS,31794,58.227633360762255,0.42733330704167005,6.2233533704623625,6.216172098049571,-0.11539232926858212,0.2942905880073421,0.2934755104811789,-0.2769635045694496,0.14573499132303813,0.14467432766941934,-0.727803010100514,0.2520249076010299,0.25116530866707265,-0.34107697613684484
ROU,2002,HBS,32026,63.96045875150145,0.32772191421811814,6.434473613948682,6.430192312103207,-0.06653693996341303,0.3022993890234541,0.30183492416209234,-0.15364399606038193,0.15488683286859906,0.15427331178351245,-0.3961092584332859,0.2668228214213245,0.26633696402645857,-0.18208989481404148
ROU,2003,HBS,32007,65.0523066266086,0.37523210417096114,6.829174607170525,6.821742475389448,-0.1088291368809502,0.2991128717039939,0.29834940794641873,-0.2552426959180565,0.14963357665765908,0.1486290092865068,-0.6713515733508091,0.2553591542302376,0.25455169392121757,-0.3162057422433251
ROU,2004,HBS,32778,79.20955712731342,0.16877667625050682,7.610500448679883,7.6080094034433845,-0.03273168766358969,0.300393720263776,0.300164668332328,-0.0762505724975937,0.1490043235093097,0.14870159139093198,-0.203170023022059,0.2531226042551714,0.252879120661896,-0.096191959620473
ROU,2005,HBS,32676,77.03194128561941,0.15381033229695673,8.039208496083363,8.033829814408605,-0.06690561237935322,0.29819391267603146,0.29772407838809156,-0.1575599862933319,0.14696938422742467,0.14634294237141754,-0.4262396956346781,0.251350193810123,0.25085074470135105,-0.19870647450117573
ROU,2006,HBS,31958,83.16507380259998,0.2773283518733827,8.215118081465038,8.19852802382955,-0.20194545557317145,0.3046429642829409,0.3032359630488607,-0.4618525287107711,0.15446385558518871,0.152517286970139,-1.260209780259014,0.26182205335931263,0.26033033807870576,-0.5697439392394199
ROU,2007,EU-SILC,6406,221.84463380652258,0.0,9.692545150488735,9.692545150488735,0.0,0.3962192671998225,0.3962192671998225,0.0,0.2938414039923114,0.2938414039923114,0.0,0.539158680273476,0.539158680273476,0.0
ROU,2007,HBS,31249,89.43096354081317,0.06066545414055168,8.989555848402933,8.986272797170242,-0.036520727920874574,0.30207289779396307,0.3018179247393491,-0.08440778913832991,0.1505335782569701,0.15019051989264165,-0.22789491108943238,0.2554077470989925,0.25513652555432287,-0.10619158884186408
ROU,2008,EU-SILC,6091,207.31694255014892,0.0,10.554018175879248,10.554018175879248,0.0,0.3754831575339248,0.3754831575339248,0.0,0.261978661501415,0.261978661501415,0.0,0.46651807368630593,0.46651807368630593,0.0
ROU,2008,HBS,31360,107.2362983535888,0.05907722652427771,10.663800066976686,10.662468527265219,-0.012486540474354602,0.29583811489003686,0.2957501815156639,-0.02972347711370782,0.14469550181532087,0.14458067178858158,-0.07935977642611336,0.248875326704865,0.24878199609402518,-0.03750094960216499
ROU,2009,EU-SILC,6302,212.16611892855062,0.252674464529179,11.882751727188609,11.876193385097386,-0.05519211578086658,0.3643025247216567,0.3639515371620934,-0.0963450801861665,0.2486433202360656,0.24811850527605328,-0.21107140924360168,0.47085813183310754,0.4705663050274682,-0.06197765014765988
ROU,2009,HBS,31208,102.69826166180205,0.1295406358400472,10.845435556480052,10.841970212682654,-0.03195209431056112,0.28189346366157175,0.28166396490926693,-0.08141329327889801,0.1312868976232977,0.1309957584939121,-0.22175794740840749,0.23109001053301237,0.23084576252565836,-0.1056938838639776
ROU,2010,EU-SILC,6323,223.29154729688543,0.1630671330970106,12.136858519266669,12.136577111487517,-0.0023186212371628656,0.3556450720233916,0.35563013355268835,-0.004200387374475589,0.23077200388402774,0.23075006867093562,-0.009505144784871522,0.4105216682641969,0.41050802364268835,-0.0033237274822184304
ROU,2010,HBS,30949,99.65698186944331,0.05524310586387563,10.410948692093617,10.410067417013506,-0.008464887362091833,0.2815823775161135,0.2815215631342972,-0.021597367829873093,0.13138695745232543,0.13131042631608425,-0.0582486555173789,0.23332875021104804,0.23326430598885994,-0.027619494867137107
ROU,2011,EU-SILC,5902,226.18226276794255,0.0,11.603329811352792,11.603329811352792,0.0,0.35472550863281116,0.35472550863281116,0.0,0.23998978340109778,0.23998978340109778,0.0,0.49089309668929915,0.49089309668929915,0.0
ROU,2011,HBS,30387,89.48418372646286,0.019286237271490852,10.195717145813218,10.195438355545633,-0.0027343860524720043,0.27211519866465617,0.2720952952616751,-0.00731432976869284,0.12227375659229178,0.1222491966541277,-0.020086025692311882,0.21865027752514588,0.21862908609021237,-0.009691931413657873
ROU,2012,EU-SILC,5785,255.4405812163234,0.0,10.876909671430726,10.876909671430726,0.0,0.3587193031479743,0.3587193031479743,0.0,0.251931994612955,0.251931994612955,0.0,0.5299445993187764,0.5299445993187764,0.0
ROU,2012,HBS,29443,93.13943562411322,0.09725962142059318,10.39472213072161,10.392073659979483,-0.025478995097893975,0.27334237632367087,0.2731572036122585,-0.06774387268555504,0.12347192892475878,0.12324140417150753,-0.186702155914098,0.22016654496548715,0.21996922149601816,-0.08962463824825351
ROU,2013,EU-SILC,5842,255.04080920809432,0.3425419332764377,10.949576408473877,10.919831280318158,-0.27165551475305527,0.36548270823161266,0.3637543946313023,-0.4728851902933484,0.262452831423186,0.2597805219642657,-1.0182056121967986,0.5102526341476246,0.5089188336119533,-0.2614000293990282
ROU,2013,HBS,29533,93.74797855895935,0.034891195424752865,10.46206449842144,10.460207593450397,-0.01774893446053749,0.27450699330124495,0.27437820523023904,-0.04691613479754775,0.12482727886753509,0.12466140373242895,-0.1328837227014712,0.22261502074657924,0.22247752033941615,-0.06176600604126392
ROU,2014,EU-SILC,5809,295.9244651559488,0.8099441219046357,11.025067392860667,10.98573387206643,-0.3567644477140086,0.3691771723020687,0.36691908631056125,-0.6116537426804514,0.27424385987595956,0.2707661560534036,-1.2681063576515217,0.5270266368151415,0.5253338013406479,-0.32120491759648484
ROU,2015,EU-SILC,5772,276.0209903199516,0.533266822052645,11.438276338528036,11.4104461216824,-0.24330778538629305,0.3601153969458477,0.3585550036862515,-0.43330367788492197,0.2696103605986586,0.2672475285466547,-0.8763877051154001,0.5428223381317829,0.5417077522611902,-0.2053316144705497
ROU,2016,EU-SILC,5690,268.4976417455317,0.0,12.340566960542077,12.340566960542077,0.0,0.35913890645553015,0.35913890645553015,0.0,0.2572729813515262,0.2572729813515262,0.0,0.4872260084703298,0.4872260084703298,0.0
ROU,2016,HBS,29129,112.35172123054748,0.324732171383724,11.995920983619992,11.984184093019168,-0.09784067948471753,0.2834570479981333,0.2827554152802527,-0.2475269967128213,0.13424240228134954,0.1333403825620283,-0.6719335351514033,0.23622278178276213,0.23547850475560927,-0.3150741945953883
ROU,2017,EU-SILC,5709,298.4889679753722,0.0,14.055028848097574,14.055028848097574,0.0,0.3440693456668211,0.3440693456668211,0.0,0.2340441439293035,0.2340441439293035,0.0,0.45712100406024525,0.45712100406024525,0.0
ROU,2018,EU-SILC,6452,398.10363868411974,0.0,17.643817942272047,17.643817942272047,0.0,0.3588889055309624,0.3588889055309624,0.0,0.2577298893229165,0.2577298893229165,0.0,0.5112568642121164,0.5112568642121164,0.0
ROU,2018,HBS,30422,135.99500966800585,0.5338187203880241,14.344636728366956,14.32474987061199,-0.13863618948005696,0.28782866299943033,0.28684021855216313,-0.3434141815365943,0.13899830972007665,0.1377161864470957,-0.9224020605451688,0.24221670465570944,0.24116956164590164,-0.4323165948839969
ROU,2019,EU-SILC,5702,384.12403933568055,0.0,19.858614395399,19.858614395399,0.0,0.35648024601930517,0.35648024601930517,0.0,0.2497231808077136,0.2497231808077136,0.0,0.4788268847298365,0.4788268847298365,0.0
ROU,2019,HBS,30549,140.37576271110646,0.059703368808869665,15.200475838713595,15.196843422249064,-0.02389672864898662,0.2758243884419145,0.27565130206455835,-0.06275238325873511,0.1258745017791325,0.12565532879355068,-0.1741202407826825,0.22492565862141323,0.22474140670955922,-0.08191680441587135
ROU,2020,EU-SILC,5893,419.78161771109916,0.0,21.517462265376864,21.517462265376864,0.0,0.3465052553461785,0.3465052553461785,0.0,0.23513485222524677,0.23513485222524677,0.0,0.45220675214129724,0.45220675214129724,0.0
ROU,2020,HBS,28627,136.68117141669092,0.06513642831167979,14.753152238119917,14.750727431552548,-0.016435854034657638,0.27539431524458036,0.2752752050049183,-0.043250798244065525,0.12598196779256998,0.12583135104542587,-0.11955421064077099,0.22592003446917608,0.22579350578869684,-0.05600595838104461
ROU,2021,EU-SILC,4200,449.95961528476494,0.0,24.100624761236173,24.100624761236173,0.0,0.34480787057785545,0.34480787057785545,0.0,0.2402447342064944,0.2402447342064944,0.0,0.5088884508362526,0.5088884508362526,0.0
ROU,2021,HBS,30278,148.265606351345,0.028940511933848105,16.098601127229845,16.098083252969044,-0.003216889819857016,0.27626082241750316,0.27623754064311457,-0.008427461478199838,0.12706938494841546,0.12704050578699988,-0.02272708050590211,0.22687994640121978,0.22685527657469273,-0.010873515671327993
ROU,2022,EU-SILC,3929,453.4101599922658,0.2122120545063589,26.456811366913442,26.455553347617776,-0.004754992119870849,0.3378899051761457,0.33785842576274683,-0.009316470517950481,0.22724728382684622,0.22720247546249217,-0.019717887756232066,0.46982961858028305,0.4698044522924595,-0.005356471118111994
RUS,1997,HBS,188064,225.30679270552912,0.17474791700103726,12.516556856668078,12.514088235099257,-0.019722848680281402,0.38409233372131446,0.3839708456213473,-0.031629920542830536,0.25179780514308314,0.251610471190173,-0.07439856467521544,0.3906426293805797,0.39052260999410093,-0.030723576346258774
RUS,1998,HBS,184943,219.67912815352418,0.23913819301816958,11.259145479831796,11.257829231668959,-0.011690480109660673,0.38137039476909973,0.3812980780821653,-0.01896232322338154,0.24863686573504262,0.24852579207604109,-0.04467304503423808,0.39251534250315956,0.39244442395433443,-0.018067713830716148
RUS,1999,HBS,187805,185.4154806187797,0.057427092035416925,8.969357409761695,8.967088379907842,-0.025297574287574953,0.37443443949959176,0.37427615046336726,-0.04227416592235134,0.24064431335513392,0.24040032495347452,-0.10138963944654744,0.38643232281400786,0.38627719034687136,-0.04014479586148534
RUS,2000,HBS,190523,191.67960216423492,0.04468388283132578,9.829374093826038,9.828943793127474,-0.004377701921376431,0.3709282925661328,0.3709007531717218,-0.007424452370696777,0.23452121166201811,0.23447954323620568,-0.01776744436766675,0.3763517441830395,0.37632448113287087,-0.00724403449433586
RUS,2001,HBS,193272,193.67549807575455,0.19463697007553935,11.063906338947325,11.056545391747472,-0.06653117781683093,0.3692511495839855,0.368831247938912,-0.11371708538934211,0.23115764011665307,0.2305181036416295,-0.2766668126136018,0.3712059823376902,0.3707877841963655,-0.11265932156887537
RUS,2002,HBS,193141,233.75777912924826,0.10247903900285352,12.259850372674943,12.256405414974303,-0.028099508525147865,0.3728382979167951,0.3726620235324897,-0.04727904437135111,0.23329436709162454,0.23302394727272535,-0.11591356545397336,0.3653392920842785,0.3651610742935978,-0.04878144632732839
RUS,2003,HBS,192264,277.35047904169875,0.007846974319838872,13.503799580727746,13.503794837811652,-3.512282646944698e-05,0.39971570093829434,0.39971549010274365,-5.2746377032786285e-05,0.2682500747324572,0.2682497405666058,-0.0001245725100962325,0.4050736327726461,0.40507342411099134,-5.151203086306566e-05
RUS,2004,HBS,192457,317.30484350995926,0.0,14.5617331403692,14.5617331403692,0.0,0.4031584213556356,0.4031584213556356,0.0,0.274507581807796,0.274507581807796,0.0,0.41336511837576795,0.41336511837576795,0.0
RUS,2005,HBS,186804,354.30270510398907,0.0,16.0156905867257,16.0156905867257,0.0,0.4126560556257671,0.4126560556257671,0.0,0.2872016101046828,0.2872016101046828,0.0,0.42298107920075334,0.42298107920075334,0.0
RUS,2006,HBS,192795,377.3170693234099,0.0,17.43952748369465,17.43952748369465,0.0,0.4095095053722826,0.4095095053722826,0.0,0.28173421161407264,0.28173421161407264,0.0,0.41606040145592305,0.41606040145592305,0.0
RUS,2007,HBS,192813,427.32776755268105,0.0,20.223498009466272,20.223498009466272,0.0,0.42272473020107015,0.42272473020107015,0.0,0.2989357040213325,0.2989357040213325,0.0,0.42670404901060666,0.42670404901060666,0.0
RUS,2008,HBS,186564,424.12284240903927,0.556478781967586,22.377514941530336,22.373491227331517,-0.017981059153948653,0.4156858510570208,0.4155808069699569,-0.025270065554749976,0.28745541826631804,0.2872848972070363,-0.05932087149728149,0.4109180682366984,0.41081229320037693,-0.025741149999891633
RUS,2009,HBS,186581,365.7440898041362,0.050394972918395904,21.34906884159036,21.347884415789704,-0.005547903795921627,0.3984560087153637,0.3984226351709026,-0.008375716197295269,0.26271804094389806,0.2626656123785267,-0.019956210537730446,0.38478069120174874,0.3847466211593358,-0.00885440542938154
RUS,2010,HBS,186766,417.24549792957123,0.10331049041809337,22.9639222930909,22.961952148763597,-0.008579302360267604,0.39548977593443946,0.39543791315226584,-0.013113558258515123,0.25986112156307195,0.2597798446065598,-0.03127707447089234,0.3861134927375989,0.38606091083659977,-0.013618250071056881
RUS,2011,HBS,186707,400.7252178791906,0.08662732122602888,23.86163220686717,23.858972179722194,-0.011147716643666872,0.3974931440588245,0.3974259751175142,-0.01689813832370657,0.26140579011144016,0.26130043882148923,-0.040301819598564936,0.3834496828432029,0.38338107240962094,-0.017892943103570147
RUS,2012,HBS,186693,430.0056268015728,0.1744979741285534,25.10723560523376,25.10242065061366,-0.019177557799709977,0.4071482693826656,0.40703456956383144,-0.027925900067449216,0.2749608556178247,0.274779595117546,-0.06592229278287176,0.39468191604034975,0.3945660208477406,-0.02936420137306106
RUS,2013,HBS,187818,447.534718130662,0.34959448658861086,25.646017755272013,25.64138721024566,-0.018055610311662473,0.4088442433330969,0.40873751898318744,-0.02610391405767354,0.27659544762669785,0.2764249333243223,-0.06164754475848078,0.39375684888528095,0.39364757425239094,-0.02775180500336205
RUS,2014,HBS,187792,383.07816117975256,0.3201492559684153,25.181018658084454,25.16641328775687,-0.05800150711097185,0.3988122187213353,0.398463392825803,-0.0874662006722593,0.2634779693936844,0.26293141172354995,-0.20743960923647053,0.37916889603586446,0.37880935198801147,-0.09482424629549957
RUS,2015,HBS,188953,333.0391765408865,0.07169522323766767,23.179077748168424,23.175405117741946,-0.015844592551872427,0.3771053835134066,0.37700667740690164,-0.02617467445978905,0.23472333461868367,0.23457436752245409,-0.06346497099301018,0.3528060633592871,0.35270374243390124,-0.029002031430980235
RUS,2015,VNDN,37544,642.0737149530999,0.0,36.717536593188,36.717536593188,0.0,0.3688603153527251,0.3688603153527251,0.0,0.24152056550249767,0.24152056550249767,0.0,0.43285440238894135,0.43285440238894135,0.0
RUS,2016,HBS,190795,335.5824211078304,0.03062276439876979,22.5232456342978,22.522330860679443,-0.00406146446747524,0.3684849935798694,0.3684593442984968,-0.006960739736894261,0.223972101064966,0.22393396873837634,-0.017025480588139796,0.34330591902117324,0.34327931235472475,-0.007750133328421338
RUS,2016,VNDN,48757,633.0328242018721,0.0,33.742948044936085,33.742948044936085,0.0,0.3651684777102079,0.3651684777102079,0.0,0.23716115432503848,0.23716115432503848,0.0,0.4555507946792673,0.4555507946792673,0.0
RUS,2017,HBS,190880,325.77643313797364,0.7832872207892138,22.569801120720346,22.547370956444887,-0.09938131113998994,0.3723907097262499,0.37176660018450414,-0.1675953576297684,0.2293247053322749,0.22839088101336324,-0.4072061566845142,0.34543834721673006,0.34478878160171933,-0.18804096888617172
RUS,2017,VNDN,111843,608.484222110377,0.060840541458223076,32.52398553970499,32.518430686182754,-0.01707925221973161,0.3672035080107132,0.3670954166355793,-0.02943636778403036,0.23691432138606938,0.2367512216942047,-0.06884332315179043,0.44432311940957947,0.44422830613277886,-0.02133881237749158
RUS,2018,HBS,190827,315.2437012286658,0.37498381394837976,22.866002021002753,22.841254750926755,-0.10822735891157231,0.37473006216266636,0.3740528206263728,-0.1807278370955956,0.2316162230698362,0.23059921183599652,-0.4390932640038092,0.3454411430413875,0.344733699144266,-0.20479433656712676
RUS,2018,VNDN,49867,512.298082001498,0.0,31.511483608100786,31.511483608100786,0.0,0.35454125364035893,0.35454125364035893,0.0,0.22112166674422573,0.22112166674422573,0.0,0.4293611033364173,0.4293611033364173,0.0
RUS,2019,HBS,189390,331.0567152418141,0.975295172663623,23.806098480420708,23.742271428414355,-0.26811219007115694,0.37736861923865817,0.3756961162913518,-0.4432013850755867,0.23548310110537862,0.23296146920269845,-1.0708334869225955,0.3475596309058977,0.34580992852633863,-0.5034250885232461
RUS,2019,VNDN,50446,511.59261611081126,0.0,32.19900689848067,32.19900689848067,0.0,0.3528020066771711,0.3528020066771711,0.0,0.2142032275310668,0.2142032275310668,0.0,0.38424563397612144,0.38424563397612144,0.0
RUS,2020,HBS,189215,277.92132019528555,0.15645592730455588,22.628477959248197,22.61973980225589,-0.03861575227482872,0.3606824207986491,0.3604354711688085,-0.06846733181334885,0.21427991384874145,0.21391948413354456,-0.16820508685257973,0.3231756373896165,0.3229149781124028,-0.08065560860934795
RUS,2020,VNDN,49496,499.384036941699,0.0,32.66860274591537,32.66860274591537,0.0,0.35674508806808647,0.35674508806808647,0.0,0.220325386510289,0.220325386510289,0.0,0.3830472941937836,0.3830472941937836,0.0
RUS,2021,VNDN,48806,439.97565299283855,0.13768097569182675,32.61494669865598,32.60637973518292,-0.026266985968770307,0.3371490528107878,0.3369749177993945,-0.051649266086184475,0.19242009908695978,0.1921748779097876,-0.1274405212011498,0.3303083232525308,0.3301328931970706,-0.05311100057446838
RUS,2022,VNDN,114659,503.20722218066237,0.013634389785081132,33.13958769090354,33.13913475796577,-0.0013667428273245186,0.3514427727136319,0.3514339085935173,-0.0025222086788567744,0.21134014008566782,0.21132732595475145,-0.006063273598266861,0.3756356570148892,0.37562714423531995,-0.00226623309322882
RWA,2000,EICV-I,6419,34.70038058479139,5.361251299413783,2.1125210833115076,2.0716218806658064,-1.9360376078040864,0.4854727268629061,0.4753306486742438,-2.089113894038863,0.4020552875450354,0.38326419119143335,-4.673759290256118,0.492733087952667,0.48272714042407794,-2.030703391599764
RWA,2005,EICV-II,6900,52.38698482178134,6.136862254139729,2.737332963386077,2.6694087174997287,-2.481402401347843,0.5203941409755328,0.5082099881325531,-2.341331672208924,0.46769560254062825,0.4433728924059793,-5.200542832244404,0.5428937059232259,0.5312687535965325,-2.141294363861612
RWA,2010,EICV-III,14301,44.110581281579094,4.825337948444845,2.9102585794834406,2.8539516916802854,-1.9347726762186657,0.4722241392513533,0.46183029655267416,-2.201040106750407,0.374901244227832,0.35621053888505505,-4.985501016747329,0.46031263128094213,0.44967706911552363,-2.3105084333276293
RWA,2013,EICV-IV,14415,43.408236299896565,5.373057651327079,3.102005733707974,3.041700738486779,-1.9440645955579705,0.4511283189030396,0.4402698797267355,-2.406951353155451,0.34179946695129015,0.3231358799629743,-5.460390899607681,0.4354264214942348,0.42424989888640563,-2.5667993617555784
RWA,2016,EICV-V,14573,48.971197359990214,2.032205090022833,3.0867955703793415,3.0642445476716995,-0.7305641787243689,0.4371004777633607,0.4329605024944233,-0.9471449882923033,0.31857188760819133,0.3115500025512651,-2.2041759898043467,0.4235839620335059,0.41934670728037227,-1.0003340855474718
SDN,2009,NBHS,7906,76.10743166660814,0.0,4.674115053333688,4.674115053333688,0.0,0.35395336962499613,0.35395336962499613,0.0,0.21318546090944168,0.21318546090944168,0.0,0.3497961342732204,0.3497961342732204,0.0
SDN,2014,NBHS,11940,46.61817076459755,2.490588874120682,4.563741866012047,4.5159581911494255,-1.047028431175856,0.3424319710981881,0.3354835425062921,-2.0291413122472957,0.19703853520133552,0.18721924930749756,-4.983434272795694,0.3048119580552182,0.29748123073314037,-2.4049999116996124
SEN,2001,ESAM-II,6563,44.437179510136495,2.3111505213841363,2.934368136469683,2.910944875404304,-0.7982386659078022,0.4122943556870322,0.4075686732385848,-1.1461914002127704,0.282081469918803,0.2744145796604148,-2.7179701880435836,0.3851358936541337,0.3801947705653632,-1.2829557489149046
SEN,2005,ESPS-I,13555,64.3293983741225,0.0,3.3156267878744146,3.3156267878744146,0.0,0.39222281875932086,0.39222281875932086,0.0,0.2624755063201697,0.2624755063201697,0.0,0.4304246559407183,0.4304246559407183,0.0
SEN,2011,ESPS-II,5951,73.58515918601974,0.0,3.3641634950692163,3.3641634950692163,0.0,0.4028522509073541,0.4028522509073541,0.0,0.27703015903023265,0.27703015903023265,0.0,0.42510122970997766,0.42510122970997766,0.0
SEN,2018,EHCVM,7154,90.02914292373288,0.5259308897104156,5.981558484462753,5.971492755338155,-0.16827937318917296,0.3831478427431262,0.3821083082911845,-0.2713141863201485,0.2408589507165979,0.23925969500009026,-0.6639801891312636,0.34937651905401124,0.34828167767552964,-0.31337005172701327
SEN,2021,EHCVM,7119,72.58390438612346,0.32839812536715446,5.774327144179136,5.771831497305823,-0.04321970007932219,0.3615772121434071,0.36130122324655656,-0.07632917329455369,0.21470127398298233,0.21429963556255904,-0.18706848495697592,0.32555676462603644,0.3252661429592213,-0.08926912243675256
SLB,2005,HIES,3776,85.91930199025182,1.0333339747874037,3.208986953424097,3.201915417973442,-0.2203666002165927,0.4609685215565309,0.45977841147228715,-0.2581759987048904,0.36587210818618543,0.3637332589248794,-0.584589317810913,0.49565083084231176,0.4945374900090409,-0.2246220048453984
SLB,2012,HIES,4362,55.731406949111864,0.7080598307756135,4.024132837486206,4.013953450239869,-0.2529585293883141,0.37054926988403813,0.3689533009009809,-0.4307035832392003,0.22934985896304672,0.22693565633075363,-1.0526287843421245,0.3482647124692484,0.3466144847945034,-0.47384291766013886
SLE,2003,SLIHS,3713,38.545008154530635,0.0,2.4678505810655236,2.4678505810655236,0.0,0.4016773206204164,0.4016773206204164,0.0,0.2644967929113996,0.2644967929113996,0.0,0.38040622233443566,0.38040622233443566,0.0
SLE,2011,SLIHS,6727,39.9785360301743,0.024691482816513222,3.189014593467578,3.1889640127780017,-0.0015860915055010416,0.34030239323393396,0.34029192974298117,-0.0030747626701521646,0.18861477020602635,0.1886000343630222,-0.007812666520257139,0.2999436153922307,0.2999325510046432,-0.003688822505187872
SLE,2018,SLIHS,6807,40.56064309077901,1.5134742292672236,3.8859947581127416,3.863094319428717,-0.5893069885443247,0.3569017758418722,0.3530920660970508,-1.06743927957067,0.20821575452983,0.20268718244901596,-2.655213143356061,0.3049024180814385,0.30079491299014305,-1.3471539901655727
SLV,1991,EHPM,9832,353.18859382829584,1.3977686853005753,7.929459591658352,7.90933088353868,-0.2538471618021343,0.5264131963649075,0.5252084365300522,-0.2288620124219154,0.5331056385388686,0.5306145056344975,-0.4672869173169447,0.7462409340592053,0.7455951999575449,-0.08653158412900153
SLV,1995,EHPM,5277,280.8925184894034,0.4834976439197818,8.936353996404758,8.928902732756903,-0.08338147359485681,0.4959270313191878,0.49550646045743774,-0.08480498847407425,0.45699175363798217,0.4561812770800284,-0.1773503682510169,0.6409635982282909,0.6406640658069769,-0.046731580723446964
SLV,1996,EHPM,6110,332.49789681741714,0.6450580822584051,8.893092698594248,8.877664391986597,-0.1734864026559646,0.5079241513824514,0.5070691442909381,-0.16833361618781018,0.4823304503927117,0.48063152892386274,-0.3522318500658095,0.6597743884992722,0.6591832145629641,-0.08960243783525668
SLV,1998,EHPM,7388,608.2586823938492,0.7697815163732823,9.205235136882475,9.17806106452921,-0.2952023707073703,0.5344644005576613,0.5330862721831238,-0.257852229839739,0.5953442239471127,0.5924225729868249,-0.49074986247744645,0.798673412864086,0.7980773493071749,-0.07463170143270359
SLV,1999,EHPM,9227,499.0510889295486,0.0,9.594761340611784,9.594761340611784,0.0,0.5115595380161533,0.5115595380161533,0.0,0.5321281867585055,0.5321281867585055,0.0,0.7822066546202251,0.7822066546202251,0.0
SLV,2000,EHPM,15259,486.0308347171298,1.579950742364231,10.646612040090979,10.567311789492981,-0.7448402393116615,0.5139421886396018,0.5102955872044553,-0.7095353360266121,0.5034528954287769,0.4960845432113752,-1.4635633808653181,0.6781809874936287,0.6757661364473266,-0.35607766817919995
SLV,2001,EHPM,11208,519.1702514905817,0.267820237086074,10.211878794285882,10.202808179689075,-0.08882415057532844,0.5119570926222272,0.5115232385611866,-0.08474422315714047,0.5068997226396157,0.5060252734853252,-0.1725092982369114,0.6977710170928016,0.6975023471016029,-0.03850403422002158
SLV,2002,EHPM,15562,552.4708935680463,1.3628433606988384,10.293977268006865,10.25202654613888,-0.40752685551739276,0.5172344597372681,0.5152596739209854,-0.38179703210142746,0.5206732634253246,0.5166521708506007,-0.77228712461066,0.6971781381035564,0.6959390972829177,-0.17772227109833505
SLV,2003,EHPM,15442,487.2948774040171,0.0,9.549610930826349,9.549610930826349,0.0,0.5021424816036089,0.5021424816036089,0.0,0.524621552960328,0.524621552960328,0.0,0.7880515649053537,0.7880515649053537,0.0
SLV,2004,EHPM,14532,357.6605744752451,0.09914798886370574,9.810790487606214,9.809844860104842,-0.009638647391019273,0.47594873480598565,0.4758982205209178,-0.010613387823887876,0.4292793092606626,0.4291854100983241,-0.021873675323458297,0.6335709425822036,0.6335356290414685,-0.005573731110697366
SLV,2005,EHPM,14879,352.8945503536166,0.5228916733639942,9.959918163373496,9.953489199238886,-0.06454836304028433,0.4837311254685013,0.48339770869814336,-0.06892605267750929,0.4336803685805408,0.4330502354482135,-0.14529897546198267,0.622993474027462,0.6227500197775117,-0.039078138070447466
SLV,2006,EHPM,15521,241.2581652795673,0.4708367284907124,9.91536929537719,9.899141299876426,-0.16366506397628156,0.45661317945911306,0.45572254819383406,-0.1950515896921745,0.3659173961028437,0.36433181576532325,-0.4333164682541635,0.5176823594908888,0.5168920812192115,-0.1526569830300084
SLV,2007,EHPM,15336,236.7393463178574,1.2551931824623468,10.606016341218577,10.549835969113401,-0.5297028620146471,0.45212578091683686,0.44920902012033226,-0.6451215390969045,0.3516604432890498,0.34649554431545626,-1.4687176428735182,0.47980695706370724,0.477038056778715,-0.577086314449704
SLV,2008,EHPM,16557,305.1673348893923,1.202354658295463,10.22961907259982,10.187713570880154,-0.4096487016990835,0.46885679046525286,0.46667310415211904,-0.4657469738183595,0.38281738341381644,0.3788231522845851,-1.0433776788327576,0.514270697788815,0.5122734480180213,-0.38836546188244503
SLV,2009,EHPM,19269,230.3982971639377,0.5486023867331874,9.877291093959935,9.860630049871794,-0.16868029836974996,0.4582508610601099,0.45733573287280704,-0.19970026574218647,0.3641128870305952,0.3624839892562133,-0.4473606489640791,0.5030433010814512,0.5022041400521438,-0.1668168580127083
SLV,2010,EHPM,20007,247.03553832205756,0.039239188427353744,9.77879666928577,9.778160616805215,-0.006504404397245089,0.4350397271715486,0.4350029783232623,-0.008447239640674287,0.32631337930908644,0.3262506816142785,-0.019213951613228364,0.4699165488151946,0.469882091693827,-0.007332604364440609
SLV,2011,EHPM,20154,196.79543538595732,0.7098808293359188,9.546103886697033,9.535672668102729,-0.10927199953103539,0.4231262828009551,0.4224954687389524,-0.14908411215368567,0.305103740542926,0.3040576627998717,-0.3428596913275572,0.4376007286380511,0.4369861648587142,-0.14043938666409295
SLV,2012,EHPM,20564,192.76424839777619,1.3502442125535148,9.878613667498492,9.838302660129958,-0.4080634057100574,0.41822299259072937,0.4158404810104268,-0.5696749395684431,0.2992088758480955,0.2952808598296459,-1.3128006337765896,0.4309591610420178,0.42862974560060907,-0.5405188361181201
SLV,2013,EHPM,19953,211.7131483598249,3.369802880948039,10.896159475663644,10.71076138953073,-1.701499381933591,0.433542754624349,0.4237446189231876,-2.2600160184088836,0.32309114501970715,0.3063809523567387,-5.17197481904037,0.44710744633106814,0.43754228166887055,-2.1393436277316935
SLV,2014,EHPM,19822,212.39670519386166,0.553601374720379,10.63432675316254,10.61302029308984,-0.20035551443220445,0.41552987331015345,0.41435669819640497,-0.28233231570160555,0.2933332189473341,0.29139876861161707,-0.6594719625206746,0.42562376223617004,0.42447153105483537,-0.2707158959549205
SLV,2015,EHPM,22343,196.1028394359028,0.8871796029391588,10.940505930269943,10.907254874068098,-0.30392612931954277,0.4055194177892979,0.4037076447363461,-0.44677837200218784,0.2783079543289593,0.27537673442112176,-1.0532289365947523,0.4058995906032633,0.4040901900056638,-0.4457754182285001
SLV,2016,EHPM,19849,216.6847227622969,1.4354190108576972,11.026856679966466,10.977448843989208,-0.4480681794569952,0.39977935335224446,0.39707885763323003,-0.675496544874099,0.27361374805775807,0.26928429794559383,-1.5823218470916611,0.4087059702713075,0.4060467920880224,-0.6506335548560394
SLV,2017,EHPM,19903,195.41124360131778,0.7218868097853214,11.071049702840543,11.036544663399656,-0.3116690861936444,0.380068863814676,0.37813100403473743,-0.5098707009273618,0.24604408142687006,0.2430278015180436,-1.2259103699362783,0.38037899881416815,0.3784434124485462,-0.5088573164281351
SLV,2018,EHPM,20096,215.59957245999536,0.5129475698440523,11.906972277213892,11.88823905041495,-0.15732989346747273,0.3861057120412432,0.3851385241188823,-0.25049821647228354,0.2540149605424058,0.2525062771882709,-0.5939348418350532,0.39086610653852893,0.38990732006959605,-0.24529793013362555
SLV,2019,EHPM,20182,228.46411178181162,0.26408384964258436,12.951726293161931,12.942408429692067,-0.0719430233387719,0.38778763910127034,0.38734691261522247,-0.11365150448562344,0.25465026764110643,0.25396025678297507,-0.270964120526207,0.38790484709809325,0.3874646611618019,-0.11347781281527691
SLV,2021,EHPM,16975,261.2294308456559,0.007366365482465387,13.025738387126465,13.02572957600797,-6.764390803049025e-05,0.3897921675315795,0.38979175476533723,-0.00010589392930304697,0.2769666899590333,0.2769660470938078,-0.00023210922064365036,0.4782407381036248,0.47824038561868343,-7.370449927046607e-05
SLV,2022,EHPM,16297,249.1966345482311,0.015961480576352924,13.114935933595058,13.11422250710911,-0.005439801532847177,0.38700041258009243,0.38696706510632894,-0.008616909098668746,0.2743511971938877,0.2742991053748485,-0.01898727600680994,0.5135723233173157,0.5135458846795218,-0.00514798726364285
SRB,2002,LSMS,6384,166.50299154527102,1.835939339749339,16.383299697871315,16.220993824583225,-0.9906787782755333,0.3274375340227431,0.3207137479994935,-2.0534561021897435,0.18159677942430497,0.17225010686199616,-5.146937402711371,0.2900396405604422,0.2829567095749743,-2.442056186451458
SRB,2003,HBS,3708,164.4566557835824,0.0,14.6339174346174,14.6339174346174,0.0,0.3282897703467438,0.3282897703467438,0.0,0.18123924572117867,0.18123924572117867,0.0,0.3028042803187042,0.3028042803187042,0.0
SRB,2004,HBS,4291,189.29821613570914,0.0,13.689799654104986,13.689799654104986,0.0,0.3547364959745347,0.3547364959745347,0.0,0.2110376337329547,0.2110376337329547,0.0,0.33485629703981745,0.33485629703981745,0.0
SRB,2005,HBS,4272,202.72312623541438,0.0,14.626739946840258,14.626739946840258,0.0,0.3646042335443125,0.3646042335443125,0.0,0.22622989707226981,0.22622989707226981,0.0,0.35848693017299127,0.35848693017299127,0.0
SRB,2006,HBS,4559,123.7348360044462,0.09237418676161596,13.725324484739177,13.722965103070159,-0.017189988270527312,0.2972947893488542,0.29717398797598327,-0.040633531834022296,0.1491867130741804,0.1490319706668668,-0.10372398729414645,0.2602522850632223,0.2601260428788179,-0.048507618049808965
SRB,2007,HBS,4608,116.31101893169915,0.08771749129291995,13.85619246381527,13.853165664989811,-0.021844376320290237,0.28706699311195427,0.2869112404621943,-0.05425655108292071,0.1382736320877891,0.1380776389867453,-0.1417429325349273,0.24410031578044145,0.24393648867804818,-0.0671146622115093
SRB,2008,HBS,4620,110.96348357400196,0.06747782627760546,14.112626528379304,14.110464665101286,-0.015318645850015411,0.2756142113195196,0.27550323838840685,-0.0402638639645736,0.12523743625002792,0.12510131986390505,-0.10868665967509461,0.2204768860985732,0.22035861946244828,-0.05364128558674741
SRB,2009,HBS,4591,115.42584063958581,0.0619632057998187,13.890447864865564,13.889921985280289,-0.003785908059927845,0.27974149265598036,0.279714225949361,-0.009747108432311968,0.13076167912744108,0.13072823321681426,-0.025577761657691322,0.23185383196238385,0.23182505330635894,-0.012412413364626396
SRB,2010,HBS,4585,127.49495436558047,0.16178444407627723,13.446086484332334,13.444839604459295,-0.009273180523505786,0.29016605291572495,0.2901002314165496,-0.022684079861834405,0.14009161786165292,0.14000819626931005,-0.05954788274716849,0.24402044248358346,0.24395086800369004,-0.028511742370973536
SRB,2013,EU-SILC,2868,305.0705902047314,0.0,14.420640953932102,14.420640953932102,0.0,0.39019087105705563,0.39019087105705563,0.0,0.28878819409845713,0.28878819409845713,0.0,0.5235810559310202,0.5235810559310202,0.0
SRB,2013,HBS,4515,119.13875372972274,0.0,13.328530009338523,13.328530009338523,0.0,0.2901711384132246,0.2901711384132246,0.0,0.14011777421391125,0.14011777421391125,0.0,0.2441707787617894,0.2441707787617894,0.0
SRB,2014,EU-SILC,2947,282.8888147744178,0.0,13.217648716928402,13.217648716928402,0.0,0.38556375602702664,0.38556375602702664,0.0,0.2889313085420442,0.2889313085420442,0.0,0.5936855265945362,0.5936855265945362,0.0
SRB,2015,EU-SILC,2918,294.5360038317731,0.737327727354754,13.36093087008336,13.29553418174934,-0.48946206645263945,0.39366326972025356,0.39068143683305623,-0.7574577352152501,0.31742952331694463,0.3126454589976042,-1.5071264541967833,0.8734643640452091,0.8728420282210779,-0.07124913731443305
SRB,2015,HBS,6529,124.64221699708341,0.059087119666632125,15.033198574341197,15.032904099364215,-0.0019588311531038016,0.28515736083487,0.28514335934998414,-0.004910090640775078,0.13509036353944914,0.13507309799675582,-0.012780735976247737,0.23448728800634866,0.23447245406225847,-0.006326118663535496
SRB,2016,EU-SILC,2750,285.98234632626344,2.3486409145391987,13.711886662186162,13.514237636019855,-1.441442968686224,0.39401032394011526,0.3851502989572271,-2.2486783834209323,0.31923059961869393,0.30502139957315144,-4.451077077985232,0.8020058524382604,0.7991104691481946,-0.361017725901025
SRB,2017,EU-SILC,2880,275.2188846693625,0.0,14.058102112910628,14.058102112910628,0.0,0.3747720390521011,0.3747720390521011,0.0,0.2847314976706019,0.2847314976706019,0.0,0.6210305913475355,0.6210305913475355,0.0
SRB,2018,EU-SILC,2655,233.59501500157504,0.0,14.095256218391992,14.095256218391992,0.0,0.3495805616749934,0.3495805616749934,0.0,0.24245197655838968,0.24245197655838968,0.0,0.556541607719097,0.556541607719097,0.0
SRB,2018,HBS,6294,155.8453316528908,0.07900147041802708,16.323615284929712,16.32318878595961,-0.002612772738508351,0.30351057501096523,0.3034923789402356,-0.005995201560593522,0.15134621640321821,0.1513227792538836,-0.015485784773217048,0.2549733991795089,0.25495408666826413,-0.007574323951797801
SRB,2019,EU-SILC,2902,247.70960639677722,0.0,15.84869589396298,15.84869589396298,0.0,0.3462758587657969,0.3462758587657969,0.0,0.23124441245511163,0.23124441245511163,0.0,0.5478295388225587,0.5478295388225587,0.0
SRB,2019,HBS,6350,142.71484828188773,0.011682031632987741,15.290704061621376,15.29051141197432,-0.0012599135152946417,0.2895324607954485,0.2895235095468096,-0.0030916217871657103,0.14078784133353572,0.14077651644992173,-0.008043935830481797,0.24734371605466732,0.24733430621297814,-0.003804358501313665
SRB,2020,EU-SILC,3318,219.77864979861786,0.0,17.968497994340066,17.968497994340066,0.0,0.3404152709925077,0.3404152709925077,0.0,0.21487010415441343,0.21487010415441343,0.0,0.40733609893787637,0.40733609893787637,0.0
SRB,2021,EU-SILC,4528,231.23078622306957,1.6403023949514157,19.23451213873663,19.066048526901596,-0.8758403156780004,0.34934536385393145,0.3435974954817127,-1.6453255050558058,0.23477672092803736,0.22622199754495131,-3.6437698547243103,0.4964230858635226,0.491976230658589,-0.8957792922136831
SRB,2022,EU-SILC,4801,208.53015931745455,1.180496005692602,20.06327688428248,19.98235877918572,-0.40331450123259893,0.3310721872806357,0.32836457855563483,-0.8178303188922764,0.21326322761525196,0.20948109634052425,-1.773456829393505,0.5002793488401526,0.49826027902053527,-0.40358847997590264
SSD,2009,NBHS,4966,238.68754297542858,0.0,4.44471796240586,4.44471796240586,0.0,0.4634066065384145,0.4634066065384145,0.0,0.40274244122790015,0.40274244122790015,0.0,0.588178602144585,0.588178602144585,0.0
SSD,2016,HFS-W3,173022,64.84621862140395,0.21507582739394027,2.150079633552396,2.148641505525789,-0.06688719823048084,0.44175744752309076,0.44138381823331896,-0.08457792661260566,0.3464784458785958,0.34582477165376146,-0.18866230572488485,0.5141114129305622,0.5137862885610776,-0.0632400606769945
STP,2000,IOF,2309,55.85015134856286,0.0,4.1573442463372565,4.1573442463372565,0.0,0.3212589351534898,0.3212589351534898,0.0,0.16771221298126138,0.16771221298126138,0.0,0.2769462199347966,0.2769462199347966,0.0
STP,2010,IOF,3080,40.18047172281482,0.0,3.8273349280043445,3.8273349280043445,0.0,0.3082126907695746,0.3082126907695746,0.0,0.15442974155278066,0.15442974155278066,0.0,0.25852000396093533,0.25852000396093533,0.0
STP,2017,IOF,2728,81.41429895051257,1.1008656928981553,5.451494510152574,5.428304082909192,-0.42539577358452485,0.40729481561372594,0.4047637111356934,-0.6214428421384532,0.27722417190003124,0.27315454642952863,-1.4679908474828585,0.39421673162943793,0.39163216244253696,-0.6556213827399016
SUR,1999,EHS,264,933.2916053337094,0.0,14.646357910125285,14.646357910125285,0.0,0.5280917259186926,0.5280917259186926,0.0,0.5433506856347012,0.5433506856347012,0.0,0.882047557209557,0.882047557209557,0.0
SUR,2022,SSLC,2540,279.1315818244216,0.2195830937114841,16.84508427665435,16.837452299065315,-0.04530685310736304,0.39179896753877774,0.3915233142405141,-0.07035580006635733,0.2665313170254082,0.2661010723797834,-0.16142367449593076,0.40927334222566203,0.4090059925246582,-0.0653230184868514
SVK,2004,HBS,4602,103.74045206543576,1.6939122429468674,13.664740579689248,13.59467914602872,-0.5127168953698469,0.2893738847521199,0.2857169318984958,-1.263746677332922,0.14018151943587176,0.13557534360725088,-3.2858652461161597,0.23088260119725434,0.2269529121161663,-1.7020291094740014
SVK,2005,EU-SILC,5047,112.10122479536892,1.4836783407721583,16.33311668413923,16.24898487204569,-0.5150995595056274,0.27076780319351457,0.26699578773662846,-1.3930812350648192,0.13157135565257727,0.12694206893837467,-3.5184609075751494,0.23930340764778724,0.23539876022383288,-1.6316723035140868
SVK,2005,HBS,4402,128.03673583230557,1.7723752035389069,15.739476159744871,15.567589454592893,-1.0920738619725756,0.29834424990203134,0.29060111045516224,-2.595370766961913,0.15149236266608224,0.14114088514535883,-6.833002891069839,0.24609183421977432,0.2377940982784541,-3.371804662933209
SVK,2006,EU-SILC,5060,111.86517413278138,4.499150977955821,18.723592301595442,18.203234259700174,-2.7791570843535562,0.29296492392917217,0.27278165435004775,-6.889312655054902,0.15874004570008937,0.13251326355801396,-16.521843638388624,0.26895344561118284,0.2481606423045939,-7.731004620274851
SVK,2006,HBS,4384,114.0667901675361,1.9866214919576979,17.413930216586138,17.274542458695564,-0.8004382477530103,0.2770951019250374,0.27126760720711895,-2.103066664633768,0.12817001243509596,0.12087723405780304,-5.689925622021697,0.2085730657224638,0.20223702699691448,-3.0378029414307672
SVK,2007,EU-SILC,4906,113.27833350321063,1.2521318308676004,20.195531573340595,20.106175347062884,-0.4424554310601403,0.257970615750163,0.2546765901360897,-1.2768995431880814,0.12233237133105757,0.11847434545402402,-3.15372442719426,0.2587792062125508,0.25552886970153255,-1.2560269268113267
SVK,2007,HBS,4676,109.46132986222365,2.6397784262036597,17.71635161207198,17.438538770201802,-1.5681154221441007,0.28004833652597494,0.2685915406089041,-4.091006595216173,0.13317294057321893,0.11863826273729128,-10.914137491719977,0.21171337750284291,0.19923579801910285,-5.893618830757408
SVK,2008,EU-SILC,5421,109.22547114406109,1.1026535916008147,20.94510097487238,20.851103169352594,-0.44878182078258444,0.24648986455149435,0.2430959258391907,-1.3769080195159988,0.11562082873533752,0.11169635683991119,-3.3942603061682397,0.2766162576786374,0.27339754047862475,-1.1636037689990109
SVK,2008,HBS,4700,109.76590651575562,2.033259393873565,18.0000274642645,17.84360521339178,-0.8690111789177446,0.26874395824052977,0.2623418573337569,-2.382230636434579,0.12159535154985335,0.11378610284232771,-6.42232503791389,0.19932757090383313,0.1923784753441744,-3.4862691238089494
SVK,2009,EU-SILC,5226,129.98911452803762,0.48643316680772136,21.78754700319901,21.761973417673264,-0.11737707563862498,0.26001598351210975,0.25914666604641545,-0.33433231832604715,0.1248023129962359,0.12377052964547364,-0.8267341573976905,0.27200191400626106,0.27115625528191745,-0.3109017550237292
SVK,2009,HBS,4668,105.25354879959335,1.732897442926233,16.559057528713623,16.47250943205124,-0.5226631800288595,0.2601609668894629,0.2562787553320365,-1.4922344438687007,0.11262362379967428,0.10799310210206325,-4.111501247595639,0.18768913725598613,0.1834709489380838,-2.247433378176389
SVK,2010,EU-SILC,5365,165.3113599580109,1.4213653851092118,23.163743899877744,23.00684770593706,-0.6773352123855658,0.2723098089725382,0.2673507012586085,-1.8211270951425163,0.13997685663700343,0.13373833171128702,-4.4568259893808975,0.2955496283509059,0.2907716485231926,-1.616642137015456
SVK,2011,EU-SILC,5187,165.52587007550687,1.3039582734265804,23.685419814120106,23.50241721402446,-0.772638194854991,0.2731571995200083,0.26749898748157286,-2.071412376601467,0.14339049923092873,0.13602847953157404,-5.134245113058878,0.3184810821252596,0.3131894085090168,-1.6615346760727179
SVK,2012,EU-SILC,5270,177.37145238364477,0.06562659577022928,24.581226030598632,24.576052076286626,-0.021048398096845666,0.26538378352272696,0.26522913903034373,-0.05827202036630119,0.13183161506559982,0.1316450011814463,-0.1415547280223084,0.3317699276748496,0.3316304727712618,-0.04203361786438986
SVK,2013,EU-SILC,5387,159.94220117546288,0.0,22.55612428792432,22.55612428792432,0.0,0.2611629565934823,0.2611629565934823,0.0,0.12999783619201155,0.12999783619201155,0.0,0.3992281257197665,0.3992281257197665,0.0
SVK,2014,EU-SILC,5463,185.36067746638042,0.38746092786806413,23.14627318369396,23.111068724178708,-0.15209558461468653,0.2808325786981253,0.2797374291347213,-0.38996528411369136,0.1486183538749093,0.14723694939391807,-0.9294979018230398,0.31236876051080864,0.31132773033514216,-0.33326961824354795
SVK,2015,EU-SILC,5615,165.3963695142772,0.3961973928631684,22.60419035337308,22.587798575548966,-0.0725165447992615,0.2598614089619016,0.259324584821066,-0.20658093980944203,0.13673273912724104,0.1360964730604559,-0.4653355669215653,0.4054256529756831,0.40499806909630043,-0.10546542288194516
SVK,2016,EU-SILC,5700,166.8240604624932,0.907103766791537,23.046905721982622,22.94850763556172,-0.4269470600864467,0.2646902373572153,0.261538787652952,-1.190618035530422,0.13733150948362782,0.1334049732719218,-2.859166280535297,0.315551549849021,0.31263241823129717,-0.9250886643150769
SVK,2017,EU-SILC,5538,147.99871233813695,0.11860486691954525,23.5296461746617,23.529531407204686,-0.0004877568330674542,0.24443648604973145,0.244432801635047,-0.0015073096263140684,0.11687529398876917,0.11687119027436355,-0.0035111906593554565,0.2965745281881358,0.2965711579184731,-0.0011363988955070958
SVK,2018,EU-SILC,5621,151.51026726520408,0.0,24.044699657157516,24.044699657157516,0.0,0.2321460884925649,0.2321460884925649,0.0,0.10522171814690218,0.10522171814690218,0.0,0.25192264254612207,0.25192264254612207,0.0
SVK,2019,EU-SILC,5564,175.45764532130246,0.0,25.395717919743383,25.395717919743383,0.0,0.24970147464692616,0.24970147464692616,0.0,0.12170254722332619,0.12170254722332619,0.0,0.30732128290584326,0.30732128290584326,0.0
SVK,2020,EU-SILC,5508,151.2431005696535,0.016675622498414953,26.04363930751503,26.043383700245094,-0.000981457571724853,0.23232324512468272,0.23231571089433833,-0.0032429946217105154,0.10099161754141317,0.10098344222013189,-0.008095049351919403,0.21766481005495963,0.2176572993286059,-0.0034505928412809084
SVK,2021,EU-SILC,5504,176.72762774352907,0.0,24.99316474280593,24.99316474280593,0.0,0.24219491770243873,0.24219491770243873,0.0,0.10770536634258798,0.10770536634258798,0.0,0.24452715464621866,0.24452715464621866,0.0
SVK,2022,EU-SILC,5358,176.53713277377534,0.0,24.84432923503031,24.84432923503031,0.0,0.24110263602505233,0.24110263602505233,0.0,0.10878441865706634,0.10878441865706634,0.0,0.24364453927893948,0.24364453927893948,0.0
SVN,2002,HBS,1300,250.84202492173844,0.0,27.58420794911187,27.58420794911187,0.0,0.29121610637397344,0.29121610637397344,0.0,0.14032495129661138,0.14032495129661138,0.0,0.24347525737156006,0.24347525737156006,0.0
SVN,2003,HBS,1139,317.9552619443236,0.0,27.232476362949768,27.232476362949768,0.0,0.3086602290960361,0.3086602290960361,0.0,0.15665204881422223,0.15665204881422223,0.0,0.2643684979337281,0.2643684979337281,0.0
SVN,2005,EU-SILC,8260,205.18576610212358,0.10728621268871714,33.349245943302826,33.34116220584051,-0.024239640908396698,0.2479073843500198,0.247725059846446,-0.07354541053782304,0.1055779108946222,0.10536909161932462,-0.1977868983465747,0.2092401839377359,0.20905141118922344,-0.0902182099823845
SVN,2006,EU-SILC,9472,217.65890726956368,0.040028457997360545,34.5249279169656,34.52477621172577,-0.0004394078394476253,0.24634863202619184,0.24634532068437887,-0.0013441689469706475,0.10516325305490648,0.10515955211337058,-0.003519234550464212,0.26639153265849824,0.26638836795725696,-0.0011879886758103808
SVN,2007,EU-SILC,8618,219.30699526518478,0.0484405817103698,35.744913377240195,35.741267470196256,-0.010199792640319671,0.2436392683172377,0.24356211957938823,-0.03166514921109087,0.1009026473152903,0.10081538090403797,-0.08648574995229197,0.198399261396212,0.1983188660927122,-0.04052197721605699
SVN,2008,EU-SILC,8883,231.7552407902421,0.09399436125604377,37.60946591309744,37.60600152612744,-0.009211476116144368,0.24354753190385403,0.24347785329709826,-0.028609859525607906,0.10106180768311379,0.10098354601967685,-0.07743940587560116,0.19611579692893943,0.1960430909938895,-0.037072962091000417
SVN,2009,EU-SILC,9122,228.55408798928067,0.1076834280717802,38.72907412617043,38.722417996836924,-0.017186388995060753,0.23718018926397277,0.23704908016074677,-0.055278269080083486,0.09511071756356726,0.09496413439025497,-0.15411846011393893,0.1773069993133708,0.17716813154981215,-0.07832051983081012
SVN,2010,EU-SILC,9176,249.94862999773432,0.09945576242829327,38.983010546278294,38.97442003894256,-0.022036541599412818,0.24787735303179703,0.24771159408459886,-0.06687135600359495,0.1041539612085467,0.10396294419692786,-0.1833987007333837,0.19379950987165007,0.19362438134140392,-0.09036582722120601
SVN,2011,EU-SILC,9034,243.97232232243277,0.33013715730716015,39.03746937632597,39.014399149045566,-0.05909765066481887,0.24933259541107433,0.2488888518561183,-0.17797254074398694,0.10572438906874249,0.1052147200310376,-0.4820732871518407,0.19702581391551321,0.1965583215090433,-0.23727469877139473
SVN,2012,EU-SILC,8995,239.0070096089587,0.3465097603272763,38.70411698903428,38.68533649755632,-0.04852323974547934,0.2486803368094267,0.2483157117491347,-0.14662400130631692,0.1054240953519785,0.10500740892122717,-0.3952478125234471,0.19490168575584477,0.19451719046625537,-0.19727653360117614
SVN,2013,EU-SILC,8846,240.90415425361925,0.29884870844127587,37.10659581256394,37.07528095627842,-0.08439161717690435,0.2558550224044347,0.2552267287839183,-0.24556626428980932,0.11269112261083603,0.11195524372921506,-0.6530051920435875,0.20988936622965648,0.20923082351469924,-0.31375706487039023
SVN,2014,EU-SILC,5445,248.62894100738006,0.3067656812755747,36.90782461702387,36.88214184137004,-0.06958626231788889,0.26241104400544635,0.26189762565340335,-0.19565424694256706,0.11865763338967872,0.11805070685680175,-0.5114938799460012,0.22103814520718912,0.2205027134162123,-0.24223501806664993
SVN,2015,EU-SILC,5275,242.0527809616784,0.22132893110890325,37.81600240984142,37.803271146132445,-0.033666339373983334,0.2565753464770931,0.25632505879570344,-0.09754938844525052,0.11200887140649085,0.11172006463643047,-0.2578427640898884,0.2065490243662229,0.20628611917979867,-0.12728464209934565
SVN,2016,EU-SILC,5173,249.8429907325023,0.44012528732211387,37.958147880804276,37.87877681256836,-0.20910153067835724,0.2540846454178387,0.2525220966164502,-0.6149717543218358,0.11042429515978869,0.10853312387826897,-1.7126405731484273,0.2015416898773048,0.19988236814728155,-0.8233143877246607
SVN,2017,EU-SILC,5339,239.9029100465411,0.11641388499949563,39.1012780307638,39.09887193447232,-0.006153497820682308,0.24757935939424758,0.24753306477022086,-0.018698902905311954,0.10359446989872145,0.10354263183031653,-0.05003941663642708,0.1915355119541493,0.19148675976493723,-0.02545334215816597
SVN,2018,EU-SILC,5219,233.56994556603357,0.17585084209701196,40.01761143243824,40.00210824873346,-0.03874090219241344,0.24219307342191243,0.24189946218953917,-0.12123023512805586,0.09879135894573121,0.09846218211742608,-0.333204069483406,0.18184733045245327,0.18153615813049684,-0.17111734397321499
SVN,2019,EU-SILC,5260,260.17416738038247,0.31576791816037036,42.53722932179007,42.507627650825135,-0.06959003074931136,0.24633364539232616,0.24580888968786263,-0.213026403124017,0.1020609227903031,0.10144776651235077,-0.6007747737223013,0.18500078219963012,0.1844400829870959,-0.30307937397214824
SVN,2020,EU-SILC,5285,259.3076916207074,1.0640245723425987,43.449783206576924,43.30221744590612,-0.3396236983950307,0.2438423245589153,0.24126746705150448,-1.0559518377576405,0.1010619112759823,0.09807208644390597,-2.9584091517046773,0.1821035116313544,0.17935168815373803,-1.5111314729542968
SVN,2021,EU-SILC,4660,267.0472913474515,0.7585098739577882,45.595101432143196,45.498676173713896,-0.2114816184207946,0.24031528525261237,0.23870633729625224,-0.6695154470381937,0.09744255028695914,0.09559703603209124,-1.8939511018882693,0.17598127496200178,0.17426019376072854,-0.9779910968623517
SVN,2022,EU-SILC,5379,286.77294699913205,0.5225954721787505,47.99730101276581,47.91989025486785,-0.16128148096778983,0.2428227996096899,0.24160018166402308,-0.5035021207366097,0.10002828799181573,0.09861604560625548,-1.4118430035269691,0.1830235500513281,0.1817216278201892,-0.7113413715195582
SWE,2004,EU-SILC,5700,287.81256026396346,0.09627819124404247,39.96144667004333,39.95947092311026,-0.004944132652107136,0.251812858972456,0.25177587204884433,-0.014688258479955696,0.11634975620712584,0.11630699900144092,-0.03674885713451648,0.4117496480665781,0.4117208756493489,-0.006987842579664338
SWE,2005,EU-SILC,6075,303.6330008045204,0.44039237952768917,41.078378774518654,40.975158764592514,-0.25127576356583914,0.25958169272494935,0.2577169202961611,-0.7183759413897262,0.12039056407667115,0.11806580540618938,-1.931014019505073,0.3618977640527048,0.3602970745011491,-0.4423043496125545
SWE,2006,EU-SILC,6738,316.59004925591506,0.6373973638255552,41.605933758204706,41.48962067781859,-0.2795588750923672,0.2643132200894722,0.26225180672849824,-0.7799130744486349,0.13730836086432552,0.13477142941970444,-1.847616145624098,0.9555119858245553,0.9553873179212152,-0.013047235951990643
SWE,2007,EU-SILC,7119,325.8510146574659,0.541107907249381,43.90963428236135,43.820478725689405,-0.20304326858801014,0.262460486247015,0.2609606237785974,-0.5714621998398672,0.12671175359607068,0.1248872720031402,-1.4398676848451752,0.7017058543806587,0.7011009128349713,-0.08621013233832686
SWE,2008,EU-SILC,7383,342.6170873854507,1.136713413034739,46.58957067553047,46.41701826114674,-0.37036704112484164,0.2693541518936191,0.2666408589977921,-1.0073328652081104,0.13277211251427135,0.12945923991627506,-2.495156953716615,0.44001333079643357,0.4379453757997248,-0.4699755330061728
SWE,2009,EU-SILC,7472,376.83033284498777,1.4737482410140905,48.128194775532464,47.851944530112426,-0.5739883798020151,0.2794511575048748,0.2752957298799539,-1.4869960325172182,0.14924975314516908,0.14402293192345672,-3.50206356229511,0.5570405789922892,0.5544935109875316,-0.4572499923372386
SWE,2010,EU-SILC,7105,370.1279949269186,0.8748900910719205,48.38939732046959,48.19528727815642,-0.4011416819838298,0.27225596909590166,0.2693264259491086,-1.076025314163498,0.14201461236418655,0.13833974636925506,-2.5876675179787534,0.82485007422143,0.824145641489425,-0.08540130552450176
SWE,2011,EU-SILC,6658,365.66857100129465,0.6152422022806362,49.21169530823551,49.009762891341815,-0.4103342013090594,0.27517734082070655,0.2721915872112536,-1.0850288764867266,0.14051909994926293,0.13665514263425482,-2.7497737435005387,0.32142975774552074,0.3186421769568184,-0.8672441556918042
SWE,2012,EU-SILC,6588,389.2074634805695,0.4142938451926199,49.66724837556499,49.56466759843728,-0.20653605843438116,0.2746838249745738,0.2731830997546919,-0.5463464111950533,0.1453038627063683,0.1434111882123088,-1.3025630969523805,0.4347932775273561,0.4336285589059966,-0.2678787096210833
SWE,2013,EU-SILC,6147,391.1146399009519,0.524128856301664,50.83080861137836,50.73019437194049,-0.197939482346432,0.27508363325945373,0.2736464085058088,-0.5224682895944466,0.14406851001647514,0.1422694816204566,-1.2487311736706364,0.5937804383302667,0.5929777370932534,-0.13518485709473893
SWE,2014,EU-SILC,5765,448.1452025761844,0.8908548883570532,52.26609015389606,52.09675588364387,-0.3239849580360499,0.28543740242346805,0.2831165135542796,-0.8130990716294639,0.15259332806390224,0.14964024614271265,-1.9352628051685916,0.3542305185506588,0.3521428305138632,-0.5893586033573373
SWE,2015,EU-SILC,5824,441.49290014877454,0.5120140001218956,53.371781141321364,53.26099523355858,-0.20757393775080457,0.28285079730702556,0.2813595225905565,-0.5272301618617359,0.1510092111044452,0.14909697543396172,-1.2663039933113018,0.48515408118186154,0.48408687846958043,-0.2199719127748745
SWE,2016,EU-SILC,5753,453.7009901249708,1.3291065408841387,55.17155365858607,54.64569776747856,-0.9531286618492341,0.2916527165995111,0.28483929161490473,-2.3361431582214043,0.16620904658457158,0.1571301556503406,-5.4623325990931555,0.7782160828254028,0.7760834553417322,-0.2740405307389504
SWE,2017,EU-SILC,5896,467.47420391888994,2.549761788095117,56.0896965764433,55.18709727961102,-1.6092069523003238,0.2945097850816698,0.2829831190014591,-3.913848253637564,0.1634273638946877,0.14822581453173278,-9.301716065585431,0.520973940395395,0.5131569049012183,-1.5004657408092092
SWE,2018,EU-SILC,5798,494.62541296736015,1.4475415894928816,55.999412003707356,55.788729292289915,-0.3762230778485587,0.28730358942534107,0.2846146026331393,-0.9359391567575592,0.15217998679775313,0.14874535795085464,-2.256951731414658,0.7711465910807164,0.7702839441439282,-0.11186549311970051
SWE,2019,EU-SILC,5567,539.618950786712,1.9179349800303283,56.836729408888985,56.04830421506167,-1.3871755148951448,0.2966470461782036,0.28675781576785697,-3.333668930047562,0.17069177917380962,0.15732159909314714,-7.832937324443778,0.4382215859952199,0.43032966093167346,-1.8008982934109685
SWE,2020,EU-SILC,5748,486.63482567807864,1.9543611924049777,57.78549796390078,57.07359377337453,-1.2319772531353523,0.29202324605501406,0.28319697353360385,-3.0224554519702296,0.1602999827523468,0.14856398809077387,-7.321270071316411,0.9320227962316926,0.9311750978473274,-0.09095253761952637
SWE,2021,EU-SILC,8837,522.865810909113,1.412565160123835,58.910444059105025,58.49392448272062,-0.7070385956800873,0.28747505922838723,0.282404511016073,-1.7638219558677948,0.1551393262314691,0.14853181126864934,-4.2590844780138415,0.8017257071591761,0.800315312697873,-0.17591982503600834
SWE,2022,EU-SILC,8529,546.5241528549296,1.018495005151483,59.0482954952002,58.64936450846608,-0.6756011894815006,0.29516081059073995,0.2903685085341112,-1.6236241007189678,0.1650050968737613,0.1586162257196868,-3.871923519406406,0.4427497059456986,0.43896727595418517,-0.8543043486464508
SWZ,2000,HIES,3666,87.38744764551456,1.2922395939709634,3.526331770588286,3.5176776204210074,-0.24541508656273914,0.5311352021565985,0.5299825336638178,-0.21701978857746607,0.4782980637318649,0.47592836250056436,-0.49544445419895666,0.5446052778387527,0.5434855729022038,-0.20559935463578816
SWZ,2009,HIES,3167,162.64977744305943,0.0,3.729544970791308,3.729544970791308,0.0,0.5145260439736601,0.5145260439736601,0.0,0.4633152775514874,0.4633152775514874,0.0,0.5722209331134567,0.5722209331134567,0.0
SWZ,2016,HIES,3355,260.4307430182386,0.0,5.632313927063012,5.632313927063012,0.0,0.5457979369071277,0.5457979369071277,0.0,0.5218715311523967,0.5218715311523967,0.0,0.5986188030014443,0.5986188030014443,0.0
SYC,1999,HES,813,385.62338894165634,4.3414367231424364,20.161915452074634,19.87140815758855,-1.4408715043797593,0.42776691017338175,0.4194233986141198,-1.9504808251484818,0.3196933761622227,0.3057914637344741,-4.3485143779439355,0.447296015846835,0.439223992937429,-1.8046266059678184
SYC,2006,HBS,1162,381.54836198472225,3.068248938524989,18.315765904943756,18.01713609531698,-1.6304522080955897,0.427676166058672,0.41820147244958616,-2.215389671208845,0.31110450150672087,0.29518876388089765,-5.115881496005736,0.4251409143521997,0.4156186742656164,-2.239784449137916
SYC,2013,HBS,1759,263.64054982046747,12.063038524619003,24.128766611480405,21.802659190494776,-9.640390901202856,0.46814630234174426,0.4115393722772325,-12.09171786284644,0.4001839051914722,0.30186616992149684,-24.568138297049746,0.5410047161390921,0.4920667153645182,-9.04576232233657
SYC,2018,HBS,1932,297.3869335090214,0.0,22.25156137192696,22.25156137192696,0.0,0.3212531972027115,0.3212531972027115,0.0,0.18447359888635306,0.18447359888635306,0.0,0.3392838485005679,0.3392838485005679,0.0
SYR,1996,HIES,28572,83.44454833410416,1.607216326565346,7.433380188213411,7.379250139818868,-0.7282023389624581,0.3516938219098359,0.346940447307015,-1.3515661369904564,0.20394290287703276,0.19701232162911553,-3.3982948904556998,0.305128392625418,0.30004211228838407,-1.6669311869898618
SYR,2003,HIES,27012,133.10087975103608,0.48542530816035756,9.35745117320232,9.337373555907057,-0.2145628860213633,0.3751460321101763,0.37380268841388653,-0.35808554037837226,0.23013883088571596,0.22809137398309787,-0.8896616423826553,0.3376765632229426,0.33625463240297526,-0.4210925408609234
SYR,2022,HNAP,23838,28.590642498151606,0.0,3.323893181025249,3.323893181025249,0.0,0.2662809581806038,0.2662809581806038,0.0,0.11651552483587113,0.11651552483587113,0.0,0.2111620872705302,0.2111620872705302,0.0
TCD,2003,ECOSIT-II,6694,49.673192522761425,0.47995571328902287,2.5097341179080015,2.5059142938057364,-0.15220034963102647,0.39824570139006066,0.39732862548495296,-0.2302789212555667,0.2676823670588594,0.2662207217570379,-0.5460371999400637,0.4017165784807618,0.40080551111543417,-0.2267935689319045
TCD,2011,ECOSIT-III,9246,108.08232574691371,1.7486798409897883,3.811284097642225,3.8016945137421114,-0.25161031438317716,0.4332121175659924,0.4317837551580741,-0.32971432469238726,0.33130199637644786,0.32886473393599513,-0.7356618635292911,0.480552298223605,0.47924274198012995,-0.2725106608200467
TCD,2018,EHCVM,7489,55.15945481867642,0.20847807720045738,3.8130318190764085,3.8121187002882797,-0.023947316242167727,0.374991544944562,0.3748418480008352,-0.039920085064559796,0.23072245026213634,0.2304967291065172,-0.09783233290158178,0.34398579125552,0.34382900914266257,-0.04557807817734405
TCD,2022,EHCVM,7531,53.476458727021814,0.11128454291423084,3.884317074302111,3.8832913628090386,-0.026406482103591422,0.37357686303704807,0.3734114123229819,-0.0442882657991972,0.23233147399974574,0.23208298596024868,-0.10695410106050796,0.3552798995759595,0.35510999746657823,-0.04782204385445077
TGO,2006,QUIBB,7469,55.74097736287473,0.0,2.539525125094524,2.539525125094524,0.0,0.4221257520592453,0.4221257520592453,0.0,0.29402386048319284,0.29402386048319284,0.0,0.41346982987856784,0.41346982987856784,0.0
TGO,2011,QUIBB,5491,98.4901307813841,0.0,2.662231811334619,2.662231811334619,0.0,0.4602058199274307,0.4602058199274307,0.0,0.36251645392621457,0.36251645392621457,0.0,0.491362941288253,0.491362941288253,0.0
TGO,2015,QUIBB,2335,79.77713641022991,0.0,2.728949158858538,2.728949158858538,0.0,0.4305613940711349,0.4305613940711349,0.0,0.32472074394652795,0.32472074394652795,0.0,0.4877476823059185,0.4877476823059185,0.0
TGO,2018,EHCVM,6170,103.06534830478442,0.0,4.547872698886187,4.547872698886187,0.0,0.425342369558385,0.425342369558385,0.0,0.3033799129876984,0.3033799129876984,0.0,0.42707897937996686,0.42707897937996686,0.0
TGO,2021,EHCVM,6462,65.36996279692795,0.27759300186255315,4.182062205784415,4.179523602425187,-0.06070219031454327,0.3785800486978881,0.3782026392741952,-0.09969078534143305,0.23697379067439028,0.23639621384998732,-0.2437302550460374,0.3541683372465967,0.35377668702213017,-0.11058307117777222
THA,1990,SES,3857,136.87390137707692,0.9831500481333345,6.613304577069,6.586999930332441,-0.3977534442881736,0.452656486662974,0.4504712646877379,-0.48275503381067786,0.3383468042104374,0.3344879627923967,-1.1404988520715253,0.4381533483356078,0.435911064788045,-0.5117577113310845
THA,1992,SES,4763,208.81762129720676,0.8566571519490107,7.960513159467085,7.939256996748646,-0.26702000603013865,0.47857957833526743,0.47718391414409544,-0.2916263573190414,0.38063667980983595,0.37804123391346245,-0.681869623723641,0.4734468574364423,0.47203775063203957,-0.29762723783459677
THA,1994,SES,5955,165.2769753546248,1.3201611732731362,8.36953259271438,8.331547196312114,-0.4538532586076838,0.4347021175221,0.43212557223336934,-0.5927151455846436,0.3124148286483692,0.3080117444249719,-1.4093710732127507,0.41597317078377405,0.4133123249017949,-0.6396676682213887
THA,1996,SES,6701,172.41778476191354,1.1750137289931302,9.08800490892836,9.049018863782543,-0.42898353969325065,0.42904921362707005,0.4265901742689495,-0.5731368989893793,0.30378020483005974,0.2996297396364491,-1.366272432376714,0.40970901406272875,0.4071679058028882,-0.6202226879615358
THA,1998,SES,17183,194.84438140345767,0.04288458992013396,9.086131619856479,9.085374354835276,-0.008334295087120136,0.41455794697620607,0.41450915153703827,-0.01177047491761618,0.2810796141244769,0.2809997064002474,-0.028428857951301456,0.3934429419765111,0.39339243807559454,-0.012836397741133876
THA,1999,SES,4143,177.6572761615303,0.5333249612931626,8.683802284583365,8.6784525486588,-0.06160591581020336,0.43091587495647465,0.430565153456401,-0.08138978405217712,0.30511888221785477,0.3045289160931184,-0.19335615037916476,0.41360438243525277,0.4132432987707104,-0.0873017017895994
THA,2000,SES,17788,191.73140346419527,0.29605261204146643,8.566592839316417,8.559180397319043,-0.08652730597110692,0.4283366783032875,0.42784167419386887,-0.11556425925965952,0.3017083165460197,0.3008745692739687,-0.2763421577488434,0.41081090294519085,0.41030106606975847,-0.12410500105456412
THA,2002,SES,22770,192.54923410779764,0.3283034066638379,9.68454311497809,9.675041904397226,-0.09810695732429542,0.4194449593132593,0.41887491622885575,-0.135904144690846,0.2901737695895823,0.2892318037596815,-0.32462128855861305,0.40078905906121365,0.400201199127039,-0.14667564417841783
THA,2004,SES,23676,218.1290131651005,0.49021078186929995,10.929815938361989,10.912556028060523,-0.15791583681556975,0.425403126259856,0.4244944477547471,-0.21360409668306213,0.29947147611212044,0.2979492310253198,-0.5083105431486046,0.40946115425033025,0.40852790969950625,-0.22792016803954152
THA,2006,SES,41313,274.37717671040855,0.07159889129777007,12.251189493490028,12.249204891409002,-0.016199260341864807,0.41819033892674984,0.4180960779967253,-0.02254019790759454,0.29017424332408837,0.290018459442114,-0.053686323151824755,0.40921340103832293,0.40911776660647514,-0.023370307913950228
THA,2007,SES,28539,248.2490478397646,0.3734681489870872,12.206770876367683,12.186043259442073,-0.16980425974685298,0.39761516434606925,0.39659061310179256,-0.2576740869432603,0.26020662707655573,0.25855286073665296,-0.6355588858296901,0.37706339595732363,0.37600438362510513,-0.28085789911528325
THA,2008,SES,42529,273.57397031363905,0.2641486810762991,12.900279933524168,12.8863028572065,-0.10834707765794427,0.402882739305913,0.4022351123790824,-0.16074824350786887,0.2670458762295742,0.26599306571265036,-0.39424331571358273,0.3823801720404132,0.38171067044225593,-0.17508794835902064
THA,2009,SES,41512,276.4453779711313,0.3766733827024058,13.34232516283075,13.32521815793785,-0.12821606941911812,0.3960126382524627,0.3952373273438028,-0.19577933474073106,0.25854025427761673,0.2573030140857089,-0.4785483774527921,0.3751008442273348,0.37429925626399996,-0.21369932264109215
THA,2010,SES,29848,253.3196142995776,0.19605613508579492,13.767732135278898,13.759750083628042,-0.05797651764594125,0.3940277142893651,0.39367620929028924,-0.08920819179174533,0.25521932893897903,0.2546625021444324,-0.21817579289997724,0.37112616490295225,0.3707617341133763,-0.09819593012829753
THA,2011,SES,39925,202.04004332512125,0.6594102047770645,13.974326794236289,13.951820571020141,-0.16105407829327678,0.37459033380539,0.3735818190220195,-0.26923139556891407,0.2296843006035001,0.22816387891524048,-0.6619615203410367,0.33717843360571553,0.3361115510395748,-0.31641482959977596
THA,2012,SES,41560,285.8823170783645,0.7124432519339694,15.064870550978709,15.005220923285506,-0.3959518104808879,0.39256669183257653,0.39015232339759287,-0.615021214284106,0.25390682313706403,0.25005295256315296,-1.5178286767940308,0.36896301290587896,0.3664560472838341,-0.6794625841491597
THA,2013,SES,40606,271.66371882125696,0.16611810727079698,15.304193570809222,15.298568864466237,-0.0367527130192169,0.3784710819066026,0.37824258283350554,-0.06037424892437748,0.23449164630566877,0.23414081375447404,-0.14961409360289002,0.34924891506946454,0.34900998856196674,-0.0684115246142647
THA,2014,SES,30447,259.5859394431731,0.5372106516635308,15.277690503636986,15.251664266104669,-0.17035452790539196,0.37032664031703943,0.36925231404244374,-0.29010234685680203,0.22474668219461513,0.22311506460776398,-0.7259807223486736,0.33803499683798577,0.3369068427193279,-0.3337388522521967
THA,2015,SES,29380,235.80054927412945,0.7938308746574725,15.991343863620818,15.962007436321812,-0.18345191967101826,0.3598733276314092,0.35869726431568894,-0.32679924446216146,0.21156434965614812,0.2098292713711789,-0.8201184593667143,0.31988367692149344,0.31863634294401777,-0.38993361258061743
THA,2016,SES,29891,249.0249537820375,0.713483745950456,16.005253034041246,15.958279969990855,-0.293485294799678,0.3689062793032891,0.36704919477890074,-0.5034027959338716,0.22220351560006657,0.21939969882569432,-1.261823768539605,0.33206440825231043,0.3301012719257792,-0.5911914308622923
THA,2017,SES,29466,258.23862803658744,0.3406856473379281,16.199055669739522,16.18199445448605,-0.105322282985576,0.3638280481412195,0.3631573714765731,-0.18433891176692363,0.21604353470339266,0.2150312318272647,-0.4685643000230333,0.3277010196634499,0.3269930658640441,-0.2160364957462968
THA,2018,SES,30178,264.06120912326077,0.22932865488403525,15.992030434340814,15.983974991368669,-0.050371608566024406,0.36412173342551646,0.36380130758936924,-0.08799964592411946,0.21578432146026705,0.2153063357745979,-0.22151085048000008,0.3289135759472568,0.32857597659734006,-0.10264074656829436
THA,2019,SES,29746,235.66614572762055,0.19552419978413696,16.043336350168016,16.035173287322838,-0.050881329587604274,0.34855721979462606,0.3482256255135119,-0.0951333847881708,0.19729326183384233,0.19681321606256086,-0.24331584708947585,0.30634166649197103,0.3059893452723855,-0.1150092390695856
THA,2020,SES,31717,249.35539360266907,0.10142763871366355,16.388569968854064,16.38698171282218,-0.009691242340859052,0.3498581593085994,0.34979515112867166,-0.01800963569129621,0.19917183920355752,0.1990807695603234,-0.04572415638590677,0.3108885049455654,0.31082188493986496,-0.021428906067821885
THA,2021,SES,31139,251.189154966274,0.1249743546649204,16.559820323610918,16.556098484148556,-0.022475119836018465,0.34923872512004006,0.3490924387534512,-0.04188721240423465,0.19847391933915093,0.19826110907378913,-0.10722328962433636,0.30817733951421256,0.3080221279364026,-0.05036437074010802
TJK,1999,TLSS,2000,18.499677403240366,0.2807689436314191,2.1294864415751076,2.12745930164239,-0.09519384078435777,0.2954313797981122,0.2947602383299489,-0.22717338578653878,0.14986050638742954,0.14899656640690495,-0.5764961038441152,0.2692452015761271,0.26855336128895646,-0.2569554752027803
TJK,2003,TLSS,4112,38.83340747752391,0.0,3.1423593728016894,3.1423593728016894,0.0,0.32722692925046126,0.32722692925046126,0.0,0.17679596138301756,0.17679596138301756,0.0,0.2926750830249003,0.2926750830249003,0.0
TJK,2004,HBS,2523,44.126043167010266,0.2228193216087613,4.162089295016586,4.158156154007103,-0.09449919813571128,0.33601949227160843,0.3353915442948381,-0.1868784374755128,0.18539487760290596,0.18451562993718817,-0.47425672008103437,0.2960098754541921,0.2953463490206405,-0.22415685710941435
TJK,2007,TLSS,4859,47.055256744985876,1.8059902965144183,4.724600292959219,4.699931536117143,-0.5221342613646818,0.32191614355664155,0.3183608765510755,-1.104407802071139,0.19770336969523772,0.19285033656691697,-2.454704305648281,0.3932965804768941,0.39012353104514963,-0.8067828680068723
TJK,2009,TLSS,1503,61.409625360141966,0.0,5.566657228079455,5.566657228079455,0.0,0.3077495451163963,0.3077495451163963,0.0,0.15651187647266096,0.15651187647266096,0.0,0.26073394580906073,0.26073394580906073,0.0
TJK,2015,HSITAFIEN,2999,84.62753814389858,0.0,6.518495277508998,6.518495277508998,0.0,0.339957180674344,0.339957180674344,0.0,0.1934789557787222,0.1934789557787222,0.0,0.31828147020104713,0.31828147020104713,0.0
TKM,1998,LSMS,2094,67.49549839519331,0.0,3.334394784270734,3.334394784270734,0.0,0.4080692742230142,0.4080692742230142,0.0,0.2795228956394531,0.2795228956394531,0.0,0.4046884875543455,0.4046884875543455,0.0
TLS,2001,TLSS,1800,46.53727802957595,0.0,3.1812658425139198,3.1812658425139198,0.0,0.3593529230290544,0.3593529230290544,0.0,0.21121526447722894,0.21121526447722894,0.0,0.32128158530167417,0.32128158530167417,0.0
TLS,2007,TLSLS,4476,22.951903769465485,0.45317595297919155,2.7968319307491036,2.7935781734752876,-0.11633724708458582,0.2782331595155665,0.27739269005544165,-0.3020737936442197,0.12494022867233667,0.12388071399224809,-0.8480172410018749,0.20791115526102255,0.2069947879897155,-0.44074944904067825
TLS,2014,TLSLS,5912,25.425534062087184,0.8303826430001199,3.425857691725509,3.4160612072807486,-0.2859571332580968,0.2865292640763377,0.2844840612664046,-0.7137849659182627,0.1337722131517527,0.1311658141774703,-1.9483859262503622,0.21783413560107956,0.2156064815922878,-1.0226377067326542
TON,2000,HIES,1619,224.99154954548746,0.0,11.346528140562233,11.346528140562233,0.0,0.37690176072678105,0.37690176072678105,0.0,0.24486662381502766,0.24486662381502766,0.0,0.39216071236300754,0.39216071236300754,0.0
TON,2009,HIES,1982,174.71856356826174,0.2923316941818441,10.596419322308705,10.585768574181847,-0.10051270908499887,0.37496487870314854,0.3743361239233427,-0.16768364599384356,0.23432664944984438,0.2333700332591686,-0.40824045959848565,0.35934276438440815,0.35869917124603323,-0.17910285169577822
TON,2015,HIES,1803,88.5256186559706,0.1611804031647912,8.450248227210801,8.445548206342469,-0.055619914846971596,0.3352130412707963,0.3348431376347478,-0.11034882015514835,0.18687496751833255,0.18636126065592284,-0.2748933520800745,0.29810663187005804,0.2977176581951191,-0.1304813893266532
TON,2021,HIES,2129,93.67404628477986,0.0,11.405179268806673,11.405179268806673,0.0,0.2709576479452622,0.2709576479452622,0.0,0.11999862925746196,0.11999862925746196,0.0,0.20993598123666857,0.20993598123666857,0.0
TUN,2005,NSHBCSL,12314,160.80303477625807,0.10463481236835778,9.981020293791996,9.978734360093693,-0.02290280583564508,0.3773338247138365,0.3771911914760069,-0.037800278821487066,0.24013943975442453,0.23992229219977146,-0.09042561058488774,0.3718657862462481,0.37172214097704204,-0.03862825635455591
TUN,2010,NSHBCSL,11280,180.76840867075188,0.0,11.659964115619182,11.659964115619182,0.0,0.3580825614654686,0.3580825614654686,0.0,0.21700041310275164,0.21700041310275164,0.0,0.35197168939004597,0.35197168939004597,0.0
TUN,2015,NSHBCSL,25126,163.99861543685736,0.21638284773609143,13.775789849628868,13.771680599378156,-0.02982950738626977,0.3281588248539643,0.32795838197913685,-0.061081055771283754,0.17807671824090088,0.17780019387625146,-0.1552838391121636,0.29114039327304364,0.290929694201325,-0.07237026417047376
TUN,2021,NSHBCSL,17380,155.70381202359152,2.693773087531357,14.543299408714603,14.315605540476092,-1.5656273163301093,0.33716426296832736,0.3266309807773655,-3.1240802623115793,0.19452204059504652,0.17953828573200603,-7.7028571246759,0.3060933253756396,0.2950799386980917,-3.5980486225997366
TUR,2002,HICES,9450,243.89187400059217,0.5779145785086306,11.40810124127439,11.390505815012247,-0.1542362387044971,0.4139637781165524,0.4130587496426734,-0.218625039610143,0.28869778492366294,0.28721470222410694,-0.5137146098811107,0.41539942342783864,0.41449718575603267,-0.2171976225582517
TUR,2003,HICES,24791,245.12793855752997,0.19162283339153355,10.844959981158171,10.831798991244757,-0.12135581815221341,0.42184338130469856,0.421140939882909,-0.16651711344077835,0.30273168435413345,0.30154857708066674,-0.3908105212015789,0.43612070103829137,0.4354358465446033,-0.157033246084759
TUR,2004,HICES,8467,345.90545882738303,0.0,13.327562136239377,13.327562136239377,0.0,0.4128750801246934,0.4128750801246934,0.0,0.2936727842341358,0.2936727842341358,0.0,0.4363864970232121,0.4363864970232121,0.0
TUR,2005,HICES,8502,329.3721342212367,0.11550844153210683,14.167987184557743,14.163365827935415,-0.03261830041295655,0.42614656292118935,0.4259593322418428,-0.04393574784766763,0.3159421014874546,0.3156276966849014,-0.09951342384346695,0.45958949171991814,0.45941328800765335,-0.038339369250017796
TUR,2006,HICES,8479,309.20656838069914,0.0,14.237840927986175,14.237840927986175,0.0,0.3964741261536274,0.3964741261536274,0.0,0.2724318110006907,0.2724318110006907,0.0,0.420799395448724,0.420799395448724,0.0
TUR,2007,HICES,8457,317.30486780850396,0.0,15.012500012470973,15.012500012470973,0.0,0.38442798957109314,0.38442798957109314,0.0,0.2557989647495229,0.2557989647495229,0.0,0.405466755754774,0.405466755754774,0.0
TUR,2008,HICES,8500,315.0183695920497,0.0,16.60833822969909,16.60833822969909,0.0,0.39020540007607873,0.39020540007607873,0.0,0.265955428481345,0.265955428481345,0.0,0.41786332195367126,0.41786332195367126,0.0
TUR,2009,HICES,9959,320.244762148325,0.0,16.434209110395393,16.434209110395393,0.0,0.3896530913560996,0.3896530913560996,0.0,0.26013080347458084,0.26013080347458084,0.0,0.4041532730624964,0.4041532730624964,0.0
TUR,2010,HICES,10005,315.27357428924347,0.0,16.712503928202977,16.712503928202977,0.0,0.38785080281886064,0.38785080281886064,0.0,0.25870278455826945,0.25870278455826945,0.0,0.4030366906514652,0.4030366906514652,0.0
TUR,2011,HICES,9854,352.8364509556657,0.19404879524307692,18.282196681761437,18.27565330777734,-0.03579096154580075,0.40039354765728996,0.40017889526536465,-0.05361035240983858,0.2739326034382614,0.27359134849541533,-0.12457624195252315,0.41421231093359545,0.41400284583419067,-0.05056950116539838
TUR,2012,HICES,6495,382.9512380292119,0.0,18.987917866110507,18.987917866110507,0.0,0.4016893692367193,0.4016893692367193,0.0,0.27475951421051104,0.27475951421051104,0.0,0.41424076694086487,0.41424076694086487,0.0
TUR,2013,HICES,10006,395.01394192720176,0.08377572441227185,19.759833067279274,19.75555099066637,-0.021670611276536356,0.4017849787715193,0.4016553205543344,-0.03227054868535362,0.2755191198430649,0.2753116890401053,-0.07528726248753337,0.4146955322662066,0.4145688034636934,-0.030559481029523994
TUR,2014,HICES,10079,437.37845860884977,0.09879927460946399,20.63729679905374,20.625678263955642,-0.056298725609404965,0.4123656292955369,0.41203462357144216,-0.08026995961331052,0.28819516441068505,0.28764893520567103,-0.1895344795708076,0.42239557538081307,0.42207038825787846,-0.07698639424464915
TUR,2015,HICES,11426,411.6708813657432,0.623583181827671,20.675306027435134,20.662920113377307,-0.059906799161235647,0.4285445764466088,0.428202143076472,-0.07990612621356918,0.3122145394719751,0.31164333734548233,-0.1829518021354115,0.44047413104351685,0.44013914818315747,-0.07605051846422128
TUR,2016,HICES,12041,478.29853295234335,0.16875118908587564,21.681539696699982,21.67168871317502,-0.045434889139639445,0.41873704758293495,0.41847285676817914,-0.06309229533923988,0.2957963772336183,0.29535945939259545,-0.14770898991699477,0.4280331122744122,0.42777334492428587,-0.060688610922188246
TUR,2017,HICES,12094,451.1555261665407,0.2570610886081532,22.078205055334124,22.073997593838794,-0.019057081337836568,0.4140566673282934,0.41394500109245735,-0.02696882930458555,0.28992056910728037,0.2897389205028684,-0.06265461087195945,0.42046762504418944,0.4203573030359755,-0.026237931684358617
TUR,2018,HICES,11763,443.45090939895425,0.1679071321418877,22.545924728669434,22.544781130706195,-0.005072304538411565,0.418775203502481,0.4187457247147788,-0.0070392868191992974,0.29553286253444444,0.2954846777122917,-0.016304387180332558,0.4231031319571512,0.42307391082691537,-0.006906384762661588
TUR,2018,SILC-C,23860,544.8540298903812,1.1503376036071056,24.1668458266237,24.080201281147275,-0.35852649575383033,0.4353178406668222,0.4332866074082202,-0.4666092378595277,0.3272662222687268,0.3237897073005751,-1.062289576984532,0.4633643689117143,0.4614345935613601,-0.4164703805099701
TUR,2019,HICES,11481,521.2773608432668,0.24817156638025956,22.202901921568913,22.188325511796787,-0.06565092177417409,0.4190910868037414,0.4187095152803434,-0.09104739647605165,0.30149058751589974,0.300857749320671,-0.20990313510048653,0.44315746449424476,0.4427919238669331,-0.0824854947955811
TUR,2019,SILC-C,24861,556.9984553275665,1.2498099905616014,24.627276049995665,24.570243322344652,-0.23158358047894456,0.4244149594965305,0.4230795625502023,-0.3146441746333273,0.3123541760119597,0.31012443165116954,-0.7138513047140416,0.457095879609449,0.4558367016585084,-0.2754734853476326
TUR,2020,SILC-C,25580,607.396794000141,0.4471113971256519,25.160576485648573,25.135577889173213,-0.0993562150279792,0.43833853200718886,0.4377800092630152,-0.12741812626331228,0.3338960847147874,0.33293581475190814,-0.2875954546455617,0.47803778241302364,0.47751898356862055,-0.10852674484939095
TUR,2021,SILC-C,26113,610.4007119891038,0.7527053690420652,25.272650683696547,25.19458144249567,-0.3089080056459581,0.4304510417946793,0.4286863939902954,-0.4099531963092873,0.3236214847991157,0.32059960213935623,-0.933770717242477,0.4781526675567368,0.47653618247990026,-0.3380688191276793
TUR,2022,SILC-C,26229,642.6638408999006,2.22659348306712,27.71905107734694,27.535108418009358,-0.6635965236483354,0.4436486821879687,0.4399338481812528,-0.8373368739416187,0.34347259838413846,0.33701178696229306,-1.8810267404853254,0.4827783466078156,0.47932489594782746,-0.7153284077990207
TUV,2010,HIES,541,133.79350122843084,0.586356672347921,8.368611871668577,8.366757811075399,-0.022154935867624292,0.3913903329653403,0.39125554420654063,-0.034438448639873,0.2538133583186353,0.2536053768827131,-0.0819426673599466,0.36679411586568267,0.36665413289750404,-0.03816390779558532
TZA,1991,HBS,4814,26.931674711280017,0.14039177786295784,2.0146690856155827,2.013819702594689,-0.042159927253471174,0.35292222258518935,0.35264931833376045,-0.07732702390624846,0.21066482260423153,0.2102673834594178,-0.18865947332857846,0.3456459055924954,0.3453705343156608,-0.07966860662289577
TZA,2000,HBS,21553,21.84480918495338,0.2797989537077609,1.4235555972868115,1.422290187561658,-0.08889078358198521,0.3730112770203471,0.3724534833172022,-0.14953802673222105,0.2316279003200404,0.23077654745039494,-0.3675519522774007,0.35579918611499495,0.35522678327190327,-0.16087806420858053
TZA,2007,HBS,10457,42.678678722729174,0.8884309187245291,2.6591426572789643,2.650758426331222,-0.31529827573528735,0.4027909683748674,0.4009025450381485,-0.4688345779792602,0.2726169979199825,0.26959029958295133,-1.110238305066935,0.39412600826959066,0.3922119304010455,-0.4856512456381412
TZA,2011,HBS,10185,37.82323270344065,1.7737033524150476,3.114370343718185,3.087162840011259,-0.8736117000922805,0.3778314947318251,0.372349991668379,-1.4507798158373997,0.2351958964408013,0.2267398234743847,-3.5953318465082096,0.33675429444481786,0.33091672887978685,-1.7334791749738399
TZA,2018,HBS,9459,46.78257863091207,2.1808614421259582,3.294749942960061,3.2594362596258977,-1.0718167978003512,0.40491229966792897,0.39846756318699617,-1.5916376178787717,0.2703826115302822,0.2599740117089009,-3.8495818064896437,0.37066228004481694,0.36385035075319894,-1.8377724571257636
UGA,1992,NIHS,8317,35.94857343965661,1.794228754409703,2.3114048097038844,2.3011164734924554,-0.4451118284532374,0.4141962435014933,0.4115798053046328,-0.6316904698946413,0.29074887970810936,0.28652441037015464,-1.4529615186121392,0.4037486983834956,0.40108741694528116,-0.6591430384468078
UGA,1996,NIHS,5831,33.168271977870546,0.6248364064271673,2.3097461380364512,2.306166974477255,-0.1549591749610557,0.3904371858374941,0.3894914992131211,-0.2422122325117404,0.2521729407901597,0.25071112253921546,-0.5796887827709818,0.3649471433629924,0.3639636532295958,-0.2694883769561063
UGA,1999,NIHS,10014,36.366061416788455,1.1008200145752196,2.255062883578432,2.244292127468025,-0.477625532699788,0.4300375429996598,0.4273035437948449,-0.6357582609518908,0.3117746644580678,0.3071963558340274,-1.4684671802946192,0.42506449134220026,0.4223084624675848,-0.6483789944233931
UGA,2002,UNHS,9708,36.62781082209164,4.061113043700306,2.4775376147127455,2.4165767359839005,-2.4605430152434993,0.45172325847205186,0.43790220177903516,-3.059629194158886,0.3436210867835662,0.3194483329079024,-7.034712014309308,0.43897308119609857,0.4248303927412621,-3.221766677879412
UGA,2005,UNHS,7419,51.46056053528553,1.055706882801027,2.7575955637184184,2.751841968003868,-0.20864537897617996,0.4294473987374354,0.42825501754989137,-0.2776547700718668,0.30675488883003343,0.30476109235511883,-0.649964042144191,0.41629460480542524,0.4150756752301553,-0.29280455744548073
UGA,2009,UNHS,6774,49.950139528053256,1.1117429038462339,3.421863922438171,3.4122424737958545,-0.28117566508784053,0.44195559261551476,0.440382891659743,-0.3558504478842428,0.3280014798303711,0.32533724403142106,-0.8122633472043672,0.4414274451455026,0.43985508535923634,-0.3561989186576242
UGA,2012,UNHS,6886,57.320394072053766,0.5335700423216145,3.684717547196436,3.680204754407795,-0.12247323521649145,0.41009966693624733,0.4093764658388779,-0.17634764318935625,0.2795102648241661,0.2783465338658977,-0.4163464118215665,0.39626650104733285,0.3955273699403882,-0.18652374222679624
UGA,2016,UNHS,15628,62.604086562927876,0.7928379715263133,3.536633552204824,3.5260828735890026,-0.29832546855875774,0.4275369263022155,0.4258243920581073,-0.400558206496926,0.30216557363779983,0.29928513152404634,-0.953266144476872,0.41093956955948996,0.409178559408226,-0.42853263148926457
UGA,2019,UNHS,13730,56.69684512190713,4.861423959140355,3.5260319335242842,3.421707176019579,-2.958701437523059,0.4270545388634991,0.40960498037420157,-4.086025765171641,0.30985619455824165,0.2807616799816347,-9.389683048966202,0.43128463911782866,0.41395708361506356,-4.017661175739473
UKR,1992,HS,9338,72.12565066309304,0.10096522207211907,7.172664951857035,7.170795342619805,-0.026065754496817917,0.2970892134533831,0.29690596610373476,-0.06168091648911522,0.15241691488718256,0.15217846680780456,-0.15644463054149682,0.2748254923416297,0.27463742675579694,-0.06843091018606806
UKR,1993,HS,9279,67.78756251459022,0.35747025227536516,7.21283402896097,7.207783604634352,-0.07001997143339933,0.2892698360536293,0.28877194345668133,-0.17212046846657447,0.13915314975216853,0.13851463388469076,-0.4588583647692879,0.24101837663050418,0.24048977530706406,-0.2193199252397693
UKR,1996,HIES,2319,79.523211942659,0.8930093306331981,6.309521191194054,6.2958621455721,-0.2164830770521431,0.3513274305565677,0.34992106406808954,-0.40030079241185623,0.21061532100396252,0.20859477222863543,-0.9593550771594073,0.34126375424729394,0.33983897470489477,-0.41750098704204097
UKR,2002,HLCS,9418,62.78786539816879,0.22056968260429494,6.815588649339707,6.814496837125657,-0.016019338463979516,0.29045695510270475,0.29034329301240924,-0.03913216340621917,0.13929570090539833,0.13915177253338795,-0.10332578182591368,0.23984069828593269,0.2397198650858332,-0.0503806071959545
UKR,2003,HLCS,9713,64.68144637249736,0.30408975515917797,7.630714024041538,7.625839248654254,-0.06388360737835663,0.2866489359285058,0.2861929997238366,-0.15905735117849318,0.13463233913720263,0.13405165367415006,-0.43131202114878864,0.2295972042613268,0.2291079976548075,-0.21307167397495164
UKR,2004,HLCS,10059,76.57922941508214,0.4222021489983157,8.54266269238219,8.537081114819085,-0.06533767941093727,0.28934016431464404,0.2888757179298812,-0.16051915428435537,0.1386553172047642,0.13806671742192478,-0.424505741795822,0.23747025999917748,0.23697551097730818,-0.20834146636762307
UKR,2005,HLCS,10349,93.33313504078345,0.0,10.136439375701782,10.136439375701782,0.0,0.2902071359925864,0.2902071359925864,0.0,0.1383641712069048,0.1383641712069048,0.0,0.23734500647669243,0.23734500647669243,0.0
UKR,2006,HLCS,10495,99.06969162984561,0.2987534090560067,10.973012481676742,10.961092553418695,-0.10862949694034896,0.29794392261333924,0.29718056215177124,-0.2562094419890748,0.14629614145908887,0.14528707715219502,-0.6897408891512247,0.24214382134122892,0.24132333203169043,-0.3388437933265487
UKR,2007,HLCS,10610,82.3703619157316,0.0,10.431300936345238,10.431300936345238,0.0,0.2701268646534618,0.2701268646534618,0.0,0.11896107399944711,0.11896107399944711,0.0,0.20599793644498987,0.20599793644498987,0.0
UKR,2008,HLCS,10619,88.40143032246976,0.19022859590904911,11.943634699243148,11.938292626230664,-0.044727364382823875,0.2663823018179583,0.26605408807447317,-0.12321154267577183,0.11540821256287881,0.11501135975906251,-0.34386877242386094,0.1996948448546071,0.19934042840888355,-0.17747901603648586
UKR,2009,HLCS,10458,77.43257018253877,0.07834849258721696,11.064781986291713,11.064372451554915,-0.0037012454226936775,0.2531666366281766,0.25313899589534383,-0.010917999781068222,0.10418466073527588,0.10415273427097116,-0.030644112174860183,0.18399051007687028,0.18396077236196418,-0.01616263517812966
UKR,2010,HLCS,10425,76.39316355567678,0.11484715776165565,11.802624028306571,11.800237620013148,-0.020219302823676344,0.24818975581498115,0.24803773570110021,-0.06125156672229792,0.09953346056317969,0.09935887950757571,-0.17539936280338564,0.17490067832369738,0.17473640206637497,-0.09392545466196944
UKR,2011,HLCS,10639,79.46493411168747,0.1652067553098966,12.262778891062675,12.25716992235353,-0.04573978507622645,0.2455184386314615,0.2451732215296185,-0.14060740356905965,0.09801269937854418,0.09760754564284868,-0.41336861270467873,0.1732638298544562,0.17288979248916414,-0.21587735051583623
UKR,2012,HLCS,10494,85.30821904547331,0.023041099449447208,12.772745159324446,12.772542772129416,-0.0015845238631517766,0.24740656909673164,0.24739464439431758,-0.0048198810797983604,0.09899652364143163,0.09898296718826582,-0.013693867892683453,0.17570249387808912,0.17568965723963925,-0.007305894279885372
UKR,2013,HLCS,10524,80.35992523046761,0.07463433425421563,13.491663670338008,13.490179720839803,-0.010999010459078473,0.2455498558508874,0.2454668701627225,-0.033795861079755074,0.09838081642323804,0.09828661635360891,-0.09575044511104247,0.17314510908239422,0.1730557235604514,-0.05162463000920603
UKR,2014,HLCS,8809,77.30444722142641,0.22460388143200874,12.981751625163048,12.973726097953403,-0.06182160498348077,0.24025365871152948,0.23978379048137088,-0.1955717272646318,0.09410896960267712,0.09357371891192967,-0.5687562970960625,0.1663292044416883,0.16582143235859748,-0.30528137544771905
UKR,2015,HLCS,9096,76.36065992289343,0.29636154314006113,11.701229768836624,11.689877733349439,-0.097015747160345,0.25457540349106367,0.25385167197736,-0.2842896461240585,0.10677720795575452,0.10591323270881903,-0.8091382641260858,0.18675764833546016,0.18597619484917438,-0.4184318517879926
UKR,2016,HLCS,8164,77.6488604297355,0.7392276808146284,11.858196485073988,11.824843030127806,-0.28126920470717964,0.25002202979238564,0.24790809417113902,-0.8454997437633782,0.10340523974580895,0.10090753193799973,-2.4154557486149586,0.1811972478016295,0.1789128706847236,-1.2607129217584778
UKR,2017,HLCS,7958,93.55074223880425,0.24027289986880837,12.99896714115179,12.996910488953876,-0.015821658563952568,0.26049049181235184,0.26037350212103005,-0.044911309625095264,0.11101340599096998,0.11087592676061675,-0.12384020571750698,0.19328620929646012,0.1931603299168,-0.06512589807535774
UKR,2018,HLCS,8051,88.47767772716706,0.3524346249967727,13.589136785277335,13.580580676047093,-0.06296286044829014,0.26071485731453015,0.2602492442120057,-0.1785909354458992,0.11176585039925735,0.11121647644721788,-0.491540081408548,0.19456433857231004,0.19406377130262709,-0.25727595989895047
UKR,2019,HLCS,8091,101.5639118746679,0.3014182353484814,14.92134519941938,14.915091033390366,-0.04191422385466659,0.26619466324422736,0.2658870682964317,-0.11555263507045943,0.11615569082220789,0.11579108160669804,-0.3138969885409515,0.20078659412711908,0.20045607370473895,-0.1646127939053943
UKR,2020,HLCS,7835,86.88690698524007,0.5079833522932449,14.31595694460897,14.30219664781859,-0.09611859579923276,0.2562736133539969,0.255558471059129,-0.2790542051943734,0.10752461960873916,0.10669867485606499,-0.7681447799393504,0.18635108126591216,0.18558112220276635,-0.4131766008092619
URY,1989,ENH,5356,500.33839034968884,2.3319282033576356,21.61930695661329,21.492405332062837,-0.5869828519717402,0.4235994268305373,0.4201978963365133,-0.8030063967449208,0.31565111501968435,0.30994668133973713,-1.8071957957732754,0.46818311882337826,0.46504476073166845,-0.6703270505773573
URY,1992,ECH,14582,531.5644924180159,0.3722713676361408,22.899755575070575,22.871660741291766,-0.1226861731633222,0.4146394150982893,0.41392046111308867,-0.17339258136619407,0.3002179713625046,0.29903063818432285,-0.3954903741415605,0.45375497787147956,0.45308439453349714,-0.14778534025743362
URY,1995,ECH,15190,558.895158055416,0.051321598840204534,23.294187589397193,23.291933323023013,-0.009677377094730044,0.40912324400566624,0.40906605877948554,-0.01397750604947845,0.2923115256377278,0.2922183738903952,-0.031867285126496725,0.44900965665241277,0.4489563714953284,-0.011867263052123267
URY,1996,ECH,14754,513.6172474499025,0.0,22.592111747143026,22.592111747143026,0.0,0.40744275559042364,0.40744275559042364,0.0,0.2903951786626706,0.2903951786626706,0.0,0.45090637596080174,0.45090637596080174,0.0
URY,1997,ECH,14631,546.4847292357505,0.0,22.71939219100924,22.71939219100924,0.0,0.4145576551931429,0.4145576551931429,0.0,0.2989888056144223,0.2989888056144223,0.0,0.4559784913412632,0.4559784913412632,0.0
URY,1998,ECH,13482,633.7048598496856,0.0,24.311222755851798,24.311222755851798,0.0,0.42475730548605706,0.42475730548605706,0.0,0.31658861050101894,0.31658861050101894,0.0,0.47340176070093176,0.47340176070093176,0.0
URY,2000,ECH,14335,651.2563654667049,0.0,23.380447472221682,23.380447472221682,0.0,0.42905054430069933,0.42905054430069933,0.0,0.32008010521854224,0.32008010521854224,0.0,0.47055323375517655,0.47055323375517655,0.0
URY,2001,ECH,15898,787.6153748072716,0.06764253621809235,23.55592047552572,23.552614511575975,-0.014034535195428521,0.4500702870748906,0.44999309841287083,-0.01715035723007796,0.35164758345052327,0.3515109565481822,-0.03885336023083941,0.4932180631863412,0.49314695426906574,-0.014417338411343295
URY,2002,ECH,15550,760.8981165543063,0.0,21.009903434477835,21.009903434477835,0.0,0.45541395160831477,0.45541395160831477,0.0,0.3592659376678973,0.3592659376678973,0.0,0.6490503383283217,0.6490503383283217,0.0
URY,2003,ECH,15366,559.4649135643018,0.09169403498062288,17.462641497421245,17.460368082620693,-0.013018733740177701,0.45032389539358153,0.4502523284049855,-0.015892336455625156,0.34634633867494324,0.34621990322972573,-0.03650549496242439,0.5740266725829245,0.5739712287787204,-0.009658750516694514
URY,2004,ECH,15988,641.6040262538602,0.10032914790992575,17.70637287290505,17.701378838402885,-0.02820472909957905,0.4587641068328827,0.458611415263109,-0.03328324241140823,0.3637719358736131,0.36349641845346037,-0.07573905323154939,0.5103725345351564,0.5102344345039536,-0.027058672216484503
URY,2005,ECH,16227,602.344272681295,0.04330561955268817,18.211988570349085,18.211934448846076,-0.00029717514262728173,0.4472780231190938,0.4472763806005331,-0.0003672254114461815,0.34687025447154163,0.34686737225814435,-0.0008309197344291697,0.682632294448565,0.6826313515795833,-0.0001381225279484255
URY,2006,ECH,69959,636.2082720794078,0.19637102662788292,18.90437346925099,18.896130547142437,-0.04360325467522852,0.45935252407451077,0.45911669639037833,-0.0513391506028138,0.36057771920412485,0.36015274200851044,-0.11786008202404608,0.4882738468506206,0.48805069563773973,-0.045702061316654774
URY,2007,ECH,43180,706.8601465733756,0.5702693175604261,20.621721384560274,20.577952397272956,-0.21224701115440947,0.4639386549370663,0.4627986221988363,-0.24572919848308006,0.36902653014806086,0.3669486847327801,-0.5630612559067494,0.5406190823392826,0.539642212802504,-0.18069460895675515
URY,2008,ECH,44389,695.923556037393,0.3451019671867316,22.64095423212881,22.619814531913423,-0.09336929883188017,0.45072546812960357,0.45021218034369537,-0.11388036004227331,0.34753831699296045,0.3466282396291889,-0.261863892202141,0.47702789434260806,0.47653931746876943,-0.10242102812707543
URY,2009,ECH,40865,806.6886350674301,0.7154506996569063,24.28839598130451,24.244358045562652,-0.18131265554034437,0.45535302291640023,0.4543638331317126,-0.21723580055583724,0.35827177972574287,0.35649763518398236,-0.4951951680700617,0.4909363719208649,0.4900119453836821,-0.18829864521259232
URY,2010,ECH,40341,771.9859173570737,0.2333931074273924,24.385654079115888,24.36795343766543,-0.07258628943488388,0.44466637470459125,0.4442630084093533,-0.09071211995868023,0.33875399048476185,0.33804554729840763,-0.2091320563753163,0.47238417951705847,0.47200104829253975,-0.08110585433034334
URY,2011,ECH,39677,702.3868726860638,0.16748171886756769,26.235046069969318,26.229081048201483,-0.022736845027548913,0.4216736460278201,0.42154213179909705,-0.03118862892237395,0.30550624692107897,0.3052865961947253,-0.0718972945945695,0.4474318377419927,0.44730625348437913,-0.028067796482100782
URY,2012,ECH,36230,655.2432000393552,0.00868303618589963,26.21389218268131,26.2132180566013,-0.0025716367310635313,0.3989381321449502,0.3989226746467489,-0.00387466049389662,0.2752666796710104,0.27524170235439227,-0.009073861263542149,0.42770556122158,0.427690850933769,-0.003439349202982722
URY,2013,ECH,37356,654.8477787761825,0.10894919611686642,27.274682360840956,27.255355097368152,-0.07086155291234908,0.4044501562805407,0.4040278524030656,-0.10441431927206146,0.28315944665436055,0.28246725251673066,-0.2444538389265949,0.43299595420219783,0.43259401967299993,-0.09282639371041013
URY,2014,ECH,38876,674.6297677466152,0.09009537344654664,28.788295130248837,28.783501521311347,-0.016651242860343807,0.4010352215555215,0.4009354733114462,-0.02487268915892793,0.2783200570054585,0.27815972413416734,-0.05760737225201096,0.4274533798777035,0.42735810418125264,-0.022289143316189808
URY,2015,ECH,36446,703.7638650312023,0.3322025446356331,29.205337766316013,29.141214383223915,-0.21956049132243471,0.40120668023083006,0.39988910542827005,-0.3284030070989763,0.2790874302517534,0.2769227388019151,-0.7756320117626392,0.4313358908771169,0.43008482297385264,-0.290044934753797
URY,2016,ECH,35557,641.4904284967453,0.12511836225861972,28.66318784679157,28.653704959827575,-0.03308385311041606,0.39688511497029577,0.3966855194031308,-0.050290514719841806,0.2708773386798291,0.27055634810825646,-0.11850034157048217,0.41905864107295565,0.41886648873802657,-0.045853328411771255
URY,2017,ECH,35181,646.5260870853889,0.2422611805155905,29.765304023739876,29.73448343385872,-0.10354535554742972,0.39456539199529583,0.39393786180376855,-0.15904339413902457,0.2662177867299551,0.26520698142080734,-0.37969112491086365,0.40803817104314477,0.40742485354245894,-0.1503088544676845
URY,2018,ECH,32126,667.1358141429159,0.13998972649929523,29.278575208933155,29.254906814789084,-0.08083861313322727,0.3968070169775936,0.3963190222659342,-0.12298036344627894,0.2684786090658111,0.2676893799919764,-0.29396348430918984,0.40961135287018,0.4091338898360314,-0.11656489274601833
URY,2019,ECH,31983,656.1596109819385,0.07488564595743234,28.784070813319723,28.780801725197115,-0.011357282101653876,0.39666526996672724,0.3965967402233994,-0.017276466713000982,0.2684470310883409,0.26833674616437886,-0.041082564226879725,0.41903443893282866,0.41896848419291555,-0.015739694350913602
URY,2020,ECH,39609,651.3714389849165,0.08198700346075255,26.626642523833162,26.620131406436624,-0.024453392464751644,0.401322648963818,0.4011762209686136,-0.03648635221122909,0.27625340454478664,0.27601704124626236,-0.08556032057369656,0.42114331456269105,0.42100182353780624,-0.033596882579445264
URY,2021,ECH-S2,9230,624.4994219077626,0.5042465179197391,27.031703803891737,27.005449192342887,-0.09712525610416911,0.4075273853458645,0.4069514584892785,-0.14132224662576354,0.2835596312244659,0.2826215691781533,-0.33081649960606807,0.41977861388704263,0.4192149263681473,-0.13428209543019376
URY,2022,ECH,17645,638.6283123397178,0.21507898674425102,27.7891039604613,27.77875848838136,-0.03722851983518627,0.40542276234025354,0.405201347874497,-0.054613230021527404,0.2820794581610606,0.2817213621918673,-0.12694861636782795,0.5266013733666438,0.5264251920044724,-0.03345630510704911
UZB,1998,HBS,4690,72.32507344218453,0.12582328397505296,2.489655198537893,2.4892875642374777,-0.014766474515481853,0.4374400932805994,0.4373570163929209,-0.01899160341144457,0.36524341965217366,0.3651005164081673,-0.03912548079372247,0.66159147483836,0.6615415141388938,-0.007551593599108841
UZB,2000,HBS,9704,19.40542900694799,0.9283344979255995,1.5871867270338604,1.5812262475795302,-0.3755373802469486,0.361028142152213,0.3586201877514241,-0.6669713852316961,0.22365451145829524,0.22007516199141558,-1.6003922494302492,0.36264794089888697,0.3602497230924666,-0.6613074378627237
UZB,2002,HBS,9620,14.057823134613551,1.413519344771177,1.6853419667405918,1.6789213859568766,-0.38096605379930315,0.3304368094314516,0.3278783035899263,-0.7742799132843148,0.18171142928395173,0.17823731874237986,-1.9118833390182943,0.28761699175897326,0.28490911643622485,-0.9414865603690203
UZB,2003,HBS,9618,16.351407287941477,1.2082970783066314,1.6019452039244007,1.5961543103895588,-0.3614913619177207,0.35268797255410167,0.35034121450093836,-0.665392141435539,0.2083108998011533,0.20496147814486554,-1.607895534743986,0.32469426158976566,0.32225394647675587,-0.7515732187755808
UZB,2022,HBS,13491,153.57162336798083,0.0,13.633582449129772,13.633582449129772,0.0,0.3118482748091461,0.3118482748091461,0.0,0.17967814117070446,0.17967814117070446,0.0,0.35113628315821266,0.35113628315821266,0.0
VEN,1989,EHM,4218,347.30826467841285,0.26033225248087255,13.589646852124355,13.571240129248363,-0.13544666080204104,0.4250470659479292,0.42426729323939816,-0.183455614919259,0.3199685580417806,0.31864440244320225,-0.4138392867981233,0.48710135065061533,0.486405915778794,-0.14277005614795613
VEN,1992,EHM,4567,274.6061456176762,0.0,12.382818804288386,12.382818804288386,0.0,0.41268589765786,0.41268589765786,0.0,0.30029536138314183,0.30029536138314183,0.0,0.4910312488691121,0.4910312488691121,0.0
VEN,1995,EHM,6752,328.0682074152019,0.0,9.894485754236387,9.894485754236387,0.0,0.46622858394096667,0.46622858394096667,0.0,0.3943210059110751,0.3943210059110751,0.0,0.8658831502731072,0.8658831502731072,0.0
VEN,1998,EHM,5910,377.9911199258909,0.5822632171174245,10.509031068744076,10.497668616039999,-0.10812084034912406,0.47172675750201243,0.4711550799079076,-0.12118829068168413,0.4159253197176209,0.41487021391099677,-0.2536767435414866,0.9854493027273923,0.9854335535034227,-0.0015981769864836792
VEN,1999,EHM,5292,315.2477248751454,0.2311707223080727,9.46074725651133,9.457739914460983,-0.03178757416099076,0.46985731310055057,0.4696887573003572,-0.03587382711596199,0.40756572956496684,0.4072566112723466,-0.07584501595613302,0.8421822476580973,0.8421320713687452,-0.0059578896956846705
VEN,2001,EHM,13000,334.80538454667885,0.19684320810763595,9.974620976664642,9.96972480814816,-0.04908626130193383,0.463931938003312,0.46366869020598633,-0.05674276241007803,0.3888901539402201,0.3884115772574106,-0.12306217525965835,0.5754690433817349,0.5752606118850725,-0.036219410767523996
VEN,2002,EHM,13732,303.6961399739526,0.07880894360831149,8.323505471267962,8.32225193761082,-0.015060164992608538,0.47522637009049595,0.4751473272898803,-0.01663266299818389,0.41698001978045496,0.4168323796499722,-0.03540700356829962,0.9444742508456221,0.9444658875082537,-0.0008855018928222158
VEN,2003,EHM,11864,257.1501207086663,0.18099658251856807,7.100234423067001,7.096818278875455,-0.04811311835631882,0.46205262147495807,0.4617936912897237,-0.056039111824068844,0.39451634288942716,0.39404643358091085,-0.11911022622654865,0.5899426681733169,0.5897453271389486,-0.033450883452679214
VEN,2004,EHM,10757,266.79429834424394,0.074556362039065,7.978388574666549,7.977113723287271,-0.015978807842542686,0.4541166615263531,0.45402942397610113,-0.019210383067369552,0.37823939654204564,0.3780836998221171,-0.04116353858216737,0.8917454478067873,0.8917281485038934,-0.0019399373371031814
VEN,2005,EHM,10559,353.2176532200063,0.9844808083139616,9.957903645016858,9.909347170912005,-0.48761743270282487,0.4763304666796697,0.473764707401652,-0.5386510957198887,0.44431672176553283,0.4394995464102105,-1.0841760211456442,0.6858121990381927,0.6842727845963288,-0.2244658878950867
VEN,2006,EHM,11447,335.56001687393103,0.0,12.0562801667229,12.0562801667229,0.0,0.43463120274583855,0.43463120274583855,0.0,0.33917509336089546,0.33917509336089546,0.0,0.5679583189423734,0.5679583189423734,0.0
VNM,1992,VLSS,4799,36.679429187234234,0.10725758628534957,3.0294258177781734,3.029253791168595,-0.005678521935381653,0.3565455879205581,0.35650905190997917,-0.01024721993954092,0.20673777486948597,0.20668555163823832,-0.025260613973721036,0.31413025693088736,0.31409148003706555,-0.012344208482384378
VNM,1997,VLSS,5998,41.30685113951991,0.40961889600392853,3.9668560739835668,3.964336864710169,-0.06350644506413206,0.354422074489668,0.35401197002024853,-0.1157107581433725,0.20373535728933745,0.2031528053512055,-0.2859356107269284,0.3043879083478782,0.3039480283414313,-0.14451296992525897
VNM,2002,VHLSS,29510,49.563780141262065,0.18139042357048335,3.8376172359091205,3.8368498300476777,-0.01999693597011243,0.3702962422722993,0.3701703094692841,-0.034008663507478776,0.22141906653731258,0.22123312909770676,-0.08397535158720659,0.3264700901533173,0.32633582772101355,-0.041125492458038426
VNM,2004,VHLSS,9186,66.32948077255926,0.0,4.526308603224498,4.526308603224498,0.0,0.3678583065082358,0.3678583065082358,0.0,0.22127791770522265,0.22127791770522265,0.0,0.33714181102559615,0.33714181102559615,0.0
VNM,2006,VHLSS,9187,77.91982872036661,0.23221163237431408,5.053987756947772,5.049400372777146,-0.09076761542050615,0.3578861557948061,0.35730287193033505,-0.16298028158582278,0.21163456470692044,0.2107717421284565,-0.4076945463321602,0.33066804207078293,0.33006098862319544,-0.18358394835674696
VNM,2008,VHLSS,9188,72.44058043672801,0.26532817543650317,5.458042710771621,5.455533385797373,-0.04597481381550805,0.35570312486501976,0.3554068503480975,-0.08329263821752475,0.20842625345038157,0.2079978481325122,-0.20554287704995788,0.3235350187435745,0.3232248600052783,-0.09586558496841313
VNM,2010,VHLSS,9399,147.15115062419704,0.6990650612802948,9.624413784566118,9.615295102012489,-0.09474532951037062,0.3925272478097146,0.39195140486392943,-0.14670139436137042,0.25884605285575013,0.2579544965263181,-0.3444349719054385,0.3806766465904897,0.38009060205013534,-0.15394811990786517
VNM,2012,VHLSS,9395,142.20687273385883,0.2648813636128568,9.897621437692278,9.888323945722833,-0.09393662940105907,0.35645886389157355,0.35585386176017875,-0.1697256521523416,0.21266444928180928,0.21177514513021345,-0.41817245646796897,0.3343745268356565,0.3337499090788698,-0.18680183646097026
VNM,2014,VHLSS,9393,132.29205003203768,0.4020783326425762,10.47752683091805,10.467703749838593,-0.09375381459745258,0.3475537549663892,0.34694163512290854,-0.17612235078278138,0.2053963150803373,0.204520235797093,-0.4265311589945697,0.3333243835140349,0.3327006075996589,-0.1871377988612588
VNM,2016,VHLSS,9397,167.0378182253703,0.43869264183677514,12.099562010342417,12.09421184444705,-0.044217847644345554,0.3526707273766063,0.352384449930804,-0.08117414448651772,0.21222396405268906,0.211811218543406,-0.19448581649365027,0.34414188101919996,0.3438525992086867,-0.08405887991793648
VNM,2018,VHLSS,9395,184.8413983776226,0.0,13.46040994945987,13.46040994945987,0.0,0.3571554607451004,0.3571554607451004,0.0,0.21924392258862557,0.21924392258862557,0.0,0.357611878542487,0.357611878542487,0.0
VNM,2020,VHLSS,9394,220.5540317652038,0.5100531952156846,15.05132448308545,15.014102140243015,-0.24730277314973792,0.3679016610943173,0.3663348172889853,-0.42588658085191966,0.2305144755095072,0.22813951226117357,-1.0302881166504796,0.36452145713195516,0.3629478662474266,-0.4316867645898115
VNM,2022,VHLSS,9397,184.91512884912402,2.3292047027414378,14.262050702555301,14.055834991069108,-1.445905051012375,0.36093004079546065,0.35156066598872604,-2.595897749626286,0.22666865606588438,0.2127066851750814,-6.159638978379411,0.3590798207268505,0.34968867770726886,-2.6153357770347774
VUT,2010,HIES,4367,86.18742876335241,1.2005404263687538,5.2963411914153875,5.28450126679669,-0.22354912931003001,0.3735129822080341,0.3721100831388382,-0.37559579881336624,0.23389646425813226,0.23177434512062556,-0.907289960212776,0.3555732037120092,0.35413190955895724,-0.4053438611249516
VUT,2019,NSDP,4121,73.09340633884614,0.13785491140794115,5.431598249035476,5.431074684790583,-0.009639229944624628,0.32317574730288756,0.32311050955245446,-0.02018646231271015,0.17608384606058913,0.17599435558543264,-0.05082264907236844,0.2956644000274049,0.29559674657291446,-0.022881839844157703
WSM,2002,HIES,1462,157.1832392009297,0.12396671251343623,10.130467923055555,10.129118345599036,-0.013321965646306833,0.4073551966615079,0.4072762437062901,-0.01938184558950562,0.2767210046236164,0.2765958832868338,-0.045215699094736106,0.394013365498436,0.39393280680561427,-0.02044567516633622
WSM,2008,HIES,2009,187.72631315327087,0.25020412561321564,10.775026935246649,10.774157282317184,-0.008071004691601047,0.42046548562457653,0.42041871880913595,-0.011122628857662686,0.29064499910697306,0.2905688428258699,-0.026202508674544323,0.3948535852471793,0.3948048341481284,-0.012346626920045622
WSM,2013,HIES,2345,136.9675695299052,1.1276485241239715,10.202586390337943,10.181767709298772,-0.2040529748308484,0.3874345503070272,0.3861826705439608,-0.3231203211159994,0.24866504165870262,0.2467412401092246,-0.7736517914401775,0.3597671602311453,0.3584610352512695,-0.36304730510606786
XKX,2003,HBS,2363,59.13322557522412,0.0,6.272994643795574,6.272994643795574,0.0,0.28953854972752124,0.28953854972752124,0.0,0.13437202552339578,0.13437202552339578,0.0,0.22676244810762325,0.22676244810762325,0.0
XKX,2005,HBS,2358,70.48946209503944,0.0,6.4570448302425145,6.4570448302425145,0.0,0.31238229877250934,0.31238229877250934,0.0,0.15960870265402916,0.15960870265402916,0.0,0.26955946635858297,0.26955946635858297,0.0
XKX,2006,HBS,2364,61.22761516347807,0.0,6.342524140361286,6.342524140361286,0.0,0.3032163349755067,0.3032163349755067,0.0,0.14923622869623543,0.14923622869623543,0.0,0.25032305300698865,0.25032305300698865,0.0
XKX,2009,HBS,2329,77.18714461789196,0.0,7.254175935759917,7.254175935759917,0.0,0.317817156950048,0.317817156950048,0.0,0.16606087761106414,0.16606087761106414,0.0,0.27747431653772614,0.27747431653772614,0.0
XKX,2010,HBS,2329,97.19180958281422,0.0,7.524888185889918,7.524888185889918,0.0,0.33254300114810975,0.33254300114810975,0.0,0.17961702026824833,0.17961702026824833,0.0,0.2914089152731234,0.2914089152731234,0.0
XKX,2011,HBS,2241,60.19315622084573,0.0,7.2556412428976085,7.2556412428976085,0.0,0.278317483997675,0.278317483997675,0.0,0.126813263409975,0.126813263409975,0.0,0.2219606019978395,0.2219606019978395,0.0
XKX,2012,HBS,2344,74.93565402188024,1.1137671647561558,8.682334852633552,8.650494730818268,-0.3667230342495498,0.28972269075977364,0.2871107441325267,-0.901533331889659,0.14061102184098617,0.13726690213012116,-2.378277084599245,0.23649732472204255,0.23370479937403854,-1.1807851743296016
XKX,2013,HBS,2371,58.69872685088243,0.9085603431984632,8.773467608584692,8.75851545750247,-0.17042464563944426,0.2630659171109967,0.2618087338319983,-0.4778966780664029,0.11505732779346856,0.11356178434082764,-1.299824601632904,0.2007134685919839,0.19936582849038786,-0.6714248480930607
XKX,2014,HBS,2372,67.78828865346817,0.11254062913192887,8.761588051770266,8.761018941397568,-0.006495516216187269,0.27270172326087094,0.2726544873180673,-0.01732146839368287,0.12478088168195445,0.12472407273878616,-0.045526960863351285,0.22668704611696522,0.22663742367623907,-0.02189028512046276
XKX,2015,HBS,2344,66.91446843937669,0.0695687191623043,9.126697878310786,9.126055333826107,-0.007040273418124077,0.2645415319518354,0.2644897560239192,-0.01957194680705099,0.11556149312467845,0.11550018723359434,-0.05305044909550416,0.20795245704882703,0.20789742934855437,-0.026461673525568497
XKX,2016,HBS,2313,69.17432397860743,0.26425576854145505,9.245114669577923,9.231480709896456,-0.14747204516922796,0.2672114520546668,0.26612942828933117,-0.40493165881013704,0.11945692857944756,0.11810857432555899,-1.1287367504948187,0.21859041738583784,0.2174434734089068,-0.5247000260338752
XKX,2017,HBS,2232,64.91752701092139,2.2607157775432594,9.534210966501327,9.463027811752035,-0.7466077161434326,0.29012943781330736,0.2847947217315604,-1.838736572873978,0.14311114797930857,0.136292743611361,-4.764411762620613,0.2441910748677013,0.23854500088454478,-2.3121541138288904
YEM,1998,HBS,13440,90.76964380863858,0.16299975744425405,6.264340845441676,6.263646212893595,-0.011088677407877778,0.34997786463574565,0.34990578218990454,-0.0205962871155152,0.2048661892436514,0.20476233254746212,-0.05069489337050648,0.32986913059399237,0.32979501483658824,-0.02246823074067983
YEM,2005,HBS,13130,50.64296785730472,2.20380929430979,5.205421760764746,5.161563560812884,-0.8425484421346496,0.3473233433529822,0.341782056854793,-1.5954258774244279,0.20018310983547605,0.19226363799509638,-3.9561139033599924,0.2999182209903605,0.2939892492952957,-1.9768627846240006
YEM,2014,HBS,9368,54.089865542045935,0.9986023468111229,4.488544542017293,4.475744409284266,-0.28517334769000424,0.36707094364810255,0.36526173537069984,-0.492877006123682,0.2220106649961775,0.2193359122662566,-1.2047856935012313,0.3318710987404465,0.3299657032161283,-0.5741372272396683
ZAF,2005,IES,19224,483.1045987190855,1.0106210523157948,9.539003484338087,9.512372685618695,-0.27917799551197,0.6476248862608247,0.6466386389292373,-0.152286817957481,0.7783076418783856,0.7755557008524432,-0.35358011123992616,0.7171666788744633,0.7163749160695818,-0.11040150472747534
ZAF,2008,LCS,23362,926.3333035941325,0.048891418119627474,12.030881642980141,12.030819551840302,-0.0005160980024676576,0.630089973047917,0.6300880639722297,-0.00030298461631828033,0.7351245231298507,0.7351194288104184,-0.0006929872792937886,0.707216676829113,0.70721516584627,-0.0002136520379947271
ZAF,2010,IES,25323,1162.2588894328692,0.0,12.693399792605067,12.693399792605067,0.0,0.6338318796315023,0.6338318796315023,0.0,0.7529305357385236,0.7529305357385236,0.0,0.7230080635582647,0.7230080635582647,0.0
ZAF,2014,LCS,23368,1210.877160693641,0.0,11.943058297502214,11.943058297502214,0.0,0.630260727220264,0.630260727220264,0.0,0.750348977096102,0.750348977096102,0.0,0.7274732662636847,0.7274732662636847,0.0
ZMB,1991,HBS,8510,2142.3522239922213,0.0,3.096850166427213,3.096850166427213,0.0,0.6050619138336092,0.6050619138336092,0.0,0.9370473778932835,0.9370473778932835,0.0,0.96191281281671,0.96191281281671,0.0
ZMB,1996,LCMS-I,11722,131.24115152203598,0.5552174054092665,3.6190541333351183,3.611456080424378,-0.2099458209468219,0.48333682561018154,0.4822499653110326,-0.2248660233527322,0.40477871297961476,0.4027196966255018,-0.5086770346583669,0.5252541434658153,0.5242555408190455,-0.19011799510627592
ZMB,1998,LCMS-II,15093,134.9257719176757,0.7546390257407648,3.5836530922019736,3.5753146869592296,-0.23267891808189667,0.4913377624944514,0.4901517346948967,-0.24138747112238956,0.4243084710407522,0.4220292765753121,-0.5371550701897765,0.5493944396126706,0.5483437547685464,-0.19124417146723083
ZMB,2002,LCMS-III,9715,46.40434589537869,2.6540875469113168,2.7325408488727563,2.702927544314791,-1.0837277902060127,0.42061926098697566,0.4142761505842455,-1.5080408794989952,0.2986615625304917,0.28817155128982763,-3.5123405743225145,0.41249779205712644,0.40606713790746474,-1.5589548049680602
ZMB,2004,LCMS-IV,18199,158.3302542732013,1.719530788364831,2.910402343209778,2.89168920763585,-0.6429741790714094,0.5429478131250264,0.5399906303269044,-0.5446532293962858,0.5243633653709048,0.5179893837070663,-1.2155657860136615,0.6081859725609802,0.6056505656338392,-0.4168802046625175
ZMB,2006,LCMS-V,17304,148.25281689750497,0.03975698391003049,2.679666108546719,2.679200915540015,-0.017360110844399923,0.546175053330816,0.5460962553789374,-0.014427233795843986,0.5289087501620797,0.5287368042850045,-0.03250955425156965,0.6103676024611606,0.6102999530985425,-0.011083380301535328
ZMB,2010,LCMS-VI,19322,113.44755056687937,0.12611658701214376,2.6798262447733894,2.679303799924952,-0.019495474732966755,0.5203467789155881,0.520253253186574,-0.01797373075106412,0.4692045910276935,0.4690137173911558,-0.040680257650427265,0.5657210814344327,0.5656364165722175,-0.014965831218538561
ZMB,2015,LCMS-VII,12141,211.70535491935493,0.14383823240759747,2.9744158739308904,2.9729602078987893,-0.048939559691674184,0.5593663590210343,0.5591506157986458,-0.03856921656247847,0.5737052328289636,0.5732212623880346,-0.08435872870506955,0.6584514808255841,0.6582842540792941,-0.025396973225777497
ZMB,2022,LCMS-VIII,165221,143.9253186930983,0.0,2.5271809795442746,2.5271809795442746,0.0,0.515274311284247,0.515274311284247,0.0,0.46843512723529257,0.46843512723529257,0.0,0.5782082873926082,0.5782082873926082,0.0
ZWE,2017,PICES,30140,109.19083735443257,0.6822159821685427,4.409204789276319,4.399863356165985,-0.21186208300085774,0.4433708209819307,0.4421893896568615,-0.2664657368413814,0.3228484229969131,0.32079516162131494,-0.6359830896921492,0.4258289246799073,0.4246106362379545,-0.286098095113807
ZWE,2019,PICES,168598,134.33909653800245,0.5406789401281327,4.500191624229835,4.493360206703504,-0.15180281411905083,0.5037168550461555,0.5029624629493518,-0.14976510895879924,0.42884117480280803,0.427362292521936,-0.3448554774508339,0.5161655269155783,0.5154301954377272,-0.14246040068680577
