Survey,Year,Country,Records,Records above LIS ceiling,Weighted population share above ceiling,Welfare share above ceiling
HBS,2000,AGO,10034,5,0.00986519219890647,0.8015753547016705
IBEP-MICS,2008,AGO,9000,2,0.0036727998007605573,0.14558610015617857
IDREA,2018,AGO,11971,2,0.02643342620107806,3.6968155662577042
EWS,1996,ALB,1503,0,0.0,0.0
LSMS,2002,ALB,3599,5,0.05455119588989981,0.6765943856207781
LSMS,2005,ALB,3638,1,0.035852938202199175,0.3863102996345399
LSMS,2008,ALB,3598,4,0.07854468392195837,1.3375929284124357
LSMS,2012,ALB,6670,3,0.032777439499091565,0.35446086244859704
HBS,2014,ALB,6565,0,0.0,0.0
HBS,2015,ALB,7333,0,0.0,0.0
HBS,2016,ALB,7352,0,0.0,0.0
HBS,2017,ALB,7516,0,0.0,0.0
SILC-C,2017,ALB,4479,0,0.0,0.0
HBS,2018,ALB,7559,0,0.0,0.0
SILC-C,2018,ALB,4978,0,0.0,0.0
HBS,2019,ALB,7132,0,0.0,0.0
SILC-C,2019,ALB,5017,0,0.0,0.0
HBS,2020,ALB,5797,0,0.0,0.0
EPH,1986,ARG,1211,0,0.0,0.0
EPH,1987,ARG,1384,1,0.017031990618496137,0.6484772526605269
EPH,1991,ARG,758,4,0.11151494096858204,3.8755194176283925
EPH,1992,ARG,2379,1,0.008229261131555468,0.2641922031838773
EPH,1993,ARG,2482,0,0.0,0.0
EPH,1994,ARG,2508,0,0.0,0.0
EPH,1995,ARG,2584,0,0.0,0.0
EPH,1996,ARG,2486,0,0.0,0.0
EPH,1997,ARG,2612,0,0.0,0.0
EPH,1998,ARG,3296,1,0.00023801407010258158,0.016167870847914767
EPH,1999,ARG,3070,0,0.0,0.0
EPH,2000,ARG,3003,1,0.00024034681358495126,0.016170557349750043
EPH,2001,ARG,3000,0,0.0,0.0
EPH,2002,ARG,2529,0,0.0,0.0
EPHC-S2,2003,ARG,23455,1,0.006806062096996158,1.7148477390319061
EPHC-S2,2004,ARG,23943,0,0.0,0.0
EPHC-S2,2005,ARG,23983,0,0.0,0.0
EPHC-S2,2006,ARG,32418,4,0.006013380570750555,0.9669997235202528
EPHC-S2,2007,ARG,15375,0,0.0,0.0
EPHC-S2,2008,ARG,31488,4,0.013346889407847543,0.6720801847994603
EPHC-S2,2009,ARG,30857,1,0.00046935999581086,0.037155692332021116
EPHC-S2,2010,ARG,30843,4,0.0038724923032698037,0.150567544312103
EPHC-S2,2011,ARG,30077,0,0.0,0.0
EPHC-S2,2012,ARG,29011,0,0.0,0.0
EPHC-S2,2013,ARG,29413,1,0.0002497167957917101,0.00809982993421659
EPHC-S2,2014,ARG,32626,1,0.00030974155315897857,0.014565487904460642
EPHC-S2,2016,ARG,32117,2,0.004901980658184889,0.2448475174508844
EPHC-S2,2017,ARG,32248,0,0.0,0.0
EPHC-S2,2018,ARG,31751,0,0.0,0.0
EPHC-S2,2019,ARG,32258,2,0.0006084721094532441,0.036993594206204225
EPHC-S2,2020,ARG,24594,3,0.0012388677322865624,0.053777029355362764
EPHC-S2,2021,ARG,28897,3,0.02106109420484815,1.106920109681268
EPHC-S2,2022,ARG,28913,0,0.0,0.0
ILCS,1999,ARM,3599,3,0.06574261765189283,1.329043091495469
ILCS,2001,ARM,4037,4,0.04860843178819704,0.6405583098626526
ILCS,2002,ARM,4633,11,0.15654351909830932,1.9163125352114012
ILCS,2003,ARM,4640,16,0.27558236272878534,3.4011291605679723
ILCS,2004,ARM,6816,31,0.2911463448856461,4.525535041382767
ILCS,2005,ARM,5187,25,0.30591542429941637,4.304552410638208
ILCS,2006,ARM,5184,8,0.08682064933784378,0.8874585088599838
ILCS,2007,ARM,7870,2,0.021631492979976054,0.250616586825661
ILCS,2008,ARM,7872,7,0.06608485566684437,0.9262797863085475
ILCS,2009,ARM,7869,4,0.03041533687730955,0.33887809594844137
ILCS,2010,ARM,7869,8,0.12578040306194227,1.8127692308041656
ILCS,2011,ARM,7871,4,0.04513340342668244,0.5128141021152673
ILCS,2012,ARM,5184,8,0.06544219773991763,0.6478309999562631
ILCS,2013,ARM,5182,5,0.09281617805888559,1.549073943916756
ILCS,2014,ARM,5184,5,0.05863845603922446,0.6796417446118574
ILCS,2015,ARM,5184,9,0.0806341898287021,0.9127471964450212
ILCS,2016,ARM,5183,7,0.1763092140241507,3.287887028508201
ILCS,2017,ARM,7772,20,0.2853088479226523,4.249374283602743
ILCS,2018,ARM,5177,20,0.22922355531719693,2.864522656294066
ILCS,2019,ARM,5165,9,0.17226325586215832,2.282740419225575
ILCS,2020,ARM,5183,9,0.09506520078361784,0.7578731599275697
ILCS,2021,ARM,5183,14,0.1415117607348577,1.3985282944106268
ILCS,2022,ARM,5184,7,0.07045789935718158,0.7325146646608159
EU-SILC,2004,AUT,4335,3,0.041329943525348134,0.615635430212112
EU-SILC,2005,AUT,4995,1,0.01807294739860771,0.23625911064759011
EU-SILC,2006,AUT,5705,0,0.0,0.0
EU-SILC,2007,AUT,6432,5,0.05007645437787863,0.6645385939207101
EU-SILC,2008,AUT,5673,2,0.026376377079973704,0.4293867604883641
EU-SILC,2009,AUT,5845,5,0.034736505870419744,0.44103109364388565
EU-SILC,2010,AUT,6173,5,0.05550496913010577,0.7010001008604431
EU-SILC,2011,AUT,6144,3,0.02167299938367497,0.2647875924773539
EU-SILC,2012,AUT,6198,4,0.035290628621761314,0.6307681775218198
EU-SILC,2013,AUT,5947,1,0.0055803739819144825,0.06032386685556933
EU-SILC,2014,AUT,5880,6,0.08299420466395697,1.2396070321047783
EU-SILC,2015,AUT,6014,3,0.044862788416988424,0.7962822482178971
EU-SILC,2016,AUT,5967,5,0.07202037744019035,1.2321141450616404
EU-SILC,2017,AUT,6041,1,0.03016554228087727,0.42494472263484157
EU-SILC,2018,AUT,6075,2,0.015327135594578588,0.21126817346852664
EU-SILC,2019,AUT,5944,5,0.03130167651460593,0.4659592642825575
EU-SILC,2020,AUT,5979,4,0.017040456648906407,0.28085253719468906
EU-SILC,2021,AUT,5970,2,0.010516159456058192,0.2247538639471393
EU-SILC,2022,AUT,5893,7,0.08278863194450187,1.3070221221628018
SLC,1995,AZE,1424,0,0.0,0.0
HBS,2001,AZE,7818,15,0.04293942622945728,0.7214578897428825
HBS,2002,AZE,8156,36,0.34193876873757045,2.376272155881936
HBS,2003,AZE,8520,27,0.20912935843346395,1.609784745399435
HBS,2004,AZE,8423,52,0.476605245185291,3.517249105258873
HBS,2005,AZE,8553,57,0.4360816981411519,3.2265900090126323
EP,1998,BDI,6653,53,0.02952368237698521,0.7500918726786344
QUIBB,2006,BDI,7024,5,0.015801796978860527,0.18945231852865738
ECVMB,2013,BDI,6680,20,0.0548696020633818,0.9972876517397536
EICVMB,2020,BDI,8357,25,0.0298824160615143,0.5413941478482373
EU-SILC,2004,BEL,5119,7,0.05308936373183048,0.5969407028368368
EU-SILC,2005,BEL,4828,9,0.12352494530211074,4.567815770490275
EU-SILC,2006,BEL,5532,10,0.08013481931262342,2.777395240620487
EU-SILC,2007,BEL,6046,6,0.0717017680506871,0.6757132858563372
EU-SILC,2008,BEL,6144,17,0.1642924810897341,2.4103814707385864
EU-SILC,2009,BEL,5991,10,0.09595450796661528,1.4077812291767364
EU-SILC,2010,BEL,5912,8,0.0693452341265786,1.0589189835028414
EU-SILC,2011,BEL,5659,6,0.05116712569504125,1.252525616860555
EU-SILC,2012,BEL,5446,9,0.10888902249713726,1.26245820207154
EU-SILC,2013,BEL,5811,8,0.068347818150805,0.8435522074656444
EU-SILC,2014,BEL,5689,4,0.04125448139770745,0.41153076755421397
EU-SILC,2015,BEL,5810,7,0.0509737687408799,0.9009790667185799
EU-SILC,2016,BEL,5696,5,0.0391097351967094,0.7797705480017875
EU-SILC,2017,BEL,5725,7,0.08474217934828615,1.0956241085076324
EU-SILC,2018,BEL,5610,5,0.07263162875001145,0.7869368481037475
EU-SILC,2019,BEL,6689,17,0.1140202440429656,1.3907587143151512
EU-SILC,2020,BEL,6980,24,0.18784138130685019,2.011373605554752
EU-SILC,2021,BEL,7445,21,0.15293948098299956,1.5653127624225498
EU-SILC,2022,BEL,6647,19,0.16566391546239226,1.5555898664295325
QUIBB,2003,BEN,5349,13,0.10291281559905381,1.6597697116796855
EMICOV,2011,BEN,17966,2,0.00276223951423562,0.07992399325860328
EMICOV,2015,BEN,19871,12,0.01612244076037066,0.39114708365277173
EHCVM,2018,BEN,8012,8,0.019970130866153072,0.44764563389461415
EHCVM,2021,BEN,8028,5,0.019924084086020647,0.3450077347412505
EP-I,1994,BFA,7773,33,0.0753741001095286,2.2578045980578545
EP-II,1998,BFA,8324,80,0.28557189001176925,7.9044190822298575
ECVM,2003,BFA,8231,9,0.05040911078517722,1.647378244809737
ECVM,2009,BFA,8404,17,0.0484682180216651,1.1555218707621748
EMC,2014,BFA,10408,55,0.09296167871802714,1.2030038249889703
EHCVM,2018,BFA,7009,5,0.02537531756201296,0.7892763624444971
EHCVM,2021,BFA,7174,5,0.01620235490651706,0.25957006686250456
HHES,1991,BGD,5722,12,0.060564719555768774,0.6296448200877933
HHES,1995,BGD,7418,25,0.22804724246436212,2.3205936540165633
HIES,2000,BGD,7439,11,0.07005127523547858,1.1092749240277104
HIES,2005,BGD,10053,8,0.08000016540139607,1.150695971734315
HIES,2010,BGD,12224,18,0.1236362145100918,1.5775435865054246
HIES,2016,BGD,45694,65,0.11391406220317817,1.72598940687881
HIES,2022,BGD,14265,8,0.036284877096047066,0.451918321076299
IHS,1995,BGR,2459,6,0.18978605935127674,2.3278231424591156
IHS,2001,BGR,2633,1,0.01340662287169862,0.2822190929283112
MTHS,2003,BGR,3023,5,0.12242899126592194,1.1413234366625609
EU-SILC,2007,BGR,3385,2,0.050259838469202456,1.0182298939018595
MTHS,2007,BGR,4300,0,0.0,0.0
EU-SILC,2008,BGR,4180,0,0.0,0.0
EU-SILC,2009,BGR,5364,0,0.0,0.0
EU-SILC,2010,BGR,5988,1,0.004703047654629094,0.1640782632023135
EU-SILC,2011,BGR,6261,4,0.02908130065548918,0.6385093243754969
EU-SILC,2012,BGR,5568,5,0.05363815453846297,0.7451258055613595
EU-SILC,2013,BGR,4797,2,0.01854929106676213,0.5471056899282158
EU-SILC,2014,BGR,4892,3,0.036068756448206125,0.5680028797784885
EU-SILC,2015,BGR,4872,3,0.03926678268532898,0.7282352688284284
EU-SILC,2016,BGR,6983,1,0.005008912484784898,0.10244390717149539
EU-SILC,2017,BGR,7173,5,0.07522026086388182,1.3594979225875323
EU-SILC,2018,BGR,7124,11,0.1768574927421462,3.9217973567213096
EU-SILC,2019,BGR,7235,5,0.11043449307594931,3.22852896801552
EU-SILC,2020,BGR,6716,3,0.017944439393701696,0.43195130554299527
EU-SILC,2021,BGR,7481,5,0.08701197885848021,3.0197309166421364
EU-SILC,2022,BGR,7186,5,0.04349733235489795,0.8802988180434251
LSMS,2001,BIH,5401,16,0.2220251067253387,3.5323121699118
LSMS,2004,BIH,7412,0,0.0,0.0
HBS,2007,BIH,7467,0,0.0,0.0
HBS,2011,BIH,7395,0,0.0,0.0
HHS,1998,BLR,4933,3,0.06443956288695424,0.940675614821776
HHS,1999,BLR,4828,0,0.0,0.0
HHS,2000,BLR,4651,0,0.0,0.0
HHS,2001,BLR,4751,2,0.04836707940851269,0.5112778961648771
HHS,2002,BLR,4880,2,0.05388148321568535,0.784037524592176
HHS,2003,BLR,4780,1,0.008661373179746029,0.12296941118431795
HHS,2004,BLR,4819,0,0.0,0.0
HHS,2005,BLR,4858,1,0.008668060934590775,0.08357700722922941
HHS,2006,BLR,5222,2,0.020734001010104315,0.388212602750478
HHS,2007,BLR,5333,4,0.052456903406190886,0.8355591553684202
HHS,2008,BLR,5323,2,0.02332847938886945,0.3915259793581349
HHS,2009,BLR,5023,2,0.02098558167955075,0.229927286331584
HHS,2010,BLR,5518,0,0.0,0.0
HHS,2011,BLR,5426,0,0.0,0.0
HHS,2012,BLR,5318,3,0.035245824596781,0.28768842012567397
HHS,2013,BLR,5328,7,0.1150371516051306,1.3198561495703793
HHS,2014,BLR,5539,4,0.10134016084696502,0.8393277081358483
HHS,2015,BLR,5953,0,0.0,0.0
HHS,2016,BLR,5968,4,0.03129931701684199,0.22120622899340125
HHS,2017,BLR,5936,2,0.020820441019580135,0.18479854541341395
HHS,2018,BLR,5932,4,0.04185445393627583,0.3349839217208021
HHS,2019,BLR,5925,2,0.015624504497336503,0.1197576541618488
HHS,2020,BLR,5832,4,0.04384136755057784,0.3133858387670326
LFS,1993,BLZ,704,9,0.24615525309027725,20.090199005553615
LFS,1994,BLZ,660,6,0.2825132377631409,19.958915562946736
HBS,1995,BLZ,785,0,0.0,0.0
SLC,1996,BLZ,602,2,0.051692180450017354,3.9744072082945108
LFS,1997,BLZ,753,4,0.11368187161699544,18.243989219591548
LFS,1998,BLZ,711,1,0.012477753478994687,0.5545452882025657
LFS,1999,BLZ,730,1,0.021975154341123068,0.9040401533629313
EIH,1992,BOL,3554,3,0.008654649635907842,0.2873230256240993
ENE,1997,BOL,3799,1,0.003402928329363737,0.30173548243351433
ECH,1999,BOL,2103,0,0.0,0.0
ECH,2000,BOL,3676,0,0.0,0.0
EH,2001,BOL,4956,0,0.0,0.0
EH,2002,BOL,4747,0,0.0,0.0
ECH,2004,BOL,8519,2,0.016796011670816152,1.0159166881632564
EH,2005,BOL,3686,0,0.0,0.0
EH,2006,BOL,3571,0,0.0,0.0
EH,2007,BOL,3817,0,0.0,0.0
EH,2008,BOL,3617,2,0.005626836634645277,0.47157886712378566
EH,2009,BOL,3625,1,0.03390113145517268,1.4625341029180212
EH,2011,BOL,7647,2,0.0036053882919913844,0.14526256321844527
EH,2012,BOL,7084,0,0.0,0.0
EH,2013,BOL,8104,2,0.004588732686477844,0.19768032208603942
EH,2014,BOL,8360,4,0.030392116532916937,1.900090421721295
EH,2015,BOL,8240,3,0.020845469579966573,0.9321626970135105
EH,2016,BOL,9019,0,0.0,0.0
EH,2017,BOL,8658,0,0.0,0.0
EH,2018,BOL,9341,0,0.0,0.0
EH,2019,BOL,9740,0,0.0,0.0
EH,2020,BOL,9985,1,0.015551379279171353,0.5134860420987293
EH,2021,BOL,10735,1,0.0013979577185161604,0.04592127740040634
PNAD,1981,BRA,29306,5,0.0011024611741732185,0.07745119366203322
PNAD,1982,BRA,32112,6,0.0021485772984544214,0.29354768976136997
PNAD,1983,BRA,40660,8,0.0031152385683373886,0.27877467898154434
PNAD,1984,BRA,46372,5,0.0011247568570706753,0.0936022788102379
PNAD,1985,BRA,46061,0,0.0,0.0
PNAD,1986,BRA,19327,7,0.0070843224859695976,0.9427366722996845
PNAD,1987,BRA,26229,4,0.004785029503696953,0.5099083878171434
PNAD,1988,BRA,30901,2,0.0003057251225570073,0.03689351248170841
PNAD,1989,BRA,21594,6,0.005444334325185642,1.4660037871597584
PNAD,1990,BRA,29845,5,0.003577741109985696,0.523198583075291
PNAD,1992,BRA,25983,2,0.001097557212582122,0.12502254060487963
PNAD,1993,BRA,26146,12,0.00996686063041677,0.9942282362737952
PNAD,1995,BRA,12306,2,0.0007345026501328385,0.05966950124545489
PNAD,1996,BRA,14425,2,0.0006628855513140312,0.07268945577365256
PNAD,1997,BRA,12658,5,0.0022451118730440678,0.26099147366387954
PNAD,1998,BRA,12472,8,0.002766132155576317,0.29789203689811955
PNAD,1999,BRA,14464,4,0.0021249786289249764,0.2479919072233771
PNAD,2001,BRA,88748,2,0.0011685600375909563,0.09598874199925438
PNAD,2002,BRA,90816,6,0.001539473387354649,0.2788792264161195
PNAD,2003,BRA,92629,4,0.0014688185871947405,0.13654251216219424
PNAD,2004,BRA,96514,6,0.003327925032782429,0.3230564801179154
PNAD,2005,BRA,98891,7,0.003950820159933347,0.355959654583803
PNAD,2006,BRA,100293,9,0.00436062901829098,0.33407770162578043
PNAD,2007,BRA,99292,10,0.00267063360846921,0.20323726226409328
PNAD,2008,BRA,99951,15,0.00506470772512132,0.3340143232705896
PNAD,2009,BRA,102201,12,0.004924995899358504,0.44827242156022035
PNAD,2011,BRA,92784,13,0.0076821937593797756,0.4715345525923407
PNADC-E1,2012,BRA,61138,10,0.007655560639618157,0.3617600579225126
PNADC-E1,2013,BRA,62855,7,0.0026280516123010577,0.11988749069679502
PNADC-E1,2014,BRA,63971,10,0.004190731707725729,0.2011810029649601
PNADC-E1,2015,BRA,62036,5,0.000910913793831912,0.051220718924523324
PNADC-E1,2016,BRA,135445,6,0.0053256768722808835,0.3356534561334967
PNADC-E1,2017,BRA,136300,14,0.00809057062230912,0.5125900496720749
PNADC-E1,2018,BRA,136239,8,0.004348235201949713,0.2722169813576326
PNADC-E1,2019,BRA,134480,7,0.007313336060535243,0.4909883926224303
PNADC-E5,2020,BRA,40129,64,0.03273704268183298,1.1543096028777284
PNADC-E5,2021,BRA,37869,6,0.002423376653493482,0.1831983845605156
PNADC-E1,2022,BRA,116520,18,0.011644042421172037,0.723219883578466
BLSS,2003,BTN,3989,0,0.0,0.0
BLSS,2007,BTN,9794,2,0.006126985046282395,0.14289045563766453
BLSS,2012,BTN,8964,14,0.03865524816965156,0.7669289203157056
BLSS,2017,BTN,11393,3,0.007364860367821017,0.27018852340919003
BLSS,2022,BTN,13338,2,0.01870058546532088,0.2252682087218184
HIES,2002,BWA,6043,0,0.0,0.0
CWIS,2009,BWA,7730,4,0.023247354969002477,2.4789330559964053
BMTHS,2015,BWA,7055,2,0.018804781424542664,2.073444133383954
ECASEB,2008,CAF,6894,8,0.07773560095471116,5.465743904644766
EHCVM,2021,CAF,6410,4,0.009732792530650772,0.44479511757146006
EU-SILC,2007,CHE,6582,1,0.019686219640194045,0.581313879188011
EU-SILC,2008,CHE,6755,6,0.06193086601651408,1.1016698367097049
EU-SILC,2009,CHE,7337,7,0.05145434117922524,0.9791147067456878
EU-SILC,2010,CHE,7488,6,0.05430149023831721,1.0333561855133448
EU-SILC,2011,CHE,7475,7,0.07276395427699886,1.1718517618870115
EU-SILC,2012,CHE,7509,2,0.02324050451001245,0.2907789856314588
EU-SILC,2013,CHE,7320,4,0.04694450479515116,0.839877483748545
EU-SILC,2014,CHE,6751,2,0.05853076532325039,0.7444703873271681
EU-SILC,2015,CHE,7436,5,0.04267968526444613,0.74056380372354
EU-SILC,2016,CHE,7746,4,0.08617718374395086,1.263887708181925
EU-SILC,2017,CHE,8098,7,0.09518290893912357,1.744281648911498
EU-SILC,2018,CHE,6670,2,0.013158461622397487,0.2287498307845762
EU-SILC,2019,CHE,7319,3,0.09283464924225857,1.637716646946951
EU-SILC,2020,CHE,8129,8,0.12311041527304009,2.2881807034616823
EU-SILC,2021,CHE,8566,5,0.07530121706034405,1.2558345824153685
CASEN,1987,CHL,17899,5,0.01201422755285414,0.5452167712551824
CASEN,1990,CHL,20919,17,0.0382054283408104,1.983042767672206
CASEN,1992,CHL,29349,21,0.026067382276559522,1.2256111432168109
CASEN,1994,CHL,31425,11,0.021992692850361407,2.927559517968602
CASEN,1996,CHL,27877,9,0.01207984845043878,0.8197928163367243
CASEN,1998,CHL,41015,13,0.019266457506804658,1.011531343638942
CASEN,2000,CHL,32734,17,0.01257412108885598,1.0951948064626071
CASEN,2003,CHL,33534,16,0.021432808756332213,1.6538743917749013
CASEN,2006,CHL,45413,27,0.022490947440342808,0.8307592382430917
CASEN,2009,CHL,39115,16,0.0748100419057828,1.723138723747724
CASEN,2011,CHL,41091,22,0.03192575984274631,0.8288914373220255
CASEN,2013,CHL,49778,39,0.05169432118366372,1.5043788759757093
CASEN,2015,CHL,63478,66,0.06528534273931913,1.651865947473331
CASEN,2017,CHL,52238,56,0.06199282330059006,1.8161064567980714
CASEN,2020,CHL,49484,25,0.027598802060297783,1.7847042695913897
CASEN,2022,CHL,51504,24,0.029348213650471567,0.8128420991299012
EPAM,1985,CIV,1583,0,0.0,0.0
EPAM,1986,CIV,1599,0,0.0,0.0
EPAM,1987,CIV,1600,0,0.0,0.0
EPAM,1988,CIV,1600,0,0.0,0.0
EP,1992,CIV,9497,2,0.004390280630377122,0.13216650401379182
ENV,1995,CIV,1000,0,0.0,0.0
ENV,1998,CIV,4177,1,0.002946529279916134,0.05623605068234282
ENV,2002,CIV,10782,15,0.030526076301951817,0.6698046964952995
ENV,2008,CIV,12593,0,0.0,0.0
ENV,2015,CIV,12861,4,0.011320277137090438,0.27618567239652425
EHCVM,2018,CIV,12986,0,0.0,0.0
EHCVM,2021,CIV,12959,2,0.0038234878292575532,0.05897078777902393
ECAM-I,1996,CMR,1728,5,0.07649146362977802,1.4256501089606803
ECAM-II,2001,CMR,10991,19,0.07724059344492656,2.1315421040282776
ECAM-III,2007,CMR,11390,2,0.004810054580136768,0.1711672205956028
ECAM-IV,2014,CMR,10302,0,0.0,0.0
ECAM-V,2021,CMR,10543,0,0.0,0.0
E123,2004,COD,11901,2,0.003965646310194967,0.13897300924316316
E123,2012,COD,21232,8,0.016644365593565337,0.4489796528086871
EGI-ODD,2020,COD,8992,11,0.10282379425318793,2.422247891852998
ECOM,2005,COG,5002,2,0.009655141476546088,0.37395044451367254
ECOM,2011,COG,10393,1,0.0018079423933746225,0.08936072013862645
ENH,1992,COL,2425,1,0.007050886236076725,0.2447543294229936
ENH,1996,COL,7800,9,0.019249389352239906,2.469098252374612
ENH,1999,COL,8302,13,0.04935604432322784,3.270993572129372
ENH,2000,COL,6982,11,0.06631921108411312,3.5600298926811953
ECH,2001,COL,11339,12,0.022933323826658542,1.0824740178416985
ECH,2002,COL,30541,10,0.018024880083112624,1.9374055291106318
ECH,2003,COL,31690,10,0.009104331505245325,0.42966952448376616
ECH,2004,COL,35800,9,0.01582873606281626,0.6952951030737133
ECH,2005,COL,35676,12,0.016869307865013856,0.8118686913815707
GEIH,2008,COL,198215,22,0.006668637133197607,0.4423640745932489
GEIH,2009,COL,170083,22,0.0045315728876133285,0.27360178295165566
GEIH,2010,COL,181619,42,0.011767002086557985,0.7288548379669886
GEIH,2011,COL,186554,30,0.0074407397502287975,0.470118788552962
GEIH,2012,COL,187155,16,0.004936006669787377,0.2886494142270689
GEIH,2013,COL,187929,27,0.007402014048577529,0.46002897189016123
GEIH,2014,COL,189789,21,0.006675121530414058,0.515946804819732
GEIH,2015,COL,193802,33,0.008429080866696205,0.4219490591954246
GEIH,2016,COL,191260,44,0.010078672342596086,0.48374305558014213
GEIH,2017,COL,189784,34,0.008147202322436363,0.3202911132885066
GEIH,2018,COL,183699,56,0.014772220059464786,0.6911685161171691
GEIH,2019,COL,185024,25,0.006705857719918717,0.3580931859789515
GEIH,2020,COL,187422,24,0.008121839172482647,0.77494346926405
GEIH,2021,COL,211058,12,0.005506754623829832,0.2965889520794519
GEIH,2022,COL,244538,22,0.0038120282035226127,0.24090462565355716
EIM,2004,COM,2987,6,0.190016279198904,7.614487639622767
EESIC,2013,COM,3131,0,0.0,0.0
IDRF,2001,CPV,4572,6,0.03505514280190445,2.3467243374789195
QUIBB,2007,CPV,6923,4,0.039094704389342746,1.713622383084834
IDRF,2015,CPV,6219,0,0.0,0.0
EHPM,1989,CRI,4031,2,0.017773879860701298,0.6006025486370827
EHPM,1990,CRI,3981,0,0.0,0.0
EHPM,1991,CRI,4035,2,0.011846832993104678,0.576540678942591
EHPM,1992,CRI,4243,1,0.0019538442522786708,0.09305912573654297
EHPM,1993,CRI,4143,2,0.01094765052472089,0.46607768067508687
EHPM,1994,CRI,4557,2,0.009603346232642841,0.30787418660659677
EHPM,1995,CRI,4720,1,0.004725389556504902,0.18225370387428896
EHPM,1996,CRI,4639,0,0.0,0.0
EHPM,1997,CRI,4689,1,0.0025574728076703723,0.09214173728450527
EHPM,1998,CRI,5057,0,0.0,0.0
EHPM,1999,CRI,5156,0,0.0,0.0
EHPM,2000,CRI,4809,0,0.0,0.0
EHPM,2001,CRI,7722,0,0.0,0.0
EHPM,2002,CRI,8035,1,0.006861934860976597,0.3603855505955083
EHPM,2003,CRI,8289,0,0.0,0.0
EHPM,2004,CRI,8435,0,0.0,0.0
EHPM,2005,CRI,8551,1,0.0013951625402409268,0.061871284087164774
EHPM,2006,CRI,8489,0,0.0,0.0
EHPM,2007,CRI,8832,5,0.02831912030295187,1.3071361706457538
EHPM,2008,CRI,8363,2,0.00802624085312004,0.29134659360141546
EHPM,2009,CRI,9028,1,0.004252613518345775,0.1593036352768172
ENAHO,2010,CRI,10946,0,0.0,0.0
ENAHO,2011,CRI,10988,2,0.00682536067765331,0.5563354942426814
ENAHO,2012,CRI,10716,1,0.016004548570353796,0.6450153850684842
ENAHO,2013,CRI,10545,0,0.0,0.0
ENAHO,2014,CRI,10694,0,0.0,0.0
ENAHO,2015,CRI,10630,0,0.0,0.0
ENAHO,2016,CRI,10674,1,0.0055867424957416496,0.23984673541105234
ENAHO,2017,CRI,10043,1,0.0026166211834348814,0.1177931844654005
ENAHO,2018,CRI,10239,3,0.006964446600456924,0.3700292764668771
ENAHO,2019,CRI,10251,2,0.010604750254167121,0.41539160373536776
ENAHO,2020,CRI,7610,0,0.0,0.0
ENAHO,2021,CRI,9457,1,0.017164098685800884,0.9367165540574641
ENAHO,2022,CRI,9547,2,0.005669603200808121,0.21892958197649617
ENAHO,2023,CRI,9477,0,0.0,0.0
EU-SILC,2005,CYP,3497,4,0.056328631757866135,1.0821405152888313
EU-SILC,2006,CYP,3422,6,0.11417632843586199,1.7762135509544545
EU-SILC,2007,CYP,3359,10,0.18784749835688294,2.648370642426992
EU-SILC,2008,CYP,3234,4,0.09371794418021258,1.682278115310418
EU-SILC,2009,CYP,3081,7,0.16295749283053526,2.3377830342588406
EU-SILC,2010,CYP,3669,6,0.11186114932114688,1.8420938642994784
EU-SILC,2011,CYP,3800,6,0.08700498863353805,1.5326598555071544
EU-SILC,2012,CYP,4474,13,0.21668883132464517,2.8267201675410853
EU-SILC,2013,CYP,4497,8,0.14953549268809047,2.7981577413448533
EU-SILC,2014,CYP,4135,15,0.3036087369624754,4.6445079468057475
EU-SILC,2015,CYP,4197,7,0.15476320644559904,2.6821396622119957
EU-SILC,2016,CYP,4050,7,0.10954498563593947,1.8544776917371826
EU-SILC,2017,CYP,4156,10,0.12570833939945383,1.6677927127096548
EU-SILC,2018,CYP,4047,9,0.14556170769282237,1.701811232797905
EU-SILC,2019,CYP,4036,8,0.13371896023766386,2.149121540564013
EU-SILC,2020,CYP,4038,7,0.09355486191134874,1.0814736679534955
EU-SILC,2021,CYP,3961,9,0.17495778000765927,1.9154522082080614
EU-SILC,2022,CYP,4021,10,0.22516099073655654,2.290332588444599
EU-SILC,2005,CZE,3940,10,0.1848684677180488,1.7129935289666733
EU-SILC,2006,CZE,6932,13,0.12895386322805458,1.3882630623071288
EU-SILC,2007,CZE,8939,17,0.1268719631730072,1.2463951902242472
EU-SILC,2008,CZE,10456,15,0.16069491501148053,1.2945677430644613
EU-SILC,2009,CZE,9454,29,0.3977012328488965,3.0622422856584346
EU-SILC,2010,CZE,8564,19,0.20104953029617798,1.600577131640651
EU-SILC,2011,CZE,8249,14,0.15259763709856206,1.1340088743780137
EU-SILC,2012,CZE,8362,17,0.16860138030957875,1.234247735590935
EU-SILC,2013,CZE,7932,7,0.05804229760997063,0.44448699300627487
EU-SILC,2014,CZE,7644,11,0.14356902484825496,1.3153859985333414
EU-SILC,2015,CZE,7618,11,0.11702816402518454,0.9519801543534356
EU-SILC,2016,CZE,8186,18,0.19585876863219867,1.6943898139623923
EU-SILC,2017,CZE,8344,12,0.13560148107851777,1.2554698909796873
EU-SILC,2018,CZE,8342,11,0.12175259258033395,0.9826263669473303
EU-SILC,2019,CZE,8409,5,0.06799239458955643,0.5530305119169686
EU-SILC,2020,CZE,8356,2,0.016318296647903102,0.11600118406856193
EU-SILC,2021,CZE,8363,9,0.0935469581138317,1.0238342859117704
EU-SILC,2022,CZE,8319,5,0.06148482241112319,0.40161760704221017
EDAM,2002,DJI,10355,7,0.017329459298107527,0.42770566956834244
EDAM,2012,DJI,5846,0,0.0,0.0
EDAM,2013,DJI,3375,1,0.00893146260301011,0.24400322681078554
EDAM,2017,DJI,4473,3,0.010336198241381144,0.2769007913031331
EU-SILC,2004,DNK,6797,9,0.10772120098088311,1.1966800237332693
EU-SILC,2005,DNK,5911,7,0.0728909234094863,0.674718057698275
EU-SILC,2006,DNK,5661,9,0.10401504337900945,0.854983298322465
EU-SILC,2007,DNK,5750,15,0.16689651525528218,2.2563141570497742
EU-SILC,2008,DNK,5739,19,0.20036817106867688,2.4696936810870356
EU-SILC,2009,DNK,5797,7,0.08775673831435389,1.1909893506669824
EU-SILC,2010,DNK,5781,5,0.13088437048457469,1.5318364423697217
EU-SILC,2011,DNK,5205,10,0.24286418850176,1.9024956201307375
EU-SILC,2012,DNK,5286,6,0.18148449673503989,1.7711546771407771
EU-SILC,2013,DNK,5385,7,0.1200106968464967,2.7366390698627265
EU-SILC,2014,DNK,5729,9,0.11560575303598741,2.040140470435316
EU-SILC,2015,DNK,6002,15,0.16475033167511868,2.204264509941803
EU-SILC,2016,DNK,6222,19,0.18710105028393115,3.85462020660106
EU-SILC,2017,DNK,5865,19,0.2278905711122747,3.339575792568157
EU-SILC,2018,DNK,5583,9,0.23620537563940625,3.026801542853754
EU-SILC,2019,DNK,5770,8,0.21411111810980843,2.7879773755360815
EU-SILC,2020,DNK,6516,15,0.30485933674468296,3.4811792796426286
EU-SILC,2021,DNK,7767,11,0.16715724415176506,2.243182747574546
EU-SILC,2022,DNK,6711,14,0.28989963188251094,3.1387073017345015
ENFT,1996,DOM,4409,0,0.0,0.0
ENFT,1997,DOM,3471,3,0.06459665558234066,2.496391257654124
ENFT,2000,DOM,4060,2,0.011895000923646822,0.9325420241553968
ENFT,2001,DOM,4052,1,0.002798392996477069,0.10263021590603376
ENFT,2002,DOM,4111,1,0.002615780098543149,0.11051518672715861
ENFT,2003,DOM,5153,3,0.014298938029750243,0.500368184850575
ENFT,2004,DOM,5118,4,0.06112143577104134,3.0922124669743214
ENFT,2005,DOM,6498,2,0.01701213502628369,0.7396273492269935
ENFT,2006,DOM,6452,1,0.020898133587689282,0.771117279012831
ENFT,2007,DOM,6193,2,0.010107523816600994,0.35615894255580377
ENFT,2008,DOM,6718,1,0.007247399887762077,0.23109569066060032
ENFT,2009,DOM,6966,2,0.008719531484686323,0.5886844416222722
ENFT,2010,DOM,6881,0,0.0,0.0
ENFT,2011,DOM,6948,0,0.0,0.0
ENFT,2012,DOM,6972,0,0.0,0.0
ENFT,2013,DOM,7004,1,0.004281886803224872,0.1409289305132947
ENFT,2014,DOM,7031,0,0.0,0.0
ENFT,2015,DOM,6891,1,0.004968196544654291,0.14551882242424574
ENFT,2016,DOM,6972,0,0.0,0.0
ECNFT-Q03,2017,DOM,5919,6,0.12567675219159535,3.250961590579945
ECNFT-Q03,2018,DOM,5908,1,0.058102330002736687,3.6462462636592727
ECNFT-Q03,2019,DOM,6188,1,0.05889593574609771,1.109967634009442
ECNFT-Q03,2020,DOM,5282,1,0.011212469572845263,0.22624671916982758
ECNFT-Q03,2021,DOM,5653,5,0.08334056726291342,1.7244303154658567
ECNFT-Q03,2022,DOM,5609,1,0.0017134557776363707,0.034273667804614105
ECV,1994,ECU,3062,3,0.01879371923678524,0.7790198563920433
EPED,1995,ECU,1100,4,0.030246334860533946,1.4104519656567462
EPED,1998,ECU,1281,0,0.0,0.0
ECV,1999,ECU,4980,5,0.03645601145292225,2.7808469946460974
EPED,2000,ECU,2771,10,0.05923879427160689,2.8030853961562814
ENEMDU,2003,ECU,16510,2,0.0022385634737603836,0.34572440776157753
ENEMDU,2004,ECU,4490,4,0.006111524426665995,1.0207695540293582
ENEMDU,2005,ECU,16241,3,0.011574898091561163,0.6574486476507805
ENEMDU,2006,ECU,16647,5,0.009192398922379472,3.766983801697639
ENEMDU,2007,ECU,16708,6,0.0200762406026563,1.4461050662613324
ENEMDU,2008,ECU,17471,4,0.013033378707458316,0.9761996575281566
ENEMDU,2009,ECU,17125,2,0.007830225031805749,0.6805204049366665
ENEMDU,2010,ECU,18448,6,0.014551135646139007,0.8883948327734615
ENEMDU,2011,ECU,16604,3,0.010897921916006477,0.5292711874672139
ENEMDU,2012,ECU,17569,5,0.02679188474506965,1.3173428068663235
ENEMDU,2013,ECU,19250,2,0.008792616376693638,0.4060191726554749
ENEMDU,2014,ECU,27062,10,0.017265650656386942,0.7747882360666954
ENEMDU,2015,ECU,26877,4,0.022100986816745993,1.0279659246946555
ENEMDU,2016,ECU,27713,10,0.014915865869616598,0.5203512389667064
ENEMDU,2017,ECU,27157,10,0.0056593390152229715,0.3281364410617279
ENEMDU,2018,ECU,15260,3,0.00458739878905512,0.2759338212687356
ENEMDU,2019,ECU,15689,4,0.01653161332285428,0.684296304707736
ENEMDU,2020,ECU,8064,2,0.0029652667471280394,0.15599325886113144
ENEMDU,2021,ECU,8077,1,0.004376759541504138,0.16919940218300822
ENEMDU,2022,ECU,8235,2,0.02037937543175766,1.1753879880919504
ENEMDU,2023,ECU,8039,0,0.0,0.0
HIECS,2004,EGY,41980,176,0.19986060775477987,1.993785959514943
HIECS,2008,EGY,22260,123,0.30262920682561495,2.996014511404396
HIECS,2010,EGY,7719,27,0.2334743834666455,2.1802084148330994
HIECS,2012,EGY,15048,41,0.1999597949315574,1.5434684752569814
HIECS,2015,EGY,11977,35,0.3587317162165781,4.193854910571517
HIECS,2017,EGY,12248,33,0.2083763892392195,2.171250673935469
HIECS,2019,EGY,10719,38,0.31148428360599195,3.4935843904685666
EU-SILC,2004,ESP,12192,0,0.0,0.0
EU-SILC,2005,ESP,10356,3,0.00847852869742504,0.13122295586621943
EU-SILC,2006,ESP,9854,2,0.021460717801359823,0.2705072582903067
EU-SILC,2007,ESP,10241,0,0.0,0.0
EU-SILC,2008,ESP,12847,3,0.004881679224080989,0.07878424846618397
EU-SILC,2009,ESP,13220,4,0.00908013665179597,0.17137162918995455
EU-SILC,2010,ESP,13422,1,0.0016862444204486984,0.024652430048771486
EU-SILC,2011,ESP,12931,1,0.0022536941718770977,0.04942387886404282
EU-SILC,2012,ESP,12519,1,0.0020710618314763066,0.03732603850660746
EU-SILC,2013,ESP,11968,0,0.0,0.0
EU-SILC,2014,ESP,11776,0,0.0,0.0
EU-SILC,2015,ESP,12216,0,0.0,0.0
EU-SILC,2016,ESP,14060,1,0.002162627827944798,0.0427457186919425
EU-SILC,2017,ESP,13574,0,0.0,0.0
EU-SILC,2018,ESP,13159,0,0.0,0.0
EU-SILC,2019,ESP,15655,0,0.0,0.0
EU-SILC,2020,ESP,14848,0,0.0,0.0
EU-SILC,2021,ESP,20688,0,0.0,0.0
EU-SILC,2022,ESP,23994,1,0.0007540828420890379,0.01145329210817913
HBS,2000,EST,6166,0,0.0,0.0
HBS,2001,EST,5955,1,0.006756485979221524,0.14266054239796205
HBS,2002,EST,5597,1,0.017840884301405895,0.2983043620916714
HBS,2003,EST,3317,1,0.011953135016004006,0.18598185832852432
EU-SILC,2004,EST,3728,0,0.0,0.0
HBS,2004,EST,3165,0,0.0,0.0
EU-SILC,2005,EST,3748,0,0.0,0.0
EU-SILC,2006,EST,5222,0,0.0,0.0
EU-SILC,2007,EST,4906,1,0.06170750975065688,2.10346728885276
EU-SILC,2008,EST,4534,0,0.0,0.0
EU-SILC,2009,EST,4735,0,0.0,0.0
EU-SILC,2010,EST,4739,0,0.0,0.0
EU-SILC,2011,EST,4737,1,0.011901774826682759,0.13374785505366407
EU-SILC,2012,EST,5021,2,0.04727992804158735,0.6038544456142596
EU-SILC,2013,EST,5633,0,0.0,0.0
EU-SILC,2014,EST,5729,0,0.0,0.0
EU-SILC,2015,EST,5595,0,0.0,0.0
EU-SILC,2016,EST,5855,0,0.0,0.0
EU-SILC,2017,EST,5998,0,0.0,0.0
EU-SILC,2018,EST,5941,0,0.0,0.0
EU-SILC,2019,EST,6163,0,0.0,0.0
EU-SILC,2020,EST,6340,0,0.0,0.0
EU-SILC,2021,EST,6384,0,0.0,0.0
EU-SILC,2022,EST,5686,0,0.0,0.0
HICES,1995,ETH,11524,77,0.40583711172701137,10.890169273109727
HICES,1999,ETH,16556,162,0.16623769151926096,1.9533787017093767
HICES,2004,ETH,21287,243,0.1653429373628684,2.651642523684184
HICES,2010,ETH,27756,242,0.11952875656292138,2.147625404032709
HICES,2015,ETH,30225,174,0.09577140165776822,1.2575768336578004
HCES,2021,ETH,33810,41,0.009861711627935574,0.11769424780349343
EU-SILC,2004,FIN,10425,22,0.15681448409609947,2.2512071582800512
EU-SILC,2005,FIN,10614,21,0.1046376215313344,2.4010267126761065
EU-SILC,2006,FIN,10178,16,0.12035537915139416,1.811842414122665
EU-SILC,2007,FIN,9956,20,0.14466465160979572,1.841277264808333
EU-SILC,2008,FIN,9841,23,0.09395058335213859,1.4321107826294757
EU-SILC,2009,FIN,9546,15,0.06829105160659645,1.068209766327561
EU-SILC,2010,FIN,10320,19,0.0652494222975094,0.9061991770016085
EU-SILC,2011,FIN,8838,9,0.05419102651987772,0.8741988394933895
EU-SILC,2012,FIN,9725,17,0.0826616822634559,1.036651030083922
EU-SILC,2013,FIN,10684,11,0.05315217953692315,0.7433120835775635
EU-SILC,2014,FIN,10413,12,0.04563680828303853,0.709742397031032
EU-SILC,2015,FIN,10120,12,0.05140250811255188,0.5357572878175509
EU-SILC,2016,FIN,10063,11,0.046519895863141855,0.5247403265947794
EU-SILC,2017,FIN,9645,10,0.05808574642639814,0.6180114836062127
EU-SILC,2018,FIN,9374,11,0.0858748745063407,0.861166129702873
EU-SILC,2019,FIN,9159,15,0.11365810727402269,1.1617960566424408
EU-SILC,2020,FIN,9031,16,0.1532558422633406,1.3443160285777802
EU-SILC,2021,FIN,8974,18,0.08964365481261735,1.029095359209819
EU-SILC,2022,FIN,8696,17,0.14185804674689428,1.5435463491204013
HIES,2002,FJI,5244,3,0.014979541004423752,0.3384390712482064
HIES,2008,FJI,3573,8,0.11917444795518592,3.7237587367786062
HIES,2013,FJI,6015,8,0.09810026332928652,1.8838858399431424
HIES,2019,FJI,5999,0,0.0,0.0
EU-SILC,2004,FRA,9501,9,0.05733624287872892,1.0496809800791698
EU-SILC,2005,FRA,9073,5,0.03193233631209335,0.37899429835090875
EU-SILC,2006,FRA,9302,6,0.10109434756826265,1.0632596450764613
EU-SILC,2007,FRA,9745,3,0.01686607207549073,0.3079283599142048
EU-SILC,2008,FRA,7192,14,0.08625453676809013,1.1586555159258798
EU-SILC,2009,FRA,7266,26,0.14610803045696072,2.0912273566437327
EU-SILC,2010,FRA,7524,16,0.10374452775882723,1.378585208798261
EU-SILC,2011,FRA,7691,12,0.09775520546557713,1.740529472565545
EU-SILC,2012,FRA,7930,12,0.06962026096904175,1.6674940242805683
EU-SILC,2013,FRA,7467,11,0.10430074319342009,1.4074936478828097
EU-SILC,2014,FRA,7639,10,0.055824199219378604,0.9881889105128414
EU-SILC,2015,FRA,7595,8,0.07270174456038389,1.1954325161267194
EU-SILC,2016,FRA,7587,14,0.1931246489243368,2.925734850359393
EU-SILC,2017,FRA,7321,12,0.04638728265554746,1.0757957096120618
EU-SILC,2018,FRA,7212,13,0.08154886530469369,1.7897841311942722
EU-SILC,2019,FRA,7618,16,0.12518916656654686,3.2352021132227793
EU-SILC,2020,FRA,7222,10,0.10035555009438493,1.632179439232113
EU-SILC,2021,FRA,8526,7,0.06403685721711452,1.0008580304765793
EU-SILC,2022,FRA,10107,10,0.06201348033838614,0.8052080102214036
CPH,2000,FSM,7166,1,0.0010515357679891481,0.8159441143613034
HIES,2005,FSM,1380,2,0.0235211283969679,0.626983970568073
HIES,2013,FSM,1648,1,0.012391638809612178,0.7290637367026594
EGEP,2005,GAB,7911,4,0.0487524563722367,1.2895592834228413
EGEP,2017,GAB,7914,1,0.0016099050471771288,0.04943889136123445
HIS,1997,GEO,10805,2,0.004306169614258344,0.11543375420199334
HIS,1998,GEO,10988,1,0.01406825141811269,3.4355817052161464
HIS,1999,GEO,11272,4,0.008589559794625308,0.22393554895387677
HIS,2000,GEO,10455,2,0.01024834943878839,0.35318635298581086
HIS,2001,GEO,9848,2,0.016022882368178504,0.7293645283389548
HIS,2002,GEO,10668,5,0.019540719205455942,0.37713483356258426
HIS,2003,GEO,11698,1,0.001714892146607585,0.03939226271420085
HIS,2004,GEO,11493,1,0.0077854098309760944,0.1784802531502899
HIS,2005,GEO,11331,1,0.003474703728895492,0.08000626703644416
HIS,2006,GEO,10942,2,0.006551303242550259,0.1277543352842129
HIS,2007,GEO,10997,4,0.02466883606036059,0.7690303675570577
HIS,2008,GEO,19676,2,0.009638384590612867,0.3031444806559022
HIS,2009,GEO,22287,6,0.032385307703971064,0.6503840352173045
HIS,2010,GEO,21793,3,0.00902396996816172,0.2847220288818595
HIS,2011,GEO,11219,5,0.015390246198311457,0.9058713239052207
HIS,2012,GEO,11273,2,0.009260195176898993,0.20449950028371
HIS,2013,GEO,11100,1,0.0013886091718261333,0.033563211765922835
HIS,2014,GEO,11160,3,0.01974866287155194,0.5485631093657938
HIS,2015,GEO,10997,2,0.01042314507652882,0.2132328638092401
HIS,2016,GEO,10855,1,0.0020125696673019213,0.03926384269438812
HIS,2017,GEO,11587,1,0.012205952629329223,0.23424728044230533
HIS,2018,GEO,11051,2,0.008105063501929454,0.19329287918919735
HIS,2019,GEO,13868,10,0.0408264180153579,1.1853626093926017
HIS,2020,GEO,13308,2,0.0031756109936937824,0.08461197986941112
HIS,2021,GEO,13616,5,0.02818812922433459,0.5000876342480141
HIS,2022,GEO,13618,3,0.003309398413450513,0.08140278161850037
GLSS-III,1991,GHA,4523,1,0.004962571917913001,0.08894303201816524
GLSS-IV,1998,GHA,5997,0,0.0,0.0
GLSS-V,2005,GHA,8683,2,0.0039848482125919606,0.1867209657793837
GLSS-VI,2012,GHA,16767,3,0.007104487315154993,0.2414108066881748
GLSS-VII,2016,GHA,14001,2,0.00532029809283463,0.2781711807272856
EIBC,1994,GIN,4415,5,0.018463390277150202,0.6780603900756957
EIBEP,2002,GIN,7092,2,0.008609518939612789,0.24426943972510376
ELEP,2007,GIN,7548,1,0.005950178412380834,0.31688288390525554
ELEP,2012,GIN,7501,10,0.04523169513730841,0.6391126148730958
EHCVM,2018,GIN,8237,0,0.0,0.0
HPS,1998,GMB,1860,1,0.014356390706067914,0.7628211836305467
HIS,2003,GMB,2238,2,0.044066874987548146,1.9141216224967008
IHS,2010,GMB,4599,15,0.12687848452900277,3.8000740916241216
IHS,2015,GMB,13185,1,0.0019232932711442466,0.025162427178506447
IHS,2020,GMB,13483,7,0.031183133006469875,1.5808685558946975
ICOF,1993,GNB,3028,5,0.062468954808861485,1.5868984927069978
ILAP-I,2002,GNB,3212,2,0.050802222060994794,0.8523697808788803
ILAP-II,2010,GNB,3129,0,0.0,0.0
EHCVM,2018,GNB,5351,2,0.013491226245486829,0.20525561670503895
EHCVM,2021,GNB,5350,1,0.006633711620560101,0.10356736971430822
EU-SILC,2004,GRC,4650,1,0.019893026759613817,0.41020353068266857
EU-SILC,2005,GRC,4064,0,0.0,0.0
EU-SILC,2006,GRC,3988,1,0.011829108387401243,0.17354248916660112
EU-SILC,2007,GRC,4174,0,0.0,0.0
EU-SILC,2008,GRC,4515,3,0.022181482824259045,0.3177543806706521
EU-SILC,2009,GRC,4800,4,0.050596587685533274,0.7088962225345734
EU-SILC,2010,GRC,4788,1,0.003629477199835086,0.04490360245770497
EU-SILC,2011,GRC,4001,1,0.003447388883212454,0.05586295020635258
EU-SILC,2012,GRC,4712,1,0.015074364782931352,0.2487877725909956
EU-SILC,2013,GRC,4840,1,0.011588759181402479,0.381132012732796
EU-SILC,2014,GRC,5297,0,0.0,0.0
EU-SILC,2015,GRC,7892,4,0.02164664518927832,0.8919171409622839
EU-SILC,2016,GRC,8807,7,0.02083213168760984,0.9095206819669689
EU-SILC,2017,GRC,12216,7,0.0282051709029561,0.8639070312247926
EU-SILC,2018,GRC,11332,21,0.06951324351329204,1.6145322493894303
EU-SILC,2019,GRC,8103,15,0.06483682200542154,1.2324873530545455
EU-SILC,2020,GRC,9414,9,0.04526767619627021,0.8816968223010387
EU-SILC,2021,GRC,6996,5,0.030544713774043022,0.5397441767670338
EU-SILC,2022,GRC,5962,1,0.0025083884001863965,0.06992711826737383
SLCHB,2018,GRD,824,0,0.0,0.0
ENCOVI,2000,GTM,6516,5,0.03071098944517364,1.7313290961101384
ENCOVI,2006,GTM,12815,5,0.01825876231521106,1.4753851306717738
ENCOVI,2014,GTM,10530,8,0.0457640512093464,2.194052065843093
GLSMS,1998,GUY,1981,0,0.0,0.0
EPHPM,1991,HND,2722,2,0.00977004082497765,0.6103100418563309
EPHPM,1992,HND,1821,3,0.027803593470796834,1.350840678203679
EPHPM,1993,HND,1715,2,0.03825269006289767,2.7522540110240055
EPHPM,1994,HND,2070,0,0.0,0.0
EPHPM,1995,HND,2305,1,0.005481052723511006,0.423285168069179
EPHPM,1996,HND,2897,4,0.024635686293293046,1.95028019678423
EPHPM,1997,HND,3199,3,0.028893983238470103,1.5931642482071713
EPHPM,1998,HND,3252,0,0.0,0.0
EPHPM,1999,HND,3439,0,0.0,0.0
EPHPM,2001,HND,6420,0,0.0,0.0
EPHPM,2002,HND,26270,2,0.0017153672124711008,0.14778295648175865
EPHPM,2003,HND,29116,0,0.0,0.0
EPHPM,2004,HND,10175,0,0.0,0.0
EPHPM,2005,HND,6628,1,0.0069454603385998735,1.0861351092957654
EPHPM,2006,HND,18659,3,0.006355726629746016,0.9612999667338791
EPHPM,2007,HND,19901,1,0.0022650026447236763,0.17148287766106374
EPHPM,2008,HND,19612,5,0.015239023096211082,1.8521783644008663
EPHPM,2009,HND,19250,3,0.004688125380991353,0.3611356549553225
EPHPM,2010,HND,6614,0,0.0,0.0
EPHPM,2011,HND,6502,0,0.0,0.0
EPHPM,2012,HND,6857,0,0.0,0.0
EPHPM,2013,HND,6939,0,0.0,0.0
EPHPM,2014,HND,5164,0,0.0,0.0
EPHPM,2015,HND,5587,0,0.0,0.0
EPHPM,2016,HND,5742,0,0.0,0.0
EPHPM,2017,HND,5001,1,0.008471040838439555,0.66310691372685
EPHPM,2018,HND,5673,0,0.0,0.0
EPHPM,2019,HND,3913,0,0.0,0.0
HBS,1998,HRV,3123,0,0.0,0.0
HBS,2004,HRV,2846,0,0.0,0.0
HBS,2008,HRV,3107,4,0.13959348708273525,1.9826315583017406
HBS,2009,HRV,3004,0,0.0,0.0
EU-SILC,2010,HRV,2731,0,0.0,0.0
HBS,2010,HRV,3458,0,0.0,0.0
EU-SILC,2011,HRV,4310,0,0.0,0.0
EU-SILC,2012,HRV,3866,0,0.0,0.0
EU-SILC,2013,HRV,3368,0,0.0,0.0
EU-SILC,2014,HRV,3510,0,0.0,0.0
EU-SILC,2015,HRV,4315,0,0.0,0.0
EU-SILC,2016,HRV,4999,1,0.0016810618384739805,0.03222074920677987
EU-SILC,2017,HRV,5146,1,0.0021738466145370646,0.03901658035987282
EU-SILC,2018,HRV,5306,2,0.00545765179666861,0.0849343573897568
EU-SILC,2019,HRV,4981,2,0.0071937903369244036,0.09596111168540397
EU-SILC,2020,HRV,4812,0,0.0,0.0
EU-SILC,2021,HRV,5499,2,0.009874193462964644,0.14166557586642237
EU-SILC,2022,HRV,5729,2,0.019241455471946892,0.2098102682243668
ECVH,2001,HTI,5041,3,0.01130855315716195,0.7293470383474582
ECVMAS,2012,HTI,9667,0,0.0,0.0
HBS,1998,HUN,10139,5,0.034284678439862076,0.2880458644611693
HBS,1999,HUN,10180,8,0.0790997418145939,1.9560269170617064
HBS,2000,HUN,10190,13,0.12462939926234856,1.5677696808738035
HBS,2001,HUN,10273,2,0.013002539968644792,0.12956656564965724
HBS,2002,HUN,9878,7,0.041467234355763154,0.36392274071786
HBS,2003,HUN,8311,3,0.012657338863934407,0.13264771276446896
HBS,2004,HUN,8694,3,0.016164207517177724,0.527800105967608
EU-SILC,2005,HUN,6419,10,0.14459728482350184,1.6440495412400793
HBS,2005,HUN,9055,0,0.0,0.0
EU-SILC,2006,HUN,6752,14,0.14713348611698265,2.0348221382878977
HBS,2006,HUN,8972,3,0.011541129915929168,0.11758124355153997
EU-SILC,2007,HUN,7980,4,0.04489039379870986,0.5698867437623891
HBS,2007,HUN,8545,5,0.04685570652944667,0.5426234645238601
EU-SILC,2008,HUN,8094,7,0.043909981707206745,0.4169224999285278
EU-SILC,2009,HUN,9214,3,0.014662219868177543,0.16493441192214042
EU-SILC,2010,HUN,9193,2,0.006124732613339242,0.15181494250785277
EU-SILC,2011,HUN,10996,1,0.0019592236576256657,0.019655664974627056
EU-SILC,2012,HUN,10594,4,0.031776997096282254,0.29951845228849094
EU-SILC,2013,HUN,9313,3,0.01743588564030569,0.2591763199020172
EU-SILC,2014,HUN,7658,4,0.040964382168895405,0.5383332130215331
EU-SILC,2015,HUN,6462,2,0.028512438033812895,0.4205668790839069
EU-SILC,2016,HUN,6902,3,0.02657079591366069,0.3258331777181449
EU-SILC,2017,HUN,6858,2,0.05167270475283066,0.7149706269940512
EU-SILC,2018,HUN,7248,3,0.027883225551537702,0.5891876788384478
EU-SILC,2019,HUN,5898,8,0.07821428205745981,1.3592718686782093
EU-SILC,2020,HUN,5988,6,0.06495266414020752,2.210536829399568
EU-SILC,2021,HUN,6719,1,0.021934517943532402,0.2806855468102619
EU-SILC,2022,HUN,6601,8,0.05672272801567763,0.88966845757358
SUSENAS,1993,IDN,175021,299,0.11569434556538787,1.4086748061876977
SUSENAS,1996,IDN,183570,302,0.15722756497759163,2.1442847247835863
SUSENAS,1998,IDN,185813,280,0.10523871973011222,1.5926243196441112
SUSENAS,1999,IDN,190470,279,0.12803127041320406,3.222022506220344
SUSENAS,2000,IDN,179794,248,0.10952808274749434,1.2989017411725379
SUSENAS,2001,IDN,208450,349,0.11047371695766223,1.3147730097632313
SUSENAS,2002,IDN,9624,22,0.16362274540002406,1.3573817195005566
SUSENAS,2003,IDN,9907,8,0.05041377535091832,0.484880254016713
SUSENAS,2004,IDN,10016,8,0.04800977195475725,0.6250162513203734
SUSENAS,2005,IDN,10571,14,0.0765129951552533,0.818874046136521
SUSENAS,2006,IDN,9923,12,0.07421358071866924,1.7787171251152776
SUSENAS,2007,IDN,64540,55,0.06785798203834302,0.8875423227621141
SUSENAS,2008,IDN,66599,56,0.07675646360369673,1.1394963586566758
SUSENAS,2009,IDN,67033,78,0.10234087876731385,2.048026968076348
SUSENAS,2010,IDN,66374,27,0.029476973633560048,0.7269273277143827
SUSENAS,2011,IDN,71802,65,0.09592390205445964,2.2985092374514915
SUSENAS,2012,IDN,71013,88,0.08905410410433397,2.1103939662859057
SUSENAS,2013,IDN,70689,67,0.07417411582938455,1.621242951348704
SUSENAS,2014,IDN,70861,59,0.0670150614130873,1.4242545988514765
SUSENAS,2015,IDN,283944,346,0.10098282001733698,1.7349597686298233
SUSENAS,2016,IDN,289301,50,0.0077899139278088825,0.1550102184974515
SUSENAS,2017,IDN,295170,78,0.012834807504439074,0.2581284687400757
SUSENAS,2018,IDN,292930,75,0.024317751335641926,0.5379873652257652
SUSENAS,2019,IDN,312827,102,0.03489357871761898,0.6906673668313177
SUSENAS,2020,IDN,331232,102,0.01999791247912715,0.40020725577608696
SUSENAS,2021,IDN,336378,143,0.037168558897755055,0.7133745165950344
SUSENAS,2022,IDN,336232,263,0.06475567560216752,1.0837825693689718
SUSENAS,2023,IDN,338733,429,0.10459726814415929,1.6031218778277456
NSS-SCH1,1993,IND,81241,446,0.13256123468072387,2.1636383056796262
NSS-SCH1,2004,IND,73247,384,0.21032298305865796,3.1293662227306847
NSS-SCH1,2009,IND,49245,356,0.2124485227469254,4.067622802238922
NSS-SCH1,2011,IND,55206,368,0.2185447909059927,3.5876417475101174
CPHS,2015,IND,4458653,35517,0.1801135405840328,2.1810071079099957
CPHS,2016,IND,4666600,38386,0.18569812660152615,2.209640562684948
CPHS,2017,IND,5020899,24099,0.15356175568368255,1.8418446509113797
CPHS,2018,IND,4869314,5262,0.03604312491948593,0.4644155763820581
CPHS,2019,IND,2437272,11,6.30949028237756e-05,0.0009529623297218579
CPHS,2020,IND,2280682,20,0.00045563881326291883,0.00663296871979159
CPHS,2021,IND,2301660,6,0.00028784489338843744,0.004048894747089728
EU-SILC,2004,IRL,5300,4,0.10386157540939323,1.440906548754503
EU-SILC,2005,IRL,5955,7,0.14362908628980836,2.604252994621367
EU-SILC,2006,IRL,5733,7,0.08930484365543741,2.405739986300128
EU-SILC,2007,IRL,5561,3,0.043013962326319106,0.9370752589506879
EU-SILC,2008,IRL,5214,4,0.03367790066489764,0.5347563985475359
EU-SILC,2009,IRL,5138,7,0.07067741700726396,0.7655672257817944
EU-SILC,2010,IRL,4418,2,0.019418694928746937,0.28892218557918775
EU-SILC,2011,IRL,4069,1,0.013481895992125223,0.1984653143213059
EU-SILC,2012,IRL,4294,3,0.025827937547172164,0.3779090600682884
EU-SILC,2013,IRL,4600,5,0.052835725255306026,0.8946797779535633
EU-SILC,2014,IRL,5204,3,0.03304453545971978,0.4987035674536865
EU-SILC,2015,IRL,5095,5,0.044932830481230264,0.5804930373997627
EU-SILC,2016,IRL,5124,11,0.10535376792159587,1.4893087919117782
EU-SILC,2017,IRL,4937,2,0.012589887236559046,0.6345059594308481
EU-SILC,2018,IRL,3678,4,0.07066167440593941,1.7495548342988991
EU-SILC,2019,IRL,3555,9,0.14749323015422736,1.7205096114347769
EU-SILC,2020,IRL,3601,10,0.21163782406205706,2.767909249930149
EU-SILC,2021,IRL,4053,12,0.11325483039967854,1.3955977889292828
EU-SILC,2022,IRL,4036,32,0.1597259162507796,2.2925979567360364
HEIS,2005,IRN,26761,0,0.0,0.0
HEIS,2006,IRN,30724,1,0.00043858136918508735,0.0188623018664674
HEIS,2009,IRN,36252,1,0.0010401761626196127,0.06678836672881902
HEIS,2011,IRN,38467,6,0.015467036977750714,0.39132075651782794
HEIS,2012,IRN,38156,10,0.03129087880990973,0.5516836668276434
HEIS,2013,IRN,38261,8,0.015988629904074143,0.252665272632603
HEIS,2014,IRN,38227,9,0.015866635030549314,0.2788511634146005
HEIS,2015,IRN,38201,5,0.01863892470904603,0.3367120419248886
HEIS,2016,IRN,38102,10,0.019738890888455898,0.2992254962019768
HEIS,2017,IRN,37920,6,0.014959475992778934,0.3388023222265424
HEIS,2018,IRN,38915,8,0.011323161921402114,0.2827536447570612
HEIS,2019,IRN,38290,4,0.010812200424895549,0.279604830567986
HEIS,2020,IRN,37526,1,0.0013631251852079722,0.020911727468451526
HEIS,2021,IRN,37938,0,0.0,0.0
HEIS,2022,IRN,37918,4,0.0048151735909195865,0.07745812428456438
IHSES,2006,IRQ,17492,10,0.03434554948191091,0.3263867644966372
IHSES,2012,IRQ,24923,7,0.012805326507187567,0.14941137399883056
EU-SILC,2004,ISL,2847,8,0.23243393093007703,2.0765127901830662
EU-SILC,2005,ISL,2901,7,0.2069328406688947,2.510520700323645
EU-SILC,2006,ISL,2818,9,0.23877636825459306,2.642349807645149
EU-SILC,2007,ISL,2863,9,0.26723082110554686,2.9211712642683443
EU-SILC,2008,ISL,2876,5,0.16321676104368782,1.8127080374479643
EU-SILC,2009,ISL,2886,9,0.3062356542871778,3.086687110980949
EU-SILC,2010,ISL,3008,6,0.16550991243791147,1.4414818210205327
EU-SILC,2011,ISL,3001,4,0.11954304762864235,1.2935875586267949
EU-SILC,2012,ISL,3070,4,0.1049036654806048,1.015433119884098
EU-SILC,2013,ISL,3009,4,0.10432960770387245,1.0835707429862091
EU-SILC,2014,ISL,2987,4,0.10392148313356553,0.8778375981543636
EU-SILC,2015,ISL,2928,7,0.19311309512836958,2.919345924317619
EU-SILC,2016,ISL,2832,3,0.07668389860836453,1.3020725537133149
EU-SILC,2017,ISL,2883,8,0.20198892978512947,2.099991090109265
EU-SILC,2018,ISL,2956,6,0.12460512731387514,1.3638954509941634
EU-SILC,2004,ITA,20050,11,0.0375996514200662,0.6729294456549539
EU-SILC,2005,ITA,18571,11,0.04976826363723988,0.8313547080363194
EU-SILC,2006,ITA,18205,3,0.013341798966074358,0.2672834486458611
EU-SILC,2007,ITA,18024,9,0.022646460580696037,0.40036416914887535
EU-SILC,2008,ITA,18079,12,0.028878093028697087,0.4668551185255915
EU-SILC,2009,ITA,17677,10,0.024668634449616547,0.4440530044426463
EU-SILC,2010,ITA,16726,9,0.02677594377120283,0.46565432534258044
EU-SILC,2011,ITA,17037,13,0.039781793027844556,0.8969839420932865
EU-SILC,2012,ITA,17026,9,0.019209401910611393,0.3907354243555317
EU-SILC,2013,ITA,16218,9,0.025785389255982522,0.6978958716892169
EU-SILC,2014,ITA,17154,7,0.010706813301272678,0.1805729801557297
EU-SILC,2015,ITA,15915,2,0.004768953094175247,0.11148498652717806
EU-SILC,2016,ITA,18171,4,0.007444965990667745,0.14512272801169762
EU-SILC,2017,ITA,18672,6,0.0105499587491245,0.34128078173746457
EU-SILC,2018,ITA,17847,5,0.009223969686763263,0.28068696888933603
EU-SILC,2019,ITA,17581,4,0.0035432006992740673,0.05768906420566315
EU-SILC,2020,ITA,12514,2,0.002392384879907396,0.037731600902393185
EU-SILC,2021,ITA,15985,1,0.0003983976367183548,0.0065036591542920715
EU-SILC,2022,ITA,19044,12,0.009566655940265689,0.3361508349796663
SLC,1990,JAM,1820,1,0.013848497438027975,0.3255931332619511
SLC,1996,JAM,1822,2,0.027296711612378458,0.6769813911005741
SLC,1999,JAM,1865,2,0.045921759395923,1.5169951403313178
SLC,2002,JAM,6969,1,0.013222355777137408,0.7483261486881579
SLC,2004,JAM,1981,0,0.0,0.0
JSLC,2018,JAM,4543,0,0.0,0.0
JSLC,2021,JAM,2187,0,0.0,0.0
HEIS,2002,JOR,11977,6,0.031800502525210605,0.5191602567465886
HEIS,2006,JOR,11636,14,0.04657892385243614,0.6486720311877687
HEIS,2008,JOR,10946,3,0.004131102301953464,0.04862737909127658
HEIS,2010,JOR,11215,6,0.01519938535791262,0.23236839806124507
LSMS,1996,KAZ,1993,0,0.0,0.0
HBS,2001,KAZ,47534,4,0.00746788713917289,0.18871221880712494
HBS,2002,KAZ,47150,12,0.029132684312647848,0.5056183396896263
HBS,2003,KAZ,47231,6,0.010557719372572374,0.2151271434705165
HBS,2004,KAZ,47222,20,0.04435019745371973,0.7135078428067626
HBS,2005,KAZ,46851,3,0.0031934958249786828,0.0867818708676683
HBS,2006,KAZ,11995,18,0.11469650177426126,1.5213772532026233
HBS,2007,KAZ,11993,13,0.07993049980478847,1.1699600413644249
HBS,2008,KAZ,11996,3,0.022200024374766526,0.42026340393135864
HBS,2009,KAZ,47581,26,0.04223369843988143,0.5935307102938239
HBS,2010,KAZ,47727,29,0.031451960050617275,0.4318410980692029
HBS,2011,KAZ,46826,26,0.035807416918883464,0.4117585333840448
HBS,2012,KAZ,47089,10,0.0163836003566826,0.24007154599881556
HBS,2013,KAZ,47535,26,0.036836988496538096,0.4691121268582144
HBS,2014,KAZ,47546,42,0.06570149447905492,0.8835161931744464
HBS,2015,KAZ,47260,40,0.06506713927682271,0.9441970178407612
HBS,2016,KAZ,47429,17,0.02983983122369938,0.44447872922090315
HBS,2017,KAZ,47455,25,0.03577704440530216,0.39269920413236453
HBS,2018,KAZ,47267,31,0.045485850998189116,0.4635203031255895
HBS,2019,KAZ,46273,29,0.047324862729773175,0.49431643647020723
HBS,2020,KAZ,47124,23,0.03881547382037186,0.5113454599083379
HBS,2021,KAZ,47220,57,0.08917566832446697,1.1689140929669188
WMS-II,1994,KEN,10464,6,0.05649551156029662,1.9107371794175338
WMS-III,1997,KEN,10068,4,0.01126984579691344,0.47015859835271195
IHBS,2005,KEN,13151,38,0.0702979863998735,2.110641177535009
IHBS,2015,KEN,21759,2,0.008385552714788556,0.6930125667909461
KCHS,2020,KEN,19670,2,0.008794937842431585,0.15016484662295862
KCHS,2021,KEN,16960,3,0.04588864145977857,1.3538309868950602
KPMS,1998,KGZ,2814,2,0.0331801877950191,1.4674490794758752
HBS,2000,KGZ,2789,0,0.0,0.0
HBS,2001,KGZ,2857,0,0.0,0.0
HBS,2002,KGZ,2846,0,0.0,0.0
HBS,2003,KGZ,1081,0,0.0,0.0
KIHS,2004,KGZ,4625,0,0.0,0.0
KIHS,2005,KGZ,19067,2,0.0229509246921244,0.5443372395028876
KIHS,2006,KGZ,19443,7,0.03666701643350003,0.7812695944474043
KIHS,2007,KGZ,19201,4,0.009948883703920466,0.1658395571261954
KIHS,2008,KGZ,19760,17,0.0396408073262035,0.492044446589533
KIHS,2009,KGZ,19729,17,0.07192693843837741,0.8868528034016617
KIHS,2010,KGZ,19558,36,0.07889588595248279,0.9987136020005402
KIHS,2011,KGZ,19810,27,0.07197446461724205,0.6739359610785175
KIHS,2012,KGZ,19836,23,0.07048760555411321,0.6089055864783256
KIHS,2013,KGZ,19837,16,0.02998166032629615,0.40227591283430086
KIHS,2014,KGZ,19837,38,0.09840497018638021,1.0441061943145309
KIHS,2015,KGZ,19949,62,0.24867899949290936,2.3933057065614087
KIHS,2016,KGZ,19963,26,0.04764058318151903,0.4637341975142976
KIHS,2017,KGZ,19969,33,0.12018460107633261,1.1944641511047704
KIHS,2018,KGZ,19948,37,0.08866787446932707,0.9262244113438189
KIHS,2019,KGZ,19982,79,0.3307945642514898,3.3503666273381647
KIHS,2020,KGZ,19868,24,0.06515023902668547,0.6850315666310659
KIHS,2021,KGZ,19920,29,0.08656741441126156,0.9931283353202671
KIHS,2022,KGZ,19743,19,0.023723047197628345,0.22333032704337893
HIES,2006,KIR,1161,1,0.008133715134823841,0.12675558212322163
HIES,2019,KIR,2182,2,0.0073532171493293184,0.07390982445202213
LECS,1992,LAO,2877,3,0.06892632862298793,1.0186826366929143
LECS,1997,LAO,8864,20,0.1952774593731663,2.6537924222642273
LECS,2002,LAO,8070,9,0.08185106504147485,1.1246930174088103
LECS,2007,LAO,8281,8,0.0734148876164176,1.4636008508654763
LECS,2012,LAO,8223,6,0.06950436113825471,0.9504781595907809
LECS,2018,LAO,8449,8,0.05375679328806486,1.2376363750855743
HBS,2011,LBN,2746,0,0.0,0.0
CWIQ,2007,LBR,3594,2,0.03878565695450425,0.6652141434659037
HIES,2014,LBR,4084,1,0.0011711636928107864,0.02474016786684758
HIES,2016,LBR,8342,4,0.011088300989538086,0.38482286107706926
SLCHBS,2015,LCA,2444,0,0.0,0.0
HIES,1990,LKA,18152,53,0.2035003995424901,2.6572276598332474
SES,1995,LKA,18768,15,0.061999828407148176,0.8900187212823324
HIES,2002,LKA,16909,23,0.08202630814609173,1.5439690126316539
HIES,2006,LKA,18535,30,0.10634339344488845,2.442946897829389
HIES,2009,LKA,19944,29,0.11073545823717601,2.2127236243309585
HIES,2012,LKA,20523,39,0.12597863611667173,2.7203898472698818
HIES,2016,LKA,21735,42,0.1767071427067599,3.092368778608277
HIES,2019,LKA,19899,27,0.1110230874584289,1.8878420573831876
NHECS,1994,LSO,4574,0,0.0,0.0
HBS,2002,LSO,5832,2,0.005100662980070809,0.5719754345777365
CMSHBS,2017,LSO,4294,0,0.0,0.0
HBS,1998,LTU,8264,4,0.036309076345760576,0.5475310481625187
HBS,1999,LTU,8248,4,0.06090048601874468,1.0274775747994316
HBS,2000,LTU,7111,0,0.0,0.0
HBS,2001,LTU,8000,0,0.0,0.0
HBS,2002,LTU,8025,1,0.00887115482827705,0.14313014385858172
HBS,2003,LTU,7825,2,0.014339940022943677,0.22814215327966353
HBS,2004,LTU,7965,1,0.003491732881585408,0.061609934528074735
EU-SILC,2005,LTU,3852,0,0.0,0.0
EU-SILC,2006,LTU,4061,1,0.0037047041574215633,0.04030690452992312
EU-SILC,2007,LTU,4131,2,0.02451420553954916,0.30888147018290263
EU-SILC,2008,LTU,4597,5,0.04752427607940828,0.659106355302862
HBS,2008,LTU,6101,2,0.034954730105317106,0.6645402129635773
EU-SILC,2009,LTU,4812,6,0.05792204714555561,0.7300478819532152
EU-SILC,2010,LTU,5227,3,0.030617475183771413,0.5580025693720148
EU-SILC,2011,LTU,5122,0,0.0,0.0
EU-SILC,2012,LTU,5306,0,0.0,0.0
EU-SILC,2013,LTU,5075,0,0.0,0.0
EU-SILC,2014,LTU,5125,0,0.0,0.0
EU-SILC,2015,LTU,4785,1,0.026184311848320856,0.5512699446989986
EU-SILC,2016,LTU,4739,1,0.010806128729645554,0.16917329073467063
EU-SILC,2017,LTU,4897,1,0.04624993930231446,0.9215064484337676
EU-SILC,2018,LTU,4848,2,0.026288941139380125,0.7117364105811856
EU-SILC,2019,LTU,5080,2,0.022766003597387185,0.42294029184632626
EU-SILC,2020,LTU,5107,4,0.03388585644578213,0.6196383676865479
EU-SILC,2021,LTU,5617,5,0.07229140712577342,0.8938281612601852
EU-SILC,2022,LTU,5913,2,0.026389019812682785,0.4947969526073392
EU-SILC,2004,LUX,3514,0,0.0,0.0
EU-SILC,2005,LUX,3562,2,0.05024326534114479,0.6057105746222858
EU-SILC,2006,LUX,3787,1,0.0018644136725759675,0.09143095232366028
EU-SILC,2007,LUX,3827,6,0.04495905322512859,0.7162087172382415
EU-SILC,2008,LUX,3745,6,0.03863636530229668,0.5489954748253695
EU-SILC,2009,LUX,4160,4,0.04013009028698321,0.6361279201465083
EU-SILC,2010,LUX,4791,4,0.02539682754288051,0.5186753280415839
EU-SILC,2011,LUX,5293,1,0.0017253804487128218,0.022498944513924896
EU-SILC,2012,LUX,5827,2,0.01852631104941026,0.34965463761571514
EU-SILC,2013,LUX,3681,2,0.04317820064219412,1.308385262065944
EU-SILC,2014,LUX,3795,0,0.0,0.0
EU-SILC,2015,LUX,3381,0,0.0,0.0
EU-SILC,2016,LUX,3803,2,0.05886662301318244,0.8098499046806861
EU-SILC,2017,LUX,3948,0,0.0,0.0
EU-SILC,2018,LUX,3807,1,0.0190680768509932,0.5711616331737577
EU-SILC,2019,LUX,3805,1,0.019877756852333832,0.37625475676691833
EU-SILC,2020,LUX,2769,0,0.0,0.0
EU-SILC,2021,LUX,4060,0,0.0,0.0
EU-SILC,2022,LUX,3839,0,0.0,0.0
HBS,1997,LVA,1951,0,0.0,0.0
HBS,1998,LVA,5709,1,0.03223113404825304,0.348644422002894
HBS,2002,LVA,3948,1,0.013845144346554894,0.3377457437082008
HBS,2003,LVA,3631,0,0.0,0.0
HBS,2004,LVA,3913,0,0.0,0.0
EU-SILC,2005,LVA,2944,6,0.1156312824038959,1.6431474187182773
EU-SILC,2006,LVA,3874,1,0.017281514474160486,0.31077506417474193
EU-SILC,2007,LVA,4236,0,0.0,0.0
HBS,2007,LVA,3565,0,0.0,0.0
EU-SILC,2008,LVA,4995,1,0.008654074954122603,0.21319772332293974
HBS,2008,LVA,4002,1,0.021900302070680087,0.5706344711182533
EU-SILC,2009,LVA,5571,2,0.015779069567617238,0.3170696605097284
HBS,2009,LVA,4358,1,0.016697244567504963,0.25744409544282765
EU-SILC,2010,LVA,6047,0,0.0,0.0
EU-SILC,2011,LVA,6356,0,0.0,0.0
EU-SILC,2012,LVA,6287,0,0.0,0.0
EU-SILC,2013,LVA,6157,0,0.0,0.0
EU-SILC,2014,LVA,6029,0,0.0,0.0
EU-SILC,2015,LVA,6026,2,0.015527438093260433,0.2311598932233802
EU-SILC,2016,LVA,5945,2,0.018506549829360168,0.3112289876641649
EU-SILC,2017,LVA,5928,1,0.006920845684123193,0.10490778503664001
EU-SILC,2018,LVA,5752,1,0.005529583273974313,0.10516165177473594
EU-SILC,2019,LVA,5223,0,0.0,0.0
EU-SILC,2020,LVA,6030,1,0.008543860992703203,0.14552189275239616
EU-SILC,2021,LVA,6493,1,0.01933682516019571,0.7433026585518313
EU-SILC,2022,LVA,5770,1,0.008607011337900712,0.19864319752502752
ENNVM,1990,MAR,2880,1,0.015338909352612744,0.3477601731189609
ENNVM,1998,MAR,5066,0,0.0,0.0
ENCDM,2000,MAR,13545,14,0.052074310855627505,1.1660792152497799
ENNVM,2006,MAR,5977,12,0.08417025226517934,1.4878761232268505
ENCDM,2013,MAR,15867,14,0.03033120334758873,0.5735456046612359
HBS,1997,MDA,4408,1,0.021160541556069678,0.3749128734766483
HBS,1998,MDA,6304,2,0.05048722916773287,1.1736730376613782
HBS,1999,MDA,6071,2,0.0747523770089772,1.3716995929793767
HBS,2000,MDA,6217,1,0.006870433546486079,0.2536456651008879
HBS,2001,MDA,6212,0,0.0,0.0
HBS,2002,MDA,6155,2,0.011392473546647837,0.22103064639244344
HBS,2003,MDA,6121,1,0.008970939113754337,0.14175075142266422
HBS,2004,MDA,6119,1,0.005703562165949172,0.07235060950167872
HBS,2005,MDA,4563,0,0.0,0.0
HBS,2006,MDA,5739,0,0.0,0.0
HBS,2007,MDA,6052,1,0.011284336797713299,0.16605776327620395
HBS,2008,MDA,6132,2,0.02068270017286422,0.30067145515200594
HBS,2009,MDA,5531,0,0.0,0.0
HBS,2010,MDA,5454,3,0.031429347962059255,0.41290160790147373
HBS,2011,MDA,5672,2,0.025254633941873193,0.4902786117638162
HBS,2012,MDA,5483,0,0.0,0.0
HBS,2013,MDA,5081,4,0.03849566015801114,0.4290563353146016
HBS,2014,MDA,4884,3,0.019863213092363795,0.17136858539234004
HBS,2015,MDA,5069,3,0.050439839594840406,0.4643885911728071
HBS,2016,MDA,4965,6,0.14639125347044615,1.6610153078649497
HBS,2017,MDA,5149,0,0.0,0.0
HBS,2018,MDA,5140,3,0.05883670450199259,0.46528579495051214
HBS,2019,MDA,4408,1,0.01747431741602295,0.12605092549912822
HBS,2021,MDA,4078,5,0.12496914441462498,0.8778201977852587
EPM,1993,MDG,4501,18,0.2723945318042228,8.808477206084754
EPM,1997,MDG,6345,4,0.022236292755834594,0.5820019100778117
EPM,1999,MDG,5120,0,0.0,0.0
EPM,2001,MDG,5079,1,0.0019020669148417195,0.06793074128611885
EPM,2005,MDG,11777,29,0.1378820646334278,2.711509508777419
EPM,2010,MDG,12453,20,0.06619904762421519,2.2358325001714445
ENSOMD,2012,MDG,16903,5,0.011751322679166997,0.22523494297578547
HIES,2002,MDV,834,5,0.3232300490066554,11.824635395117106
HIES,2009,MDV,1903,1,0.008664507879721327,0.1336671837395158
HIES,2016,MDV,4892,0,0.0,0.0
HIES,2019,MDV,4720,0,0.0,0.0
ENIGH,1984,MEX,4672,1,0.0024098918635928257,0.09547187840888588
ENIGH,1989,MEX,10539,11,0.0315211816977457,2.981325930363853
ENIGH,1992,MEX,10259,4,0.04903275329050349,2.4496110116415575
ENIGH,1994,MEX,12440,2,0.01320105635948381,0.7668173328908751
ENIGH,1996,MEX,13672,3,0.015918478878789045,1.2780270877514326
ENIGH,1998,MEX,10630,2,0.005741812931436915,0.8548565435614949
ENIGH,2000,MEX,9895,5,0.020137682842054132,0.9315314750855381
ENIGH,2002,MEX,16433,0,0.0,0.0
ENIGH,2004,MEX,21394,19,0.03419308356698149,2.2285404596213017
ENIGH,2005,MEX,21964,19,0.08104426282025108,3.7920499652950337
ENIGH,2006,MEX,20043,11,0.02792204353094802,0.9889688839410882
ENIGH,2008,MEX,28560,13,0.009058927517514618,1.1655489677987736
ENIGH,2010,MEX,26637,15,0.024881358125227196,0.8524464698126349
ENIGH,2012,MEX,8702,5,0.02099676877685427,1.0425510673313827
ENIGH,2014,MEX,19025,9,0.03959317267540969,1.2169987075014237
ENIGHNS,2016,MEX,68154,34,0.040841413140913635,1.9024303246860335
ENIGHNS,2018,MEX,72369,59,0.0737194602953882,2.6286310130930524
ENIGHNS,2020,MEX,86139,44,0.036345835917647604,1.4979358468133852
ENIGHNS,2022,MEX,87138,83,0.05479491973927039,1.8484002654728184
HIES,2019,MHL,873,0,0.0,0.0
HBS,2000,MKD,1025,1,0.00706922283562596,0.13091474312329887
HBS,2002,MKD,4091,0,0.0,0.0
HBS,2003,MKD,4241,0,0.0,0.0
HBS,2004,MKD,4070,1,0.019110220579353018,0.4937212532891094
HBS,2005,MKD,4212,0,0.0,0.0
HBS,2006,MKD,4211,1,0.02812824870759643,1.2630365749211674
HBS,2008,MKD,3991,0,0.0,0.0
SILC-C,2010,MKD,1874,0,0.0,0.0
SILC-C,2011,MKD,1874,0,0.0,0.0
SILC-C,2012,MKD,3485,0,0.0,0.0
SILC-C,2013,MKD,3315,0,0.0,0.0
SILC-C,2014,MKD,3157,0,0.0,0.0
SILC-C,2015,MKD,3535,0,0.0,0.0
SILC-C,2016,MKD,3689,0,0.0,0.0
SILC-C,2017,MKD,3813,0,0.0,0.0
SILC-C,2018,MKD,4113,0,0.0,0.0
SILC-C,2019,MKD,4177,0,0.0,0.0
SILC-C,2020,MKD,4478,0,0.0,0.0
EMCES,1994,MLI,9066,22,0.03012011842888635,1.653469914188015
EMEP,2001,MLI,4966,0,0.0,0.0
ELIM,2006,MLI,4493,1,0.0064947917453145355,0.15677805550653937
ELIM,2009,MLI,9035,1,0.00014006579183229535,0.0032311600319011855
EHCVM,2018,MLI,6602,0,0.0,0.0
EHCVM,2021,MLI,6143,1,0.00028529684214110743,0.004457779554621983
EU-SILC,2007,MLT,3469,0,0.0,0.0
EU-SILC,2008,MLT,3350,0,0.0,0.0
EU-SILC,2009,MLT,3622,1,0.011704561735588918,0.12183841278307922
EU-SILC,2010,MLT,3759,1,0.014647897222062042,0.2119660162576908
EU-SILC,2011,MLT,4064,0,0.0,0.0
EU-SILC,2012,MLT,4337,4,0.07611318053198171,0.816367155081417
EU-SILC,2013,MLT,4373,5,0.08936273271799554,1.2086345041299786
EU-SILC,2014,MLT,4376,3,0.04239201602014234,0.5212132270774318
EU-SILC,2015,MLT,4230,3,0.04431646411570898,0.6147105090457474
EU-SILC,2016,MLT,4085,2,0.03329375106312573,0.36609913934424165
EU-SILC,2017,MLT,3895,1,0.010595256693184204,0.09833454961975115
EU-SILC,2018,MLT,3820,0,0.0,0.0
EU-SILC,2019,MLT,3756,2,0.02704085241286983,0.3187339379735142
EU-SILC,2020,MLT,3792,2,0.05377188900773931,0.899116967177583
EU-SILC,2021,MLT,4024,2,0.06113454228807093,0.8477869303794482
MPLCS,2015,MMR,3648,12,0.27278608225283874,7.422400880498472
MLCS,2017,MMR,13718,24,0.11215307163409616,1.5192835338038826
HBS,2005,MNE,1326,0,0.0,0.0
HBS,2006,MNE,1300,0,0.0,0.0
HBS,2007,MNE,1090,0,0.0,0.0
HBS,2008,MNE,1192,0,0.0,0.0
HBS,2009,MNE,1223,1,0.026004124171602007,0.26679663300467005
HBS,2010,MNE,1250,1,0.020294928809102115,0.2410624919100264
HBS,2011,MNE,1287,0,0.0,0.0
HBS,2012,MNE,1263,0,0.0,0.0
HBS,2013,MNE,1198,0,0.0,0.0
SILC-C,2013,MNE,2620,0,0.0,0.0
HBS,2014,MNE,1290,0,0.0,0.0
SILC-C,2014,MNE,2450,0,0.0,0.0
SILC-C,2015,MNE,2992,0,0.0,0.0
SILC-C,2016,MNE,2658,0,0.0,0.0
SILC-C,2017,MNE,2815,1,0.011304253871198511,0.26435299905615356
SILC-C,2018,MNE,3261,0,0.0,0.0
SILC-C,2019,MNE,3418,0,0.0,0.0
SILC-C,2020,MNE,3495,0,0.0,0.0
SILC-C,2021,MNE,3584,1,0.005732342749833382,0.11196542592572402
SILC-C,2022,MNE,3634,1,0.009654393252864381,0.16205756350660813
HIES-LSMS,2002,MNG,3307,0,0.0,0.0
HSES,2007,MNG,11170,3,0.00962674499534092,0.2572725502431692
HSES,2010,MNG,11190,1,0.008390028473631099,0.29459456897824554
HSES,2011,MNG,11206,4,0.028074230268704252,0.608537745119038
HSES,2012,MNG,12801,3,0.019213309378777087,0.36006860118343015
HSES,2014,MNG,16165,9,0.040720180233800675,0.6326569025432107
HSES,2016,MNG,16444,10,0.0563403865841737,0.7867158826482167
HSES,2018,MNG,16444,8,0.025399832583633215,0.4564560956046921
HSES,2022,MNG,22985,0,0.0,0.0
NHS,1996,MOZ,8248,23,0.042284862386123064,1.9158857895431585
IAF,2002,MOZ,8697,83,0.25375297008326597,6.765720640630797
IOF,2008,MOZ,10832,47,0.1362693633443554,3.882457066757365
IOF,2014,MOZ,32454,209,0.18900954609303236,8.03678531002836
IOF,2019,MOZ,13297,38,0.08586999397274028,3.5568051354344665
IOF,2022,MOZ,15374,50,0.07125444501383049,2.4383364496554325
EPCV,1995,MRT,3408,0,0.0,0.0
EPCV,2000,MRT,5860,0,0.0,0.0
EPCV,2004,MRT,9379,16,0.10660473379931024,1.9046467775317377
EPCV,2008,MRT,13660,0,0.0,0.0
EPCV,2014,MRT,9336,1,0.0027817098383028957,0.03710277215780227
EPCV,2019,MRT,9909,1,0.0013862266684643327,0.020359634048550786
HBS,2006,MUS,6715,6,0.0509565466732163,0.9439473513132286
HBS,2012,MUS,6696,11,0.12348384430327837,2.39956583753537
HBS,2017,MUS,6995,10,0.08825168901083576,2.0161858867570177
IHS-I,1997,MWI,10693,59,0.43470964283369884,41.59642829089263
IHS-II,2004,MWI,11273,23,0.12833982314250078,2.2393984634118627
IHS-III,2010,MWI,11972,12,0.07430913034820749,1.9882719986981252
IHS-IV,2016,MWI,12445,25,0.10932506518724187,10.966538935266748
IHS-V,2019,MWI,11432,21,0.045998503134704764,1.196082716449422
HIS,2004,MYS,30856,4,0.003266021906091184,0.47310902052278414
HIS,2007,MYS,31882,3,0.005060123218348403,0.22309773376477832
HIS,2009,MYS,38369,4,0.002812040633340063,0.1523769144404633
HIS,2012,MYS,38405,7,0.0118380534436405,0.42718360504058983
HIS,2014,MYS,67716,21,0.017420858923602664,0.6127660713587707
HIS,2016,MYS,77110,13,0.013071159341598006,0.48272904417435797
HIESBA,2019,MYS,80589,10,0.007513620875232759,0.272184391496654
HIS,2022,MYS,73950,16,0.013216167377343447,0.4333602648338018
NHIES,2003,NAM,9679,8,0.01880421441811393,0.8411981807007177
NHIES,2009,NAM,9649,3,0.009548152721163767,0.44160400471316796
NHIES,2015,NAM,10060,0,0.0,0.0
EPCES,1994,NER,4401,14,0.02682418742687555,0.901577233588228
ENCVM,2005,NER,6686,18,0.1490766300920491,4.66688931318309
ENBCM,2007,NER,4000,18,0.10408854936591404,1.6661869619230312
ECVMA,2011,NER,3859,21,0.05828173884214593,0.5929164217114556
ECVMA,2014,NER,3616,3,0.008208216357631543,0.15174968920918203
EHCVM,2018,NER,6023,38,0.1436717660898048,1.8979874268509949
EHCVM,2021,NER,6622,52,0.1651132342992063,1.7744789616569974
NCS,1992,NGA,8928,0,0.0,0.0
NCS,1996,NGA,8163,1,0.004874197969265763,0.21796524095840092
LSS,2003,NGA,18812,3,0.008500064094022455,0.31282136179934356
GHSP-W1,2010,NGA,780588,1,0.0001025257053275169,0.002155022087524074
GHSP-W2,2012,NGA,743594,0,0.0,0.0
GHSP-W3,2015,NGA,748842,0,0.0,0.0
LSS,2018,NGA,21573,4,0.004374735347507574,0.16541458669532655
EMNV,1993,NIC,7286,5,0.011372754773231164,0.6521420698614927
EMNV,1998,NIC,7831,7,0.06417107235985696,2.694556828332498
EMNV,2001,NIC,8298,6,0.09984460552187024,4.30925583955648
EMNV,2005,NIC,13709,8,0.05964547518701352,2.5197756013989467
EMNV,2009,NIC,6415,3,0.010195968972074938,0.28639377563530344
EMNV,2014,NIC,6693,8,0.053873021433777916,2.229320081885734
EU-SILC,2005,NLD,8814,6,0.10556965382019574,1.6709404856653545
EU-SILC,2006,NLD,8478,5,0.08724549459407677,1.1766248297549207
EU-SILC,2007,NLD,9579,24,0.19257144425374198,2.4085823349894326
EU-SILC,2008,NLD,9699,19,0.10467841857548506,1.3077793316541317
EU-SILC,2009,NLD,9159,21,0.13330026321668476,1.475582515660537
EU-SILC,2010,NLD,9500,9,0.038692143219499917,0.43069154271408233
EU-SILC,2011,NLD,9807,8,0.03719700765210145,0.45629253508038325
EU-SILC,2012,NLD,9524,9,0.05638221249214681,0.6501975335815708
EU-SILC,2013,NLD,9539,8,0.04959768928302018,0.6073853345941603
EU-SILC,2014,NLD,9541,13,0.08008848729433463,0.8524138589982354
EU-SILC,2015,NLD,9272,16,0.0629023875949941,0.8057966842455062
EU-SILC,2016,NLD,11678,17,0.07911560940955312,1.0888133124345505
EU-SILC,2017,NLD,12188,16,0.06712109288385748,0.7310164577941253
EU-SILC,2018,NLD,11502,21,0.12245100184757565,1.3283540028486032
EU-SILC,2019,NLD,12503,19,0.09384876177467039,1.1339129037386042
EU-SILC,2020,NLD,12140,32,0.1637350801445272,2.1575070285874376
EU-SILC,2021,NLD,13831,35,0.13022823477367465,1.2677806475122015
EU-SILC,2022,NLD,13178,28,0.10505721892193562,0.9606165528714077
EU-SILC,2004,NOR,6021,17,0.21967236452530248,3.2733916363119886
EU-SILC,2005,NOR,5960,14,0.19390728362461102,7.750450730627218
EU-SILC,2006,NOR,5731,30,0.4381308425036539,7.041738395782076
EU-SILC,2007,NOR,5980,7,0.09134617864397468,0.9927312556570748
EU-SILC,2008,NOR,5505,8,0.1267705787762605,1.7598887748224117
EU-SILC,2009,NOR,5415,9,0.11772772477046864,1.1996435679061195
EU-SILC,2010,NOR,5210,8,0.09947972634251344,1.1021160682145839
EU-SILC,2011,NOR,4606,5,0.07253771199325464,0.9300751014388682
EU-SILC,2012,NOR,6027,2,0.029153025640069,0.24797615655147648
EU-SILC,2013,NOR,6008,2,0.029628699257279484,0.40381731670253274
EU-SILC,2014,NOR,7342,3,0.044621418128298035,0.6197346451632855
EU-SILC,2015,NOR,6380,4,0.05151510472071893,0.9524665020443599
EU-SILC,2016,NOR,6840,13,0.13270911956738177,1.4003571211080066
EU-SILC,2017,NOR,6244,10,0.12657020834505284,2.048291569486834
EU-SILC,2018,NOR,5960,3,0.032975542405449275,0.3630682847293509
EU-SILC,2019,NOR,6055,8,0.08965261450444233,1.0283036113053934
EU-SILC,2020,NOR,6016,9,0.0959610407264178,1.1783766272023348
LSS-I,1995,NPL,3340,23,0.11509315210791958,1.7164482778785508
LSS-II,2003,NPL,3910,14,0.16720383482827333,3.638452746014538
LSS-III,2010,NPL,5987,3,0.023375086348754626,0.32828874852915996
LSS-IV,2022,NPL,9599,3,0.016401405609484783,0.25033466711092234
HIES,2012,NRU,460,0,0.0,0.0
HIES,1987,PAK,4640,20,0.08585850727820629,0.9566067340791815
HIES,1990,PAK,5973,3,0.030837378110144063,0.44934580837172333
IHS,1996,PAK,14304,98,0.25287794821197296,2.852292002353936
HIES,1998,PAK,14643,114,0.30953744832280095,3.444329445218608
PIHS,2001,PAK,14691,94,0.21241338286417905,1.9462604153619307
HIES,2004,PAK,14695,93,0.1949382261050515,1.8898579048011512
HIES,2005,PAK,15436,116,0.30499919553414834,2.9971244882024504
HIES,2007,PAK,15500,108,0.20108769271265942,1.9276754929950823
HIES,2010,PAK,16332,63,0.16943182835228532,1.6457229617743243
HIES,2011,PAK,15797,98,0.2026917655326615,2.0755821160087535
HIES,2013,PAK,17971,46,0.1485409485084909,1.677805326849953
HIES,2015,PAK,24223,116,0.23316833338191162,2.323287441236375
HIES,2018,PAK,24788,64,0.15817550741795242,2.007204325147046
EMO,1989,PAN,2646,0,0.0,0.0
EMO,1991,PAN,2732,0,0.0,0.0
EH,1995,PAN,3983,0,0.0,0.0
EH,1997,PAN,4125,0,0.0,0.0
EH,1998,PAN,3309,0,0.0,0.0
EH,1999,PAN,3170,0,0.0,0.0
EH,2000,PAN,4541,0,0.0,0.0
EH,2001,PAN,5635,0,0.0,0.0
EH,2002,PAN,6599,0,0.0,0.0
EH,2003,PAN,6885,0,0.0,0.0
EH,2004,PAN,7193,0,0.0,0.0
EH,2005,PAN,6000,0,0.0,0.0
EH,2006,PAN,6842,0,0.0,0.0
EH,2007,PAN,6292,0,0.0,0.0
EH,2008,PAN,7134,3,0.013376654498709872,1.7097945647667774
EH,2009,PAN,7099,0,0.0,0.0
EH,2010,PAN,7192,1,0.004819576539230482,0.3826251251555559
EH,2011,PAN,6953,0,0.0,0.0
EH,2012,PAN,7103,0,0.0,0.0
EH,2013,PAN,6975,1,0.0013169719758899306,0.11521875504543483
EH,2014,PAN,6991,0,0.0,0.0
EH,2015,PAN,7035,2,0.022319002642053106,1.1629800933438224
EH,2016,PAN,7025,0,0.0,0.0
EH,2017,PAN,6681,1,0.0031524125486546775,0.19836444831680997
EH,2018,PAN,6692,2,0.004144629853409473,0.3767017407023455
EH,2019,PAN,7090,1,0.0039057399083092265,0.20899139877068612
EH,2021,PAN,6031,0,0.0,0.0
EH,2023,PAN,6105,1,0.011581655626295642,0.6041383477043443
ENNIV,1985,PER,4993,3,0.03719822936428226,1.2079304508002022
ENNIV,1994,PER,3623,0,0.0,0.0
ENAHO,1997,PER,5476,2,0.006063838692549407,0.5899717399086637
ENAHO,1998,PER,5843,1,0.004322278820017882,0.3396349125354049
ENAHO,1999,PER,3217,0,0.0,0.0
ENAHO,2000,PER,3369,0,0.0,0.0
ENAHO,2001,PER,11774,2,0.0038513576744758915,0.258657431824038
ENAHO,2002,PER,13107,2,0.003114014513777886,0.2580649381495577
ENAHO,2003,PER,10676,1,0.0047237297391849505,0.322162240586749
ENAHO,2004,PER,19435,2,0.0019546342423251285,0.12325820231064114
ENAHO,2005,PER,19853,0,0.0,0.0
ENAHO,2006,PER,20530,0,0.0,0.0
ENAHO,2007,PER,22105,2,0.011067737461215183,0.6037290207238228
ENAHO,2008,PER,20801,1,0.009299524487063867,0.6208550449694035
ENAHO,2009,PER,21080,0,0.0,0.0
ENAHO,2010,PER,20892,2,0.005833330249585124,0.29502249635492245
ENAHO,2011,PER,24014,4,0.002257095869980625,0.08547346195341707
ENAHO,2012,PER,24256,1,0.000222277115953113,0.016426669000647227
ENAHO,2013,PER,29540,1,0.000990922793312262,0.03322942566578536
ENAHO,2014,PER,29974,2,0.0024748970964258497,0.1303605762933051
ENAHO,2015,PER,31452,2,0.003286094259473465,0.09832311267623504
ENAHO,2016,PER,35731,3,0.0036130028848390333,0.12450579703730562
ENAHO,2017,PER,34545,0,0.0,0.0
ENAHO,2018,PER,37406,1,0.00023066528944111185,0.010817238639740328
ENAHO,2019,PER,34524,0,0.0,0.0
ENAHO,2020,PER,34377,1,6.041019793008686e-06,0.00024661374104062385
ENAHO,2021,PER,34174,6,0.006707296715385895,0.1814160406897859
ENAHO,2022,PER,34152,7,0.00816183248376256,0.23080338626229546
FIES,1988,PHL,17812,63,0.02105549317880443,0.6520890182939424
FIES,1997,PHL,38108,21,0.055865614318573176,2.2261133808203164
FIES,2000,PHL,79036,40,0.03135811626239313,1.2281198546086138
FIES,2003,PHL,84025,31,0.023957034830090918,1.166593462643093
FIES,2006,PHL,76668,16,0.013908510424064777,0.5546540830838904
FIES,2009,PHL,76689,34,0.021580103123098646,1.0162193965250657
FIES,2012,PHL,80207,17,0.013432931676107715,0.4685750776018804
FIES,2015,PHL,82945,25,0.020437808234189364,0.6304477797295648
FIES,2018,PHL,293782,199,0.037489458810065206,1.1675871391605357
FIES,2021,PHL,327730,271,0.048095502951731255,1.162409524466225
HIES,1996,PNG,1143,0,0.0,0.0
HIES,2009,PNG,3658,1,0.011256526864153911,0.34665420047662127
HBS,1998,POL,31719,31,0.0679072088672914,0.9597591396648149
HBS,1999,POL,31406,18,0.03721701160776278,0.544821515004559
HBS,2000,POL,36140,28,0.043543064058574235,0.6444064843045268
HBS,2001,POL,31824,14,0.024559847908092857,0.3736815787096871
HBS,2002,POL,32325,14,0.019690525821242796,0.3295755690895793
HBS,2003,POL,32437,14,0.020244700757695626,0.3726483156445181
HBS,2004,POL,32186,8,0.017710984882176508,0.37851152013692557
EU-SILC,2005,POL,13482,1,0.0054382556191087915,0.11318164739504614
HBS,2005,POL,34739,17,0.03184387979732517,0.6023356794816753
EU-SILC,2006,POL,12726,0,0.0,0.0
HBS,2006,POL,37475,10,0.018200062127405315,0.34674713231800397
EU-SILC,2007,POL,12426,3,0.019881795861886032,0.41174375829905563
HBS,2007,POL,37336,13,0.024435912276898154,0.4608355365231391
EU-SILC,2008,POL,12043,1,0.010719294934400088,0.2948296478221827
HBS,2008,POL,37324,27,0.04794056168311289,0.8378118802696961
EU-SILC,2009,POL,11652,9,0.06518927899833385,1.2335042684611925
HBS,2009,POL,37273,26,0.039842929337589476,0.6334581536920346
EU-SILC,2010,POL,11584,6,0.03481742082221331,0.5470851940634146
HBS,2010,POL,37369,18,0.026628499327674127,0.41439966975290854
EU-SILC,2011,POL,11466,4,0.03391572059268066,0.4985292030814828
HBS,2011,POL,37343,19,0.028809219925904152,0.4509193795052672
EU-SILC,2012,POL,11655,3,0.024699441894643275,0.32071102873538554
HBS,2012,POL,37388,13,0.020414648949762994,0.3250794966467935
EU-SILC,2013,POL,11685,4,0.016193419129374966,0.2244165161982348
HBS,2013,POL,37144,24,0.03808646177983929,0.6331597716060641
EU-SILC,2014,POL,11830,1,0.0020090386993124065,0.025885664070939916
HBS,2014,POL,37194,16,0.023856838342958844,0.3763560527178785
EU-SILC,2015,POL,11169,2,0.020206512571847877,0.26182203011877164
HBS,2015,POL,37093,13,0.02051933993956669,0.32686388051480864
EU-SILC,2016,POL,10916,1,0.0015666457970402703,0.027662200054701692
HBS,2016,POL,36852,27,0.03949304079139383,0.5824204724180971
EU-SILC,2017,POL,11847,3,0.03733277543806211,0.38064390969245016
HBS,2017,POL,36620,18,0.029605126723671184,0.39465384916674
EU-SILC,2018,POL,13360,3,0.00619181062212126,0.060786030771300875
HBS,2018,POL,36132,38,0.06522671013557482,1.0809521220081937
EU-SILC,2019,POL,17075,8,0.02853983443442246,0.3528920224039449
HBS,2019,POL,35880,33,0.055727858981058975,0.7482381296208108
EU-SILC,2020,POL,13665,1,0.005339497286471196,0.04947916310051129
EU-SILC,2021,POL,15117,8,0.02504004041377402,0.23086304157290227
EU-SILC,2022,POL,18087,4,0.009531596465122086,0.10629744624380567
EU-SILC,2004,PRT,4787,0,0.0,0.0
EU-SILC,2005,PRT,4333,0,0.0,0.0
EU-SILC,2006,PRT,4152,5,0.08476725732330607,1.345092410745907
EU-SILC,2007,PRT,3909,1,0.0016641572171040505,0.026098116705055734
EU-SILC,2008,PRT,4077,3,0.02996266313395015,0.41895281631737924
EU-SILC,2009,PRT,4654,3,0.034917127502486205,0.5868520156608582
EU-SILC,2010,PRT,4795,2,0.01207186811858613,0.15496375952211255
EU-SILC,2011,PRT,5550,2,0.020337355081593515,0.2704665575501138
EU-SILC,2012,PRT,6022,8,0.06119801731241728,0.9478518049050555
EU-SILC,2013,PRT,5727,2,0.020141652953675183,0.28480101144227676
EU-SILC,2014,PRT,6215,2,0.008150326676885299,0.19805307089925447
EU-SILC,2015,PRT,7955,1,0.007354963700083909,0.11902952293861103
EU-SILC,2016,PRT,9370,4,0.01393256140307493,0.2302309043305553
EU-SILC,2017,PRT,10136,11,0.05474777160714382,0.7534238732293641
EU-SILC,2018,PRT,11289,1,0.0004248004753288727,0.005016754035724472
EU-SILC,2019,PRT,12143,1,0.00044302000983365144,0.004932861339148431
EU-SILC,2020,PRT,9201,2,0.0009075436523798608,0.011177611196412576
EU-SILC,2021,PRT,9030,6,0.034039805134109855,0.465617987585358
EU-SILC,2022,PRT,11564,5,0.03770573276700927,0.508847588522834
EH,1990,PRY,736,0,0.0,0.0
EH,1995,PRY,2747,0,0.0,0.0
EIH,1997,PRY,3961,0,0.0,0.0
EPH,1999,PRY,4291,2,0.02422531556259072,2.4129802263671323
EIH,2001,PRY,7520,5,0.027534710956893048,2.425535728732165
EPH,2002,PRY,3730,2,0.055783742051514054,8.422932540958925
EPH,2003,PRY,8495,7,0.041556643674664905,3.298265758357403
EPH,2004,PRY,7050,14,0.0777238805368182,4.219451491253002
EPH,2005,PRY,4045,3,0.09004090697227118,3.6567920050128855
EPH,2006,PRY,4789,1,0.010435526616823038,3.612631249736349
EPH,2007,PRY,4308,6,0.08989450810481527,7.168215680420118
EPH,2008,PRY,4132,5,0.046602000316712626,2.9520860437016094
EPH,2009,PRY,3998,1,0.06665509071253732,2.612429369369878
EPH,2010,PRY,4344,7,0.06927359918445046,5.091753465246421
EPH,2011,PRY,4057,4,0.04794363262631411,2.226358198367907
EPH,2012,PRY,4910,5,0.05810819568993998,2.39872727144205
EPH,2013,PRY,4627,5,0.031813105409552817,1.348659271062801
EPH,2014,PRY,4522,7,0.152100114435331,6.502568845166093
EPH,2015,PRY,6672,3,0.022830407271273882,1.1213228805268116
EPH,2016,PRY,8649,5,0.010373759582556352,0.5762230323750623
EPH,2017,PRY,8363,10,0.08291894603474513,4.532770206280316
EPH,2018,PRY,4468,4,0.02109253836223548,0.70153123563438
EPH,2019,PRY,4578,1,0.021705625169842948,1.1227759144319667
EPH,2020,PRY,4581,0,0.0,0.0
EPH,2021,PRY,3982,3,0.009060299833487507,0.3190866900707511
EPH,2022,PRY,4298,2,0.019138586039624112,0.5630595227285361
PECS,2004,PSE,3098,2,0.026938549898466474,0.3510326060521685
PECS,2005,PSE,2152,1,0.02002559461906811,0.3058340242931835
PECS,2006,PSE,1281,0,0.0,0.0
PECS,2007,PSE,1230,1,0.0442233839303656,0.8997648174307725
PECS,2009,PSE,3816,3,0.022955181324807995,0.3182073776928977
PECS,2010,PSE,3741,2,0.00853961705331116,0.2391163538608463
PECS,2011,PSE,4289,2,0.00012438389063031618,0.0028339506940570944
PECS,2016,PSE,3732,0,0.0,0.0
IHS,1998,ROU,32014,11,0.027162218297602733,0.5437161465788645
HIS,1999,ROU,31516,16,0.04104622204962427,0.8453796954626982
IHS,2000,ROU,31052,14,0.027123773360964238,0.6238419634269327
HBS,2001,ROU,31794,17,0.033340165542732766,0.42733330704167005
HBS,2002,ROU,32026,13,0.026275418563383026,0.32772191421811814
HBS,2003,ROU,32007,14,0.027966915761104917,0.37523210417096114
HBS,2004,ROU,32778,4,0.013071281853238002,0.16877667625050682
HBS,2005,ROU,32676,7,0.009069551552920626,0.15381033229695673
HBS,2006,ROU,31958,4,0.007446387841834544,0.2773283518733827
EU-SILC,2007,ROU,6406,0,0.0,0.0
HBS,2007,ROU,31249,2,0.0024270158366017356,0.06066545414055168
EU-SILC,2008,ROU,6091,0,0.0,0.0
HBS,2008,ROU,31360,5,0.004633074515321721,0.05907722652427771
EU-SILC,2009,ROU,6302,1,0.01106036030884114,0.252674464529179
HBS,2009,ROU,31208,7,0.01030582427669757,0.1295406358400472
EU-SILC,2010,ROU,6323,1,0.008737374832337422,0.1630671330970106
HBS,2010,ROU,30949,2,0.004886819002483206,0.05524310586387563
EU-SILC,2011,ROU,5902,0,0.0,0.0
HBS,2011,ROU,30387,3,0.0018858974428888873,0.019286237271490852
EU-SILC,2012,ROU,5785,0,0.0,0.0
HBS,2012,ROU,29443,3,0.008010996201488423,0.09725962142059318
EU-SILC,2013,ROU,5842,1,0.0030433414101636784,0.3425419332764377
HBS,2013,ROU,29533,2,0.001913037940797673,0.034891195424752865
EU-SILC,2014,ROU,5809,2,0.016883823533797204,0.8099441219046357
EU-SILC,2015,ROU,5772,1,0.012015867287478815,0.533266822052645
EU-SILC,2016,ROU,5690,0,0.0,0.0
HBS,2016,ROU,29129,5,0.024225462492833725,0.324732171383724
EU-SILC,2017,ROU,5709,0,0.0,0.0
EU-SILC,2018,ROU,6452,0,0.0,0.0
HBS,2018,ROU,30422,2,0.041683513690025716,0.5338187203880241
EU-SILC,2019,ROU,5702,0,0.0,0.0
HBS,2019,ROU,30549,1,0.00387729304620824,0.059703368808869665
EU-SILC,2020,ROU,5893,0,0.0,0.0
HBS,2020,ROU,28627,4,0.005256663949729749,0.06513642831167979
EU-SILC,2021,ROU,4200,0,0.0,0.0
HBS,2021,ROU,30278,2,0.0027930572851773343,0.028940511933848105
EU-SILC,2022,ROU,3929,2,0.01210526990923005,0.2122120545063589
HBS,1997,RUS,188064,16,0.008612168583756902,0.17474791700103726
HBS,1998,RUS,184943,28,0.011657306318615168,0.23913819301816958
HBS,1999,RUS,187805,2,0.0015542452395136805,0.057427092035416925
HBS,2000,RUS,190523,4,0.002066910229279031,0.04468388283132578
HBS,2001,RUS,193272,4,0.007318171380008966,0.19463697007553935
HBS,2002,RUS,193141,8,0.003900969276158885,0.10247903900285352
HBS,2003,RUS,192264,1,0.00038034791677830253,0.007846974319838872
HBS,2004,RUS,192457,0,0.0,0.0
HBS,2005,RUS,186804,0,0.0,0.0
HBS,2006,RUS,192795,0,0.0,0.0
HBS,2007,RUS,192813,0,0.0,0.0
HBS,2008,RUS,186564,2,0.02841214769239219,0.556478781967586
HBS,2009,RUS,186581,2,0.002617795318447541,0.050394972918395904
HBS,2010,RUS,186766,2,0.005213716270365193,0.10331049041809337
HBS,2011,RUS,186707,4,0.004494517647768028,0.08662732122602888
HBS,2012,RUS,186693,3,0.009068872693777147,0.1744979741285534
HBS,2013,RUS,187818,6,0.01899886548037341,0.34959448658861086
HBS,2014,RUS,187792,7,0.017231855073191128,0.3201492559684153
HBS,2015,RUS,188953,5,0.003887128608701543,0.07169522323766767
VNDN,2015,RUS,37544,0,0.0,0.0
HBS,2016,RUS,190795,4,0.001782711623404369,0.03062276439876979
VNDN,2016,RUS,48757,0,0.0,0.0
HBS,2017,RUS,190880,10,0.04738102206285569,0.7832872207892138
VNDN,2017,RUS,111843,1,0.002339077147236366,0.060840541458223076
HBS,2018,RUS,190827,5,0.019349010356792148,0.37498381394837976
VNDN,2018,RUS,49867,0,0.0,0.0
HBS,2019,RUS,189390,5,0.050853122598574794,0.975295172663623
VNDN,2019,RUS,50446,0,0.0,0.0
HBS,2020,RUS,189215,12,0.00959459965683767,0.15645592730455588
VNDN,2020,RUS,49496,0,0.0,0.0
VNDN,2021,RUS,48806,1,0.00825900549628875,0.13768097569182675
VNDN,2022,RUS,114659,1,0.000807907248143013,0.013634389785081132
EICV-I,2000,RWA,6419,25,0.20852325007478661,5.361251299413783
EICV-II,2005,RWA,6900,19,0.19100566267408678,6.136862254139729
EICV-III,2010,RWA,14301,56,0.19070917087565356,4.825337948444845
EICV-IV,2013,RWA,14415,49,0.24504004369940074,5.373057651327079
EICV-V,2016,RWA,14573,24,0.08204617440093998,2.032205090022833
NBHS,2009,SDN,7906,0,0.0,0.0
NBHS,2014,SDN,11940,19,0.1413190848446856,2.490588874120682
ESAM-II,2001,SEN,6563,22,0.0999037380620496,2.3111505213841363
ESPS-I,2005,SEN,13555,0,0.0,0.0
ESPS-II,2011,SEN,5951,0,0.0,0.0
EHCVM,2018,SEN,7154,5,0.02376245506347666,0.5259308897104156
EHCVM,2021,SEN,7119,5,0.022687034212348647,0.32839812536715446
HIES,2005,SLB,3776,3,0.030363394931364706,1.0333339747874037
HIES,2012,SLB,4362,8,0.032860969990719864,0.7080598307756135
SLIHS,2003,SLE,3713,0,0.0,0.0
SLIHS,2011,SLE,6727,2,0.0018430747444818877,0.024691482816513222
SLIHS,2018,SLE,6807,24,0.0885417187550748,1.5134742292672236
EHPM,1991,SLV,9832,6,0.025682254906054067,1.3977686853005753
EHPM,1995,SLV,5277,3,0.012729351984660665,0.4834976439197818
EHPM,1996,SLV,6110,3,0.012612803572226257,0.6450580822584051
EHPM,1998,SLV,7388,1,0.007182162381509283,0.7697815163732823
EHPM,1999,SLV,9227,0,0.0,0.0
EHPM,2000,SLV,15259,3,0.018293278741832498,1.579950742364231
EHPM,2001,SLV,11208,1,0.0035207840488766197,0.267820237086074
EHPM,2002,SLV,15562,3,0.017800044314693658,1.3628433606988384
EHPM,2003,SLV,15442,0,0.0,0.0
EHPM,2004,SLV,14532,2,0.0024552815114177286,0.09914798886370574
EHPM,2005,SLV,14879,3,0.012936050888231644,0.5228916733639942
EHPM,2006,SLV,15521,2,0.012624320868920529,0.4708367284907124
EHPM,2007,SLV,15336,7,0.032502253274506114,1.2551931824623468
EHPM,2008,SLV,16557,2,0.026572568703989597,1.202354658295463
EHPM,2009,SLV,19269,4,0.01628745136567022,0.5486023867331874
EHPM,2010,SLV,20007,1,0.0012957924969727048,0.039239188427353744
EHPM,2011,SLV,20154,7,0.029134183287028395,0.7098808293359188
EHPM,2012,SLV,20564,7,0.04828405823746052,1.3502442125535148
EHPM,2013,SLV,19953,10,0.08586193687022975,3.369802880948039
EHPM,2014,SLV,19822,6,0.0176863944244228,0.553601374720379
EHPM,2015,SLV,22343,11,0.032539498690285176,0.8871796029391588
EHPM,2016,SLV,19849,8,0.05024524097457965,1.4354190108576972
EHPM,2017,SLV,19903,9,0.02324093907377942,0.7218868097853214
EHPM,2018,SLV,20096,7,0.01963978761919235,0.5129475698440523
EHPM,2019,SLV,20182,8,0.010892544008862054,0.26408384964258436
EHPM,2021,SLV,16975,1,0.0003639376982965975,0.007366365482465387
EHPM,2022,SLV,16297,1,0.0005537440215422246,0.015961480576352924
LSMS,2002,SRB,6384,5,0.08317062037681883,1.835939339749339
HBS,2003,SRB,3708,0,0.0,0.0
HBS,2004,SRB,4291,0,0.0,0.0
HBS,2005,SRB,4272,0,0.0,0.0
HBS,2006,SRB,4559,1,0.008339830186366255,0.09237418676161596
HBS,2007,SRB,4608,1,0.00784749860877549,0.08771749129291995
HBS,2008,SRB,4620,1,0.006633741206494754,0.06747782627760546
HBS,2009,SRB,4591,1,0.007001107522343797,0.0619632057998187
HBS,2010,SRB,4585,2,0.016084398396547513,0.16178444407627723
EU-SILC,2013,SRB,2868,0,0.0,0.0
HBS,2013,SRB,4515,0,0.0,0.0
EU-SILC,2014,SRB,2947,0,0.0,0.0
EU-SILC,2015,SRB,2918,1,0.011243840879542494,0.737327727354754
HBS,2015,SRB,6529,1,0.006890289070003026,0.059087119666632125
EU-SILC,2016,SRB,2750,3,0.04349707446456318,2.3486409145391987
EU-SILC,2017,SRB,2880,0,0.0,0.0
EU-SILC,2018,SRB,2655,0,0.0,0.0
HBS,2018,SRB,6294,1,0.008001136125234898,0.07900147041802708
EU-SILC,2019,SRB,2902,0,0.0,0.0
HBS,2019,SRB,6350,1,0.0011166429124334495,0.011682031632987741
EU-SILC,2020,SRB,3318,0,0.0,0.0
EU-SILC,2021,SRB,4528,2,0.06359038683198333,1.6403023949514157
EU-SILC,2022,SRB,4801,5,0.07477483240007693,1.180496005692602
NBHS,2009,SSD,4966,0,0.0,0.0
HFS-W3,2016,SSD,173022,21,0.00491342996187067,0.21507582739394027
IOF,2000,STP,2309,0,0.0,0.0
IOF,2010,STP,3080,0,0.0,0.0
IOF,2017,STP,2728,5,0.04522940815531398,1.1008656928981553
EHS,1999,SUR,264,0,0.0,0.0
SSLC,2022,SUR,2540,3,0.010517254769979547,0.2195830937114841
HBS,2004,SVK,4602,8,0.155587600374005,1.6939122429468674
EU-SILC,2005,SVK,5047,9,0.14112165394343867,1.4836783407721583
HBS,2005,SVK,4402,5,0.08362902004194928,1.7723752035389069
EU-SILC,2006,SVK,5060,17,0.28788641929629244,4.499150977955821
HBS,2006,SVK,4384,12,0.1810878714858662,1.9866214919576979
EU-SILC,2007,SVK,4906,13,0.14435104040470703,1.2521318308676004
HBS,2007,SVK,4676,11,0.17344900352905898,2.6397784262036597
EU-SILC,2008,SVK,5421,12,0.12538659820787842,1.1026535916008147
HBS,2008,SVK,4700,11,0.19091993597682294,2.033259393873565
EU-SILC,2009,SVK,5226,6,0.061857694487409055,0.48643316680772136
HBS,2009,SVK,4668,13,0.19040059942012513,1.732897442926233
EU-SILC,2010,SVK,5365,4,0.10425493069036482,1.4213653851092118
EU-SILC,2011,SVK,5187,6,0.07602762704644814,1.3039582734265804
EU-SILC,2012,SVK,5270,1,0.006177920619807115,0.06562659577022928
EU-SILC,2013,SVK,5387,0,0.0,0.0
EU-SILC,2014,SVK,5463,2,0.029390432789632884,0.38746092786806413
EU-SILC,2015,SVK,5615,4,0.04423642142124631,0.3961973928631684
EU-SILC,2016,SVK,5700,4,0.06633411463868422,0.907103766791537
EU-SILC,2017,SVK,5538,1,0.018778905326951083,0.11860486691954525
EU-SILC,2018,SVK,5621,0,0.0,0.0
EU-SILC,2019,SVK,5564,0,0.0,0.0
EU-SILC,2020,SVK,5508,1,0.0027024913470083743,0.016675622498414953
EU-SILC,2021,SVK,5504,0,0.0,0.0
EU-SILC,2022,SVK,5358,0,0.0,0.0
HBS,2002,SVN,1300,0,0.0,0.0
HBS,2003,SVN,1139,0,0.0,0.0
EU-SILC,2005,SVN,8260,2,0.013497722574341845,0.10728621268871714
EU-SILC,2006,SVN,9472,1,0.006279591863016853,0.040028457997360545
EU-SILC,2007,SVN,8618,1,0.006232877757198926,0.0484405817103698
EU-SILC,2008,SVN,8883,2,0.013758649072228964,0.09399436125604377
EU-SILC,2009,SVN,9122,4,0.015334954475915631,0.1076834280717802
EU-SILC,2010,SVN,9176,3,0.012074618300903076,0.09945576242829327
EU-SILC,2011,SVN,9034,8,0.04336842941693051,0.33013715730716015
EU-SILC,2012,SVN,8995,8,0.048255091650338144,0.3465097603272763
EU-SILC,2013,SVN,8846,4,0.033032940545756166,0.29884870844127587
EU-SILC,2014,SVN,5445,4,0.035208195643634525,0.3067656812755747
EU-SILC,2015,SVN,5275,3,0.02931860147646428,0.22132893110890325
EU-SILC,2016,SVN,5173,4,0.03509897913466564,0.44012528732211387
EU-SILC,2017,SVN,5339,2,0.017971111955341443,0.11641388499949563
EU-SILC,2018,SVN,5219,2,0.023491088655823198,0.17585084209701196
EU-SILC,2019,SVN,5260,4,0.04024890463259547,0.31576791816037036
EU-SILC,2020,SVN,5285,12,0.1213811311610274,1.0640245723425987
EU-SILC,2021,SVN,4660,10,0.09339847137788969,0.7585098739577882
EU-SILC,2022,SVN,5379,10,0.06047326492177238,0.5225954721787505
EU-SILC,2004,SWE,5700,1,0.012681312824682303,0.09627819124404247
EU-SILC,2005,SWE,6075,2,0.025585506063081753,0.44039237952768917
EU-SILC,2006,SWE,6738,4,0.04702676061158823,0.6373973638255552
EU-SILC,2007,SWE,7119,4,0.045555465472534445,0.541107907249381
EU-SILC,2008,SWE,7383,6,0.1042088960842305,1.136713413034739
EU-SILC,2009,SWE,7472,6,0.11491595574243321,1.4737482410140905
EU-SILC,2010,SWE,7105,5,0.06193641202911681,0.8748900910719205
EU-SILC,2011,SWE,6658,2,0.027576529430519293,0.6152422022806362
EU-SILC,2012,SWE,6588,2,0.026512229505059905,0.4142938451926199
EU-SILC,2013,SWE,6147,3,0.04239286374650495,0.524128856301664
EU-SILC,2014,SWE,5765,3,0.0661126677544944,0.8908548883570532
EU-SILC,2015,SWE,5824,2,0.036803555332473696,0.5120140001218956
EU-SILC,2016,SWE,5753,2,0.045720164114920116,1.3291065408841387
EU-SILC,2017,SWE,5896,7,0.11285207806330455,2.549761788095117
EU-SILC,2018,SWE,5798,5,0.1212901827280929,1.4475415894928816
EU-SILC,2019,SWE,5567,3,0.05590358169799799,1.9179349800303283
EU-SILC,2020,SWE,5748,6,0.08577954854269539,1.9543611924049777
EU-SILC,2021,SWE,8837,9,0.07949053531461579,1.412565160123835
EU-SILC,2022,SWE,8529,6,0.037047393505648465,1.018495005151483
HIES,2000,SWZ,3666,4,0.0422423427867851,1.2922395939709634
HIES,2009,SWZ,3167,0,0.0,0.0
HIES,2016,SWZ,3355,0,0.0,0.0
HES,1999,SYC,813,1,0.1516530178950561,4.3414367231424364
HBS,2006,SYC,1162,1,0.06901968651222498,3.068248938524989
HBS,2013,SYC,1759,7,0.22172423448165568,12.063038524619003
HBS,2018,SYC,1932,0,0.0,0.0
HIES,1996,SYR,28572,37,0.07830403892232761,1.607216326565346
HIES,2003,SYR,27012,19,0.019042563013572152,0.48542530816035756
HNAP,2022,SYR,23838,0,0.0,0.0
ECOSIT-II,2003,TCD,6694,8,0.016559813789358137,0.47995571328902287
ECOSIT-III,2011,TCD,9246,1,0.05279084476014315,1.7486798409897883
EHCVM,2018,TCD,7489,9,0.012756138824164516,0.20847807720045738
EHCVM,2022,TCD,7531,5,0.006165204441143058,0.11128454291423084
QUIBB,2006,TGO,7469,0,0.0,0.0
QUIBB,2011,TGO,5491,0,0.0,0.0
QUIBB,2015,TGO,2335,0,0.0,0.0
EHCVM,2018,TGO,6170,0,0.0,0.0
EHCVM,2021,TGO,6462,2,0.013875652164199328,0.27759300186255315
SES,1990,THA,3857,12,0.028284472062680092,0.9831500481333345
SES,1992,THA,4763,8,0.02247805635481788,0.8566571519490107
SES,1994,THA,5955,28,0.04386934303197247,1.3201611732731362
SES,1996,THA,6701,26,0.03932266054762445,1.1750137289931302
SES,1998,THA,17183,5,0.0016111756679686095,0.04288458992013396
SES,1999,THA,4143,5,0.023057400255996185,0.5333249612931626
SES,2000,THA,17788,8,0.009361627538354782,0.29605261204146643
SES,2002,THA,22770,17,0.011578064430501368,0.3283034066638379
SES,2004,THA,23676,16,0.01665034162115952,0.49021078186929995
SES,2006,THA,41313,5,0.002473643707714791,0.07159889129777007
SES,2007,THA,28539,9,0.01001445303971641,0.3734681489870872
SES,2008,THA,42529,6,0.00734676729618811,0.2641486810762991
SES,2009,THA,41512,7,0.011991512707639127,0.3766733827024058
SES,2010,THA,29848,9,0.007504524241085373,0.19605613508579492
SES,2011,THA,39925,15,0.03446936189865826,0.6594102047770645
SES,2012,THA,41560,6,0.016677850678943063,0.7124432519339694
SES,2013,THA,40606,5,0.007287808042901902,0.16611810727079698
SES,2014,THA,30447,10,0.021590978040503105,0.5372106516635308
SES,2015,THA,29380,14,0.04139421976052493,0.7938308746574725
SES,2016,THA,29891,18,0.026994007558203397,0.713483745950456
SES,2017,THA,29466,10,0.014764112831410443,0.3406856473379281
SES,2018,THA,30178,5,0.010837966472468923,0.22932865488403525
SES,2019,THA,29746,5,0.009846786478609466,0.19552419978413696
SES,2020,THA,31717,6,0.006029259399304045,0.10142763871366355
SES,2021,THA,31139,7,0.006757333581150767,0.1249743546649204
TLSS,1999,TJK,2000,1,0.021361435488464826,0.2807689436314191
TLSS,2003,TJK,4112,0,0.0,0.0
HBS,2004,TJK,2523,5,0.012103505637724363,0.2228193216087613
TLSS,2007,TJK,4859,12,0.1289060355713018,1.8059902965144183
TLSS,2009,TJK,1503,0,0.0,0.0
HSITAFIEN,2015,TJK,2999,0,0.0,0.0
LSMS,1998,TKM,2094,0,0.0,0.0
TLSS,2001,TLS,1800,0,0.0,0.0
TLSLS,2007,TLS,4476,5,0.04104588698265506,0.45317595297919155
TLSLS,2014,TLS,5912,10,0.07335634781817332,0.8303826430001199
HIES,2000,TON,1619,0,0.0,0.0
HIES,2009,TON,1982,1,0.011633534288255728,0.2923316941818441
HIES,2015,TON,1803,1,0.010076318503209848,0.1611804031647912
HIES,2021,TON,2129,0,0.0,0.0
NSHBCSL,2005,TUN,12314,2,0.005073093408905481,0.10463481236835778
NSHBCSL,2010,TUN,11280,0,0.0,0.0
NSHBCSL,2015,TUN,25126,5,0.01567037383553291,0.21638284773609143
NSHBCSL,2021,TUN,17380,22,0.10537289687402575,2.693773087531357
HICES,2002,TUR,9450,5,0.019817656549758526,0.5779145785086306
HICES,2003,TUR,24791,1,0.0031087560755019778,0.19162283339153355
HICES,2004,TUR,8467,0,0.0,0.0
HICES,2005,TUR,8502,1,0.003565530702465981,0.11550844153210683
HICES,2006,TUR,8479,0,0.0,0.0
HICES,2007,TUR,8457,0,0.0,0.0
HICES,2008,TUR,8500,0,0.0,0.0
HICES,2009,TUR,9959,0,0.0,0.0
HICES,2010,TUR,10005,0,0.0,0.0
HICES,2011,TUR,9854,1,0.008200118877304761,0.19404879524307692
HICES,2012,TUR,6495,0,0.0,0.0
HICES,2013,TUR,10006,1,0.003106692037752862,0.08377572441227185
HICES,2014,TUR,10079,1,0.002005348975407361,0.09879927460946399
HICES,2015,TUR,11426,5,0.028309463310600105,0.623583181827671
HICES,2016,TUR,12041,1,0.005589996766310001,0.16875118908587564
HICES,2017,TUR,12094,2,0.011647205834215676,0.2570610886081532
HICES,2018,TUR,11763,1,0.008278845952373695,0.1679071321418877
SILC-C,2018,TUR,23860,11,0.03512055691530425,1.1503376036071056
HICES,2019,TUR,11481,1,0.0077741491867110634,0.24817156638025956
SILC-C,2019,TUR,24861,9,0.04502013002487533,1.2498099905616014
SILC-C,2020,TUR,25580,4,0.014405279948592344,0.4471113971256519
SILC-C,2021,TUR,26113,6,0.018374709464060182,0.7527053690420652
SILC-C,2022,TUR,26229,17,0.06741439271143841,2.22659348306712
HIES,2010,TUV,541,1,0.0352900948594202,0.586356672347921
HBS,1991,TZA,4814,3,0.0073483982993030675,0.14039177786295784
HBS,2000,TZA,21553,17,0.012440868301910612,0.2797989537077609
HBS,2007,TZA,10457,22,0.035709668266745556,0.8884309187245291
HBS,2011,TZA,10185,39,0.07411367427531873,1.7737033524150476
HBS,2018,TZA,9459,15,0.07810652780515069,2.1808614421259582
NIHS,1992,UGA,8317,9,0.08674489842394348,1.794228754409703
NIHS,1996,UGA,5831,10,0.032720942515613034,0.6248364064271673
NIHS,1999,UGA,10014,16,0.03864434834505913,1.1008200145752196
UNHS,2002,UGA,9708,33,0.10826397651076176,4.061113043700306
UNHS,2005,UGA,7419,10,0.04539113101075637,1.055706882801027
UNHS,2009,UGA,6774,17,0.05689850111169963,1.1117429038462339
UNHS,2012,UGA,6886,11,0.026426469030072886,0.5335700423216145
UNHS,2016,UGA,15628,12,0.027936027917633097,0.7928379715263133
UNHS,2019,UGA,13730,16,0.1183321639402133,4.861423959140355
HS,1992,UKR,9338,1,0.007448512159696101,0.10096522207211907
HS,1993,UKR,9279,5,0.03058571647040832,0.35747025227536516
HIES,1996,UKR,2319,2,0.05367686527106817,0.8930093306331981
HLCS,2002,UKR,9418,3,0.022203828636319426,0.22056968260429494
HLCS,2003,UKR,9713,3,0.02833802463192003,0.30408975515917797
HLCS,2004,UKR,10059,4,0.03980939497388624,0.4222021489983157
HLCS,2005,UKR,10349,0,0.0,0.0
HLCS,2006,UKR,10495,3,0.02105822705601224,0.2987534090560067
HLCS,2007,UKR,10610,0,0.0,0.0
HLCS,2008,UKR,10619,3,0.019658206335576973,0.19022859590904911
HLCS,2009,UKR,10458,2,0.010666771279905032,0.07834849258721696
HLCS,2010,UKR,10425,4,0.014619855265242261,0.11484715776165565
HLCS,2011,UKR,10639,5,0.018435767387681747,0.1652067553098966
HLCS,2012,UKR,10494,1,0.003212578752925265,0.023041099449447208
HLCS,2013,UKR,10524,4,0.010683762879752331,0.07463433425421563
HLCS,2014,UKR,8809,6,0.02733606096141751,0.22460388143200874
HLCS,2015,UKR,9096,7,0.03054702466644024,0.29636154314006113
HLCS,2016,UKR,8164,7,0.06993742807856565,0.7392276808146284
HLCS,2017,UKR,7958,3,0.03118771952728007,0.24027289986880837
HLCS,2018,UKR,8051,10,0.044459478424091904,0.3524346249967727
HLCS,2019,UKR,8091,6,0.03812524414096761,0.3014182353484814
HLCS,2020,UKR,7835,7,0.06786106590227478,0.5079833522932449
ENH,1989,URY,5356,8,0.07539799044355,2.3319282033576356
ECH,1992,URY,14582,3,0.01075211010160744,0.3722713676361408
ECH,1995,URY,15190,1,0.0017356892421980768,0.051321598840204534
ECH,1996,URY,14754,0,0.0,0.0
ECH,1997,URY,14631,0,0.0,0.0
ECH,1998,URY,13482,0,0.0,0.0
ECH,2000,URY,14335,0,0.0,0.0
ECH,2001,URY,15898,1,0.0016033026389950336,0.06764253621809235
ECH,2002,URY,15550,0,0.0,0.0
ECH,2003,URY,15366,1,0.002455701058195458,0.09169403498062288
ECH,2004,URY,15988,1,0.0019904205716318483,0.10032914790992575
ECH,2005,URY,16227,1,0.0013003681342187974,0.04330561955268817
ECH,2006,URY,69959,6,0.004539360995132433,0.19637102662788292
ECH,2007,URY,43180,6,0.010444833094570456,0.5702693175604261
ECH,2008,URY,44389,8,0.008189790061723053,0.3451019671867316
ECH,2009,URY,40865,11,0.01608223515272167,0.7154506996569063
ECH,2010,URY,40341,6,0.005079599703779133,0.2333931074273924
ECH,2011,URY,39677,5,0.005406405759069766,0.16748171886756769
ECH,2012,URY,36230,8,0.00024449481716830383,0.00868303618589963
ECH,2013,URY,37356,1,0.001586366181493217,0.10894919611686642
ECH,2014,URY,38876,7,0.003134061685363639,0.09009537344654664
ECH,2015,URY,36446,13,0.004674507142473784,0.3322025446356331
ECH,2016,URY,35557,5,0.004112302081083669,0.12511836225861972
ECH,2017,URY,35181,8,0.006386314157398874,0.2422611805155905
ECH,2018,URY,32126,6,0.0025959636473802733,0.13998972649929523
ECH,2019,URY,31983,3,0.002786829444047432,0.07488564595743234
ECH,2020,URY,39609,5,0.0023518484253524726,0.08198700346075255
ECH-S2,2021,URY,9230,4,0.017622404401986248,0.5042465179197391
ECH,2022,URY,17645,2,0.007738938313344828,0.21507898674425102
HBS,1998,UZB,4690,1,0.0038229226718313703,0.12582328397505296
HBS,2000,UZB,9704,9,0.04521375165722985,0.9283344979255995
HBS,2002,UZB,9620,22,0.12378910856306073,1.413519344771177
HBS,2003,UZB,9618,14,0.08296144375447059,1.2082970783066314
HBS,2022,UZB,13491,0,0.0,0.0
EHM,1989,VEN,4218,3,0.004886584226279196,0.26033225248087255
EHM,1992,VEN,4567,0,0.0,0.0
EHM,1995,VEN,6752,0,0.0,0.0
EHM,1998,VEN,5910,2,0.013182259333083843,0.5822632171174245
EHM,1999,VEN,5292,2,0.005983591388563321,0.2311707223080727
EHM,2001,VEN,13000,5,0.004402018632560046,0.19684320810763595
EHM,2002,VEN,13732,3,0.0017471848922414937,0.07880894360831149
EHM,2003,VEN,11864,1,0.0036690775952235443,0.18099658251856807
EHM,2004,VEN,10757,2,0.0017517409181297889,0.074556362039065
EHM,2005,VEN,10559,7,0.014007560420519781,0.9844808083139616
EHM,2006,VEN,11447,0,0.0,0.0
VLSS,1992,VNM,4799,1,0.008389613658291035,0.10725758628534957
VLSS,1997,VNM,5998,3,0.033238512266510895,0.40961889600392853
VHLSS,2002,VNM,29510,4,0.01249635173131236,0.18139042357048335
VHLSS,2004,VNM,9186,0,0.0,0.0
VHLSS,2006,VNM,9187,2,0.009174254380660071,0.23221163237431408
VHLSS,2008,VNM,9188,1,0.016527200765935248,0.26532817543650317
VHLSS,2010,VNM,9399,5,0.039525502397094625,0.6990650612802948
VHLSS,2012,VNM,9395,2,0.011897781263789967,0.2648813636128568
VHLSS,2014,VNM,9393,5,0.02441929359825705,0.4020783326425762
VHLSS,2016,VNM,9397,5,0.028574201247099806,0.43869264183677514
VHLSS,2018,VNM,9395,0,0.0,0.0
VHLSS,2020,VNM,9394,3,0.017930943401625276,0.5100531952156846
VHLSS,2022,VNM,9397,6,0.06812673736819018,2.3292047027414378
HIES,2010,VUT,4367,4,0.0600375173562036,1.2005404263687538
NSDP,2019,VUT,4121,1,0.009527755044094872,0.13785491140794115
HIES,2002,WSM,1462,1,0.007131059677166287,0.12396671251343623
HIES,2008,WSM,2009,1,0.013897843387120228,0.25020412561321564
HIES,2013,WSM,2345,2,0.06879777025858176,1.1276485241239715
HBS,2003,XKX,2363,0,0.0,0.0
HBS,2005,XKX,2358,0,0.0,0.0
HBS,2006,XKX,2364,0,0.0,0.0
HBS,2009,XKX,2329,0,0.0,0.0
HBS,2010,XKX,2329,0,0.0,0.0
HBS,2011,XKX,2241,0,0.0,0.0
HBS,2012,XKX,2344,3,0.0865554237887718,1.1137671647561558
HBS,2013,XKX,2371,6,0.11032623671252477,0.9085603431984632
HBS,2014,XKX,2372,1,0.013706255353647652,0.11254062913192887
HBS,2015,XKX,2344,1,0.008528472935930209,0.0695687191623043
HBS,2016,XKX,2313,1,0.015608087683667084,0.26425576854145505
HBS,2017,XKX,2232,9,0.22237177459082266,2.2607157775432594
HBS,1998,YEM,13440,4,0.01048393211229553,0.16299975744425405
HBS,2005,YEM,13130,50,0.13991946289474017,2.20380929430979
HBS,2014,YEM,9368,12,0.05920254761278098,0.9986023468111229
IES,2005,ZAF,19224,3,0.014442499379940117,1.0106210523157948
LCS,2008,ZAF,23362,1,0.0006282811473070825,0.048891418119627474
IES,2010,ZAF,25323,0,0.0,0.0
LCS,2014,ZAF,23368,0,0.0,0.0
HBS,1991,ZMB,8510,0,0.0,0.0
LCMS-I,1996,ZMB,11722,7,0.009521072776187713,0.5552174054092665
LCMS-II,1998,ZMB,15093,4,0.013863355586055703,0.7546390257407648
LCMS-III,2002,ZMB,9715,31,0.09247134292761389,2.6540875469113168
LCMS-IV,2004,ZMB,18199,9,0.019789097748047234,1.719530788364831
LCMS-V,2006,ZMB,17304,3,0.0004048229433164935,0.03975698391003049
LCMS-VI,2010,ZMB,19322,4,0.0025185740327131586,0.12611658701214376
LCMS-VII,2015,ZMB,12141,1,0.0013333064657184183,0.14383823240759747
LCMS-VIII,2022,ZMB,165221,0,0.0,0.0
PICES,2017,ZWE,30140,2,0.01899322979027311,0.6822159821685427
PICES,2019,ZWE,168598,34,0.013026863587949687,0.5406789401281327
