welfare_dec,weight,x,code,year,survname,mod,survey_coverage,datatype,use_imputed,use_microdata,use_bin,use_groupdata,rep_year,comparability,ref_year
2.357755661010742,1180.11865234375,1,MWI,1997,IHS-I,GPWG,N,c,0,1,0,0,1997,0,1997.83
1.2868462800979614,1437.446533203125,1,MWI,1997,IHS-I,GPWG,N,c,0,1,0,0,1997,0,1997.83
9.149571418762207,251.30068969726562,1,MWI,1997,IHS-I,GPWG,N,c,0,1,0,0,1997,0,1997.83
3.243943452835083,2173.76318359375,1,MWI,1997,IHS-I,GPWG,N,c,0,1,0,0,1997,0,1997.83
2.775512218475342,778.125,1,MWI,1997,IHS-I,GPWG,N,c,0,1,0,0,1997,0,1997.83
1.7267624139785767,580.860107421875,1,MWI,1997,IHS-I,GPWG,N,c,0,1,0,0,1997,0,1997.83
2.110982894897461,2395.744384765625,1,MWI,1997,IHS-I,GPWG,N,c,0,1,0,0,1997,0,1997.83
0.36260586977005005,1053.2972412109375,1,MWI,1997,IHS-I,GPWG,N,c,0,1,0,0,1997,0,1997.83
2.606203317642212,919.816650390625,1,MWI,1997,IHS-I,GPWG,N,c,0,1,0,0,1997,0,1997.83
1.341017246246338,580.631591796875,1,MWI,1997,IHS-I,GPWG,N,c,0,1,0,0,1997,0,1997.83
2.6934823989868164,502.60137939453125,1,MWI,1997,IHS-I,GPWG,N,c,0,1,0,0,1997,0,1997.83
4.685624122619629,786.7457885742188,1,MWI,1997,IHS-I,GPWG,N,c,0,1,0,0,1997,0,1997.83
1.2685469388961792,1437.446533203125,1,MWI,1997,IHS-I,GPWG,N,c,0,1,0,0,1997,0,1997.83
1.1236233711242676,842.6378173828125,1,MWI,1997,IHS-I,GPWG,N,c,0,1,0,0,1997,0,1997.83
3.7938058376312256,463.5982971191406,1,MWI,1997,IHS-I,GPWG,N,c,0,1,0,0,1997,0,1997.83
2.243192195892334,927.1965942382812,1,MWI,1997,IHS-I,GPWG,N,c,0,1,0,0,1997,0,1997.83
1.6027870178222656,1379.7249755859375,1,MWI,1997,IHS-I,GPWG,N,c,0,1,0,0,1997,0,1997.83
1.7704280614852905,1548.9603271484375,1,MWI,1997,IHS-I,GPWG,N,c,0,1,0,0,1997,0,1997.83
1.0497288703918457,811.5037841796875,1,MWI,1997,IHS-I,GPWG,N,c,0,1,0,0,1997,0,1997.83
1.4672516584396362,232.25262451171875,1,MWI,1997,IHS-I,GPWG,N,c,0,1,0,0,1997,0,1997.83
1.5881624221801758,1313.799560546875,1,MWI,1997,IHS-I,GPWG,N,c,0,1,0,0,1997,0,1997.83
2.1932880878448486,375.3713073730469,1,MWI,1997,IHS-I,GPWG,N,c,0,1,0,0,1997,0,1997.83
5.233668804168701,1044.2464599609375,1,MWI,1997,IHS-I,GPWG,N,c,0,1,0,0,1997,0,1997.83
9.721416473388672,2088.492919921875,2,MWI,1997,IHS-I,GPWG,N,c,0,1,0,0,1997,0,1997.83
5.234044551849365,210.75938415527344,1,MWI,1997,IHS-I,GPWG,N,c,0,1,0,0,1997,0,1997.83
3.781764030456543,502.60137939453125,1,MWI,1997,IHS-I,GPWG,N,c,0,1,0,0,1997,0,1997.83
1.278607726097107,2332.70849609375,1,MWI,1997,IHS-I,GPWG,N,c,0,1,0,0,1997,0,1997.83
3.5163681507110596,753.902099609375,1,MWI,1997,IHS-I,GPWG,N,c,0,1,0,0,1997,0,1997.83
2.843595266342163,695.3974609375,1,MWI,1997,IHS-I,GPWG,N,c,0,1,0,0,1997,0,1997.83
9.149149894714355,261.0616149902344,1,MWI,1997,IHS-I,GPWG,N,c,0,1,0,0,1997,0,1997.83
1.7270396947860718,648.7322387695312,1,MWI,1997,IHS-I,GPWG,N,c,0,1,0,0,1997,0,1997.83
2.738929033279419,232.25262451171875,1,MWI,1997,IHS-I,GPWG,N,c,0,1,0,0,1997,0,1997.83
1.380252480506897,2705.012451171875,1,MWI,1997,IHS-I,GPWG,N,c,0,1,0,0,1997,0,1997.83
2.3724968433380127,421.5187683105469,1,MWI,1997,IHS-I,GPWG,N,c,0,1,0,0,1997,0,1997.83
1.034677505493164,689.8624877929688,1,MWI,1997,IHS-I,GPWG,N,c,0,1,0,0,1997,0,1997.83
17.816125869750977,261.0616149902344,1,MWI,1997,IHS-I,GPWG,N,c,0,1,0,0,1997,0,1997.83
13.274456024169922,148.87448120117188,1,MWI,1997,IHS-I,GPWG,N,c,0,1,0,0,1997,0,1997.83
2.290926218032837,2874.89306640625,1,MWI,1997,IHS-I,GPWG,N,c,0,1,0,0,1997,0,1997.83
1.8341882228851318,486.5491943359375,1,MWI,1997,IHS-I,GPWG,N,c,0,1,0,0,1997,0,1997.83
1.8954358100891113,5863.0,1,MWI,1997,IHS-I,GPWG,N,c,0,1,0,0,1997,0,1997.83
1.591052770614624,648.7322387695312,1,MWI,1997,IHS-I,GPWG,N,c,0,1,0,0,1997,0,1997.83
3.7996327877044678,1255.355712890625,1,MWI,1997,IHS-I,GPWG,N,c,0,1,0,0,1997,0,1997.83
0.7532255053520203,1689.1708984375,1,MWI,1997,IHS-I,GPWG,N,c,0,1,0,0,1997,0,1997.83
1.982150912284851,338.82470703125,1,MWI,1997,IHS-I,GPWG,N,c,0,1,0,0,1997,0,1997.83
1.478280782699585,1863.535888671875,1,MWI,1997,IHS-I,GPWG,N,c,0,1,0,0,1997,0,1997.83
1.6393073797225952,1086.881591796875,1,MWI,1997,IHS-I,GPWG,N,c,0,1,0,0,1997,0,1997.83
2.0727031230926514,1082.0050048828125,1,MWI,1997,IHS-I,GPWG,N,c,0,1,0,0,1997,0,1997.83
1.4864376783370972,1082.0050048828125,1,MWI,1997,IHS-I,GPWG,N,c,0,1,0,0,1997,0,1997.83
2.826615333557129,388.4232482910156,1,MWI,1997,IHS-I,GPWG,N,c,0,1,0,0,1997,0,1997.83
2.6203763484954834,2529.112548828125,1,MWI,1997,IHS-I,GPWG,N,c,0,1,0,0,1997,0,1997.83
3.2126827239990234,324.3661193847656,1,MWI,1997,IHS-I,GPWG,N,c,0,1,0,0,1997,0,1997.83
7.197390079498291,231.7991485595703,1,MWI,1997,IHS-I,GPWG,N,c,0,1,0,0,1997,0,1997.83
1.677343487739563,1005.2027587890625,1,MWI,1997,IHS-I,GPWG,N,c,0,1,0,0,1997,0,1997.83
1.8371044397354126,518.379638671875,1,MWI,1997,IHS-I,GPWG,N,c,0,1,0,0,1997,0,1997.83
3.996821403503418,1126.1138916015625,1,MWI,1997,IHS-I,GPWG,N,c,0,1,0,0,1997,0,1997.83
1.0324434041976929,1161.72021484375,1,MWI,1997,IHS-I,GPWG,N,c,0,1,0,0,1997,0,1997.83
0.7056174874305725,455.21624755859375,1,MWI,1997,IHS-I,GPWG,N,c,0,1,0,0,1997,0,1997.83
1.9213461875915527,1475.315673828125,1,MWI,1997,IHS-I,GPWG,N,c,0,1,0,0,1997,0,1997.83
1.0695868730545044,580.631591796875,1,MWI,1997,IHS-I,GPWG,N,c,0,1,0,0,1997,0,1997.83
0.7693907618522644,1741.8946533203125,1,MWI,1997,IHS-I,GPWG,N,c,0,1,0,0,1997,0,1997.83
2.344358444213867,541.0025024414062,1,MWI,1997,IHS-I,GPWG,N,c,0,1,0,0,1997,0,1997.83
1.137966513633728,464.5052490234375,1,MWI,1997,IHS-I,GPWG,N,c,0,1,0,0,1997,0,1997.83
1.3768075704574585,342.1363525390625,1,MWI,1997,IHS-I,GPWG,N,c,0,1,0,0,1997,0,1997.83
17.869173049926758,783.184814453125,1,MWI,1997,IHS-I,GPWG,N,c,0,1,0,0,1997,0,1997.83
1.6117557287216187,1264.5562744140625,1,MWI,1997,IHS-I,GPWG,N,c,0,1,0,0,1997,0,1997.83
5.720815181732178,196.6864471435547,1,MWI,1997,IHS-I,GPWG,N,c,0,1,0,0,1997,0,1997.83
1.6778849363327026,968.1002197265625,1,MWI,1997,IHS-I,GPWG,N,c,0,1,0,0,1997,0,1997.83
1.9514615535736084,606.9550170898438,1,MWI,1997,IHS-I,GPWG,N,c,0,1,0,0,1997,0,1997.83
3.9942049980163574,786.7457885742188,1,MWI,1997,IHS-I,GPWG,N,c,0,1,0,0,1997,0,1997.83
3.4354255199432373,2989.404052734375,1,MWI,1997,IHS-I,GPWG,N,c,0,1,0,0,1997,0,1997.83
5.677157402038574,1305.30810546875,1,MWI,1997,IHS-I,GPWG,N,c,0,1,0,0,1997,0,1997.83
1.0558732748031616,2874.89306640625,1,MWI,1997,IHS-I,GPWG,N,c,0,1,0,0,1997,0,1997.83
2.292259931564331,1355.34033203125,1,MWI,1997,IHS-I,GPWG,N,c,0,1,0,0,1997,0,1997.83
3.362452745437622,590.059326171875,1,MWI,1997,IHS-I,GPWG,N,c,0,1,0,0,1997,0,1997.83
1.5615301132202148,1264.5562744140625,1,MWI,1997,IHS-I,GPWG,N,c,0,1,0,0,1997,0,1997.83
2.815854549407959,595.4979248046875,1,MWI,1997,IHS-I,GPWG,N,c,0,1,0,0,1997,0,1997.83
2.3361315727233887,455.21624755859375,1,MWI,1997,IHS-I,GPWG,N,c,0,1,0,0,1997,0,1997.83
1.4366424083709717,1263.956787109375,1,MWI,1997,IHS-I,GPWG,N,c,0,1,0,0,1997,0,1997.83
1.6357603073120117,648.7322387695312,1,MWI,1997,IHS-I,GPWG,N,c,0,1,0,0,1997,0,1997.83
1.6307270526885986,580.631591796875,1,MWI,1997,IHS-I,GPWG,N,c,0,1,0,0,1997,0,1997.83
0.8711601495742798,1893.5087890625,1,MWI,1997,IHS-I,GPWG,N,c,0,1,0,0,1997,0,1997.83
1.478792428970337,1149.770751953125,1,MWI,1997,IHS-I,GPWG,N,c,0,1,0,0,1997,0,1997.83
3.852419137954712,890.3999633789062,1,MWI,1997,IHS-I,GPWG,N,c,0,1,0,0,1997,0,1997.83
3.3585517406463623,1506.4267578125,1,MWI,1997,IHS-I,GPWG,N,c,0,1,0,0,1997,0,1997.83
9.993271827697754,1804.0,1,MWI,1997,IHS-I,GPWG,N,c,0,1,0,0,1997,0,1997.83
11.576687812805176,983.4322509765625,1,MWI,1997,IHS-I,GPWG,N,c,0,1,0,0,1997,0,1997.83
2.918534755706787,210.75938415527344,1,MWI,1997,IHS-I,GPWG,N,c,0,1,0,0,1997,0,1997.83
0.8677223920822144,1694.12353515625,1,MWI,1997,IHS-I,GPWG,N,c,0,1,0,0,1997,0,1997.83
2.554072618484497,755.1063232421875,1,MWI,1997,IHS-I,GPWG,N,c,0,1,0,0,1997,0,1997.83
1.9698832035064697,169.412353515625,1,MWI,1997,IHS-I,GPWG,N,c,0,1,0,0,1997,0,1997.83
2.1989104747772217,1475.315673828125,1,MWI,1997,IHS-I,GPWG,N,c,0,1,0,0,1997,0,1997.83
3.8272109031677246,1506.4267578125,1,MWI,1997,IHS-I,GPWG,N,c,0,1,0,0,1997,0,1997.83
3.6005494594573975,434.7526550292969,1,MWI,1997,IHS-I,GPWG,N,c,0,1,0,0,1997,0,1997.83
2.2817678451538086,652.1289672851562,1,MWI,1997,IHS-I,GPWG,N,c,0,1,0,0,1997,0,1997.83
2.1989734172821045,1376.80517578125,1,MWI,1997,IHS-I,GPWG,N,c,0,1,0,0,1997,0,1997.83
2.2465245723724365,387.2400817871094,1,MWI,1997,IHS-I,GPWG,N,c,0,1,0,0,1997,0,1997.83
3.51928448677063,748.8870239257812,1,MWI,1997,IHS-I,GPWG,N,c,0,1,0,0,1997,0,1997.83
0.7536424398422241,1045.1368408203125,1,MWI,1997,IHS-I,GPWG,N,c,0,1,0,0,1997,0,1997.83
1.7786213159561157,632.2781372070312,1,MWI,1997,IHS-I,GPWG,N,c,0,1,0,0,1997,0,1997.83
1.5371873378753662,1896.83447265625,1,MWI,1997,IHS-I,GPWG,N,c,0,1,0,0,1997,0,1997.83
1.0533097982406616,1474.6162109375,1,MWI,1997,IHS-I,GPWG,N,c,0,1,0,0,1997,0,1997.83
10.914552688598633,196.6864471435547,1,MWI,1997,IHS-I,GPWG,N,c,0,1,0,0,1997,0,1997.83
2.0154168605804443,1553.6929931640625,1,MWI,1997,IHS-I,GPWG,N,c,0,1,0,0,1997,0,1997.83
2.885455369949341,434.7526550292969,1,MWI,1997,IHS-I,GPWG,N,c,0,1,0,0,1997,0,1997.83
0.49568971991539,1053.796875,1,MWI,1997,IHS-I,GPWG,N,c,0,1,0,0,1997,0,1997.83
1.3445050716400146,748.8870239257812,1,MWI,1997,IHS-I,GPWG,N,c,0,1,0,0,1997,0,1997.83
2.5115976333618164,1185.886474609375,1,MWI,1997,IHS-I,GPWG,N,c,0,1,0,0,1997,0,1997.83
1.8695461750030518,1577.0999755859375,1,MWI,1997,IHS-I,GPWG,N,c,0,1,0,0,1997,0,1997.83
0.5658137202262878,696.7578735351562,1,MWI,1997,IHS-I,GPWG,N,c,0,1,0,0,1997,0,1997.83
4.677081108093262,632.2781372070312,1,MWI,1997,IHS-I,GPWG,N,c,0,1,0,0,1997,0,1997.83
2.3525218963623047,774.4801635742188,1,MWI,1997,IHS-I,GPWG,N,c,0,1,0,0,1997,0,1997.83
1.832947015762329,561.665283203125,1,MWI,1997,IHS-I,GPWG,N,c,0,1,0,0,1997,0,1997.83
8.897918701171875,783.184814453125,1,MWI,1997,IHS-I,GPWG,N,c,0,1,0,0,1997,0,1997.83
3.953831911087036,631.9783935546875,1,MWI,1997,IHS-I,GPWG,N,c,0,1,0,0,1997,0,1997.83
8.271698951721191,786.7457885742188,1,MWI,1997,IHS-I,GPWG,N,c,0,1,0,0,1997,0,1997.83
1.8875477313995361,677.6494140625,1,MWI,1997,IHS-I,GPWG,N,c,0,1,0,0,1997,0,1997.83
3.1451005935668945,119.00847625732422,1,MWI,1997,IHS-I,GPWG,N,c,0,1,0,0,1997,0,1997.83
2.9423933029174805,570.227294921875,1,MWI,1997,IHS-I,GPWG,N,c,0,1,0,0,1997,0,1997.83
2.0665524005889893,580.631591796875,1,MWI,1997,IHS-I,GPWG,N,c,0,1,0,0,1997,0,1997.83
2.8831353187561035,1521.63427734375,1,MWI,1997,IHS-I,GPWG,N,c,0,1,0,0,1997,0,1997.83
0.8164275884628296,580.860107421875,1,MWI,1997,IHS-I,GPWG,N,c,0,1,0,0,1997,0,1997.83
2.4699106216430664,210.75938415527344,1,MWI,1997,IHS-I,GPWG,N,c,0,1,0,0,1997,0,1997.83
1.0841524600982666,580.860107421875,1,MWI,1997,IHS-I,GPWG,N,c,0,1,0,0,1997,0,1997.83
1.6008877754211426,270.5012512207031,1,MWI,1997,IHS-I,GPWG,N,c,0,1,0,0,1997,0,1997.83
4.797249794006348,1437.446533203125,1,MWI,1997,IHS-I,GPWG,N,c,0,1,0,0,1997,0,1997.83
1.2550605535507202,696.7578735351562,1,MWI,1997,IHS-I,GPWG,N,c,0,1,0,0,1997,0,1997.83
4.381640911102295,1053.796875,1,MWI,1997,IHS-I,GPWG,N,c,0,1,0,0,1997,0,1997.83
2.683354377746582,1757.4979248046875,1,MWI,1997,IHS-I,GPWG,N,c,0,1,0,0,1997,0,1997.83
0.5353748798370361,1506.4267578125,1,MWI,1997,IHS-I,GPWG,N,c,0,1,0,0,1997,0,1997.83
4.572159290313721,753.902099609375,1,MWI,1997,IHS-I,GPWG,N,c,0,1,0,0,1997,0,1997.83
3.307664394378662,187.68565368652344,1,MWI,1997,IHS-I,GPWG,N,c,0,1,0,0,1997,0,1997.83
2.6956863403320312,456.18182373046875,1,MWI,1997,IHS-I,GPWG,N,c,0,1,0,0,1997,0,1997.83
4.710255146026611,502.14227294921875,1,MWI,1997,IHS-I,GPWG,N,c,0,1,0,0,1997,0,1997.83
2.6360981464385986,486.5491943359375,1,MWI,1997,IHS-I,GPWG,N,c,0,1,0,0,1997,0,1997.83
2.059216260910034,421.5187683105469,1,MWI,1997,IHS-I,GPWG,N,c,0,1,0,0,1997,0,1997.83
2.2058093547821045,1016.47412109375,1,MWI,1997,IHS-I,GPWG,N,c,0,1,0,0,1997,0,1997.83
5.7760796546936035,114.04545593261719,1,MWI,1997,IHS-I,GPWG,N,c,0,1,0,0,1997,0,1997.83
0.9442079067230225,632.2781372070312,1,MWI,1997,IHS-I,GPWG,N,c,0,1,0,0,1997,0,1997.83
0.6681547164916992,1553.6929931640625,1,MWI,1997,IHS-I,GPWG,N,c,0,1,0,0,1997,0,1997.83
1.5569736957550049,508.237060546875,1,MWI,1997,IHS-I,GPWG,N,c,0,1,0,0,1997,0,1997.83
2.3001322746276855,2173.76318359375,1,MWI,1997,IHS-I,GPWG,N,c,0,1,0,0,1997,0,1997.83
4.321106433868408,593.5999755859375,1,MWI,1997,IHS-I,GPWG,N,c,0,1,0,0,1997,0,1997.83
1.3766206502914429,1053.2972412109375,1,MWI,1997,IHS-I,GPWG,N,c,0,1,0,0,1997,0,1997.83
1.1934080123901367,774.4801635742188,1,MWI,1997,IHS-I,GPWG,N,c,0,1,0,0,1997,0,1997.83
5.190033912658691,648.7322387695312,1,MWI,1997,IHS-I,GPWG,N,c,0,1,0,0,1997,0,1997.83
3.8630497455596924,1459.6475830078125,1,MWI,1997,IHS-I,GPWG,N,c,0,1,0,0,1997,0,1997.83
2.0352256298065186,1062.1712646484375,1,MWI,1997,IHS-I,GPWG,N,c,0,1,0,0,1997,0,1997.83
1.1554136276245117,1352.5062255859375,1,MWI,1997,IHS-I,GPWG,N,c,0,1,0,0,1997,0,1997.83
0.9586114287376404,1942.1162109375,1,MWI,1997,IHS-I,GPWG,N,c,0,1,0,0,1997,0,1997.83
1.3767008781433105,632.2781372070312,1,MWI,1997,IHS-I,GPWG,N,c,0,1,0,0,1997,0,1997.83
5.5805816650390625,2317.991455078125,1,MWI,1997,IHS-I,GPWG,N,c,0,1,0,0,1997,0,1997.83
1.7434815168380737,1264.5562744140625,1,MWI,1997,IHS-I,GPWG,N,c,0,1,0,0,1997,0,1997.83
1.8667781352996826,748.8870239257812,1,MWI,1997,IHS-I,GPWG,N,c,0,1,0,0,1997,0,1997.83
1.4867408275604248,1577.0999755859375,1,MWI,1997,IHS-I,GPWG,N,c,0,1,0,0,1997,0,1997.83
2.546189308166504,1609.67919921875,1,MWI,1997,IHS-I,GPWG,N,c,0,1,0,0,1997,0,1997.83
2.241248607635498,348.3789367675781,1,MWI,1997,IHS-I,GPWG,N,c,0,1,0,0,1997,0,1997.83
4.727536678314209,750.7426147460938,1,MWI,1997,IHS-I,GPWG,N,c,0,1,0,0,1997,0,1997.83
1.6861488819122314,1862.5557556152344,2,MWI,1997,IHS-I,GPWG,N,c,0,1,0,0,1997,0,1997.83
5.508517265319824,59.50423812866211,1,MWI,1997,IHS-I,GPWG,N,c,0,1,0,0,1997,0,1997.83
2.202519655227661,169.412353515625,1,MWI,1997,IHS-I,GPWG,N,c,0,1,0,0,1997,0,1997.83
1.5923420190811157,606.9550170898438,1,MWI,1997,IHS-I,GPWG,N,c,0,1,0,0,1997,0,1997.83
2.708392381668091,1158.9957275390625,1,MWI,1997,IHS-I,GPWG,N,c,0,1,0,0,1997,0,1997.83
1.0649255514144897,2173.76318359375,1,MWI,1997,IHS-I,GPWG,N,c,0,1,0,0,1997,0,1997.83
10.825986862182617,1506.4267578125,1,MWI,1997,IHS-I,GPWG,N,c,0,1,0,0,1997,0,1997.83
1.539673924446106,696.7578735351562,1,MWI,1997,IHS-I,GPWG,N,c,0,1,0,0,1997,0,1997.83
2.0334932804107666,632.2781372070312,1,MWI,1997,IHS-I,GPWG,N,c,0,1,0,0,1997,0,1997.83
3.1933107376098633,563.0569458007812,1,MWI,1997,IHS-I,GPWG,N,c,0,1,0,0,1997,0,1997.83
1.5620144605636597,2513.0068359375,1,MWI,1997,IHS-I,GPWG,N,c,0,1,0,0,1997,0,1997.83
1.0419526100158691,910.4324951171875,1,MWI,1997,IHS-I,GPWG,N,c,0,1,0,0,1997,0,1997.83
1.344212293624878,580.631591796875,1,MWI,1997,IHS-I,GPWG,N,c,0,1,0,0,1997,0,1997.83
1.3819750547409058,1475.315673828125,1,MWI,1997,IHS-I,GPWG,N,c,0,1,0,0,1997,0,1997.83
1.8221951723098755,348.3789367675781,1,MWI,1997,IHS-I,GPWG,N,c,0,1,0,0,1997,0,1997.83
8.245616912841797,196.6864471435547,1,MWI,1997,IHS-I,GPWG,N,c,0,1,0,0,1997,0,1997.83
0.8039683103561401,580.860107421875,1,MWI,1997,IHS-I,GPWG,N,c,0,1,0,0,1997,0,1997.83
2.134786367416382,1390.794921875,1,MWI,1997,IHS-I,GPWG,N,c,0,1,0,0,1997,0,1997.83
4.550965309143066,786.7457885742188,1,MWI,1997,IHS-I,GPWG,N,c,0,1,0,0,1997,0,1997.83
1.5397237539291382,677.6494140625,1,MWI,1997,IHS-I,GPWG,N,c,0,1,0,0,1997,0,1997.83
2.473345994949341,455.21624755859375,1,MWI,1997,IHS-I,GPWG,N,c,0,1,0,0,1997,0,1997.83
3.2201290130615234,296.79998779296875,1,MWI,1997,IHS-I,GPWG,N,c,0,1,0,0,1997,0,1997.83
1.5740429162979126,486.5491943359375,1,MWI,1997,IHS-I,GPWG,N,c,0,1,0,0,1997,0,1997.83
4.58119010925293,226.5319061279297,1,MWI,1997,IHS-I,GPWG,N,c,0,1,0,0,1997,0,1997.83
3.810889959335327,1053.796875,1,MWI,1997,IHS-I,GPWG,N,c,0,1,0,0,1997,0,1997.83
0.8002526164054871,1621.83056640625,1,MWI,1997,IHS-I,GPWG,N,c,0,1,0,0,1997,0,1997.83
3.158592939376831,338.82470703125,1,MWI,1997,IHS-I,GPWG,N,c,0,1,0,0,1997,0,1997.83
3.9001622200012207,388.4232482910156,1,MWI,1997,IHS-I,GPWG,N,c,0,1,0,0,1997,0,1997.83
2.4749348163604736,938.4282836914062,1,MWI,1997,IHS-I,GPWG,N,c,0,1,0,0,1997,0,1997.83
6.384601593017578,1305.30810546875,1,MWI,1997,IHS-I,GPWG,N,c,0,1,0,0,1997,0,1997.83
2.273198127746582,1686.0750732421875,1,MWI,1997,IHS-I,GPWG,N,c,0,1,0,0,1997,0,1997.83
0.9736171960830688,348.3789367675781,1,MWI,1997,IHS-I,GPWG,N,c,0,1,0,0,1997,0,1997.83
3.0082902908325195,187.2217559814453,1,MWI,1997,IHS-I,GPWG,N,c,0,1,0,0,1997,0,1997.83
1.4662731885910034,1149.770751953125,1,MWI,1997,IHS-I,GPWG,N,c,0,1,0,0,1997,0,1997.83
1.2276768684387207,1123.33056640625,1,MWI,1997,IHS-I,GPWG,N,c,0,1,0,0,1997,0,1997.83
3.9295923709869385,486.5491943359375,1,MWI,1997,IHS-I,GPWG,N,c,0,1,0,0,1997,0,1997.83
1.3806780576705933,774.4801635742188,1,MWI,1997,IHS-I,GPWG,N,c,0,1,0,0,1997,0,1997.83
1.005775809288025,1016.47412109375,1,MWI,1997,IHS-I,GPWG,N,c,0,1,0,0,1997,0,1997.83
1.0793843269348145,1507.80419921875,1,MWI,1997,IHS-I,GPWG,N,c,0,1,0,0,1997,0,1997.83
1.6988999843597412,843.0375366210938,1,MWI,1997,IHS-I,GPWG,N,c,0,1,0,0,1997,0,1997.83
2.9590389728546143,1005.2027587890625,1,MWI,1997,IHS-I,GPWG,N,c,0,1,0,0,1997,0,1997.83
3.842662811279297,786.7457885742188,1,MWI,1997,IHS-I,GPWG,N,c,0,1,0,0,1997,0,1997.83
3.8554248809814453,891.6226196289062,1,MWI,1997,IHS-I,GPWG,N,c,0,1,0,0,1997,0,1997.83
1.8256956338882446,169.412353515625,1,MWI,1997,IHS-I,GPWG,N,c,0,1,0,0,1997,0,1997.83
1.3146767616271973,936.1087646484375,1,MWI,1997,IHS-I,GPWG,N,c,0,1,0,0,1997,0,1997.83
2.888171911239624,303.4775085449219,1,MWI,1997,IHS-I,GPWG,N,c,0,1,0,0,1997,0,1997.83
1.8537750244140625,1686.0750732421875,1,MWI,1997,IHS-I,GPWG,N,c,0,1,0,0,1997,0,1997.83
4.8773112297058105,357.0254211425781,1,MWI,1997,IHS-I,GPWG,N,c,0,1,0,0,1997,0,1997.83
1.9790542125701904,1185.886474609375,1,MWI,1997,IHS-I,GPWG,N,c,0,1,0,0,1997,0,1997.83
1.2673004865646362,1123.33056640625,1,MWI,1997,IHS-I,GPWG,N,c,0,1,0,0,1997,0,1997.83
1.532778024673462,387.2400817871094,1,MWI,1997,IHS-I,GPWG,N,c,0,1,0,0,1997,0,1997.83
1.6621639728546143,357.0254211425781,1,MWI,1997,IHS-I,GPWG,N,c,0,1,0,0,1997,0,1997.83
3.5433712005615234,1304.2579345703125,1,MWI,1997,IHS-I,GPWG,N,c,0,1,0,0,1997,0,1997.83
1.342423915863037,1053.796875,1,MWI,1997,IHS-I,GPWG,N,c,0,1,0,0,1997,0,1997.83
61.2994384765625,1305.30810546875,1,MWI,1997,IHS-I,GPWG,N,c,0,1,0,0,1997,0,1997.83
1.0718107223510742,1553.6929931640625,1,MWI,1997,IHS-I,GPWG,N,c,0,1,0,0,1997,0,1997.83
5.683515548706055,1573.4915771484375,1,MWI,1997,IHS-I,GPWG,N,c,0,1,0,0,1997,0,1997.83
2.316352367401123,847.061767578125,1,MWI,1997,IHS-I,GPWG,N,c,0,1,0,0,1997,0,1997.83
4.143774509429932,778.125,1,MWI,1997,IHS-I,GPWG,N,c,0,1,0,0,1997,0,1997.83
2.037205219268799,695.3974609375,1,MWI,1997,IHS-I,GPWG,N,c,0,1,0,0,1997,0,1997.83
11.023681640625,595.0423583984375,1,MWI,1997,IHS-I,GPWG,N,c,0,1,0,0,1997,0,1997.83
1.393466830253601,348.3789367675781,1,MWI,1997,IHS-I,GPWG,N,c,0,1,0,0,1997,0,1997.83
1.1724293231964111,1053.796875,1,MWI,1997,IHS-I,GPWG,N,c,0,1,0,0,1997,0,1997.83
4.573887825012207,1770.177978515625,1,MWI,1997,IHS-I,GPWG,N,c,0,1,0,0,1997,0,1997.83
4.135676860809326,695.3974609375,1,MWI,1997,IHS-I,GPWG,N,c,0,1,0,0,1997,0,1997.83
1.5760966539382935,1313.799560546875,1,MWI,1997,IHS-I,GPWG,N,c,0,1,0,0,1997,0,1997.83
4.076319217681885,238.01695251464844,1,MWI,1997,IHS-I,GPWG,N,c,0,1,0,0,1997,0,1997.83
1.6673249006271362,4059.0,1,MWI,1997,IHS-I,GPWG,N,c,0,1,0,0,1997,0,1997.83
3.5362908840179443,2395.744384765625,1,MWI,1997,IHS-I,GPWG,N,c,0,1,0,0,1997,0,1997.83
5.262570858001709,753.902099609375,1,MWI,1997,IHS-I,GPWG,N,c,0,1,0,0,1997,0,1997.83
1.877825140953064,1161.72021484375,1,MWI,1997,IHS-I,GPWG,N,c,0,1,0,0,1997,0,1997.83
5.246071815490723,1566.36962890625,1,MWI,1997,IHS-I,GPWG,N,c,0,1,0,0,1997,0,1997.83
5.451627254486084,742.0,1,MWI,1997,IHS-I,GPWG,N,c,0,1,0,0,1997,0,1997.83
1.0306527614593506,1759.1048583984375,1,MWI,1997,IHS-I,GPWG,N,c,0,1,0,0,1997,0,1997.83
1.7086735963821411,843.0375366210938,1,MWI,1997,IHS-I,GPWG,N,c,0,1,0,0,1997,0,1997.83
1.841564655303955,518.75,1,MWI,1997,IHS-I,GPWG,N,c,0,1,0,0,1997,0,1997.83
4.448835849761963,893.2468872070312,1,MWI,1997,IHS-I,GPWG,N,c,0,1,0,0,1997,0,1997.83
17.417654037475586,196.6864471435547,1,MWI,1997,IHS-I,GPWG,N,c,0,1,0,0,1997,0,1997.83
3.9364113807678223,228.09091186523438,1,MWI,1997,IHS-I,GPWG,N,c,0,1,0,0,1997,0,1997.83
18.741661071777344,324.3661193847656,1,MWI,1997,IHS-I,GPWG,N,c,0,1,0,0,1997,0,1997.83
8.72839641571045,238.01695251464844,1,MWI,1997,IHS-I,GPWG,N,c,0,1,0,0,1997,0,1997.83
2.1233701705932617,753.902099609375,1,MWI,1997,IHS-I,GPWG,N,c,0,1,0,0,1997,0,1997.83
1.255279541015625,631.9783935546875,1,MWI,1997,IHS-I,GPWG,N,c,0,1,0,0,1997,0,1997.83
0.5948746204376221,1297.4644775390625,1,MWI,1997,IHS-I,GPWG,N,c,0,1,0,0,1997,0,1997.83
3.7861971855163574,508.237060546875,1,MWI,1997,IHS-I,GPWG,N,c,0,1,0,0,1997,0,1997.83
0.7349992394447327,1005.2027587890625,1,MWI,1997,IHS-I,GPWG,N,c,0,1,0,0,1997,0,1997.83
1.341556429862976,810.915283203125,1,MWI,1997,IHS-I,GPWG,N,c,0,1,0,0,1997,0,1997.83
1.0690704584121704,1213.9100341796875,1,MWI,1997,IHS-I,GPWG,N,c,0,1,0,0,1997,0,1997.83
1.500882863998413,1016.47412109375,1,MWI,1997,IHS-I,GPWG,N,c,0,1,0,0,1997,0,1997.83
1.6803702116012573,1149.770751953125,1,MWI,1997,IHS-I,GPWG,N,c,0,1,0,0,1997,0,1997.83
1.053496241569519,1296.875,1,MWI,1997,IHS-I,GPWG,N,c,0,1,0,0,1997,0,1997.83
3.2281620502471924,842.6378173828125,1,MWI,1997,IHS-I,GPWG,N,c,0,1,0,0,1997,0,1997.83
3.413562536239624,632.2781372070312,1,MWI,1997,IHS-I,GPWG,N,c,0,1,0,0,1997,0,1997.83
0.670782208442688,1863.535888671875,1,MWI,1997,IHS-I,GPWG,N,c,0,1,0,0,1997,0,1997.83
3.3506581783294678,1304.2579345703125,1,MWI,1997,IHS-I,GPWG,N,c,0,1,0,0,1997,0,1997.83
0.6696747541427612,843.0375366210938,1,MWI,1997,IHS-I,GPWG,N,c,0,1,0,0,1997,0,1997.83
2.208874225616455,753.902099609375,1,MWI,1997,IHS-I,GPWG,N,c,0,1,0,0,1997,0,1997.83
1.67253839969635,1016.47412109375,1,MWI,1997,IHS-I,GPWG,N,c,0,1,0,0,1997,0,1997.83
2.6631150245666504,1757.4979248046875,1,MWI,1997,IHS-I,GPWG,N,c,0,1,0,0,1997,0,1997.83
3.0966341495513916,453.0638122558594,1,MWI,1997,IHS-I,GPWG,N,c,0,1,0,0,1997,0,1997.83
14.56566333770752,786.7457885742188,1,MWI,1997,IHS-I,GPWG,N,c,0,1,0,0,1997,0,1997.83
2.6469833850860596,1506.4267578125,1,MWI,1997,IHS-I,GPWG,N,c,0,1,0,0,1997,0,1997.83
9.062952995300293,75.51063537597656,1,MWI,1997,IHS-I,GPWG,N,c,0,1,0,0,1997,0,1997.83
1.8845949172973633,1759.1048583984375,1,MWI,1997,IHS-I,GPWG,N,c,0,1,0,0,1997,0,1997.83
0.8934691548347473,1355.298828125,1,MWI,1997,IHS-I,GPWG,N,c,0,1,0,0,1997,0,1997.83
8.405190467834473,1305.30810546875,1,MWI,1997,IHS-I,GPWG,N,c,0,1,0,0,1997,0,1997.83
13.514070510864258,217.37632751464844,1,MWI,1997,IHS-I,GPWG,N,c,0,1,0,0,1997,0,1997.83
53.763484954833984,786.7457885742188,1,MWI,1997,IHS-I,GPWG,N,c,0,1,0,0,1997,0,1997.83
0.8050969243049622,1390.794921875,1,MWI,1997,IHS-I,GPWG,N,c,0,1,0,0,1997,0,1997.83
3.21711802482605,750.7426147460938,1,MWI,1997,IHS-I,GPWG,N,c,0,1,0,0,1997,0,1997.83
1.841683030128479,3154.199951171875,1,MWI,1997,IHS-I,GPWG,N,c,0,1,0,0,1997,0,1997.83
1.501622200012207,1521.63427734375,1,MWI,1997,IHS-I,GPWG,N,c,0,1,0,0,1997,0,1997.83
1.193650722503662,973.098388671875,1,MWI,1997,IHS-I,GPWG,N,c,0,1,0,0,1997,0,1997.83
10.513775825500488,528.574462890625,1,MWI,1997,IHS-I,GPWG,N,c,0,1,0,0,1997,0,1997.83
2.7198827266693115,486.5491943359375,1,MWI,1997,IHS-I,GPWG,N,c,0,1,0,0,1997,0,1997.83
2.831439971923828,151.73875427246094,1,MWI,1997,IHS-I,GPWG,N,c,0,1,0,0,1997,0,1997.83
1.88394296169281,1135.2813720703125,1,MWI,1997,IHS-I,GPWG,N,c,0,1,0,0,1997,0,1997.83
0.5159719586372375,1623.007568359375,1,MWI,1997,IHS-I,GPWG,N,c,0,1,0,0,1997,0,1997.83
1.644903540611267,1165.269775390625,1,MWI,1997,IHS-I,GPWG,N,c,0,1,0,0,1997,0,1997.83
1.681031584739685,303.4775085449219,1,MWI,1997,IHS-I,GPWG,N,c,0,1,0,0,1997,0,1997.83
2.042004346847534,193.6200408935547,1,MWI,1997,IHS-I,GPWG,N,c,0,1,0,0,1997,0,1997.83
5.023216724395752,869.5053100585938,1,MWI,1997,IHS-I,GPWG,N,c,0,1,0,0,1997,0,1997.83
1.6729919910430908,1474.6162109375,1,MWI,1997,IHS-I,GPWG,N,c,0,1,0,0,1997,0,1997.83
8.728205680847168,226.5319061279297,1,MWI,1997,IHS-I,GPWG,N,c,0,1,0,0,1997,0,1997.83
2.126983165740967,303.4775085449219,1,MWI,1997,IHS-I,GPWG,N,c,0,1,0,0,1997,0,1997.83
2.6763741970062256,1053.2972412109375,1,MWI,1997,IHS-I,GPWG,N,c,0,1,0,0,1997,0,1997.83
1.9991297721862793,869.5053100585938,1,MWI,1997,IHS-I,GPWG,N,c,0,1,0,0,1997,0,1997.83
5.435534477233887,522.1232299804688,1,MWI,1997,IHS-I,GPWG,N,c,0,1,0,0,1997,0,1997.83
10.054173469543457,1044.2464599609375,1,MWI,1997,IHS-I,GPWG,N,c,0,1,0,0,1997,0,1997.83
2.316538095474243,446.6234436035156,1,MWI,1997,IHS-I,GPWG,N,c,0,1,0,0,1997,0,1997.83
1.874878168106079,1126.1138916015625,1,MWI,1997,IHS-I,GPWG,N,c,0,1,0,0,1997,0,1997.83
1.9526050090789795,4059.0,1,MWI,1997,IHS-I,GPWG,N,c,0,1,0,0,1997,0,1997.83
2.2540063858032227,1757.4979248046875,1,MWI,1997,IHS-I,GPWG,N,c,0,1,0,0,1997,0,1997.83
4.839898109436035,434.7526550292969,1,MWI,1997,IHS-I,GPWG,N,c,0,1,0,0,1997,0,1997.83
4.0630269050598145,563.0569458007812,1,MWI,1997,IHS-I,GPWG,N,c,0,1,0,0,1997,0,1997.83
1.2485042810440063,1555.138916015625,1,MWI,1997,IHS-I,GPWG,N,c,0,1,0,0,1997,0,1997.83
1.284795880317688,842.6378173828125,1,MWI,1997,IHS-I,GPWG,N,c,0,1,0,0,1997,0,1997.83
2.9224634170532227,375.3713073730469,1,MWI,1997,IHS-I,GPWG,N,c,0,1,0,0,1997,0,1997.83
1.1421202421188354,677.6494140625,1,MWI,1997,IHS-I,GPWG,N,c,0,1,0,0,1997,0,1997.83
2.3316519260406494,842.6378173828125,1,MWI,1997,IHS-I,GPWG,N,c,0,1,0,0,1997,0,1997.83
2.475003957748413,2549.79052734375,1,MWI,1997,IHS-I,GPWG,N,c,0,1,0,0,1997,0,1997.83
4.521285057067871,502.14227294921875,1,MWI,1997,IHS-I,GPWG,N,c,0,1,0,0,1997,0,1997.83
3.1143860816955566,1686.0750732421875,1,MWI,1997,IHS-I,GPWG,N,c,0,1,0,0,1997,0,1997.83
2.7354238033294678,502.60137939453125,1,MWI,1997,IHS-I,GPWG,N,c,0,1,0,0,1997,0,1997.83
1.4391599893569946,843.0375366210938,1,MWI,1997,IHS-I,GPWG,N,c,0,1,0,0,1997,0,1997.83
1.179336667060852,1082.0050048828125,1,MWI,1997,IHS-I,GPWG,N,c,0,1,0,0,1997,0,1997.83
10.767316818237305,75.51063537597656,1,MWI,1997,IHS-I,GPWG,N,c,0,1,0,0,1997,0,1997.83
1.2635146379470825,1082.0050048828125,1,MWI,1997,IHS-I,GPWG,N,c,0,1,0,0,1997,0,1997.83
3.68562912940979,217.37632751464844,1,MWI,1997,IHS-I,GPWG,N,c,0,1,0,0,1997,0,1997.83
4.160092353820801,1082.0050048828125,1,MWI,1997,IHS-I,GPWG,N,c,0,1,0,0,1997,0,1997.83
5.558088779449463,393.3728942871094,1,MWI,1997,IHS-I,GPWG,N,c,0,1,0,0,1997,0,1997.83
2.656855821609497,479.14886474609375,1,MWI,1997,IHS-I,GPWG,N,c,0,1,0,0,1997,0,1997.83
1.5266509056091309,1623.007568359375,1,MWI,1997,IHS-I,GPWG,N,c,0,1,0,0,1997,0,1997.83
6.644351005554199,890.3999633789062,1,MWI,1997,IHS-I,GPWG,N,c,0,1,0,0,1997,0,1997.83
3.976824998855591,210.75938415527344,1,MWI,1997,IHS-I,GPWG,N,c,0,1,0,0,1997,0,1997.83
2.5024924278259277,695.3974609375,1,MWI,1997,IHS-I,GPWG,N,c,0,1,0,0,1997,0,1997.83
1.378307819366455,348.3789367675781,1,MWI,1997,IHS-I,GPWG,N,c,0,1,0,0,1997,0,1997.83
3.271332025527954,1123.33056640625,1,MWI,1997,IHS-I,GPWG,N,c,0,1,0,0,1997,0,1997.83
2.9748055934906006,695.3974609375,1,MWI,1997,IHS-I,GPWG,N,c,0,1,0,0,1997,0,1997.83
1.092771291732788,843.0375366210938,1,MWI,1997,IHS-I,GPWG,N,c,0,1,0,0,1997,0,1997.83
2.133840560913086,210.75938415527344,1,MWI,1997,IHS-I,GPWG,N,c,0,1,0,0,1997,0,1997.83
1.948352575302124,270.5012512207031,1,MWI,1997,IHS-I,GPWG,N,c,0,1,0,0,1997,0,1997.83
5.468787670135498,1686.0750732421875,1,MWI,1997,IHS-I,GPWG,N,c,0,1,0,0,1997,0,1997.83
3.8335182666778564,938.4282836914062,1,MWI,1997,IHS-I,GPWG,N,c,0,1,0,0,1997,0,1997.83
0.6815800070762634,1062.1712646484375,1,MWI,1997,IHS-I,GPWG,N,c,0,1,0,0,1997,0,1997.83
2.0203099250793457,632.2781372070312,1,MWI,1997,IHS-I,GPWG,N,c,0,1,0,0,1997,0,1997.83
2.5805575847625732,387.2400817871094,1,MWI,1997,IHS-I,GPWG,N,c,0,1,0,0,1997,0,1997.83
10.019280433654785,2871.677734375,1,MWI,1997,IHS-I,GPWG,N,c,0,1,0,0,1997,0,1997.83
1.131589412689209,1815.625,1,MWI,1997,IHS-I,GPWG,N,c,0,1,0,0,1997,0,1997.83
2.0051088333129883,151.73875427246094,1,MWI,1997,IHS-I,GPWG,N,c,0,1,0,0,1997,0,1997.83
3.1190011501312256,1566.36962890625,1,MWI,1997,IHS-I,GPWG,N,c,0,1,0,0,1997,0,1997.83
0.8687161207199097,1694.12353515625,1,MWI,1997,IHS-I,GPWG,N,c,0,1,0,0,1997,0,1997.83
2.483006715774536,561.665283203125,1,MWI,1997,IHS-I,GPWG,N,c,0,1,0,0,1997,0,1997.83
1.779413104057312,193.6200408935547,1,MWI,1997,IHS-I,GPWG,N,c,0,1,0,0,1997,0,1997.83
1.4124665260314941,580.631591796875,1,MWI,1997,IHS-I,GPWG,N,c,0,1,0,0,1997,0,1997.83
2.379350423812866,1053.796875,1,MWI,1997,IHS-I,GPWG,N,c,0,1,0,0,1997,0,1997.83
2.1028544902801514,677.6494140625,1,MWI,1997,IHS-I,GPWG,N,c,0,1,0,0,1997,0,1997.83
14.133535385131836,148.87448120117188,1,MWI,1997,IHS-I,GPWG,N,c,0,1,0,0,1997,0,1997.83
7.483583450317383,178.51271057128906,1,MWI,1997,IHS-I,GPWG,N,c,0,1,0,0,1997,0,1997.83
1.5011197328567505,1507.80419921875,1,MWI,1997,IHS-I,GPWG,N,c,0,1,0,0,1997,0,1997.83
0.9271047711372375,1506.4267578125,1,MWI,1997,IHS-I,GPWG,N,c,0,1,0,0,1997,0,1997.83
1.7981523275375366,958.2977294921875,1,MWI,1997,IHS-I,GPWG,N,c,0,1,0,0,1997,0,1997.83
1.5949969291687012,1942.1162109375,1,MWI,1997,IHS-I,GPWG,N,c,0,1,0,0,1997,0,1997.83
0.8141443729400635,843.0375366210938,1,MWI,1997,IHS-I,GPWG,N,c,0,1,0,0,1997,0,1997.83
2.0469982624053955,1005.2027587890625,1,MWI,1997,IHS-I,GPWG,N,c,0,1,0,0,1997,0,1997.83
3.6625401973724365,502.60137939453125,1,MWI,1997,IHS-I,GPWG,N,c,0,1,0,0,1997,0,1997.83
2.3398118019104004,632.2781372070312,1,MWI,1997,IHS-I,GPWG,N,c,0,1,0,0,1997,0,1997.83
1.0396648645401,1264.5562744140625,1,MWI,1997,IHS-I,GPWG,N,c,0,1,0,0,1997,0,1997.83
2.7337427139282227,677.6494140625,1,MWI,1997,IHS-I,GPWG,N,c,0,1,0,0,1997,0,1997.83
2.020469903945923,774.4801635742188,1,MWI,1997,IHS-I,GPWG,N,c,0,1,0,0,1997,0,1997.83
5.527973651885986,148.39999389648438,1,MWI,1997,IHS-I,GPWG,N,c,0,1,0,0,1997,0,1997.83
2.1557559967041016,891.6226196289062,1,MWI,1997,IHS-I,GPWG,N,c,0,1,0,0,1997,0,1997.83
1.1301538944244385,1016.47412109375,1,MWI,1997,IHS-I,GPWG,N,c,0,1,0,0,1997,0,1997.83
1.9914551973342896,561.665283203125,1,MWI,1997,IHS-I,GPWG,N,c,0,1,0,0,1997,0,1997.83
1.025478720664978,1313.799560546875,1,MWI,1997,IHS-I,GPWG,N,c,0,1,0,0,1997,0,1997.83
3.1158785820007324,891.6226196289062,1,MWI,1997,IHS-I,GPWG,N,c,0,1,0,0,1997,0,1997.83
2.6550800800323486,750.7426147460938,1,MWI,1997,IHS-I,GPWG,N,c,0,1,0,0,1997,0,1997.83
14.261566162109375,869.5053100585938,1,MWI,1997,IHS-I,GPWG,N,c,0,1,0,0,1997,0,1997.83
1.9502016305923462,231.7991485595703,1,MWI,1997,IHS-I,GPWG,N,c,0,1,0,0,1997,0,1997.83
2.7121047973632812,778.125,1,MWI,1997,IHS-I,GPWG,N,c,0,1,0,0,1997,0,1997.83
1.0687870979309082,1355.34033203125,1,MWI,1997,IHS-I,GPWG,N,c,0,1,0,0,1997,0,1997.83
7.064750671386719,2088.492919921875,1,MWI,1997,IHS-I,GPWG,N,c,0,1,0,0,1997,0,1997.83
1.3911640644073486,1339.870361328125,1,MWI,1997,IHS-I,GPWG,N,c,0,1,0,0,1997,0,1997.83
5.459263324737549,463.5982971191406,1,MWI,1997,IHS-I,GPWG,N,c,0,1,0,0,1997,0,1997.83
1.4861936569213867,696.7578735351562,1,MWI,1997,IHS-I,GPWG,N,c,0,1,0,0,1997,0,1997.83
2.8386924266815186,983.4322509765625,1,MWI,1997,IHS-I,GPWG,N,c,0,1,0,0,1997,0,1997.83
1.5178107023239136,958.2977294921875,1,MWI,1997,IHS-I,GPWG,N,c,0,1,0,0,1997,0,1997.83
3.9359638690948486,890.3999633789062,1,MWI,1997,IHS-I,GPWG,N,c,0,1,0,0,1997,0,1997.83
0.7025077939033508,1623.007568359375,1,MWI,1997,IHS-I,GPWG,N,c,0,1,0,0,1997,0,1997.83
1.0766851902008057,1352.5062255859375,1,MWI,1997,IHS-I,GPWG,N,c,0,1,0,0,1997,0,1997.83
0.9390347599983215,1053.2972412109375,1,MWI,1997,IHS-I,GPWG,N,c,0,1,0,0,1997,0,1997.83
4.057257175445557,695.3974609375,1,MWI,1997,IHS-I,GPWG,N,c,0,1,0,0,1997,0,1997.83
1.190717101097107,1804.0,1,MWI,1997,IHS-I,GPWG,N,c,0,1,0,0,1997,0,1997.83
0.5663502216339111,1352.5062255859375,1,MWI,1997,IHS-I,GPWG,N,c,0,1,0,0,1997,0,1997.83
1.5825276374816895,1555.138916015625,1,MWI,1997,IHS-I,GPWG,N,c,0,1,0,0,1997,0,1997.83
1.341153860092163,1037.5,1,MWI,1997,IHS-I,GPWG,N,c,0,1,0,0,1997,0,1997.83
1.4617242813110352,919.816650390625,1,MWI,1997,IHS-I,GPWG,N,c,0,1,0,0,1997,0,1997.83
1.5945812463760376,387.2400817871094,1,MWI,1997,IHS-I,GPWG,N,c,0,1,0,0,1997,0,1997.83
1.6717722415924072,1524.711181640625,1,MWI,1997,IHS-I,GPWG,N,c,0,1,0,0,1997,0,1997.83
3.762925386428833,750.7426147460938,1,MWI,1997,IHS-I,GPWG,N,c,0,1,0,0,1997,0,1997.83
1.1898807287216187,1036.75927734375,1,MWI,1997,IHS-I,GPWG,N,c,0,1,0,0,1997,0,1997.83
0.3605969250202179,232.25262451171875,1,MWI,1997,IHS-I,GPWG,N,c,0,1,0,0,1997,0,1997.83
3.3502907752990723,445.1999816894531,1,MWI,1997,IHS-I,GPWG,N,c,0,1,0,0,1997,0,1997.83
2.3639891147613525,1264.5562744140625,1,MWI,1997,IHS-I,GPWG,N,c,0,1,0,0,1997,0,1997.83
1.2660731077194214,842.6378173828125,1,MWI,1997,IHS-I,GPWG,N,c,0,1,0,0,1997,0,1997.83
5.236659526824951,783.184814453125,1,MWI,1997,IHS-I,GPWG,N,c,0,1,0,0,1997,0,1997.83
1.7863585948944092,1016.47412109375,1,MWI,1997,IHS-I,GPWG,N,c,0,1,0,0,1997,0,1997.83
2.7276432514190674,445.8113098144531,1,MWI,1997,IHS-I,GPWG,N,c,0,1,0,0,1997,0,1997.83
0.8608521819114685,1548.9603271484375,1,MWI,1997,IHS-I,GPWG,N,c,0,1,0,0,1997,0,1997.83
1.067284107208252,455.21624755859375,1,MWI,1997,IHS-I,GPWG,N,c,0,1,0,0,1997,0,1997.83
0.9127699732780457,1213.9100341796875,1,MWI,1997,IHS-I,GPWG,N,c,0,1,0,0,1997,0,1997.83
1.562507152557373,843.0375366210938,1,MWI,1997,IHS-I,GPWG,N,c,0,1,0,0,1997,0,1997.83
1.9083179235458374,632.2781372070312,1,MWI,1997,IHS-I,GPWG,N,c,0,1,0,0,1997,0,1997.83
2.2904067039489746,632.2781372070312,1,MWI,1997,IHS-I,GPWG,N,c,0,1,0,0,1997,0,1997.83
1.7491908073425293,606.9550170898438,1,MWI,1997,IHS-I,GPWG,N,c,0,1,0,0,1997,0,1997.83
1.49727201461792,563.0569458007812,1,MWI,1997,IHS-I,GPWG,N,c,0,1,0,0,1997,0,1997.83
1.4928778409957886,1161.72021484375,1,MWI,1997,IHS-I,GPWG,N,c,0,1,0,0,1997,0,1997.83
0.694568932056427,580.631591796875,1,MWI,1997,IHS-I,GPWG,N,c,0,1,0,0,1997,0,1997.83
1.335289478302002,632.2781372070312,1,MWI,1997,IHS-I,GPWG,N,c,0,1,0,0,1997,0,1997.83
3.5890893936157227,1255.355712890625,1,MWI,1997,IHS-I,GPWG,N,c,0,1,0,0,1997,0,1997.83
1.0655651092529297,648.7322387695312,1,MWI,1997,IHS-I,GPWG,N,c,0,1,0,0,1997,0,1997.83
3.904592752456665,786.7457885742188,1,MWI,1997,IHS-I,GPWG,N,c,0,1,0,0,1997,0,1997.83
1.251622200012207,1437.446533203125,1,MWI,1997,IHS-I,GPWG,N,c,0,1,0,0,1997,0,1997.83
4.441072463989258,753.21337890625,1,MWI,1997,IHS-I,GPWG,N,c,0,1,0,0,1997,0,1997.83
12.50948715209961,148.87448120117188,1,MWI,1997,IHS-I,GPWG,N,c,0,1,0,0,1997,0,1997.83
1.783057451248169,1759.1048583984375,1,MWI,1997,IHS-I,GPWG,N,c,0,1,0,0,1997,0,1997.83
3.0293381214141846,983.4322509765625,1,MWI,1997,IHS-I,GPWG,N,c,0,1,0,0,1997,0,1997.83
1.6853801012039185,502.60137939453125,1,MWI,1997,IHS-I,GPWG,N,c,0,1,0,0,1997,0,1997.83
4.141577243804932,869.5053100585938,1,MWI,1997,IHS-I,GPWG,N,c,0,1,0,0,1997,0,1997.83
1.9989941120147705,1037.5,1,MWI,1997,IHS-I,GPWG,N,c,0,1,0,0,1997,0,1997.83
1.9440879821777344,169.412353515625,1,MWI,1997,IHS-I,GPWG,N,c,0,1,0,0,1997,0,1997.83
4.434691429138184,1086.881591796875,1,MWI,1997,IHS-I,GPWG,N,c,0,1,0,0,1997,0,1997.83
7.1625590324401855,632.2781372070312,1,MWI,1997,IHS-I,GPWG,N,c,0,1,0,0,1997,0,1997.83
5.534577369689941,393.3728942871094,1,MWI,1997,IHS-I,GPWG,N,c,0,1,0,0,1997,0,1997.83
6.8693366050720215,742.0,1,MWI,1997,IHS-I,GPWG,N,c,0,1,0,0,1997,0,1997.83
2.1012208461761475,1264.5562744140625,1,MWI,1997,IHS-I,GPWG,N,c,0,1,0,0,1997,0,1997.83
1.293081521987915,1082.0050048828125,1,MWI,1997,IHS-I,GPWG,N,c,0,1,0,0,1997,0,1997.83
2.2258760929107666,847.061767578125,1,MWI,1997,IHS-I,GPWG,N,c,0,1,0,0,1997,0,1997.83
1.2222124338150024,421.5187683105469,1,MWI,1997,IHS-I,GPWG,N,c,0,1,0,0,1997,0,1997.83
2.1699445247650146,695.3974609375,1,MWI,1997,IHS-I,GPWG,N,c,0,1,0,0,1997,0,1997.83
1.2084665298461914,1126.1138916015625,1,MWI,1997,IHS-I,GPWG,N,c,0,1,0,0,1997,0,1997.83
2.922797918319702,788.5499877929688,1,MWI,1997,IHS-I,GPWG,N,c,0,1,0,0,1997,0,1997.83
3.4734795093536377,162.1830596923828,1,MWI,1997,IHS-I,GPWG,N,c,0,1,0,0,1997,0,1997.83
2.9366648197174072,259.375,1,MWI,1997,IHS-I,GPWG,N,c,0,1,0,0,1997,0,1997.83
1.0761018991470337,1507.80419921875,1,MWI,1997,IHS-I,GPWG,N,c,0,1,0,0,1997,0,1997.83
1.5054991245269775,455.21624755859375,1,MWI,1997,IHS-I,GPWG,N,c,0,1,0,0,1997,0,1997.83
1.4812324047088623,1158.9957275390625,1,MWI,1997,IHS-I,GPWG,N,c,0,1,0,0,1997,0,1997.83
1.4040874242782593,847.061767578125,1,MWI,1997,IHS-I,GPWG,N,c,0,1,0,0,1997,0,1997.83
0.994821310043335,758.6937866210938,1,MWI,1997,IHS-I,GPWG,N,c,0,1,0,0,1997,0,1997.83
1.5948023796081543,631.9783935546875,1,MWI,1997,IHS-I,GPWG,N,c,0,1,0,0,1997,0,1997.83
1.6942521333694458,580.860107421875,1,MWI,1997,IHS-I,GPWG,N,c,0,1,0,0,1997,0,1997.83
2.9414892196655273,689.8624877929688,1,MWI,1997,IHS-I,GPWG,N,c,0,1,0,0,1997,0,1997.83
39.87877655029297,522.1232299804688,1,MWI,1997,IHS-I,GPWG,N,c,0,1,0,0,1997,0,1997.83
0.558147132396698,1759.1048583984375,1,MWI,1997,IHS-I,GPWG,N,c,0,1,0,0,1997,0,1997.83
1.5870096683502197,1296.875,1,MWI,1997,IHS-I,GPWG,N,c,0,1,0,0,1997,0,1997.83
4.54771614074707,1185.886474609375,1,MWI,1997,IHS-I,GPWG,N,c,0,1,0,0,1997,0,1997.83
1.4106463193893433,348.3789367675781,1,MWI,1997,IHS-I,GPWG,N,c,0,1,0,0,1997,0,1997.83
0.9919385313987732,1524.711181640625,1,MWI,1997,IHS-I,GPWG,N,c,0,1,0,0,1997,0,1997.83
1.0221633911132812,1295.9490966796875,1,MWI,1997,IHS-I,GPWG,N,c,0,1,0,0,1997,0,1997.83
2.2256627082824707,776.8464965820312,1,MWI,1997,IHS-I,GPWG,N,c,0,1,0,0,1997,0,1997.83
2.5017378330230713,632.2781372070312,1,MWI,1997,IHS-I,GPWG,N,c,0,1,0,0,1997,0,1997.83
3.590686559677124,1053.796875,1,MWI,1997,IHS-I,GPWG,N,c,0,1,0,0,1997,0,1997.83
1.458733320236206,631.9783935546875,1,MWI,1997,IHS-I,GPWG,N,c,0,1,0,0,1997,0,1997.83
2.572894334793091,518.75,1,MWI,1997,IHS-I,GPWG,N,c,0,1,0,0,1997,0,1997.83
5.763309955596924,151.02127075195312,1,MWI,1997,IHS-I,GPWG,N,c,0,1,0,0,1997,0,1997.83
2.2785093784332275,958.2977294921875,1,MWI,1997,IHS-I,GPWG,N,c,0,1,0,0,1997,0,1997.83
1.1291619539260864,2317.25390625,1,MWI,1997,IHS-I,GPWG,N,c,0,1,0,0,1997,0,1997.83
5.603372573852539,788.5499877929688,1,MWI,1997,IHS-I,GPWG,N,c,0,1,0,0,1997,0,1997.83
2.500941514968872,1038.7999267578125,1,MWI,1997,IHS-I,GPWG,N,c,0,1,0,0,1997,0,1997.83
2.0452094078063965,1577.0999755859375,1,MWI,1997,IHS-I,GPWG,N,c,0,1,0,0,1997,0,1997.83
2.5429954528808594,1005.2027587890625,1,MWI,1997,IHS-I,GPWG,N,c,0,1,0,0,1997,0,1997.83
2.7228951454162598,486.5491943359375,1,MWI,1997,IHS-I,GPWG,N,c,0,1,0,0,1997,0,1997.83
1.4926807880401611,847.061767578125,1,MWI,1997,IHS-I,GPWG,N,c,0,1,0,0,1997,0,1997.83
0.8449869155883789,811.5037841796875,1,MWI,1997,IHS-I,GPWG,N,c,0,1,0,0,1997,0,1997.83
1.2932875156402588,677.6494140625,1,MWI,1997,IHS-I,GPWG,N,c,0,1,0,0,1997,0,1997.83
1.6194043159484863,1352.5062255859375,1,MWI,1997,IHS-I,GPWG,N,c,0,1,0,0,1997,0,1997.83
0.8928261399269104,758.6937866210938,1,MWI,1997,IHS-I,GPWG,N,c,0,1,0,0,1997,0,1997.83
9.207538604736328,196.6864471435547,1,MWI,1997,IHS-I,GPWG,N,c,0,1,0,0,1997,0,1997.83
5.181989669799805,1305.30810546875,1,MWI,1997,IHS-I,GPWG,N,c,0,1,0,0,1997,0,1997.83
1.7335273027420044,1507.80419921875,1,MWI,1997,IHS-I,GPWG,N,c,0,1,0,0,1997,0,1997.83
2.8550615310668945,786.7457885742188,1,MWI,1997,IHS-I,GPWG,N,c,0,1,0,0,1997,0,1997.83
1.2921494245529175,1264.5562744140625,1,MWI,1997,IHS-I,GPWG,N,c,0,1,0,0,1997,0,1997.83
1.2640460729599,1082.0050048828125,1,MWI,1997,IHS-I,GPWG,N,c,0,1,0,0,1997,0,1997.83
2.255739212036133,786.7457885742188,1,MWI,1997,IHS-I,GPWG,N,c,0,1,0,0,1997,0,1997.83
0.41802477836608887,632.2781372070312,1,MWI,1997,IHS-I,GPWG,N,c,0,1,0,0,1997,0,1997.83
2.8534600734710693,983.4322509765625,1,MWI,1997,IHS-I,GPWG,N,c,0,1,0,0,1997,0,1997.83
2.6327569484710693,563.0569458007812,1,MWI,1997,IHS-I,GPWG,N,c,0,1,0,0,1997,0,1997.83
1.7637851238250732,1082.0050048828125,1,MWI,1997,IHS-I,GPWG,N,c,0,1,0,0,1997,0,1997.83
1.785297155380249,811.5037841796875,1,MWI,1997,IHS-I,GPWG,N,c,0,1,0,0,1997,0,1997.83
1.3856686353683472,1037.5,1,MWI,1997,IHS-I,GPWG,N,c,0,1,0,0,1997,0,1997.83
2.4223642349243164,1759.1048583984375,1,MWI,1997,IHS-I,GPWG,N,c,0,1,0,0,1997,0,1997.83
44.77515411376953,522.1232299804688,1,MWI,1997,IHS-I,GPWG,N,c,0,1,0,0,1997,0,1997.83
1.1165440082550049,1264.5562744140625,1,MWI,1997,IHS-I,GPWG,N,c,0,1,0,0,1997,0,1997.83
3.040928840637207,1770.177978515625,1,MWI,1997,IHS-I,GPWG,N,c,0,1,0,0,1997,0,1997.83
1.2765060663223267,1016.47412109375,1,MWI,1997,IHS-I,GPWG,N,c,0,1,0,0,1997,0,1997.83
1.5627175569534302,606.9550170898438,1,MWI,1997,IHS-I,GPWG,N,c,0,1,0,0,1997,0,1997.83
1.455885648727417,2008.569091796875,1,MWI,1997,IHS-I,GPWG,N,c,0,1,0,0,1997,0,1997.83
1.6812926530838013,753.902099609375,1,MWI,1997,IHS-I,GPWG,N,c,0,1,0,0,1997,0,1997.83
2.6594438552856445,563.0569458007812,1,MWI,1997,IHS-I,GPWG,N,c,0,1,0,0,1997,0,1997.83
1.7451330423355103,1005.2027587890625,1,MWI,1997,IHS-I,GPWG,N,c,0,1,0,0,1997,0,1997.83
0.6169612407684326,1263.956787109375,1,MWI,1997,IHS-I,GPWG,N,c,0,1,0,0,1997,0,1997.83
1.9318987131118774,606.9550170898438,1,MWI,1997,IHS-I,GPWG,N,c,0,1,0,0,1997,0,1997.83
4.426977157592773,502.14227294921875,1,MWI,1997,IHS-I,GPWG,N,c,0,1,0,0,1997,0,1997.83
2.7390782833099365,842.6378173828125,1,MWI,1997,IHS-I,GPWG,N,c,0,1,0,0,1997,0,1997.83
1.733711838722229,387.2400817871094,1,MWI,1997,IHS-I,GPWG,N,c,0,1,0,0,1997,0,1997.83
1.2794660329818726,1037.5,1,MWI,1997,IHS-I,GPWG,N,c,0,1,0,0,1997,0,1997.83
2.0473368167877197,464.5052490234375,1,MWI,1997,IHS-I,GPWG,N,c,0,1,0,0,1997,0,1997.83
2.2221386432647705,1126.1138916015625,1,MWI,1997,IHS-I,GPWG,N,c,0,1,0,0,1997,0,1997.83
2.1055071353912354,342.1363525390625,1,MWI,1997,IHS-I,GPWG,N,c,0,1,0,0,1997,0,1997.83
1.0433868169784546,869.5053100585938,1,MWI,1997,IHS-I,GPWG,N,c,0,1,0,0,1997,0,1997.83
1.4598450660705566,1501.4852294921875,1,MWI,1997,IHS-I,GPWG,N,c,0,1,0,0,1997,0,1997.83
9.967964172363281,148.39999389648438,1,MWI,1997,IHS-I,GPWG,N,c,0,1,0,0,1997,0,1997.83
1.3333717584609985,338.82470703125,1,MWI,1997,IHS-I,GPWG,N,c,0,1,0,0,1997,0,1997.83
9.975444793701172,229.95416259765625,1,MWI,1997,IHS-I,GPWG,N,c,0,1,0,0,1997,0,1997.83
1.589837670326233,1685.275634765625,1,MWI,1997,IHS-I,GPWG,N,c,0,1,0,0,1997,0,1997.83
2.2185237407684326,421.5187683105469,1,MWI,1997,IHS-I,GPWG,N,c,0,1,0,0,1997,0,1997.83
0.5370840430259705,677.6494140625,1,MWI,1997,IHS-I,GPWG,N,c,0,1,0,0,1997,0,1997.83
2.3252391815185547,1560.339599609375,1,MWI,1997,IHS-I,GPWG,N,c,0,1,0,0,1997,0,1997.83
1.7219363451004028,632.2781372070312,1,MWI,1997,IHS-I,GPWG,N,c,0,1,0,0,1997,0,1997.83
4.7526068687438965,463.5982971191406,1,MWI,1997,IHS-I,GPWG,N,c,0,1,0,0,1997,0,1997.83
2.4710469245910645,1686.0750732421875,1,MWI,1997,IHS-I,GPWG,N,c,0,1,0,0,1997,0,1997.83
0.9406450390815735,1474.6162109375,1,MWI,1997,IHS-I,GPWG,N,c,0,1,0,0,1997,0,1997.83
11.551265716552734,261.0616149902344,1,MWI,1997,IHS-I,GPWG,N,c,0,1,0,0,1997,0,1997.83
2.026170492172241,561.665283203125,1,MWI,1997,IHS-I,GPWG,N,c,0,1,0,0,1997,0,1997.83
1.769370675086975,1296.875,1,MWI,1997,IHS-I,GPWG,N,c,0,1,0,0,1997,0,1997.83
2.4856252670288086,1264.5562744140625,1,MWI,1997,IHS-I,GPWG,N,c,0,1,0,0,1997,0,1997.83
2.87992262840271,1623.007568359375,1,MWI,1997,IHS-I,GPWG,N,c,0,1,0,0,1997,0,1997.83
4.882213592529297,453.0638122558594,1,MWI,1997,IHS-I,GPWG,N,c,0,1,0,0,1997,0,1997.83
1.6270581483840942,434.7526550292969,1,MWI,1997,IHS-I,GPWG,N,c,0,1,0,0,1997,0,1997.83
3.3653271198272705,232.25262451171875,1,MWI,1997,IHS-I,GPWG,N,c,0,1,0,0,1997,0,1997.83
1.175324559211731,1005.2027587890625,1,MWI,1997,IHS-I,GPWG,N,c,0,1,0,0,1997,0,1997.83
1.0708037614822388,1053.2972412109375,1,MWI,1997,IHS-I,GPWG,N,c,0,1,0,0,1997,0,1997.83
1.2735013961791992,1295.9490966796875,1,MWI,1997,IHS-I,GPWG,N,c,0,1,0,0,1997,0,1997.83
8.428370475769043,210.75938415527344,1,MWI,1997,IHS-I,GPWG,N,c,0,1,0,0,1997,0,1997.83
3.712524175643921,114.04545593261719,1,MWI,1997,IHS-I,GPWG,N,c,0,1,0,0,1997,0,1997.83
3.7653918266296387,1501.4852294921875,1,MWI,1997,IHS-I,GPWG,N,c,0,1,0,0,1997,0,1997.83
1.7345649003982544,677.6494140625,1,MWI,1997,IHS-I,GPWG,N,c,0,1,0,0,1997,0,1997.83
2.9337081909179688,843.0375366210938,1,MWI,1997,IHS-I,GPWG,N,c,0,1,0,0,1997,0,1997.83
1.733210563659668,632.2781372070312,1,MWI,1997,IHS-I,GPWG,N,c,0,1,0,0,1997,0,1997.83
0.7838162183761597,2395.744384765625,1,MWI,1997,IHS-I,GPWG,N,c,0,1,0,0,1997,0,1997.83
1.0588370561599731,847.061767578125,1,MWI,1997,IHS-I,GPWG,N,c,0,1,0,0,1997,0,1997.83
3.9999451637268066,1304.2579345703125,1,MWI,1997,IHS-I,GPWG,N,c,0,1,0,0,1997,0,1997.83
1.1663460731506348,677.6494140625,1,MWI,1997,IHS-I,GPWG,N,c,0,1,0,0,1997,0,1997.83
1.6283961534500122,1053.796875,1,MWI,1997,IHS-I,GPWG,N,c,0,1,0,0,1997,0,1997.83
0.7283023595809937,1161.72021484375,1,MWI,1997,IHS-I,GPWG,N,c,0,1,0,0,1997,0,1997.83
4.508345127105713,1264.5562744140625,1,MWI,1997,IHS-I,GPWG,N,c,0,1,0,0,1997,0,1997.83
1.7484115362167358,758.6937866210938,1,MWI,1997,IHS-I,GPWG,N,c,0,1,0,0,1997,0,1997.83
2.162484645843506,652.1289672851562,1,MWI,1997,IHS-I,GPWG,N,c,0,1,0,0,1997,0,1997.83
3.7029731273651123,1005.2027587890625,1,MWI,1997,IHS-I,GPWG,N,c,0,1,0,0,1997,0,1997.83
0.3906698524951935,348.3789367675781,1,MWI,1997,IHS-I,GPWG,N,c,0,1,0,0,1997,0,1997.83
4.557337760925293,541.0025024414062,1,MWI,1997,IHS-I,GPWG,N,c,0,1,0,0,1997,0,1997.83
0.6463842988014221,1352.5062255859375,1,MWI,1997,IHS-I,GPWG,N,c,0,1,0,0,1997,0,1997.83
1.1098819971084595,508.237060546875,1,MWI,1997,IHS-I,GPWG,N,c,0,1,0,0,1997,0,1997.83
1.3152854442596436,1474.6162109375,1,MWI,1997,IHS-I,GPWG,N,c,0,1,0,0,1997,0,1997.83
3.65350604057312,714.0508422851562,1,MWI,1997,IHS-I,GPWG,N,c,0,1,0,0,1997,0,1997.83
3.6001126766204834,231.7991485595703,1,MWI,1997,IHS-I,GPWG,N,c,0,1,0,0,1997,0,1997.83
3.304440975189209,1742.580322265625,1,MWI,1997,IHS-I,GPWG,N,c,0,1,0,0,1997,0,1997.83
2.2365059852600098,684.272705078125,1,MWI,1997,IHS-I,GPWG,N,c,0,1,0,0,1997,0,1997.83
0.49358052015304565,774.4801635742188,1,MWI,1997,IHS-I,GPWG,N,c,0,1,0,0,1997,0,1997.83
10.485228538513184,464.5052490234375,1,MWI,1997,IHS-I,GPWG,N,c,0,1,0,0,1997,0,1997.83
1.7346948385238647,348.3789367675781,1,MWI,1997,IHS-I,GPWG,N,c,0,1,0,0,1997,0,1997.83
1.5126551389694214,1506.4267578125,1,MWI,1997,IHS-I,GPWG,N,c,0,1,0,0,1997,0,1997.83
1.7128435373306274,973.098388671875,1,MWI,1997,IHS-I,GPWG,N,c,0,1,0,0,1997,0,1997.83
0.9097527861595154,1609.67919921875,1,MWI,1997,IHS-I,GPWG,N,c,0,1,0,0,1997,0,1997.83
1.1975890398025513,1942.1162109375,1,MWI,1997,IHS-I,GPWG,N,c,0,1,0,0,1997,0,1997.83
5.229855537414551,231.7991485595703,1,MWI,1997,IHS-I,GPWG,N,c,0,1,0,0,1997,0,1997.83
6.54863166809082,973.098388671875,1,MWI,1997,IHS-I,GPWG,N,c,0,1,0,0,1997,0,1997.83
2.7284014225006104,486.5491943359375,1,MWI,1997,IHS-I,GPWG,N,c,0,1,0,0,1997,0,1997.83
0.6956577301025391,3107.385986328125,1,MWI,1997,IHS-I,GPWG,N,c,0,1,0,0,1997,0,1997.83
3.8499090671539307,2088.492919921875,1,MWI,1997,IHS-I,GPWG,N,c,0,1,0,0,1997,0,1997.83
1.5134464502334595,1560.339599609375,1,MWI,1997,IHS-I,GPWG,N,c,0,1,0,0,1997,0,1997.83
2.5325686931610107,668.7169799804688,1,MWI,1997,IHS-I,GPWG,N,c,0,1,0,0,1997,0,1997.83
1.7250310182571411,891.6226196289062,1,MWI,1997,IHS-I,GPWG,N,c,0,1,0,0,1997,0,1997.83
2.981646776199341,983.4322509765625,1,MWI,1997,IHS-I,GPWG,N,c,0,1,0,0,1997,0,1997.83
1.7573926448822021,1437.446533203125,1,MWI,1997,IHS-I,GPWG,N,c,0,1,0,0,1997,0,1997.83
2.0244057178497314,958.2977294921875,1,MWI,1997,IHS-I,GPWG,N,c,0,1,0,0,1997,0,1997.83
2.366466760635376,973.098388671875,1,MWI,1997,IHS-I,GPWG,N,c,0,1,0,0,1997,0,1997.83
2.2738213539123535,374.4435119628906,1,MWI,1997,IHS-I,GPWG,N,c,0,1,0,0,1997,0,1997.83
6.381209373474121,421.31890869140625,1,MWI,1997,IHS-I,GPWG,N,c,0,1,0,0,1997,0,1997.83
0.804565966129303,750.7426147460938,1,MWI,1997,IHS-I,GPWG,N,c,0,1,0,0,1997,0,1997.83
0.8949621915817261,1016.47412109375,1,MWI,1997,IHS-I,GPWG,N,c,0,1,0,0,1997,0,1997.83
1.333029866218567,1256.50341796875,1,MWI,1997,IHS-I,GPWG,N,c,0,1,0,0,1997,0,1997.83
0.7087734341621399,812.8841552734375,1,MWI,1997,IHS-I,GPWG,N,c,0,1,0,0,1997,0,1997.83
4.052791118621826,1475.315673828125,1,MWI,1997,IHS-I,GPWG,N,c,0,1,0,0,1997,0,1997.83
2.47033429145813,421.5187683105469,1,MWI,1997,IHS-I,GPWG,N,c,0,1,0,0,1997,0,1997.83
5.207805633544922,786.7457885742188,1,MWI,1997,IHS-I,GPWG,N,c,0,1,0,0,1997,0,1997.83
2.3384482860565186,1256.50341796875,1,MWI,1997,IHS-I,GPWG,N,c,0,1,0,0,1997,0,1997.83
4.021986484527588,580.860107421875,1,MWI,1997,IHS-I,GPWG,N,c,0,1,0,0,1997,0,1997.83
0.7684226036071777,811.5037841796875,1,MWI,1997,IHS-I,GPWG,N,c,0,1,0,0,1997,0,1997.83
7.850338459014893,226.5319061279297,1,MWI,1997,IHS-I,GPWG,N,c,0,1,0,0,1997,0,1997.83
3.785278797149658,187.68565368652344,1,MWI,1997,IHS-I,GPWG,N,c,0,1,0,0,1997,0,1997.83
1.7554537057876587,753.21337890625,1,MWI,1997,IHS-I,GPWG,N,c,0,1,0,0,1997,0,1997.83
4.326760768890381,695.3974609375,1,MWI,1997,IHS-I,GPWG,N,c,0,1,0,0,1997,0,1997.83
3.1343910694122314,1521.63427734375,1,MWI,1997,IHS-I,GPWG,N,c,0,1,0,0,1997,0,1997.83
3.182677745819092,338.82470703125,1,MWI,1997,IHS-I,GPWG,N,c,0,1,0,0,1997,0,1997.83
2.4467031955718994,238.01695251464844,1,MWI,1997,IHS-I,GPWG,N,c,0,1,0,0,1997,0,1997.83
7.020540237426758,1086.881591796875,1,MWI,1997,IHS-I,GPWG,N,c,0,1,0,0,1997,0,1997.83
1.7200511693954468,1264.5562744140625,1,MWI,1997,IHS-I,GPWG,N,c,0,1,0,0,1997,0,1997.83
0.8112968802452087,2073.5185546875,1,MWI,1997,IHS-I,GPWG,N,c,0,1,0,0,1997,0,1997.83
1.0917643308639526,2874.89306640625,1,MWI,1997,IHS-I,GPWG,N,c,0,1,0,0,1997,0,1997.83
1.0666426420211792,1355.34033203125,1,MWI,1997,IHS-I,GPWG,N,c,0,1,0,0,1997,0,1997.83
0.8966214060783386,421.5187683105469,1,MWI,1997,IHS-I,GPWG,N,c,0,1,0,0,1997,0,1997.83
2.463876485824585,580.860107421875,1,MWI,1997,IHS-I,GPWG,N,c,0,1,0,0,1997,0,1997.83
2.3414101600646973,595.4979248046875,1,MWI,1997,IHS-I,GPWG,N,c,0,1,0,0,1997,0,1997.83
3.7608630657196045,563.0569458007812,1,MWI,1997,IHS-I,GPWG,N,c,0,1,0,0,1997,0,1997.83
2.3580684661865234,753.902099609375,1,MWI,1997,IHS-I,GPWG,N,c,0,1,0,0,1997,0,1997.83
2.431833505630493,508.237060546875,1,MWI,1997,IHS-I,GPWG,N,c,0,1,0,0,1997,0,1997.83
2.5055623054504395,1158.9957275390625,1,MWI,1997,IHS-I,GPWG,N,c,0,1,0,0,1997,0,1997.83
0.7234097719192505,1916.595458984375,1,MWI,1997,IHS-I,GPWG,N,c,0,1,0,0,1997,0,1997.83
1.4393600225448608,1553.6929931640625,1,MWI,1997,IHS-I,GPWG,N,c,0,1,0,0,1997,0,1997.83
18.3917179107666,786.7457885742188,1,MWI,1997,IHS-I,GPWG,N,c,0,1,0,0,1997,0,1997.83
5.256495475769043,421.31890869140625,1,MWI,1997,IHS-I,GPWG,N,c,0,1,0,0,1997,0,1997.83
2.4430172443389893,842.6378173828125,1,MWI,1997,IHS-I,GPWG,N,c,0,1,0,0,1997,0,1997.83
3.3242411613464355,632.2781372070312,1,MWI,1997,IHS-I,GPWG,N,c,0,1,0,0,1997,0,1997.83
2.1530585289001465,374.4435119628906,1,MWI,1997,IHS-I,GPWG,N,c,0,1,0,0,1997,0,1997.83
2.33896541595459,541.0025024414062,1,MWI,1997,IHS-I,GPWG,N,c,0,1,0,0,1997,0,1997.83
3.342750310897827,1521.63427734375,1,MWI,1997,IHS-I,GPWG,N,c,0,1,0,0,1997,0,1997.83
1.2485597133636475,753.21337890625,1,MWI,1997,IHS-I,GPWG,N,c,0,1,0,0,1997,0,1997.83
1.651875615119934,1521.63427734375,1,MWI,1997,IHS-I,GPWG,N,c,0,1,0,0,1997,0,1997.83
43.20943832397461,196.6864471435547,1,MWI,1997,IHS-I,GPWG,N,c,0,1,0,0,1997,0,1997.83
1.0709221363067627,812.8841552734375,1,MWI,1997,IHS-I,GPWG,N,c,0,1,0,0,1997,0,1997.83
1.7067309617996216,508.237060546875,1,MWI,1997,IHS-I,GPWG,N,c,0,1,0,0,1997,0,1997.83
5.978477478027344,296.79998779296875,1,MWI,1997,IHS-I,GPWG,N,c,0,1,0,0,1997,0,1997.83
0.9051003456115723,1475.315673828125,1,MWI,1997,IHS-I,GPWG,N,c,0,1,0,0,1997,0,1997.83
2.550422430038452,151.73875427246094,1,MWI,1997,IHS-I,GPWG,N,c,0,1,0,0,1997,0,1997.83
1.1269270181655884,1355.298828125,1,MWI,1997,IHS-I,GPWG,N,c,0,1,0,0,1997,0,1997.83
1.1779346466064453,774.4801635742188,1,MWI,1997,IHS-I,GPWG,N,c,0,1,0,0,1997,0,1997.83
0.8612594604492188,2395.744384765625,1,MWI,1997,IHS-I,GPWG,N,c,0,1,0,0,1997,0,1997.83
1.8662209510803223,456.18182373046875,1,MWI,1997,IHS-I,GPWG,N,c,0,1,0,0,1997,0,1997.83
5.487768650054932,632.2781372070312,1,MWI,1997,IHS-I,GPWG,N,c,0,1,0,0,1997,0,1997.83
1.501356840133667,580.860107421875,1,MWI,1997,IHS-I,GPWG,N,c,0,1,0,0,1997,0,1997.83
1.4598743915557861,847.061767578125,1,MWI,1997,IHS-I,GPWG,N,c,0,1,0,0,1997,0,1997.83
2.230508327484131,375.3713073730469,1,MWI,1997,IHS-I,GPWG,N,c,0,1,0,0,1997,0,1997.83
2.090285301208496,1255.355712890625,1,MWI,1997,IHS-I,GPWG,N,c,0,1,0,0,1997,0,1997.83
4.334508419036865,1256.50341796875,1,MWI,1997,IHS-I,GPWG,N,c,0,1,0,0,1997,0,1997.83
2.506991386413574,518.379638671875,1,MWI,1997,IHS-I,GPWG,N,c,0,1,0,0,1997,0,1997.83
3.2004823684692383,210.75938415527344,1,MWI,1997,IHS-I,GPWG,N,c,0,1,0,0,1997,0,1997.83
5.723184585571289,652.1289672851562,1,MWI,1997,IHS-I,GPWG,N,c,0,1,0,0,1997,0,1997.83
5.698080539703369,393.3728942871094,1,MWI,1997,IHS-I,GPWG,N,c,0,1,0,0,1997,0,1997.83
3.001675605773926,228.09091186523438,1,MWI,1997,IHS-I,GPWG,N,c,0,1,0,0,1997,0,1997.83
2.2385199069976807,648.7322387695312,1,MWI,1997,IHS-I,GPWG,N,c,0,1,0,0,1997,0,1997.83
2.34490966796875,518.75,1,MWI,1997,IHS-I,GPWG,N,c,0,1,0,0,1997,0,1997.83
3.058654546737671,502.14227294921875,1,MWI,1997,IHS-I,GPWG,N,c,0,1,0,0,1997,0,1997.83
2.083045482635498,1390.794921875,1,MWI,1997,IHS-I,GPWG,N,c,0,1,0,0,1997,0,1997.83
1.6299550533294678,1304.2579345703125,1,MWI,1997,IHS-I,GPWG,N,c,0,1,0,0,1997,0,1997.83
0.4478600323200226,843.0375366210938,1,MWI,1997,IHS-I,GPWG,N,c,0,1,0,0,1997,0,1997.83
2.687199354171753,1573.4915771484375,1,MWI,1997,IHS-I,GPWG,N,c,0,1,0,0,1997,0,1997.83
1.3273789882659912,1016.47412109375,1,MWI,1997,IHS-I,GPWG,N,c,0,1,0,0,1997,0,1997.83
2.65631103515625,1966.864501953125,1,MWI,1997,IHS-I,GPWG,N,c,0,1,0,0,1997,0,1997.83
2.2389578819274902,421.31890869140625,1,MWI,1997,IHS-I,GPWG,N,c,0,1,0,0,1997,0,1997.83
1.3155471086502075,1609.67919921875,1,MWI,1997,IHS-I,GPWG,N,c,0,1,0,0,1997,0,1997.83
2.1345884799957275,1553.6929931640625,1,MWI,1997,IHS-I,GPWG,N,c,0,1,0,0,1997,0,1997.83
3.443091869354248,842.6378173828125,1,MWI,1997,IHS-I,GPWG,N,c,0,1,0,0,1997,0,1997.83
3.736384630203247,421.5187683105469,1,MWI,1997,IHS-I,GPWG,N,c,0,1,0,0,1997,0,1997.83
2.2057714462280273,348.3789367675781,1,MWI,1997,IHS-I,GPWG,N,c,0,1,0,0,1997,0,1997.83
3.053220272064209,416.5296630859375,1,MWI,1997,IHS-I,GPWG,N,c,0,1,0,0,1997,0,1997.83
1.2850414514541626,302.04254150390625,1,MWI,1997,IHS-I,GPWG,N,c,0,1,0,0,1997,0,1997.83
2.2391722202301025,210.65945434570312,1,MWI,1997,IHS-I,GPWG,N,c,0,1,0,0,1997,0,1997.83
7.157783508300781,479.14886474609375,1,MWI,1997,IHS-I,GPWG,N,c,0,1,0,0,1997,0,1997.83
1.5857375860214233,338.82470703125,1,MWI,1997,IHS-I,GPWG,N,c,0,1,0,0,1997,0,1997.83
1.3007352352142334,348.3789367675781,1,MWI,1997,IHS-I,GPWG,N,c,0,1,0,0,1997,0,1997.83
1.5618772506713867,1135.2813720703125,1,MWI,1997,IHS-I,GPWG,N,c,0,1,0,0,1997,0,1997.83
3.501258373260498,232.25262451171875,1,MWI,1997,IHS-I,GPWG,N,c,0,1,0,0,1997,0,1997.83
2.386672019958496,1255.355712890625,1,MWI,1997,IHS-I,GPWG,N,c,0,1,0,0,1997,0,1997.83
1.1595455408096313,1263.956787109375,1,MWI,1997,IHS-I,GPWG,N,c,0,1,0,0,1997,0,1997.83
3.0124146938323975,786.7457885742188,1,MWI,1997,IHS-I,GPWG,N,c,0,1,0,0,1997,0,1997.83
2.3505613803863525,387.2400817871094,1,MWI,1997,IHS-I,GPWG,N,c,0,1,0,0,1997,0,1997.83
1.330904483795166,338.82470703125,1,MWI,1997,IHS-I,GPWG,N,c,0,1,0,0,1997,0,1997.83
2.476896286010742,1053.2972412109375,1,MWI,1997,IHS-I,GPWG,N,c,0,1,0,0,1997,0,1997.83
1.9296116828918457,2451.962158203125,1,MWI,1997,IHS-I,GPWG,N,c,0,1,0,0,1997,0,1997.83
2.241260528564453,1161.26318359375,1,MWI,1997,IHS-I,GPWG,N,c,0,1,0,0,1997,0,1997.83
1.6646498441696167,1037.5,1,MWI,1997,IHS-I,GPWG,N,c,0,1,0,0,1997,0,1997.83
1.190460443496704,1053.796875,1,MWI,1997,IHS-I,GPWG,N,c,0,1,0,0,1997,0,1997.83
1.890612244606018,684.272705078125,1,MWI,1997,IHS-I,GPWG,N,c,0,1,0,0,1997,0,1997.83
1.651007890701294,1255.355712890625,1,MWI,1997,IHS-I,GPWG,N,c,0,1,0,0,1997,0,1997.83
0.9432246088981628,1005.2027587890625,1,MWI,1997,IHS-I,GPWG,N,c,0,1,0,0,1997,0,1997.83
1.7312583923339844,1506.4267578125,1,MWI,1997,IHS-I,GPWG,N,c,0,1,0,0,1997,0,1997.83
1.3924527168273926,1555.138916015625,1,MWI,1997,IHS-I,GPWG,N,c,0,1,0,0,1997,0,1997.83
1.724531888961792,750.7426147460938,1,MWI,1997,IHS-I,GPWG,N,c,0,1,0,0,1997,0,1997.83
2.5658886432647705,1053.796875,1,MWI,1997,IHS-I,GPWG,N,c,0,1,0,0,1997,0,1997.83
2.4484000205993652,421.5187683105469,1,MWI,1997,IHS-I,GPWG,N,c,0,1,0,0,1997,0,1997.83
0.8443417549133301,2975.513671875,1,MWI,1997,IHS-I,GPWG,N,c,0,1,0,0,1997,0,1997.83
2.254146099090576,652.1289672851562,1,MWI,1997,IHS-I,GPWG,N,c,0,1,0,0,1997,0,1997.83
2.038621425628662,1165.269775390625,1,MWI,1997,IHS-I,GPWG,N,c,0,1,0,0,1997,0,1997.83
2.238316535949707,1622.593994140625,1,MWI,1997,IHS-I,GPWG,N,c,0,1,0,0,1997,0,1997.83
3.5737032890319824,486.5491943359375,1,MWI,1997,IHS-I,GPWG,N,c,0,1,0,0,1997,0,1997.83
2.3146278858184814,563.0569458007812,1,MWI,1997,IHS-I,GPWG,N,c,0,1,0,0,1997,0,1997.83
1.497103214263916,387.2400817871094,1,MWI,1997,IHS-I,GPWG,N,c,0,1,0,0,1997,0,1997.83
1.656888484954834,508.237060546875,1,MWI,1997,IHS-I,GPWG,N,c,0,1,0,0,1997,0,1997.83
1.0180718898773193,1053.2972412109375,1,MWI,1997,IHS-I,GPWG,N,c,0,1,0,0,1997,0,1997.83
1.513873815536499,455.21624755859375,1,MWI,1997,IHS-I,GPWG,N,c,0,1,0,0,1997,0,1997.83
2.3510046005249023,570.227294921875,1,MWI,1997,IHS-I,GPWG,N,c,0,1,0,0,1997,0,1997.83
1.565282940864563,968.1002197265625,1,MWI,1997,IHS-I,GPWG,N,c,0,1,0,0,1997,0,1997.83
6.546694278717041,677.6494140625,1,MWI,1997,IHS-I,GPWG,N,c,0,1,0,0,1997,0,1997.83
1.7155287265777588,632.2781372070312,1,MWI,1997,IHS-I,GPWG,N,c,0,1,0,0,1997,0,1997.83
1.782675862312317,748.8870239257812,1,MWI,1997,IHS-I,GPWG,N,c,0,1,0,0,1997,0,1997.83
2.30121111869812,1158.9957275390625,1,MWI,1997,IHS-I,GPWG,N,c,0,1,0,0,1997,0,1997.83
1.213873028755188,774.4801635742188,1,MWI,1997,IHS-I,GPWG,N,c,0,1,0,0,1997,0,1997.83
1.1635023355484009,1390.794921875,1,MWI,1997,IHS-I,GPWG,N,c,0,1,0,0,1997,0,1997.83
0.5951283574104309,842.6378173828125,1,MWI,1997,IHS-I,GPWG,N,c,0,1,0,0,1997,0,1997.83
3.2930517196655273,958.2977294921875,1,MWI,1997,IHS-I,GPWG,N,c,0,1,0,0,1997,0,1997.83
1.2114830017089844,1352.5062255859375,1,MWI,1997,IHS-I,GPWG,N,c,0,1,0,0,1997,0,1997.83
1.6638586521148682,570.227294921875,1,MWI,1997,IHS-I,GPWG,N,c,0,1,0,0,1997,0,1997.83
2.7830567359924316,968.1002197265625,1,MWI,1997,IHS-I,GPWG,N,c,0,1,0,0,1997,0,1997.83
1.7205151319503784,1036.75927734375,1,MWI,1997,IHS-I,GPWG,N,c,0,1,0,0,1997,0,1997.83
1.0332688093185425,2365.64990234375,1,MWI,1997,IHS-I,GPWG,N,c,0,1,0,0,1997,0,1997.83
1.6466604471206665,455.21624755859375,1,MWI,1997,IHS-I,GPWG,N,c,0,1,0,0,1997,0,1997.83
2.0105395317077637,3833.19091796875,1,MWI,1997,IHS-I,GPWG,N,c,0,1,0,0,1997,0,1997.83
2.8002965450286865,1437.446533203125,1,MWI,1997,IHS-I,GPWG,N,c,0,1,0,0,1997,0,1997.83
3.054124116897583,1296.875,1,MWI,1997,IHS-I,GPWG,N,c,0,1,0,0,1997,0,1997.83
1.3306210041046143,1437.446533203125,1,MWI,1997,IHS-I,GPWG,N,c,0,1,0,0,1997,0,1997.83
1.2210124731063843,570.227294921875,1,MWI,1997,IHS-I,GPWG,N,c,0,1,0,0,1997,0,1997.83
1.5124897956848145,1187.199951171875,1,MWI,1997,IHS-I,GPWG,N,c,0,1,0,0,1997,0,1997.83
1.2193782329559326,580.631591796875,1,MWI,1997,IHS-I,GPWG,N,c,0,1,0,0,1997,0,1997.83
6.761310577392578,742.0,1,MWI,1997,IHS-I,GPWG,N,c,0,1,0,0,1997,0,1997.83
2.148832321166992,1521.63427734375,1,MWI,1997,IHS-I,GPWG,N,c,0,1,0,0,1997,0,1997.83
9.992506980895996,393.3728942871094,1,MWI,1997,IHS-I,GPWG,N,c,0,1,0,0,1997,0,1997.83
1.086362361907959,842.6378173828125,1,MWI,1997,IHS-I,GPWG,N,c,0,1,0,0,1997,0,1997.83
1.940294623374939,580.860107421875,1,MWI,1997,IHS-I,GPWG,N,c,0,1,0,0,1997,0,1997.83
2.2339353561401367,919.816650390625,1,MWI,1997,IHS-I,GPWG,N,c,0,1,0,0,1997,0,1997.83
4.1635823249816895,357.0254211425781,1,MWI,1997,IHS-I,GPWG,N,c,0,1,0,0,1997,0,1997.83
0.7653142809867859,1355.298828125,1,MWI,1997,IHS-I,GPWG,N,c,0,1,0,0,1997,0,1997.83
2.6596810817718506,297.52117919921875,1,MWI,1997,IHS-I,GPWG,N,c,0,1,0,0,1997,0,1997.83
1.23201584815979,1053.2972412109375,1,MWI,1997,IHS-I,GPWG,N,c,0,1,0,0,1997,0,1997.83
1.3754421472549438,1053.796875,1,MWI,1997,IHS-I,GPWG,N,c,0,1,0,0,1997,0,1997.83
1.3889013528823853,464.5052490234375,1,MWI,1997,IHS-I,GPWG,N,c,0,1,0,0,1997,0,1997.83
1.0731092691421509,1622.593994140625,1,MWI,1997,IHS-I,GPWG,N,c,0,1,0,0,1997,0,1997.83
8.259719848632812,1180.11865234375,1,MWI,1997,IHS-I,GPWG,N,c,0,1,0,0,1997,0,1997.83
2.2485859394073486,375.3713073730469,1,MWI,1997,IHS-I,GPWG,N,c,0,1,0,0,1997,0,1997.83
2.293741464614868,388.4232482910156,1,MWI,1997,IHS-I,GPWG,N,c,0,1,0,0,1997,0,1997.83
4.014224052429199,114.04545593261719,1,MWI,1997,IHS-I,GPWG,N,c,0,1,0,0,1997,0,1997.83
2.2839553356170654,869.5053100585938,1,MWI,1997,IHS-I,GPWG,N,c,0,1,0,0,1997,0,1997.83
5.38698673248291,464.5052490234375,1,MWI,1997,IHS-I,GPWG,N,c,0,1,0,0,1997,0,1997.83
11.798257827758789,302.04254150390625,1,MWI,1997,IHS-I,GPWG,N,c,0,1,0,0,1997,0,1997.83
5.628368854522705,1086.881591796875,1,MWI,1997,IHS-I,GPWG,N,c,0,1,0,0,1997,0,1997.83
2.1849522590637207,1521.63427734375,1,MWI,1997,IHS-I,GPWG,N,c,0,1,0,0,1997,0,1997.83
5.756153106689453,324.3661193847656,1,MWI,1997,IHS-I,GPWG,N,c,0,1,0,0,1997,0,1997.83
1.0021719932556152,1686.0750732421875,1,MWI,1997,IHS-I,GPWG,N,c,0,1,0,0,1997,0,1997.83
2.547288417816162,652.1289672851562,1,MWI,1997,IHS-I,GPWG,N,c,0,1,0,0,1997,0,1997.83
0.9540249109268188,580.860107421875,1,MWI,1997,IHS-I,GPWG,N,c,0,1,0,0,1997,0,1997.83
2.8185951709747314,210.75938415527344,1,MWI,1997,IHS-I,GPWG,N,c,0,1,0,0,1997,0,1997.83
2.998530864715576,1042.121337890625,1,MWI,1997,IHS-I,GPWG,N,c,0,1,0,0,1997,0,1997.83
2.079360246658325,744.3724365234375,1,MWI,1997,IHS-I,GPWG,N,c,0,1,0,0,1997,0,1997.83
0.9953449964523315,1437.446533203125,1,MWI,1997,IHS-I,GPWG,N,c,0,1,0,0,1997,0,1997.83
1.2725210189819336,1622.593994140625,1,MWI,1997,IHS-I,GPWG,N,c,0,1,0,0,1997,0,1997.83
1.9578992128372192,1086.881591796875,1,MWI,1997,IHS-I,GPWG,N,c,0,1,0,0,1997,0,1997.83
1.978678822517395,116.12631225585938,1,MWI,1997,IHS-I,GPWG,N,c,0,1,0,0,1997,0,1997.83
1.0742979049682617,1355.298828125,1,MWI,1997,IHS-I,GPWG,N,c,0,1,0,0,1997,0,1997.83
2.543999195098877,228.09091186523438,1,MWI,1997,IHS-I,GPWG,N,c,0,1,0,0,1997,0,1997.83
3.4772064685821533,210.75938415527344,1,MWI,1997,IHS-I,GPWG,N,c,0,1,0,0,1997,0,1997.83
2.569331407546997,1086.881591796875,1,MWI,1997,IHS-I,GPWG,N,c,0,1,0,0,1997,0,1997.83
2.601797580718994,983.4322509765625,1,MWI,1997,IHS-I,GPWG,N,c,0,1,0,0,1997,0,1997.83
1.4620068073272705,303.4775085449219,1,MWI,1997,IHS-I,GPWG,N,c,0,1,0,0,1997,0,1997.83
1.4072439670562744,580.631591796875,1,MWI,1997,IHS-I,GPWG,N,c,0,1,0,0,1997,0,1997.83
1.4861748218536377,338.82470703125,1,MWI,1997,IHS-I,GPWG,N,c,0,1,0,0,1997,0,1997.83
2.885044574737549,910.4324951171875,1,MWI,1997,IHS-I,GPWG,N,c,0,1,0,0,1997,0,1997.83
1.3116462230682373,1264.5562744140625,1,MWI,1997,IHS-I,GPWG,N,c,0,1,0,0,1997,0,1997.83
13.96938419342041,1313.799560546875,1,MWI,1997,IHS-I,GPWG,N,c,0,1,0,0,1997,0,1997.83
1.8950251340866089,1016.47412109375,1,MWI,1997,IHS-I,GPWG,N,c,0,1,0,0,1997,0,1997.83
4.337276935577393,786.7457885742188,1,MWI,1997,IHS-I,GPWG,N,c,0,1,0,0,1997,0,1997.83
4.817473888397217,114.04545593261719,1,MWI,1997,IHS-I,GPWG,N,c,0,1,0,0,1997,0,1997.83
2.8505659103393555,210.75938415527344,1,MWI,1997,IHS-I,GPWG,N,c,0,1,0,0,1997,0,1997.83
1.1453953981399536,1296.875,1,MWI,1997,IHS-I,GPWG,N,c,0,1,0,0,1997,0,1997.83
2.2871932983398438,338.82470703125,1,MWI,1997,IHS-I,GPWG,N,c,0,1,0,0,1997,0,1997.83
1.6349592208862305,606.9550170898438,1,MWI,1997,IHS-I,GPWG,N,c,0,1,0,0,1997,0,1997.83
1.5897252559661865,2086.1923828125,1,MWI,1997,IHS-I,GPWG,N,c,0,1,0,0,1997,0,1997.83
2.0186967849731445,1854.3931884765625,1,MWI,1997,IHS-I,GPWG,N,c,0,1,0,0,1997,0,1997.83
1.0409289598464966,2365.64990234375,1,MWI,1997,IHS-I,GPWG,N,c,0,1,0,0,1997,0,1997.83
4.650884628295898,1689.1708984375,1,MWI,1997,IHS-I,GPWG,N,c,0,1,0,0,1997,0,1997.83
3.0684430599212646,847.061767578125,1,MWI,1997,IHS-I,GPWG,N,c,0,1,0,0,1997,0,1997.83
4.064286231994629,116.12631225585938,1,MWI,1997,IHS-I,GPWG,N,c,0,1,0,0,1997,0,1997.83
5.844473838806152,1956.386962890625,1,MWI,1997,IHS-I,GPWG,N,c,0,1,0,0,1997,0,1997.83
3.2678048610687256,421.31890869140625,1,MWI,1997,IHS-I,GPWG,N,c,0,1,0,0,1997,0,1997.83
0.7853869795799255,1942.1162109375,1,MWI,1997,IHS-I,GPWG,N,c,0,1,0,0,1997,0,1997.83
2.0814406871795654,259.1898193359375,1,MWI,1997,IHS-I,GPWG,N,c,0,1,0,0,1997,0,1997.83
1.2263762950897217,1337.4339599609375,1,MWI,1997,IHS-I,GPWG,N,c,0,1,0,0,1997,0,1997.83
2.3076226711273193,843.0375366210938,1,MWI,1997,IHS-I,GPWG,N,c,0,1,0,0,1997,0,1997.83
1.518010139465332,232.25262451171875,1,MWI,1997,IHS-I,GPWG,N,c,0,1,0,0,1997,0,1997.83
2.9707605838775635,1475.315673828125,1,MWI,1997,IHS-I,GPWG,N,c,0,1,0,0,1997,0,1997.83
1.9188939332962036,778.125,1,MWI,1997,IHS-I,GPWG,N,c,0,1,0,0,1997,0,1997.83
2.6680705547332764,421.5187683105469,1,MWI,1997,IHS-I,GPWG,N,c,0,1,0,0,1997,0,1997.83
0.582283616065979,1517.3875732421875,1,MWI,1997,IHS-I,GPWG,N,c,0,1,0,0,1997,0,1997.83
0.8596745133399963,632.2781372070312,1,MWI,1997,IHS-I,GPWG,N,c,0,1,0,0,1997,0,1997.83
2.1935925483703613,2261.706298828125,1,MWI,1997,IHS-I,GPWG,N,c,0,1,0,0,1997,0,1997.83
5.3691086769104,148.87448120117188,1,MWI,1997,IHS-I,GPWG,N,c,0,1,0,0,1997,0,1997.83
2.0601468086242676,750.7426147460938,1,MWI,1997,IHS-I,GPWG,N,c,0,1,0,0,1997,0,1997.83
2.782226085662842,2706.0,1,MWI,1997,IHS-I,GPWG,N,c,0,1,0,0,1997,0,1997.83
7.424910545349121,590.059326171875,1,MWI,1997,IHS-I,GPWG,N,c,0,1,0,0,1997,0,1997.83
1.4679615497589111,486.5491943359375,1,MWI,1997,IHS-I,GPWG,N,c,0,1,0,0,1997,0,1997.83
1.6699473857879639,842.6378173828125,1,MWI,1997,IHS-I,GPWG,N,c,0,1,0,0,1997,0,1997.83
1.2818331718444824,416.5296630859375,1,MWI,1997,IHS-I,GPWG,N,c,0,1,0,0,1997,0,1997.83
0.7859050631523132,1264.5562744140625,1,MWI,1997,IHS-I,GPWG,N,c,0,1,0,0,1997,0,1997.83
1.7508105039596558,677.6494140625,1,MWI,1997,IHS-I,GPWG,N,c,0,1,0,0,1997,0,1997.83
3.821840763092041,114.04545593261719,1,MWI,1997,IHS-I,GPWG,N,c,0,1,0,0,1997,0,1997.83
0.8527331948280334,1053.2972412109375,1,MWI,1997,IHS-I,GPWG,N,c,0,1,0,0,1997,0,1997.83
2.3550310134887695,753.902099609375,1,MWI,1997,IHS-I,GPWG,N,c,0,1,0,0,1997,0,1997.83
1.0527559518814087,1213.9100341796875,1,MWI,1997,IHS-I,GPWG,N,c,0,1,0,0,1997,0,1997.83
2.0350420475006104,210.75938415527344,1,MWI,1997,IHS-I,GPWG,N,c,0,1,0,0,1997,0,1997.83
1.6181647777557373,1114.5283203125,1,MWI,1997,IHS-I,GPWG,N,c,0,1,0,0,1997,0,1997.83
2.412736177444458,434.7526550292969,1,MWI,1997,IHS-I,GPWG,N,c,0,1,0,0,1997,0,1997.83
3.470553159713745,187.2217559814453,1,MWI,1997,IHS-I,GPWG,N,c,0,1,0,0,1997,0,1997.83
1.7773672342300415,1815.625,1,MWI,1997,IHS-I,GPWG,N,c,0,1,0,0,1997,0,1997.83
3.4330923557281494,1180.11865234375,1,MWI,1997,IHS-I,GPWG,N,c,0,1,0,0,1997,0,1997.83
1.5292731523513794,580.860107421875,1,MWI,1997,IHS-I,GPWG,N,c,0,1,0,0,1997,0,1997.83
3.095611572265625,1180.11865234375,1,MWI,1997,IHS-I,GPWG,N,c,0,1,0,0,1997,0,1997.83
1.7835636138916016,421.5187683105469,1,MWI,1997,IHS-I,GPWG,N,c,0,1,0,0,1997,0,1997.83
1.566025972366333,1622.593994140625,1,MWI,1997,IHS-I,GPWG,N,c,0,1,0,0,1997,0,1997.83
3.8584144115448,296.79998779296875,1,MWI,1997,IHS-I,GPWG,N,c,0,1,0,0,1997,0,1997.83
3.4810800552368164,983.4322509765625,1,MWI,1997,IHS-I,GPWG,N,c,0,1,0,0,1997,0,1997.83
0.5525006651878357,232.25262451171875,1,MWI,1997,IHS-I,GPWG,N,c,0,1,0,0,1997,0,1997.83
1.890114188194275,508.237060546875,1,MWI,1997,IHS-I,GPWG,N,c,0,1,0,0,1997,0,1997.83
0.5202291011810303,631.9783935546875,1,MWI,1997,IHS-I,GPWG,N,c,0,1,0,0,1997,0,1997.83
1.8176754713058472,1971.375,1,MWI,1997,IHS-I,GPWG,N,c,0,1,0,0,1997,0,1997.83
3.8956844806671143,324.3661193847656,1,MWI,1997,IHS-I,GPWG,N,c,0,1,0,0,1997,0,1997.83
5.885725021362305,508.237060546875,1,MWI,1997,IHS-I,GPWG,N,c,0,1,0,0,1997,0,1997.83
2.6897928714752197,348.3789367675781,1,MWI,1997,IHS-I,GPWG,N,c,0,1,0,0,1997,0,1997.83
4.989062786102295,502.60137939453125,1,MWI,1997,IHS-I,GPWG,N,c,0,1,0,0,1997,0,1997.83
1.5474244356155396,1037.5,1,MWI,1997,IHS-I,GPWG,N,c,0,1,0,0,1997,0,1997.83
3.735807180404663,753.902099609375,1,MWI,1997,IHS-I,GPWG,N,c,0,1,0,0,1997,0,1997.83
7.484044075012207,421.5187683105469,1,MWI,1997,IHS-I,GPWG,N,c,0,1,0,0,1997,0,1997.83
1.4130706787109375,1501.4852294921875,1,MWI,1997,IHS-I,GPWG,N,c,0,1,0,0,1997,0,1997.83
3.841463565826416,1305.30810546875,1,MWI,1997,IHS-I,GPWG,N,c,0,1,0,0,1997,0,1997.83
2.6558709144592285,502.60137939453125,1,MWI,1997,IHS-I,GPWG,N,c,0,1,0,0,1997,0,1997.83
2.1554174423217773,1165.269775390625,1,MWI,1997,IHS-I,GPWG,N,c,0,1,0,0,1997,0,1997.83
1.5195610523223877,631.9783935546875,1,MWI,1997,IHS-I,GPWG,N,c,0,1,0,0,1997,0,1997.83
1.2626265287399292,446.6234436035156,1,MWI,1997,IHS-I,GPWG,N,c,0,1,0,0,1997,0,1997.83
5.798025131225586,502.14227294921875,1,MWI,1997,IHS-I,GPWG,N,c,0,1,0,0,1997,0,1997.83
2.9231441020965576,416.5296630859375,1,MWI,1997,IHS-I,GPWG,N,c,0,1,0,0,1997,0,1997.83
3.1479923725128174,231.7991485595703,1,MWI,1997,IHS-I,GPWG,N,c,0,1,0,0,1997,0,1997.83
3.4482758045196533,604.0850830078125,1,MWI,1997,IHS-I,GPWG,N,c,0,1,0,0,1997,0,1997.83
2.8228838443756104,178.51271057128906,1,MWI,1997,IHS-I,GPWG,N,c,0,1,0,0,1997,0,1997.83
1.4839565753936768,631.9783935546875,1,MWI,1997,IHS-I,GPWG,N,c,0,1,0,0,1997,0,1997.83
2.6362807750701904,958.2977294921875,1,MWI,1997,IHS-I,GPWG,N,c,0,1,0,0,1997,0,1997.83
3.7584590911865234,786.7457885742188,1,MWI,1997,IHS-I,GPWG,N,c,0,1,0,0,1997,0,1997.83
1.2650502920150757,774.4801635742188,1,MWI,1997,IHS-I,GPWG,N,c,0,1,0,0,1997,0,1997.83
4.349159240722656,374.4435119628906,1,MWI,1997,IHS-I,GPWG,N,c,0,1,0,0,1997,0,1997.83
2.953986883163452,377.55316162109375,1,MWI,1997,IHS-I,GPWG,N,c,0,1,0,0,1997,0,1997.83
1.6817574501037598,1213.9100341796875,1,MWI,1997,IHS-I,GPWG,N,c,0,1,0,0,1997,0,1997.83
1.6176948547363281,631.9783935546875,1,MWI,1997,IHS-I,GPWG,N,c,0,1,0,0,1997,0,1997.83
4.67246675491333,196.6864471435547,1,MWI,1997,IHS-I,GPWG,N,c,0,1,0,0,1997,0,1997.83
2.279862642288208,1916.595458984375,1,MWI,1997,IHS-I,GPWG,N,c,0,1,0,0,1997,0,1997.83
6.616671085357666,1297.4644775390625,1,MWI,1997,IHS-I,GPWG,N,c,0,1,0,0,1997,0,1997.83
0.3324142396450043,968.1002197265625,1,MWI,1997,IHS-I,GPWG,N,c,0,1,0,0,1997,0,1997.83
0.2699318528175354,968.1002197265625,1,MWI,1997,IHS-I,GPWG,N,c,0,1,0,0,1997,0,1997.83
3.200535535812378,119.00847625732422,1,MWI,1997,IHS-I,GPWG,N,c,0,1,0,0,1997,0,1997.83
1.9968235492706299,606.9550170898438,1,MWI,1997,IHS-I,GPWG,N,c,0,1,0,0,1997,0,1997.83
3.9804084300994873,434.7526550292969,1,MWI,1997,IHS-I,GPWG,N,c,0,1,0,0,1997,0,1997.83
1.4141103029251099,869.5053100585938,1,MWI,1997,IHS-I,GPWG,N,c,0,1,0,0,1997,0,1997.83
1.7997620105743408,648.7322387695312,1,MWI,1997,IHS-I,GPWG,N,c,0,1,0,0,1997,0,1997.83
1.1546220779418945,631.9783935546875,1,MWI,1997,IHS-I,GPWG,N,c,0,1,0,0,1997,0,1997.83
2.25044322013855,1916.595458984375,1,MWI,1997,IHS-I,GPWG,N,c,0,1,0,0,1997,0,1997.83
7.830488204956055,1180.11865234375,1,MWI,1997,IHS-I,GPWG,N,c,0,1,0,0,1997,0,1997.83
2.26454496383667,535.5381469726562,1,MWI,1997,IHS-I,GPWG,N,c,0,1,0,0,1997,0,1997.83
5.657436847686768,2950.63134765625,1,MWI,1997,IHS-I,GPWG,N,c,0,1,0,0,1997,0,1997.83
1.1803613901138306,1264.5562744140625,1,MWI,1997,IHS-I,GPWG,N,c,0,1,0,0,1997,0,1997.83
4.419156551361084,798.3181762695312,1,MWI,1997,IHS-I,GPWG,N,c,0,1,0,0,1997,0,1997.83
2.818814754486084,387.2400817871094,1,MWI,1997,IHS-I,GPWG,N,c,0,1,0,0,1997,0,1997.83
2.4806954860687256,1956.386962890625,1,MWI,1997,IHS-I,GPWG,N,c,0,1,0,0,1997,0,1997.83
1.2710578441619873,2073.5185546875,1,MWI,1997,IHS-I,GPWG,N,c,0,1,0,0,1997,0,1997.83
3.3539822101593018,1556.25,1,MWI,1997,IHS-I,GPWG,N,c,0,1,0,0,1997,0,1997.83
9.647706031799316,261.0616149902344,1,MWI,1997,IHS-I,GPWG,N,c,0,1,0,0,1997,0,1997.83
0.6720930933952332,3107.385986328125,1,MWI,1997,IHS-I,GPWG,N,c,0,1,0,0,1997,0,1997.83
1.530876636505127,464.5052490234375,1,MWI,1997,IHS-I,GPWG,N,c,0,1,0,0,1997,0,1997.83
2.8488385677337646,750.7426147460938,1,MWI,1997,IHS-I,GPWG,N,c,0,1,0,0,1997,0,1997.83
1.266746163368225,1757.4979248046875,1,MWI,1997,IHS-I,GPWG,N,c,0,1,0,0,1997,0,1997.83
2.371208429336548,387.2400817871094,1,MWI,1997,IHS-I,GPWG,N,c,0,1,0,0,1997,0,1997.83
1.0418533086776733,535.5381469726562,1,MWI,1997,IHS-I,GPWG,N,c,0,1,0,0,1997,0,1997.83
2.542739152908325,1475.315673828125,1,MWI,1997,IHS-I,GPWG,N,c,0,1,0,0,1997,0,1997.83
1.2999975681304932,677.6494140625,1,MWI,1997,IHS-I,GPWG,N,c,0,1,0,0,1997,0,1997.83
6.419020175933838,753.902099609375,1,MWI,1997,IHS-I,GPWG,N,c,0,1,0,0,1997,0,1997.83
2.9280455112457275,753.902099609375,1,MWI,1997,IHS-I,GPWG,N,c,0,1,0,0,1997,0,1997.83
1.2347140312194824,1004.2845458984375,1,MWI,1997,IHS-I,GPWG,N,c,0,1,0,0,1997,0,1997.83
2.1730334758758545,919.816650390625,1,MWI,1997,IHS-I,GPWG,N,c,0,1,0,0,1997,0,1997.83
3.9524495601654053,927.1965942382812,1,MWI,1997,IHS-I,GPWG,N,c,0,1,0,0,1997,0,1997.83
0.6053982377052307,387.2400817871094,1,MWI,1997,IHS-I,GPWG,N,c,0,1,0,0,1997,0,1997.83
2.674833297729492,811.5037841796875,1,MWI,1997,IHS-I,GPWG,N,c,0,1,0,0,1997,0,1997.83
1.027446985244751,2874.89306640625,1,MWI,1997,IHS-I,GPWG,N,c,0,1,0,0,1997,0,1997.83
2.2518930435180664,387.2400817871094,1,MWI,1997,IHS-I,GPWG,N,c,0,1,0,0,1997,0,1997.83
1.378844976425171,1295.9490966796875,1,MWI,1997,IHS-I,GPWG,N,c,0,1,0,0,1997,0,1997.83
2.641710042953491,753.902099609375,1,MWI,1997,IHS-I,GPWG,N,c,0,1,0,0,1997,0,1997.83
1.412174105644226,677.6494140625,1,MWI,1997,IHS-I,GPWG,N,c,0,1,0,0,1997,0,1997.83
3.2779593467712402,210.65945434570312,1,MWI,1997,IHS-I,GPWG,N,c,0,1,0,0,1997,0,1997.83
1.0778261423110962,421.31890869140625,1,MWI,1997,IHS-I,GPWG,N,c,0,1,0,0,1997,0,1997.83
2.690195083618164,843.0375366210938,1,MWI,1997,IHS-I,GPWG,N,c,0,1,0,0,1997,0,1997.83
3.818465232849121,375.3713073730469,1,MWI,1997,IHS-I,GPWG,N,c,0,1,0,0,1997,0,1997.83
33.722801208496094,196.6864471435547,1,MWI,1997,IHS-I,GPWG,N,c,0,1,0,0,1997,0,1997.83
2.643187999725342,1304.2579345703125,1,MWI,1997,IHS-I,GPWG,N,c,0,1,0,0,1997,0,1997.83
0.8852543830871582,1256.50341796875,1,MWI,1997,IHS-I,GPWG,N,c,0,1,0,0,1997,0,1997.83
7.500932216644287,595.0423583984375,1,MWI,1997,IHS-I,GPWG,N,c,0,1,0,0,1997,0,1997.83
1.8374272584915161,570.227294921875,1,MWI,1997,IHS-I,GPWG,N,c,0,1,0,0,1997,0,1997.83
0.7864999771118164,1686.0750732421875,1,MWI,1997,IHS-I,GPWG,N,c,0,1,0,0,1997,0,1997.83
2.517219066619873,753.902099609375,1,MWI,1997,IHS-I,GPWG,N,c,0,1,0,0,1997,0,1997.83
2.1212451457977295,778.125,1,MWI,1997,IHS-I,GPWG,N,c,0,1,0,0,1997,0,1997.83
2.377044439315796,421.31890869140625,1,MWI,1997,IHS-I,GPWG,N,c,0,1,0,0,1997,0,1997.83
8.615336418151855,1305.30810546875,1,MWI,1997,IHS-I,GPWG,N,c,0,1,0,0,1997,0,1997.83
2.869472026824951,2705.012451171875,1,MWI,1997,IHS-I,GPWG,N,c,0,1,0,0,1997,0,1997.83
1.5167405605316162,1313.799560546875,1,MWI,1997,IHS-I,GPWG,N,c,0,1,0,0,1997,0,1997.83
1.600049614906311,502.14227294921875,1,MWI,1997,IHS-I,GPWG,N,c,0,1,0,0,1997,0,1997.83
2.7380824089050293,632.2781372070312,1,MWI,1997,IHS-I,GPWG,N,c,0,1,0,0,1997,0,1997.83
5.637707710266113,786.7457885742188,1,MWI,1997,IHS-I,GPWG,N,c,0,1,0,0,1997,0,1997.83
1.2362339496612549,1337.4339599609375,1,MWI,1997,IHS-I,GPWG,N,c,0,1,0,0,1997,0,1997.83
0.9127398133277893,1161.72021484375,1,MWI,1997,IHS-I,GPWG,N,c,0,1,0,0,1997,0,1997.83
2.7318904399871826,748.8870239257812,1,MWI,1997,IHS-I,GPWG,N,c,0,1,0,0,1997,0,1997.83
1.532158374786377,1757.4979248046875,1,MWI,1997,IHS-I,GPWG,N,c,0,1,0,0,1997,0,1997.83
1.5310193300247192,810.915283203125,1,MWI,1997,IHS-I,GPWG,N,c,0,1,0,0,1997,0,1997.83
3.3180150985717773,2874.89306640625,1,MWI,1997,IHS-I,GPWG,N,c,0,1,0,0,1997,0,1997.83
1.3095982074737549,2874.89306640625,1,MWI,1997,IHS-I,GPWG,N,c,0,1,0,0,1997,0,1997.83
12.030044555664062,783.184814453125,1,MWI,1997,IHS-I,GPWG,N,c,0,1,0,0,1997,0,1997.83
2.0321781635284424,463.5982971191406,1,MWI,1997,IHS-I,GPWG,N,c,0,1,0,0,1997,0,1997.83
1.1747455596923828,232.25262451171875,1,MWI,1997,IHS-I,GPWG,N,c,0,1,0,0,1997,0,1997.83
2.4542882442474365,606.9550170898438,1,MWI,1997,IHS-I,GPWG,N,c,0,1,0,0,1997,0,1997.83
1.0042469501495361,842.6378173828125,1,MWI,1997,IHS-I,GPWG,N,c,0,1,0,0,1997,0,1997.83
2.061985969543457,1004.2845458984375,1,MWI,1997,IHS-I,GPWG,N,c,0,1,0,0,1997,0,1997.83
1.1437435150146484,486.5491943359375,1,MWI,1997,IHS-I,GPWG,N,c,0,1,0,0,1997,0,1997.83
2.029384136199951,938.4282836914062,1,MWI,1997,IHS-I,GPWG,N,c,0,1,0,0,1997,0,1997.83
1.5158601999282837,927.1965942382812,1,MWI,1997,IHS-I,GPWG,N,c,0,1,0,0,1997,0,1997.83
2.6590499877929688,1390.794921875,1,MWI,1997,IHS-I,GPWG,N,c,0,1,0,0,1997,0,1997.83
3.9592580795288086,187.68565368652344,1,MWI,1997,IHS-I,GPWG,N,c,0,1,0,0,1997,0,1997.83
0.4878644645214081,812.8841552734375,1,MWI,1997,IHS-I,GPWG,N,c,0,1,0,0,1997,0,1997.83
0.6767978668212891,2332.70849609375,1,MWI,1997,IHS-I,GPWG,N,c,0,1,0,0,1997,0,1997.83
1.5146597623825073,684.272705078125,1,MWI,1997,IHS-I,GPWG,N,c,0,1,0,0,1997,0,1997.83
3.286365032196045,1053.796875,1,MWI,1997,IHS-I,GPWG,N,c,0,1,0,0,1997,0,1997.83
1.2994672060012817,210.65945434570312,1,MWI,1997,IHS-I,GPWG,N,c,0,1,0,0,1997,0,1997.83
2.083616256713867,528.574462890625,1,MWI,1997,IHS-I,GPWG,N,c,0,1,0,0,1997,0,1997.83
0.9571709632873535,1916.595458984375,1,MWI,1997,IHS-I,GPWG,N,c,0,1,0,0,1997,0,1997.83
6.957377910614014,151.02127075195312,1,MWI,1997,IHS-I,GPWG,N,c,0,1,0,0,1997,0,1997.83
2.35237717628479,169.412353515625,1,MWI,1997,IHS-I,GPWG,N,c,0,1,0,0,1997,0,1997.83
1.3305624723434448,1053.2972412109375,1,MWI,1997,IHS-I,GPWG,N,c,0,1,0,0,1997,0,1997.83
2.8250732421875,455.21624755859375,1,MWI,1997,IHS-I,GPWG,N,c,0,1,0,0,1997,0,1997.83
6.187223434448242,434.7526550292969,1,MWI,1997,IHS-I,GPWG,N,c,0,1,0,0,1997,0,1997.83
2.6783251762390137,580.860107421875,1,MWI,1997,IHS-I,GPWG,N,c,0,1,0,0,1997,0,1997.83
0.40270236134529114,1053.2972412109375,1,MWI,1997,IHS-I,GPWG,N,c,0,1,0,0,1997,0,1997.83
5.840742111206055,338.82470703125,1,MWI,1997,IHS-I,GPWG,N,c,0,1,0,0,1997,0,1997.83
2.3355605602264404,631.9783935546875,1,MWI,1997,IHS-I,GPWG,N,c,0,1,0,0,1997,0,1997.83
3.2071890830993652,755.1063232421875,1,MWI,1997,IHS-I,GPWG,N,c,0,1,0,0,1997,0,1997.83
1.746889352798462,1264.5562744140625,1,MWI,1997,IHS-I,GPWG,N,c,0,1,0,0,1997,0,1997.83
3.7098617553710938,162.1830596923828,1,MWI,1997,IHS-I,GPWG,N,c,0,1,0,0,1997,0,1997.83
1.746131181716919,1971.375,1,MWI,1997,IHS-I,GPWG,N,c,0,1,0,0,1997,0,1997.83
1.5307340621948242,1390.794921875,1,MWI,1997,IHS-I,GPWG,N,c,0,1,0,0,1997,0,1997.83
1.7405112981796265,1475.315673828125,1,MWI,1997,IHS-I,GPWG,N,c,0,1,0,0,1997,0,1997.83
0.6708455681800842,464.5052490234375,1,MWI,1997,IHS-I,GPWG,N,c,0,1,0,0,1997,0,1997.83
2.029895544052124,1632.39990234375,1,MWI,1997,IHS-I,GPWG,N,c,0,1,0,0,1997,0,1997.83
0.6931832432746887,812.8841552734375,1,MWI,1997,IHS-I,GPWG,N,c,0,1,0,0,1997,0,1997.83
2.6579411029815674,1082.0050048828125,1,MWI,1997,IHS-I,GPWG,N,c,0,1,0,0,1997,0,1997.83
1.3675285577774048,968.1002197265625,1,MWI,1997,IHS-I,GPWG,N,c,0,1,0,0,1997,0,1997.83
2.432636260986328,936.1087646484375,1,MWI,1997,IHS-I,GPWG,N,c,0,1,0,0,1997,0,1997.83
13.846844673156738,421.31890869140625,1,MWI,1997,IHS-I,GPWG,N,c,0,1,0,0,1997,0,1997.83
1.9865471124649048,2330.53955078125,1,MWI,1997,IHS-I,GPWG,N,c,0,1,0,0,1997,0,1997.83
1.3918232917785645,2032.9482421875,1,MWI,1997,IHS-I,GPWG,N,c,0,1,0,0,1997,0,1997.83
4.5134968757629395,196.6864471435547,1,MWI,1997,IHS-I,GPWG,N,c,0,1,0,0,1997,0,1997.83
17.850250244140625,357.0254211425781,1,MWI,1997,IHS-I,GPWG,N,c,0,1,0,0,1997,0,1997.83
0.7655976414680481,3833.19091796875,1,MWI,1997,IHS-I,GPWG,N,c,0,1,0,0,1997,0,1997.83
3.899125337600708,1180.11865234375,1,MWI,1997,IHS-I,GPWG,N,c,0,1,0,0,1997,0,1997.83
1.0322635173797607,842.6378173828125,1,MWI,1997,IHS-I,GPWG,N,c,0,1,0,0,1997,0,1997.83
0.42024311423301697,774.4801635742188,1,MWI,1997,IHS-I,GPWG,N,c,0,1,0,0,1997,0,1997.83
1.2985436916351318,843.0375366210938,1,MWI,1997,IHS-I,GPWG,N,c,0,1,0,0,1997,0,1997.83
2.6979382038116455,689.8624877929688,1,MWI,1997,IHS-I,GPWG,N,c,0,1,0,0,1997,0,1997.83
2.7625184059143066,1548.9603271484375,1,MWI,1997,IHS-I,GPWG,N,c,0,1,0,0,1997,0,1997.83
3.24985408782959,774.4801635742188,1,MWI,1997,IHS-I,GPWG,N,c,0,1,0,0,1997,0,1997.83
1.4428478479385376,1553.6929931640625,1,MWI,1997,IHS-I,GPWG,N,c,0,1,0,0,1997,0,1997.83
2.8163719177246094,893.2468872070312,1,MWI,1997,IHS-I,GPWG,N,c,0,1,0,0,1997,0,1997.83
1.044203519821167,1437.446533203125,1,MWI,1997,IHS-I,GPWG,N,c,0,1,0,0,1997,0,1997.83
2.6425561904907227,303.4775085449219,1,MWI,1997,IHS-I,GPWG,N,c,0,1,0,0,1997,0,1997.83
3.7884461879730225,753.902099609375,1,MWI,1997,IHS-I,GPWG,N,c,0,1,0,0,1997,0,1997.83
1.9713855981826782,750.7426147460938,1,MWI,1997,IHS-I,GPWG,N,c,0,1,0,0,1997,0,1997.83
5.510905742645264,1893.5087890625,1,MWI,1997,IHS-I,GPWG,N,c,0,1,0,0,1997,0,1997.83
4.157418727874756,632.2781372070312,1,MWI,1997,IHS-I,GPWG,N,c,0,1,0,0,1997,0,1997.83
1.1255042552947998,1548.9603271484375,1,MWI,1997,IHS-I,GPWG,N,c,0,1,0,0,1997,0,1997.83
2.024946928024292,774.4801635742188,1,MWI,1997,IHS-I,GPWG,N,c,0,1,0,0,1997,0,1997.83
3.2692129611968994,689.8624877929688,1,MWI,1997,IHS-I,GPWG,N,c,0,1,0,0,1997,0,1997.83
1.5052199363708496,2759.925048828125,1,MWI,1997,IHS-I,GPWG,N,c,0,1,0,0,1997,0,1997.83
1.2914493083953857,1553.6929931640625,1,MWI,1997,IHS-I,GPWG,N,c,0,1,0,0,1997,0,1997.83
2.18568754196167,758.6937866210938,1,MWI,1997,IHS-I,GPWG,N,c,0,1,0,0,1997,0,1997.83
0.3319701552391052,1814.3287353515625,1,MWI,1997,IHS-I,GPWG,N,c,0,1,0,0,1997,0,1997.83
2.3513295650482178,893.2468872070312,1,MWI,1997,IHS-I,GPWG,N,c,0,1,0,0,1997,0,1997.83
0.5600795745849609,1016.47412109375,1,MWI,1997,IHS-I,GPWG,N,c,0,1,0,0,1997,0,1997.83
1.9495972394943237,1256.50341796875,1,MWI,1997,IHS-I,GPWG,N,c,0,1,0,0,1997,0,1997.83
4.0682291984558105,231.7991485595703,1,MWI,1997,IHS-I,GPWG,N,c,0,1,0,0,1997,0,1997.83
1.4930580854415894,1256.50341796875,1,MWI,1997,IHS-I,GPWG,N,c,0,1,0,0,1997,0,1997.83
6.564191818237305,374.4435119628906,1,MWI,1997,IHS-I,GPWG,N,c,0,1,0,0,1997,0,1997.83
5.640751361846924,869.5053100585938,1,MWI,1997,IHS-I,GPWG,N,c,0,1,0,0,1997,0,1997.83
3.1437909603118896,973.098388671875,1,MWI,1997,IHS-I,GPWG,N,c,0,1,0,0,1997,0,1997.83
2.2523915767669678,1082.0050048828125,1,MWI,1997,IHS-I,GPWG,N,c,0,1,0,0,1997,0,1997.83
3.3636317253112793,786.7457885742188,1,MWI,1997,IHS-I,GPWG,N,c,0,1,0,0,1997,0,1997.83
11.53972339630127,261.0616149902344,1,MWI,1997,IHS-I,GPWG,N,c,0,1,0,0,1997,0,1997.83
1.5288758277893066,348.3789367675781,1,MWI,1997,IHS-I,GPWG,N,c,0,1,0,0,1997,0,1997.83
1.5672050714492798,1506.4267578125,1,MWI,1997,IHS-I,GPWG,N,c,0,1,0,0,1997,0,1997.83
2.4200823307037354,3608.0,1,MWI,1997,IHS-I,GPWG,N,c,0,1,0,0,1997,0,1997.83
2.2710483074188232,580.860107421875,1,MWI,1997,IHS-I,GPWG,N,c,0,1,0,0,1997,0,1997.83
2.258382797241211,1256.50341796875,1,MWI,1997,IHS-I,GPWG,N,c,0,1,0,0,1997,0,1997.83
1.5836738348007202,580.860107421875,1,MWI,1997,IHS-I,GPWG,N,c,0,1,0,0,1997,0,1997.83
0.5746498703956604,1757.4979248046875,1,MWI,1997,IHS-I,GPWG,N,c,0,1,0,0,1997,0,1997.83
1.9239370822906494,753.21337890625,1,MWI,1997,IHS-I,GPWG,N,c,0,1,0,0,1997,0,1997.83
2.523329019546509,151.73875427246094,1,MWI,1997,IHS-I,GPWG,N,c,0,1,0,0,1997,0,1997.83
2.2524383068084717,696.7578735351562,1,MWI,1997,IHS-I,GPWG,N,c,0,1,0,0,1997,0,1997.83
4.286971092224121,869.5053100585938,1,MWI,1997,IHS-I,GPWG,N,c,0,1,0,0,1997,0,1997.83
1.1824146509170532,812.8841552734375,1,MWI,1997,IHS-I,GPWG,N,c,0,1,0,0,1997,0,1997.83
43.67399597167969,1573.4915771484375,1,MWI,1997,IHS-I,GPWG,N,c,0,1,0,0,1997,0,1997.83
64.46951293945312,1044.2464599609375,1,MWI,1997,IHS-I,GPWG,N,c,0,1,0,0,1997,0,1997.83
1.7585487365722656,456.18182373046875,1,MWI,1997,IHS-I,GPWG,N,c,0,1,0,0,1997,0,1997.83
2.9002344608306885,324.3661193847656,1,MWI,1997,IHS-I,GPWG,N,c,0,1,0,0,1997,0,1997.83
2.419205665588379,1437.446533203125,1,MWI,1997,IHS-I,GPWG,N,c,0,1,0,0,1997,0,1997.83
2.4326891899108887,786.7457885742188,1,MWI,1997,IHS-I,GPWG,N,c,0,1,0,0,1997,0,1997.83
2.679154634475708,843.0375366210938,1,MWI,1997,IHS-I,GPWG,N,c,0,1,0,0,1997,0,1997.83
0.406785249710083,1313.799560546875,1,MWI,1997,IHS-I,GPWG,N,c,0,1,0,0,1997,0,1997.83
2.829601526260376,1053.796875,1,MWI,1997,IHS-I,GPWG,N,c,0,1,0,0,1997,0,1997.83
1.496725082397461,843.0375366210938,1,MWI,1997,IHS-I,GPWG,N,c,0,1,0,0,1997,0,1997.83
2.2584080696105957,570.227294921875,1,MWI,1997,IHS-I,GPWG,N,c,0,1,0,0,1997,0,1997.83
0.5429622530937195,811.5037841796875,1,MWI,1997,IHS-I,GPWG,N,c,0,1,0,0,1997,0,1997.83
1.240424633026123,464.5052490234375,1,MWI,1997,IHS-I,GPWG,N,c,0,1,0,0,1997,0,1997.83
1.5036007165908813,684.272705078125,1,MWI,1997,IHS-I,GPWG,N,c,0,1,0,0,1997,0,1997.83
14.043119430541992,375.3713073730469,1,MWI,1997,IHS-I,GPWG,N,c,0,1,0,0,1997,0,1997.83
2.7362942695617676,486.5491943359375,1,MWI,1997,IHS-I,GPWG,N,c,0,1,0,0,1997,0,1997.83
1.389522671699524,3495.809326171875,1,MWI,1997,IHS-I,GPWG,N,c,0,1,0,0,1997,0,1997.83
3.021878719329834,1086.881591796875,1,MWI,1997,IHS-I,GPWG,N,c,0,1,0,0,1997,0,1997.83
5.2881388664245605,421.5187683105469,1,MWI,1997,IHS-I,GPWG,N,c,0,1,0,0,1997,0,1997.83
1.4473075866699219,1037.5,1,MWI,1997,IHS-I,GPWG,N,c,0,1,0,0,1997,0,1997.83
2.0593512058258057,927.1965942382812,1,MWI,1997,IHS-I,GPWG,N,c,0,1,0,0,1997,0,1997.83
2.2219431400299072,232.25262451171875,1,MWI,1997,IHS-I,GPWG,N,c,0,1,0,0,1997,0,1997.83
1.9123305082321167,486.5491943359375,1,MWI,1997,IHS-I,GPWG,N,c,0,1,0,0,1997,0,1997.83
1.7804524898529053,1053.2972412109375,1,MWI,1997,IHS-I,GPWG,N,c,0,1,0,0,1997,0,1997.83
20.778587341308594,297.74896240234375,1,MWI,1997,IHS-I,GPWG,N,c,0,1,0,0,1997,0,1997.83
0.740893542766571,1082.0050048828125,1,MWI,1997,IHS-I,GPWG,N,c,0,1,0,0,1997,0,1997.83
1.5345185995101929,652.1289672851562,1,MWI,1997,IHS-I,GPWG,N,c,0,1,0,0,1997,0,1997.83
1.708462119102478,421.5187683105469,1,MWI,1997,IHS-I,GPWG,N,c,0,1,0,0,1997,0,1997.83
0.6673120260238647,1062.1712646484375,1,MWI,1997,IHS-I,GPWG,N,c,0,1,0,0,1997,0,1997.83
4.111708164215088,1180.11865234375,1,MWI,1997,IHS-I,GPWG,N,c,0,1,0,0,1997,0,1997.83
1.439517855644226,810.915283203125,1,MWI,1997,IHS-I,GPWG,N,c,0,1,0,0,1997,0,1997.83
1.8522319793701172,684.272705078125,1,MWI,1997,IHS-I,GPWG,N,c,0,1,0,0,1997,0,1997.83
0.634595513343811,1053.2972412109375,1,MWI,1997,IHS-I,GPWG,N,c,0,1,0,0,1997,0,1997.83
2.8335728645324707,2164.010009765625,1,MWI,1997,IHS-I,GPWG,N,c,0,1,0,0,1997,0,1997.83
5.371615409851074,810.915283203125,1,MWI,1997,IHS-I,GPWG,N,c,0,1,0,0,1997,0,1997.83
2.0024235248565674,455.21624755859375,1,MWI,1997,IHS-I,GPWG,N,c,0,1,0,0,1997,0,1997.83
1.492798089981079,1036.75927734375,1,MWI,1997,IHS-I,GPWG,N,c,0,1,0,0,1997,0,1997.83
2.557744026184082,1161.26318359375,1,MWI,1997,IHS-I,GPWG,N,c,0,1,0,0,1997,0,1997.83
1.5710787773132324,1182.824951171875,1,MWI,1997,IHS-I,GPWG,N,c,0,1,0,0,1997,0,1997.83
1.8254889249801636,338.82470703125,1,MWI,1997,IHS-I,GPWG,N,c,0,1,0,0,1997,0,1997.83
0.924032986164093,2874.89306640625,1,MWI,1997,IHS-I,GPWG,N,c,0,1,0,0,1997,0,1997.83
1.7863892316818237,1264.5562744140625,1,MWI,1997,IHS-I,GPWG,N,c,0,1,0,0,1997,0,1997.83
2.028618574142456,750.7426147460938,1,MWI,1997,IHS-I,GPWG,N,c,0,1,0,0,1997,0,1997.83
1.3633053302764893,843.0375366210938,1,MWI,1997,IHS-I,GPWG,N,c,0,1,0,0,1997,0,1997.83
2.117482900619507,968.1002197265625,1,MWI,1997,IHS-I,GPWG,N,c,0,1,0,0,1997,0,1997.83
2.6897261142730713,541.0025024414062,1,MWI,1997,IHS-I,GPWG,N,c,0,1,0,0,1997,0,1997.83
1.6843043565750122,259.375,1,MWI,1997,IHS-I,GPWG,N,c,0,1,0,0,1997,0,1997.83
1.7680158615112305,753.21337890625,1,MWI,1997,IHS-I,GPWG,N,c,0,1,0,0,1997,0,1997.83
1.5711591243743896,1114.5283203125,1,MWI,1997,IHS-I,GPWG,N,c,0,1,0,0,1997,0,1997.83
1.8418508768081665,1556.25,1,MWI,1997,IHS-I,GPWG,N,c,0,1,0,0,1997,0,1997.83
12.385862350463867,1305.30810546875,1,MWI,1997,IHS-I,GPWG,N,c,0,1,0,0,1997,0,1997.83
1.601288914680481,810.915283203125,1,MWI,1997,IHS-I,GPWG,N,c,0,1,0,0,1997,0,1997.83
1.7033679485321045,1004.2845458984375,1,MWI,1997,IHS-I,GPWG,N,c,0,1,0,0,1997,0,1997.83
1.7526044845581055,508.237060546875,1,MWI,1997,IHS-I,GPWG,N,c,0,1,0,0,1997,0,1997.83
0.5841708183288574,1053.796875,1,MWI,1997,IHS-I,GPWG,N,c,0,1,0,0,1997,0,1997.83
1.9175019264221191,1313.799560546875,1,MWI,1997,IHS-I,GPWG,N,c,0,1,0,0,1997,0,1997.83
17.839149475097656,148.87448120117188,1,MWI,1997,IHS-I,GPWG,N,c,0,1,0,0,1997,0,1997.83
1.996877908706665,869.5053100585938,1,MWI,1997,IHS-I,GPWG,N,c,0,1,0,0,1997,0,1997.83
3.198788642883301,632.2781372070312,1,MWI,1997,IHS-I,GPWG,N,c,0,1,0,0,1997,0,1997.83
22.543621063232422,261.0616149902344,1,MWI,1997,IHS-I,GPWG,N,c,0,1,0,0,1997,0,1997.83
4.690242767333984,1770.177978515625,1,MWI,1997,IHS-I,GPWG,N,c,0,1,0,0,1997,0,1997.83
2.069924831390381,958.2977294921875,1,MWI,1997,IHS-I,GPWG,N,c,0,1,0,0,1997,0,1997.83
5.699794769287109,446.6234436035156,1,MWI,1997,IHS-I,GPWG,N,c,0,1,0,0,1997,0,1997.83
2.2154297828674316,421.31890869140625,1,MWI,1997,IHS-I,GPWG,N,c,0,1,0,0,1997,0,1997.83
2.481477975845337,1566.36962890625,1,MWI,1997,IHS-I,GPWG,N,c,0,1,0,0,1997,0,1997.83
1.1490585803985596,774.4801635742188,1,MWI,1997,IHS-I,GPWG,N,c,0,1,0,0,1997,0,1997.83
7.121881008148193,453.0638122558594,1,MWI,1997,IHS-I,GPWG,N,c,0,1,0,0,1997,0,1997.83
1.3965978622436523,232.25262451171875,1,MWI,1997,IHS-I,GPWG,N,c,0,1,0,0,1997,0,1997.83
0.5603486895561218,1916.595458984375,1,MWI,1997,IHS-I,GPWG,N,c,0,1,0,0,1997,0,1997.83
6.222537040710449,459.9083251953125,1,MWI,1997,IHS-I,GPWG,N,c,0,1,0,0,1997,0,1997.83
2.351818084716797,393.3728942871094,1,MWI,1997,IHS-I,GPWG,N,c,0,1,0,0,1997,0,1997.83
0.9906785488128662,2395.744384765625,1,MWI,1997,IHS-I,GPWG,N,c,0,1,0,0,1997,0,1997.83
1.9147447347640991,580.631591796875,1,MWI,1997,IHS-I,GPWG,N,c,0,1,0,0,1997,0,1997.83
2.8900222778320312,595.4979248046875,1,MWI,1997,IHS-I,GPWG,N,c,0,1,0,0,1997,0,1997.83
1.6131565570831299,1149.770751953125,1,MWI,1997,IHS-I,GPWG,N,c,0,1,0,0,1997,0,1997.83
1.6324431896209717,1004.2845458984375,1,MWI,1997,IHS-I,GPWG,N,c,0,1,0,0,1997,0,1997.83
1.2770942449569702,958.2977294921875,1,MWI,1997,IHS-I,GPWG,N,c,0,1,0,0,1997,0,1997.83
1.0224835872650146,1524.711181640625,1,MWI,1997,IHS-I,GPWG,N,c,0,1,0,0,1997,0,1997.83
0.5903446674346924,1062.1712646484375,1,MWI,1997,IHS-I,GPWG,N,c,0,1,0,0,1997,0,1997.83
2.6825344562530518,1263.956787109375,1,MWI,1997,IHS-I,GPWG,N,c,0,1,0,0,1997,0,1997.83
1.4215854406356812,847.061767578125,1,MWI,1997,IHS-I,GPWG,N,c,0,1,0,0,1997,0,1997.83
1.927083969116211,1114.5283203125,1,MWI,1997,IHS-I,GPWG,N,c,0,1,0,0,1997,0,1997.83
3.9946420192718506,927.1965942382812,1,MWI,1997,IHS-I,GPWG,N,c,0,1,0,0,1997,0,1997.83
0.4860294461250305,1295.9490966796875,1,MWI,1997,IHS-I,GPWG,N,c,0,1,0,0,1997,0,1997.83
1.8569878339767456,210.65945434570312,1,MWI,1997,IHS-I,GPWG,N,c,0,1,0,0,1997,0,1997.83
2.2528116703033447,893.2468872070312,1,MWI,1997,IHS-I,GPWG,N,c,0,1,0,0,1997,0,1997.83
3.2627508640289307,446.6234436035156,1,MWI,1997,IHS-I,GPWG,N,c,0,1,0,0,1997,0,1997.83
1.7552601099014282,434.7526550292969,1,MWI,1997,IHS-I,GPWG,N,c,0,1,0,0,1997,0,1997.83
2.8745298385620117,695.3974609375,1,MWI,1997,IHS-I,GPWG,N,c,0,1,0,0,1997,0,1997.83
0.7451130151748657,2718.962646484375,1,MWI,1997,IHS-I,GPWG,N,c,0,1,0,0,1997,0,1997.83
1.2914680242538452,1053.796875,1,MWI,1997,IHS-I,GPWG,N,c,0,1,0,0,1997,0,1997.83
3.20639705657959,1005.2027587890625,1,MWI,1997,IHS-I,GPWG,N,c,0,1,0,0,1997,0,1997.83
1.6855651140213013,421.31890869140625,1,MWI,1997,IHS-I,GPWG,N,c,0,1,0,0,1997,0,1997.83
9.829904556274414,786.7457885742188,1,MWI,1997,IHS-I,GPWG,N,c,0,1,0,0,1997,0,1997.83
3.0544211864471436,753.902099609375,1,MWI,1997,IHS-I,GPWG,N,c,0,1,0,0,1997,0,1997.83
5.979378700256348,479.14886474609375,1,MWI,1997,IHS-I,GPWG,N,c,0,1,0,0,1997,0,1997.83
2.299823760986328,453.0638122558594,1,MWI,1997,IHS-I,GPWG,N,c,0,1,0,0,1997,0,1997.83
3.1137988567352295,1685.275634765625,1,MWI,1997,IHS-I,GPWG,N,c,0,1,0,0,1997,0,1997.83
1.8020172119140625,869.5053100585938,1,MWI,1997,IHS-I,GPWG,N,c,0,1,0,0,1997,0,1997.83
0.7618249654769897,1474.6162109375,1,MWI,1997,IHS-I,GPWG,N,c,0,1,0,0,1997,0,1997.83
2.3777809143066406,869.5053100585938,1,MWI,1997,IHS-I,GPWG,N,c,0,1,0,0,1997,0,1997.83
1.034787893295288,210.75938415527344,1,MWI,1997,IHS-I,GPWG,N,c,0,1,0,0,1997,0,1997.83
8.323925018310547,261.0616149902344,1,MWI,1997,IHS-I,GPWG,N,c,0,1,0,0,1997,0,1997.83
0.8612764477729797,811.5037841796875,1,MWI,1997,IHS-I,GPWG,N,c,0,1,0,0,1997,0,1997.83
10.172562599182129,590.059326171875,1,MWI,1997,IHS-I,GPWG,N,c,0,1,0,0,1997,0,1997.83
1.296600103378296,464.5052490234375,1,MWI,1997,IHS-I,GPWG,N,c,0,1,0,0,1997,0,1997.83
2.357699394226074,338.82470703125,1,MWI,1997,IHS-I,GPWG,N,c,0,1,0,0,1997,0,1997.83
3.1902923583984375,297.74896240234375,1,MWI,1997,IHS-I,GPWG,N,c,0,1,0,0,1997,0,1997.83
5.2978339195251465,983.4322509765625,1,MWI,1997,IHS-I,GPWG,N,c,0,1,0,0,1997,0,1997.83
1.8930093050003052,2825.892333984375,1,MWI,1997,IHS-I,GPWG,N,c,0,1,0,0,1997,0,1997.83
1.71733558177948,1053.2972412109375,1,MWI,1997,IHS-I,GPWG,N,c,0,1,0,0,1997,0,1997.83
1.5293365716934204,375.3713073730469,1,MWI,1997,IHS-I,GPWG,N,c,0,1,0,0,1997,0,1997.83
1.415669560432434,810.915283203125,1,MWI,1997,IHS-I,GPWG,N,c,0,1,0,0,1997,0,1997.83
5.6900787353515625,1632.39990234375,1,MWI,1997,IHS-I,GPWG,N,c,0,1,0,0,1997,0,1997.83
1.274956226348877,1352.5062255859375,1,MWI,1997,IHS-I,GPWG,N,c,0,1,0,0,1997,0,1997.83
2.0859453678131104,434.7526550292969,1,MWI,1997,IHS-I,GPWG,N,c,0,1,0,0,1997,0,1997.83
1.024454951286316,929.010498046875,1,MWI,1997,IHS-I,GPWG,N,c,0,1,0,0,1997,0,1997.83
2.6802608966827393,445.8113098144531,1,MWI,1997,IHS-I,GPWG,N,c,0,1,0,0,1997,0,1997.83
0.9249324798583984,2395.744384765625,1,MWI,1997,IHS-I,GPWG,N,c,0,1,0,0,1997,0,1997.83
2.212541103363037,1390.794921875,1,MWI,1997,IHS-I,GPWG,N,c,0,1,0,0,1997,0,1997.83
11.452239036560059,2086.1923828125,1,MWI,1997,IHS-I,GPWG,N,c,0,1,0,0,1997,0,1997.83
1.8496172428131104,812.8841552734375,1,MWI,1997,IHS-I,GPWG,N,c,0,1,0,0,1997,0,1997.83
1.0584005117416382,1942.1162109375,1,MWI,1997,IHS-I,GPWG,N,c,0,1,0,0,1997,0,1997.83
1.4048222303390503,593.5999755859375,1,MWI,1997,IHS-I,GPWG,N,c,0,1,0,0,1997,0,1997.83
2.504073143005371,843.0375366210938,1,MWI,1997,IHS-I,GPWG,N,c,0,1,0,0,1997,0,1997.83
1.7735528945922852,798.3181762695312,1,MWI,1997,IHS-I,GPWG,N,c,0,1,0,0,1997,0,1997.83
1.248475432395935,1337.4339599609375,1,MWI,1997,IHS-I,GPWG,N,c,0,1,0,0,1997,0,1997.83
2.58078932762146,463.5982971191406,1,MWI,1997,IHS-I,GPWG,N,c,0,1,0,0,1997,0,1997.83
1.8269009590148926,1304.2579345703125,1,MWI,1997,IHS-I,GPWG,N,c,0,1,0,0,1997,0,1997.83
3.7265408039093018,259.375,1,MWI,1997,IHS-I,GPWG,N,c,0,1,0,0,1997,0,1997.83
4.937658786773682,302.04254150390625,1,MWI,1997,IHS-I,GPWG,N,c,0,1,0,0,1997,0,1997.83
2.2716283798217773,1521.63427734375,1,MWI,1997,IHS-I,GPWG,N,c,0,1,0,0,1997,0,1997.83
1.4092127084732056,1082.0050048828125,1,MWI,1997,IHS-I,GPWG,N,c,0,1,0,0,1997,0,1997.83
1.0610703229904175,1685.275634765625,1,MWI,1997,IHS-I,GPWG,N,c,0,1,0,0,1997,0,1997.83
1.4175150394439697,983.4322509765625,1,MWI,1997,IHS-I,GPWG,N,c,0,1,0,0,1997,0,1997.83
1.4811291694641113,2010.405517578125,1,MWI,1997,IHS-I,GPWG,N,c,0,1,0,0,1997,0,1997.83
1.9656902551651,421.31890869140625,1,MWI,1997,IHS-I,GPWG,N,c,0,1,0,0,1997,0,1997.83
9731.0947265625,148.39999389648438,1,MWI,1997,IHS-I,GPWG,N,c,0,1,0,0,1997,0,1997.83
1.9496182203292847,1507.80419921875,1,MWI,1997,IHS-I,GPWG,N,c,0,1,0,0,1997,0,1997.83
2.231785297393799,778.125,1,MWI,1997,IHS-I,GPWG,N,c,0,1,0,0,1997,0,1997.83
1.9479937553405762,338.82470703125,1,MWI,1997,IHS-I,GPWG,N,c,0,1,0,0,1997,0,1997.83
1.6189972162246704,750.7426147460938,1,MWI,1997,IHS-I,GPWG,N,c,0,1,0,0,1997,0,1997.83
3.122687339782715,238.01695251464844,1,MWI,1997,IHS-I,GPWG,N,c,0,1,0,0,1997,0,1997.83
3.2055888175964355,910.4324951171875,1,MWI,1997,IHS-I,GPWG,N,c,0,1,0,0,1997,0,1997.83
1.6891711950302124,541.0025024414062,1,MWI,1997,IHS-I,GPWG,N,c,0,1,0,0,1997,0,1997.83
0.39852195978164673,1685.275634765625,1,MWI,1997,IHS-I,GPWG,N,c,0,1,0,0,1997,0,1997.83
1.2175114154815674,810.915283203125,1,MWI,1997,IHS-I,GPWG,N,c,0,1,0,0,1997,0,1997.83
2.6052329540252686,1180.11865234375,1,MWI,1997,IHS-I,GPWG,N,c,0,1,0,0,1997,0,1997.83
1.060802698135376,842.6378173828125,1,MWI,1997,IHS-I,GPWG,N,c,0,1,0,0,1997,0,1997.83
2.7194478511810303,338.82470703125,1,MWI,1997,IHS-I,GPWG,N,c,0,1,0,0,1997,0,1997.83
1.3271771669387817,238.01695251464844,1,MWI,1997,IHS-I,GPWG,N,c,0,1,0,0,1997,0,1997.83
1.4913069009780884,486.5491943359375,1,MWI,1997,IHS-I,GPWG,N,c,0,1,0,0,1997,0,1997.83
0.6139218807220459,3107.385986328125,1,MWI,1997,IHS-I,GPWG,N,c,0,1,0,0,1997,0,1997.83
1.0937511920928955,847.061767578125,1,MWI,1997,IHS-I,GPWG,N,c,0,1,0,0,1997,0,1997.83
1.4533637762069702,847.061767578125,1,MWI,1997,IHS-I,GPWG,N,c,0,1,0,0,1997,0,1997.83
2.313955545425415,811.5037841796875,1,MWI,1997,IHS-I,GPWG,N,c,0,1,0,0,1997,0,1997.83
1.600834608078003,843.0375366210938,1,MWI,1997,IHS-I,GPWG,N,c,0,1,0,0,1997,0,1997.83
4.033761024475098,522.1232299804688,1,MWI,1997,IHS-I,GPWG,N,c,0,1,0,0,1997,0,1997.83
2.279092788696289,388.4232482910156,1,MWI,1997,IHS-I,GPWG,N,c,0,1,0,0,1997,0,1997.83
2.4355552196502686,1304.2579345703125,1,MWI,1997,IHS-I,GPWG,N,c,0,1,0,0,1997,0,1997.83
1.0774832963943481,1390.794921875,1,MWI,1997,IHS-I,GPWG,N,c,0,1,0,0,1997,0,1997.83
1.4214004278182983,843.0375366210938,1,MWI,1997,IHS-I,GPWG,N,c,0,1,0,0,1997,0,1997.83
5.734938144683838,1827.4312744140625,1,MWI,1997,IHS-I,GPWG,N,c,0,1,0,0,1997,0,1997.83
2.906491279602051,374.4435119628906,1,MWI,1997,IHS-I,GPWG,N,c,0,1,0,0,1997,0,1997.83
0.6564290523529053,1942.1162109375,1,MWI,1997,IHS-I,GPWG,N,c,0,1,0,0,1997,0,1997.83
6.635786533355713,148.39999389648438,1,MWI,1997,IHS-I,GPWG,N,c,0,1,0,0,1997,0,1997.83
2.01188588142395,1297.4644775390625,1,MWI,1997,IHS-I,GPWG,N,c,0,1,0,0,1997,0,1997.83
13.4559965133667,261.0616149902344,1,MWI,1997,IHS-I,GPWG,N,c,0,1,0,0,1997,0,1997.83
4.045694828033447,590.059326171875,1,MWI,1997,IHS-I,GPWG,N,c,0,1,0,0,1997,0,1997.83
3.212050676345825,528.574462890625,1,MWI,1997,IHS-I,GPWG,N,c,0,1,0,0,1997,0,1997.83
8.636980056762695,388.4232482910156,1,MWI,1997,IHS-I,GPWG,N,c,0,1,0,0,1997,0,1997.83
0.7715148329734802,421.5187683105469,1,MWI,1997,IHS-I,GPWG,N,c,0,1,0,0,1997,0,1997.83
3.0489819049835205,563.0569458007812,1,MWI,1997,IHS-I,GPWG,N,c,0,1,0,0,1997,0,1997.83
0.7733656167984009,1263.956787109375,1,MWI,1997,IHS-I,GPWG,N,c,0,1,0,0,1997,0,1997.83
2.075961112976074,595.0423583984375,1,MWI,1997,IHS-I,GPWG,N,c,0,1,0,0,1997,0,1997.83
1.5964465141296387,1264.5562744140625,1,MWI,1997,IHS-I,GPWG,N,c,0,1,0,0,1997,0,1997.83
1.0602303743362427,1555.138916015625,1,MWI,1997,IHS-I,GPWG,N,c,0,1,0,0,1997,0,1997.83
2.4101455211639404,169.412353515625,1,MWI,1997,IHS-I,GPWG,N,c,0,1,0,0,1997,0,1997.83
3.7066524028778076,116.12631225585938,1,MWI,1997,IHS-I,GPWG,N,c,0,1,0,0,1997,0,1997.83
11.414079666137695,1180.11865234375,1,MWI,1997,IHS-I,GPWG,N,c,0,1,0,0,1997,0,1997.83
1.6669297218322754,348.3789367675781,1,MWI,1997,IHS-I,GPWG,N,c,0,1,0,0,1997,0,1997.83
3.0380337238311768,508.237060546875,1,MWI,1997,IHS-I,GPWG,N,c,0,1,0,0,1997,0,1997.83
1.874630331993103,847.061767578125,1,MWI,1997,IHS-I,GPWG,N,c,0,1,0,0,1997,0,1997.83
1.9312156438827515,151.73875427246094,1,MWI,1997,IHS-I,GPWG,N,c,0,1,0,0,1997,0,1997.83
3.47880220413208,2874.89306640625,1,MWI,1997,IHS-I,GPWG,N,c,0,1,0,0,1997,0,1997.83
1.2764443159103394,927.1965942382812,1,MWI,1997,IHS-I,GPWG,N,c,0,1,0,0,1997,0,1997.83
6.6397809982299805,162.1830596923828,1,MWI,1997,IHS-I,GPWG,N,c,0,1,0,0,1997,0,1997.83
3.4241580963134766,421.5187683105469,1,MWI,1997,IHS-I,GPWG,N,c,0,1,0,0,1997,0,1997.83
1.042765498161316,1264.5562744140625,1,MWI,1997,IHS-I,GPWG,N,c,0,1,0,0,1997,0,1997.83
4.042692184448242,421.5187683105469,1,MWI,1997,IHS-I,GPWG,N,c,0,1,0,0,1997,0,1997.83
2.736722230911255,2706.0,1,MWI,1997,IHS-I,GPWG,N,c,0,1,0,0,1997,0,1997.83
2.7264657020568848,580.860107421875,1,MWI,1997,IHS-I,GPWG,N,c,0,1,0,0,1997,0,1997.83
2.9201340675354004,1044.2464599609375,1,MWI,1997,IHS-I,GPWG,N,c,0,1,0,0,1997,0,1997.83
3.0525476932525635,927.1965942382812,1,MWI,1997,IHS-I,GPWG,N,c,0,1,0,0,1997,0,1997.83
0.8940584063529968,1352.5062255859375,1,MWI,1997,IHS-I,GPWG,N,c,0,1,0,0,1997,0,1997.83
1.5008031129837036,843.0375366210938,1,MWI,1997,IHS-I,GPWG,N,c,0,1,0,0,1997,0,1997.83
2.057265043258667,1004.2845458984375,1,MWI,1997,IHS-I,GPWG,N,c,0,1,0,0,1997,0,1997.83
2.0107421875,1379.7249755859375,1,MWI,1997,IHS-I,GPWG,N,c,0,1,0,0,1997,0,1997.83
9.146679878234863,178.51271057128906,1,MWI,1997,IHS-I,GPWG,N,c,0,1,0,0,1997,0,1997.83
1.1862807273864746,1185.886474609375,1,MWI,1997,IHS-I,GPWG,N,c,0,1,0,0,1997,0,1997.83
4.061759948730469,778.125,1,MWI,1997,IHS-I,GPWG,N,c,0,1,0,0,1997,0,1997.83
1.0713430643081665,541.0025024414062,1,MWI,1997,IHS-I,GPWG,N,c,0,1,0,0,1997,0,1997.83
1.21741783618927,811.5037841796875,1,MWI,1997,IHS-I,GPWG,N,c,0,1,0,0,1997,0,1997.83
1.0810747146606445,1548.9603271484375,1,MWI,1997,IHS-I,GPWG,N,c,0,1,0,0,1997,0,1997.83
0.6823597550392151,677.6494140625,1,MWI,1997,IHS-I,GPWG,N,c,0,1,0,0,1997,0,1997.83
2.4473397731781006,968.1002197265625,1,MWI,1997,IHS-I,GPWG,N,c,0,1,0,0,1997,0,1997.83
2.2629945278167725,1437.446533203125,1,MWI,1997,IHS-I,GPWG,N,c,0,1,0,0,1997,0,1997.83
1.5006225109100342,1016.47412109375,1,MWI,1997,IHS-I,GPWG,N,c,0,1,0,0,1997,0,1997.83
1.5674079656600952,927.1965942382812,1,MWI,1997,IHS-I,GPWG,N,c,0,1,0,0,1997,0,1997.83
1.2067521810531616,1016.47412109375,1,MWI,1997,IHS-I,GPWG,N,c,0,1,0,0,1997,0,1997.83
4.411022663116455,342.1363525390625,1,MWI,1997,IHS-I,GPWG,N,c,0,1,0,0,1997,0,1997.83
3.2715983390808105,3013.388916015625,1,MWI,1997,IHS-I,GPWG,N,c,0,1,0,0,1997,0,1997.83
1.2920299768447876,580.860107421875,1,MWI,1997,IHS-I,GPWG,N,c,0,1,0,0,1997,0,1997.83
2.739406108856201,259.375,1,MWI,1997,IHS-I,GPWG,N,c,0,1,0,0,1997,0,1997.83
1.2673320770263672,2006.15087890625,1,MWI,1997,IHS-I,GPWG,N,c,0,1,0,0,1997,0,1997.83
1.224913239479065,1876.8565673828125,1,MWI,1997,IHS-I,GPWG,N,c,0,1,0,0,1997,0,1997.83
10.190216064453125,1966.864501953125,1,MWI,1997,IHS-I,GPWG,N,c,0,1,0,0,1997,0,1997.83
2.062241792678833,1573.4915771484375,1,MWI,1997,IHS-I,GPWG,N,c,0,1,0,0,1997,0,1997.83
9.495079040527344,1044.2464599609375,1,MWI,1997,IHS-I,GPWG,N,c,0,1,0,0,1997,0,1997.83
1.456575870513916,1053.2972412109375,1,MWI,1997,IHS-I,GPWG,N,c,0,1,0,0,1997,0,1997.83
1.534932255744934,677.6494140625,1,MWI,1997,IHS-I,GPWG,N,c,0,1,0,0,1997,0,1997.83
4.052753448486328,1180.11865234375,1,MWI,1997,IHS-I,GPWG,N,c,0,1,0,0,1997,0,1997.83
6.8472514152526855,973.098388671875,1,MWI,1997,IHS-I,GPWG,N,c,0,1,0,0,1997,0,1997.83
3.463270425796509,231.7991485595703,1,MWI,1997,IHS-I,GPWG,N,c,0,1,0,0,1997,0,1997.83
4.7461466789245605,652.1289672851562,1,MWI,1997,IHS-I,GPWG,N,c,0,1,0,0,1997,0,1997.83
2.7579410076141357,210.65945434570312,1,MWI,1997,IHS-I,GPWG,N,c,0,1,0,0,1997,0,1997.83
2.659809112548828,1062.1712646484375,1,MWI,1997,IHS-I,GPWG,N,c,0,1,0,0,1997,0,1997.83
3.1510705947875977,251.07113647460938,1,MWI,1997,IHS-I,GPWG,N,c,0,1,0,0,1997,0,1997.83
9.17961597442627,2173.76318359375,1,MWI,1997,IHS-I,GPWG,N,c,0,1,0,0,1997,0,1997.83
6.952964782714844,783.184814453125,1,MWI,1997,IHS-I,GPWG,N,c,0,1,0,0,1997,0,1997.83
1.8702101707458496,843.0375366210938,1,MWI,1997,IHS-I,GPWG,N,c,0,1,0,0,1997,0,1997.83
1.7575881481170654,1263.956787109375,1,MWI,1997,IHS-I,GPWG,N,c,0,1,0,0,1997,0,1997.83
1.0558929443359375,632.2781372070312,1,MWI,1997,IHS-I,GPWG,N,c,0,1,0,0,1997,0,1997.83
7.073605060577393,231.7991485595703,1,MWI,1997,IHS-I,GPWG,N,c,0,1,0,0,1997,0,1997.83
4.3470377922058105,1185.886474609375,1,MWI,1997,IHS-I,GPWG,N,c,0,1,0,0,1997,0,1997.83
1.3487744331359863,455.21624755859375,1,MWI,1997,IHS-I,GPWG,N,c,0,1,0,0,1997,0,1997.83
1.3245210647583008,1005.2027587890625,1,MWI,1997,IHS-I,GPWG,N,c,0,1,0,0,1997,0,1997.83
1.1007132530212402,1895.93505859375,1,MWI,1997,IHS-I,GPWG,N,c,0,1,0,0,1997,0,1997.83
3.3823397159576416,187.2217559814453,1,MWI,1997,IHS-I,GPWG,N,c,0,1,0,0,1997,0,1997.83
1.7672542333602905,303.4775085449219,1,MWI,1997,IHS-I,GPWG,N,c,0,1,0,0,1997,0,1997.83
1.7163347005844116,3833.19091796875,1,MWI,1997,IHS-I,GPWG,N,c,0,1,0,0,1997,0,1997.83
2.259082317352295,632.2781372070312,1,MWI,1997,IHS-I,GPWG,N,c,0,1,0,0,1997,0,1997.83
3.459066867828369,1521.63427734375,1,MWI,1997,IHS-I,GPWG,N,c,0,1,0,0,1997,0,1997.83
2.1239962577819824,753.902099609375,1,MWI,1997,IHS-I,GPWG,N,c,0,1,0,0,1997,0,1997.83
1.4015928506851196,958.2977294921875,1,MWI,1997,IHS-I,GPWG,N,c,0,1,0,0,1997,0,1997.83
2.784358263015747,927.1965942382812,1,MWI,1997,IHS-I,GPWG,N,c,0,1,0,0,1997,0,1997.83
6.026391506195068,1123.33056640625,1,MWI,1997,IHS-I,GPWG,N,c,0,1,0,0,1997,0,1997.83
1.0255544185638428,1016.47412109375,1,MWI,1997,IHS-I,GPWG,N,c,0,1,0,0,1997,0,1997.83
1.5555189847946167,778.125,1,MWI,1997,IHS-I,GPWG,N,c,0,1,0,0,1997,0,1997.83
2.318955898284912,541.0025024414062,1,MWI,1997,IHS-I,GPWG,N,c,0,1,0,0,1997,0,1997.83
2.849909782409668,375.3713073730469,1,MWI,1997,IHS-I,GPWG,N,c,0,1,0,0,1997,0,1997.83
0.9436028599739075,1053.2972412109375,1,MWI,1997,IHS-I,GPWG,N,c,0,1,0,0,1997,0,1997.83
1.9046761989593506,1437.446533203125,1,MWI,1997,IHS-I,GPWG,N,c,0,1,0,0,1997,0,1997.83
3.824503183364868,193.6200408935547,1,MWI,1997,IHS-I,GPWG,N,c,0,1,0,0,1997,0,1997.83
3.1396584510803223,210.75938415527344,1,MWI,1997,IHS-I,GPWG,N,c,0,1,0,0,1997,0,1997.83
1.4163644313812256,1182.824951171875,1,MWI,1997,IHS-I,GPWG,N,c,0,1,0,0,1997,0,1997.83
3.2294979095458984,753.21337890625,1,MWI,1997,IHS-I,GPWG,N,c,0,1,0,0,1997,0,1997.83
2.901952028274536,776.8464965820312,1,MWI,1997,IHS-I,GPWG,N,c,0,1,0,0,1997,0,1997.83
2.9906070232391357,508.237060546875,1,MWI,1997,IHS-I,GPWG,N,c,0,1,0,0,1997,0,1997.83
2.0425312519073486,563.0569458007812,1,MWI,1997,IHS-I,GPWG,N,c,0,1,0,0,1997,0,1997.83
1.7800449132919312,843.0375366210938,1,MWI,1997,IHS-I,GPWG,N,c,0,1,0,0,1997,0,1997.83
1.7293448448181152,1297.4644775390625,1,MWI,1997,IHS-I,GPWG,N,c,0,1,0,0,1997,0,1997.83
0.9604187607765198,1053.2972412109375,1,MWI,1997,IHS-I,GPWG,N,c,0,1,0,0,1997,0,1997.83
2.8732573986053467,455.21624755859375,1,MWI,1997,IHS-I,GPWG,N,c,0,1,0,0,1997,0,1997.83
1.7539578676223755,528.574462890625,1,MWI,1997,IHS-I,GPWG,N,c,0,1,0,0,1997,0,1997.83
4.5672783851623535,393.3728942871094,1,MWI,1997,IHS-I,GPWG,N,c,0,1,0,0,1997,0,1997.83
2.4857280254364014,162.1830596923828,1,MWI,1997,IHS-I,GPWG,N,c,0,1,0,0,1997,0,1997.83
2.0343685150146484,753.902099609375,1,MWI,1997,IHS-I,GPWG,N,c,0,1,0,0,1997,0,1997.83
6.091885089874268,522.1232299804688,1,MWI,1997,IHS-I,GPWG,N,c,0,1,0,0,1997,0,1997.83
3.5410218238830566,116.12631225585938,1,MWI,1997,IHS-I,GPWG,N,c,0,1,0,0,1997,0,1997.83
1.8948543071746826,652.1289672851562,1,MWI,1997,IHS-I,GPWG,N,c,0,1,0,0,1997,0,1997.83
2.538755416870117,563.0569458007812,1,MWI,1997,IHS-I,GPWG,N,c,0,1,0,0,1997,0,1997.83
3.1147475242614746,2008.569091796875,1,MWI,1997,IHS-I,GPWG,N,c,0,1,0,0,1997,0,1997.83
1.1216816902160645,968.1002197265625,1,MWI,1997,IHS-I,GPWG,N,c,0,1,0,0,1997,0,1997.83
9.571791648864746,1739.0106201171875,1,MWI,1997,IHS-I,GPWG,N,c,0,1,0,0,1997,0,1997.83
18.196611404418945,590.059326171875,1,MWI,1997,IHS-I,GPWG,N,c,0,1,0,0,1997,0,1997.83
3.4692177772521973,561.665283203125,1,MWI,1997,IHS-I,GPWG,N,c,0,1,0,0,1997,0,1997.83
2.0343682765960693,1352.5062255859375,1,MWI,1997,IHS-I,GPWG,N,c,0,1,0,0,1997,0,1997.83
1.2457072734832764,684.272705078125,1,MWI,1997,IHS-I,GPWG,N,c,0,1,0,0,1997,0,1997.83
1.2458285093307495,455.21624755859375,1,MWI,1997,IHS-I,GPWG,N,c,0,1,0,0,1997,0,1997.83
1.0483793020248413,1555.138916015625,1,MWI,1997,IHS-I,GPWG,N,c,0,1,0,0,1997,0,1997.83
12.395662307739258,148.39999389648438,1,MWI,1997,IHS-I,GPWG,N,c,0,1,0,0,1997,0,1997.83
3.171485424041748,1213.9100341796875,1,MWI,1997,IHS-I,GPWG,N,c,0,1,0,0,1997,0,1997.83
0.7542799115180969,1893.5087890625,1,MWI,1997,IHS-I,GPWG,N,c,0,1,0,0,1997,0,1997.83
1.8246936798095703,927.1965942382812,1,MWI,1997,IHS-I,GPWG,N,c,0,1,0,0,1997,0,1997.83
1.0005332231521606,1942.1162109375,1,MWI,1997,IHS-I,GPWG,N,c,0,1,0,0,1997,0,1997.83
2.266519784927368,348.3789367675781,1,MWI,1997,IHS-I,GPWG,N,c,0,1,0,0,1997,0,1997.83
3.9108569622039795,302.04254150390625,1,MWI,1997,IHS-I,GPWG,N,c,0,1,0,0,1997,0,1997.83
1.515779972076416,648.7322387695312,1,MWI,1997,IHS-I,GPWG,N,c,0,1,0,0,1997,0,1997.83
1.5468839406967163,1126.1138916015625,1,MWI,1997,IHS-I,GPWG,N,c,0,1,0,0,1997,0,1997.83
1.7652463912963867,1213.9100341796875,1,MWI,1997,IHS-I,GPWG,N,c,0,1,0,0,1997,0,1997.83
1.107782244682312,2451.962158203125,1,MWI,1997,IHS-I,GPWG,N,c,0,1,0,0,1997,0,1997.83
11.429244041442871,783.184814453125,1,MWI,1997,IHS-I,GPWG,N,c,0,1,0,0,1997,0,1997.83
0.9962283968925476,2073.5185546875,1,MWI,1997,IHS-I,GPWG,N,c,0,1,0,0,1997,0,1997.83
10.634719848632812,2088.492919921875,1,MWI,1997,IHS-I,GPWG,N,c,0,1,0,0,1997,0,1997.83
1.7434338331222534,561.665283203125,1,MWI,1997,IHS-I,GPWG,N,c,0,1,0,0,1997,0,1997.83
1.2748558521270752,580.631591796875,1,MWI,1997,IHS-I,GPWG,N,c,0,1,0,0,1997,0,1997.83
0.7024863958358765,842.6378173828125,1,MWI,1997,IHS-I,GPWG,N,c,0,1,0,0,1997,0,1997.83
6.153316974639893,2317.25390625,1,MWI,1997,IHS-I,GPWG,N,c,0,1,0,0,1997,0,1997.83
7.119677543640137,595.4979248046875,1,MWI,1997,IHS-I,GPWG,N,c,0,1,0,0,1997,0,1997.83
1.0869206190109253,1264.5562744140625,1,MWI,1997,IHS-I,GPWG,N,c,0,1,0,0,1997,0,1997.83
2.7253103256225586,595.4979248046875,1,MWI,1997,IHS-I,GPWG,N,c,0,1,0,0,1997,0,1997.83
11.43403148651123,1390.794921875,1,MWI,1997,IHS-I,GPWG,N,c,0,1,0,0,1997,0,1997.83
2.1636159420013428,1437.446533203125,1,MWI,1997,IHS-I,GPWG,N,c,0,1,0,0,1997,0,1997.83
1.337152123451233,2718.962646484375,1,MWI,1997,IHS-I,GPWG,N,c,0,1,0,0,1997,0,1997.83
3.275697708129883,580.860107421875,1,MWI,1997,IHS-I,GPWG,N,c,0,1,0,0,1997,0,1997.83
3.6809940338134766,1484.0,1,MWI,1997,IHS-I,GPWG,N,c,0,1,0,0,1997,0,1997.83
1.5571123361587524,1005.2027587890625,1,MWI,1997,IHS-I,GPWG,N,c,0,1,0,0,1997,0,1997.83
1.8797649145126343,1804.0,1,MWI,1997,IHS-I,GPWG,N,c,0,1,0,0,1997,0,1997.83
2.810946226119995,151.73875427246094,1,MWI,1997,IHS-I,GPWG,N,c,0,1,0,0,1997,0,1997.83
1.374198079109192,1916.595458984375,1,MWI,1997,IHS-I,GPWG,N,c,0,1,0,0,1997,0,1997.83
11.921483039855957,753.21337890625,1,MWI,1997,IHS-I,GPWG,N,c,0,1,0,0,1997,0,1997.83
3.6035587787628174,563.0569458007812,1,MWI,1997,IHS-I,GPWG,N,c,0,1,0,0,1997,0,1997.83
0.5298382043838501,1893.5087890625,1,MWI,1997,IHS-I,GPWG,N,c,0,1,0,0,1997,0,1997.83
3.226334810256958,508.237060546875,1,MWI,1997,IHS-I,GPWG,N,c,0,1,0,0,1997,0,1997.83
1.9983991384506226,116.12631225585938,1,MWI,1997,IHS-I,GPWG,N,c,0,1,0,0,1997,0,1997.83
2.500235080718994,593.5999755859375,1,MWI,1997,IHS-I,GPWG,N,c,0,1,0,0,1997,0,1997.83
2.291353225708008,374.4435119628906,1,MWI,1997,IHS-I,GPWG,N,c,0,1,0,0,1997,0,1997.83
1.9002279043197632,891.6226196289062,1,MWI,1997,IHS-I,GPWG,N,c,0,1,0,0,1997,0,1997.83
0.6480838656425476,842.6378173828125,1,MWI,1997,IHS-I,GPWG,N,c,0,1,0,0,1997,0,1997.83
1.4136781692504883,1082.0050048828125,1,MWI,1997,IHS-I,GPWG,N,c,0,1,0,0,1997,0,1997.83
2.460832357406616,374.4435119628906,1,MWI,1997,IHS-I,GPWG,N,c,0,1,0,0,1997,0,1997.83
1.6449439525604248,464.5052490234375,1,MWI,1997,IHS-I,GPWG,N,c,0,1,0,0,1997,0,1997.83
3.154268503189087,238.01695251464844,1,MWI,1997,IHS-I,GPWG,N,c,0,1,0,0,1997,0,1997.83
10.13145923614502,324.3661193847656,1,MWI,1997,IHS-I,GPWG,N,c,0,1,0,0,1997,0,1997.83
1.206637978553772,387.2400817871094,1,MWI,1997,IHS-I,GPWG,N,c,0,1,0,0,1997,0,1997.83
1.417065143585205,1277.389404296875,1,MWI,1997,IHS-I,GPWG,N,c,0,1,0,0,1997,0,1997.83
2.2618095874786377,459.9083251953125,1,MWI,1997,IHS-I,GPWG,N,c,0,1,0,0,1997,0,1997.83
3.4047763347625732,463.5982971191406,1,MWI,1997,IHS-I,GPWG,N,c,0,1,0,0,1997,0,1997.83
9.372321128845215,261.0616149902344,1,MWI,1997,IHS-I,GPWG,N,c,0,1,0,0,1997,0,1997.83
2.9989707469940186,563.0569458007812,1,MWI,1997,IHS-I,GPWG,N,c,0,1,0,0,1997,0,1997.83
2.2582147121429443,518.75,1,MWI,1997,IHS-I,GPWG,N,c,0,1,0,0,1997,0,1997.83
1.7575315237045288,1062.1712646484375,1,MWI,1997,IHS-I,GPWG,N,c,0,1,0,0,1997,0,1997.83
0.9967973828315735,758.6937866210938,1,MWI,1997,IHS-I,GPWG,N,c,0,1,0,0,1997,0,1997.83
3.3081235885620117,1042.121337890625,1,MWI,1997,IHS-I,GPWG,N,c,0,1,0,0,1997,0,1997.83
1.838172197341919,1313.799560546875,1,MWI,1997,IHS-I,GPWG,N,c,0,1,0,0,1997,0,1997.83
1.8386565446853638,1165.269775390625,1,MWI,1997,IHS-I,GPWG,N,c,0,1,0,0,1997,0,1997.83
1.1287815570831299,1086.881591796875,1,MWI,1997,IHS-I,GPWG,N,c,0,1,0,0,1997,0,1997.83
2.6623735427856445,169.412353515625,1,MWI,1997,IHS-I,GPWG,N,c,0,1,0,0,1997,0,1997.83
3.2336230278015137,869.5053100585938,1,MWI,1997,IHS-I,GPWG,N,c,0,1,0,0,1997,0,1997.83
2.7727293968200684,151.73875427246094,1,MWI,1997,IHS-I,GPWG,N,c,0,1,0,0,1997,0,1997.83
1.6284648180007935,1942.1162109375,1,MWI,1997,IHS-I,GPWG,N,c,0,1,0,0,1997,0,1997.83
1.3471962213516235,1337.4339599609375,1,MWI,1997,IHS-I,GPWG,N,c,0,1,0,0,1997,0,1997.83
2.037003993988037,1086.881591796875,1,MWI,1997,IHS-I,GPWG,N,c,0,1,0,0,1997,0,1997.83
5.192323207855225,1566.36962890625,1,MWI,1997,IHS-I,GPWG,N,c,0,1,0,0,1997,0,1997.83
1.927283763885498,1506.4267578125,1,MWI,1997,IHS-I,GPWG,N,c,0,1,0,0,1997,0,1997.83
4.8191328048706055,162.1830596923828,1,MWI,1997,IHS-I,GPWG,N,c,0,1,0,0,1997,0,1997.83
1.3307024240493774,677.6494140625,1,MWI,1997,IHS-I,GPWG,N,c,0,1,0,0,1997,0,1997.83
3.6622822284698486,375.3713073730469,1,MWI,1997,IHS-I,GPWG,N,c,0,1,0,0,1997,0,1997.83
1.4075802564620972,1507.80419921875,1,MWI,1997,IHS-I,GPWG,N,c,0,1,0,0,1997,0,1997.83
2.0227110385894775,169.412353515625,1,MWI,1997,IHS-I,GPWG,N,c,0,1,0,0,1997,0,1997.83
13.032279968261719,842.6378173828125,1,MWI,1997,IHS-I,GPWG,N,c,0,1,0,0,1997,0,1997.83
1.3470898866653442,1686.0750732421875,1,MWI,1997,IHS-I,GPWG,N,c,0,1,0,0,1997,0,1997.83
5.35568380355835,786.7457885742188,1,MWI,1997,IHS-I,GPWG,N,c,0,1,0,0,1997,0,1997.83
2.8881967067718506,456.18182373046875,1,MWI,1997,IHS-I,GPWG,N,c,0,1,0,0,1997,0,1997.83
17.49310302734375,522.1232299804688,1,MWI,1997,IHS-I,GPWG,N,c,0,1,0,0,1997,0,1997.83
4.534331798553467,148.39999389648438,1,MWI,1997,IHS-I,GPWG,N,c,0,1,0,0,1997,0,1997.83
1.0851346254348755,758.6937866210938,1,MWI,1997,IHS-I,GPWG,N,c,0,1,0,0,1997,0,1997.83
9.415753364562988,226.5319061279297,1,MWI,1997,IHS-I,GPWG,N,c,0,1,0,0,1997,0,1997.83
5.792754650115967,251.30068969726562,1,MWI,1997,IHS-I,GPWG,N,c,0,1,0,0,1997,0,1997.83
0.8715388178825378,348.3789367675781,1,MWI,1997,IHS-I,GPWG,N,c,0,1,0,0,1997,0,1997.83
2.6978790760040283,486.5491943359375,1,MWI,1997,IHS-I,GPWG,N,c,0,1,0,0,1997,0,1997.83
1.114154577255249,631.9783935546875,1,MWI,1997,IHS-I,GPWG,N,c,0,1,0,0,1997,0,1997.83
1.1537375450134277,1005.2027587890625,1,MWI,1997,IHS-I,GPWG,N,c,0,1,0,0,1997,0,1997.83
2.6647307872772217,151.73875427246094,1,MWI,1997,IHS-I,GPWG,N,c,0,1,0,0,1997,0,1997.83
1.0212007761001587,631.9783935546875,1,MWI,1997,IHS-I,GPWG,N,c,0,1,0,0,1997,0,1997.83
1.1781938076019287,1036.75927734375,1,MWI,1997,IHS-I,GPWG,N,c,0,1,0,0,1997,0,1997.83
2.9032511711120605,210.75938415527344,1,MWI,1997,IHS-I,GPWG,N,c,0,1,0,0,1997,0,1997.83
0.9041151404380798,842.6378173828125,1,MWI,1997,IHS-I,GPWG,N,c,0,1,0,0,1997,0,1997.83
1.9889028072357178,744.3724365234375,1,MWI,1997,IHS-I,GPWG,N,c,0,1,0,0,1997,0,1997.83
2.5015976428985596,689.8624877929688,1,MWI,1997,IHS-I,GPWG,N,c,0,1,0,0,1997,0,1997.83
2.754096269607544,606.9550170898438,1,MWI,1997,IHS-I,GPWG,N,c,0,1,0,0,1997,0,1997.83
3.4536824226379395,342.1363525390625,1,MWI,1997,IHS-I,GPWG,N,c,0,1,0,0,1997,0,1997.83
4.668019771575928,231.7991485595703,1,MWI,1997,IHS-I,GPWG,N,c,0,1,0,0,1997,0,1997.83
8.335099220275879,148.87448120117188,1,MWI,1997,IHS-I,GPWG,N,c,0,1,0,0,1997,0,1997.83
1.6767587661743164,1379.7249755859375,1,MWI,1997,IHS-I,GPWG,N,c,0,1,0,0,1997,0,1997.83
1.9139633178710938,1123.33056640625,1,MWI,1997,IHS-I,GPWG,N,c,0,1,0,0,1997,0,1997.83
1.190621018409729,1507.80419921875,1,MWI,1997,IHS-I,GPWG,N,c,0,1,0,0,1997,0,1997.83
8.056349754333496,231.7991485595703,1,MWI,1997,IHS-I,GPWG,N,c,0,1,0,0,1997,0,1997.83
5.555034637451172,226.5319061279297,1,MWI,1997,IHS-I,GPWG,N,c,0,1,0,0,1997,0,1997.83
66.5376205444336,783.184814453125,1,MWI,1997,IHS-I,GPWG,N,c,0,1,0,0,1997,0,1997.83
3.986018419265747,786.7457885742188,1,MWI,1997,IHS-I,GPWG,N,c,0,1,0,0,1997,0,1997.83
1.4189164638519287,1255.355712890625,1,MWI,1997,IHS-I,GPWG,N,c,0,1,0,0,1997,0,1997.83
1.0960274934768677,1555.138916015625,1,MWI,1997,IHS-I,GPWG,N,c,0,1,0,0,1997,0,1997.83
2.7754316329956055,421.5187683105469,1,MWI,1997,IHS-I,GPWG,N,c,0,1,0,0,1997,0,1997.83
1.293846607208252,1506.4267578125,1,MWI,1997,IHS-I,GPWG,N,c,0,1,0,0,1997,0,1997.83
0.7432884573936462,842.6378173828125,1,MWI,1997,IHS-I,GPWG,N,c,0,1,0,0,1997,0,1997.83
0.8539164662361145,1185.886474609375,1,MWI,1997,IHS-I,GPWG,N,c,0,1,0,0,1997,0,1997.83
1.9197821617126465,338.82470703125,1,MWI,1997,IHS-I,GPWG,N,c,0,1,0,0,1997,0,1997.83
5.265861511230469,162.1830596923828,1,MWI,1997,IHS-I,GPWG,N,c,0,1,0,0,1997,0,1997.83
1.5221680402755737,387.2400817871094,1,MWI,1997,IHS-I,GPWG,N,c,0,1,0,0,1997,0,1997.83
0.8531531691551208,1355.298828125,1,MWI,1997,IHS-I,GPWG,N,c,0,1,0,0,1997,0,1997.83
3.9688632488250732,983.4322509765625,1,MWI,1997,IHS-I,GPWG,N,c,0,1,0,0,1997,0,1997.83
4.391489505767822,927.1965942382812,1,MWI,1997,IHS-I,GPWG,N,c,0,1,0,0,1997,0,1997.83
3.179292678833008,232.25262451171875,1,MWI,1997,IHS-I,GPWG,N,c,0,1,0,0,1997,0,1997.83
3.9791486263275146,776.8464965820312,1,MWI,1997,IHS-I,GPWG,N,c,0,1,0,0,1997,0,1997.83
0.693848192691803,758.6937866210938,1,MWI,1997,IHS-I,GPWG,N,c,0,1,0,0,1997,0,1997.83
2.93664813041687,648.7322387695312,1,MWI,1997,IHS-I,GPWG,N,c,0,1,0,0,1997,0,1997.83
1.8914235830307007,1839.63330078125,1,MWI,1997,IHS-I,GPWG,N,c,0,1,0,0,1997,0,1997.83
1.9119317531585693,1507.80419921875,1,MWI,1997,IHS-I,GPWG,N,c,0,1,0,0,1997,0,1997.83
2.2286605834960938,2718.962646484375,1,MWI,1997,IHS-I,GPWG,N,c,0,1,0,0,1997,0,1997.83
2.4799904823303223,778.125,1,MWI,1997,IHS-I,GPWG,N,c,0,1,0,0,1997,0,1997.83
3.210458517074585,648.7322387695312,1,MWI,1997,IHS-I,GPWG,N,c,0,1,0,0,1997,0,1997.83
2.414531707763672,297.52117919921875,1,MWI,1997,IHS-I,GPWG,N,c,0,1,0,0,1997,0,1997.83
4.1309123039245605,393.3728942871094,1,MWI,1997,IHS-I,GPWG,N,c,0,1,0,0,1997,0,1997.83
5.149187088012695,114.04545593261719,1,MWI,1997,IHS-I,GPWG,N,c,0,1,0,0,1997,0,1997.83
4.212496757507324,606.9550170898438,1,MWI,1997,IHS-I,GPWG,N,c,0,1,0,0,1997,0,1997.83
1.5821534395217896,1004.2845458984375,1,MWI,1997,IHS-I,GPWG,N,c,0,1,0,0,1997,0,1997.83
1.6020331382751465,1507.80419921875,1,MWI,1997,IHS-I,GPWG,N,c,0,1,0,0,1997,0,1997.83
2.2690770626068115,958.2977294921875,1,MWI,1997,IHS-I,GPWG,N,c,0,1,0,0,1997,0,1997.83
12.150486946105957,522.1232299804688,1,MWI,1997,IHS-I,GPWG,N,c,0,1,0,0,1997,0,1997.83
2.696878671646118,421.31890869140625,1,MWI,1997,IHS-I,GPWG,N,c,0,1,0,0,1997,0,1997.83
0.8351982235908508,1893.5087890625,1,MWI,1997,IHS-I,GPWG,N,c,0,1,0,0,1997,0,1997.83
5.5446600914001465,1004.2845458984375,1,MWI,1997,IHS-I,GPWG,N,c,0,1,0,0,1997,0,1997.83
1.4440444707870483,508.237060546875,1,MWI,1997,IHS-I,GPWG,N,c,0,1,0,0,1997,0,1997.83
1.589812159538269,1437.446533203125,1,MWI,1997,IHS-I,GPWG,N,c,0,1,0,0,1997,0,1997.83
2.903409004211426,843.0375366210938,1,MWI,1997,IHS-I,GPWG,N,c,0,1,0,0,1997,0,1997.83
14.747414588928223,196.6864471435547,1,MWI,1997,IHS-I,GPWG,N,c,0,1,0,0,1997,0,1997.83
3.0080957412719727,632.2781372070312,1,MWI,1997,IHS-I,GPWG,N,c,0,1,0,0,1997,0,1997.83
1.170419692993164,1180.11865234375,1,MWI,1997,IHS-I,GPWG,N,c,0,1,0,0,1997,0,1997.83
4.715826511383057,1573.4915771484375,1,MWI,1997,IHS-I,GPWG,N,c,0,1,0,0,1997,0,1997.83
16.081941604614258,193.6200408935547,1,MWI,1997,IHS-I,GPWG,N,c,0,1,0,0,1997,0,1997.83
0.9254802465438843,847.061767578125,1,MWI,1997,IHS-I,GPWG,N,c,0,1,0,0,1997,0,1997.83
3.4534523487091064,677.6494140625,1,MWI,1997,IHS-I,GPWG,N,c,0,1,0,0,1997,0,1997.83
4.908684253692627,753.21337890625,1,MWI,1997,IHS-I,GPWG,N,c,0,1,0,0,1997,0,1997.83
4.7284955978393555,843.0375366210938,1,MWI,1997,IHS-I,GPWG,N,c,0,1,0,0,1997,0,1997.83
2.9973771572113037,1783.2452392578125,1,MWI,1997,IHS-I,GPWG,N,c,0,1,0,0,1997,0,1997.83
2.9241175651550293,695.3974609375,1,MWI,1997,IHS-I,GPWG,N,c,0,1,0,0,1997,0,1997.83
1.0433152914047241,455.21624755859375,1,MWI,1997,IHS-I,GPWG,N,c,0,1,0,0,1997,0,1997.83
2.885103702545166,1770.177978515625,1,MWI,1997,IHS-I,GPWG,N,c,0,1,0,0,1997,0,1997.83
1.3690749406814575,910.4324951171875,1,MWI,1997,IHS-I,GPWG,N,c,0,1,0,0,1997,0,1997.83
8.060725212097168,783.184814453125,1,MWI,1997,IHS-I,GPWG,N,c,0,1,0,0,1997,0,1997.83
6.761440753936768,231.7991485595703,1,MWI,1997,IHS-I,GPWG,N,c,0,1,0,0,1997,0,1997.83
2.7080695629119873,518.379638671875,1,MWI,1997,IHS-I,GPWG,N,c,0,1,0,0,1997,0,1997.83
1.9560459852218628,232.25262451171875,1,MWI,1997,IHS-I,GPWG,N,c,0,1,0,0,1997,0,1997.83
1.6312122344970703,1524.711181640625,1,MWI,1997,IHS-I,GPWG,N,c,0,1,0,0,1997,0,1997.83
1.2213406562805176,910.4324951171875,1,MWI,1997,IHS-I,GPWG,N,c,0,1,0,0,1997,0,1997.83
1.651687741279602,1352.5062255859375,1,MWI,1997,IHS-I,GPWG,N,c,0,1,0,0,1997,0,1997.83
1.2450907230377197,774.4801635742188,1,MWI,1997,IHS-I,GPWG,N,c,0,1,0,0,1997,0,1997.83
12.21155071258545,1053.796875,1,MWI,1997,IHS-I,GPWG,N,c,0,1,0,0,1997,0,1997.83
1.7706506252288818,632.2781372070312,1,MWI,1997,IHS-I,GPWG,N,c,0,1,0,0,1997,0,1997.83
3.922297954559326,502.14227294921875,1,MWI,1997,IHS-I,GPWG,N,c,0,1,0,0,1997,0,1997.83
3.6129238605499268,1390.794921875,1,MWI,1997,IHS-I,GPWG,N,c,0,1,0,0,1997,0,1997.83
0.8290621638298035,753.902099609375,1,MWI,1997,IHS-I,GPWG,N,c,0,1,0,0,1997,0,1997.83
1.9995965957641602,162.1830596923828,1,MWI,1997,IHS-I,GPWG,N,c,0,1,0,0,1997,0,1997.83
2.683225154876709,983.4322509765625,1,MWI,1997,IHS-I,GPWG,N,c,0,1,0,0,1997,0,1997.83
3.9005274772644043,786.7457885742188,1,MWI,1997,IHS-I,GPWG,N,c,0,1,0,0,1997,0,1997.83
1.4474865198135376,570.227294921875,1,MWI,1997,IHS-I,GPWG,N,c,0,1,0,0,1997,0,1997.83
2.287785053253174,774.4801635742188,1,MWI,1997,IHS-I,GPWG,N,c,0,1,0,0,1997,0,1997.83
1.2317928075790405,842.6378173828125,1,MWI,1997,IHS-I,GPWG,N,c,0,1,0,0,1997,0,1997.83
1.0934830904006958,842.6378173828125,1,MWI,1997,IHS-I,GPWG,N,c,0,1,0,0,1997,0,1997.83
2.2714312076568604,689.8624877929688,1,MWI,1997,IHS-I,GPWG,N,c,0,1,0,0,1997,0,1997.83
5.599516868591309,936.1087646484375,1,MWI,1997,IHS-I,GPWG,N,c,0,1,0,0,1997,0,1997.83
1.8536065816879272,1966.864501953125,1,MWI,1997,IHS-I,GPWG,N,c,0,1,0,0,1997,0,1997.83
0.6214085817337036,811.5037841796875,1,MWI,1997,IHS-I,GPWG,N,c,0,1,0,0,1997,0,1997.83
1.5619852542877197,580.860107421875,1,MWI,1997,IHS-I,GPWG,N,c,0,1,0,0,1997,0,1997.83
3.7890238761901855,1044.2464599609375,1,MWI,1997,IHS-I,GPWG,N,c,0,1,0,0,1997,0,1997.83
1.8855035305023193,1609.67919921875,1,MWI,1997,IHS-I,GPWG,N,c,0,1,0,0,1997,0,1997.83
1.8807049989700317,541.0025024414062,1,MWI,1997,IHS-I,GPWG,N,c,0,1,0,0,1997,0,1997.83
3.2020986080169678,919.816650390625,1,MWI,1997,IHS-I,GPWG,N,c,0,1,0,0,1997,0,1997.83
10.531929969787598,196.6864471435547,1,MWI,1997,IHS-I,GPWG,N,c,0,1,0,0,1997,0,1997.83
3.4902281761169434,843.0375366210938,1,MWI,1997,IHS-I,GPWG,N,c,0,1,0,0,1997,0,1997.83
1.6588146686553955,778.125,1,MWI,1997,IHS-I,GPWG,N,c,0,1,0,0,1997,0,1997.83
4.408681869506836,2106.594482421875,1,MWI,1997,IHS-I,GPWG,N,c,0,1,0,0,1997,0,1997.83
2.3367562294006348,632.2781372070312,1,MWI,1997,IHS-I,GPWG,N,c,0,1,0,0,1997,0,1997.83
1.16412353515625,1086.881591796875,1,MWI,1997,IHS-I,GPWG,N,c,0,1,0,0,1997,0,1997.83
3.207205295562744,114.04545593261719,1,MWI,1997,IHS-I,GPWG,N,c,0,1,0,0,1997,0,1997.83
3.820202112197876,652.1289672851562,1,MWI,1997,IHS-I,GPWG,N,c,0,1,0,0,1997,0,1997.83
1.4127620458602905,1037.5,1,MWI,1997,IHS-I,GPWG,N,c,0,1,0,0,1997,0,1997.83
4.845151901245117,1390.794921875,1,MWI,1997,IHS-I,GPWG,N,c,0,1,0,0,1997,0,1997.83
1.9029464721679688,338.82470703125,1,MWI,1997,IHS-I,GPWG,N,c,0,1,0,0,1997,0,1997.83
1.0108027458190918,1016.47412109375,1,MWI,1997,IHS-I,GPWG,N,c,0,1,0,0,1997,0,1997.83
0.8900743126869202,631.9783935546875,1,MWI,1997,IHS-I,GPWG,N,c,0,1,0,0,1997,0,1997.83
1.1894415616989136,968.1002197265625,1,MWI,1997,IHS-I,GPWG,N,c,0,1,0,0,1997,0,1997.83
4.25862455368042,3915.92431640625,1,MWI,1997,IHS-I,GPWG,N,c,0,1,0,0,1997,0,1997.83
0.44269832968711853,938.4282836914062,1,MWI,1997,IHS-I,GPWG,N,c,0,1,0,0,1997,0,1997.83
1.01078200340271,1555.138916015625,1,MWI,1997,IHS-I,GPWG,N,c,0,1,0,0,1997,0,1997.83
1.23060142993927,1045.1368408203125,1,MWI,1997,IHS-I,GPWG,N,c,0,1,0,0,1997,0,1997.83
6.16555643081665,1622.593994140625,1,MWI,1997,IHS-I,GPWG,N,c,0,1,0,0,1997,0,1997.83
7.811489582061768,1305.30810546875,1,MWI,1997,IHS-I,GPWG,N,c,0,1,0,0,1997,0,1997.83
2.937546968460083,563.0569458007812,1,MWI,1997,IHS-I,GPWG,N,c,0,1,0,0,1997,0,1997.83
1.73768949508667,777.5694580078125,1,MWI,1997,IHS-I,GPWG,N,c,0,1,0,0,1997,0,1997.83
1.8182449340820312,388.4232482910156,1,MWI,1997,IHS-I,GPWG,N,c,0,1,0,0,1997,0,1997.83
12.205183029174805,75.51063537597656,1,MWI,1997,IHS-I,GPWG,N,c,0,1,0,0,1997,0,1997.83
8.114921569824219,1086.881591796875,1,MWI,1997,IHS-I,GPWG,N,c,0,1,0,0,1997,0,1997.83
11.790260314941406,1622.593994140625,1,MWI,1997,IHS-I,GPWG,N,c,0,1,0,0,1997,0,1997.83
1.3032338619232178,677.6494140625,1,MWI,1997,IHS-I,GPWG,N,c,0,1,0,0,1997,0,1997.83
2.1387531757354736,677.6494140625,1,MWI,1997,IHS-I,GPWG,N,c,0,1,0,0,1997,0,1997.83
1.3320491313934326,677.6494140625,1,MWI,1997,IHS-I,GPWG,N,c,0,1,0,0,1997,0,1997.83
1.186776876449585,1475.315673828125,1,MWI,1997,IHS-I,GPWG,N,c,0,1,0,0,1997,0,1997.83
1.9900386333465576,387.2400817871094,1,MWI,1997,IHS-I,GPWG,N,c,0,1,0,0,1997,0,1997.83
1.5626366138458252,1942.1162109375,1,MWI,1997,IHS-I,GPWG,N,c,0,1,0,0,1997,0,1997.83
2.821937322616577,456.18182373046875,1,MWI,1997,IHS-I,GPWG,N,c,0,1,0,0,1997,0,1997.83
1.2837811708450317,606.9550170898438,1,MWI,1997,IHS-I,GPWG,N,c,0,1,0,0,1997,0,1997.83
3.2917051315307617,631.9783935546875,1,MWI,1997,IHS-I,GPWG,N,c,0,1,0,0,1997,0,1997.83
3.7166175842285156,631.9783935546875,1,MWI,1997,IHS-I,GPWG,N,c,0,1,0,0,1997,0,1997.83
5.271859645843506,652.1289672851562,1,MWI,1997,IHS-I,GPWG,N,c,0,1,0,0,1997,0,1997.83
2.289982795715332,486.5491943359375,1,MWI,1997,IHS-I,GPWG,N,c,0,1,0,0,1997,0,1997.83
1.7718145847320557,456.18182373046875,1,MWI,1997,IHS-I,GPWG,N,c,0,1,0,0,1997,0,1997.83
0.3726341426372528,1623.007568359375,1,MWI,1997,IHS-I,GPWG,N,c,0,1,0,0,1997,0,1997.83
2.346557378768921,387.2400817871094,1,MWI,1997,IHS-I,GPWG,N,c,0,1,0,0,1997,0,1997.83
1.3084677457809448,842.6378173828125,1,MWI,1997,IHS-I,GPWG,N,c,0,1,0,0,1997,0,1997.83
1.1826359033584595,1264.5562744140625,1,MWI,1997,IHS-I,GPWG,N,c,0,1,0,0,1997,0,1997.83
1.062409520149231,2330.53955078125,1,MWI,1997,IHS-I,GPWG,N,c,0,1,0,0,1997,0,1997.83
4.247987270355225,1042.121337890625,1,MWI,1997,IHS-I,GPWG,N,c,0,1,0,0,1997,0,1997.83
36.955387115478516,847.061767578125,1,MWI,1997,IHS-I,GPWG,N,c,0,1,0,0,1997,0,1997.83
8.836845397949219,251.07113647460938,1,MWI,1997,IHS-I,GPWG,N,c,0,1,0,0,1997,0,1997.83
1.7267177104949951,648.7322387695312,1,MWI,1997,IHS-I,GPWG,N,c,0,1,0,0,1997,0,1997.83
10.365986824035645,375.3713073730469,1,MWI,1997,IHS-I,GPWG,N,c,0,1,0,0,1997,0,1997.83
2.9154858589172363,217.37632751464844,1,MWI,1997,IHS-I,GPWG,N,c,0,1,0,0,1997,0,1997.83
1.9736578464508057,753.21337890625,1,MWI,1997,IHS-I,GPWG,N,c,0,1,0,0,1997,0,1997.83
1.138071060180664,2510.71142578125,1,MWI,1997,IHS-I,GPWG,N,c,0,1,0,0,1997,0,1997.83
5.851220607757568,783.184814453125,1,MWI,1997,IHS-I,GPWG,N,c,0,1,0,0,1997,0,1997.83
2.2041847705841064,1004.2845458984375,1,MWI,1997,IHS-I,GPWG,N,c,0,1,0,0,1997,0,1997.83
1.2316277027130127,1263.956787109375,1,MWI,1997,IHS-I,GPWG,N,c,0,1,0,0,1997,0,1997.83
3.0131077766418457,1158.9957275390625,1,MWI,1997,IHS-I,GPWG,N,c,0,1,0,0,1997,0,1997.83
1.288114309310913,677.6494140625,1,MWI,1997,IHS-I,GPWG,N,c,0,1,0,0,1997,0,1997.83
1.3435577154159546,387.2400817871094,1,MWI,1997,IHS-I,GPWG,N,c,0,1,0,0,1997,0,1997.83
7.268611431121826,261.0616149902344,1,MWI,1997,IHS-I,GPWG,N,c,0,1,0,0,1997,0,1997.83
2.2256250381469727,1379.7249755859375,1,MWI,1997,IHS-I,GPWG,N,c,0,1,0,0,1997,0,1997.83
4.141129970550537,590.059326171875,1,MWI,1997,IHS-I,GPWG,N,c,0,1,0,0,1997,0,1997.83
2.035254955291748,973.098388671875,1,MWI,1997,IHS-I,GPWG,N,c,0,1,0,0,1997,0,1997.83
1.861556053161621,595.4979248046875,1,MWI,1997,IHS-I,GPWG,N,c,0,1,0,0,1997,0,1997.83
1.6444073915481567,508.237060546875,1,MWI,1997,IHS-I,GPWG,N,c,0,1,0,0,1997,0,1997.83
1.2329068183898926,632.2781372070312,1,MWI,1997,IHS-I,GPWG,N,c,0,1,0,0,1997,0,1997.83
5.544166088104248,196.6864471435547,1,MWI,1997,IHS-I,GPWG,N,c,0,1,0,0,1997,0,1997.83
1.0504999160766602,1555.138916015625,1,MWI,1997,IHS-I,GPWG,N,c,0,1,0,0,1997,0,1997.83
1.3552632331848145,2395.744384765625,1,MWI,1997,IHS-I,GPWG,N,c,0,1,0,0,1997,0,1997.83
1.0286198854446411,774.4801635742188,1,MWI,1997,IHS-I,GPWG,N,c,0,1,0,0,1997,0,1997.83
1.0500408411026,968.1002197265625,1,MWI,1997,IHS-I,GPWG,N,c,0,1,0,0,1997,0,1997.83
4.869252681732178,1313.799560546875,1,MWI,1997,IHS-I,GPWG,N,c,0,1,0,0,1997,0,1997.83
2.6998424530029297,786.7457885742188,1,MWI,1997,IHS-I,GPWG,N,c,0,1,0,0,1997,0,1997.83
0.9223038554191589,843.0375366210938,1,MWI,1997,IHS-I,GPWG,N,c,0,1,0,0,1997,0,1997.83
0.7765242457389832,1474.6162109375,1,MWI,1997,IHS-I,GPWG,N,c,0,1,0,0,1997,0,1997.83
1.646993637084961,1158.9957275390625,1,MWI,1997,IHS-I,GPWG,N,c,0,1,0,0,1997,0,1997.83
3.646723508834839,455.21624755859375,1,MWI,1997,IHS-I,GPWG,N,c,0,1,0,0,1997,0,1997.83
1.517056941986084,1437.446533203125,1,MWI,1997,IHS-I,GPWG,N,c,0,1,0,0,1997,0,1997.83
12.682013511657715,148.39999389648438,1,MWI,1997,IHS-I,GPWG,N,c,0,1,0,0,1997,0,1997.83
5.889482021331787,1190.995849609375,1,MWI,1997,IHS-I,GPWG,N,c,0,1,0,0,1997,0,1997.83
3.157470464706421,1256.50341796875,1,MWI,1997,IHS-I,GPWG,N,c,0,1,0,0,1997,0,1997.83
2.5782244205474854,393.3728942871094,1,MWI,1997,IHS-I,GPWG,N,c,0,1,0,0,1997,0,1997.83
1.1142737865447998,847.061767578125,1,MWI,1997,IHS-I,GPWG,N,c,0,1,0,0,1997,0,1997.83
1.055034875869751,1264.5562744140625,1,MWI,1997,IHS-I,GPWG,N,c,0,1,0,0,1997,0,1997.83
1.1538543701171875,456.18182373046875,1,MWI,1997,IHS-I,GPWG,N,c,0,1,0,0,1997,0,1997.83
7.321099758148193,1255.355712890625,1,MWI,1997,IHS-I,GPWG,N,c,0,1,0,0,1997,0,1997.83
1.7694369554519653,1815.625,1,MWI,1997,IHS-I,GPWG,N,c,0,1,0,0,1997,0,1997.83
4.107489109039307,847.061767578125,1,MWI,1997,IHS-I,GPWG,N,c,0,1,0,0,1997,0,1997.83
3.2465128898620605,210.75938415527344,1,MWI,1997,IHS-I,GPWG,N,c,0,1,0,0,1997,0,1997.83
2.9609386920928955,750.7426147460938,1,MWI,1997,IHS-I,GPWG,N,c,0,1,0,0,1997,0,1997.83
0.832697868347168,1352.5062255859375,1,MWI,1997,IHS-I,GPWG,N,c,0,1,0,0,1997,0,1997.83
1.5193229913711548,632.2781372070312,1,MWI,1997,IHS-I,GPWG,N,c,0,1,0,0,1997,0,1997.83
0.9950006008148193,2434.51123046875,1,MWI,1997,IHS-I,GPWG,N,c,0,1,0,0,1997,0,1997.83
1.2940515279769897,2718.962646484375,1,MWI,1997,IHS-I,GPWG,N,c,0,1,0,0,1997,0,1997.83
3.5332467555999756,1135.2813720703125,1,MWI,1997,IHS-I,GPWG,N,c,0,1,0,0,1997,0,1997.83
6.15861177444458,453.0638122558594,1,MWI,1997,IHS-I,GPWG,N,c,0,1,0,0,1997,0,1997.83
2.9331789016723633,303.4775085449219,1,MWI,1997,IHS-I,GPWG,N,c,0,1,0,0,1997,0,1997.83
1.5204929113388062,810.915283203125,1,MWI,1997,IHS-I,GPWG,N,c,0,1,0,0,1997,0,1997.83
2.9434220790863037,445.1999816894531,1,MWI,1997,IHS-I,GPWG,N,c,0,1,0,0,1997,0,1997.83
0.7279031276702881,2164.010009765625,1,MWI,1997,IHS-I,GPWG,N,c,0,1,0,0,1997,0,1997.83
5.138236999511719,169.412353515625,1,MWI,1997,IHS-I,GPWG,N,c,0,1,0,0,1997,0,1997.83
2.293672561645508,563.0569458007812,1,MWI,1997,IHS-I,GPWG,N,c,0,1,0,0,1997,0,1997.83
1.5431455373764038,1304.2579345703125,1,MWI,1997,IHS-I,GPWG,N,c,0,1,0,0,1997,0,1997.83
1.2483075857162476,1556.25,1,MWI,1997,IHS-I,GPWG,N,c,0,1,0,0,1997,0,1997.83
19.15106773376465,196.6864471435547,1,MWI,1997,IHS-I,GPWG,N,c,0,1,0,0,1997,0,1997.83
2.9645190238952637,1005.2027587890625,1,MWI,1997,IHS-I,GPWG,N,c,0,1,0,0,1997,0,1997.83
2.8659229278564453,226.5319061279297,1,MWI,1997,IHS-I,GPWG,N,c,0,1,0,0,1997,0,1997.83
4.4662041664123535,528.574462890625,1,MWI,1997,IHS-I,GPWG,N,c,0,1,0,0,1997,0,1997.83
2.5666894912719727,1053.2972412109375,1,MWI,1997,IHS-I,GPWG,N,c,0,1,0,0,1997,0,1997.83
3.0136215686798096,750.7426147460938,1,MWI,1997,IHS-I,GPWG,N,c,0,1,0,0,1997,0,1997.83
1.0858958959579468,357.0254211425781,1,MWI,1997,IHS-I,GPWG,N,c,0,1,0,0,1997,0,1997.83
5.3454909324646,869.5053100585938,1,MWI,1997,IHS-I,GPWG,N,c,0,1,0,0,1997,0,1997.83
2.395859956741333,1876.8565673828125,1,MWI,1997,IHS-I,GPWG,N,c,0,1,0,0,1997,0,1997.83
0.9223895072937012,810.915283203125,1,MWI,1997,IHS-I,GPWG,N,c,0,1,0,0,1997,0,1997.83
1.828962802886963,869.5053100585938,1,MWI,1997,IHS-I,GPWG,N,c,0,1,0,0,1997,0,1997.83
1.7477697134017944,936.1087646484375,1,MWI,1997,IHS-I,GPWG,N,c,0,1,0,0,1997,0,1997.83
3.7667131423950195,232.25262451171875,1,MWI,1997,IHS-I,GPWG,N,c,0,1,0,0,1997,0,1997.83
0.9611011743545532,486.5491943359375,1,MWI,1997,IHS-I,GPWG,N,c,0,1,0,0,1997,0,1997.83
2.9784767627716064,187.2217559814453,1,MWI,1997,IHS-I,GPWG,N,c,0,1,0,0,1997,0,1997.83
80.56100463867188,983.4322509765625,1,MWI,1997,IHS-I,GPWG,N,c,0,1,0,0,1997,0,1997.83
1.5861324071884155,508.237060546875,1,MWI,1997,IHS-I,GPWG,N,c,0,1,0,0,1997,0,1997.83
4.144760608673096,648.7322387695312,1,MWI,1997,IHS-I,GPWG,N,c,0,1,0,0,1997,0,1997.83
1.7730692625045776,869.5053100585938,1,MWI,1997,IHS-I,GPWG,N,c,0,1,0,0,1997,0,1997.83
2.7013251781463623,421.5187683105469,1,MWI,1997,IHS-I,GPWG,N,c,0,1,0,0,1997,0,1997.83
1.381346344947815,753.902099609375,1,MWI,1997,IHS-I,GPWG,N,c,0,1,0,0,1997,0,1997.83
2.068758964538574,695.3974609375,1,MWI,1997,IHS-I,GPWG,N,c,0,1,0,0,1997,0,1997.83
3.1606128215789795,229.95416259765625,1,MWI,1997,IHS-I,GPWG,N,c,0,1,0,0,1997,0,1997.83
2.8754780292510986,210.75938415527344,1,MWI,1997,IHS-I,GPWG,N,c,0,1,0,0,1997,0,1997.83
2.4237210750579834,1053.796875,1,MWI,1997,IHS-I,GPWG,N,c,0,1,0,0,1997,0,1997.83
1.6222892999649048,758.6937866210938,1,MWI,1997,IHS-I,GPWG,N,c,0,1,0,0,1997,0,1997.83
5.4989013671875,302.04254150390625,1,MWI,1997,IHS-I,GPWG,N,c,0,1,0,0,1997,0,1997.83
4.551034927368164,652.1289672851562,1,MWI,1997,IHS-I,GPWG,N,c,0,1,0,0,1997,0,1997.83
2.896311044692993,3791.8701171875,1,MWI,1997,IHS-I,GPWG,N,c,0,1,0,0,1997,0,1997.83
2.9009182453155518,388.4232482910156,1,MWI,1997,IHS-I,GPWG,N,c,0,1,0,0,1997,0,1997.83
2.670056104660034,1506.4267578125,1,MWI,1997,IHS-I,GPWG,N,c,0,1,0,0,1997,0,1997.83
2.382983446121216,753.902099609375,1,MWI,1997,IHS-I,GPWG,N,c,0,1,0,0,1997,0,1997.83
1.5547162294387817,302.04254150390625,1,MWI,1997,IHS-I,GPWG,N,c,0,1,0,0,1997,0,1997.83
1.512688398361206,1854.3931884765625,1,MWI,1997,IHS-I,GPWG,N,c,0,1,0,0,1997,0,1997.83
2.9413890838623047,778.125,1,MWI,1997,IHS-I,GPWG,N,c,0,1,0,0,1997,0,1997.83
1.45750093460083,811.5037841796875,1,MWI,1997,IHS-I,GPWG,N,c,0,1,0,0,1997,0,1997.83
2.360069751739502,595.4979248046875,1,MWI,1997,IHS-I,GPWG,N,c,0,1,0,0,1997,0,1997.83
3.3117945194244385,890.3999633789062,1,MWI,1997,IHS-I,GPWG,N,c,0,1,0,0,1997,0,1997.83
7.209651470184326,1524.711181640625,1,MWI,1997,IHS-I,GPWG,N,c,0,1,0,0,1997,0,1997.83
2.5498881340026855,297.52117919921875,1,MWI,1997,IHS-I,GPWG,N,c,0,1,0,0,1997,0,1997.83
1.3885507583618164,1086.881591796875,1,MWI,1997,IHS-I,GPWG,N,c,0,1,0,0,1997,0,1997.83
8.934869766235352,750.7426147460938,1,MWI,1997,IHS-I,GPWG,N,c,0,1,0,0,1997,0,1997.83
1.1258066892623901,1295.9490966796875,1,MWI,1997,IHS-I,GPWG,N,c,0,1,0,0,1997,0,1997.83
1.2824984788894653,508.237060546875,1,MWI,1997,IHS-I,GPWG,N,c,0,1,0,0,1997,0,1997.83
1.5705853700637817,777.5694580078125,1,MWI,1997,IHS-I,GPWG,N,c,0,1,0,0,1997,0,1997.83
2.743818759918213,508.237060546875,1,MWI,1997,IHS-I,GPWG,N,c,0,1,0,0,1997,0,1997.83
1.2103025913238525,2395.744384765625,1,MWI,1997,IHS-I,GPWG,N,c,0,1,0,0,1997,0,1997.83
0.5432918071746826,696.7578735351562,1,MWI,1997,IHS-I,GPWG,N,c,0,1,0,0,1997,0,1997.83
2.6767523288726807,758.6937866210938,1,MWI,1997,IHS-I,GPWG,N,c,0,1,0,0,1997,0,1997.83
3.8558783531188965,744.3724365234375,1,MWI,1997,IHS-I,GPWG,N,c,0,1,0,0,1997,0,1997.83
1.9294549226760864,1310.55224609375,1,MWI,1997,IHS-I,GPWG,N,c,0,1,0,0,1997,0,1997.83
1.271353006362915,847.061767578125,1,MWI,1997,IHS-I,GPWG,N,c,0,1,0,0,1997,0,1997.83
1.1659417152404785,811.5037841796875,1,MWI,1997,IHS-I,GPWG,N,c,0,1,0,0,1997,0,1997.83
3.1464052200317383,251.30068969726562,1,MWI,1997,IHS-I,GPWG,N,c,0,1,0,0,1997,0,1997.83
3.1981537342071533,259.375,1,MWI,1997,IHS-I,GPWG,N,c,0,1,0,0,1997,0,1997.83
13.455246925354004,1390.794921875,1,MWI,1997,IHS-I,GPWG,N,c,0,1,0,0,1997,0,1997.83
0.7048810720443726,696.7578735351562,1,MWI,1997,IHS-I,GPWG,N,c,0,1,0,0,1997,0,1997.83
3.7729880809783936,593.5999755859375,1,MWI,1997,IHS-I,GPWG,N,c,0,1,0,0,1997,0,1997.83
2.7607789039611816,455.21624755859375,1,MWI,1997,IHS-I,GPWG,N,c,0,1,0,0,1997,0,1997.83
2.778655529022217,936.1087646484375,1,MWI,1997,IHS-I,GPWG,N,c,0,1,0,0,1997,0,1997.83
6.6014404296875,1839.63330078125,1,MWI,1997,IHS-I,GPWG,N,c,0,1,0,0,1997,0,1997.83
2.6779730319976807,187.68565368652344,1,MWI,1997,IHS-I,GPWG,N,c,0,1,0,0,1997,0,1997.83
2.8707692623138428,187.68565368652344,1,MWI,1997,IHS-I,GPWG,N,c,0,1,0,0,1997,0,1997.83
12.150182723999023,522.1232299804688,1,MWI,1997,IHS-I,GPWG,N,c,0,1,0,0,1997,0,1997.83
1.5214091539382935,1158.9957275390625,1,MWI,1997,IHS-I,GPWG,N,c,0,1,0,0,1997,0,1997.83
10.601008415222168,261.0616149902344,1,MWI,1997,IHS-I,GPWG,N,c,0,1,0,0,1997,0,1997.83
1.1585139036178589,1507.80419921875,1,MWI,1997,IHS-I,GPWG,N,c,0,1,0,0,1997,0,1997.83
1.4867374897003174,1475.315673828125,1,MWI,1997,IHS-I,GPWG,N,c,0,1,0,0,1997,0,1997.83
1.255968451499939,1053.2972412109375,1,MWI,1997,IHS-I,GPWG,N,c,0,1,0,0,1997,0,1997.83
1.309752345085144,459.9083251953125,1,MWI,1997,IHS-I,GPWG,N,c,0,1,0,0,1997,0,1997.83
1.9496636390686035,1759.1048583984375,1,MWI,1997,IHS-I,GPWG,N,c,0,1,0,0,1997,0,1997.83
1.7422353029251099,1942.1162109375,1,MWI,1997,IHS-I,GPWG,N,c,0,1,0,0,1997,0,1997.83
3.1125454902648926,1053.796875,1,MWI,1997,IHS-I,GPWG,N,c,0,1,0,0,1997,0,1997.83
8.34747314453125,148.87448120117188,1,MWI,1997,IHS-I,GPWG,N,c,0,1,0,0,1997,0,1997.83
2.0347177982330322,938.4282836914062,1,MWI,1997,IHS-I,GPWG,N,c,0,1,0,0,1997,0,1997.83
2.2761993408203125,786.7457885742188,1,MWI,1997,IHS-I,GPWG,N,c,0,1,0,0,1997,0,1997.83
2.0280420780181885,1577.0999755859375,1,MWI,1997,IHS-I,GPWG,N,c,0,1,0,0,1997,0,1997.83
2.928255319595337,421.5187683105469,1,MWI,1997,IHS-I,GPWG,N,c,0,1,0,0,1997,0,1997.83
0.978141725063324,843.0375366210938,1,MWI,1997,IHS-I,GPWG,N,c,0,1,0,0,1997,0,1997.83
3.009735107421875,541.0025024414062,1,MWI,1997,IHS-I,GPWG,N,c,0,1,0,0,1997,0,1997.83
1.503420114517212,1005.2027587890625,1,MWI,1997,IHS-I,GPWG,N,c,0,1,0,0,1997,0,1997.83
0.45965149998664856,2434.51123046875,1,MWI,1997,IHS-I,GPWG,N,c,0,1,0,0,1997,0,1997.83
2.4606897830963135,187.2217559814453,1,MWI,1997,IHS-I,GPWG,N,c,0,1,0,0,1997,0,1997.83
1.0914682149887085,677.6494140625,1,MWI,1997,IHS-I,GPWG,N,c,0,1,0,0,1997,0,1997.83
1.7649897336959839,1916.595458984375,1,MWI,1997,IHS-I,GPWG,N,c,0,1,0,0,1997,0,1997.83
1.0275497436523438,1474.6162109375,1,MWI,1997,IHS-I,GPWG,N,c,0,1,0,0,1997,0,1997.83
1.3834011554718018,1016.47412109375,1,MWI,1997,IHS-I,GPWG,N,c,0,1,0,0,1997,0,1997.83
7.193759441375732,1086.881591796875,1,MWI,1997,IHS-I,GPWG,N,c,0,1,0,0,1997,0,1997.83
1.398456335067749,541.0025024414062,1,MWI,1997,IHS-I,GPWG,N,c,0,1,0,0,1997,0,1997.83
1.140498161315918,1256.50341796875,1,MWI,1997,IHS-I,GPWG,N,c,0,1,0,0,1997,0,1997.83
2.2217726707458496,648.7322387695312,1,MWI,1997,IHS-I,GPWG,N,c,0,1,0,0,1997,0,1997.83
7.030445575714111,196.6864471435547,1,MWI,1997,IHS-I,GPWG,N,c,0,1,0,0,1997,0,1997.83
1.3241149187088013,684.272705078125,1,MWI,1997,IHS-I,GPWG,N,c,0,1,0,0,1997,0,1997.83
1.382775902748108,2164.010009765625,1,MWI,1997,IHS-I,GPWG,N,c,0,1,0,0,1997,0,1997.83
2.565891981124878,2950.63134765625,1,MWI,1997,IHS-I,GPWG,N,c,0,1,0,0,1997,0,1997.83
2.210422992706299,421.31890869140625,1,MWI,1997,IHS-I,GPWG,N,c,0,1,0,0,1997,0,1997.83
2.1209523677825928,811.5037841796875,1,MWI,1997,IHS-I,GPWG,N,c,0,1,0,0,1997,0,1997.83
1.5349490642547607,456.18182373046875,1,MWI,1997,IHS-I,GPWG,N,c,0,1,0,0,1997,0,1997.83
2.46714448928833,2318.353271484375,1,MWI,1997,IHS-I,GPWG,N,c,0,1,0,0,1997,0,1997.83
2.0998380184173584,580.860107421875,1,MWI,1997,IHS-I,GPWG,N,c,0,1,0,0,1997,0,1997.83
3.0142340660095215,958.2977294921875,1,MWI,1997,IHS-I,GPWG,N,c,0,1,0,0,1997,0,1997.83
1.0245211124420166,2874.89306640625,1,MWI,1997,IHS-I,GPWG,N,c,0,1,0,0,1997,0,1997.83
3.064953327178955,1839.63330078125,1,MWI,1997,IHS-I,GPWG,N,c,0,1,0,0,1997,0,1997.83
2.844406843185425,1158.9957275390625,1,MWI,1997,IHS-I,GPWG,N,c,0,1,0,0,1997,0,1997.83
1.3983551263809204,684.272705078125,1,MWI,1997,IHS-I,GPWG,N,c,0,1,0,0,1997,0,1997.83
1.7513307332992554,774.4801635742188,1,MWI,1997,IHS-I,GPWG,N,c,0,1,0,0,1997,0,1997.83
4.965236663818359,116.12631225585938,1,MWI,1997,IHS-I,GPWG,N,c,0,1,0,0,1997,0,1997.83
3.4558990001678467,518.75,1,MWI,1997,IHS-I,GPWG,N,c,0,1,0,0,1997,0,1997.83
1.0917017459869385,1256.50341796875,1,MWI,1997,IHS-I,GPWG,N,c,0,1,0,0,1997,0,1997.83
0.7210167646408081,774.4801635742188,1,MWI,1997,IHS-I,GPWG,N,c,0,1,0,0,1997,0,1997.83
2.2689857482910156,750.7426147460938,1,MWI,1997,IHS-I,GPWG,N,c,0,1,0,0,1997,0,1997.83
4.757491588592529,226.5319061279297,1,MWI,1997,IHS-I,GPWG,N,c,0,1,0,0,1997,0,1997.83
1.4870635271072388,3449.3125,1,MWI,1997,IHS-I,GPWG,N,c,0,1,0,0,1997,0,1997.83
2.4425976276397705,1053.796875,1,MWI,1997,IHS-I,GPWG,N,c,0,1,0,0,1997,0,1997.83
5.281537055969238,590.059326171875,1,MWI,1997,IHS-I,GPWG,N,c,0,1,0,0,1997,0,1997.83
1.4196553230285645,563.0569458007812,1,MWI,1997,IHS-I,GPWG,N,c,0,1,0,0,1997,0,1997.83
1.1692609786987305,595.4979248046875,1,MWI,1997,IHS-I,GPWG,N,c,0,1,0,0,1997,0,1997.83
1.2994987964630127,580.860107421875,1,MWI,1997,IHS-I,GPWG,N,c,0,1,0,0,1997,0,1997.83
2.618255853652954,445.1999816894531,1,MWI,1997,IHS-I,GPWG,N,c,0,1,0,0,1997,0,1997.83
2.8402068614959717,590.059326171875,1,MWI,1997,IHS-I,GPWG,N,c,0,1,0,0,1997,0,1997.83
1.3211710453033447,1053.796875,1,MWI,1997,IHS-I,GPWG,N,c,0,1,0,0,1997,0,1997.83
5.476966857910156,196.6864471435547,1,MWI,1997,IHS-I,GPWG,N,c,0,1,0,0,1997,0,1997.83
3.1029794216156006,843.0375366210938,1,MWI,1997,IHS-I,GPWG,N,c,0,1,0,0,1997,0,1997.83
2.763474464416504,421.5187683105469,1,MWI,1997,IHS-I,GPWG,N,c,0,1,0,0,1997,0,1997.83
2.4677040576934814,580.860107421875,1,MWI,1997,IHS-I,GPWG,N,c,0,1,0,0,1997,0,1997.83
3.2935781478881836,374.4435119628906,1,MWI,1997,IHS-I,GPWG,N,c,0,1,0,0,1997,0,1997.83
1.5682177543640137,606.9550170898438,1,MWI,1997,IHS-I,GPWG,N,c,0,1,0,0,1997,0,1997.83
1.6177736520767212,1694.12353515625,1,MWI,1997,IHS-I,GPWG,N,c,0,1,0,0,1997,0,1997.83
1.7753006219863892,1053.796875,1,MWI,1997,IHS-I,GPWG,N,c,0,1,0,0,1997,0,1997.83
2.189316987991333,580.631591796875,1,MWI,1997,IHS-I,GPWG,N,c,0,1,0,0,1997,0,1997.83
4.177807807922363,187.68565368652344,1,MWI,1997,IHS-I,GPWG,N,c,0,1,0,0,1997,0,1997.83
1.008633017539978,1053.796875,1,MWI,1997,IHS-I,GPWG,N,c,0,1,0,0,1997,0,1997.83
3.8244102001190186,232.25262451171875,1,MWI,1997,IHS-I,GPWG,N,c,0,1,0,0,1997,0,1997.83
0.8490509390830994,2874.89306640625,1,MWI,1997,IHS-I,GPWG,N,c,0,1,0,0,1997,0,1997.83
2.7000508308410645,2073.5185546875,1,MWI,1997,IHS-I,GPWG,N,c,0,1,0,0,1997,0,1997.83
4.930208206176758,590.059326171875,1,MWI,1997,IHS-I,GPWG,N,c,0,1,0,0,1997,0,1997.83
6.702282428741455,983.4322509765625,1,MWI,1997,IHS-I,GPWG,N,c,0,1,0,0,1997,0,1997.83
2.901695489883423,1165.269775390625,1,MWI,1997,IHS-I,GPWG,N,c,0,1,0,0,1997,0,1997.83
1.1711558103561401,847.061767578125,1,MWI,1997,IHS-I,GPWG,N,c,0,1,0,0,1997,0,1997.83
0.9393894076347351,1379.7249755859375,1,MWI,1997,IHS-I,GPWG,N,c,0,1,0,0,1997,0,1997.83
2.164647340774536,357.0254211425781,1,MWI,1997,IHS-I,GPWG,N,c,0,1,0,0,1997,0,1997.83
2.2185184955596924,421.31890869140625,1,MWI,1997,IHS-I,GPWG,N,c,0,1,0,0,1997,0,1997.83
2.3354055881500244,1942.1162109375,1,MWI,1997,IHS-I,GPWG,N,c,0,1,0,0,1997,0,1997.83
2.780522108078003,677.6494140625,1,MWI,1997,IHS-I,GPWG,N,c,0,1,0,0,1997,0,1997.83
3.9993722438812256,393.3728942871094,1,MWI,1997,IHS-I,GPWG,N,c,0,1,0,0,1997,0,1997.83
6.827971458435059,1053.2972412109375,1,MWI,1997,IHS-I,GPWG,N,c,0,1,0,0,1997,0,1997.83
1.5256067514419556,486.5491943359375,1,MWI,1997,IHS-I,GPWG,N,c,0,1,0,0,1997,0,1997.83
2.727576732635498,502.60137939453125,1,MWI,1997,IHS-I,GPWG,N,c,0,1,0,0,1997,0,1997.83
0.9839405417442322,648.7322387695312,1,MWI,1997,IHS-I,GPWG,N,c,0,1,0,0,1997,0,1997.83
1.8275470733642578,631.9783935546875,1,MWI,1997,IHS-I,GPWG,N,c,0,1,0,0,1997,0,1997.83
1.7325879335403442,968.1002197265625,1,MWI,1997,IHS-I,GPWG,N,c,0,1,0,0,1997,0,1997.83
2.7490856647491455,374.4435119628906,1,MWI,1997,IHS-I,GPWG,N,c,0,1,0,0,1997,0,1997.83
1.0681259632110596,1036.75927734375,1,MWI,1997,IHS-I,GPWG,N,c,0,1,0,0,1997,0,1997.83
5.4698567390441895,1770.177978515625,1,MWI,1997,IHS-I,GPWG,N,c,0,1,0,0,1997,0,1997.83
1.137249231338501,1304.2579345703125,1,MWI,1997,IHS-I,GPWG,N,c,0,1,0,0,1997,0,1997.83
1.6317315101623535,2395.744384765625,1,MWI,1997,IHS-I,GPWG,N,c,0,1,0,0,1997,0,1997.83
2.5667216777801514,776.8464965820312,1,MWI,1997,IHS-I,GPWG,N,c,0,1,0,0,1997,0,1997.83
1.2115130424499512,842.6378173828125,1,MWI,1997,IHS-I,GPWG,N,c,0,1,0,0,1997,0,1997.83
2.4228336811065674,869.5053100585938,1,MWI,1997,IHS-I,GPWG,N,c,0,1,0,0,1997,0,1997.83
1.0678552389144897,1295.9490966796875,1,MWI,1997,IHS-I,GPWG,N,c,0,1,0,0,1997,0,1997.83
1.9290083646774292,232.25262451171875,1,MWI,1997,IHS-I,GPWG,N,c,0,1,0,0,1997,0,1997.83
1.3596559762954712,843.0375366210938,1,MWI,1997,IHS-I,GPWG,N,c,0,1,0,0,1997,0,1997.83
1.2111568450927734,1507.80419921875,1,MWI,1997,IHS-I,GPWG,N,c,0,1,0,0,1997,0,1997.83
0.28266578912734985,1355.34033203125,1,MWI,1997,IHS-I,GPWG,N,c,0,1,0,0,1997,0,1997.83
2.7647392749786377,580.860107421875,1,MWI,1997,IHS-I,GPWG,N,c,0,1,0,0,1997,0,1997.83
1.6204067468643188,1553.6929931640625,1,MWI,1997,IHS-I,GPWG,N,c,0,1,0,0,1997,0,1997.83
1.030113697052002,910.4324951171875,1,MWI,1997,IHS-I,GPWG,N,c,0,1,0,0,1997,0,1997.83
2.3408782482147217,604.0850830078125,1,MWI,1997,IHS-I,GPWG,N,c,0,1,0,0,1997,0,1997.83
2.7220890522003174,459.9083251953125,1,MWI,1997,IHS-I,GPWG,N,c,0,1,0,0,1997,0,1997.83
4.604245185852051,148.39999389648438,1,MWI,1997,IHS-I,GPWG,N,c,0,1,0,0,1997,0,1997.83
0.9569253325462341,1916.595458984375,1,MWI,1997,IHS-I,GPWG,N,c,0,1,0,0,1997,0,1997.83
1.0445055961608887,580.860107421875,1,MWI,1997,IHS-I,GPWG,N,c,0,1,0,0,1997,0,1997.83
2.5341665744781494,631.9783935546875,1,MWI,1997,IHS-I,GPWG,N,c,0,1,0,0,1997,0,1997.83
6.169107913970947,632.2781372070312,1,MWI,1997,IHS-I,GPWG,N,c,0,1,0,0,1997,0,1997.83
1.9574657678604126,1135.2813720703125,1,MWI,1997,IHS-I,GPWG,N,c,0,1,0,0,1997,0,1997.83
1.6627006530761719,919.816650390625,1,MWI,1997,IHS-I,GPWG,N,c,0,1,0,0,1997,0,1997.83
1.7648956775665283,774.4801635742188,1,MWI,1997,IHS-I,GPWG,N,c,0,1,0,0,1997,0,1997.83
1.5422394275665283,2705.012451171875,1,MWI,1997,IHS-I,GPWG,N,c,0,1,0,0,1997,0,1997.83
0.5308966040611267,1082.0050048828125,1,MWI,1997,IHS-I,GPWG,N,c,0,1,0,0,1997,0,1997.83
2.791522979736328,753.902099609375,1,MWI,1997,IHS-I,GPWG,N,c,0,1,0,0,1997,0,1997.83
7.362034797668457,786.7457885742188,1,MWI,1997,IHS-I,GPWG,N,c,0,1,0,0,1997,0,1997.83
3.2477259635925293,812.8841552734375,1,MWI,1997,IHS-I,GPWG,N,c,0,1,0,0,1997,0,1997.83
2.7636828422546387,434.7526550292969,1,MWI,1997,IHS-I,GPWG,N,c,0,1,0,0,1997,0,1997.83
1.6370882987976074,508.237060546875,1,MWI,1997,IHS-I,GPWG,N,c,0,1,0,0,1997,0,1997.83
6.392296314239502,958.2977294921875,1,MWI,1997,IHS-I,GPWG,N,c,0,1,0,0,1997,0,1997.83
0.46675506234169006,812.8841552734375,1,MWI,1997,IHS-I,GPWG,N,c,0,1,0,0,1997,0,1997.83
2.2587084770202637,843.0375366210938,1,MWI,1997,IHS-I,GPWG,N,c,0,1,0,0,1997,0,1997.83
5.011518478393555,842.6378173828125,1,MWI,1997,IHS-I,GPWG,N,c,0,1,0,0,1997,0,1997.83
0.6224332451820374,1437.446533203125,1,MWI,1997,IHS-I,GPWG,N,c,0,1,0,0,1997,0,1997.83
7.142047882080078,261.0616149902344,1,MWI,1997,IHS-I,GPWG,N,c,0,1,0,0,1997,0,1997.83
0.9666847586631775,1501.4852294921875,1,MWI,1997,IHS-I,GPWG,N,c,0,1,0,0,1997,0,1997.83
2.3610496520996094,1158.9957275390625,1,MWI,1997,IHS-I,GPWG,N,c,0,1,0,0,1997,0,1997.83
0.5644132494926453,842.6378173828125,1,MWI,1997,IHS-I,GPWG,N,c,0,1,0,0,1997,0,1997.83
1.397749900817871,563.0569458007812,1,MWI,1997,IHS-I,GPWG,N,c,0,1,0,0,1997,0,1997.83
1.2751891613006592,812.8841552734375,1,MWI,1997,IHS-I,GPWG,N,c,0,1,0,0,1997,0,1997.83
2.0648932456970215,580.860107421875,1,MWI,1997,IHS-I,GPWG,N,c,0,1,0,0,1997,0,1997.83
3.7031943798065186,774.4801635742188,1,MWI,1997,IHS-I,GPWG,N,c,0,1,0,0,1997,0,1997.83
1.825864315032959,748.8870239257812,1,MWI,1997,IHS-I,GPWG,N,c,0,1,0,0,1997,0,1997.83
2.091858148574829,843.0375366210938,1,MWI,1997,IHS-I,GPWG,N,c,0,1,0,0,1997,0,1997.83
2.953031301498413,1263.956787109375,1,MWI,1997,IHS-I,GPWG,N,c,0,1,0,0,1997,0,1997.83
2.7022249698638916,1037.5,1,MWI,1997,IHS-I,GPWG,N,c,0,1,0,0,1997,0,1997.83
1.1761637926101685,1263.956787109375,1,MWI,1997,IHS-I,GPWG,N,c,0,1,0,0,1997,0,1997.83
1.6897386312484741,377.55316162109375,1,MWI,1997,IHS-I,GPWG,N,c,0,1,0,0,1997,0,1997.83
1.3007732629776,1437.446533203125,1,MWI,1997,IHS-I,GPWG,N,c,0,1,0,0,1997,0,1997.83
14.915973663330078,169.412353515625,1,MWI,1997,IHS-I,GPWG,N,c,0,1,0,0,1997,0,1997.83
1.4366692304611206,1037.5,1,MWI,1997,IHS-I,GPWG,N,c,0,1,0,0,1997,0,1997.83
1.9265460968017578,919.816650390625,1,MWI,1997,IHS-I,GPWG,N,c,0,1,0,0,1997,0,1997.83
0.9811616539955139,606.9550170898438,1,MWI,1997,IHS-I,GPWG,N,c,0,1,0,0,1997,0,1997.83
1.460277795791626,580.860107421875,1,MWI,1997,IHS-I,GPWG,N,c,0,1,0,0,1997,0,1997.83
2.859919309616089,518.379638671875,1,MWI,1997,IHS-I,GPWG,N,c,0,1,0,0,1997,0,1997.83
3.080845355987549,1180.11865234375,1,MWI,1997,IHS-I,GPWG,N,c,0,1,0,0,1997,0,1997.83
1.077621340751648,774.4801635742188,1,MWI,1997,IHS-I,GPWG,N,c,0,1,0,0,1997,0,1997.83
1.9038352966308594,753.21337890625,1,MWI,1997,IHS-I,GPWG,N,c,0,1,0,0,1997,0,1997.83
1.789475917816162,464.5052490234375,1,MWI,1997,IHS-I,GPWG,N,c,0,1,0,0,1997,0,1997.83
4.575037002563477,2349.554443359375,1,MWI,1997,IHS-I,GPWG,N,c,0,1,0,0,1997,0,1997.83
2.13472580909729,387.2400817871094,1,MWI,1997,IHS-I,GPWG,N,c,0,1,0,0,1997,0,1997.83
2.331482410430908,929.010498046875,1,MWI,1997,IHS-I,GPWG,N,c,0,1,0,0,1997,0,1997.83
3.555403470993042,580.860107421875,1,MWI,1997,IHS-I,GPWG,N,c,0,1,0,0,1997,0,1997.83
7.234414100646973,421.5187683105469,1,MWI,1997,IHS-I,GPWG,N,c,0,1,0,0,1997,0,1997.83
0.7601041197776794,535.5381469726562,1,MWI,1997,IHS-I,GPWG,N,c,0,1,0,0,1997,0,1997.83
3.136390447616577,228.09091186523438,1,MWI,1997,IHS-I,GPWG,N,c,0,1,0,0,1997,0,1997.83
2.934185266494751,1149.770751953125,1,MWI,1997,IHS-I,GPWG,N,c,0,1,0,0,1997,0,1997.83
4.844953536987305,983.4322509765625,1,MWI,1997,IHS-I,GPWG,N,c,0,1,0,0,1997,0,1997.83
1.796675682067871,518.75,1,MWI,1997,IHS-I,GPWG,N,c,0,1,0,0,1997,0,1997.83
1.3360340595245361,910.4324951171875,1,MWI,1997,IHS-I,GPWG,N,c,0,1,0,0,1997,0,1997.83
5.590085029602051,2391.1396484375,1,MWI,1997,IHS-I,GPWG,N,c,0,1,0,0,1997,0,1997.83
1.289548635482788,2781.58984375,1,MWI,1997,IHS-I,GPWG,N,c,0,1,0,0,1997,0,1997.83
3.603729009628296,522.1232299804688,1,MWI,1997,IHS-I,GPWG,N,c,0,1,0,0,1997,0,1997.83
2.864211320877075,1126.1138916015625,1,MWI,1997,IHS-I,GPWG,N,c,0,1,0,0,1997,0,1997.83
4.2002434730529785,187.2217559814453,1,MWI,1997,IHS-I,GPWG,N,c,0,1,0,0,1997,0,1997.83
3.553562641143799,217.37632751464844,1,MWI,1997,IHS-I,GPWG,N,c,0,1,0,0,1997,0,1997.83
3.535987377166748,927.1965942382812,1,MWI,1997,IHS-I,GPWG,N,c,0,1,0,0,1997,0,1997.83
2.0642127990722656,811.5037841796875,1,MWI,1997,IHS-I,GPWG,N,c,0,1,0,0,1997,0,1997.83
1.6038986444473267,1053.2972412109375,1,MWI,1997,IHS-I,GPWG,N,c,0,1,0,0,1997,0,1997.83
1.529765248298645,1005.2027587890625,1,MWI,1997,IHS-I,GPWG,N,c,0,1,0,0,1997,0,1997.83
5.554197311401367,342.1363525390625,1,MWI,1997,IHS-I,GPWG,N,c,0,1,0,0,1997,0,1997.83
11.37195873260498,1044.2464599609375,1,MWI,1997,IHS-I,GPWG,N,c,0,1,0,0,1997,0,1997.83
7.37218713760376,983.4322509765625,1,MWI,1997,IHS-I,GPWG,N,c,0,1,0,0,1997,0,1997.83
6.793612957000732,148.39999389648438,1,MWI,1997,IHS-I,GPWG,N,c,0,1,0,0,1997,0,1997.83
2.676797866821289,486.5491943359375,1,MWI,1997,IHS-I,GPWG,N,c,0,1,0,0,1997,0,1997.83
3.456935167312622,445.8113098144531,1,MWI,1997,IHS-I,GPWG,N,c,0,1,0,0,1997,0,1997.83
1.0008710622787476,1352.5062255859375,1,MWI,1997,IHS-I,GPWG,N,c,0,1,0,0,1997,0,1997.83
1.726712942123413,750.7426147460938,1,MWI,1997,IHS-I,GPWG,N,c,0,1,0,0,1997,0,1997.83
4.61631965637207,1256.50341796875,1,MWI,1997,IHS-I,GPWG,N,c,0,1,0,0,1997,0,1997.83
1.0325568914413452,580.631591796875,1,MWI,1997,IHS-I,GPWG,N,c,0,1,0,0,1997,0,1997.83
5.302457809448242,783.184814453125,1,MWI,1997,IHS-I,GPWG,N,c,0,1,0,0,1997,0,1997.83
2.28155255317688,116.12631225585938,1,MWI,1997,IHS-I,GPWG,N,c,0,1,0,0,1997,0,1997.83
8.107528686523438,261.0616149902344,1,MWI,1997,IHS-I,GPWG,N,c,0,1,0,0,1997,0,1997.83
3.0525436401367188,421.5187683105469,1,MWI,1997,IHS-I,GPWG,N,c,0,1,0,0,1997,0,1997.83
1.5347778797149658,1036.75927734375,1,MWI,1997,IHS-I,GPWG,N,c,0,1,0,0,1997,0,1997.83
2.687174081802368,226.5319061279297,1,MWI,1997,IHS-I,GPWG,N,c,0,1,0,0,1997,0,1997.83
2.281836748123169,696.7578735351562,1,MWI,1997,IHS-I,GPWG,N,c,0,1,0,0,1997,0,1997.83
3.830085277557373,162.1830596923828,1,MWI,1997,IHS-I,GPWG,N,c,0,1,0,0,1997,0,1997.83
22.827045440673828,261.0616149902344,1,MWI,1997,IHS-I,GPWG,N,c,0,1,0,0,1997,0,1997.83
1.690169334411621,777.5694580078125,1,MWI,1997,IHS-I,GPWG,N,c,0,1,0,0,1997,0,1997.83
1.861392617225647,631.9783935546875,1,MWI,1997,IHS-I,GPWG,N,c,0,1,0,0,1997,0,1997.83
1.2761120796203613,1082.0050048828125,1,MWI,1997,IHS-I,GPWG,N,c,0,1,0,0,1997,0,1997.83
1.0296189785003662,464.5052490234375,1,MWI,1997,IHS-I,GPWG,N,c,0,1,0,0,1997,0,1997.83
2.3228421211242676,1256.50341796875,1,MWI,1997,IHS-I,GPWG,N,c,0,1,0,0,1997,0,1997.83
2.733290433883667,193.6200408935547,1,MWI,1997,IHS-I,GPWG,N,c,0,1,0,0,1997,0,1997.83
7.700037002563477,348.3789367675781,1,MWI,1997,IHS-I,GPWG,N,c,0,1,0,0,1997,0,1997.83
0.9380199909210205,631.9783935546875,1,MWI,1997,IHS-I,GPWG,N,c,0,1,0,0,1997,0,1997.83
2.340750217437744,570.227294921875,1,MWI,1997,IHS-I,GPWG,N,c,0,1,0,0,1997,0,1997.83
1.157692313194275,1757.4979248046875,1,MWI,1997,IHS-I,GPWG,N,c,0,1,0,0,1997,0,1997.83
4.542267322540283,786.7457885742188,1,MWI,1997,IHS-I,GPWG,N,c,0,1,0,0,1997,0,1997.83
1.7531874179840088,1739.0106201171875,1,MWI,1997,IHS-I,GPWG,N,c,0,1,0,0,1997,0,1997.83
2.0142054557800293,2391.1396484375,1,MWI,1997,IHS-I,GPWG,N,c,0,1,0,0,1997,0,1997.83
1.71900475025177,1521.63427734375,1,MWI,1997,IHS-I,GPWG,N,c,0,1,0,0,1997,0,1997.83
11.601323127746582,1376.80517578125,1,MWI,1997,IHS-I,GPWG,N,c,0,1,0,0,1997,0,1997.83
3.185899496078491,162.1830596923828,1,MWI,1997,IHS-I,GPWG,N,c,0,1,0,0,1997,0,1997.83
0.8140427470207214,1263.956787109375,1,MWI,1997,IHS-I,GPWG,N,c,0,1,0,0,1997,0,1997.83
2.6972572803497314,459.9083251953125,1,MWI,1997,IHS-I,GPWG,N,c,0,1,0,0,1997,0,1997.83
2.717097759246826,342.1363525390625,1,MWI,1997,IHS-I,GPWG,N,c,0,1,0,0,1997,0,1997.83
3.1008827686309814,4312.33984375,1,MWI,1997,IHS-I,GPWG,N,c,0,1,0,0,1997,0,1997.83
1.2999227046966553,1114.5283203125,1,MWI,1997,IHS-I,GPWG,N,c,0,1,0,0,1997,0,1997.83
2.0350630283355713,151.73875427246094,1,MWI,1997,IHS-I,GPWG,N,c,0,1,0,0,1997,0,1997.83
1.2755450010299683,348.3789367675781,1,MWI,1997,IHS-I,GPWG,N,c,0,1,0,0,1997,0,1997.83
3.225240468978882,842.6378173828125,1,MWI,1997,IHS-I,GPWG,N,c,0,1,0,0,1997,0,1997.83
0.5317221283912659,1053.796875,1,MWI,1997,IHS-I,GPWG,N,c,0,1,0,0,1997,0,1997.83
3.6425461769104004,632.2781372070312,1,MWI,1997,IHS-I,GPWG,N,c,0,1,0,0,1997,0,1997.83
6.716627597808838,434.7526550292969,1,MWI,1997,IHS-I,GPWG,N,c,0,1,0,0,1997,0,1997.83
4.2772536277771,162.1830596923828,1,MWI,1997,IHS-I,GPWG,N,c,0,1,0,0,1997,0,1997.83
9.864377975463867,590.059326171875,1,MWI,1997,IHS-I,GPWG,N,c,0,1,0,0,1997,0,1997.83
3.9620561599731445,453.0638122558594,1,MWI,1997,IHS-I,GPWG,N,c,0,1,0,0,1997,0,1997.83
1.4398502111434937,1082.0050048828125,1,MWI,1997,IHS-I,GPWG,N,c,0,1,0,0,1997,0,1997.83
3.3391218185424805,187.68565368652344,1,MWI,1997,IHS-I,GPWG,N,c,0,1,0,0,1997,0,1997.83
1.1129724979400635,1784.013671875,1,MWI,1997,IHS-I,GPWG,N,c,0,1,0,0,1997,0,1997.83
2.0684473514556885,178.51271057128906,1,MWI,1997,IHS-I,GPWG,N,c,0,1,0,0,1997,0,1997.83
2.22887921333313,228.09091186523438,1,MWI,1997,IHS-I,GPWG,N,c,0,1,0,0,1997,0,1997.83
3.564119815826416,421.5187683105469,1,MWI,1997,IHS-I,GPWG,N,c,0,1,0,0,1997,0,1997.83
3.7677760124206543,778.125,1,MWI,1997,IHS-I,GPWG,N,c,0,1,0,0,1997,0,1997.83
1.3117526769638062,1310.55224609375,1,MWI,1997,IHS-I,GPWG,N,c,0,1,0,0,1997,0,1997.83
2.0464377403259277,1053.796875,1,MWI,1997,IHS-I,GPWG,N,c,0,1,0,0,1997,0,1997.83
2.892324924468994,753.902099609375,1,MWI,1997,IHS-I,GPWG,N,c,0,1,0,0,1997,0,1997.83
2.431119918823242,528.574462890625,1,MWI,1997,IHS-I,GPWG,N,c,0,1,0,0,1997,0,1997.83
1.9996675252914429,958.2977294921875,1,MWI,1997,IHS-I,GPWG,N,c,0,1,0,0,1997,0,1997.83
0.33568403124809265,1757.4979248046875,1,MWI,1997,IHS-I,GPWG,N,c,0,1,0,0,1997,0,1997.83
2.7367191314697266,1082.0050048828125,1,MWI,1997,IHS-I,GPWG,N,c,0,1,0,0,1997,0,1997.83
2.431195020675659,518.75,1,MWI,1997,IHS-I,GPWG,N,c,0,1,0,0,1997,0,1997.83
3.537318229675293,169.412353515625,1,MWI,1997,IHS-I,GPWG,N,c,0,1,0,0,1997,0,1997.83
4.7132182121276855,210.75938415527344,1,MWI,1997,IHS-I,GPWG,N,c,0,1,0,0,1997,0,1997.83
16.149757385253906,416.5296630859375,1,MWI,1997,IHS-I,GPWG,N,c,0,1,0,0,1997,0,1997.83
2.2691707611083984,774.4801635742188,1,MWI,1997,IHS-I,GPWG,N,c,0,1,0,0,1997,0,1997.83
3.3030362129211426,677.6494140625,1,MWI,1997,IHS-I,GPWG,N,c,0,1,0,0,1997,0,1997.83
1.0261318683624268,1086.881591796875,1,MWI,1997,IHS-I,GPWG,N,c,0,1,0,0,1997,0,1997.83
0.6047834157943726,777.5694580078125,1,MWI,1997,IHS-I,GPWG,N,c,0,1,0,0,1997,0,1997.83
2.440524101257324,776.8464965820312,1,MWI,1997,IHS-I,GPWG,N,c,0,1,0,0,1997,0,1997.83
1.0430001020431519,1185.886474609375,1,MWI,1997,IHS-I,GPWG,N,c,0,1,0,0,1997,0,1997.83
0.9301101565361023,1942.1162109375,1,MWI,1997,IHS-I,GPWG,N,c,0,1,0,0,1997,0,1997.83
2.0178768634796143,561.665283203125,1,MWI,1997,IHS-I,GPWG,N,c,0,1,0,0,1997,0,1997.83
1.6207563877105713,1114.5283203125,1,MWI,1997,IHS-I,GPWG,N,c,0,1,0,0,1997,0,1997.83
29.338682174682617,226.5319061279297,1,MWI,1997,IHS-I,GPWG,N,c,0,1,0,0,1997,0,1997.83
3.904721260070801,393.3728942871094,1,MWI,1997,IHS-I,GPWG,N,c,0,1,0,0,1997,0,1997.83
3.2088193893432617,1005.2027587890625,1,MWI,1997,IHS-I,GPWG,N,c,0,1,0,0,1997,0,1997.83
2.7312161922454834,541.0025024414062,1,MWI,1997,IHS-I,GPWG,N,c,0,1,0,0,1997,0,1997.83
2.6791155338287354,251.30068969726562,1,MWI,1997,IHS-I,GPWG,N,c,0,1,0,0,1997,0,1997.83
7.466353416442871,689.8624877929688,1,MWI,1997,IHS-I,GPWG,N,c,0,1,0,0,1997,0,1997.83
1.371576189994812,631.9783935546875,1,MWI,1997,IHS-I,GPWG,N,c,0,1,0,0,1997,0,1997.83
1.7044751644134521,3608.0,1,MWI,1997,IHS-I,GPWG,N,c,0,1,0,0,1997,0,1997.83
1.7879544496536255,1475.315673828125,1,MWI,1997,IHS-I,GPWG,N,c,0,1,0,0,1997,0,1997.83
2.8382606506347656,753.902099609375,1,MWI,1997,IHS-I,GPWG,N,c,0,1,0,0,1997,0,1997.83
3.796501398086548,229.95416259765625,1,MWI,1997,IHS-I,GPWG,N,c,0,1,0,0,1997,0,1997.83
1.7635985612869263,684.272705078125,1,MWI,1997,IHS-I,GPWG,N,c,0,1,0,0,1997,0,1997.83
5.366537094116211,1475.315673828125,1,MWI,1997,IHS-I,GPWG,N,c,0,1,0,0,1997,0,1997.83
2.228424072265625,1004.2845458984375,1,MWI,1997,IHS-I,GPWG,N,c,0,1,0,0,1997,0,1997.83
1.5381925106048584,753.21337890625,1,MWI,1997,IHS-I,GPWG,N,c,0,1,0,0,1997,0,1997.83
5.230771541595459,1352.5062255859375,1,MWI,1997,IHS-I,GPWG,N,c,0,1,0,0,1997,0,1997.83
1.321578025817871,1264.5562744140625,1,MWI,1997,IHS-I,GPWG,N,c,0,1,0,0,1997,0,1997.83
2.4112865924835205,2008.569091796875,1,MWI,1997,IHS-I,GPWG,N,c,0,1,0,0,1997,0,1997.83
2.6420366764068604,210.65945434570312,1,MWI,1997,IHS-I,GPWG,N,c,0,1,0,0,1997,0,1997.83
4.526844024658203,843.0375366210938,1,MWI,1997,IHS-I,GPWG,N,c,0,1,0,0,1997,0,1997.83
1.5337094068527222,1577.0999755859375,1,MWI,1997,IHS-I,GPWG,N,c,0,1,0,0,1997,0,1997.83
1.9123655557632446,342.1363525390625,1,MWI,1997,IHS-I,GPWG,N,c,0,1,0,0,1997,0,1997.83
3.000894784927368,1577.0999755859375,1,MWI,1997,IHS-I,GPWG,N,c,0,1,0,0,1997,0,1997.83
3.000370502471924,210.75938415527344,1,MWI,1997,IHS-I,GPWG,N,c,0,1,0,0,1997,0,1997.83
5.67606258392334,1126.1138916015625,1,MWI,1997,IHS-I,GPWG,N,c,0,1,0,0,1997,0,1997.83
1.4948174953460693,843.0375366210938,1,MWI,1997,IHS-I,GPWG,N,c,0,1,0,0,1997,0,1997.83
1.2784067392349243,486.5491943359375,1,MWI,1997,IHS-I,GPWG,N,c,0,1,0,0,1997,0,1997.83
1.004117488861084,1548.9603271484375,1,MWI,1997,IHS-I,GPWG,N,c,0,1,0,0,1997,0,1997.83
2.307187557220459,1149.770751953125,1,MWI,1997,IHS-I,GPWG,N,c,0,1,0,0,1997,0,1997.83
1.692895531654358,778.125,1,MWI,1997,IHS-I,GPWG,N,c,0,1,0,0,1997,0,1997.83
3.200817584991455,421.5187683105469,1,MWI,1997,IHS-I,GPWG,N,c,0,1,0,0,1997,0,1997.83
1.851415991783142,1622.593994140625,1,MWI,1997,IHS-I,GPWG,N,c,0,1,0,0,1997,0,1997.83
0.4561598598957062,1082.0050048828125,1,MWI,1997,IHS-I,GPWG,N,c,0,1,0,0,1997,0,1997.83
8.435068130493164,377.55316162109375,1,MWI,1997,IHS-I,GPWG,N,c,0,1,0,0,1997,0,1997.83
3.4146337509155273,518.75,1,MWI,1997,IHS-I,GPWG,N,c,0,1,0,0,1997,0,1997.83
1.4973978996276855,891.6226196289062,1,MWI,1997,IHS-I,GPWG,N,c,0,1,0,0,1997,0,1997.83
14.033889770507812,196.6864471435547,1,MWI,1997,IHS-I,GPWG,N,c,0,1,0,0,1997,0,1997.83
2.451481342315674,742.0,1,MWI,1997,IHS-I,GPWG,N,c,0,1,0,0,1997,0,1997.83
1.3844681978225708,464.5052490234375,1,MWI,1997,IHS-I,GPWG,N,c,0,1,0,0,1997,0,1997.83
2.8828320503234863,421.5187683105469,1,MWI,1997,IHS-I,GPWG,N,c,0,1,0,0,1997,0,1997.83
1.8307405710220337,303.4775085449219,1,MWI,1997,IHS-I,GPWG,N,c,0,1,0,0,1997,0,1997.83
7.3955278396606445,297.52117919921875,1,MWI,1997,IHS-I,GPWG,N,c,0,1,0,0,1997,0,1997.83
2.720508337020874,1185.886474609375,1,MWI,1997,IHS-I,GPWG,N,c,0,1,0,0,1997,0,1997.83
0.8680014610290527,210.75938415527344,1,MWI,1997,IHS-I,GPWG,N,c,0,1,0,0,1997,0,1997.83
1.9997563362121582,1182.824951171875,1,MWI,1997,IHS-I,GPWG,N,c,0,1,0,0,1997,0,1997.83
1.1733633279800415,1053.796875,1,MWI,1997,IHS-I,GPWG,N,c,0,1,0,0,1997,0,1997.83
0.4251868426799774,387.2400817871094,1,MWI,1997,IHS-I,GPWG,N,c,0,1,0,0,1997,0,1997.83
0.7607349157333374,1082.0050048828125,1,MWI,1997,IHS-I,GPWG,N,c,0,1,0,0,1997,0,1997.83
3.077906847000122,632.2781372070312,1,MWI,1997,IHS-I,GPWG,N,c,0,1,0,0,1997,0,1997.83
1.1263059377670288,1062.1712646484375,1,MWI,1997,IHS-I,GPWG,N,c,0,1,0,0,1997,0,1997.83
1.4280749559402466,1016.47412109375,1,MWI,1997,IHS-I,GPWG,N,c,0,1,0,0,1997,0,1997.83
1.2794153690338135,421.5187683105469,1,MWI,1997,IHS-I,GPWG,N,c,0,1,0,0,1997,0,1997.83
1.173382043838501,1916.595458984375,1,MWI,1997,IHS-I,GPWG,N,c,0,1,0,0,1997,0,1997.83
1.5350103378295898,1784.013671875,1,MWI,1997,IHS-I,GPWG,N,c,0,1,0,0,1997,0,1997.83
1.9063129425048828,508.237060546875,1,MWI,1997,IHS-I,GPWG,N,c,0,1,0,0,1997,0,1997.83
64.25822448730469,522.1232299804688,1,MWI,1997,IHS-I,GPWG,N,c,0,1,0,0,1997,0,1997.83
2.492696523666382,1264.5562744140625,1,MWI,1997,IHS-I,GPWG,N,c,0,1,0,0,1997,0,1997.83
3.2459633350372314,2591.898193359375,1,MWI,1997,IHS-I,GPWG,N,c,0,1,0,0,1997,0,1997.83
0.8857386708259583,1814.3287353515625,1,MWI,1997,IHS-I,GPWG,N,c,0,1,0,0,1997,0,1997.83
3.951345443725586,958.2977294921875,1,MWI,1997,IHS-I,GPWG,N,c,0,1,0,0,1997,0,1997.83
2.983851671218872,689.8624877929688,1,MWI,1997,IHS-I,GPWG,N,c,0,1,0,0,1997,0,1997.83
2.819380521774292,296.79998779296875,1,MWI,1997,IHS-I,GPWG,N,c,0,1,0,0,1997,0,1997.83
1.1032235622406006,1016.47412109375,1,MWI,1997,IHS-I,GPWG,N,c,0,1,0,0,1997,0,1997.83
1.171093225479126,1556.25,1,MWI,1997,IHS-I,GPWG,N,c,0,1,0,0,1997,0,1997.83
3.0592784881591797,810.915283203125,1,MWI,1997,IHS-I,GPWG,N,c,0,1,0,0,1997,0,1997.83
3.8403759002685547,1053.796875,1,MWI,1997,IHS-I,GPWG,N,c,0,1,0,0,1997,0,1997.83
0.9225987195968628,348.3789367675781,1,MWI,1997,IHS-I,GPWG,N,c,0,1,0,0,1997,0,1997.83
10.088262557983398,522.1232299804688,1,MWI,1997,IHS-I,GPWG,N,c,0,1,0,0,1997,0,1997.83
0.9197396039962769,1893.5087890625,1,MWI,1997,IHS-I,GPWG,N,c,0,1,0,0,1997,0,1997.83
2.998077630996704,1126.1138916015625,1,MWI,1997,IHS-I,GPWG,N,c,0,1,0,0,1997,0,1997.83
1.912073016166687,648.7322387695312,1,MWI,1997,IHS-I,GPWG,N,c,0,1,0,0,1997,0,1997.83
1.8038811683654785,842.6378173828125,1,MWI,1997,IHS-I,GPWG,N,c,0,1,0,0,1997,0,1997.83
1.0455284118652344,648.7322387695312,1,MWI,1997,IHS-I,GPWG,N,c,0,1,0,0,1997,0,1997.83
0.9818531274795532,1295.9490966796875,1,MWI,1997,IHS-I,GPWG,N,c,0,1,0,0,1997,0,1997.83
2.1989548206329346,2086.1923828125,1,MWI,1997,IHS-I,GPWG,N,c,0,1,0,0,1997,0,1997.83
2.9526078701019287,1622.593994140625,1,MWI,1997,IHS-I,GPWG,N,c,0,1,0,0,1997,0,1997.83
7.419910907745361,453.0638122558594,1,MWI,1997,IHS-I,GPWG,N,c,0,1,0,0,1997,0,1997.83
2.2702724933624268,1086.881591796875,1,MWI,1997,IHS-I,GPWG,N,c,0,1,0,0,1997,0,1997.83
1.0547267198562622,1053.2972412109375,1,MWI,1997,IHS-I,GPWG,N,c,0,1,0,0,1997,0,1997.83
1.1793253421783447,774.4801635742188,1,MWI,1997,IHS-I,GPWG,N,c,0,1,0,0,1997,0,1997.83
5.054317474365234,393.3728942871094,1,MWI,1997,IHS-I,GPWG,N,c,0,1,0,0,1997,0,1997.83
11.227486610412598,393.3728942871094,1,MWI,1997,IHS-I,GPWG,N,c,0,1,0,0,1997,0,1997.83
1.1119091510772705,1036.75927734375,1,MWI,1997,IHS-I,GPWG,N,c,0,1,0,0,1997,0,1997.83
4.269131183624268,459.9083251953125,1,MWI,1997,IHS-I,GPWG,N,c,0,1,0,0,1997,0,1997.83
3.844677686691284,463.5982971191406,1,MWI,1997,IHS-I,GPWG,N,c,0,1,0,0,1997,0,1997.83
0.8437578082084656,776.8464965820312,1,MWI,1997,IHS-I,GPWG,N,c,0,1,0,0,1997,0,1997.83
4.523845195770264,778.125,1,MWI,1997,IHS-I,GPWG,N,c,0,1,0,0,1997,0,1997.83
2.763977289199829,486.5491943359375,1,MWI,1997,IHS-I,GPWG,N,c,0,1,0,0,1997,0,1997.83
3.142014503479004,632.2781372070312,1,MWI,1997,IHS-I,GPWG,N,c,0,1,0,0,1997,0,1997.83
2.389899253845215,1158.9957275390625,1,MWI,1997,IHS-I,GPWG,N,c,0,1,0,0,1997,0,1997.83
2.383587598800659,456.18182373046875,1,MWI,1997,IHS-I,GPWG,N,c,0,1,0,0,1997,0,1997.83
3.236583709716797,59.50423812866211,1,MWI,1997,IHS-I,GPWG,N,c,0,1,0,0,1997,0,1997.83
2.6208572387695312,1942.1162109375,1,MWI,1997,IHS-I,GPWG,N,c,0,1,0,0,1997,0,1997.83
5.895089626312256,297.74896240234375,1,MWI,1997,IHS-I,GPWG,N,c,0,1,0,0,1997,0,1997.83
2.6601569652557373,1086.881591796875,1,MWI,1997,IHS-I,GPWG,N,c,0,1,0,0,1997,0,1997.83
3.8207552433013916,393.3728942871094,1,MWI,1997,IHS-I,GPWG,N,c,0,1,0,0,1997,0,1997.83
3.0188605785369873,1158.9957275390625,1,MWI,1997,IHS-I,GPWG,N,c,0,1,0,0,1997,0,1997.83
0.7805611491203308,1365.6488037109375,1,MWI,1997,IHS-I,GPWG,N,c,0,1,0,0,1997,0,1997.83
10.18183708190918,261.0616149902344,1,MWI,1997,IHS-I,GPWG,N,c,0,1,0,0,1997,0,1997.83
8.344401359558105,1044.2464599609375,1,MWI,1997,IHS-I,GPWG,N,c,0,1,0,0,1997,0,1997.83
1.9874035120010376,303.4775085449219,1,MWI,1997,IHS-I,GPWG,N,c,0,1,0,0,1997,0,1997.83
3.0759873390197754,231.7991485595703,1,MWI,1997,IHS-I,GPWG,N,c,0,1,0,0,1997,0,1997.83
3.3734636306762695,193.6200408935547,1,MWI,1997,IHS-I,GPWG,N,c,0,1,0,0,1997,0,1997.83
3.524137020111084,178.51271057128906,1,MWI,1997,IHS-I,GPWG,N,c,0,1,0,0,1997,0,1997.83
3.8863720893859863,377.55316162109375,1,MWI,1997,IHS-I,GPWG,N,c,0,1,0,0,1997,0,1997.83
0.9926620125770569,1739.0106201171875,1,MWI,1997,IHS-I,GPWG,N,c,0,1,0,0,1997,0,1997.83
3.1230740547180176,1053.796875,1,MWI,1997,IHS-I,GPWG,N,c,0,1,0,0,1997,0,1997.83
1.7646443843841553,1053.796875,1,MWI,1997,IHS-I,GPWG,N,c,0,1,0,0,1997,0,1997.83
3.158365249633789,695.3974609375,1,MWI,1997,IHS-I,GPWG,N,c,0,1,0,0,1997,0,1997.83
2.2739908695220947,1459.6475830078125,1,MWI,1997,IHS-I,GPWG,N,c,0,1,0,0,1997,0,1997.83
2.3285653591156006,210.75938415527344,1,MWI,1997,IHS-I,GPWG,N,c,0,1,0,0,1997,0,1997.83
4.132256984710693,148.87448120117188,1,MWI,1997,IHS-I,GPWG,N,c,0,1,0,0,1997,0,1997.83
1.3007125854492188,968.1002197265625,1,MWI,1997,IHS-I,GPWG,N,c,0,1,0,0,1997,0,1997.83
1.7269736528396606,958.2977294921875,1,MWI,1997,IHS-I,GPWG,N,c,0,1,0,0,1997,0,1997.83
1.0966590642929077,1916.595458984375,1,MWI,1997,IHS-I,GPWG,N,c,0,1,0,0,1997,0,1997.83
4.401736736297607,357.0254211425781,1,MWI,1997,IHS-I,GPWG,N,c,0,1,0,0,1997,0,1997.83
3.045044183731079,1304.2579345703125,1,MWI,1997,IHS-I,GPWG,N,c,0,1,0,0,1997,0,1997.83
3.1542584896087646,251.30068969726562,1,MWI,1997,IHS-I,GPWG,N,c,0,1,0,0,1997,0,1997.83
4.316496849060059,463.5982971191406,1,MWI,1997,IHS-I,GPWG,N,c,0,1,0,0,1997,0,1997.83
4.060948371887207,1506.4267578125,1,MWI,1997,IHS-I,GPWG,N,c,0,1,0,0,1997,0,1997.83
5.329545974731445,196.6864471435547,1,MWI,1997,IHS-I,GPWG,N,c,0,1,0,0,1997,0,1997.83
2.8579976558685303,869.5053100585938,1,MWI,1997,IHS-I,GPWG,N,c,0,1,0,0,1997,0,1997.83
1.6465846300125122,811.5037841796875,1,MWI,1997,IHS-I,GPWG,N,c,0,1,0,0,1997,0,1997.83
1.2898061275482178,580.631591796875,1,MWI,1997,IHS-I,GPWG,N,c,0,1,0,0,1997,0,1997.83
1.4269087314605713,750.7426147460938,1,MWI,1997,IHS-I,GPWG,N,c,0,1,0,0,1997,0,1997.83
2.658125877380371,847.061767578125,1,MWI,1997,IHS-I,GPWG,N,c,0,1,0,0,1997,0,1997.83
1.3137670755386353,1264.5562744140625,1,MWI,1997,IHS-I,GPWG,N,c,0,1,0,0,1997,0,1997.83
1.8780463933944702,508.237060546875,1,MWI,1997,IHS-I,GPWG,N,c,0,1,0,0,1997,0,1997.83
4.082595348358154,393.3728942871094,1,MWI,1997,IHS-I,GPWG,N,c,0,1,0,0,1997,0,1997.83
0.9583827257156372,508.237060546875,1,MWI,1997,IHS-I,GPWG,N,c,0,1,0,0,1997,0,1997.83
1.5188122987747192,677.6494140625,1,MWI,1997,IHS-I,GPWG,N,c,0,1,0,0,1997,0,1997.83
1.4271430969238281,1263.956787109375,1,MWI,1997,IHS-I,GPWG,N,c,0,1,0,0,1997,0,1997.83
1.3062790632247925,1694.12353515625,1,MWI,1997,IHS-I,GPWG,N,c,0,1,0,0,1997,0,1997.83
2.7217836380004883,1573.4915771484375,1,MWI,1997,IHS-I,GPWG,N,c,0,1,0,0,1997,0,1997.83
1.2484391927719116,456.18182373046875,1,MWI,1997,IHS-I,GPWG,N,c,0,1,0,0,1997,0,1997.83
6.19074821472168,445.1999816894531,1,MWI,1997,IHS-I,GPWG,N,c,0,1,0,0,1997,0,1997.83
9.97206974029541,148.87448120117188,1,MWI,1997,IHS-I,GPWG,N,c,0,1,0,0,1997,0,1997.83
2.488603115081787,1037.5,1,MWI,1997,IHS-I,GPWG,N,c,0,1,0,0,1997,0,1997.83
3.315635919570923,1126.1138916015625,1,MWI,1997,IHS-I,GPWG,N,c,0,1,0,0,1997,0,1997.83
2.3434088230133057,632.2781372070312,1,MWI,1997,IHS-I,GPWG,N,c,0,1,0,0,1997,0,1997.83
3.854942798614502,421.5187683105469,1,MWI,1997,IHS-I,GPWG,N,c,0,1,0,0,1997,0,1997.83
1.9746812582015991,338.82470703125,1,MWI,1997,IHS-I,GPWG,N,c,0,1,0,0,1997,0,1997.83
1.1602413654327393,464.5052490234375,1,MWI,1997,IHS-I,GPWG,N,c,0,1,0,0,1997,0,1997.83
1.4364203214645386,1295.9490966796875,1,MWI,1997,IHS-I,GPWG,N,c,0,1,0,0,1997,0,1997.83
1.4400787353515625,695.3974609375,1,MWI,1997,IHS-I,GPWG,N,c,0,1,0,0,1997,0,1997.83
10.042980194091797,148.39999389648438,1,MWI,1997,IHS-I,GPWG,N,c,0,1,0,0,1997,0,1997.83
1.4892148971557617,1036.75927734375,1,MWI,1997,IHS-I,GPWG,N,c,0,1,0,0,1997,0,1997.83
1.1659471988677979,387.2400817871094,1,MWI,1997,IHS-I,GPWG,N,c,0,1,0,0,1997,0,1997.83
1.139404058456421,1553.6929931640625,1,MWI,1997,IHS-I,GPWG,N,c,0,1,0,0,1997,0,1997.83
1.4471356868743896,455.21624755859375,1,MWI,1997,IHS-I,GPWG,N,c,0,1,0,0,1997,0,1997.83
2.2277116775512695,689.8624877929688,1,MWI,1997,IHS-I,GPWG,N,c,0,1,0,0,1997,0,1997.83
4.309024810791016,508.237060546875,1,MWI,1997,IHS-I,GPWG,N,c,0,1,0,0,1997,0,1997.83
3.061703681945801,1053.796875,1,MWI,1997,IHS-I,GPWG,N,c,0,1,0,0,1997,0,1997.83
2.1561458110809326,508.237060546875,1,MWI,1997,IHS-I,GPWG,N,c,0,1,0,0,1997,0,1997.83
4.399254322052002,750.7426147460938,1,MWI,1997,IHS-I,GPWG,N,c,0,1,0,0,1997,0,1997.83
2.0583574771881104,2330.53955078125,1,MWI,1997,IHS-I,GPWG,N,c,0,1,0,0,1997,0,1997.83
3.941270112991333,297.52117919921875,1,MWI,1997,IHS-I,GPWG,N,c,0,1,0,0,1997,0,1997.83
0.8732661008834839,910.4324951171875,1,MWI,1997,IHS-I,GPWG,N,c,0,1,0,0,1997,0,1997.83
3.3588244915008545,631.9783935546875,1,MWI,1997,IHS-I,GPWG,N,c,0,1,0,0,1997,0,1997.83
1.0406502485275269,2107.59375,1,MWI,1997,IHS-I,GPWG,N,c,0,1,0,0,1997,0,1997.83
53.145198822021484,983.4322509765625,1,MWI,1997,IHS-I,GPWG,N,c,0,1,0,0,1997,0,1997.83
1.462257742881775,210.75938415527344,1,MWI,1997,IHS-I,GPWG,N,c,0,1,0,0,1997,0,1997.83
2.4978551864624023,968.1002197265625,1,MWI,1997,IHS-I,GPWG,N,c,0,1,0,0,1997,0,1997.83
2.7631025314331055,1114.5283203125,1,MWI,1997,IHS-I,GPWG,N,c,0,1,0,0,1997,0,1997.83
3.1674540042877197,983.4322509765625,1,MWI,1997,IHS-I,GPWG,N,c,0,1,0,0,1997,0,1997.83
2.1066999435424805,750.7426147460938,1,MWI,1997,IHS-I,GPWG,N,c,0,1,0,0,1997,0,1997.83
1.845496654510498,958.2977294921875,1,MWI,1997,IHS-I,GPWG,N,c,0,1,0,0,1997,0,1997.83
1.6241835355758667,750.7426147460938,1,MWI,1997,IHS-I,GPWG,N,c,0,1,0,0,1997,0,1997.83
1.8227269649505615,2010.405517578125,1,MWI,1997,IHS-I,GPWG,N,c,0,1,0,0,1997,0,1997.83
1.1400054693222046,1475.315673828125,1,MWI,1997,IHS-I,GPWG,N,c,0,1,0,0,1997,0,1997.83
1.4382811784744263,1622.593994140625,1,MWI,1997,IHS-I,GPWG,N,c,0,1,0,0,1997,0,1997.83
1.3006820678710938,1296.875,1,MWI,1997,IHS-I,GPWG,N,c,0,1,0,0,1997,0,1997.83
1.9365557432174683,744.3724365234375,1,MWI,1997,IHS-I,GPWG,N,c,0,1,0,0,1997,0,1997.83
3.900141477584839,2163.551025390625,1,MWI,1997,IHS-I,GPWG,N,c,0,1,0,0,1997,0,1997.83
1.1558688879013062,1686.0750732421875,1,MWI,1997,IHS-I,GPWG,N,c,0,1,0,0,1997,0,1997.83
2.063478708267212,1135.2813720703125,1,MWI,1997,IHS-I,GPWG,N,c,0,1,0,0,1997,0,1997.83
1.7817312479019165,842.6378173828125,1,MWI,1997,IHS-I,GPWG,N,c,0,1,0,0,1997,0,1997.83
4.644351959228516,387.2400817871094,1,MWI,1997,IHS-I,GPWG,N,c,0,1,0,0,1997,0,1997.83
2.374232769012451,1335.5999755859375,1,MWI,1997,IHS-I,GPWG,N,c,0,1,0,0,1997,0,1997.83
0.7591928243637085,1053.2972412109375,1,MWI,1997,IHS-I,GPWG,N,c,0,1,0,0,1997,0,1997.83
1.8452428579330444,891.6226196289062,1,MWI,1997,IHS-I,GPWG,N,c,0,1,0,0,1997,0,1997.83
3.2663300037384033,421.5187683105469,1,MWI,1997,IHS-I,GPWG,N,c,0,1,0,0,1997,0,1997.83
2.381260871887207,486.5491943359375,1,MWI,1997,IHS-I,GPWG,N,c,0,1,0,0,1997,0,1997.83
2.14591383934021,1352.5062255859375,1,MWI,1997,IHS-I,GPWG,N,c,0,1,0,0,1997,0,1997.83
2.498577117919922,1501.4852294921875,1,MWI,1997,IHS-I,GPWG,N,c,0,1,0,0,1997,0,1997.83
3.5578413009643555,1689.1708984375,1,MWI,1997,IHS-I,GPWG,N,c,0,1,0,0,1997,0,1997.83
3.1268651485443115,210.75938415527344,1,MWI,1997,IHS-I,GPWG,N,c,0,1,0,0,1997,0,1997.83
4.708960056304932,3157.0,1,MWI,1997,IHS-I,GPWG,N,c,0,1,0,0,1997,0,1997.83
12.942540168762207,1305.30810546875,1,MWI,1997,IHS-I,GPWG,N,c,0,1,0,0,1997,0,1997.83
2.0302441120147705,561.665283203125,1,MWI,1997,IHS-I,GPWG,N,c,0,1,0,0,1997,0,1997.83
2.8408453464508057,434.7526550292969,1,MWI,1997,IHS-I,GPWG,N,c,0,1,0,0,1997,0,1997.83
2.8403451442718506,518.75,1,MWI,1997,IHS-I,GPWG,N,c,0,1,0,0,1997,0,1997.83
3.999530553817749,744.3724365234375,1,MWI,1997,IHS-I,GPWG,N,c,0,1,0,0,1997,0,1997.83
4.146914958953857,445.8113098144531,1,MWI,1997,IHS-I,GPWG,N,c,0,1,0,0,1997,0,1997.83
2.4487805366516113,753.902099609375,1,MWI,1997,IHS-I,GPWG,N,c,0,1,0,0,1997,0,1997.83
0.969776451587677,1623.007568359375,1,MWI,1997,IHS-I,GPWG,N,c,0,1,0,0,1997,0,1997.83
2.4610469341278076,303.4775085449219,1,MWI,1997,IHS-I,GPWG,N,c,0,1,0,0,1997,0,1997.83
0.825080394744873,1694.12353515625,1,MWI,1997,IHS-I,GPWG,N,c,0,1,0,0,1997,0,1997.83
1.9686659574508667,1264.5562744140625,1,MWI,1997,IHS-I,GPWG,N,c,0,1,0,0,1997,0,1997.83
1.7172240018844604,338.82470703125,1,MWI,1997,IHS-I,GPWG,N,c,0,1,0,0,1997,0,1997.83
2.0045583248138428,811.5037841796875,1,MWI,1997,IHS-I,GPWG,N,c,0,1,0,0,1997,0,1997.83
1.9072891473770142,1759.1048583984375,1,MWI,1997,IHS-I,GPWG,N,c,0,1,0,0,1997,0,1997.83
2.0717852115631104,677.6494140625,1,MWI,1997,IHS-I,GPWG,N,c,0,1,0,0,1997,0,1997.83
5.629414081573486,375.3713073730469,1,MWI,1997,IHS-I,GPWG,N,c,0,1,0,0,1997,0,1997.83
4.003328323364258,302.04254150390625,1,MWI,1997,IHS-I,GPWG,N,c,0,1,0,0,1997,0,1997.83
0.9939212203025818,842.6378173828125,1,MWI,1997,IHS-I,GPWG,N,c,0,1,0,0,1997,0,1997.83
3.1448261737823486,324.3661193847656,1,MWI,1997,IHS-I,GPWG,N,c,0,1,0,0,1997,0,1997.83
1.5375158786773682,777.5694580078125,1,MWI,1997,IHS-I,GPWG,N,c,0,1,0,0,1997,0,1997.83
1.8459569215774536,778.125,1,MWI,1997,IHS-I,GPWG,N,c,0,1,0,0,1997,0,1997.83
1.7836170196533203,811.5037841796875,1,MWI,1997,IHS-I,GPWG,N,c,0,1,0,0,1997,0,1997.83
1.7847418785095215,843.0375366210938,1,MWI,1997,IHS-I,GPWG,N,c,0,1,0,0,1997,0,1997.83
4.820174217224121,151.02127075195312,1,MWI,1997,IHS-I,GPWG,N,c,0,1,0,0,1997,0,1997.83
2.726644515991211,983.4322509765625,1,MWI,1997,IHS-I,GPWG,N,c,0,1,0,0,1997,0,1997.83
1.5220786333084106,973.098388671875,1,MWI,1997,IHS-I,GPWG,N,c,0,1,0,0,1997,0,1997.83
1.3853681087493896,2086.1923828125,1,MWI,1997,IHS-I,GPWG,N,c,0,1,0,0,1997,0,1997.83
1.6701462268829346,648.7322387695312,1,MWI,1997,IHS-I,GPWG,N,c,0,1,0,0,1997,0,1997.83
4.449410438537598,786.7457885742188,1,MWI,1997,IHS-I,GPWG,N,c,0,1,0,0,1997,0,1997.83
2.188690662384033,890.3999633789062,1,MWI,1997,IHS-I,GPWG,N,c,0,1,0,0,1997,0,1997.83
3.480206251144409,786.7457885742188,1,MWI,1997,IHS-I,GPWG,N,c,0,1,0,0,1997,0,1997.83
1.506456732749939,1335.5999755859375,1,MWI,1997,IHS-I,GPWG,N,c,0,1,0,0,1997,0,1997.83
3.182851552963257,786.7457885742188,1,MWI,1997,IHS-I,GPWG,N,c,0,1,0,0,1997,0,1997.83
3.919857978820801,1165.269775390625,1,MWI,1997,IHS-I,GPWG,N,c,0,1,0,0,1997,0,1997.83
2.423985004425049,270.5012512207031,1,MWI,1997,IHS-I,GPWG,N,c,0,1,0,0,1997,0,1997.83
1.0403488874435425,1507.80419921875,1,MWI,1997,IHS-I,GPWG,N,c,0,1,0,0,1997,0,1997.83
1.5142871141433716,1256.50341796875,1,MWI,1997,IHS-I,GPWG,N,c,0,1,0,0,1997,0,1997.83
1.8777998685836792,1304.2579345703125,1,MWI,1997,IHS-I,GPWG,N,c,0,1,0,0,1997,0,1997.83
1.9180915355682373,1190.995849609375,1,MWI,1997,IHS-I,GPWG,N,c,0,1,0,0,1997,0,1997.83
3.1677019596099854,684.272705078125,1,MWI,1997,IHS-I,GPWG,N,c,0,1,0,0,1997,0,1997.83
3.250413656234741,1135.2813720703125,1,MWI,1997,IHS-I,GPWG,N,c,0,1,0,0,1997,0,1997.83
2.564148187637329,910.4324951171875,1,MWI,1997,IHS-I,GPWG,N,c,0,1,0,0,1997,0,1997.83
4.403311729431152,169.412353515625,1,MWI,1997,IHS-I,GPWG,N,c,0,1,0,0,1997,0,1997.83
1.9105359315872192,1507.80419921875,1,MWI,1997,IHS-I,GPWG,N,c,0,1,0,0,1997,0,1997.83
1.3174419403076172,1553.6929931640625,1,MWI,1997,IHS-I,GPWG,N,c,0,1,0,0,1997,0,1997.83
1.3500603437423706,1577.0999755859375,1,MWI,1997,IHS-I,GPWG,N,c,0,1,0,0,1997,0,1997.83
1.4271554946899414,1815.625,1,MWI,1997,IHS-I,GPWG,N,c,0,1,0,0,1997,0,1997.83
1.300050139427185,508.237060546875,1,MWI,1997,IHS-I,GPWG,N,c,0,1,0,0,1997,0,1997.83
2.4968197345733643,342.1363525390625,1,MWI,1997,IHS-I,GPWG,N,c,0,1,0,0,1997,0,1997.83
2.8194563388824463,595.4979248046875,1,MWI,1997,IHS-I,GPWG,N,c,0,1,0,0,1997,0,1997.83
4.153581142425537,1566.36962890625,1,MWI,1997,IHS-I,GPWG,N,c,0,1,0,0,1997,0,1997.83
1.2562131881713867,580.860107421875,1,MWI,1997,IHS-I,GPWG,N,c,0,1,0,0,1997,0,1997.83
1.6133543252944946,843.0375366210938,1,MWI,1997,IHS-I,GPWG,N,c,0,1,0,0,1997,0,1997.83
0.7448145151138306,1685.275634765625,1,MWI,1997,IHS-I,GPWG,N,c,0,1,0,0,1997,0,1997.83
0.8288958668708801,1501.4852294921875,1,MWI,1997,IHS-I,GPWG,N,c,0,1,0,0,1997,0,1997.83
2.9687719345092773,217.37632751464844,1,MWI,1997,IHS-I,GPWG,N,c,0,1,0,0,1997,0,1997.83
4.251683235168457,297.74896240234375,1,MWI,1997,IHS-I,GPWG,N,c,0,1,0,0,1997,0,1997.83
18.991395950317383,297.52117919921875,1,MWI,1997,IHS-I,GPWG,N,c,0,1,0,0,1997,0,1997.83
9.665977478027344,983.4322509765625,1,MWI,1997,IHS-I,GPWG,N,c,0,1,0,0,1997,0,1997.83
1.286157488822937,1263.956787109375,1,MWI,1997,IHS-I,GPWG,N,c,0,1,0,0,1997,0,1997.83
0.8112061619758606,1895.93505859375,1,MWI,1997,IHS-I,GPWG,N,c,0,1,0,0,1997,0,1997.83
1.3287696838378906,811.5037841796875,1,MWI,1997,IHS-I,GPWG,N,c,0,1,0,0,1997,0,1997.83
5.455801963806152,196.6864471435547,1,MWI,1997,IHS-I,GPWG,N,c,0,1,0,0,1997,0,1997.83
0.9839416146278381,2008.569091796875,1,MWI,1997,IHS-I,GPWG,N,c,0,1,0,0,1997,0,1997.83
3.1219730377197266,508.237060546875,1,MWI,1997,IHS-I,GPWG,N,c,0,1,0,0,1997,0,1997.83
3.046374797821045,455.21624755859375,1,MWI,1997,IHS-I,GPWG,N,c,0,1,0,0,1997,0,1997.83
0.5276448130607605,774.4801635742188,1,MWI,1997,IHS-I,GPWG,N,c,0,1,0,0,1997,0,1997.83
3.248502254486084,652.1289672851562,1,MWI,1997,IHS-I,GPWG,N,c,0,1,0,0,1997,0,1997.83
2.197746515274048,891.6226196289062,1,MWI,1997,IHS-I,GPWG,N,c,0,1,0,0,1997,0,1997.83
1.9947679042816162,421.5187683105469,1,MWI,1997,IHS-I,GPWG,N,c,0,1,0,0,1997,0,1997.83
14.705699920654297,251.07113647460938,1,MWI,1997,IHS-I,GPWG,N,c,0,1,0,0,1997,0,1997.83
1.6953487396240234,338.82470703125,1,MWI,1997,IHS-I,GPWG,N,c,0,1,0,0,1997,0,1997.83
1.0357122421264648,1185.886474609375,1,MWI,1997,IHS-I,GPWG,N,c,0,1,0,0,1997,0,1997.83
1.226833462715149,210.75938415527344,1,MWI,1997,IHS-I,GPWG,N,c,0,1,0,0,1997,0,1997.83
1.3257725238800049,753.21337890625,1,MWI,1997,IHS-I,GPWG,N,c,0,1,0,0,1997,0,1997.83
1.8010205030441284,843.0375366210938,1,MWI,1997,IHS-I,GPWG,N,c,0,1,0,0,1997,0,1997.83
3.2542006969451904,695.3974609375,1,MWI,1997,IHS-I,GPWG,N,c,0,1,0,0,1997,0,1997.83
3.286496877670288,1521.63427734375,1,MWI,1997,IHS-I,GPWG,N,c,0,1,0,0,1997,0,1997.83
1.8213807344436646,1390.794921875,1,MWI,1997,IHS-I,GPWG,N,c,0,1,0,0,1997,0,1997.83
2.753783941268921,357.0254211425781,1,MWI,1997,IHS-I,GPWG,N,c,0,1,0,0,1997,0,1997.83
2.791109800338745,324.3661193847656,1,MWI,1997,IHS-I,GPWG,N,c,0,1,0,0,1997,0,1997.83
3.7135891914367676,446.6234436035156,1,MWI,1997,IHS-I,GPWG,N,c,0,1,0,0,1997,0,1997.83
2.033567190170288,1437.446533203125,1,MWI,1997,IHS-I,GPWG,N,c,0,1,0,0,1997,0,1997.83
1.8386056423187256,508.237060546875,1,MWI,1997,IHS-I,GPWG,N,c,0,1,0,0,1997,0,1997.83
4.480734825134277,1507.80419921875,1,MWI,1997,IHS-I,GPWG,N,c,0,1,0,0,1997,0,1997.83
1.5227655172348022,1507.80419921875,1,MWI,1997,IHS-I,GPWG,N,c,0,1,0,0,1997,0,1997.83
1.588242769241333,1296.875,1,MWI,1997,IHS-I,GPWG,N,c,0,1,0,0,1997,0,1997.83
1.7328726053237915,695.3974609375,1,MWI,1997,IHS-I,GPWG,N,c,0,1,0,0,1997,0,1997.83
3.140875816345215,695.3974609375,1,MWI,1997,IHS-I,GPWG,N,c,0,1,0,0,1997,0,1997.83
10.372361183166504,1044.2464599609375,1,MWI,1997,IHS-I,GPWG,N,c,0,1,0,0,1997,0,1997.83
6.364211082458496,196.6864471435547,1,MWI,1997,IHS-I,GPWG,N,c,0,1,0,0,1997,0,1997.83
3.2215683460235596,689.8624877929688,1,MWI,1997,IHS-I,GPWG,N,c,0,1,0,0,1997,0,1997.83
1.6375985145568848,1053.796875,1,MWI,1997,IHS-I,GPWG,N,c,0,1,0,0,1997,0,1997.83
1.3964030742645264,508.237060546875,1,MWI,1997,IHS-I,GPWG,N,c,0,1,0,0,1997,0,1997.83
4.545296669006348,259.375,1,MWI,1997,IHS-I,GPWG,N,c,0,1,0,0,1997,0,1997.83
5.6020331382751465,261.0616149902344,1,MWI,1997,IHS-I,GPWG,N,c,0,1,0,0,1997,0,1997.83
2.3088998794555664,1045.1368408203125,1,MWI,1997,IHS-I,GPWG,N,c,0,1,0,0,1997,0,1997.83
1.2952113151550293,929.010498046875,1,MWI,1997,IHS-I,GPWG,N,c,0,1,0,0,1997,0,1997.83
11.221232414245605,486.5491943359375,1,MWI,1997,IHS-I,GPWG,N,c,0,1,0,0,1997,0,1997.83
4.095805644989014,217.37632751464844,1,MWI,1997,IHS-I,GPWG,N,c,0,1,0,0,1997,0,1997.83
1.4881224632263184,1895.93505859375,1,MWI,1997,IHS-I,GPWG,N,c,0,1,0,0,1997,0,1997.83
4.3436279296875,338.82470703125,1,MWI,1997,IHS-I,GPWG,N,c,0,1,0,0,1997,0,1997.83
7.7798027992248535,652.1289672851562,1,MWI,1997,IHS-I,GPWG,N,c,0,1,0,0,1997,0,1997.83
2.194201707839966,632.2781372070312,1,MWI,1997,IHS-I,GPWG,N,c,0,1,0,0,1997,0,1997.83
8.27314567565918,1739.0106201171875,1,MWI,1997,IHS-I,GPWG,N,c,0,1,0,0,1997,0,1997.83
1.2713068723678589,1759.1048583984375,1,MWI,1997,IHS-I,GPWG,N,c,0,1,0,0,1997,0,1997.83
3.16860032081604,463.5982971191406,1,MWI,1997,IHS-I,GPWG,N,c,0,1,0,0,1997,0,1997.83
1.8936548233032227,1304.2579345703125,1,MWI,1997,IHS-I,GPWG,N,c,0,1,0,0,1997,0,1997.83
4.5453009605407715,522.1232299804688,1,MWI,1997,IHS-I,GPWG,N,c,0,1,0,0,1997,0,1997.83
2.8445990085601807,968.1002197265625,1,MWI,1997,IHS-I,GPWG,N,c,0,1,0,0,1997,0,1997.83
2.0296084880828857,455.21624755859375,1,MWI,1997,IHS-I,GPWG,N,c,0,1,0,0,1997,0,1997.83
2.3330929279327393,297.52117919921875,1,MWI,1997,IHS-I,GPWG,N,c,0,1,0,0,1997,0,1997.83
1.9320341348648071,303.4775085449219,1,MWI,1997,IHS-I,GPWG,N,c,0,1,0,0,1997,0,1997.83
1.7536463737487793,508.237060546875,1,MWI,1997,IHS-I,GPWG,N,c,0,1,0,0,1997,0,1997.83
7.388692378997803,210.75938415527344,1,MWI,1997,IHS-I,GPWG,N,c,0,1,0,0,1997,0,1997.83
5.7172064781188965,786.7457885742188,1,MWI,1997,IHS-I,GPWG,N,c,0,1,0,0,1997,0,1997.83
1.6679775714874268,842.6378173828125,1,MWI,1997,IHS-I,GPWG,N,c,0,1,0,0,1997,0,1997.83
0.7354604005813599,1053.2972412109375,1,MWI,1997,IHS-I,GPWG,N,c,0,1,0,0,1997,0,1997.83
1.9449998140335083,742.0,1,MWI,1997,IHS-I,GPWG,N,c,0,1,0,0,1997,0,1997.83
1.2447625398635864,842.6378173828125,1,MWI,1997,IHS-I,GPWG,N,c,0,1,0,0,1997,0,1997.83
2.6453216075897217,421.5187683105469,1,MWI,1997,IHS-I,GPWG,N,c,0,1,0,0,1997,0,1997.83
2.592466354370117,927.1965942382812,1,MWI,1997,IHS-I,GPWG,N,c,0,1,0,0,1997,0,1997.83
1.504528284072876,1555.138916015625,1,MWI,1997,IHS-I,GPWG,N,c,0,1,0,0,1997,0,1997.83
3.809047222137451,652.1289672851562,1,MWI,1997,IHS-I,GPWG,N,c,0,1,0,0,1997,0,1997.83
3.1343748569488525,455.21624755859375,1,MWI,1997,IHS-I,GPWG,N,c,0,1,0,0,1997,0,1997.83
0.43777990341186523,1053.2972412109375,1,MWI,1997,IHS-I,GPWG,N,c,0,1,0,0,1997,0,1997.83
0.9902625679969788,1437.446533203125,1,MWI,1997,IHS-I,GPWG,N,c,0,1,0,0,1997,0,1997.83
0.70428466796875,1474.6162109375,1,MWI,1997,IHS-I,GPWG,N,c,0,1,0,0,1997,0,1997.83
3.3938887119293213,393.3728942871094,1,MWI,1997,IHS-I,GPWG,N,c,0,1,0,0,1997,0,1997.83
4.890126705169678,606.9550170898438,1,MWI,1997,IHS-I,GPWG,N,c,0,1,0,0,1997,0,1997.83
1.0833203792572021,606.9550170898438,1,MWI,1997,IHS-I,GPWG,N,c,0,1,0,0,1997,0,1997.83
5.406952381134033,590.059326171875,1,MWI,1997,IHS-I,GPWG,N,c,0,1,0,0,1997,0,1997.83
2.730562210083008,1123.33056640625,1,MWI,1997,IHS-I,GPWG,N,c,0,1,0,0,1997,0,1997.83
4.604170799255371,151.02127075195312,1,MWI,1997,IHS-I,GPWG,N,c,0,1,0,0,1997,0,1997.83
1.4898773431777954,580.631591796875,1,MWI,1997,IHS-I,GPWG,N,c,0,1,0,0,1997,0,1997.83
6.571140766143799,445.1999816894531,1,MWI,1997,IHS-I,GPWG,N,c,0,1,0,0,1997,0,1997.83
1.5479331016540527,1037.5,1,MWI,1997,IHS-I,GPWG,N,c,0,1,0,0,1997,0,1997.83
0.47418487071990967,1053.2972412109375,1,MWI,1997,IHS-I,GPWG,N,c,0,1,0,0,1997,0,1997.83
2.0019943714141846,1053.2972412109375,1,MWI,1997,IHS-I,GPWG,N,c,0,1,0,0,1997,0,1997.83
1.3577510118484497,1475.315673828125,1,MWI,1997,IHS-I,GPWG,N,c,0,1,0,0,1997,0,1997.83
2.99766206741333,1149.770751953125,1,MWI,1997,IHS-I,GPWG,N,c,0,1,0,0,1997,0,1997.83
1.31744384765625,842.6378173828125,1,MWI,1997,IHS-I,GPWG,N,c,0,1,0,0,1997,0,1997.83
3.4610493183135986,375.3713073730469,1,MWI,1997,IHS-I,GPWG,N,c,0,1,0,0,1997,0,1997.83
1.6398670673370361,968.1002197265625,1,MWI,1997,IHS-I,GPWG,N,c,0,1,0,0,1997,0,1997.83
2.9712367057800293,1123.33056640625,1,MWI,1997,IHS-I,GPWG,N,c,0,1,0,0,1997,0,1997.83
7.191903591156006,1086.881591796875,1,MWI,1997,IHS-I,GPWG,N,c,0,1,0,0,1997,0,1997.83
13.995745658874512,590.059326171875,1,MWI,1997,IHS-I,GPWG,N,c,0,1,0,0,1997,0,1997.83
2.301011800765991,1053.796875,1,MWI,1997,IHS-I,GPWG,N,c,0,1,0,0,1997,0,1997.83
3.2234437465667725,210.65945434570312,1,MWI,1997,IHS-I,GPWG,N,c,0,1,0,0,1997,0,1997.83
1.5441434383392334,486.5491943359375,1,MWI,1997,IHS-I,GPWG,N,c,0,1,0,0,1997,0,1997.83
4.529417037963867,783.184814453125,1,MWI,1997,IHS-I,GPWG,N,c,0,1,0,0,1997,0,1997.83
2.379384994506836,810.915283203125,1,MWI,1997,IHS-I,GPWG,N,c,0,1,0,0,1997,0,1997.83
2.682620048522949,178.51271057128906,1,MWI,1997,IHS-I,GPWG,N,c,0,1,0,0,1997,0,1997.83
1.64353346824646,774.4801635742188,1,MWI,1997,IHS-I,GPWG,N,c,0,1,0,0,1997,0,1997.83
2.4703400135040283,210.65945434570312,1,MWI,1997,IHS-I,GPWG,N,c,0,1,0,0,1997,0,1997.83
2.3961682319641113,456.18182373046875,1,MWI,1997,IHS-I,GPWG,N,c,0,1,0,0,1997,0,1997.83
1.053983449935913,2527.91357421875,1,MWI,1997,IHS-I,GPWG,N,c,0,1,0,0,1997,0,1997.83
0.75188809633255,843.0375366210938,1,MWI,1997,IHS-I,GPWG,N,c,0,1,0,0,1997,0,1997.83
3.988448143005371,1966.864501953125,1,MWI,1997,IHS-I,GPWG,N,c,0,1,0,0,1997,0,1997.83
1.754497766494751,476.0339050292969,1,MWI,1997,IHS-I,GPWG,N,c,0,1,0,0,1997,0,1997.83
1.9122419357299805,758.6937866210938,1,MWI,1997,IHS-I,GPWG,N,c,0,1,0,0,1997,0,1997.83
29.08121109008789,604.0850830078125,1,MWI,1997,IHS-I,GPWG,N,c,0,1,0,0,1997,0,1997.83
1.6243491172790527,1037.5,1,MWI,1997,IHS-I,GPWG,N,c,0,1,0,0,1997,0,1997.83
2.774437427520752,303.4775085449219,1,MWI,1997,IHS-I,GPWG,N,c,0,1,0,0,1997,0,1997.83
5.055952548980713,463.5982971191406,1,MWI,1997,IHS-I,GPWG,N,c,0,1,0,0,1997,0,1997.83
1.6845024824142456,919.816650390625,1,MWI,1997,IHS-I,GPWG,N,c,0,1,0,0,1997,0,1997.83
1.2922134399414062,324.3661193847656,1,MWI,1997,IHS-I,GPWG,N,c,0,1,0,0,1997,0,1997.83
2.0837337970733643,232.25262451171875,1,MWI,1997,IHS-I,GPWG,N,c,0,1,0,0,1997,0,1997.83
6.52541446685791,843.0375366210938,1,MWI,1997,IHS-I,GPWG,N,c,0,1,0,0,1997,0,1997.83
3.3637681007385254,677.6494140625,1,MWI,1997,IHS-I,GPWG,N,c,0,1,0,0,1997,0,1997.83
3.2174956798553467,1149.770751953125,1,MWI,1997,IHS-I,GPWG,N,c,0,1,0,0,1997,0,1997.83
5.825146198272705,393.3728942871094,1,MWI,1997,IHS-I,GPWG,N,c,0,1,0,0,1997,0,1997.83
1.4513046741485596,843.0375366210938,1,MWI,1997,IHS-I,GPWG,N,c,0,1,0,0,1997,0,1997.83
1.8623206615447998,486.5491943359375,1,MWI,1997,IHS-I,GPWG,N,c,0,1,0,0,1997,0,1997.83
2.0932443141937256,2010.405517578125,1,MWI,1997,IHS-I,GPWG,N,c,0,1,0,0,1997,0,1997.83
1.6982334852218628,753.902099609375,1,MWI,1997,IHS-I,GPWG,N,c,0,1,0,0,1997,0,1997.83
1.1449644565582275,677.6494140625,1,MWI,1997,IHS-I,GPWG,N,c,0,1,0,0,1997,0,1997.83
2.7256054878234863,421.5187683105469,1,MWI,1997,IHS-I,GPWG,N,c,0,1,0,0,1997,0,1997.83
1.3579014539718628,973.098388671875,1,MWI,1997,IHS-I,GPWG,N,c,0,1,0,0,1997,0,1997.83
13.151660919189453,541.0025024414062,1,MWI,1997,IHS-I,GPWG,N,c,0,1,0,0,1997,0,1997.83
3.6563777923583984,187.68565368652344,1,MWI,1997,IHS-I,GPWG,N,c,0,1,0,0,1997,0,1997.83
4.122127056121826,374.4435119628906,1,MWI,1997,IHS-I,GPWG,N,c,0,1,0,0,1997,0,1997.83
1.627842664718628,210.65945434570312,1,MWI,1997,IHS-I,GPWG,N,c,0,1,0,0,1997,0,1997.83
4.0843505859375,193.6200408935547,1,MWI,1997,IHS-I,GPWG,N,c,0,1,0,0,1997,0,1997.83
1.953517198562622,1005.2027587890625,1,MWI,1997,IHS-I,GPWG,N,c,0,1,0,0,1997,0,1997.83
2.3278450965881348,342.1363525390625,1,MWI,1997,IHS-I,GPWG,N,c,0,1,0,0,1997,0,1997.83
2.753385066986084,563.0569458007812,1,MWI,1997,IHS-I,GPWG,N,c,0,1,0,0,1997,0,1997.83
2.0481762886047363,811.5037841796875,1,MWI,1997,IHS-I,GPWG,N,c,0,1,0,0,1997,0,1997.83
13.666440963745117,259.375,1,MWI,1997,IHS-I,GPWG,N,c,0,1,0,0,1997,0,1997.83
9.557266235351562,983.4322509765625,1,MWI,1997,IHS-I,GPWG,N,c,0,1,0,0,1997,0,1997.83
2.936864137649536,479.14886474609375,1,MWI,1997,IHS-I,GPWG,N,c,0,1,0,0,1997,0,1997.83
4.597765922546387,434.7526550292969,1,MWI,1997,IHS-I,GPWG,N,c,0,1,0,0,1997,0,1997.83
1.5191280841827393,1264.5562744140625,1,MWI,1997,IHS-I,GPWG,N,c,0,1,0,0,1997,0,1997.83
4.054173469543457,486.5491943359375,1,MWI,1997,IHS-I,GPWG,N,c,0,1,0,0,1997,0,1997.83
1.2970343828201294,1263.956787109375,1,MWI,1997,IHS-I,GPWG,N,c,0,1,0,0,1997,0,1997.83
1.9264858961105347,778.125,1,MWI,1997,IHS-I,GPWG,N,c,0,1,0,0,1997,0,1997.83
1.1568431854248047,580.631591796875,1,MWI,1997,IHS-I,GPWG,N,c,0,1,0,0,1997,0,1997.83
3.090689182281494,1686.0750732421875,1,MWI,1997,IHS-I,GPWG,N,c,0,1,0,0,1997,0,1997.83
2.510817050933838,148.39999389648438,1,MWI,1997,IHS-I,GPWG,N,c,0,1,0,0,1997,0,1997.83
0.8828150033950806,2164.010009765625,1,MWI,1997,IHS-I,GPWG,N,c,0,1,0,0,1997,0,1997.83
1.0990614891052246,2529.112548828125,1,MWI,1997,IHS-I,GPWG,N,c,0,1,0,0,1997,0,1997.83
1.8962581157684326,606.9550170898438,1,MWI,1997,IHS-I,GPWG,N,c,0,1,0,0,1997,0,1997.83
1.5734598636627197,847.061767578125,1,MWI,1997,IHS-I,GPWG,N,c,0,1,0,0,1997,0,1997.83
1.621553897857666,1893.5087890625,1,MWI,1997,IHS-I,GPWG,N,c,0,1,0,0,1997,0,1997.83
1.399788737297058,973.098388671875,1,MWI,1997,IHS-I,GPWG,N,c,0,1,0,0,1997,0,1997.83
2.8170394897460938,869.5053100585938,1,MWI,1997,IHS-I,GPWG,N,c,0,1,0,0,1997,0,1997.83
10.327439308166504,393.3728942871094,1,MWI,1997,IHS-I,GPWG,N,c,0,1,0,0,1997,0,1997.83
5.2821478843688965,231.7991485595703,1,MWI,1997,IHS-I,GPWG,N,c,0,1,0,0,1997,0,1997.83
2.9592130184173584,463.5982971191406,1,MWI,1997,IHS-I,GPWG,N,c,0,1,0,0,1997,0,1997.83
5.635193347930908,786.7457885742188,1,MWI,1997,IHS-I,GPWG,N,c,0,1,0,0,1997,0,1997.83
2.116558790206909,541.0025024414062,1,MWI,1997,IHS-I,GPWG,N,c,0,1,0,0,1997,0,1997.83
2.905679941177368,563.0569458007812,1,MWI,1997,IHS-I,GPWG,N,c,0,1,0,0,1997,0,1997.83
2.255927324295044,479.14886474609375,1,MWI,1997,IHS-I,GPWG,N,c,0,1,0,0,1997,0,1997.83
10.934685707092285,261.0616149902344,1,MWI,1997,IHS-I,GPWG,N,c,0,1,0,0,1997,0,1997.83
1.8003584146499634,753.902099609375,1,MWI,1997,IHS-I,GPWG,N,c,0,1,0,0,1997,0,1997.83
2.2715978622436523,695.3974609375,1,MWI,1997,IHS-I,GPWG,N,c,0,1,0,0,1997,0,1997.83
1.2768369913101196,606.9550170898438,1,MWI,1997,IHS-I,GPWG,N,c,0,1,0,0,1997,0,1997.83
13.177255630493164,229.95416259765625,1,MWI,1997,IHS-I,GPWG,N,c,0,1,0,0,1997,0,1997.83
6.182231426239014,606.9550170898438,1,MWI,1997,IHS-I,GPWG,N,c,0,1,0,0,1997,0,1997.83
3.9545629024505615,1126.1138916015625,1,MWI,1997,IHS-I,GPWG,N,c,0,1,0,0,1997,0,1997.83
2.022441864013672,561.665283203125,1,MWI,1997,IHS-I,GPWG,N,c,0,1,0,0,1997,0,1997.83
2.6181752681732178,303.4775085449219,1,MWI,1997,IHS-I,GPWG,N,c,0,1,0,0,1997,0,1997.83
1.960267424583435,1352.5062255859375,1,MWI,1997,IHS-I,GPWG,N,c,0,1,0,0,1997,0,1997.83
3.1692285537719727,445.8113098144531,1,MWI,1997,IHS-I,GPWG,N,c,0,1,0,0,1997,0,1997.83
1.652007818222046,810.915283203125,1,MWI,1997,IHS-I,GPWG,N,c,0,1,0,0,1997,0,1997.83
1.7601239681243896,1126.1138916015625,1,MWI,1997,IHS-I,GPWG,N,c,0,1,0,0,1997,0,1997.83
1.9025375843048096,561.665283203125,1,MWI,1997,IHS-I,GPWG,N,c,0,1,0,0,1997,0,1997.83
4.849932670593262,162.1830596923828,1,MWI,1997,IHS-I,GPWG,N,c,0,1,0,0,1997,0,1997.83
4.58613920211792,464.5052490234375,1,MWI,1997,IHS-I,GPWG,N,c,0,1,0,0,1997,0,1997.83
1.22317373752594,1475.315673828125,1,MWI,1997,IHS-I,GPWG,N,c,0,1,0,0,1997,0,1997.83
1.5478482246398926,348.3789367675781,1,MWI,1997,IHS-I,GPWG,N,c,0,1,0,0,1997,0,1997.83
4.237118244171143,810.915283203125,1,MWI,1997,IHS-I,GPWG,N,c,0,1,0,0,1997,0,1997.83
10.873600959777832,1264.5562744140625,1,MWI,1997,IHS-I,GPWG,N,c,0,1,0,0,1997,0,1997.83
3.2656009197235107,1158.9957275390625,1,MWI,1997,IHS-I,GPWG,N,c,0,1,0,0,1997,0,1997.83
0.981198787689209,580.631591796875,1,MWI,1997,IHS-I,GPWG,N,c,0,1,0,0,1997,0,1997.83
0.6935391426086426,1263.956787109375,1,MWI,1997,IHS-I,GPWG,N,c,0,1,0,0,1997,0,1997.83
3.2490074634552,1379.7249755859375,1,MWI,1997,IHS-I,GPWG,N,c,0,1,0,0,1997,0,1997.83
1.5129742622375488,1264.5562744140625,1,MWI,1997,IHS-I,GPWG,N,c,0,1,0,0,1997,0,1997.83
5.976413726806641,162.1830596923828,1,MWI,1997,IHS-I,GPWG,N,c,0,1,0,0,1997,0,1997.83
21.62287712097168,590.059326171875,1,MWI,1997,IHS-I,GPWG,N,c,0,1,0,0,1997,0,1997.83
5.647157192230225,750.7426147460938,1,MWI,1997,IHS-I,GPWG,N,c,0,1,0,0,1997,0,1997.83
1.9609018564224243,1004.2845458984375,1,MWI,1997,IHS-I,GPWG,N,c,0,1,0,0,1997,0,1997.83
2.1608076095581055,938.4282836914062,1,MWI,1997,IHS-I,GPWG,N,c,0,1,0,0,1997,0,1997.83
5.708211421966553,590.059326171875,1,MWI,1997,IHS-I,GPWG,N,c,0,1,0,0,1997,0,1997.83
2.6131227016448975,604.0850830078125,1,MWI,1997,IHS-I,GPWG,N,c,0,1,0,0,1997,0,1997.83
1.3823407888412476,684.272705078125,1,MWI,1997,IHS-I,GPWG,N,c,0,1,0,0,1997,0,1997.83
3.7165284156799316,148.39999389648438,1,MWI,1997,IHS-I,GPWG,N,c,0,1,0,0,1997,0,1997.83
3.9747517108917236,1896.83447265625,1,MWI,1997,IHS-I,GPWG,N,c,0,1,0,0,1997,0,1997.83
1.7542178630828857,270.5012512207031,1,MWI,1997,IHS-I,GPWG,N,c,0,1,0,0,1997,0,1997.83
1.5253111124038696,910.4324951171875,1,MWI,1997,IHS-I,GPWG,N,c,0,1,0,0,1997,0,1997.83
0.8600475788116455,1352.5062255859375,1,MWI,1997,IHS-I,GPWG,N,c,0,1,0,0,1997,0,1997.83
0.5140469670295715,1263.956787109375,1,MWI,1997,IHS-I,GPWG,N,c,0,1,0,0,1997,0,1997.83
1.5364596843719482,810.915283203125,1,MWI,1997,IHS-I,GPWG,N,c,0,1,0,0,1997,0,1997.83
1.5477336645126343,518.379638671875,1,MWI,1997,IHS-I,GPWG,N,c,0,1,0,0,1997,0,1997.83
1.07012939453125,1555.138916015625,1,MWI,1997,IHS-I,GPWG,N,c,0,1,0,0,1997,0,1997.83
2.1954638957977295,570.227294921875,1,MWI,1997,IHS-I,GPWG,N,c,0,1,0,0,1997,0,1997.83
0.8461452126502991,1893.5087890625,1,MWI,1997,IHS-I,GPWG,N,c,0,1,0,0,1997,0,1997.83
1.700781226158142,541.0025024414062,1,MWI,1997,IHS-I,GPWG,N,c,0,1,0,0,1997,0,1997.83
0.693193793296814,1556.25,1,MWI,1997,IHS-I,GPWG,N,c,0,1,0,0,1997,0,1997.83
2.6597812175750732,668.7169799804688,1,MWI,1997,IHS-I,GPWG,N,c,0,1,0,0,1997,0,1997.83
4.500312805175781,2318.353271484375,1,MWI,1997,IHS-I,GPWG,N,c,0,1,0,0,1997,0,1997.83
1.0016305446624756,2261.706298828125,1,MWI,1997,IHS-I,GPWG,N,c,0,1,0,0,1997,0,1997.83
32.066505432128906,590.059326171875,1,MWI,1997,IHS-I,GPWG,N,c,0,1,0,0,1997,0,1997.83
1.8164002895355225,938.4282836914062,1,MWI,1997,IHS-I,GPWG,N,c,0,1,0,0,1997,0,1997.83
4.909459590911865,1827.4312744140625,1,MWI,1997,IHS-I,GPWG,N,c,0,1,0,0,1997,0,1997.83
1.7301020622253418,938.4282836914062,1,MWI,1997,IHS-I,GPWG,N,c,0,1,0,0,1997,0,1997.83
4.078766345977783,148.39999389648438,1,MWI,1997,IHS-I,GPWG,N,c,0,1,0,0,1997,0,1997.83
4.287627696990967,114.04545593261719,1,MWI,1997,IHS-I,GPWG,N,c,0,1,0,0,1997,0,1997.83
2.545863389968872,251.30068969726562,1,MWI,1997,IHS-I,GPWG,N,c,0,1,0,0,1997,0,1997.83
1.9059300422668457,1264.5562744140625,1,MWI,1997,IHS-I,GPWG,N,c,0,1,0,0,1997,0,1997.83
2.377706289291382,178.51271057128906,1,MWI,1997,IHS-I,GPWG,N,c,0,1,0,0,1997,0,1997.83
2.009812831878662,1149.770751953125,1,MWI,1997,IHS-I,GPWG,N,c,0,1,0,0,1997,0,1997.83
3.852189302444458,502.60137939453125,1,MWI,1997,IHS-I,GPWG,N,c,0,1,0,0,1997,0,1997.83
1.9916224479675293,631.9783935546875,1,MWI,1997,IHS-I,GPWG,N,c,0,1,0,0,1997,0,1997.83
5.331934928894043,786.7457885742188,1,MWI,1997,IHS-I,GPWG,N,c,0,1,0,0,1997,0,1997.83
5.737363338470459,148.87448120117188,1,MWI,1997,IHS-I,GPWG,N,c,0,1,0,0,1997,0,1997.83
2.094987154006958,1053.2972412109375,1,MWI,1997,IHS-I,GPWG,N,c,0,1,0,0,1997,0,1997.83
4.121234893798828,983.4322509765625,1,MWI,1997,IHS-I,GPWG,N,c,0,1,0,0,1997,0,1997.83
3.1675784587860107,563.0569458007812,1,MWI,1997,IHS-I,GPWG,N,c,0,1,0,0,1997,0,1997.83
1.8678525686264038,1255.355712890625,1,MWI,1997,IHS-I,GPWG,N,c,0,1,0,0,1997,0,1997.83
9.891782760620117,648.7322387695312,1,MWI,1997,IHS-I,GPWG,N,c,0,1,0,0,1997,0,1997.83
3.063938856124878,528.574462890625,1,MWI,1997,IHS-I,GPWG,N,c,0,1,0,0,1997,0,1997.83
1.9933525323867798,689.8624877929688,1,MWI,1997,IHS-I,GPWG,N,c,0,1,0,0,1997,0,1997.83
3.478647232055664,446.6234436035156,1,MWI,1997,IHS-I,GPWG,N,c,0,1,0,0,1997,0,1997.83
1.5624465942382812,1622.593994140625,1,MWI,1997,IHS-I,GPWG,N,c,0,1,0,0,1997,0,1997.83
1.9431473016738892,590.059326171875,1,MWI,1997,IHS-I,GPWG,N,c,0,1,0,0,1997,0,1997.83
3.593151092529297,210.75938415527344,1,MWI,1997,IHS-I,GPWG,N,c,0,1,0,0,1997,0,1997.83
5.065073490142822,148.39999389648438,1,MWI,1997,IHS-I,GPWG,N,c,0,1,0,0,1997,0,1997.83
2.90299129486084,1005.2027587890625,1,MWI,1997,IHS-I,GPWG,N,c,0,1,0,0,1997,0,1997.83
11.84228801727295,455.21624755859375,1,MWI,1997,IHS-I,GPWG,N,c,0,1,0,0,1997,0,1997.83
3.791926145553589,302.04254150390625,1,MWI,1997,IHS-I,GPWG,N,c,0,1,0,0,1997,0,1997.83
1.4974918365478516,1623.007568359375,1,MWI,1997,IHS-I,GPWG,N,c,0,1,0,0,1997,0,1997.83
1.442118525505066,1161.72021484375,1,MWI,1997,IHS-I,GPWG,N,c,0,1,0,0,1997,0,1997.83
0.6906131505966187,375.3713073730469,1,MWI,1997,IHS-I,GPWG,N,c,0,1,0,0,1997,0,1997.83
0.2593705952167511,1355.34033203125,1,MWI,1997,IHS-I,GPWG,N,c,0,1,0,0,1997,0,1997.83
2.3033435344696045,502.60137939453125,1,MWI,1997,IHS-I,GPWG,N,c,0,1,0,0,1997,0,1997.83
0.5649712681770325,2510.71142578125,1,MWI,1997,IHS-I,GPWG,N,c,0,1,0,0,1997,0,1997.83
2.4531147480010986,750.7426147460938,1,MWI,1997,IHS-I,GPWG,N,c,0,1,0,0,1997,0,1997.83
0.6912573575973511,632.2781372070312,1,MWI,1997,IHS-I,GPWG,N,c,0,1,0,0,1997,0,1997.83
4.1740403175354,169.412353515625,1,MWI,1997,IHS-I,GPWG,N,c,0,1,0,0,1997,0,1997.83
2.097966194152832,1082.0050048828125,1,MWI,1997,IHS-I,GPWG,N,c,0,1,0,0,1997,0,1997.83
2.6544172763824463,1916.595458984375,1,MWI,1997,IHS-I,GPWG,N,c,0,1,0,0,1997,0,1997.83
2.311098098754883,1004.2845458984375,1,MWI,1997,IHS-I,GPWG,N,c,0,1,0,0,1997,0,1997.83
1.9814125299453735,632.2781372070312,1,MWI,1997,IHS-I,GPWG,N,c,0,1,0,0,1997,0,1997.83
4.403438568115234,302.04254150390625,1,MWI,1997,IHS-I,GPWG,N,c,0,1,0,0,1997,0,1997.83
2.0216281414031982,843.0375366210938,1,MWI,1997,IHS-I,GPWG,N,c,0,1,0,0,1997,0,1997.83
3.616029977798462,1304.2579345703125,1,MWI,1997,IHS-I,GPWG,N,c,0,1,0,0,1997,0,1997.83
2.341245412826538,324.3661193847656,1,MWI,1997,IHS-I,GPWG,N,c,0,1,0,0,1997,0,1997.83
1.699152946472168,936.1087646484375,1,MWI,1997,IHS-I,GPWG,N,c,0,1,0,0,1997,0,1997.83
0.43038517236709595,580.631591796875,1,MWI,1997,IHS-I,GPWG,N,c,0,1,0,0,1997,0,1997.83
3.235039234161377,919.816650390625,1,MWI,1997,IHS-I,GPWG,N,c,0,1,0,0,1997,0,1997.83
7.738192558288574,2088.492919921875,1,MWI,1997,IHS-I,GPWG,N,c,0,1,0,0,1997,0,1997.83
5.027662754058838,522.1232299804688,1,MWI,1997,IHS-I,GPWG,N,c,0,1,0,0,1997,0,1997.83
3.454165458679199,983.4322509765625,1,MWI,1997,IHS-I,GPWG,N,c,0,1,0,0,1997,0,1997.83
1.7612204551696777,464.5052490234375,1,MWI,1997,IHS-I,GPWG,N,c,0,1,0,0,1997,0,1997.83
1.2389222383499146,1352.5062255859375,1,MWI,1997,IHS-I,GPWG,N,c,0,1,0,0,1997,0,1997.83
0.9549149870872498,910.4324951171875,1,MWI,1997,IHS-I,GPWG,N,c,0,1,0,0,1997,0,1997.83
2.591627836227417,169.412353515625,1,MWI,1997,IHS-I,GPWG,N,c,0,1,0,0,1997,0,1997.83
1.2713836431503296,1263.956787109375,1,MWI,1997,IHS-I,GPWG,N,c,0,1,0,0,1997,0,1997.83
3.0829732418060303,421.31890869140625,1,MWI,1997,IHS-I,GPWG,N,c,0,1,0,0,1997,0,1997.83
2.032038688659668,1190.995849609375,1,MWI,1997,IHS-I,GPWG,N,c,0,1,0,0,1997,0,1997.83
1.3760876655578613,348.3789367675781,1,MWI,1997,IHS-I,GPWG,N,c,0,1,0,0,1997,0,1997.83
3.129626989364624,518.75,1,MWI,1997,IHS-I,GPWG,N,c,0,1,0,0,1997,0,1997.83
1.2886959314346313,677.6494140625,1,MWI,1997,IHS-I,GPWG,N,c,0,1,0,0,1997,0,1997.83
2.448639392852783,563.0569458007812,1,MWI,1997,IHS-I,GPWG,N,c,0,1,0,0,1997,0,1997.83
7.726333141326904,434.7526550292969,1,MWI,1997,IHS-I,GPWG,N,c,0,1,0,0,1997,0,1997.83
1.2923270463943481,1916.595458984375,1,MWI,1997,IHS-I,GPWG,N,c,0,1,0,0,1997,0,1997.83
2.1608328819274902,631.9783935546875,1,MWI,1997,IHS-I,GPWG,N,c,0,1,0,0,1997,0,1997.83
3.2321996688842773,1165.269775390625,1,MWI,1997,IHS-I,GPWG,N,c,0,1,0,0,1997,0,1997.83
1.6864930391311646,1573.4915771484375,1,MWI,1997,IHS-I,GPWG,N,c,0,1,0,0,1997,0,1997.83
1.7267032861709595,2299.54150390625,1,MWI,1997,IHS-I,GPWG,N,c,0,1,0,0,1997,0,1997.83
1.488723874092102,434.7526550292969,1,MWI,1997,IHS-I,GPWG,N,c,0,1,0,0,1997,0,1997.83
2.338282346725464,810.915283203125,1,MWI,1997,IHS-I,GPWG,N,c,0,1,0,0,1997,0,1997.83
2.420868396759033,689.8624877929688,1,MWI,1997,IHS-I,GPWG,N,c,0,1,0,0,1997,0,1997.83
1.374098777770996,648.7322387695312,1,MWI,1997,IHS-I,GPWG,N,c,0,1,0,0,1997,0,1997.83
0.8561607599258423,2874.89306640625,1,MWI,1997,IHS-I,GPWG,N,c,0,1,0,0,1997,0,1997.83
1.6204439401626587,1053.2972412109375,1,MWI,1997,IHS-I,GPWG,N,c,0,1,0,0,1997,0,1997.83
4.151742935180664,783.184814453125,1,MWI,1997,IHS-I,GPWG,N,c,0,1,0,0,1997,0,1997.83
2.3444085121154785,927.1965942382812,1,MWI,1997,IHS-I,GPWG,N,c,0,1,0,0,1997,0,1997.83
3.1129817962646484,580.860107421875,1,MWI,1997,IHS-I,GPWG,N,c,0,1,0,0,1997,0,1997.83
5.044884204864502,1305.30810546875,1,MWI,1997,IHS-I,GPWG,N,c,0,1,0,0,1997,0,1997.83
2.9020962715148926,561.665283203125,1,MWI,1997,IHS-I,GPWG,N,c,0,1,0,0,1997,0,1997.83
1.728014349937439,387.2400817871094,1,MWI,1997,IHS-I,GPWG,N,c,0,1,0,0,1997,0,1997.83
4.455292224884033,445.1999816894531,1,MWI,1997,IHS-I,GPWG,N,c,0,1,0,0,1997,0,1997.83
1.7522802352905273,606.9550170898438,1,MWI,1997,IHS-I,GPWG,N,c,0,1,0,0,1997,0,1997.83
3.5029542446136475,695.3974609375,1,MWI,1997,IHS-I,GPWG,N,c,0,1,0,0,1997,0,1997.83
2.0035512447357178,455.21624755859375,1,MWI,1997,IHS-I,GPWG,N,c,0,1,0,0,1997,0,1997.83
1.5091650485992432,696.7578735351562,1,MWI,1997,IHS-I,GPWG,N,c,0,1,0,0,1997,0,1997.83
1.7945313453674316,958.2977294921875,1,MWI,1997,IHS-I,GPWG,N,c,0,1,0,0,1997,0,1997.83
1.8347868919372559,1086.881591796875,1,MWI,1997,IHS-I,GPWG,N,c,0,1,0,0,1997,0,1997.83
0.6468594074249268,1365.6488037109375,1,MWI,1997,IHS-I,GPWG,N,c,0,1,0,0,1997,0,1997.83
1.9591845273971558,561.665283203125,1,MWI,1997,IHS-I,GPWG,N,c,0,1,0,0,1997,0,1997.83
2.3572487831115723,169.412353515625,1,MWI,1997,IHS-I,GPWG,N,c,0,1,0,0,1997,0,1997.83
1.5574296712875366,748.8870239257812,1,MWI,1997,IHS-I,GPWG,N,c,0,1,0,0,1997,0,1997.83
2.323687791824341,342.1363525390625,1,MWI,1997,IHS-I,GPWG,N,c,0,1,0,0,1997,0,1997.83
1.7562934160232544,1126.1138916015625,1,MWI,1997,IHS-I,GPWG,N,c,0,1,0,0,1997,0,1997.83
1.6345939636230469,1521.63427734375,1,MWI,1997,IHS-I,GPWG,N,c,0,1,0,0,1997,0,1997.83
2.830333948135376,632.2781372070312,1,MWI,1997,IHS-I,GPWG,N,c,0,1,0,0,1997,0,1997.83
1.0647250413894653,1876.8565673828125,1,MWI,1997,IHS-I,GPWG,N,c,0,1,0,0,1997,0,1997.83
1.02266263961792,842.6378173828125,1,MWI,1997,IHS-I,GPWG,N,c,0,1,0,0,1997,0,1997.83
0.8302665948867798,1474.6162109375,1,MWI,1997,IHS-I,GPWG,N,c,0,1,0,0,1997,0,1997.83
2.663741111755371,445.1999816894531,1,MWI,1997,IHS-I,GPWG,N,c,0,1,0,0,1997,0,1997.83
3.9119420051574707,259.375,1,MWI,1997,IHS-I,GPWG,N,c,0,1,0,0,1997,0,1997.83
2.690671682357788,342.1363525390625,1,MWI,1997,IHS-I,GPWG,N,c,0,1,0,0,1997,0,1997.83
2.348375082015991,1517.3875732421875,1,MWI,1997,IHS-I,GPWG,N,c,0,1,0,0,1997,0,1997.83
1.9057711362838745,891.6226196289062,1,MWI,1997,IHS-I,GPWG,N,c,0,1,0,0,1997,0,1997.83
1.807403564453125,1256.50341796875,1,MWI,1997,IHS-I,GPWG,N,c,0,1,0,0,1997,0,1997.83
1.4602727890014648,455.21624755859375,1,MWI,1997,IHS-I,GPWG,N,c,0,1,0,0,1997,0,1997.83
0.37595313787460327,1263.956787109375,1,MWI,1997,IHS-I,GPWG,N,c,0,1,0,0,1997,0,1997.83
32.03839874267578,1566.36962890625,1,MWI,1997,IHS-I,GPWG,N,c,0,1,0,0,1997,0,1997.83
1.6390976905822754,486.5491943359375,1,MWI,1997,IHS-I,GPWG,N,c,0,1,0,0,1997,0,1997.83
1.7343517541885376,1016.47412109375,1,MWI,1997,IHS-I,GPWG,N,c,0,1,0,0,1997,0,1997.83
1.3387809991836548,2950.63134765625,1,MWI,1997,IHS-I,GPWG,N,c,0,1,0,0,1997,0,1997.83
5.444124698638916,632.2781372070312,1,MWI,1997,IHS-I,GPWG,N,c,0,1,0,0,1997,0,1997.83
1.9865742921829224,3608.0,1,MWI,1997,IHS-I,GPWG,N,c,0,1,0,0,1997,0,1997.83
9.585139274597168,652.1289672851562,1,MWI,1997,IHS-I,GPWG,N,c,0,1,0,0,1997,0,1997.83
0.6793214678764343,929.010498046875,1,MWI,1997,IHS-I,GPWG,N,c,0,1,0,0,1997,0,1997.83
1.5175538063049316,387.2400817871094,1,MWI,1997,IHS-I,GPWG,N,c,0,1,0,0,1997,0,1997.83
1.2839539051055908,2164.010009765625,1,MWI,1997,IHS-I,GPWG,N,c,0,1,0,0,1997,0,1997.83
3.054201602935791,786.7457885742188,1,MWI,1997,IHS-I,GPWG,N,c,0,1,0,0,1997,0,1997.83
1.7902804613113403,847.061767578125,1,MWI,1997,IHS-I,GPWG,N,c,0,1,0,0,1997,0,1997.83
0.500962495803833,812.8841552734375,1,MWI,1997,IHS-I,GPWG,N,c,0,1,0,0,1997,0,1997.83
0.6144210696220398,1759.1048583984375,1,MWI,1997,IHS-I,GPWG,N,c,0,1,0,0,1997,0,1997.83
1.2767339944839478,1123.33056640625,1,MWI,1997,IHS-I,GPWG,N,c,0,1,0,0,1997,0,1997.83
4.939009189605713,151.02127075195312,1,MWI,1997,IHS-I,GPWG,N,c,0,1,0,0,1997,0,1997.83
6.000951290130615,187.68565368652344,1,MWI,1997,IHS-I,GPWG,N,c,0,1,0,0,1997,0,1997.83
1.7053560018539429,2391.1396484375,1,MWI,1997,IHS-I,GPWG,N,c,0,1,0,0,1997,0,1997.83
2.9912962913513184,869.5053100585938,1,MWI,1997,IHS-I,GPWG,N,c,0,1,0,0,1997,0,1997.83
1.2960370779037476,1123.33056640625,1,MWI,1997,IHS-I,GPWG,N,c,0,1,0,0,1997,0,1997.83
1.8940398693084717,1053.2972412109375,1,MWI,1997,IHS-I,GPWG,N,c,0,1,0,0,1997,0,1997.83
1.6504276990890503,2880.010009765625,1,MWI,1997,IHS-I,GPWG,N,c,0,1,0,0,1997,0,1997.83
1.9746119976043701,1165.269775390625,1,MWI,1997,IHS-I,GPWG,N,c,0,1,0,0,1997,0,1997.83
1.6942377090454102,810.915283203125,1,MWI,1997,IHS-I,GPWG,N,c,0,1,0,0,1997,0,1997.83
1.9543201923370361,2332.70849609375,1,MWI,1997,IHS-I,GPWG,N,c,0,1,0,0,1997,0,1997.83
0.5705782771110535,843.0375366210938,1,MWI,1997,IHS-I,GPWG,N,c,0,1,0,0,1997,0,1997.83
1.0419641733169556,1185.886474609375,1,MWI,1997,IHS-I,GPWG,N,c,0,1,0,0,1997,0,1997.83
1.5526666641235352,1815.625,1,MWI,1997,IHS-I,GPWG,N,c,0,1,0,0,1997,0,1997.83
1.9749895334243774,677.6494140625,1,MWI,1997,IHS-I,GPWG,N,c,0,1,0,0,1997,0,1997.83
2.484525680541992,1553.6929931640625,1,MWI,1997,IHS-I,GPWG,N,c,0,1,0,0,1997,0,1997.83
2.3610680103302,890.3999633789062,1,MWI,1997,IHS-I,GPWG,N,c,0,1,0,0,1997,0,1997.83
3.260666608810425,958.2977294921875,1,MWI,1997,IHS-I,GPWG,N,c,0,1,0,0,1997,0,1997.83
3.922037363052368,590.059326171875,1,MWI,1997,IHS-I,GPWG,N,c,0,1,0,0,1997,0,1997.83
2.574664831161499,2173.76318359375,1,MWI,1997,IHS-I,GPWG,N,c,0,1,0,0,1997,0,1997.83
2.508450984954834,758.6937866210938,1,MWI,1997,IHS-I,GPWG,N,c,0,1,0,0,1997,0,1997.83
1.2297369241714478,1956.386962890625,1,MWI,1997,IHS-I,GPWG,N,c,0,1,0,0,1997,0,1997.83
6.270806789398193,119.00847625732422,1,MWI,1997,IHS-I,GPWG,N,c,0,1,0,0,1997,0,1997.83
2.500020742416382,541.0025024414062,1,MWI,1997,IHS-I,GPWG,N,c,0,1,0,0,1997,0,1997.83
1.748975396156311,958.2977294921875,1,MWI,1997,IHS-I,GPWG,N,c,0,1,0,0,1997,0,1997.83
0.9554732441902161,1555.138916015625,1,MWI,1997,IHS-I,GPWG,N,c,0,1,0,0,1997,0,1997.83
2.155672550201416,668.7169799804688,1,MWI,1997,IHS-I,GPWG,N,c,0,1,0,0,1997,0,1997.83
1.4822384119033813,1082.0050048828125,1,MWI,1997,IHS-I,GPWG,N,c,0,1,0,0,1997,0,1997.83
2.56998610496521,695.3974609375,1,MWI,1997,IHS-I,GPWG,N,c,0,1,0,0,1997,0,1997.83
12.165284156799316,1379.7249755859375,1,MWI,1997,IHS-I,GPWG,N,c,0,1,0,0,1997,0,1997.83
2.1127030849456787,927.1965942382812,1,MWI,1997,IHS-I,GPWG,N,c,0,1,0,0,1997,0,1997.83
9.700217247009277,1044.2464599609375,1,MWI,1997,IHS-I,GPWG,N,c,0,1,0,0,1997,0,1997.83
3.613847017288208,689.8624877929688,1,MWI,1997,IHS-I,GPWG,N,c,0,1,0,0,1997,0,1997.83
3.0679495334625244,210.75938415527344,1,MWI,1997,IHS-I,GPWG,N,c,0,1,0,0,1997,0,1997.83
1.5111087560653687,1337.4339599609375,1,MWI,1997,IHS-I,GPWG,N,c,0,1,0,0,1997,0,1997.83
3.474846124649048,891.6226196289062,1,MWI,1997,IHS-I,GPWG,N,c,0,1,0,0,1997,0,1997.83
0.7440342307090759,2010.405517578125,1,MWI,1997,IHS-I,GPWG,N,c,0,1,0,0,1997,0,1997.83
1.3706570863723755,2073.5185546875,1,MWI,1997,IHS-I,GPWG,N,c,0,1,0,0,1997,0,1997.83
4.18800687789917,580.860107421875,1,MWI,1997,IHS-I,GPWG,N,c,0,1,0,0,1997,0,1997.83
1.3074575662612915,1560.339599609375,1,MWI,1997,IHS-I,GPWG,N,c,0,1,0,0,1997,0,1997.83
3.676954984664917,696.7578735351562,1,MWI,1997,IHS-I,GPWG,N,c,0,1,0,0,1997,0,1997.83
2.9360251426696777,668.7169799804688,1,MWI,1997,IHS-I,GPWG,N,c,0,1,0,0,1997,0,1997.83
3.1399245262145996,187.2217559814453,1,MWI,1997,IHS-I,GPWG,N,c,0,1,0,0,1997,0,1997.83
1.7300140857696533,1390.794921875,1,MWI,1997,IHS-I,GPWG,N,c,0,1,0,0,1997,0,1997.83
3.2899086475372314,590.059326171875,1,MWI,1997,IHS-I,GPWG,N,c,0,1,0,0,1997,0,1997.83
1.2351958751678467,1475.315673828125,1,MWI,1997,IHS-I,GPWG,N,c,0,1,0,0,1997,0,1997.83
1.3435287475585938,1507.80419921875,1,MWI,1997,IHS-I,GPWG,N,c,0,1,0,0,1997,0,1997.83
2.5852344036102295,508.237060546875,1,MWI,1997,IHS-I,GPWG,N,c,0,1,0,0,1997,0,1997.83
2.8094630241394043,778.125,1,MWI,1997,IHS-I,GPWG,N,c,0,1,0,0,1997,0,1997.83
1.017432689666748,1355.34033203125,1,MWI,1997,IHS-I,GPWG,N,c,0,1,0,0,1997,0,1997.83
1.762572169303894,1005.2027587890625,1,MWI,1997,IHS-I,GPWG,N,c,0,1,0,0,1997,0,1997.83
1.6721473932266235,632.2781372070312,1,MWI,1997,IHS-I,GPWG,N,c,0,1,0,0,1997,0,1997.83
1.6230233907699585,455.21624755859375,1,MWI,1997,IHS-I,GPWG,N,c,0,1,0,0,1997,0,1997.83
4.37688684463501,890.3999633789062,1,MWI,1997,IHS-I,GPWG,N,c,0,1,0,0,1997,0,1997.83
0.9939146041870117,1037.5,1,MWI,1997,IHS-I,GPWG,N,c,0,1,0,0,1997,0,1997.83
2.02569317817688,1158.9957275390625,1,MWI,1997,IHS-I,GPWG,N,c,0,1,0,0,1997,0,1997.83
1.6749159097671509,486.5491943359375,1,MWI,1997,IHS-I,GPWG,N,c,0,1,0,0,1997,0,1997.83
8.731953620910645,151.02127075195312,1,MWI,1997,IHS-I,GPWG,N,c,0,1,0,0,1997,0,1997.83
2.5017611980438232,689.8624877929688,1,MWI,1997,IHS-I,GPWG,N,c,0,1,0,0,1997,0,1997.83
0.8073655962944031,1256.50341796875,1,MWI,1997,IHS-I,GPWG,N,c,0,1,0,0,1997,0,1997.83
5.5480170249938965,463.5982971191406,1,MWI,1997,IHS-I,GPWG,N,c,0,1,0,0,1997,0,1997.83
1.3816311359405518,968.1002197265625,1,MWI,1997,IHS-I,GPWG,N,c,0,1,0,0,1997,0,1997.83
2.297455072402954,1313.799560546875,1,MWI,1997,IHS-I,GPWG,N,c,0,1,0,0,1997,0,1997.83
0.720099687576294,1355.298828125,1,MWI,1997,IHS-I,GPWG,N,c,0,1,0,0,1997,0,1997.83
1.6170122623443604,632.2781372070312,1,MWI,1997,IHS-I,GPWG,N,c,0,1,0,0,1997,0,1997.83
1.5134947299957275,1815.625,1,MWI,1997,IHS-I,GPWG,N,c,0,1,0,0,1997,0,1997.83
4.308936595916748,210.65945434570312,1,MWI,1997,IHS-I,GPWG,N,c,0,1,0,0,1997,0,1997.83
2.094743490219116,486.5491943359375,1,MWI,1997,IHS-I,GPWG,N,c,0,1,0,0,1997,0,1997.83
2.6143572330474854,508.237060546875,1,MWI,1997,IHS-I,GPWG,N,c,0,1,0,0,1997,0,1997.83
0.5088962912559509,1264.5562744140625,1,MWI,1997,IHS-I,GPWG,N,c,0,1,0,0,1997,0,1997.83
2.119692087173462,455.21624755859375,1,MWI,1997,IHS-I,GPWG,N,c,0,1,0,0,1997,0,1997.83
0.3972095847129822,1355.34033203125,1,MWI,1997,IHS-I,GPWG,N,c,0,1,0,0,1997,0,1997.83
5.033095836639404,1037.5,1,MWI,1997,IHS-I,GPWG,N,c,0,1,0,0,1997,0,1997.83
1.618903398513794,3107.385986328125,1,MWI,1997,IHS-I,GPWG,N,c,0,1,0,0,1997,0,1997.83
1.4549823999404907,1086.881591796875,1,MWI,1997,IHS-I,GPWG,N,c,0,1,0,0,1997,0,1997.83
1.0121138095855713,632.2781372070312,1,MWI,1997,IHS-I,GPWG,N,c,0,1,0,0,1997,0,1997.83
6.758395195007324,1305.30810546875,1,MWI,1997,IHS-I,GPWG,N,c,0,1,0,0,1997,0,1997.83
4.92142391204834,580.860107421875,1,MWI,1997,IHS-I,GPWG,N,c,0,1,0,0,1997,0,1997.83
1.8199448585510254,2513.0068359375,1,MWI,1997,IHS-I,GPWG,N,c,0,1,0,0,1997,0,1997.83
1.2346253395080566,778.125,1,MWI,1997,IHS-I,GPWG,N,c,0,1,0,0,1997,0,1997.83
1.8299713134765625,891.6226196289062,1,MWI,1997,IHS-I,GPWG,N,c,0,1,0,0,1997,0,1997.83
2.0841565132141113,1256.50341796875,1,MWI,1997,IHS-I,GPWG,N,c,0,1,0,0,1997,0,1997.83
0.9390285611152649,1863.535888671875,1,MWI,1997,IHS-I,GPWG,N,c,0,1,0,0,1997,0,1997.83
4.389510631561279,593.5999755859375,1,MWI,1997,IHS-I,GPWG,N,c,0,1,0,0,1997,0,1997.83
1.511010766029358,1390.794921875,1,MWI,1997,IHS-I,GPWG,N,c,0,1,0,0,1997,0,1997.83
4.548417091369629,375.3713073730469,1,MWI,1997,IHS-I,GPWG,N,c,0,1,0,0,1997,0,1997.83
0.5157859325408936,1263.956787109375,1,MWI,1997,IHS-I,GPWG,N,c,0,1,0,0,1997,0,1997.83
2.948030471801758,2173.76318359375,1,MWI,1997,IHS-I,GPWG,N,c,0,1,0,0,1997,0,1997.83
1.9751791954040527,1165.269775390625,1,MWI,1997,IHS-I,GPWG,N,c,0,1,0,0,1997,0,1997.83
2.7511508464813232,810.915283203125,1,MWI,1997,IHS-I,GPWG,N,c,0,1,0,0,1997,0,1997.83
0.6662328243255615,696.7578735351562,1,MWI,1997,IHS-I,GPWG,N,c,0,1,0,0,1997,0,1997.83
1.5318886041641235,786.7457885742188,1,MWI,1997,IHS-I,GPWG,N,c,0,1,0,0,1997,0,1997.83
5.558557033538818,677.6494140625,1,MWI,1997,IHS-I,GPWG,N,c,0,1,0,0,1997,0,1997.83
1.391586184501648,508.237060546875,1,MWI,1997,IHS-I,GPWG,N,c,0,1,0,0,1997,0,1997.83
0.8938802480697632,3107.385986328125,1,MWI,1997,IHS-I,GPWG,N,c,0,1,0,0,1997,0,1997.83
1.7290821075439453,632.2781372070312,1,MWI,1997,IHS-I,GPWG,N,c,0,1,0,0,1997,0,1997.83
2.9400813579559326,421.5187683105469,1,MWI,1997,IHS-I,GPWG,N,c,0,1,0,0,1997,0,1997.83
1.9630770683288574,421.31890869140625,1,MWI,1997,IHS-I,GPWG,N,c,0,1,0,0,1997,0,1997.83
1.4514127969741821,2317.25390625,1,MWI,1997,IHS-I,GPWG,N,c,0,1,0,0,1997,0,1997.83
3.8562357425689697,1042.121337890625,1,MWI,1997,IHS-I,GPWG,N,c,0,1,0,0,1997,0,1997.83
1.9846460819244385,580.860107421875,1,MWI,1997,IHS-I,GPWG,N,c,0,1,0,0,1997,0,1997.83
0.8491224050521851,910.4324951171875,1,MWI,1997,IHS-I,GPWG,N,c,0,1,0,0,1997,0,1997.83
1.4066975116729736,580.860107421875,1,MWI,1997,IHS-I,GPWG,N,c,0,1,0,0,1997,0,1997.83
3.155701160430908,446.6234436035156,1,MWI,1997,IHS-I,GPWG,N,c,0,1,0,0,1997,0,1997.83
1.013018012046814,1045.1368408203125,1,MWI,1997,IHS-I,GPWG,N,c,0,1,0,0,1997,0,1997.83
4.6675848960876465,148.39999389648438,1,MWI,1997,IHS-I,GPWG,N,c,0,1,0,0,1997,0,1997.83
0.8659685850143433,1297.4644775390625,1,MWI,1997,IHS-I,GPWG,N,c,0,1,0,0,1997,0,1997.83
1.4759578704833984,842.6378173828125,1,MWI,1997,IHS-I,GPWG,N,c,0,1,0,0,1997,0,1997.83
2.859834909439087,187.68565368652344,1,MWI,1997,IHS-I,GPWG,N,c,0,1,0,0,1997,0,1997.83
2.7123360633850098,753.902099609375,1,MWI,1997,IHS-I,GPWG,N,c,0,1,0,0,1997,0,1997.83
2.292417526245117,1044.2464599609375,1,MWI,1997,IHS-I,GPWG,N,c,0,1,0,0,1997,0,1997.83
1.4688187837600708,842.6378173828125,1,MWI,1997,IHS-I,GPWG,N,c,0,1,0,0,1997,0,1997.83
2.1957571506500244,842.6378173828125,1,MWI,1997,IHS-I,GPWG,N,c,0,1,0,0,1997,0,1997.83
1.1646521091461182,812.8841552734375,1,MWI,1997,IHS-I,GPWG,N,c,0,1,0,0,1997,0,1997.83
2.3033111095428467,1086.881591796875,1,MWI,1997,IHS-I,GPWG,N,c,0,1,0,0,1997,0,1997.83
1.8758740425109863,1180.11865234375,1,MWI,1997,IHS-I,GPWG,N,c,0,1,0,0,1997,0,1997.83
2.695213794708252,776.8464965820312,1,MWI,1997,IHS-I,GPWG,N,c,0,1,0,0,1997,0,1997.83
4.851860046386719,593.5999755859375,1,MWI,1997,IHS-I,GPWG,N,c,0,1,0,0,1997,0,1997.83
1.1928519010543823,1524.711181640625,1,MWI,1997,IHS-I,GPWG,N,c,0,1,0,0,1997,0,1997.83
1.2767964601516724,2874.89306640625,1,MWI,1997,IHS-I,GPWG,N,c,0,1,0,0,1997,0,1997.83
1.6325005292892456,668.7169799804688,1,MWI,1997,IHS-I,GPWG,N,c,0,1,0,0,1997,0,1997.83
4.920544624328613,1044.2464599609375,1,MWI,1997,IHS-I,GPWG,N,c,0,1,0,0,1997,0,1997.83
2.7809035778045654,842.6378173828125,1,MWI,1997,IHS-I,GPWG,N,c,0,1,0,0,1997,0,1997.83
10.540861129760742,958.2977294921875,1,MWI,1997,IHS-I,GPWG,N,c,0,1,0,0,1997,0,1997.83
12.789555549621582,1770.177978515625,1,MWI,1997,IHS-I,GPWG,N,c,0,1,0,0,1997,0,1997.83
4.997863292694092,590.059326171875,1,MWI,1997,IHS-I,GPWG,N,c,0,1,0,0,1997,0,1997.83
1.7350022792816162,1437.446533203125,1,MWI,1997,IHS-I,GPWG,N,c,0,1,0,0,1997,0,1997.83
1.95713472366333,1521.63427734375,1,MWI,1997,IHS-I,GPWG,N,c,0,1,0,0,1997,0,1997.83
2.9522433280944824,456.18182373046875,1,MWI,1997,IHS-I,GPWG,N,c,0,1,0,0,1997,0,1997.83
8.432109832763672,595.4979248046875,1,MWI,1997,IHS-I,GPWG,N,c,0,1,0,0,1997,0,1997.83
1.0853520631790161,1623.007568359375,1,MWI,1997,IHS-I,GPWG,N,c,0,1,0,0,1997,0,1997.83
1.112343668937683,1296.875,1,MWI,1997,IHS-I,GPWG,N,c,0,1,0,0,1997,0,1997.83
1.8089861869812012,2718.962646484375,1,MWI,1997,IHS-I,GPWG,N,c,0,1,0,0,1997,0,1997.83
1.5887092351913452,1213.9100341796875,1,MWI,1997,IHS-I,GPWG,N,c,0,1,0,0,1997,0,1997.83
2.6626622676849365,446.6234436035156,1,MWI,1997,IHS-I,GPWG,N,c,0,1,0,0,1997,0,1997.83
124.99189758300781,196.6864471435547,1,MWI,1997,IHS-I,GPWG,N,c,0,1,0,0,1997,0,1997.83
1.2540425062179565,847.061767578125,1,MWI,1997,IHS-I,GPWG,N,c,0,1,0,0,1997,0,1997.83
1.769798994064331,632.2781372070312,1,MWI,1997,IHS-I,GPWG,N,c,0,1,0,0,1997,0,1997.83
4.811553478240967,148.39999389648438,1,MWI,1997,IHS-I,GPWG,N,c,0,1,0,0,1997,0,1997.83
2.0078604221343994,696.7578735351562,1,MWI,1997,IHS-I,GPWG,N,c,0,1,0,0,1997,0,1997.83
0.5798733234405518,812.8841552734375,1,MWI,1997,IHS-I,GPWG,N,c,0,1,0,0,1997,0,1997.83
2.6561660766601562,1182.824951171875,1,MWI,1997,IHS-I,GPWG,N,c,0,1,0,0,1997,0,1997.83
2.1828126907348633,502.60137939453125,1,MWI,1997,IHS-I,GPWG,N,c,0,1,0,0,1997,0,1997.83
2.9790589809417725,456.18182373046875,1,MWI,1997,IHS-I,GPWG,N,c,0,1,0,0,1997,0,1997.83
1.5087801218032837,1390.794921875,1,MWI,1997,IHS-I,GPWG,N,c,0,1,0,0,1997,0,1997.83
1.8481076955795288,561.665283203125,1,MWI,1997,IHS-I,GPWG,N,c,0,1,0,0,1997,0,1997.83
1.1258796453475952,580.860107421875,1,MWI,1997,IHS-I,GPWG,N,c,0,1,0,0,1997,0,1997.83
6.141695976257324,75.51063537597656,1,MWI,1997,IHS-I,GPWG,N,c,0,1,0,0,1997,0,1997.83
2.0578134059906006,116.12631225585938,1,MWI,1997,IHS-I,GPWG,N,c,0,1,0,0,1997,0,1997.83
7.272254943847656,261.0616149902344,1,MWI,1997,IHS-I,GPWG,N,c,0,1,0,0,1997,0,1997.83
9.94692611694336,434.7526550292969,1,MWI,1997,IHS-I,GPWG,N,c,0,1,0,0,1997,0,1997.83
2.5454437732696533,910.4324951171875,1,MWI,1997,IHS-I,GPWG,N,c,0,1,0,0,1997,0,1997.83
1.7439610958099365,1739.0106201171875,1,MWI,1997,IHS-I,GPWG,N,c,0,1,0,0,1997,0,1997.83
1.2649478912353516,387.2400817871094,1,MWI,1997,IHS-I,GPWG,N,c,0,1,0,0,1997,0,1997.83
1.3672479391098022,455.21624755859375,1,MWI,1997,IHS-I,GPWG,N,c,0,1,0,0,1997,0,1997.83
1.0097920894622803,696.7578735351562,1,MWI,1997,IHS-I,GPWG,N,c,0,1,0,0,1997,0,1997.83
2.5120062828063965,1313.799560546875,1,MWI,1997,IHS-I,GPWG,N,c,0,1,0,0,1997,0,1997.83
2.1469078063964844,652.1289672851562,1,MWI,1997,IHS-I,GPWG,N,c,0,1,0,0,1997,0,1997.83
1.4680168628692627,890.3999633789062,1,MWI,1997,IHS-I,GPWG,N,c,0,1,0,0,1997,0,1997.83
72.2418212890625,1180.11865234375,1,MWI,1997,IHS-I,GPWG,N,c,0,1,0,0,1997,0,1997.83
1.47468101978302,1739.0106201171875,1,MWI,1997,IHS-I,GPWG,N,c,0,1,0,0,1997,0,1997.83
1.5756336450576782,912.3636474609375,1,MWI,1997,IHS-I,GPWG,N,c,0,1,0,0,1997,0,1997.83
1.985887885093689,421.5187683105469,1,MWI,1997,IHS-I,GPWG,N,c,0,1,0,0,1997,0,1997.83
1.306923747062683,847.061767578125,1,MWI,1997,IHS-I,GPWG,N,c,0,1,0,0,1997,0,1997.83
1.1874204874038696,1053.796875,1,MWI,1997,IHS-I,GPWG,N,c,0,1,0,0,1997,0,1997.83
1.6528651714324951,1815.625,1,MWI,1997,IHS-I,GPWG,N,c,0,1,0,0,1997,0,1997.83
1.1488529443740845,1036.75927734375,1,MWI,1997,IHS-I,GPWG,N,c,0,1,0,0,1997,0,1997.83
2.1595709323883057,563.0569458007812,1,MWI,1997,IHS-I,GPWG,N,c,0,1,0,0,1997,0,1997.83
1.4453165531158447,1577.0999755859375,1,MWI,1997,IHS-I,GPWG,N,c,0,1,0,0,1997,0,1997.83
2.60920786857605,652.1289672851562,1,MWI,1997,IHS-I,GPWG,N,c,0,1,0,0,1997,0,1997.83
2.0089292526245117,2391.1396484375,1,MWI,1997,IHS-I,GPWG,N,c,0,1,0,0,1997,0,1997.83
0.5249881744384766,1355.34033203125,1,MWI,1997,IHS-I,GPWG,N,c,0,1,0,0,1997,0,1997.83
2.126561164855957,421.31890869140625,1,MWI,1997,IHS-I,GPWG,N,c,0,1,0,0,1997,0,1997.83
2.23296856880188,541.0025024414062,1,MWI,1997,IHS-I,GPWG,N,c,0,1,0,0,1997,0,1997.83
4.668867111206055,938.4282836914062,1,MWI,1997,IHS-I,GPWG,N,c,0,1,0,0,1997,0,1997.83
1.5609787702560425,1739.0106201171875,1,MWI,1997,IHS-I,GPWG,N,c,0,1,0,0,1997,0,1997.83
3.4649477005004883,162.1830596923828,1,MWI,1997,IHS-I,GPWG,N,c,0,1,0,0,1997,0,1997.83
2.2477757930755615,259.1898193359375,1,MWI,1997,IHS-I,GPWG,N,c,0,1,0,0,1997,0,1997.83
1.4984949827194214,563.0569458007812,1,MWI,1997,IHS-I,GPWG,N,c,0,1,0,0,1997,0,1997.83
1.1457700729370117,631.9783935546875,1,MWI,1997,IHS-I,GPWG,N,c,0,1,0,0,1997,0,1997.83
2.0301644802093506,2259.64013671875,1,MWI,1997,IHS-I,GPWG,N,c,0,1,0,0,1997,0,1997.83
1.7083475589752197,810.915283203125,1,MWI,1997,IHS-I,GPWG,N,c,0,1,0,0,1997,0,1997.83
3.40507173538208,561.665283203125,1,MWI,1997,IHS-I,GPWG,N,c,0,1,0,0,1997,0,1997.83
5.033860683441162,421.5187683105469,1,MWI,1997,IHS-I,GPWG,N,c,0,1,0,0,1997,0,1997.83
4.349359035491943,1149.770751953125,1,MWI,1997,IHS-I,GPWG,N,c,0,1,0,0,1997,0,1997.83
2.120712995529175,1149.770751953125,1,MWI,1997,IHS-I,GPWG,N,c,0,1,0,0,1997,0,1997.83
6.036793231964111,590.059326171875,1,MWI,1997,IHS-I,GPWG,N,c,0,1,0,0,1997,0,1997.83
1.6430180072784424,1256.50341796875,1,MWI,1997,IHS-I,GPWG,N,c,0,1,0,0,1997,0,1997.83
1.1090785264968872,1053.2972412109375,1,MWI,1997,IHS-I,GPWG,N,c,0,1,0,0,1997,0,1997.83
1.1578216552734375,1895.93505859375,1,MWI,1997,IHS-I,GPWG,N,c,0,1,0,0,1997,0,1997.83
1.463028907775879,2173.76318359375,1,MWI,1997,IHS-I,GPWG,N,c,0,1,0,0,1997,0,1997.83
1.1647272109985352,1313.799560546875,1,MWI,1997,IHS-I,GPWG,N,c,0,1,0,0,1997,0,1997.83
1.0757759809494019,2395.744384765625,1,MWI,1997,IHS-I,GPWG,N,c,0,1,0,0,1997,0,1997.83
13.117354393005371,453.0638122558594,1,MWI,1997,IHS-I,GPWG,N,c,0,1,0,0,1997,0,1997.83
2.1462855339050293,1916.595458984375,1,MWI,1997,IHS-I,GPWG,N,c,0,1,0,0,1997,0,1997.83
1.2719546556472778,1053.2972412109375,1,MWI,1997,IHS-I,GPWG,N,c,0,1,0,0,1997,0,1997.83
12.575870513916016,783.184814453125,1,MWI,1997,IHS-I,GPWG,N,c,0,1,0,0,1997,0,1997.83
2.1202070713043213,750.7426147460938,1,MWI,1997,IHS-I,GPWG,N,c,0,1,0,0,1997,0,1997.83
2.1201722621917725,753.21337890625,1,MWI,1997,IHS-I,GPWG,N,c,0,1,0,0,1997,0,1997.83
2.9479100704193115,445.8113098144531,1,MWI,1997,IHS-I,GPWG,N,c,0,1,0,0,1997,0,1997.83
1.976194143295288,387.2400817871094,1,MWI,1997,IHS-I,GPWG,N,c,0,1,0,0,1997,0,1997.83
2.2544026374816895,421.31890869140625,1,MWI,1997,IHS-I,GPWG,N,c,0,1,0,0,1997,0,1997.83
1.4948956966400146,968.1002197265625,1,MWI,1997,IHS-I,GPWG,N,c,0,1,0,0,1997,0,1997.83
6.076358318328857,1255.355712890625,1,MWI,1997,IHS-I,GPWG,N,c,0,1,0,0,1997,0,1997.83
1.177281141281128,1256.50341796875,1,MWI,1997,IHS-I,GPWG,N,c,0,1,0,0,1997,0,1997.83
6.830404281616211,231.7991485595703,1,MWI,1997,IHS-I,GPWG,N,c,0,1,0,0,1997,0,1997.83
2.3284008502960205,753.902099609375,1,MWI,1997,IHS-I,GPWG,N,c,0,1,0,0,1997,0,1997.83
2.173175096511841,750.7426147460938,1,MWI,1997,IHS-I,GPWG,N,c,0,1,0,0,1997,0,1997.83
1.3596960306167603,1437.446533203125,1,MWI,1997,IHS-I,GPWG,N,c,0,1,0,0,1997,0,1997.83
1.2856851816177368,348.3789367675781,1,MWI,1997,IHS-I,GPWG,N,c,0,1,0,0,1997,0,1997.83
1.2943867444992065,1437.446533203125,1,MWI,1997,IHS-I,GPWG,N,c,0,1,0,0,1997,0,1997.83
24.13712501525879,590.059326171875,1,MWI,1997,IHS-I,GPWG,N,c,0,1,0,0,1997,0,1997.83
1.1591209173202515,1304.2579345703125,1,MWI,1997,IHS-I,GPWG,N,c,0,1,0,0,1997,0,1997.83
11.36772632598877,196.6864471435547,1,MWI,1997,IHS-I,GPWG,N,c,0,1,0,0,1997,0,1997.83
3.1828598976135254,753.902099609375,1,MWI,1997,IHS-I,GPWG,N,c,0,1,0,0,1997,0,1997.83
1.9508662223815918,1005.2027587890625,1,MWI,1997,IHS-I,GPWG,N,c,0,1,0,0,1997,0,1997.83
1.665232539176941,1296.875,1,MWI,1997,IHS-I,GPWG,N,c,0,1,0,0,1997,0,1997.83
1.747018575668335,1016.47412109375,1,MWI,1997,IHS-I,GPWG,N,c,0,1,0,0,1997,0,1997.83
0.8049280643463135,1942.1162109375,1,MWI,1997,IHS-I,GPWG,N,c,0,1,0,0,1997,0,1997.83
2.8108153343200684,187.2217559814453,1,MWI,1997,IHS-I,GPWG,N,c,0,1,0,0,1997,0,1997.83
3.066178798675537,595.4979248046875,1,MWI,1997,IHS-I,GPWG,N,c,0,1,0,0,1997,0,1997.83
13.695647239685059,261.0616149902344,1,MWI,1997,IHS-I,GPWG,N,c,0,1,0,0,1997,0,1997.83
1.7719066143035889,338.82470703125,1,MWI,1997,IHS-I,GPWG,N,c,0,1,0,0,1997,0,1997.83
5.92929220199585,679.595703125,1,MWI,1997,IHS-I,GPWG,N,c,0,1,0,0,1997,0,1997.83
1.2807303667068481,1263.956787109375,1,MWI,1997,IHS-I,GPWG,N,c,0,1,0,0,1997,0,1997.83
0.6471399068832397,1082.0050048828125,1,MWI,1997,IHS-I,GPWG,N,c,0,1,0,0,1997,0,1997.83
0.9852944612503052,758.6937866210938,1,MWI,1997,IHS-I,GPWG,N,c,0,1,0,0,1997,0,1997.83
1.6071832180023193,1295.9490966796875,1,MWI,1997,IHS-I,GPWG,N,c,0,1,0,0,1997,0,1997.83
2.9880523681640625,1263.956787109375,1,MWI,1997,IHS-I,GPWG,N,c,0,1,0,0,1997,0,1997.83
2.546076774597168,541.0025024414062,1,MWI,1997,IHS-I,GPWG,N,c,0,1,0,0,1997,0,1997.83
1.5631859302520752,338.82470703125,1,MWI,1997,IHS-I,GPWG,N,c,0,1,0,0,1997,0,1997.83
2.7343339920043945,695.3974609375,1,MWI,1997,IHS-I,GPWG,N,c,0,1,0,0,1997,0,1997.83
0.5842455625534058,3107.385986328125,1,MWI,1997,IHS-I,GPWG,N,c,0,1,0,0,1997,0,1997.83
0.5694896578788757,843.0375366210938,1,MWI,1997,IHS-I,GPWG,N,c,0,1,0,0,1997,0,1997.83
5.700582027435303,231.7991485595703,1,MWI,1997,IHS-I,GPWG,N,c,0,1,0,0,1997,0,1997.83
1.8581523895263672,374.4435119628906,1,MWI,1997,IHS-I,GPWG,N,c,0,1,0,0,1997,0,1997.83
5.396437168121338,393.3728942871094,1,MWI,1997,IHS-I,GPWG,N,c,0,1,0,0,1997,0,1997.83
1.97379732131958,606.9550170898438,1,MWI,1997,IHS-I,GPWG,N,c,0,1,0,0,1997,0,1997.83
1.092199683189392,1475.315673828125,1,MWI,1997,IHS-I,GPWG,N,c,0,1,0,0,1997,0,1997.83
2.236377716064453,632.2781372070312,1,MWI,1997,IHS-I,GPWG,N,c,0,1,0,0,1997,0,1997.83
5.38856840133667,162.1830596923828,1,MWI,1997,IHS-I,GPWG,N,c,0,1,0,0,1997,0,1997.83
1.6152461767196655,1016.47412109375,1,MWI,1997,IHS-I,GPWG,N,c,0,1,0,0,1997,0,1997.83
3.333315849304199,1263.956787109375,1,MWI,1997,IHS-I,GPWG,N,c,0,1,0,0,1997,0,1997.83
1.8647576570510864,684.272705078125,1,MWI,1997,IHS-I,GPWG,N,c,0,1,0,0,1997,0,1997.83
37.804203033447266,196.6864471435547,1,MWI,1997,IHS-I,GPWG,N,c,0,1,0,0,1997,0,1997.83
1.3036015033721924,1555.138916015625,1,MWI,1997,IHS-I,GPWG,N,c,0,1,0,0,1997,0,1997.83
0.8390883803367615,1213.9100341796875,1,MWI,1997,IHS-I,GPWG,N,c,0,1,0,0,1997,0,1997.83
1.5256346464157104,696.7578735351562,1,MWI,1997,IHS-I,GPWG,N,c,0,1,0,0,1997,0,1997.83
2.0141873359680176,374.4435119628906,1,MWI,1997,IHS-I,GPWG,N,c,0,1,0,0,1997,0,1997.83
1.3877779245376587,973.098388671875,1,MWI,1997,IHS-I,GPWG,N,c,0,1,0,0,1997,0,1997.83
7.345191478729248,486.5491943359375,1,MWI,1997,IHS-I,GPWG,N,c,0,1,0,0,1997,0,1997.83
1.3114153146743774,748.8870239257812,1,MWI,1997,IHS-I,GPWG,N,c,0,1,0,0,1997,0,1997.83
1.8859435319900513,811.5037841796875,1,MWI,1997,IHS-I,GPWG,N,c,0,1,0,0,1997,0,1997.83
4.131119251251221,893.2468872070312,1,MWI,1997,IHS-I,GPWG,N,c,0,1,0,0,1997,0,1997.83
2.1102826595306396,1005.2027587890625,1,MWI,1997,IHS-I,GPWG,N,c,0,1,0,0,1997,0,1997.83
3.087639570236206,463.5982971191406,1,MWI,1997,IHS-I,GPWG,N,c,0,1,0,0,1997,0,1997.83
3.7137694358825684,753.902099609375,1,MWI,1997,IHS-I,GPWG,N,c,0,1,0,0,1997,0,1997.83
0.6616184115409851,2395.744384765625,1,MWI,1997,IHS-I,GPWG,N,c,0,1,0,0,1997,0,1997.83
5.766998767852783,303.4775085449219,1,MWI,1997,IHS-I,GPWG,N,c,0,1,0,0,1997,0,1997.83
2.289966344833374,1053.2972412109375,1,MWI,1997,IHS-I,GPWG,N,c,0,1,0,0,1997,0,1997.83
2.950594663619995,228.09091186523438,1,MWI,1997,IHS-I,GPWG,N,c,0,1,0,0,1997,0,1997.83
7.426526069641113,652.1289672851562,1,MWI,1997,IHS-I,GPWG,N,c,0,1,0,0,1997,0,1997.83
3.969754219055176,842.6378173828125,1,MWI,1997,IHS-I,GPWG,N,c,0,1,0,0,1997,0,1997.83
0.9835150837898254,1895.93505859375,1,MWI,1997,IHS-I,GPWG,N,c,0,1,0,0,1997,0,1997.83
1.3084251880645752,890.3999633789062,1,MWI,1997,IHS-I,GPWG,N,c,0,1,0,0,1997,0,1997.83
1.7581825256347656,1158.9957275390625,1,MWI,1997,IHS-I,GPWG,N,c,0,1,0,0,1997,0,1997.83
1.2569082975387573,2006.15087890625,1,MWI,1997,IHS-I,GPWG,N,c,0,1,0,0,1997,0,1997.83
1.136866569519043,2874.89306640625,1,MWI,1997,IHS-I,GPWG,N,c,0,1,0,0,1997,0,1997.83
2.3964364528656006,502.14227294921875,1,MWI,1997,IHS-I,GPWG,N,c,0,1,0,0,1997,0,1997.83
3.4845199584960938,632.2781372070312,1,MWI,1997,IHS-I,GPWG,N,c,0,1,0,0,1997,0,1997.83
1.5173676013946533,689.8624877929688,1,MWI,1997,IHS-I,GPWG,N,c,0,1,0,0,1997,0,1997.83
4.813610553741455,324.3661193847656,1,MWI,1997,IHS-I,GPWG,N,c,0,1,0,0,1997,0,1997.83
7.896088123321533,196.6864471435547,1,MWI,1997,IHS-I,GPWG,N,c,0,1,0,0,1997,0,1997.83
18.570287704467773,446.6234436035156,1,MWI,1997,IHS-I,GPWG,N,c,0,1,0,0,1997,0,1997.83
1.582974910736084,2064.542236328125,1,MWI,1997,IHS-I,GPWG,N,c,0,1,0,0,1997,0,1997.83
3.853668451309204,270.5012512207031,1,MWI,1997,IHS-I,GPWG,N,c,0,1,0,0,1997,0,1997.83
4.05528450012207,919.816650390625,1,MWI,1997,IHS-I,GPWG,N,c,0,1,0,0,1997,0,1997.83
1.7549694776535034,919.816650390625,1,MWI,1997,IHS-I,GPWG,N,c,0,1,0,0,1997,0,1997.83
2.2359085083007812,2395.744384765625,1,MWI,1997,IHS-I,GPWG,N,c,0,1,0,0,1997,0,1997.83
1.0285577774047852,3833.19091796875,1,MWI,1997,IHS-I,GPWG,N,c,0,1,0,0,1997,0,1997.83
4.251204967498779,210.75938415527344,1,MWI,1997,IHS-I,GPWG,N,c,0,1,0,0,1997,0,1997.83
3.3356916904449463,416.5296630859375,1,MWI,1997,IHS-I,GPWG,N,c,0,1,0,0,1997,0,1997.83
5.545496463775635,196.6864471435547,1,MWI,1997,IHS-I,GPWG,N,c,0,1,0,0,1997,0,1997.83
4.778843879699707,148.39999389648438,1,MWI,1997,IHS-I,GPWG,N,c,0,1,0,0,1997,0,1997.83
3.1580300331115723,1376.80517578125,1,MWI,1997,IHS-I,GPWG,N,c,0,1,0,0,1997,0,1997.83
1.6132432222366333,2395.744384765625,1,MWI,1997,IHS-I,GPWG,N,c,0,1,0,0,1997,0,1997.83
1.0203542709350586,1474.6162109375,1,MWI,1997,IHS-I,GPWG,N,c,0,1,0,0,1997,0,1997.83
1.4005695581436157,606.9550170898438,1,MWI,1997,IHS-I,GPWG,N,c,0,1,0,0,1997,0,1997.83
2.002927780151367,338.82470703125,1,MWI,1997,IHS-I,GPWG,N,c,0,1,0,0,1997,0,1997.83
2.6374318599700928,342.1363525390625,1,MWI,1997,IHS-I,GPWG,N,c,0,1,0,0,1997,0,1997.83
1.647114872932434,1335.5999755859375,1,MWI,1997,IHS-I,GPWG,N,c,0,1,0,0,1997,0,1997.83
2.0523288249969482,455.21624755859375,1,MWI,1997,IHS-I,GPWG,N,c,0,1,0,0,1997,0,1997.83
2.1653831005096436,648.7322387695312,1,MWI,1997,IHS-I,GPWG,N,c,0,1,0,0,1997,0,1997.83
1.3840388059616089,1053.796875,1,MWI,1997,IHS-I,GPWG,N,c,0,1,0,0,1997,0,1997.83
3.2840523719787598,296.79998779296875,1,MWI,1997,IHS-I,GPWG,N,c,0,1,0,0,1997,0,1997.83
1.1514028310775757,973.098388671875,1,MWI,1997,IHS-I,GPWG,N,c,0,1,0,0,1997,0,1997.83
1.87809157371521,1255.355712890625,1,MWI,1997,IHS-I,GPWG,N,c,0,1,0,0,1997,0,1997.83
1.3448158502578735,778.125,1,MWI,1997,IHS-I,GPWG,N,c,0,1,0,0,1997,0,1997.83
1.513405203819275,1437.446533203125,1,MWI,1997,IHS-I,GPWG,N,c,0,1,0,0,1997,0,1997.83
3.1226806640625,1086.881591796875,1,MWI,1997,IHS-I,GPWG,N,c,0,1,0,0,1997,0,1997.83
1.7664068937301636,758.6937866210938,1,MWI,1997,IHS-I,GPWG,N,c,0,1,0,0,1997,0,1997.83
6.774550437927246,522.1232299804688,1,MWI,1997,IHS-I,GPWG,N,c,0,1,0,0,1997,0,1997.83
19.806949615478516,1305.30810546875,1,MWI,1997,IHS-I,GPWG,N,c,0,1,0,0,1997,0,1997.83
3.8916757106781006,695.3974609375,1,MWI,1997,IHS-I,GPWG,N,c,0,1,0,0,1997,0,1997.83
1.3468035459518433,1026.4090576171875,1,MWI,1997,IHS-I,GPWG,N,c,0,1,0,0,1997,0,1997.83
6.8153767585754395,445.1999816894531,1,MWI,1997,IHS-I,GPWG,N,c,0,1,0,0,1997,0,1997.83
8.541854858398438,786.7457885742188,1,MWI,1997,IHS-I,GPWG,N,c,0,1,0,0,1997,0,1997.83
2.2358109951019287,434.7526550292969,1,MWI,1997,IHS-I,GPWG,N,c,0,1,0,0,1997,0,1997.83
5.01216983795166,196.6864471435547,1,MWI,1997,IHS-I,GPWG,N,c,0,1,0,0,1997,0,1997.83
0.7838966846466064,1045.1368408203125,1,MWI,1997,IHS-I,GPWG,N,c,0,1,0,0,1997,0,1997.83
1.8794976472854614,1016.47412109375,1,MWI,1997,IHS-I,GPWG,N,c,0,1,0,0,1997,0,1997.83
1.9663373231887817,421.5187683105469,1,MWI,1997,IHS-I,GPWG,N,c,0,1,0,0,1997,0,1997.83
1.3128457069396973,774.4801635742188,1,MWI,1997,IHS-I,GPWG,N,c,0,1,0,0,1997,0,1997.83
3.7287938594818115,1566.36962890625,1,MWI,1997,IHS-I,GPWG,N,c,0,1,0,0,1997,0,1997.83
1.671005368232727,570.227294921875,1,MWI,1997,IHS-I,GPWG,N,c,0,1,0,0,1997,0,1997.83
3.3543221950531006,679.595703125,1,MWI,1997,IHS-I,GPWG,N,c,0,1,0,0,1997,0,1997.83
42669.6328125,324.3661193847656,1,MWI,1997,IHS-I,GPWG,N,c,0,1,0,0,1997,0,1997.83
1.72880220413208,508.237060546875,1,MWI,1997,IHS-I,GPWG,N,c,0,1,0,0,1997,0,1997.83
3.640194892883301,1305.30810546875,1,MWI,1997,IHS-I,GPWG,N,c,0,1,0,0,1997,0,1997.83
2.749108076095581,455.21624755859375,1,MWI,1997,IHS-I,GPWG,N,c,0,1,0,0,1997,0,1997.83
1.8997647762298584,631.9783935546875,1,MWI,1997,IHS-I,GPWG,N,c,0,1,0,0,1997,0,1997.83
6.031468391418457,1437.446533203125,1,MWI,1997,IHS-I,GPWG,N,c,0,1,0,0,1997,0,1997.83
1.5748658180236816,843.0375366210938,1,MWI,1997,IHS-I,GPWG,N,c,0,1,0,0,1997,0,1997.83
9.891338348388672,196.6864471435547,1,MWI,1997,IHS-I,GPWG,N,c,0,1,0,0,1997,0,1997.83
1.1554347276687622,1942.1162109375,1,MWI,1997,IHS-I,GPWG,N,c,0,1,0,0,1997,0,1997.83
1.4989345073699951,455.21624755859375,1,MWI,1997,IHS-I,GPWG,N,c,0,1,0,0,1997,0,1997.83
1.3920772075653076,348.3789367675781,1,MWI,1997,IHS-I,GPWG,N,c,0,1,0,0,1997,0,1997.83
1.4519177675247192,1005.2027587890625,1,MWI,1997,IHS-I,GPWG,N,c,0,1,0,0,1997,0,1997.83
2.762208938598633,1475.315673828125,1,MWI,1997,IHS-I,GPWG,N,c,0,1,0,0,1997,0,1997.83
4.570356845855713,1437.446533203125,1,MWI,1997,IHS-I,GPWG,N,c,0,1,0,0,1997,0,1997.83
2.449620485305786,1005.2027587890625,1,MWI,1997,IHS-I,GPWG,N,c,0,1,0,0,1997,0,1997.83
0.96506267786026,2330.53955078125,1,MWI,1997,IHS-I,GPWG,N,c,0,1,0,0,1997,0,1997.83
1.651963233947754,869.5053100585938,1,MWI,1997,IHS-I,GPWG,N,c,0,1,0,0,1997,0,1997.83
1.7388995885849,1770.177978515625,1,MWI,1997,IHS-I,GPWG,N,c,0,1,0,0,1997,0,1997.83
9.78579044342041,226.5319061279297,1,MWI,1997,IHS-I,GPWG,N,c,0,1,0,0,1997,0,1997.83
2.6082658767700195,1053.796875,1,MWI,1997,IHS-I,GPWG,N,c,0,1,0,0,1997,0,1997.83
3.031797409057617,983.4322509765625,1,MWI,1997,IHS-I,GPWG,N,c,0,1,0,0,1997,0,1997.83
1.528083086013794,508.237060546875,1,MWI,1997,IHS-I,GPWG,N,c,0,1,0,0,1997,0,1997.83
2.6220943927764893,232.25262451171875,1,MWI,1997,IHS-I,GPWG,N,c,0,1,0,0,1997,0,1997.83
5.7483062744140625,750.7426147460938,1,MWI,1997,IHS-I,GPWG,N,c,0,1,0,0,1997,0,1997.83
1.3172016143798828,1352.5062255859375,1,MWI,1997,IHS-I,GPWG,N,c,0,1,0,0,1997,0,1997.83
2.6531293392181396,421.5187683105469,1,MWI,1997,IHS-I,GPWG,N,c,0,1,0,0,1997,0,1997.83
6.9996771812438965,1037.5,1,MWI,1997,IHS-I,GPWG,N,c,0,1,0,0,1997,0,1997.83
1.1226822137832642,1255.355712890625,1,MWI,1997,IHS-I,GPWG,N,c,0,1,0,0,1997,0,1997.83
4.400696277618408,169.412353515625,1,MWI,1997,IHS-I,GPWG,N,c,0,1,0,0,1997,0,1997.83
1.5442930459976196,580.860107421875,1,MWI,1997,IHS-I,GPWG,N,c,0,1,0,0,1997,0,1997.83
1.5081605911254883,210.75938415527344,1,MWI,1997,IHS-I,GPWG,N,c,0,1,0,0,1997,0,1997.83
1.0850863456726074,1053.796875,1,MWI,1997,IHS-I,GPWG,N,c,0,1,0,0,1997,0,1997.83
1.921967625617981,3161.390869140625,1,MWI,1997,IHS-I,GPWG,N,c,0,1,0,0,1997,0,1997.83
0.7057315111160278,1784.013671875,1,MWI,1997,IHS-I,GPWG,N,c,0,1,0,0,1997,0,1997.83
2.6889121532440186,541.0025024414062,1,MWI,1997,IHS-I,GPWG,N,c,0,1,0,0,1997,0,1997.83
1.1934634447097778,1005.2027587890625,1,MWI,1997,IHS-I,GPWG,N,c,0,1,0,0,1997,0,1997.83
0.9110539555549622,3154.199951171875,1,MWI,1997,IHS-I,GPWG,N,c,0,1,0,0,1997,0,1997.83
0.8937075734138489,1082.0050048828125,1,MWI,1997,IHS-I,GPWG,N,c,0,1,0,0,1997,0,1997.83
4.634442329406738,842.6378173828125,1,MWI,1997,IHS-I,GPWG,N,c,0,1,0,0,1997,0,1997.83
1.2795665264129639,973.098388671875,1,MWI,1997,IHS-I,GPWG,N,c,0,1,0,0,1997,0,1997.83
1.52799654006958,2434.51123046875,1,MWI,1997,IHS-I,GPWG,N,c,0,1,0,0,1997,0,1997.83
1.923409104347229,3766.067138671875,1,MWI,1997,IHS-I,GPWG,N,c,0,1,0,0,1997,0,1997.83
0.6657460331916809,1295.9490966796875,1,MWI,1997,IHS-I,GPWG,N,c,0,1,0,0,1997,0,1997.83
1.7822182178497314,518.379638671875,1,MWI,1997,IHS-I,GPWG,N,c,0,1,0,0,1997,0,1997.83
2.193000555038452,788.5499877929688,1,MWI,1997,IHS-I,GPWG,N,c,0,1,0,0,1997,0,1997.83
4.378997802734375,416.5296630859375,1,MWI,1997,IHS-I,GPWG,N,c,0,1,0,0,1997,0,1997.83
2.2860794067382812,1123.33056640625,1,MWI,1997,IHS-I,GPWG,N,c,0,1,0,0,1997,0,1997.83
3.145902156829834,3157.0,1,MWI,1997,IHS-I,GPWG,N,c,0,1,0,0,1997,0,1997.83
3.7047383785247803,193.6200408935547,1,MWI,1997,IHS-I,GPWG,N,c,0,1,0,0,1997,0,1997.83
6.224780082702637,1044.2464599609375,1,MWI,1997,IHS-I,GPWG,N,c,0,1,0,0,1997,0,1997.83
5.635371208190918,695.3974609375,1,MWI,1997,IHS-I,GPWG,N,c,0,1,0,0,1997,0,1997.83
15.950303077697754,783.184814453125,1,MWI,1997,IHS-I,GPWG,N,c,0,1,0,0,1997,0,1997.83
1.6556166410446167,1086.881591796875,1,MWI,1997,IHS-I,GPWG,N,c,0,1,0,0,1997,0,1997.83
8.922809600830078,259.375,1,MWI,1997,IHS-I,GPWG,N,c,0,1,0,0,1997,0,1997.83
4.326292991638184,632.2781372070312,1,MWI,1997,IHS-I,GPWG,N,c,0,1,0,0,1997,0,1997.83
1.6345129013061523,1016.47412109375,1,MWI,1997,IHS-I,GPWG,N,c,0,1,0,0,1997,0,1997.83
4.892699718475342,75.51063537597656,1,MWI,1997,IHS-I,GPWG,N,c,0,1,0,0,1997,0,1997.83
2.5694739818573,259.375,1,MWI,1997,IHS-I,GPWG,N,c,0,1,0,0,1997,0,1997.83
2.8417327404022217,1053.796875,1,MWI,1997,IHS-I,GPWG,N,c,0,1,0,0,1997,0,1997.83
0.9318673610687256,455.21624755859375,1,MWI,1997,IHS-I,GPWG,N,c,0,1,0,0,1997,0,1997.83
3.3047590255737305,869.5053100585938,1,MWI,1997,IHS-I,GPWG,N,c,0,1,0,0,1997,0,1997.83
3.753405809402466,453.0638122558594,1,MWI,1997,IHS-I,GPWG,N,c,0,1,0,0,1997,0,1997.83
1.7553690671920776,1045.1368408203125,1,MWI,1997,IHS-I,GPWG,N,c,0,1,0,0,1997,0,1997.83
4.052769660949707,518.75,1,MWI,1997,IHS-I,GPWG,N,c,0,1,0,0,1997,0,1997.83
5.015176773071289,261.0616149902344,1,MWI,1997,IHS-I,GPWG,N,c,0,1,0,0,1997,0,1997.83
7.285445690155029,416.5296630859375,1,MWI,1997,IHS-I,GPWG,N,c,0,1,0,0,1997,0,1997.83
1.196386456489563,847.061767578125,1,MWI,1997,IHS-I,GPWG,N,c,0,1,0,0,1997,0,1997.83
2.238408088684082,1517.3875732421875,1,MWI,1997,IHS-I,GPWG,N,c,0,1,0,0,1997,0,1997.83
0.3208765685558319,1263.956787109375,1,MWI,1997,IHS-I,GPWG,N,c,0,1,0,0,1997,0,1997.83
1.7325668334960938,1005.2027587890625,1,MWI,1997,IHS-I,GPWG,N,c,0,1,0,0,1997,0,1997.83
3.1117653846740723,518.75,1,MWI,1997,IHS-I,GPWG,N,c,0,1,0,0,1997,0,1997.83
10.181148529052734,59.50423812866211,1,MWI,1997,IHS-I,GPWG,N,c,0,1,0,0,1997,0,1997.83
2.04217267036438,1256.50341796875,1,MWI,1997,IHS-I,GPWG,N,c,0,1,0,0,1997,0,1997.83
2.954007625579834,445.8113098144531,1,MWI,1997,IHS-I,GPWG,N,c,0,1,0,0,1997,0,1997.83
1.4137612581253052,1036.75927734375,1,MWI,1997,IHS-I,GPWG,N,c,0,1,0,0,1997,0,1997.83
5.325545787811279,178.51271057128906,1,MWI,1997,IHS-I,GPWG,N,c,0,1,0,0,1997,0,1997.83
1.4180080890655518,1956.386962890625,1,MWI,1997,IHS-I,GPWG,N,c,0,1,0,0,1997,0,1997.83
1.674325704574585,631.9783935546875,1,MWI,1997,IHS-I,GPWG,N,c,0,1,0,0,1997,0,1997.83
3.831550121307373,217.37632751464844,1,MWI,1997,IHS-I,GPWG,N,c,0,1,0,0,1997,0,1997.83
2.009638547897339,1521.63427734375,1,MWI,1997,IHS-I,GPWG,N,c,0,1,0,0,1997,0,1997.83
3.166738510131836,210.75938415527344,1,MWI,1997,IHS-I,GPWG,N,c,0,1,0,0,1997,0,1997.83
5.343277931213379,434.7526550292969,1,MWI,1997,IHS-I,GPWG,N,c,0,1,0,0,1997,0,1997.83
1.8496036529541016,1896.83447265625,1,MWI,1997,IHS-I,GPWG,N,c,0,1,0,0,1997,0,1997.83
4.180309295654297,843.0375366210938,1,MWI,1997,IHS-I,GPWG,N,c,0,1,0,0,1997,0,1997.83
4.342645645141602,1956.386962890625,1,MWI,1997,IHS-I,GPWG,N,c,0,1,0,0,1997,0,1997.83
1.5885165929794312,1256.50341796875,1,MWI,1997,IHS-I,GPWG,N,c,0,1,0,0,1997,0,1997.83
13.759568214416504,196.6864471435547,1,MWI,1997,IHS-I,GPWG,N,c,0,1,0,0,1997,0,1997.83
1.0819816589355469,1161.72021484375,1,MWI,1997,IHS-I,GPWG,N,c,0,1,0,0,1997,0,1997.83
0.846515953540802,1185.886474609375,1,MWI,1997,IHS-I,GPWG,N,c,0,1,0,0,1997,0,1997.83
1.8110222816467285,3370.55126953125,1,MWI,1997,IHS-I,GPWG,N,c,0,1,0,0,1997,0,1997.83
1.4932886362075806,631.9783935546875,1,MWI,1997,IHS-I,GPWG,N,c,0,1,0,0,1997,0,1997.83
0.8901349306106567,1352.5062255859375,1,MWI,1997,IHS-I,GPWG,N,c,0,1,0,0,1997,0,1997.83
3.6132090091705322,938.4282836914062,1,MWI,1997,IHS-I,GPWG,N,c,0,1,0,0,1997,0,1997.83
5.89402961730957,502.14227294921875,1,MWI,1997,IHS-I,GPWG,N,c,0,1,0,0,1997,0,1997.83
2.476806402206421,421.5187683105469,1,MWI,1997,IHS-I,GPWG,N,c,0,1,0,0,1997,0,1997.83
0.5503697395324707,1045.1368408203125,1,MWI,1997,IHS-I,GPWG,N,c,0,1,0,0,1997,0,1997.83
0.9974295496940613,632.2781372070312,1,MWI,1997,IHS-I,GPWG,N,c,0,1,0,0,1997,0,1997.83
64.63639068603516,393.3728942871094,1,MWI,1997,IHS-I,GPWG,N,c,0,1,0,0,1997,0,1997.83
4.004292011260986,116.12631225585938,1,MWI,1997,IHS-I,GPWG,N,c,0,1,0,0,1997,0,1997.83
0.5154052972793579,464.5052490234375,1,MWI,1997,IHS-I,GPWG,N,c,0,1,0,0,1997,0,1997.83
2.225273847579956,927.1965942382812,1,MWI,1997,IHS-I,GPWG,N,c,0,1,0,0,1997,0,1997.83
2.176959753036499,541.0025024414062,1,MWI,1997,IHS-I,GPWG,N,c,0,1,0,0,1997,0,1997.83
5.6792168617248535,393.3728942871094,1,MWI,1997,IHS-I,GPWG,N,c,0,1,0,0,1997,0,1997.83
5.314268589019775,631.9783935546875,1,MWI,1997,IHS-I,GPWG,N,c,0,1,0,0,1997,0,1997.83
1.1381292343139648,1053.796875,1,MWI,1997,IHS-I,GPWG,N,c,0,1,0,0,1997,0,1997.83
4.163250923156738,810.915283203125,1,MWI,1997,IHS-I,GPWG,N,c,0,1,0,0,1997,0,1997.83
0.8514586091041565,3110.27783203125,1,MWI,1997,IHS-I,GPWG,N,c,0,1,0,0,1997,0,1997.83
2.3033945560455322,169.412353515625,1,MWI,1997,IHS-I,GPWG,N,c,0,1,0,0,1997,0,1997.83
1.0787067413330078,1555.138916015625,1,MWI,1997,IHS-I,GPWG,N,c,0,1,0,0,1997,0,1997.83
5.150964736938477,528.574462890625,1,MWI,1997,IHS-I,GPWG,N,c,0,1,0,0,1997,0,1997.83
2.2690141201019287,116.12631225585938,1,MWI,1997,IHS-I,GPWG,N,c,0,1,0,0,1997,0,1997.83
2.2864503860473633,1126.1138916015625,1,MWI,1997,IHS-I,GPWG,N,c,0,1,0,0,1997,0,1997.83
0.6533671617507935,750.7426147460938,1,MWI,1997,IHS-I,GPWG,N,c,0,1,0,0,1997,0,1997.83
1.4773956537246704,456.18182373046875,1,MWI,1997,IHS-I,GPWG,N,c,0,1,0,0,1997,0,1997.83
4.278493404388428,563.0569458007812,1,MWI,1997,IHS-I,GPWG,N,c,0,1,0,0,1997,0,1997.83
3.7112183570861816,518.75,1,MWI,1997,IHS-I,GPWG,N,c,0,1,0,0,1997,0,1997.83
1.4046140909194946,973.098388671875,1,MWI,1997,IHS-I,GPWG,N,c,0,1,0,0,1997,0,1997.83
3.9951155185699463,1521.63427734375,1,MWI,1997,IHS-I,GPWG,N,c,0,1,0,0,1997,0,1997.83
0.9286129474639893,777.5694580078125,1,MWI,1997,IHS-I,GPWG,N,c,0,1,0,0,1997,0,1997.83
1.6650657653808594,1304.2579345703125,1,MWI,1997,IHS-I,GPWG,N,c,0,1,0,0,1997,0,1997.83
2.288567066192627,1437.446533203125,1,MWI,1997,IHS-I,GPWG,N,c,0,1,0,0,1997,0,1997.83
1.772160530090332,476.0339050292969,1,MWI,1997,IHS-I,GPWG,N,c,0,1,0,0,1997,0,1997.83
1.8493422269821167,648.7322387695312,1,MWI,1997,IHS-I,GPWG,N,c,0,1,0,0,1997,0,1997.83
1.606526255607605,2718.962646484375,1,MWI,1997,IHS-I,GPWG,N,c,0,1,0,0,1997,0,1997.83
0.44278720021247864,774.4801635742188,1,MWI,1997,IHS-I,GPWG,N,c,0,1,0,0,1997,0,1997.83
1.6731960773468018,1256.50341796875,1,MWI,1997,IHS-I,GPWG,N,c,0,1,0,0,1997,0,1997.83
1.3209104537963867,677.6494140625,1,MWI,1997,IHS-I,GPWG,N,c,0,1,0,0,1997,0,1997.83
1.4540585279464722,912.3636474609375,1,MWI,1997,IHS-I,GPWG,N,c,0,1,0,0,1997,0,1997.83
4.111161231994629,2874.89306640625,1,MWI,1997,IHS-I,GPWG,N,c,0,1,0,0,1997,0,1997.83
1.940191388130188,689.8624877929688,1,MWI,1997,IHS-I,GPWG,N,c,0,1,0,0,1997,0,1997.83
3.0367181301116943,1264.5562744140625,1,MWI,1997,IHS-I,GPWG,N,c,0,1,0,0,1997,0,1997.83
2.1794016361236572,632.2781372070312,1,MWI,1997,IHS-I,GPWG,N,c,0,1,0,0,1997,0,1997.83
1.0338948965072632,684.272705078125,1,MWI,1997,IHS-I,GPWG,N,c,0,1,0,0,1997,0,1997.83
3.2817025184631348,590.059326171875,1,MWI,1997,IHS-I,GPWG,N,c,0,1,0,0,1997,0,1997.83
2.169572114944458,677.6494140625,1,MWI,1997,IHS-I,GPWG,N,c,0,1,0,0,1997,0,1997.83
2.3737399578094482,580.860107421875,1,MWI,1997,IHS-I,GPWG,N,c,0,1,0,0,1997,0,1997.83
6.408017635345459,2086.1923828125,1,MWI,1997,IHS-I,GPWG,N,c,0,1,0,0,1997,0,1997.83
1.7303985357284546,1038.7999267578125,1,MWI,1997,IHS-I,GPWG,N,c,0,1,0,0,1997,0,1997.83
3.143348217010498,1313.799560546875,1,MWI,1997,IHS-I,GPWG,N,c,0,1,0,0,1997,0,1997.83
8.55858039855957,522.1232299804688,1,MWI,1997,IHS-I,GPWG,N,c,0,1,0,0,1997,0,1997.83
1.675774335861206,508.237060546875,1,MWI,1997,IHS-I,GPWG,N,c,0,1,0,0,1997,0,1997.83
1.3344027996063232,812.8841552734375,1,MWI,1997,IHS-I,GPWG,N,c,0,1,0,0,1997,0,1997.83
1.849127173423767,1264.5562744140625,1,MWI,1997,IHS-I,GPWG,N,c,0,1,0,0,1997,0,1997.83
2.6906001567840576,463.5982971191406,1,MWI,1997,IHS-I,GPWG,N,c,0,1,0,0,1997,0,1997.83
2.462862730026245,251.07113647460938,1,MWI,1997,IHS-I,GPWG,N,c,0,1,0,0,1997,0,1997.83
5.835007190704346,261.0616149902344,1,MWI,1997,IHS-I,GPWG,N,c,0,1,0,0,1997,0,1997.83
2.093315839767456,486.5491943359375,1,MWI,1997,IHS-I,GPWG,N,c,0,1,0,0,1997,0,1997.83
12.158432960510254,261.0616149902344,1,MWI,1997,IHS-I,GPWG,N,c,0,1,0,0,1997,0,1997.83
0.8889539837837219,1263.956787109375,1,MWI,1997,IHS-I,GPWG,N,c,0,1,0,0,1997,0,1997.83
89.00325012207031,786.7457885742188,1,MWI,1997,IHS-I,GPWG,N,c,0,1,0,0,1997,0,1997.83
1.5841987133026123,464.5052490234375,1,MWI,1997,IHS-I,GPWG,N,c,0,1,0,0,1997,0,1997.83
2.6598289012908936,421.5187683105469,1,MWI,1997,IHS-I,GPWG,N,c,0,1,0,0,1997,0,1997.83
1.7366628646850586,843.0375366210938,1,MWI,1997,IHS-I,GPWG,N,c,0,1,0,0,1997,0,1997.83
5.277684211730957,342.1363525390625,1,MWI,1997,IHS-I,GPWG,N,c,0,1,0,0,1997,0,1997.83
0.9463035464286804,1916.595458984375,1,MWI,1997,IHS-I,GPWG,N,c,0,1,0,0,1997,0,1997.83
2.609860897064209,631.9783935546875,1,MWI,1997,IHS-I,GPWG,N,c,0,1,0,0,1997,0,1997.83
1.3659018278121948,1161.72021484375,1,MWI,1997,IHS-I,GPWG,N,c,0,1,0,0,1997,0,1997.83
2.6882615089416504,162.1830596923828,1,MWI,1997,IHS-I,GPWG,N,c,0,1,0,0,1997,0,1997.83
5.873703479766846,786.7457885742188,1,MWI,1997,IHS-I,GPWG,N,c,0,1,0,0,1997,0,1997.83
1.8122068643569946,580.860107421875,1,MWI,1997,IHS-I,GPWG,N,c,0,1,0,0,1997,0,1997.83
1.3806915283203125,758.6937866210938,1,MWI,1997,IHS-I,GPWG,N,c,0,1,0,0,1997,0,1997.83
1.3054319620132446,1256.50341796875,1,MWI,1997,IHS-I,GPWG,N,c,0,1,0,0,1997,0,1997.83
5.804872989654541,590.059326171875,1,MWI,1997,IHS-I,GPWG,N,c,0,1,0,0,1997,0,1997.83
1.2186213731765747,455.21624755859375,1,MWI,1997,IHS-I,GPWG,N,c,0,1,0,0,1997,0,1997.83
1.4500943422317505,774.4801635742188,1,MWI,1997,IHS-I,GPWG,N,c,0,1,0,0,1997,0,1997.83
1.534878134727478,774.4801635742188,1,MWI,1997,IHS-I,GPWG,N,c,0,1,0,0,1997,0,1997.83
0.8740158677101135,1005.2027587890625,1,MWI,1997,IHS-I,GPWG,N,c,0,1,0,0,1997,0,1997.83
2.5664756298065186,1352.5062255859375,1,MWI,1997,IHS-I,GPWG,N,c,0,1,0,0,1997,0,1997.83
5.584688186645508,296.79998779296875,1,MWI,1997,IHS-I,GPWG,N,c,0,1,0,0,1997,0,1997.83
0.4583551585674286,1313.799560546875,1,MWI,1997,IHS-I,GPWG,N,c,0,1,0,0,1997,0,1997.83
2.070826530456543,652.1289672851562,1,MWI,1997,IHS-I,GPWG,N,c,0,1,0,0,1997,0,1997.83
2.2820961475372314,2010.405517578125,1,MWI,1997,IHS-I,GPWG,N,c,0,1,0,0,1997,0,1997.83
1.2741018533706665,1256.50341796875,1,MWI,1997,IHS-I,GPWG,N,c,0,1,0,0,1997,0,1997.83
1.668476939201355,187.2217559814453,1,MWI,1997,IHS-I,GPWG,N,c,0,1,0,0,1997,0,1997.83
1.3412905931472778,1016.47412109375,1,MWI,1997,IHS-I,GPWG,N,c,0,1,0,0,1997,0,1997.83
0.8115792274475098,1685.275634765625,1,MWI,1997,IHS-I,GPWG,N,c,0,1,0,0,1997,0,1997.83
1.4194825887680054,1149.770751953125,1,MWI,1997,IHS-I,GPWG,N,c,0,1,0,0,1997,0,1997.83
1.9138065576553345,968.1002197265625,1,MWI,1997,IHS-I,GPWG,N,c,0,1,0,0,1997,0,1997.83
3.189326763153076,231.7991485595703,1,MWI,1997,IHS-I,GPWG,N,c,0,1,0,0,1997,0,1997.83
1.3180418014526367,677.6494140625,1,MWI,1997,IHS-I,GPWG,N,c,0,1,0,0,1997,0,1997.83
2.0006563663482666,1437.446533203125,1,MWI,1997,IHS-I,GPWG,N,c,0,1,0,0,1997,0,1997.83
2.1241469383239746,116.12631225585938,1,MWI,1997,IHS-I,GPWG,N,c,0,1,0,0,1997,0,1997.83
1.0952292680740356,1036.75927734375,1,MWI,1997,IHS-I,GPWG,N,c,0,1,0,0,1997,0,1997.83
0.9129805564880371,1474.6162109375,1,MWI,1997,IHS-I,GPWG,N,c,0,1,0,0,1997,0,1997.83
13.523543357849121,210.75938415527344,1,MWI,1997,IHS-I,GPWG,N,c,0,1,0,0,1997,0,1997.83
1.5772027969360352,580.860107421875,1,MWI,1997,IHS-I,GPWG,N,c,0,1,0,0,1997,0,1997.83
1.3514057397842407,1759.1048583984375,1,MWI,1997,IHS-I,GPWG,N,c,0,1,0,0,1997,0,1997.83
1.4592865705490112,1086.881591796875,1,MWI,1997,IHS-I,GPWG,N,c,0,1,0,0,1997,0,1997.83
1.7299556732177734,456.18182373046875,1,MWI,1997,IHS-I,GPWG,N,c,0,1,0,0,1997,0,1997.83
6.484806060791016,455.21624755859375,1,MWI,1997,IHS-I,GPWG,N,c,0,1,0,0,1997,0,1997.83
3.196788787841797,652.1289672851562,1,MWI,1997,IHS-I,GPWG,N,c,0,1,0,0,1997,0,1997.83
1.0705198049545288,606.9550170898438,1,MWI,1997,IHS-I,GPWG,N,c,0,1,0,0,1997,0,1997.83
1.8470714092254639,2365.64990234375,1,MWI,1997,IHS-I,GPWG,N,c,0,1,0,0,1997,0,1997.83
4.04276180267334,210.75938415527344,1,MWI,1997,IHS-I,GPWG,N,c,0,1,0,0,1997,0,1997.83
8.890963554382324,393.3728942871094,1,MWI,1997,IHS-I,GPWG,N,c,0,1,0,0,1997,0,1997.83
1.2852880954742432,777.5694580078125,1,MWI,1997,IHS-I,GPWG,N,c,0,1,0,0,1997,0,1997.83
1.1601393222808838,217.37632751464844,1,MWI,1997,IHS-I,GPWG,N,c,0,1,0,0,1997,0,1997.83
3.845040798187256,231.7991485595703,1,MWI,1997,IHS-I,GPWG,N,c,0,1,0,0,1997,0,1997.83
2.7195653915405273,232.25262451171875,1,MWI,1997,IHS-I,GPWG,N,c,0,1,0,0,1997,0,1997.83
1.535749077796936,455.21624755859375,1,MWI,1997,IHS-I,GPWG,N,c,0,1,0,0,1997,0,1997.83
1.8693294525146484,1304.2579345703125,1,MWI,1997,IHS-I,GPWG,N,c,0,1,0,0,1997,0,1997.83
2.398747444152832,1185.886474609375,1,MWI,1997,IHS-I,GPWG,N,c,0,1,0,0,1997,0,1997.83
1.7939704656600952,169.412353515625,1,MWI,1997,IHS-I,GPWG,N,c,0,1,0,0,1997,0,1997.83
3.5479729175567627,648.7322387695312,1,MWI,1997,IHS-I,GPWG,N,c,0,1,0,0,1997,0,1997.83
1.004828691482544,842.6378173828125,1,MWI,1997,IHS-I,GPWG,N,c,0,1,0,0,1997,0,1997.83
0.5638400316238403,561.665283203125,1,MWI,1997,IHS-I,GPWG,N,c,0,1,0,0,1997,0,1997.83
1.0894341468811035,811.5037841796875,1,MWI,1997,IHS-I,GPWG,N,c,0,1,0,0,1997,0,1997.83
2.855959892272949,178.51271057128906,1,MWI,1997,IHS-I,GPWG,N,c,0,1,0,0,1997,0,1997.83
6.187113285064697,148.39999389648438,1,MWI,1997,IHS-I,GPWG,N,c,0,1,0,0,1997,0,1997.83
1.8950600624084473,1005.2027587890625,1,MWI,1997,IHS-I,GPWG,N,c,0,1,0,0,1997,0,1997.83
1.7593038082122803,753.21337890625,1,MWI,1997,IHS-I,GPWG,N,c,0,1,0,0,1997,0,1997.83
1.57086181640625,464.5052490234375,1,MWI,1997,IHS-I,GPWG,N,c,0,1,0,0,1997,0,1997.83
2.367905616760254,652.1289672851562,1,MWI,1997,IHS-I,GPWG,N,c,0,1,0,0,1997,0,1997.83
2.2013962268829346,606.9550170898438,1,MWI,1997,IHS-I,GPWG,N,c,0,1,0,0,1997,0,1997.83
3.3811638355255127,446.6234436035156,1,MWI,1997,IHS-I,GPWG,N,c,0,1,0,0,1997,0,1997.83
2.142706871032715,695.3974609375,1,MWI,1997,IHS-I,GPWG,N,c,0,1,0,0,1997,0,1997.83
1.384547472000122,464.5052490234375,1,MWI,1997,IHS-I,GPWG,N,c,0,1,0,0,1997,0,1997.83
7.974361419677734,434.7526550292969,1,MWI,1997,IHS-I,GPWG,N,c,0,1,0,0,1997,0,1997.83
2.0247304439544678,270.5012512207031,1,MWI,1997,IHS-I,GPWG,N,c,0,1,0,0,1997,0,1997.83
2.584775924682617,421.5187683105469,1,MWI,1997,IHS-I,GPWG,N,c,0,1,0,0,1997,0,1997.83
0.5538021326065063,580.631591796875,1,MWI,1997,IHS-I,GPWG,N,c,0,1,0,0,1997,0,1997.83
2.1031947135925293,508.237060546875,1,MWI,1997,IHS-I,GPWG,N,c,0,1,0,0,1997,0,1997.83
2.1141037940979004,169.412353515625,1,MWI,1997,IHS-I,GPWG,N,c,0,1,0,0,1997,0,1997.83
3.075284481048584,324.3661193847656,1,MWI,1997,IHS-I,GPWG,N,c,0,1,0,0,1997,0,1997.83
74.61181640625,196.6864471435547,1,MWI,1997,IHS-I,GPWG,N,c,0,1,0,0,1997,0,1997.83
1.4440979957580566,1686.0750732421875,1,MWI,1997,IHS-I,GPWG,N,c,0,1,0,0,1997,0,1997.83
3.8084557056427,1053.796875,1,MWI,1997,IHS-I,GPWG,N,c,0,1,0,0,1997,0,1997.83
4.495743274688721,983.4322509765625,1,MWI,1997,IHS-I,GPWG,N,c,0,1,0,0,1997,0,1997.83
2.8506269454956055,1086.881591796875,1,MWI,1997,IHS-I,GPWG,N,c,0,1,0,0,1997,0,1997.83
0.9740164279937744,847.061767578125,1,MWI,1997,IHS-I,GPWG,N,c,0,1,0,0,1997,0,1997.83
2.5394351482391357,296.79998779296875,1,MWI,1997,IHS-I,GPWG,N,c,0,1,0,0,1997,0,1997.83
1.4024772644042969,774.4801635742188,1,MWI,1997,IHS-I,GPWG,N,c,0,1,0,0,1997,0,1997.83
1.269513487815857,1839.63330078125,1,MWI,1997,IHS-I,GPWG,N,c,0,1,0,0,1997,0,1997.83
2.4639265537261963,1255.355712890625,1,MWI,1997,IHS-I,GPWG,N,c,0,1,0,0,1997,0,1997.83
5.316806793212891,522.1232299804688,1,MWI,1997,IHS-I,GPWG,N,c,0,1,0,0,1997,0,1997.83
1.1044857501983643,1161.72021484375,1,MWI,1997,IHS-I,GPWG,N,c,0,1,0,0,1997,0,1997.83
3.554046630859375,486.5491943359375,1,MWI,1997,IHS-I,GPWG,N,c,0,1,0,0,1997,0,1997.83
6.6605916023254395,1475.315673828125,1,MWI,1997,IHS-I,GPWG,N,c,0,1,0,0,1997,0,1997.83
1.997857928276062,508.237060546875,1,MWI,1997,IHS-I,GPWG,N,c,0,1,0,0,1997,0,1997.83
1.6357423067092896,459.9083251953125,1,MWI,1997,IHS-I,GPWG,N,c,0,1,0,0,1997,0,1997.83
3.4430549144744873,1770.177978515625,1,MWI,1997,IHS-I,GPWG,N,c,0,1,0,0,1997,0,1997.83
5.53208065032959,2610.6162109375,1,MWI,1997,IHS-I,GPWG,N,c,0,1,0,0,1997,0,1997.83
2.871753454208374,2705.012451171875,1,MWI,1997,IHS-I,GPWG,N,c,0,1,0,0,1997,0,1997.83
1.8732764720916748,502.60137939453125,1,MWI,1997,IHS-I,GPWG,N,c,0,1,0,0,1997,0,1997.83
2.316365957260132,1971.375,1,MWI,1997,IHS-I,GPWG,N,c,0,1,0,0,1997,0,1997.83
3.7503726482391357,1876.8565673828125,1,MWI,1997,IHS-I,GPWG,N,c,0,1,0,0,1997,0,1997.83
2.723823070526123,1165.269775390625,1,MWI,1997,IHS-I,GPWG,N,c,0,1,0,0,1997,0,1997.83
2.4929497241973877,632.2781372070312,1,MWI,1997,IHS-I,GPWG,N,c,0,1,0,0,1997,0,1997.83
1.8291634321212769,677.6494140625,1,MWI,1997,IHS-I,GPWG,N,c,0,1,0,0,1997,0,1997.83
4.269213676452637,59.50423812866211,1,MWI,1997,IHS-I,GPWG,N,c,0,1,0,0,1997,0,1997.83
1.4816685914993286,580.860107421875,1,MWI,1997,IHS-I,GPWG,N,c,0,1,0,0,1997,0,1997.83
3.1579930782318115,453.0638122558594,1,MWI,1997,IHS-I,GPWG,N,c,0,1,0,0,1997,0,1997.83
4.272031784057617,1044.2464599609375,1,MWI,1997,IHS-I,GPWG,N,c,0,1,0,0,1997,0,1997.83
3.915987730026245,563.0569458007812,1,MWI,1997,IHS-I,GPWG,N,c,0,1,0,0,1997,0,1997.83
2.28299880027771,1553.6929931640625,1,MWI,1997,IHS-I,GPWG,N,c,0,1,0,0,1997,0,1997.83
1.2564197778701782,1739.0106201171875,1,MWI,1997,IHS-I,GPWG,N,c,0,1,0,0,1997,0,1997.83
4.2306132316589355,119.00847625732422,1,MWI,1997,IHS-I,GPWG,N,c,0,1,0,0,1997,0,1997.83
12.488646507263184,522.1232299804688,1,MWI,1997,IHS-I,GPWG,N,c,0,1,0,0,1997,0,1997.83
1.0707426071166992,2008.569091796875,1,MWI,1997,IHS-I,GPWG,N,c,0,1,0,0,1997,0,1997.83
0.9118082523345947,455.21624755859375,1,MWI,1997,IHS-I,GPWG,N,c,0,1,0,0,1997,0,1997.83
1.4390926361083984,2706.0,1,MWI,1997,IHS-I,GPWG,N,c,0,1,0,0,1997,0,1997.83
0.8976622223854065,1524.711181640625,1,MWI,1997,IHS-I,GPWG,N,c,0,1,0,0,1997,0,1997.83
8.374822616577148,416.5296630859375,1,MWI,1997,IHS-I,GPWG,N,c,0,1,0,0,1997,0,1997.83
0.8975207805633545,1126.1138916015625,1,MWI,1997,IHS-I,GPWG,N,c,0,1,0,0,1997,0,1997.83
3.7637858390808105,753.21337890625,1,MWI,1997,IHS-I,GPWG,N,c,0,1,0,0,1997,0,1997.83
3.0669965744018555,2395.744384765625,1,MWI,1997,IHS-I,GPWG,N,c,0,1,0,0,1997,0,1997.83
0.5526045560836792,508.237060546875,1,MWI,1997,IHS-I,GPWG,N,c,0,1,0,0,1997,0,1997.83
4.201155185699463,151.02127075195312,1,MWI,1997,IHS-I,GPWG,N,c,0,1,0,0,1997,0,1997.83
1.1557995080947876,869.5053100585938,1,MWI,1997,IHS-I,GPWG,N,c,0,1,0,0,1997,0,1997.83
0.5899077653884888,631.9783935546875,1,MWI,1997,IHS-I,GPWG,N,c,0,1,0,0,1997,0,1997.83
2.668027639389038,421.5187683105469,1,MWI,1997,IHS-I,GPWG,N,c,0,1,0,0,1997,0,1997.83
1.5592563152313232,1365.6488037109375,1,MWI,1997,IHS-I,GPWG,N,c,0,1,0,0,1997,0,1997.83
1.903877854347229,1180.11865234375,1,MWI,1997,IHS-I,GPWG,N,c,0,1,0,0,1997,0,1997.83
1.9366306066513062,778.125,1,MWI,1997,IHS-I,GPWG,N,c,0,1,0,0,1997,0,1997.83
0.5482450127601624,1517.3875732421875,1,MWI,1997,IHS-I,GPWG,N,c,0,1,0,0,1997,0,1997.83
1.4077081680297852,798.3181762695312,1,MWI,1997,IHS-I,GPWG,N,c,0,1,0,0,1997,0,1997.83
2.255246877670288,338.82470703125,1,MWI,1997,IHS-I,GPWG,N,c,0,1,0,0,1997,0,1997.83
4.611292839050293,563.0569458007812,1,MWI,1997,IHS-I,GPWG,N,c,0,1,0,0,1997,0,1997.83
2.1065285205841064,210.75938415527344,1,MWI,1997,IHS-I,GPWG,N,c,0,1,0,0,1997,0,1997.83
0.5465142130851746,1264.5562744140625,1,MWI,1997,IHS-I,GPWG,N,c,0,1,0,0,1997,0,1997.83
2.083146810531616,1264.5562744140625,1,MWI,1997,IHS-I,GPWG,N,c,0,1,0,0,1997,0,1997.83
1.6498942375183105,2010.405517578125,1,MWI,1997,IHS-I,GPWG,N,c,0,1,0,0,1997,0,1997.83
2.3298895359039307,1507.80419921875,1,MWI,1997,IHS-I,GPWG,N,c,0,1,0,0,1997,0,1997.83
3.401451587677002,463.5982971191406,1,MWI,1997,IHS-I,GPWG,N,c,0,1,0,0,1997,0,1997.83
2.032728433609009,778.125,1,MWI,1997,IHS-I,GPWG,N,c,0,1,0,0,1997,0,1997.83
4.104693412780762,231.7991485595703,1,MWI,1997,IHS-I,GPWG,N,c,0,1,0,0,1997,0,1997.83
2.2473552227020264,684.272705078125,1,MWI,1997,IHS-I,GPWG,N,c,0,1,0,0,1997,0,1997.83
1.7470036745071411,1149.770751953125,1,MWI,1997,IHS-I,GPWG,N,c,0,1,0,0,1997,0,1997.83
3.701409339904785,502.14227294921875,1,MWI,1997,IHS-I,GPWG,N,c,0,1,0,0,1997,0,1997.83
1.5889455080032349,1689.1708984375,1,MWI,1997,IHS-I,GPWG,N,c,0,1,0,0,1997,0,1997.83
3.546431303024292,342.1363525390625,1,MWI,1997,IHS-I,GPWG,N,c,0,1,0,0,1997,0,1997.83
1.790485143661499,1264.5562744140625,1,MWI,1997,IHS-I,GPWG,N,c,0,1,0,0,1997,0,1997.83
1.3591208457946777,2718.962646484375,1,MWI,1997,IHS-I,GPWG,N,c,0,1,0,0,1997,0,1997.83
1.5295472145080566,842.6378173828125,1,MWI,1997,IHS-I,GPWG,N,c,0,1,0,0,1997,0,1997.83
3.988023519515991,486.5491943359375,1,MWI,1997,IHS-I,GPWG,N,c,0,1,0,0,1997,0,1997.83
2.6710407733917236,2255.0,1,MWI,1997,IHS-I,GPWG,N,c,0,1,0,0,1997,0,1997.83
68.53204345703125,522.1232299804688,1,MWI,1997,IHS-I,GPWG,N,c,0,1,0,0,1997,0,1997.83
5.817744255065918,453.0638122558594,1,MWI,1997,IHS-I,GPWG,N,c,0,1,0,0,1997,0,1997.83
2.1135239601135254,1135.2813720703125,1,MWI,1997,IHS-I,GPWG,N,c,0,1,0,0,1997,0,1997.83
1.2822463512420654,2334.375,1,MWI,1997,IHS-I,GPWG,N,c,0,1,0,0,1997,0,1997.83
1.2371203899383545,973.098388671875,1,MWI,1997,IHS-I,GPWG,N,c,0,1,0,0,1997,0,1997.83
4.451483726501465,463.5982971191406,1,MWI,1997,IHS-I,GPWG,N,c,0,1,0,0,1997,0,1997.83
0.7469466328620911,811.5037841796875,1,MWI,1997,IHS-I,GPWG,N,c,0,1,0,0,1997,0,1997.83
0.7589758038520813,1263.956787109375,1,MWI,1997,IHS-I,GPWG,N,c,0,1,0,0,1997,0,1997.83
3.0572309494018555,421.5187683105469,1,MWI,1997,IHS-I,GPWG,N,c,0,1,0,0,1997,0,1997.83
1.4454182386398315,502.14227294921875,1,MWI,1997,IHS-I,GPWG,N,c,0,1,0,0,1997,0,1997.83
5.597192287445068,387.2400817871094,1,MWI,1997,IHS-I,GPWG,N,c,0,1,0,0,1997,0,1997.83
2.850839853286743,968.1002197265625,1,MWI,1997,IHS-I,GPWG,N,c,0,1,0,0,1997,0,1997.83
6.940573215484619,393.3728942871094,1,MWI,1997,IHS-I,GPWG,N,c,0,1,0,0,1997,0,1997.83
3.2690043449401855,1686.0750732421875,1,MWI,1997,IHS-I,GPWG,N,c,0,1,0,0,1997,0,1997.83
1.8026036024093628,1759.1048583984375,1,MWI,1997,IHS-I,GPWG,N,c,0,1,0,0,1997,0,1997.83
0.5431782603263855,1082.0050048828125,1,MWI,1997,IHS-I,GPWG,N,c,0,1,0,0,1997,0,1997.83
5.316764831542969,238.01695251464844,1,MWI,1997,IHS-I,GPWG,N,c,0,1,0,0,1997,0,1997.83
4.059704780578613,508.237060546875,1,MWI,1997,IHS-I,GPWG,N,c,0,1,0,0,1997,0,1997.83
1.704890489578247,1149.770751953125,1,MWI,1997,IHS-I,GPWG,N,c,0,1,0,0,1997,0,1997.83
2.1125588417053223,169.412353515625,1,MWI,1997,IHS-I,GPWG,N,c,0,1,0,0,1997,0,1997.83
8.422319412231445,231.7991485595703,1,MWI,1997,IHS-I,GPWG,N,c,0,1,0,0,1997,0,1997.83
1.9942258596420288,348.3789367675781,1,MWI,1997,IHS-I,GPWG,N,c,0,1,0,0,1997,0,1997.83
1.562928318977356,1263.956787109375,1,MWI,1997,IHS-I,GPWG,N,c,0,1,0,0,1997,0,1997.83
1.8889914751052856,847.061767578125,1,MWI,1997,IHS-I,GPWG,N,c,0,1,0,0,1997,0,1997.83
2.069119691848755,1165.269775390625,1,MWI,1997,IHS-I,GPWG,N,c,0,1,0,0,1997,0,1997.83
2.7184109687805176,377.55316162109375,1,MWI,1997,IHS-I,GPWG,N,c,0,1,0,0,1997,0,1997.83
2.665351629257202,187.68565368652344,1,MWI,1997,IHS-I,GPWG,N,c,0,1,0,0,1997,0,1997.83
0.8483613729476929,1390.794921875,1,MWI,1997,IHS-I,GPWG,N,c,0,1,0,0,1997,0,1997.83
1.735124111175537,1304.2579345703125,1,MWI,1997,IHS-I,GPWG,N,c,0,1,0,0,1997,0,1997.83
2.883063554763794,421.5187683105469,1,MWI,1997,IHS-I,GPWG,N,c,0,1,0,0,1997,0,1997.83
2.2179436683654785,580.631591796875,1,MWI,1997,IHS-I,GPWG,N,c,0,1,0,0,1997,0,1997.83
1.1813774108886719,811.5037841796875,1,MWI,1997,IHS-I,GPWG,N,c,0,1,0,0,1997,0,1997.83
1.2011182308197021,1623.007568359375,1,MWI,1997,IHS-I,GPWG,N,c,0,1,0,0,1997,0,1997.83
2.0074331760406494,151.73875427246094,1,MWI,1997,IHS-I,GPWG,N,c,0,1,0,0,1997,0,1997.83
2.301488161087036,1161.72021484375,1,MWI,1997,IHS-I,GPWG,N,c,0,1,0,0,1997,0,1997.83
2.0495808124542236,1016.47412109375,1,MWI,1997,IHS-I,GPWG,N,c,0,1,0,0,1997,0,1997.83
28.954439163208008,783.184814453125,1,MWI,1997,IHS-I,GPWG,N,c,0,1,0,0,1997,0,1997.83
1.506150484085083,387.2400817871094,1,MWI,1997,IHS-I,GPWG,N,c,0,1,0,0,1997,0,1997.83
3.5991873741149902,116.12631225585938,1,MWI,1997,IHS-I,GPWG,N,c,0,1,0,0,1997,0,1997.83
3.6712381839752197,210.75938415527344,1,MWI,1997,IHS-I,GPWG,N,c,0,1,0,0,1997,0,1997.83
3.3530805110931396,938.4282836914062,1,MWI,1997,IHS-I,GPWG,N,c,0,1,0,0,1997,0,1997.83
2.0343523025512695,116.12631225585938,1,MWI,1997,IHS-I,GPWG,N,c,0,1,0,0,1997,0,1997.83
1.3094542026519775,580.631591796875,1,MWI,1997,IHS-I,GPWG,N,c,0,1,0,0,1997,0,1997.83
3.081545352935791,1685.275634765625,1,MWI,1997,IHS-I,GPWG,N,c,0,1,0,0,1997,0,1997.83
1.0351221561431885,580.631591796875,1,MWI,1997,IHS-I,GPWG,N,c,0,1,0,0,1997,0,1997.83
2.786069631576538,580.860107421875,1,MWI,1997,IHS-I,GPWG,N,c,0,1,0,0,1997,0,1997.83
1.6525774002075195,1352.5062255859375,1,MWI,1997,IHS-I,GPWG,N,c,0,1,0,0,1997,0,1997.83
1.3522567749023438,753.902099609375,1,MWI,1997,IHS-I,GPWG,N,c,0,1,0,0,1997,0,1997.83
1.3522361516952515,1475.315673828125,1,MWI,1997,IHS-I,GPWG,N,c,0,1,0,0,1997,0,1997.83
1.5495702028274536,1553.6929931640625,1,MWI,1997,IHS-I,GPWG,N,c,0,1,0,0,1997,0,1997.83
4.9173455238342285,297.74896240234375,1,MWI,1997,IHS-I,GPWG,N,c,0,1,0,0,1997,0,1997.83
2.6892454624176025,580.860107421875,1,MWI,1997,IHS-I,GPWG,N,c,0,1,0,0,1997,0,1997.83
1.3626816272735596,232.25262451171875,1,MWI,1997,IHS-I,GPWG,N,c,0,1,0,0,1997,0,1997.83
4.066257953643799,456.18182373046875,1,MWI,1997,IHS-I,GPWG,N,c,0,1,0,0,1997,0,1997.83
1.9994144439697266,753.902099609375,1,MWI,1997,IHS-I,GPWG,N,c,0,1,0,0,1997,0,1997.83
1.3622983694076538,1577.0999755859375,1,MWI,1997,IHS-I,GPWG,N,c,0,1,0,0,1997,0,1997.83
1.5790539979934692,847.061767578125,1,MWI,1997,IHS-I,GPWG,N,c,0,1,0,0,1997,0,1997.83
5.5198750495910645,217.37632751464844,1,MWI,1997,IHS-I,GPWG,N,c,0,1,0,0,1997,0,1997.83
3.2229437828063965,297.74896240234375,1,MWI,1997,IHS-I,GPWG,N,c,0,1,0,0,1997,0,1997.83
1.2152577638626099,1337.4339599609375,1,MWI,1997,IHS-I,GPWG,N,c,0,1,0,0,1997,0,1997.83
1.9923031330108643,753.902099609375,1,MWI,1997,IHS-I,GPWG,N,c,0,1,0,0,1997,0,1997.83
2.3959062099456787,1114.5283203125,1,MWI,1997,IHS-I,GPWG,N,c,0,1,0,0,1997,0,1997.83
1.3494702577590942,421.31890869140625,1,MWI,1997,IHS-I,GPWG,N,c,0,1,0,0,1997,0,1997.83
1.4240188598632812,842.6378173828125,1,MWI,1997,IHS-I,GPWG,N,c,0,1,0,0,1997,0,1997.83
5.451723098754883,338.82470703125,1,MWI,1997,IHS-I,GPWG,N,c,0,1,0,0,1997,0,1997.83
2.276995897293091,508.237060546875,1,MWI,1997,IHS-I,GPWG,N,c,0,1,0,0,1997,0,1997.83
2.9867215156555176,421.31890869140625,1,MWI,1997,IHS-I,GPWG,N,c,0,1,0,0,1997,0,1997.83
2.353748321533203,2718.962646484375,1,MWI,1997,IHS-I,GPWG,N,c,0,1,0,0,1997,0,1997.83
38.01396560668945,1566.36962890625,1,MWI,1997,IHS-I,GPWG,N,c,0,1,0,0,1997,0,1997.83
5.4913201332092285,393.3728942871094,1,MWI,1997,IHS-I,GPWG,N,c,0,1,0,0,1997,0,1997.83
1.6709328889846802,421.5187683105469,1,MWI,1997,IHS-I,GPWG,N,c,0,1,0,0,1997,0,1997.83
14.018301010131836,522.1232299804688,1,MWI,1997,IHS-I,GPWG,N,c,0,1,0,0,1997,0,1997.83
1.6815040111541748,528.574462890625,1,MWI,1997,IHS-I,GPWG,N,c,0,1,0,0,1997,0,1997.83
1.254095435142517,774.4801635742188,1,MWI,1997,IHS-I,GPWG,N,c,0,1,0,0,1997,0,1997.83
6.291838645935059,906.1276245117188,1,MWI,1997,IHS-I,GPWG,N,c,0,1,0,0,1997,0,1997.83
1.5209770202636719,1474.6162109375,1,MWI,1997,IHS-I,GPWG,N,c,0,1,0,0,1997,0,1997.83
1.8446162939071655,561.665283203125,1,MWI,1997,IHS-I,GPWG,N,c,0,1,0,0,1997,0,1997.83
2.03029465675354,508.237060546875,1,MWI,1997,IHS-I,GPWG,N,c,0,1,0,0,1997,0,1997.83
2.3025779724121094,580.860107421875,1,MWI,1997,IHS-I,GPWG,N,c,0,1,0,0,1997,0,1997.83
4.311017990112305,187.68565368652344,1,MWI,1997,IHS-I,GPWG,N,c,0,1,0,0,1997,0,1997.83
3.632814645767212,652.1289672851562,1,MWI,1997,IHS-I,GPWG,N,c,0,1,0,0,1997,0,1997.83
1.3638179302215576,1005.2027587890625,1,MWI,1997,IHS-I,GPWG,N,c,0,1,0,0,1997,0,1997.83
2.285100221633911,570.227294921875,1,MWI,1997,IHS-I,GPWG,N,c,0,1,0,0,1997,0,1997.83
9.76028060913086,59.50423812866211,1,MWI,1997,IHS-I,GPWG,N,c,0,1,0,0,1997,0,1997.83
1.1933493614196777,455.21624755859375,1,MWI,1997,IHS-I,GPWG,N,c,0,1,0,0,1997,0,1997.83
5.219451904296875,843.0375366210938,1,MWI,1997,IHS-I,GPWG,N,c,0,1,0,0,1997,0,1997.83
1.2616993188858032,1506.4267578125,1,MWI,1997,IHS-I,GPWG,N,c,0,1,0,0,1997,0,1997.83
1.5786314010620117,1352.5062255859375,1,MWI,1997,IHS-I,GPWG,N,c,0,1,0,0,1997,0,1997.83
2.293937921524048,648.7322387695312,1,MWI,1997,IHS-I,GPWG,N,c,0,1,0,0,1997,0,1997.83
1.1966577768325806,1263.956787109375,1,MWI,1997,IHS-I,GPWG,N,c,0,1,0,0,1997,0,1997.83
1.1666216850280762,580.860107421875,1,MWI,1997,IHS-I,GPWG,N,c,0,1,0,0,1997,0,1997.83
9.759176254272461,119.00847625732422,1,MWI,1997,IHS-I,GPWG,N,c,0,1,0,0,1997,0,1997.83
25.057844161987305,393.3728942871094,1,MWI,1997,IHS-I,GPWG,N,c,0,1,0,0,1997,0,1997.83
2.7476727962493896,753.902099609375,1,MWI,1997,IHS-I,GPWG,N,c,0,1,0,0,1997,0,1997.83
1.5461660623550415,1165.269775390625,1,MWI,1997,IHS-I,GPWG,N,c,0,1,0,0,1997,0,1997.83
0.9625082612037659,1263.956787109375,1,MWI,1997,IHS-I,GPWG,N,c,0,1,0,0,1997,0,1997.83
3.6259982585906982,563.0569458007812,1,MWI,1997,IHS-I,GPWG,N,c,0,1,0,0,1997,0,1997.83
1.9147827625274658,777.5694580078125,1,MWI,1997,IHS-I,GPWG,N,c,0,1,0,0,1997,0,1997.83
3.231443166732788,893.2468872070312,1,MWI,1997,IHS-I,GPWG,N,c,0,1,0,0,1997,0,1997.83
1.1535720825195312,973.098388671875,1,MWI,1997,IHS-I,GPWG,N,c,0,1,0,0,1997,0,1997.83
2.79537034034729,357.0254211425781,1,MWI,1997,IHS-I,GPWG,N,c,0,1,0,0,1997,0,1997.83
2.0004215240478516,508.237060546875,1,MWI,1997,IHS-I,GPWG,N,c,0,1,0,0,1997,0,1997.83
5.202317237854004,393.3728942871094,1,MWI,1997,IHS-I,GPWG,N,c,0,1,0,0,1997,0,1997.83
7.949743270874023,811.5037841796875,1,MWI,1997,IHS-I,GPWG,N,c,0,1,0,0,1997,0,1997.83
1.9077056646347046,1161.72021484375,1,MWI,1997,IHS-I,GPWG,N,c,0,1,0,0,1997,0,1997.83
1.513037085533142,1783.2452392578125,1,MWI,1997,IHS-I,GPWG,N,c,0,1,0,0,1997,0,1997.83
1.2824629545211792,348.3789367675781,1,MWI,1997,IHS-I,GPWG,N,c,0,1,0,0,1997,0,1997.83
12.202722549438477,148.87448120117188,1,MWI,1997,IHS-I,GPWG,N,c,0,1,0,0,1997,0,1997.83
0.34596219658851624,842.6378173828125,1,MWI,1997,IHS-I,GPWG,N,c,0,1,0,0,1997,0,1997.83
3.091632604598999,187.2217559814453,1,MWI,1997,IHS-I,GPWG,N,c,0,1,0,0,1997,0,1997.83
6.261897563934326,783.184814453125,1,MWI,1997,IHS-I,GPWG,N,c,0,1,0,0,1997,0,1997.83
1.3039255142211914,648.7322387695312,1,MWI,1997,IHS-I,GPWG,N,c,0,1,0,0,1997,0,1997.83
1.0024913549423218,1854.3931884765625,1,MWI,1997,IHS-I,GPWG,N,c,0,1,0,0,1997,0,1997.83
3.1271066665649414,590.059326171875,1,MWI,1997,IHS-I,GPWG,N,c,0,1,0,0,1997,0,1997.83
1.0739338397979736,1814.3287353515625,1,MWI,1997,IHS-I,GPWG,N,c,0,1,0,0,1997,0,1997.83
0.945277988910675,842.6378173828125,1,MWI,1997,IHS-I,GPWG,N,c,0,1,0,0,1997,0,1997.83
3.0573480129241943,455.21624755859375,1,MWI,1997,IHS-I,GPWG,N,c,0,1,0,0,1997,0,1997.83
2.0380187034606934,842.6378173828125,1,MWI,1997,IHS-I,GPWG,N,c,0,1,0,0,1997,0,1997.83
0.876641571521759,1264.5562744140625,1,MWI,1997,IHS-I,GPWG,N,c,0,1,0,0,1997,0,1997.83
1.4348763227462769,580.860107421875,1,MWI,1997,IHS-I,GPWG,N,c,0,1,0,0,1997,0,1997.83
8.023334503173828,148.87448120117188,1,MWI,1997,IHS-I,GPWG,N,c,0,1,0,0,1997,0,1997.83
3.949479341506958,375.3713073730469,1,MWI,1997,IHS-I,GPWG,N,c,0,1,0,0,1997,0,1997.83
1.6478922367095947,1893.5087890625,1,MWI,1997,IHS-I,GPWG,N,c,0,1,0,0,1997,0,1997.83
3.6424732208251953,302.04254150390625,1,MWI,1997,IHS-I,GPWG,N,c,0,1,0,0,1997,0,1997.83
3.9054386615753174,342.1363525390625,1,MWI,1997,IHS-I,GPWG,N,c,0,1,0,0,1997,0,1997.83
0.9857366681098938,1556.25,1,MWI,1997,IHS-I,GPWG,N,c,0,1,0,0,1997,0,1997.83
5.448462009429932,1313.799560546875,1,MWI,1997,IHS-I,GPWG,N,c,0,1,0,0,1997,0,1997.83
2.421630620956421,421.31890869140625,1,MWI,1997,IHS-I,GPWG,N,c,0,1,0,0,1997,0,1997.83
5.2115559577941895,374.4435119628906,1,MWI,1997,IHS-I,GPWG,N,c,0,1,0,0,1997,0,1997.83
8.924960136413574,148.87448120117188,1,MWI,1997,IHS-I,GPWG,N,c,0,1,0,0,1997,0,1997.83
1.6064497232437134,744.3724365234375,1,MWI,1997,IHS-I,GPWG,N,c,0,1,0,0,1997,0,1997.83
2.0660126209259033,1622.593994140625,1,MWI,1997,IHS-I,GPWG,N,c,0,1,0,0,1997,0,1997.83
7.427031993865967,842.6378173828125,1,MWI,1997,IHS-I,GPWG,N,c,0,1,0,0,1997,0,1997.83
7.828742980957031,421.5187683105469,1,MWI,1997,IHS-I,GPWG,N,c,0,1,0,0,1997,0,1997.83
1.0659360885620117,973.098388671875,1,MWI,1997,IHS-I,GPWG,N,c,0,1,0,0,1997,0,1997.83
4.304497718811035,226.5319061279297,1,MWI,1997,IHS-I,GPWG,N,c,0,1,0,0,1997,0,1997.83
0.6277004480361938,1005.2027587890625,1,MWI,1997,IHS-I,GPWG,N,c,0,1,0,0,1997,0,1997.83
2.3972384929656982,1263.956787109375,1,MWI,1997,IHS-I,GPWG,N,c,0,1,0,0,1997,0,1997.83
3.1841723918914795,324.3661193847656,1,MWI,1997,IHS-I,GPWG,N,c,0,1,0,0,1997,0,1997.83
5.253085613250732,459.9083251953125,1,MWI,1997,IHS-I,GPWG,N,c,0,1,0,0,1997,0,1997.83
4.655817985534668,843.0375366210938,1,MWI,1997,IHS-I,GPWG,N,c,0,1,0,0,1997,0,1997.83
1.0332037210464478,968.1002197265625,1,MWI,1997,IHS-I,GPWG,N,c,0,1,0,0,1997,0,1997.83
1.9574439525604248,421.31890869140625,1,MWI,1997,IHS-I,GPWG,N,c,0,1,0,0,1997,0,1997.83
3.6478028297424316,563.0569458007812,1,MWI,1997,IHS-I,GPWG,N,c,0,1,0,0,1997,0,1997.83
2.2721493244171143,296.79998779296875,1,MWI,1997,IHS-I,GPWG,N,c,0,1,0,0,1997,0,1997.83
2.588615894317627,1304.2579345703125,1,MWI,1997,IHS-I,GPWG,N,c,0,1,0,0,1997,0,1997.83
3.5473947525024414,652.1289672851562,1,MWI,1997,IHS-I,GPWG,N,c,0,1,0,0,1997,0,1997.83
1.985901117324829,1475.315673828125,1,MWI,1997,IHS-I,GPWG,N,c,0,1,0,0,1997,0,1997.83
5.500057697296143,302.04254150390625,1,MWI,1997,IHS-I,GPWG,N,c,0,1,0,0,1997,0,1997.83
3.037182331085205,1180.11865234375,1,MWI,1997,IHS-I,GPWG,N,c,0,1,0,0,1997,0,1997.83
2.060032606124878,631.9783935546875,1,MWI,1997,IHS-I,GPWG,N,c,0,1,0,0,1997,0,1997.83
3.2463583946228027,296.79998779296875,1,MWI,1997,IHS-I,GPWG,N,c,0,1,0,0,1997,0,1997.83
7.069060802459717,151.02127075195312,1,MWI,1997,IHS-I,GPWG,N,c,0,1,0,0,1997,0,1997.83
1.760757327079773,927.1965942382812,1,MWI,1997,IHS-I,GPWG,N,c,0,1,0,0,1997,0,1997.83
1.7335021495819092,632.2781372070312,1,MWI,1997,IHS-I,GPWG,N,c,0,1,0,0,1997,0,1997.83
2.307757616043091,259.1898193359375,1,MWI,1997,IHS-I,GPWG,N,c,0,1,0,0,1997,0,1997.83
3.5871121883392334,750.7426147460938,1,MWI,1997,IHS-I,GPWG,N,c,0,1,0,0,1997,0,1997.83
1.1419504880905151,1264.5562744140625,1,MWI,1997,IHS-I,GPWG,N,c,0,1,0,0,1997,0,1997.83
3.6324214935302734,590.059326171875,1,MWI,1997,IHS-I,GPWG,N,c,0,1,0,0,1997,0,1997.83
1.8803808689117432,1255.355712890625,1,MWI,1997,IHS-I,GPWG,N,c,0,1,0,0,1997,0,1997.83
1.7282922267913818,891.6226196289062,1,MWI,1997,IHS-I,GPWG,N,c,0,1,0,0,1997,0,1997.83
3.1064698696136475,456.18182373046875,1,MWI,1997,IHS-I,GPWG,N,c,0,1,0,0,1997,0,1997.83
1.0942919254302979,1501.4852294921875,1,MWI,1997,IHS-I,GPWG,N,c,0,1,0,0,1997,0,1997.83
6.712161540985107,1566.36962890625,1,MWI,1997,IHS-I,GPWG,N,c,0,1,0,0,1997,0,1997.83
9.839080810546875,843.0375366210938,1,MWI,1997,IHS-I,GPWG,N,c,0,1,0,0,1997,0,1997.83
10.607137680053711,151.02127075195312,1,MWI,1997,IHS-I,GPWG,N,c,0,1,0,0,1997,0,1997.83
1.920209288597107,1161.72021484375,1,MWI,1997,IHS-I,GPWG,N,c,0,1,0,0,1997,0,1997.83
1.4764235019683838,541.0025024414062,1,MWI,1997,IHS-I,GPWG,N,c,0,1,0,0,1997,0,1997.83
1.497323989868164,502.14227294921875,1,MWI,1997,IHS-I,GPWG,N,c,0,1,0,0,1997,0,1997.83
2.8141345977783203,303.4775085449219,1,MWI,1997,IHS-I,GPWG,N,c,0,1,0,0,1997,0,1997.83
4.116264343261719,193.6200408935547,1,MWI,1997,IHS-I,GPWG,N,c,0,1,0,0,1997,0,1997.83
5.380770206451416,2088.492919921875,1,MWI,1997,IHS-I,GPWG,N,c,0,1,0,0,1997,0,1997.83
1.505008578300476,677.6494140625,1,MWI,1997,IHS-I,GPWG,N,c,0,1,0,0,1997,0,1997.83
12.423822402954102,541.0025024414062,1,MWI,1997,IHS-I,GPWG,N,c,0,1,0,0,1997,0,1997.83
4.2830047607421875,114.04545593261719,1,MWI,1997,IHS-I,GPWG,N,c,0,1,0,0,1997,0,1997.83
3.2879703044891357,445.1999816894531,1,MWI,1997,IHS-I,GPWG,N,c,0,1,0,0,1997,0,1997.83
0.5297504663467407,563.0569458007812,1,MWI,1997,IHS-I,GPWG,N,c,0,1,0,0,1997,0,1997.83
1.4334839582443237,1623.007568359375,1,MWI,1997,IHS-I,GPWG,N,c,0,1,0,0,1997,0,1997.83
2.1907482147216797,486.5491943359375,1,MWI,1997,IHS-I,GPWG,N,c,0,1,0,0,1997,0,1997.83
1.2718859910964966,1475.315673828125,1,MWI,1997,IHS-I,GPWG,N,c,0,1,0,0,1997,0,1997.83
2.0065155029296875,1437.446533203125,1,MWI,1997,IHS-I,GPWG,N,c,0,1,0,0,1997,0,1997.83
1.3067971467971802,455.21624755859375,1,MWI,1997,IHS-I,GPWG,N,c,0,1,0,0,1997,0,1997.83
0.961884081363678,847.061767578125,1,MWI,1997,IHS-I,GPWG,N,c,0,1,0,0,1997,0,1997.83
1.770340085029602,1016.47412109375,1,MWI,1997,IHS-I,GPWG,N,c,0,1,0,0,1997,0,1997.83
2.4159886837005615,748.8870239257812,1,MWI,1997,IHS-I,GPWG,N,c,0,1,0,0,1997,0,1997.83
1.1273268461227417,348.3789367675781,1,MWI,1997,IHS-I,GPWG,N,c,0,1,0,0,1997,0,1997.83
1.0275402069091797,193.6200408935547,1,MWI,1997,IHS-I,GPWG,N,c,0,1,0,0,1997,0,1997.83
3.0759775638580322,842.6378173828125,1,MWI,1997,IHS-I,GPWG,N,c,0,1,0,0,1997,0,1997.83
2.057018280029297,479.14886474609375,1,MWI,1997,IHS-I,GPWG,N,c,0,1,0,0,1997,0,1997.83
1.4915506839752197,348.3789367675781,1,MWI,1997,IHS-I,GPWG,N,c,0,1,0,0,1997,0,1997.83
0.9621835350990295,1555.138916015625,1,MWI,1997,IHS-I,GPWG,N,c,0,1,0,0,1997,0,1997.83
17.46884536743164,148.39999389648438,1,MWI,1997,IHS-I,GPWG,N,c,0,1,0,0,1997,0,1997.83
1.7383370399475098,387.2400817871094,1,MWI,1997,IHS-I,GPWG,N,c,0,1,0,0,1997,0,1997.83
3.304706335067749,259.375,1,MWI,1997,IHS-I,GPWG,N,c,0,1,0,0,1997,0,1997.83
4.380736827850342,561.665283203125,1,MWI,1997,IHS-I,GPWG,N,c,0,1,0,0,1997,0,1997.83
5.567925453186035,1256.50341796875,1,MWI,1997,IHS-I,GPWG,N,c,0,1,0,0,1997,0,1997.83
2.7375950813293457,1264.5562744140625,1,MWI,1997,IHS-I,GPWG,N,c,0,1,0,0,1997,0,1997.83
2.424323558807373,843.0375366210938,1,MWI,1997,IHS-I,GPWG,N,c,0,1,0,0,1997,0,1997.83
0.6136792302131653,1895.93505859375,1,MWI,1997,IHS-I,GPWG,N,c,0,1,0,0,1997,0,1997.83
6.241003513336182,786.7457885742188,1,MWI,1997,IHS-I,GPWG,N,c,0,1,0,0,1997,0,1997.83
1.9061203002929688,1264.5562744140625,1,MWI,1997,IHS-I,GPWG,N,c,0,1,0,0,1997,0,1997.83
3.4945104122161865,580.631591796875,1,MWI,1997,IHS-I,GPWG,N,c,0,1,0,0,1997,0,1997.83
1.5400350093841553,1916.595458984375,1,MWI,1997,IHS-I,GPWG,N,c,0,1,0,0,1997,0,1997.83
1.7129673957824707,1182.824951171875,1,MWI,1997,IHS-I,GPWG,N,c,0,1,0,0,1997,0,1997.83
1.1355329751968384,1161.72021484375,1,MWI,1997,IHS-I,GPWG,N,c,0,1,0,0,1997,0,1997.83
1.434648036956787,758.6937866210938,1,MWI,1997,IHS-I,GPWG,N,c,0,1,0,0,1997,0,1997.83
0.9496751427650452,1355.298828125,1,MWI,1997,IHS-I,GPWG,N,c,0,1,0,0,1997,0,1997.83
2.555765390396118,758.6937866210938,1,MWI,1997,IHS-I,GPWG,N,c,0,1,0,0,1997,0,1997.83
2.738495349884033,193.6200408935547,1,MWI,1997,IHS-I,GPWG,N,c,0,1,0,0,1997,0,1997.83
1.6366084814071655,968.1002197265625,1,MWI,1997,IHS-I,GPWG,N,c,0,1,0,0,1997,0,1997.83
1.4635878801345825,1255.355712890625,1,MWI,1997,IHS-I,GPWG,N,c,0,1,0,0,1997,0,1997.83
1.359979271888733,464.5052490234375,1,MWI,1997,IHS-I,GPWG,N,c,0,1,0,0,1997,0,1997.83
2.892807722091675,342.1363525390625,1,MWI,1997,IHS-I,GPWG,N,c,0,1,0,0,1997,0,1997.83
8.946828842163086,421.31890869140625,1,MWI,1997,IHS-I,GPWG,N,c,0,1,0,0,1997,0,1997.83
1.7679994106292725,387.2400817871094,1,MWI,1997,IHS-I,GPWG,N,c,0,1,0,0,1997,0,1997.83
1.0941541194915771,2395.744384765625,1,MWI,1997,IHS-I,GPWG,N,c,0,1,0,0,1997,0,1997.83
3.4399056434631348,843.0375366210938,1,MWI,1997,IHS-I,GPWG,N,c,0,1,0,0,1997,0,1997.83
0.6220715045928955,812.8841552734375,1,MWI,1997,IHS-I,GPWG,N,c,0,1,0,0,1997,0,1997.83
2.6471478939056396,632.2781372070312,1,MWI,1997,IHS-I,GPWG,N,c,0,1,0,0,1997,0,1997.83
3.2270984649658203,1507.80419921875,1,MWI,1997,IHS-I,GPWG,N,c,0,1,0,0,1997,0,1997.83
4.349555015563965,375.3713073730469,1,MWI,1997,IHS-I,GPWG,N,c,0,1,0,0,1997,0,1997.83
2.0602121353149414,2439.91357421875,1,MWI,1997,IHS-I,GPWG,N,c,0,1,0,0,1997,0,1997.83
1.0495957136154175,1390.794921875,1,MWI,1997,IHS-I,GPWG,N,c,0,1,0,0,1997,0,1997.83
3.14551043510437,1521.63427734375,1,MWI,1997,IHS-I,GPWG,N,c,0,1,0,0,1997,0,1997.83
3.1949663162231445,1190.995849609375,1,MWI,1997,IHS-I,GPWG,N,c,0,1,0,0,1997,0,1997.83
4.574057102203369,502.14227294921875,1,MWI,1997,IHS-I,GPWG,N,c,0,1,0,0,1997,0,1997.83
3.1859290599823,958.2977294921875,1,MWI,1997,IHS-I,GPWG,N,c,0,1,0,0,1997,0,1997.83
2.7865676879882812,830.6170043945312,1,MWI,1997,IHS-I,GPWG,N,c,0,1,0,0,1997,0,1997.83
1.1197319030761719,842.6378173828125,1,MWI,1997,IHS-I,GPWG,N,c,0,1,0,0,1997,0,1997.83
28.339557647705078,119.00847625732422,1,MWI,1997,IHS-I,GPWG,N,c,0,1,0,0,1997,0,1997.83
1.9632962942123413,1739.0106201171875,1,MWI,1997,IHS-I,GPWG,N,c,0,1,0,0,1997,0,1997.83
1.0189460515975952,464.5052490234375,1,MWI,1997,IHS-I,GPWG,N,c,0,1,0,0,1997,0,1997.83
1.243462324142456,1893.5087890625,1,MWI,1997,IHS-I,GPWG,N,c,0,1,0,0,1997,0,1997.83
5.857469081878662,231.7991485595703,1,MWI,1997,IHS-I,GPWG,N,c,0,1,0,0,1997,0,1997.83
15.494994163513184,196.6864471435547,1,MWI,1997,IHS-I,GPWG,N,c,0,1,0,0,1997,0,1997.83
2.5928118228912354,1437.446533203125,1,MWI,1997,IHS-I,GPWG,N,c,0,1,0,0,1997,0,1997.83
2.2805838584899902,938.4282836914062,1,MWI,1997,IHS-I,GPWG,N,c,0,1,0,0,1997,0,1997.83
6.529068946838379,902.0,1,MWI,1997,IHS-I,GPWG,N,c,0,1,0,0,1997,0,1997.83
3.132017135620117,522.1232299804688,1,MWI,1997,IHS-I,GPWG,N,c,0,1,0,0,1997,0,1997.83
4.865717887878418,783.184814453125,1,MWI,1997,IHS-I,GPWG,N,c,0,1,0,0,1997,0,1997.83
0.9101327061653137,1062.1712646484375,1,MWI,1997,IHS-I,GPWG,N,c,0,1,0,0,1997,0,1997.83
3.1707465648651123,518.75,1,MWI,1997,IHS-I,GPWG,N,c,0,1,0,0,1997,0,1997.83
1.3809791803359985,518.75,1,MWI,1997,IHS-I,GPWG,N,c,0,1,0,0,1997,0,1997.83
0.9095684885978699,1185.886474609375,1,MWI,1997,IHS-I,GPWG,N,c,0,1,0,0,1997,0,1997.83
3.132094144821167,148.87448120117188,1,MWI,1997,IHS-I,GPWG,N,c,0,1,0,0,1997,0,1997.83
3.121185064315796,753.902099609375,1,MWI,1997,IHS-I,GPWG,N,c,0,1,0,0,1997,0,1997.83
1.099320888519287,606.9550170898438,1,MWI,1997,IHS-I,GPWG,N,c,0,1,0,0,1997,0,1997.83
1.7008479833602905,648.7322387695312,1,MWI,1997,IHS-I,GPWG,N,c,0,1,0,0,1997,0,1997.83
6.107812881469727,486.5491943359375,1,MWI,1997,IHS-I,GPWG,N,c,0,1,0,0,1997,0,1997.83
1.1425482034683228,1053.2972412109375,1,MWI,1997,IHS-I,GPWG,N,c,0,1,0,0,1997,0,1997.83
3.4521615505218506,486.5491943359375,1,MWI,1997,IHS-I,GPWG,N,c,0,1,0,0,1997,0,1997.83
1.7478536367416382,1304.2579345703125,1,MWI,1997,IHS-I,GPWG,N,c,0,1,0,0,1997,0,1997.83
2.670367479324341,606.9550170898438,1,MWI,1997,IHS-I,GPWG,N,c,0,1,0,0,1997,0,1997.83
3.2093141078948975,968.1002197265625,1,MWI,1997,IHS-I,GPWG,N,c,0,1,0,0,1997,0,1997.83
0.6951204538345337,811.5037841796875,1,MWI,1997,IHS-I,GPWG,N,c,0,1,0,0,1997,0,1997.83
2.754936933517456,788.5499877929688,1,MWI,1997,IHS-I,GPWG,N,c,0,1,0,0,1997,0,1997.83
3.8395602703094482,1942.1162109375,1,MWI,1997,IHS-I,GPWG,N,c,0,1,0,0,1997,0,1997.83
1.985268473625183,1126.1138916015625,1,MWI,1997,IHS-I,GPWG,N,c,0,1,0,0,1997,0,1997.83
2.1670548915863037,2261.706298828125,1,MWI,1997,IHS-I,GPWG,N,c,0,1,0,0,1997,0,1997.83
1.0506211519241333,677.6494140625,1,MWI,1997,IHS-I,GPWG,N,c,0,1,0,0,1997,0,1997.83
2.4149057865142822,502.14227294921875,1,MWI,1997,IHS-I,GPWG,N,c,0,1,0,0,1997,0,1997.83
2.7921712398529053,1609.67919921875,1,MWI,1997,IHS-I,GPWG,N,c,0,1,0,0,1997,0,1997.83
1.7778563499450684,1213.9100341796875,1,MWI,1997,IHS-I,GPWG,N,c,0,1,0,0,1997,0,1997.83
1.187360167503357,1501.4852294921875,1,MWI,1997,IHS-I,GPWG,N,c,0,1,0,0,1997,0,1997.83
1.0091466903686523,1622.593994140625,1,MWI,1997,IHS-I,GPWG,N,c,0,1,0,0,1997,0,1997.83
2.56933331489563,421.5187683105469,1,MWI,1997,IHS-I,GPWG,N,c,0,1,0,0,1997,0,1997.83
4.5008864402771,119.00847625732422,1,MWI,1997,IHS-I,GPWG,N,c,0,1,0,0,1997,0,1997.83
7.391916751861572,210.75938415527344,1,MWI,1997,IHS-I,GPWG,N,c,0,1,0,0,1997,0,1997.83
0.5553335547447205,632.2781372070312,1,MWI,1997,IHS-I,GPWG,N,c,0,1,0,0,1997,0,1997.83
3.18221378326416,187.2217559814453,1,MWI,1997,IHS-I,GPWG,N,c,0,1,0,0,1997,0,1997.83
4.575100898742676,251.30068969726562,1,MWI,1997,IHS-I,GPWG,N,c,0,1,0,0,1997,0,1997.83
1.5552204847335815,968.1002197265625,1,MWI,1997,IHS-I,GPWG,N,c,0,1,0,0,1997,0,1997.83
2.789280891418457,116.12631225585938,1,MWI,1997,IHS-I,GPWG,N,c,0,1,0,0,1997,0,1997.83
22.533973693847656,522.1232299804688,1,MWI,1997,IHS-I,GPWG,N,c,0,1,0,0,1997,0,1997.83
5.2824578285217285,297.74896240234375,1,MWI,1997,IHS-I,GPWG,N,c,0,1,0,0,1997,0,1997.83
3.778183698654175,983.4322509765625,1,MWI,1997,IHS-I,GPWG,N,c,0,1,0,0,1997,0,1997.83
0.8824681043624878,1623.007568359375,1,MWI,1997,IHS-I,GPWG,N,c,0,1,0,0,1997,0,1997.83
1.509932518005371,455.21624755859375,1,MWI,1997,IHS-I,GPWG,N,c,0,1,0,0,1997,0,1997.83
4.448610305786133,375.3713073730469,1,MWI,1997,IHS-I,GPWG,N,c,0,1,0,0,1997,0,1997.83
2.1610183715820312,595.4979248046875,1,MWI,1997,IHS-I,GPWG,N,c,0,1,0,0,1997,0,1997.83
1.298609972000122,2164.010009765625,1,MWI,1997,IHS-I,GPWG,N,c,0,1,0,0,1997,0,1997.83
1.728672742843628,1304.2579345703125,1,MWI,1997,IHS-I,GPWG,N,c,0,1,0,0,1997,0,1997.83
2.0206122398376465,843.0375366210938,1,MWI,1997,IHS-I,GPWG,N,c,0,1,0,0,1997,0,1997.83
2.1273791790008545,3354.0419921875,1,MWI,1997,IHS-I,GPWG,N,c,0,1,0,0,1997,0,1997.83
3.2284836769104004,783.184814453125,1,MWI,1997,IHS-I,GPWG,N,c,0,1,0,0,1997,0,1997.83
1.6111911535263062,1437.446533203125,1,MWI,1997,IHS-I,GPWG,N,c,0,1,0,0,1997,0,1997.83
1.0416853427886963,1355.34033203125,1,MWI,1997,IHS-I,GPWG,N,c,0,1,0,0,1997,0,1997.83
1.102515459060669,1685.275634765625,1,MWI,1997,IHS-I,GPWG,N,c,0,1,0,0,1997,0,1997.83
1.069918155670166,1379.7249755859375,1,MWI,1997,IHS-I,GPWG,N,c,0,1,0,0,1997,0,1997.83
5.239103317260742,783.184814453125,1,MWI,1997,IHS-I,GPWG,N,c,0,1,0,0,1997,0,1997.83
1.05121648311615,1437.446533203125,1,MWI,1997,IHS-I,GPWG,N,c,0,1,0,0,1997,0,1997.83
1.878014326095581,338.82470703125,1,MWI,1997,IHS-I,GPWG,N,c,0,1,0,0,1997,0,1997.83
2.2917070388793945,508.237060546875,1,MWI,1997,IHS-I,GPWG,N,c,0,1,0,0,1997,0,1997.83
2.681281089782715,890.3999633789062,1,MWI,1997,IHS-I,GPWG,N,c,0,1,0,0,1997,0,1997.83
1.4530143737792969,1739.0106201171875,1,MWI,1997,IHS-I,GPWG,N,c,0,1,0,0,1997,0,1997.83
2.138749599456787,338.82470703125,1,MWI,1997,IHS-I,GPWG,N,c,0,1,0,0,1997,0,1997.83
0.9974003434181213,677.6494140625,1,MWI,1997,IHS-I,GPWG,N,c,0,1,0,0,1997,0,1997.83
13.752727508544922,196.6864471435547,1,MWI,1997,IHS-I,GPWG,N,c,0,1,0,0,1997,0,1997.83
3.598226308822632,324.3661193847656,1,MWI,1997,IHS-I,GPWG,N,c,0,1,0,0,1997,0,1997.83
3.2456092834472656,695.3974609375,1,MWI,1997,IHS-I,GPWG,N,c,0,1,0,0,1997,0,1997.83
6.562224388122559,632.2781372070312,1,MWI,1997,IHS-I,GPWG,N,c,0,1,0,0,1997,0,1997.83
2.7576828002929688,193.6200408935547,1,MWI,1997,IHS-I,GPWG,N,c,0,1,0,0,1997,0,1997.83
2.2496373653411865,148.39999389648438,1,MWI,1997,IHS-I,GPWG,N,c,0,1,0,0,1997,0,1997.83
2.411245346069336,1165.269775390625,1,MWI,1997,IHS-I,GPWG,N,c,0,1,0,0,1997,0,1997.83
2.5883305072784424,1158.9957275390625,1,MWI,1997,IHS-I,GPWG,N,c,0,1,0,0,1997,0,1997.83
0.9508137106895447,1895.93505859375,1,MWI,1997,IHS-I,GPWG,N,c,0,1,0,0,1997,0,1997.83
9.290265083312988,1573.4915771484375,1,MWI,1997,IHS-I,GPWG,N,c,0,1,0,0,1997,0,1997.83
2.9522557258605957,210.65945434570312,1,MWI,1997,IHS-I,GPWG,N,c,0,1,0,0,1997,0,1997.83
1.5749633312225342,193.6200408935547,1,MWI,1997,IHS-I,GPWG,N,c,0,1,0,0,1997,0,1997.83
1.4860016107559204,1158.9957275390625,1,MWI,1997,IHS-I,GPWG,N,c,0,1,0,0,1997,0,1997.83
2.893759250640869,783.184814453125,1,MWI,1997,IHS-I,GPWG,N,c,0,1,0,0,1997,0,1997.83
1.775355339050293,1872.217529296875,1,MWI,1997,IHS-I,GPWG,N,c,0,1,0,0,1997,0,1997.83
0.686451256275177,1053.796875,1,MWI,1997,IHS-I,GPWG,N,c,0,1,0,0,1997,0,1997.83
2.4660229682922363,228.09091186523438,1,MWI,1997,IHS-I,GPWG,N,c,0,1,0,0,1997,0,1997.83
1.3792533874511719,1263.956787109375,1,MWI,1997,IHS-I,GPWG,N,c,0,1,0,0,1997,0,1997.83
1.7727051973342896,750.7426147460938,1,MWI,1997,IHS-I,GPWG,N,c,0,1,0,0,1997,0,1997.83
5.231921195983887,786.7457885742188,1,MWI,1997,IHS-I,GPWG,N,c,0,1,0,0,1997,0,1997.83
0.8892052173614502,2330.53955078125,1,MWI,1997,IHS-I,GPWG,N,c,0,1,0,0,1997,0,1997.83
4.477385520935059,869.5053100585938,1,MWI,1997,IHS-I,GPWG,N,c,0,1,0,0,1997,0,1997.83
3.988110065460205,169.412353515625,1,MWI,1997,IHS-I,GPWG,N,c,0,1,0,0,1997,0,1997.83
1.8952593803405762,1037.5,1,MWI,1997,IHS-I,GPWG,N,c,0,1,0,0,1997,0,1997.83
0.7130628228187561,2330.53955078125,1,MWI,1997,IHS-I,GPWG,N,c,0,1,0,0,1997,0,1997.83
2.7681989669799805,421.31890869140625,1,MWI,1997,IHS-I,GPWG,N,c,0,1,0,0,1997,0,1997.83
0.5728972554206848,1082.0050048828125,1,MWI,1997,IHS-I,GPWG,N,c,0,1,0,0,1997,0,1997.83
1.0387005805969238,1507.80419921875,1,MWI,1997,IHS-I,GPWG,N,c,0,1,0,0,1997,0,1997.83
3.1135857105255127,453.0638122558594,1,MWI,1997,IHS-I,GPWG,N,c,0,1,0,0,1997,0,1997.83
2.4283485412597656,580.860107421875,1,MWI,1997,IHS-I,GPWG,N,c,0,1,0,0,1997,0,1997.83
4.039214134216309,297.52117919921875,1,MWI,1997,IHS-I,GPWG,N,c,0,1,0,0,1997,0,1997.83
1.4551979303359985,777.5694580078125,1,MWI,1997,IHS-I,GPWG,N,c,0,1,0,0,1997,0,1997.83
0.8991883993148804,1016.47412109375,1,MWI,1997,IHS-I,GPWG,N,c,0,1,0,0,1997,0,1997.83
5.72353458404541,463.5982971191406,1,MWI,1997,IHS-I,GPWG,N,c,0,1,0,0,1997,0,1997.83
12.762009620666504,297.74896240234375,1,MWI,1997,IHS-I,GPWG,N,c,0,1,0,0,1997,0,1997.83
2.9454362392425537,983.4322509765625,1,MWI,1997,IHS-I,GPWG,N,c,0,1,0,0,1997,0,1997.83
4.242554187774658,695.3974609375,1,MWI,1997,IHS-I,GPWG,N,c,0,1,0,0,1997,0,1997.83
2.2033369541168213,393.3728942871094,1,MWI,1997,IHS-I,GPWG,N,c,0,1,0,0,1997,0,1997.83
2.390946626663208,377.55316162109375,1,MWI,1997,IHS-I,GPWG,N,c,0,1,0,0,1997,0,1997.83
1.2647794485092163,2874.89306640625,1,MWI,1997,IHS-I,GPWG,N,c,0,1,0,0,1997,0,1997.83
3.077910900115967,595.4979248046875,1,MWI,1997,IHS-I,GPWG,N,c,0,1,0,0,1997,0,1997.83
0.9058520197868347,1005.2027587890625,1,MWI,1997,IHS-I,GPWG,N,c,0,1,0,0,1997,0,1997.83
1.3124008178710938,842.6378173828125,1,MWI,1997,IHS-I,GPWG,N,c,0,1,0,0,1997,0,1997.83
2.6503286361694336,606.9550170898438,1,MWI,1997,IHS-I,GPWG,N,c,0,1,0,0,1997,0,1997.83
3.4385392665863037,251.30068969726562,1,MWI,1997,IHS-I,GPWG,N,c,0,1,0,0,1997,0,1997.83
2.2819137573242188,1086.881591796875,1,MWI,1997,IHS-I,GPWG,N,c,0,1,0,0,1997,0,1997.83
2.8655407428741455,1053.796875,1,MWI,1997,IHS-I,GPWG,N,c,0,1,0,0,1997,0,1997.83
4.5264081954956055,231.7991485595703,1,MWI,1997,IHS-I,GPWG,N,c,0,1,0,0,1997,0,1997.83
1.2892417907714844,1053.796875,1,MWI,1997,IHS-I,GPWG,N,c,0,1,0,0,1997,0,1997.83
1.5066981315612793,776.8464965820312,1,MWI,1997,IHS-I,GPWG,N,c,0,1,0,0,1997,0,1997.83
2.114994525909424,1839.63330078125,1,MWI,1997,IHS-I,GPWG,N,c,0,1,0,0,1997,0,1997.83
3.540536642074585,632.2781372070312,1,MWI,1997,IHS-I,GPWG,N,c,0,1,0,0,1997,0,1997.83
0.9350436925888062,1161.72021484375,1,MWI,1997,IHS-I,GPWG,N,c,0,1,0,0,1997,0,1997.83
8.826574325561523,210.65945434570312,1,MWI,1997,IHS-I,GPWG,N,c,0,1,0,0,1997,0,1997.83
1.2587965726852417,580.860107421875,1,MWI,1997,IHS-I,GPWG,N,c,0,1,0,0,1997,0,1997.83
1.0658951997756958,632.2781372070312,1,MWI,1997,IHS-I,GPWG,N,c,0,1,0,0,1997,0,1997.83
0.5429409742355347,1313.799560546875,1,MWI,1997,IHS-I,GPWG,N,c,0,1,0,0,1997,0,1997.83
2.3210411071777344,1304.2579345703125,1,MWI,1997,IHS-I,GPWG,N,c,0,1,0,0,1997,0,1997.83
4.344015598297119,2073.5185546875,1,MWI,1997,IHS-I,GPWG,N,c,0,1,0,0,1997,0,1997.83
1.6281249523162842,455.21624755859375,1,MWI,1997,IHS-I,GPWG,N,c,0,1,0,0,1997,0,1997.83
1.4579064846038818,1264.5562744140625,1,MWI,1997,IHS-I,GPWG,N,c,0,1,0,0,1997,0,1997.83
1.5304237604141235,1005.2027587890625,1,MWI,1997,IHS-I,GPWG,N,c,0,1,0,0,1997,0,1997.83
1.1205857992172241,232.25262451171875,1,MWI,1997,IHS-I,GPWG,N,c,0,1,0,0,1997,0,1997.83
3.374319076538086,695.3974609375,1,MWI,1997,IHS-I,GPWG,N,c,0,1,0,0,1997,0,1997.83
3.9641616344451904,753.21337890625,1,MWI,1997,IHS-I,GPWG,N,c,0,1,0,0,1997,0,1997.83
5.291699409484863,434.7526550292969,1,MWI,1997,IHS-I,GPWG,N,c,0,1,0,0,1997,0,1997.83
1.3127895593643188,893.2468872070312,1,MWI,1997,IHS-I,GPWG,N,c,0,1,0,0,1997,0,1997.83
1.7441565990447998,1086.881591796875,1,MWI,1997,IHS-I,GPWG,N,c,0,1,0,0,1997,0,1997.83
1.458511233329773,1053.796875,1,MWI,1997,IHS-I,GPWG,N,c,0,1,0,0,1997,0,1997.83
12.123385429382324,231.7991485595703,1,MWI,1997,IHS-I,GPWG,N,c,0,1,0,0,1997,0,1997.83
1.2633699178695679,1082.0050048828125,1,MWI,1997,IHS-I,GPWG,N,c,0,1,0,0,1997,0,1997.83
1.3198429346084595,348.3789367675781,1,MWI,1997,IHS-I,GPWG,N,c,0,1,0,0,1997,0,1997.83
2.093844413757324,1686.0750732421875,1,MWI,1997,IHS-I,GPWG,N,c,0,1,0,0,1997,0,1997.83
2.8026413917541504,842.6378173828125,1,MWI,1997,IHS-I,GPWG,N,c,0,1,0,0,1997,0,1997.83
1.5283623933792114,677.6494140625,1,MWI,1997,IHS-I,GPWG,N,c,0,1,0,0,1997,0,1997.83
3.7516188621520996,631.9783935546875,1,MWI,1997,IHS-I,GPWG,N,c,0,1,0,0,1997,0,1997.83
0.5729702711105347,1004.2845458984375,1,MWI,1997,IHS-I,GPWG,N,c,0,1,0,0,1997,0,1997.83
1.574036955833435,1016.47412109375,1,MWI,1997,IHS-I,GPWG,N,c,0,1,0,0,1997,0,1997.83
1.5463677644729614,631.9783935546875,1,MWI,1997,IHS-I,GPWG,N,c,0,1,0,0,1997,0,1997.83
3.2068567276000977,1305.30810546875,1,MWI,1997,IHS-I,GPWG,N,c,0,1,0,0,1997,0,1997.83
1.3213812112808228,910.4324951171875,1,MWI,1997,IHS-I,GPWG,N,c,0,1,0,0,1997,0,1997.83
1.083281397819519,968.1002197265625,1,MWI,1997,IHS-I,GPWG,N,c,0,1,0,0,1997,0,1997.83
5.370166778564453,590.059326171875,1,MWI,1997,IHS-I,GPWG,N,c,0,1,0,0,1997,0,1997.83
1.5130581855773926,563.0569458007812,1,MWI,1997,IHS-I,GPWG,N,c,0,1,0,0,1997,0,1997.83
1.0144572257995605,847.061767578125,1,MWI,1997,IHS-I,GPWG,N,c,0,1,0,0,1997,0,1997.83
11.642544746398926,1305.30810546875,1,MWI,1997,IHS-I,GPWG,N,c,0,1,0,0,1997,0,1997.83
1.1656126976013184,606.9550170898438,1,MWI,1997,IHS-I,GPWG,N,c,0,1,0,0,1997,0,1997.83
1.5441029071807861,563.0569458007812,1,MWI,1997,IHS-I,GPWG,N,c,0,1,0,0,1997,0,1997.83
3.5213205814361572,1507.80419921875,1,MWI,1997,IHS-I,GPWG,N,c,0,1,0,0,1997,0,1997.83
0.8243721127510071,1264.5562744140625,1,MWI,1997,IHS-I,GPWG,N,c,0,1,0,0,1997,0,1997.83
4.2052321434021,1005.2027587890625,1,MWI,1997,IHS-I,GPWG,N,c,0,1,0,0,1997,0,1997.83
2.8125252723693848,217.37632751464844,1,MWI,1997,IHS-I,GPWG,N,c,0,1,0,0,1997,0,1997.83
2.546826124191284,187.2217559814453,1,MWI,1997,IHS-I,GPWG,N,c,0,1,0,0,1997,0,1997.83
5.879920482635498,563.0569458007812,1,MWI,1997,IHS-I,GPWG,N,c,0,1,0,0,1997,0,1997.83
0.5341060161590576,842.6378173828125,1,MWI,1997,IHS-I,GPWG,N,c,0,1,0,0,1997,0,1997.83
0.7077197432518005,1352.5062255859375,1,MWI,1997,IHS-I,GPWG,N,c,0,1,0,0,1997,0,1997.83
1.4203078746795654,1507.80419921875,1,MWI,1997,IHS-I,GPWG,N,c,0,1,0,0,1997,0,1997.83
0.7697147130966187,2164.010009765625,1,MWI,1997,IHS-I,GPWG,N,c,0,1,0,0,1997,0,1997.83
3.044416904449463,421.5187683105469,1,MWI,1997,IHS-I,GPWG,N,c,0,1,0,0,1997,0,1997.83
2.043200969696045,811.5037841796875,1,MWI,1997,IHS-I,GPWG,N,c,0,1,0,0,1997,0,1997.83
2.700183153152466,1556.25,1,MWI,1997,IHS-I,GPWG,N,c,0,1,0,0,1997,0,1997.83
1.1414713859558105,1556.25,1,MWI,1997,IHS-I,GPWG,N,c,0,1,0,0,1997,0,1997.83
5.59268045425415,1566.36962890625,1,MWI,1997,IHS-I,GPWG,N,c,0,1,0,0,1997,0,1997.83
0.5372815132141113,696.7578735351562,1,MWI,1997,IHS-I,GPWG,N,c,0,1,0,0,1997,0,1997.83
5.154973030090332,393.3728942871094,1,MWI,1997,IHS-I,GPWG,N,c,0,1,0,0,1997,0,1997.83
4.430679798126221,1304.2579345703125,1,MWI,1997,IHS-I,GPWG,N,c,0,1,0,0,1997,0,1997.83
3.9072206020355225,778.125,1,MWI,1997,IHS-I,GPWG,N,c,0,1,0,0,1997,0,1997.83
3.443970203399658,968.1002197265625,1,MWI,1997,IHS-I,GPWG,N,c,0,1,0,0,1997,0,1997.83
1.7351000308990479,742.0,1,MWI,1997,IHS-I,GPWG,N,c,0,1,0,0,1997,0,1997.83
1.2535407543182373,695.3974609375,1,MWI,1997,IHS-I,GPWG,N,c,0,1,0,0,1997,0,1997.83
1.758060336112976,1185.886474609375,1,MWI,1997,IHS-I,GPWG,N,c,0,1,0,0,1997,0,1997.83
3.836669921875,590.059326171875,1,MWI,1997,IHS-I,GPWG,N,c,0,1,0,0,1997,0,1997.83
11.078656196594238,1044.2464599609375,1,MWI,1997,IHS-I,GPWG,N,c,0,1,0,0,1997,0,1997.83
1.6796969175338745,910.4324951171875,1,MWI,1997,IHS-I,GPWG,N,c,0,1,0,0,1997,0,1997.83
5.800429821014404,1158.9957275390625,1,MWI,1997,IHS-I,GPWG,N,c,0,1,0,0,1997,0,1997.83
1.8623967170715332,1390.794921875,1,MWI,1997,IHS-I,GPWG,N,c,0,1,0,0,1997,0,1997.83
1.2001330852508545,2010.405517578125,1,MWI,1997,IHS-I,GPWG,N,c,0,1,0,0,1997,0,1997.83
2.094078540802002,324.3661193847656,1,MWI,1997,IHS-I,GPWG,N,c,0,1,0,0,1997,0,1997.83
2.5833420753479004,919.816650390625,1,MWI,1997,IHS-I,GPWG,N,c,0,1,0,0,1997,0,1997.83
3.995948553085327,1005.2027587890625,1,MWI,1997,IHS-I,GPWG,N,c,0,1,0,0,1997,0,1997.83
2.9482882022857666,788.5499877929688,1,MWI,1997,IHS-I,GPWG,N,c,0,1,0,0,1997,0,1997.83
4.422519683837891,778.125,1,MWI,1997,IHS-I,GPWG,N,c,0,1,0,0,1997,0,1997.83
135.0340118408203,1305.30810546875,1,MWI,1997,IHS-I,GPWG,N,c,0,1,0,0,1997,0,1997.83
3.1214630603790283,750.7426147460938,1,MWI,1997,IHS-I,GPWG,N,c,0,1,0,0,1997,0,1997.83
1.921334981918335,421.5187683105469,1,MWI,1997,IHS-I,GPWG,N,c,0,1,0,0,1997,0,1997.83
0.8994831442832947,748.8870239257812,1,MWI,1997,IHS-I,GPWG,N,c,0,1,0,0,1997,0,1997.83
1.3776873350143433,580.631591796875,1,MWI,1997,IHS-I,GPWG,N,c,0,1,0,0,1997,0,1997.83
2.6309218406677246,541.0025024414062,1,MWI,1997,IHS-I,GPWG,N,c,0,1,0,0,1997,0,1997.83
1.6058024168014526,464.5052490234375,1,MWI,1997,IHS-I,GPWG,N,c,0,1,0,0,1997,0,1997.83
1.0134801864624023,847.061767578125,1,MWI,1997,IHS-I,GPWG,N,c,0,1,0,0,1997,0,1997.83
1.64024019241333,1577.0999755859375,1,MWI,1997,IHS-I,GPWG,N,c,0,1,0,0,1997,0,1997.83
2.5383141040802,1339.870361328125,1,MWI,1997,IHS-I,GPWG,N,c,0,1,0,0,1997,0,1997.83
3.3019819259643555,1082.0050048828125,1,MWI,1997,IHS-I,GPWG,N,c,0,1,0,0,1997,0,1997.83
1.3344136476516724,1082.0050048828125,1,MWI,1997,IHS-I,GPWG,N,c,0,1,0,0,1997,0,1997.83
102.04308319091797,786.7457885742188,1,MWI,1997,IHS-I,GPWG,N,c,0,1,0,0,1997,0,1997.83
2.112475872039795,518.75,1,MWI,1997,IHS-I,GPWG,N,c,0,1,0,0,1997,0,1997.83
2.315805435180664,1187.199951171875,1,MWI,1997,IHS-I,GPWG,N,c,0,1,0,0,1997,0,1997.83
2.8978147506713867,580.860107421875,1,MWI,1997,IHS-I,GPWG,N,c,0,1,0,0,1997,0,1997.83
1.915794849395752,1036.75927734375,1,MWI,1997,IHS-I,GPWG,N,c,0,1,0,0,1997,0,1997.83
1.603833794593811,696.7578735351562,1,MWI,1997,IHS-I,GPWG,N,c,0,1,0,0,1997,0,1997.83
4.109045505523682,528.574462890625,1,MWI,1997,IHS-I,GPWG,N,c,0,1,0,0,1997,0,1997.83
4.631545066833496,148.39999389648438,1,MWI,1997,IHS-I,GPWG,N,c,0,1,0,0,1997,0,1997.83
1.6958459615707397,744.3724365234375,1,MWI,1997,IHS-I,GPWG,N,c,0,1,0,0,1997,0,1997.83
13.44798755645752,261.0616149902344,1,MWI,1997,IHS-I,GPWG,N,c,0,1,0,0,1997,0,1997.83
3.258302927017212,1304.2579345703125,1,MWI,1997,IHS-I,GPWG,N,c,0,1,0,0,1997,0,1997.83
1.3985240459442139,631.9783935546875,1,MWI,1997,IHS-I,GPWG,N,c,0,1,0,0,1997,0,1997.83
1.4741082191467285,1016.47412109375,1,MWI,1997,IHS-I,GPWG,N,c,0,1,0,0,1997,0,1997.83
1.3220338821411133,1632.39990234375,1,MWI,1997,IHS-I,GPWG,N,c,0,1,0,0,1997,0,1997.83
3.928100347518921,652.1289672851562,1,MWI,1997,IHS-I,GPWG,N,c,0,1,0,0,1997,0,1997.83
11.542769432067871,1804.0,1,MWI,1997,IHS-I,GPWG,N,c,0,1,0,0,1997,0,1997.83
3.790419101715088,2395.744384765625,1,MWI,1997,IHS-I,GPWG,N,c,0,1,0,0,1997,0,1997.83
1.4147155284881592,968.1002197265625,1,MWI,1997,IHS-I,GPWG,N,c,0,1,0,0,1997,0,1997.83
5.254473686218262,1264.5562744140625,1,MWI,1997,IHS-I,GPWG,N,c,0,1,0,0,1997,0,1997.83
3.5655226707458496,1815.625,1,MWI,1997,IHS-I,GPWG,N,c,0,1,0,0,1997,0,1997.83
12.478484153747559,783.184814453125,1,MWI,1997,IHS-I,GPWG,N,c,0,1,0,0,1997,0,1997.83
0.507563054561615,1053.2972412109375,1,MWI,1997,IHS-I,GPWG,N,c,0,1,0,0,1997,0,1997.83
3.703956365585327,783.184814453125,1,MWI,1997,IHS-I,GPWG,N,c,0,1,0,0,1997,0,1997.83
1.5608024597167969,748.8870239257812,1,MWI,1997,IHS-I,GPWG,N,c,0,1,0,0,1997,0,1997.83
4.475022315979004,1126.1138916015625,1,MWI,1997,IHS-I,GPWG,N,c,0,1,0,0,1997,0,1997.83
2.0918288230895996,778.125,1,MWI,1997,IHS-I,GPWG,N,c,0,1,0,0,1997,0,1997.83
1.1195907592773438,116.12631225585938,1,MWI,1997,IHS-I,GPWG,N,c,0,1,0,0,1997,0,1997.83
5.1504740715026855,1966.864501953125,1,MWI,1997,IHS-I,GPWG,N,c,0,1,0,0,1997,0,1997.83
2.832336902618408,606.9550170898438,1,MWI,1997,IHS-I,GPWG,N,c,0,1,0,0,1997,0,1997.83
2.239713668823242,338.82470703125,1,MWI,1997,IHS-I,GPWG,N,c,0,1,0,0,1997,0,1997.83
1.1764979362487793,1062.1712646484375,1,MWI,1997,IHS-I,GPWG,N,c,0,1,0,0,1997,0,1997.83
0.8872010111808777,810.915283203125,1,MWI,1997,IHS-I,GPWG,N,c,0,1,0,0,1997,0,1997.83
1.7239989042282104,1126.1138916015625,1,MWI,1997,IHS-I,GPWG,N,c,0,1,0,0,1997,0,1997.83
1.9792699813842773,1379.7249755859375,1,MWI,1997,IHS-I,GPWG,N,c,0,1,0,0,1997,0,1997.83
3.2101175785064697,196.6864471435547,1,MWI,1997,IHS-I,GPWG,N,c,0,1,0,0,1997,0,1997.83
2.670646905899048,421.5187683105469,1,MWI,1997,IHS-I,GPWG,N,c,0,1,0,0,1997,0,1997.83
1.8428971767425537,1135.2813720703125,1,MWI,1997,IHS-I,GPWG,N,c,0,1,0,0,1997,0,1997.83
2.049290657043457,750.7426147460938,1,MWI,1997,IHS-I,GPWG,N,c,0,1,0,0,1997,0,1997.83
1.0614280700683594,2332.70849609375,1,MWI,1997,IHS-I,GPWG,N,c,0,1,0,0,1997,0,1997.83
3.2144980430603027,374.4435119628906,1,MWI,1997,IHS-I,GPWG,N,c,0,1,0,0,1997,0,1997.83
0.7514678835868835,580.631591796875,1,MWI,1997,IHS-I,GPWG,N,c,0,1,0,0,1997,0,1997.83
1.9724247455596924,890.3999633789062,1,MWI,1997,IHS-I,GPWG,N,c,0,1,0,0,1997,0,1997.83
55.25205612182617,393.3728942871094,1,MWI,1997,IHS-I,GPWG,N,c,0,1,0,0,1997,0,1997.83
1.394532322883606,374.4435119628906,1,MWI,1997,IHS-I,GPWG,N,c,0,1,0,0,1997,0,1997.83
1.267503261566162,1556.25,1,MWI,1997,IHS-I,GPWG,N,c,0,1,0,0,1997,0,1997.83
1.6432716846466064,561.665283203125,1,MWI,1997,IHS-I,GPWG,N,c,0,1,0,0,1997,0,1997.83
1.299004077911377,1036.75927734375,1,MWI,1997,IHS-I,GPWG,N,c,0,1,0,0,1997,0,1997.83
4.213906288146973,750.7426147460938,1,MWI,1997,IHS-I,GPWG,N,c,0,1,0,0,1997,0,1997.83
3.6552326679229736,393.3728942871094,1,MWI,1997,IHS-I,GPWG,N,c,0,1,0,0,1997,0,1997.83
3.409409761428833,434.7526550292969,1,MWI,1997,IHS-I,GPWG,N,c,0,1,0,0,1997,0,1997.83
7.481679439544678,869.5053100585938,1,MWI,1997,IHS-I,GPWG,N,c,0,1,0,0,1997,0,1997.83
7.153843879699707,778.125,1,MWI,1997,IHS-I,GPWG,N,c,0,1,0,0,1997,0,1997.83
0.8846410512924194,774.4801635742188,1,MWI,1997,IHS-I,GPWG,N,c,0,1,0,0,1997,0,1997.83
2.906522512435913,758.6937866210938,1,MWI,1997,IHS-I,GPWG,N,c,0,1,0,0,1997,0,1997.83
1.1857234239578247,606.9550170898438,1,MWI,1997,IHS-I,GPWG,N,c,0,1,0,0,1997,0,1997.83
3.033242702484131,1123.33056640625,1,MWI,1997,IHS-I,GPWG,N,c,0,1,0,0,1997,0,1997.83
0.48093175888061523,541.0025024414062,1,MWI,1997,IHS-I,GPWG,N,c,0,1,0,0,1997,0,1997.83
1.5561624765396118,1082.0050048828125,1,MWI,1997,IHS-I,GPWG,N,c,0,1,0,0,1997,0,1997.83
3.71543550491333,810.915283203125,1,MWI,1997,IHS-I,GPWG,N,c,0,1,0,0,1997,0,1997.83
4.934081077575684,210.75938415527344,1,MWI,1997,IHS-I,GPWG,N,c,0,1,0,0,1997,0,1997.83
2.0305473804473877,632.2781372070312,1,MWI,1997,IHS-I,GPWG,N,c,0,1,0,0,1997,0,1997.83
1.143099069595337,1053.796875,1,MWI,1997,IHS-I,GPWG,N,c,0,1,0,0,1997,0,1997.83
7.669922351837158,231.7991485595703,1,MWI,1997,IHS-I,GPWG,N,c,0,1,0,0,1997,0,1997.83
1.5034892559051514,421.31890869140625,1,MWI,1997,IHS-I,GPWG,N,c,0,1,0,0,1997,0,1997.83
1.4423117637634277,508.237060546875,1,MWI,1997,IHS-I,GPWG,N,c,0,1,0,0,1997,0,1997.83
3.883260488510132,563.0569458007812,1,MWI,1997,IHS-I,GPWG,N,c,0,1,0,0,1997,0,1997.83
2.9903252124786377,479.14886474609375,1,MWI,1997,IHS-I,GPWG,N,c,0,1,0,0,1997,0,1997.83
4.930576324462891,226.5319061279297,1,MWI,1997,IHS-I,GPWG,N,c,0,1,0,0,1997,0,1997.83
2.405567169189453,1474.6162109375,1,MWI,1997,IHS-I,GPWG,N,c,0,1,0,0,1997,0,1997.83
3.8896312713623047,486.5491943359375,1,MWI,1997,IHS-I,GPWG,N,c,0,1,0,0,1997,0,1997.83
2.294933557510376,1149.770751953125,1,MWI,1997,IHS-I,GPWG,N,c,0,1,0,0,1997,0,1997.83
4.636626720428467,169.412353515625,1,MWI,1997,IHS-I,GPWG,N,c,0,1,0,0,1997,0,1997.83
1.0861040353775024,1016.47412109375,1,MWI,1997,IHS-I,GPWG,N,c,0,1,0,0,1997,0,1997.83
2.2865512371063232,632.2781372070312,1,MWI,1997,IHS-I,GPWG,N,c,0,1,0,0,1997,0,1997.83
3.276604652404785,758.6937866210938,1,MWI,1997,IHS-I,GPWG,N,c,0,1,0,0,1997,0,1997.83
2.6550614833831787,750.7426147460938,1,MWI,1997,IHS-I,GPWG,N,c,0,1,0,0,1997,0,1997.83
3.080644130706787,753.21337890625,1,MWI,1997,IHS-I,GPWG,N,c,0,1,0,0,1997,0,1997.83
4.08397102355957,842.6378173828125,1,MWI,1997,IHS-I,GPWG,N,c,0,1,0,0,1997,0,1997.83
0.8509386777877808,927.1965942382812,1,MWI,1997,IHS-I,GPWG,N,c,0,1,0,0,1997,0,1997.83
1.3278673887252808,338.82470703125,1,MWI,1997,IHS-I,GPWG,N,c,0,1,0,0,1997,0,1997.83
1.2406598329544067,508.237060546875,1,MWI,1997,IHS-I,GPWG,N,c,0,1,0,0,1997,0,1997.83
2.4838006496429443,456.18182373046875,1,MWI,1997,IHS-I,GPWG,N,c,0,1,0,0,1997,0,1997.83
4.021457672119141,393.3728942871094,1,MWI,1997,IHS-I,GPWG,N,c,0,1,0,0,1997,0,1997.83
3.0724263191223145,695.3974609375,1,MWI,1997,IHS-I,GPWG,N,c,0,1,0,0,1997,0,1997.83
5.883012771606445,1044.2464599609375,1,MWI,1997,IHS-I,GPWG,N,c,0,1,0,0,1997,0,1997.83
4.9773430824279785,162.1830596923828,1,MWI,1997,IHS-I,GPWG,N,c,0,1,0,0,1997,0,1997.83
3.9292850494384766,2107.59375,1,MWI,1997,IHS-I,GPWG,N,c,0,1,0,0,1997,0,1997.83
1.2680387496948242,580.860107421875,1,MWI,1997,IHS-I,GPWG,N,c,0,1,0,0,1997,0,1997.83
0.8720557689666748,1161.72021484375,1,MWI,1997,IHS-I,GPWG,N,c,0,1,0,0,1997,0,1997.83
3.1071937084198,217.37632751464844,1,MWI,1997,IHS-I,GPWG,N,c,0,1,0,0,1997,0,1997.83
1.7304348945617676,843.0375366210938,1,MWI,1997,IHS-I,GPWG,N,c,0,1,0,0,1997,0,1997.83
2.7992005348205566,232.25262451171875,1,MWI,1997,IHS-I,GPWG,N,c,0,1,0,0,1997,0,1997.83
3.2321741580963135,259.375,1,MWI,1997,IHS-I,GPWG,N,c,0,1,0,0,1997,0,1997.83
1.609068751335144,563.0569458007812,1,MWI,1997,IHS-I,GPWG,N,c,0,1,0,0,1997,0,1997.83
2.013974905014038,338.82470703125,1,MWI,1997,IHS-I,GPWG,N,c,0,1,0,0,1997,0,1997.83
2.0493550300598145,810.915283203125,1,MWI,1997,IHS-I,GPWG,N,c,0,1,0,0,1997,0,1997.83
2.0658087730407715,348.3789367675781,1,MWI,1997,IHS-I,GPWG,N,c,0,1,0,0,1997,0,1997.83
1.5316497087478638,508.237060546875,1,MWI,1997,IHS-I,GPWG,N,c,0,1,0,0,1997,0,1997.83
1.5079096555709839,938.4282836914062,1,MWI,1997,IHS-I,GPWG,N,c,0,1,0,0,1997,0,1997.83
1.1259716749191284,1577.0999755859375,1,MWI,1997,IHS-I,GPWG,N,c,0,1,0,0,1997,0,1997.83
1.7718925476074219,777.5694580078125,1,MWI,1997,IHS-I,GPWG,N,c,0,1,0,0,1997,0,1997.83
1.7089358568191528,1304.2579345703125,1,MWI,1997,IHS-I,GPWG,N,c,0,1,0,0,1997,0,1997.83
0.8856502771377563,810.915283203125,1,MWI,1997,IHS-I,GPWG,N,c,0,1,0,0,1997,0,1997.83
3.068044900894165,632.2781372070312,1,MWI,1997,IHS-I,GPWG,N,c,0,1,0,0,1997,0,1997.83
2.5504539012908936,632.2781372070312,1,MWI,1997,IHS-I,GPWG,N,c,0,1,0,0,1997,0,1997.83
2.871818780899048,303.4775085449219,1,MWI,1997,IHS-I,GPWG,N,c,0,1,0,0,1997,0,1997.83
1.2962051630020142,1005.2027587890625,1,MWI,1997,IHS-I,GPWG,N,c,0,1,0,0,1997,0,1997.83
4.155374526977539,1507.80419921875,1,MWI,1997,IHS-I,GPWG,N,c,0,1,0,0,1997,0,1997.83
2.218351364135742,508.237060546875,1,MWI,1997,IHS-I,GPWG,N,c,0,1,0,0,1997,0,1997.83
1.6440544128417969,1123.33056640625,1,MWI,1997,IHS-I,GPWG,N,c,0,1,0,0,1997,0,1997.83
1.549724817276001,1560.339599609375,1,MWI,1997,IHS-I,GPWG,N,c,0,1,0,0,1997,0,1997.83
1.6534154415130615,580.631591796875,1,MWI,1997,IHS-I,GPWG,N,c,0,1,0,0,1997,0,1997.83
1.4918781518936157,1352.5062255859375,1,MWI,1997,IHS-I,GPWG,N,c,0,1,0,0,1997,0,1997.83
3.834395170211792,303.4775085449219,1,MWI,1997,IHS-I,GPWG,N,c,0,1,0,0,1997,0,1997.83
2.3273403644561768,893.2468872070312,1,MWI,1997,IHS-I,GPWG,N,c,0,1,0,0,1997,0,1997.83
2.314012289047241,479.14886474609375,1,MWI,1997,IHS-I,GPWG,N,c,0,1,0,0,1997,0,1997.83
2.0589354038238525,973.098388671875,1,MWI,1997,IHS-I,GPWG,N,c,0,1,0,0,1997,0,1997.83
2.2137610912323,668.7169799804688,1,MWI,1997,IHS-I,GPWG,N,c,0,1,0,0,1997,0,1997.83
8.101692199707031,783.184814453125,1,MWI,1997,IHS-I,GPWG,N,c,0,1,0,0,1997,0,1997.83
2.1924214363098145,297.52117919921875,1,MWI,1997,IHS-I,GPWG,N,c,0,1,0,0,1997,0,1997.83
28.91388511657715,1305.30810546875,1,MWI,1997,IHS-I,GPWG,N,c,0,1,0,0,1997,0,1997.83
7.095687389373779,811.5037841796875,1,MWI,1997,IHS-I,GPWG,N,c,0,1,0,0,1997,0,1997.83
1.042272686958313,1893.5087890625,1,MWI,1997,IHS-I,GPWG,N,c,0,1,0,0,1997,0,1997.83
5.383572101593018,229.95416259765625,1,MWI,1997,IHS-I,GPWG,N,c,0,1,0,0,1997,0,1997.83
4.034917831420898,1264.5562744140625,1,MWI,1997,IHS-I,GPWG,N,c,0,1,0,0,1997,0,1997.83
1.8202534914016724,973.098388671875,1,MWI,1997,IHS-I,GPWG,N,c,0,1,0,0,1997,0,1997.83
2.5010247230529785,1686.0750732421875,1,MWI,1997,IHS-I,GPWG,N,c,0,1,0,0,1997,0,1997.83
11.77018928527832,196.6864471435547,1,MWI,1997,IHS-I,GPWG,N,c,0,1,0,0,1997,0,1997.83
1.22907555103302,1623.007568359375,1,MWI,1997,IHS-I,GPWG,N,c,0,1,0,0,1997,0,1997.83
1.255615234375,348.3789367675781,1,MWI,1997,IHS-I,GPWG,N,c,0,1,0,0,1997,0,1997.83
0.8835509419441223,1185.886474609375,1,MWI,1997,IHS-I,GPWG,N,c,0,1,0,0,1997,0,1997.83
11.383495330810547,810.915283203125,1,MWI,1997,IHS-I,GPWG,N,c,0,1,0,0,1997,0,1997.83
0.8825380802154541,1916.595458984375,1,MWI,1997,IHS-I,GPWG,N,c,0,1,0,0,1997,0,1997.83
2.3722479343414307,1264.5562744140625,1,MWI,1997,IHS-I,GPWG,N,c,0,1,0,0,1997,0,1997.83
1.722455382347107,508.237060546875,1,MWI,1997,IHS-I,GPWG,N,c,0,1,0,0,1997,0,1997.83
2.5453989505767822,162.1830596923828,1,MWI,1997,IHS-I,GPWG,N,c,0,1,0,0,1997,0,1997.83
15.410778045654297,196.6864471435547,1,MWI,1997,IHS-I,GPWG,N,c,0,1,0,0,1997,0,1997.83
2.369769334793091,1337.4339599609375,1,MWI,1997,IHS-I,GPWG,N,c,0,1,0,0,1997,0,1997.83
1.6348329782485962,580.860107421875,1,MWI,1997,IHS-I,GPWG,N,c,0,1,0,0,1997,0,1997.83
0.9959554076194763,1165.269775390625,1,MWI,1997,IHS-I,GPWG,N,c,0,1,0,0,1997,0,1997.83
7.3456130027771,348.3789367675781,1,MWI,1997,IHS-I,GPWG,N,c,0,1,0,0,1997,0,1997.83
3.5507097244262695,1305.30810546875,1,MWI,1997,IHS-I,GPWG,N,c,0,1,0,0,1997,0,1997.83
1.0241498947143555,1517.3875732421875,1,MWI,1997,IHS-I,GPWG,N,c,0,1,0,0,1997,0,1997.83
2.017594575881958,4312.33984375,1,MWI,1997,IHS-I,GPWG,N,c,0,1,0,0,1997,0,1997.83
2.256863594055176,2261.706298828125,1,MWI,1997,IHS-I,GPWG,N,c,0,1,0,0,1997,0,1997.83
1.745072603225708,1896.83447265625,1,MWI,1997,IHS-I,GPWG,N,c,0,1,0,0,1997,0,1997.83
2.805115222930908,2706.0,1,MWI,1997,IHS-I,GPWG,N,c,0,1,0,0,1997,0,1997.83
2.5829081535339355,632.2781372070312,1,MWI,1997,IHS-I,GPWG,N,c,0,1,0,0,1997,0,1997.83
3.3335771560668945,217.37632751464844,1,MWI,1997,IHS-I,GPWG,N,c,0,1,0,0,1997,0,1997.83
1.3254207372665405,606.9550170898438,1,MWI,1997,IHS-I,GPWG,N,c,0,1,0,0,1997,0,1997.83
0.8811060786247253,580.631591796875,1,MWI,1997,IHS-I,GPWG,N,c,0,1,0,0,1997,0,1997.83
54.98147964477539,196.6864471435547,1,MWI,1997,IHS-I,GPWG,N,c,0,1,0,0,1997,0,1997.83
2.9311649799346924,893.2468872070312,1,MWI,1997,IHS-I,GPWG,N,c,0,1,0,0,1997,0,1997.83
8.127219200134277,261.0616149902344,1,MWI,1997,IHS-I,GPWG,N,c,0,1,0,0,1997,0,1997.83
1.178881287574768,758.6937866210938,1,MWI,1997,IHS-I,GPWG,N,c,0,1,0,0,1997,0,1997.83
0.6590889692306519,689.8624877929688,1,MWI,1997,IHS-I,GPWG,N,c,0,1,0,0,1997,0,1997.83
2.103797674179077,1759.1048583984375,1,MWI,1997,IHS-I,GPWG,N,c,0,1,0,0,1997,0,1997.83
5.5858378410339355,1305.30810546875,1,MWI,1997,IHS-I,GPWG,N,c,0,1,0,0,1997,0,1997.83
2.581291913986206,2825.892333984375,1,MWI,1997,IHS-I,GPWG,N,c,0,1,0,0,1997,0,1997.83
1.668320655822754,606.9550170898438,1,MWI,1997,IHS-I,GPWG,N,c,0,1,0,0,1997,0,1997.83
1.8125042915344238,774.4801635742188,1,MWI,1997,IHS-I,GPWG,N,c,0,1,0,0,1997,0,1997.83
1.895407795906067,811.5037841796875,1,MWI,1997,IHS-I,GPWG,N,c,0,1,0,0,1997,0,1997.83
2.4552502632141113,1004.2845458984375,1,MWI,1997,IHS-I,GPWG,N,c,0,1,0,0,1997,0,1997.83
5.707823753356934,302.04254150390625,1,MWI,1997,IHS-I,GPWG,N,c,0,1,0,0,1997,0,1997.83
6.785020351409912,1044.2464599609375,1,MWI,1997,IHS-I,GPWG,N,c,0,1,0,0,1997,0,1997.83
1.5230469703674316,595.4979248046875,1,MWI,1997,IHS-I,GPWG,N,c,0,1,0,0,1997,0,1997.83
3.0727620124816895,1053.2972412109375,1,MWI,1997,IHS-I,GPWG,N,c,0,1,0,0,1997,0,1997.83
3.0675768852233887,342.1363525390625,1,MWI,1997,IHS-I,GPWG,N,c,0,1,0,0,1997,0,1997.83
2.3475494384765625,541.0025024414062,1,MWI,1997,IHS-I,GPWG,N,c,0,1,0,0,1997,0,1997.83
0.9173731207847595,812.8841552734375,1,MWI,1997,IHS-I,GPWG,N,c,0,1,0,0,1997,0,1997.83
1.2988356351852417,476.0339050292969,1,MWI,1997,IHS-I,GPWG,N,c,0,1,0,0,1997,0,1997.83
6.330136299133301,590.059326171875,1,MWI,1997,IHS-I,GPWG,N,c,0,1,0,0,1997,0,1997.83
1.5245753526687622,1355.298828125,1,MWI,1997,IHS-I,GPWG,N,c,0,1,0,0,1997,0,1997.83
0.5238792300224304,811.5037841796875,1,MWI,1997,IHS-I,GPWG,N,c,0,1,0,0,1997,0,1997.83
2.0159153938293457,518.75,1,MWI,1997,IHS-I,GPWG,N,c,0,1,0,0,1997,0,1997.83
2.6304450035095215,563.0569458007812,1,MWI,1997,IHS-I,GPWG,N,c,0,1,0,0,1997,0,1997.83
2.180978775024414,228.09091186523438,1,MWI,1997,IHS-I,GPWG,N,c,0,1,0,0,1997,0,1997.83
2.4399852752685547,169.412353515625,1,MWI,1997,IHS-I,GPWG,N,c,0,1,0,0,1997,0,1997.83
1.54612398147583,508.237060546875,1,MWI,1997,IHS-I,GPWG,N,c,0,1,0,0,1997,0,1997.83
0.3962289094924927,631.9783935546875,1,MWI,1997,IHS-I,GPWG,N,c,0,1,0,0,1997,0,1997.83
1.190229892730713,1296.875,1,MWI,1997,IHS-I,GPWG,N,c,0,1,0,0,1997,0,1997.83
3.2760303020477295,251.30068969726562,1,MWI,1997,IHS-I,GPWG,N,c,0,1,0,0,1997,0,1997.83
3.9901790618896484,231.7991485595703,1,MWI,1997,IHS-I,GPWG,N,c,0,1,0,0,1997,0,1997.83
3.456150770187378,446.6234436035156,1,MWI,1997,IHS-I,GPWG,N,c,0,1,0,0,1997,0,1997.83
1.441697120666504,1474.6162109375,1,MWI,1997,IHS-I,GPWG,N,c,0,1,0,0,1997,0,1997.83
2.9228732585906982,387.2400817871094,1,MWI,1997,IHS-I,GPWG,N,c,0,1,0,0,1997,0,1997.83
2.680532455444336,338.82470703125,1,MWI,1997,IHS-I,GPWG,N,c,0,1,0,0,1997,0,1997.83
2.12265682220459,1213.9100341796875,1,MWI,1997,IHS-I,GPWG,N,c,0,1,0,0,1997,0,1997.83
1.771432638168335,1560.339599609375,1,MWI,1997,IHS-I,GPWG,N,c,0,1,0,0,1997,0,1997.83
0.8791800737380981,374.4435119628906,1,MWI,1997,IHS-I,GPWG,N,c,0,1,0,0,1997,0,1997.83
2.577435255050659,338.82470703125,1,MWI,1997,IHS-I,GPWG,N,c,0,1,0,0,1997,0,1997.83
2.8315279483795166,869.5053100585938,1,MWI,1997,IHS-I,GPWG,N,c,0,1,0,0,1997,0,1997.83
2.7049083709716797,1916.595458984375,1,MWI,1997,IHS-I,GPWG,N,c,0,1,0,0,1997,0,1997.83
1.7916382551193237,677.6494140625,1,MWI,1997,IHS-I,GPWG,N,c,0,1,0,0,1997,0,1997.83
0.3835460841655731,1623.007568359375,1,MWI,1997,IHS-I,GPWG,N,c,0,1,0,0,1997,0,1997.83
2.592996597290039,1255.355712890625,1,MWI,1997,IHS-I,GPWG,N,c,0,1,0,0,1997,0,1997.83
1.8302422761917114,459.9083251953125,1,MWI,1997,IHS-I,GPWG,N,c,0,1,0,0,1997,0,1997.83
2.020249366760254,648.7322387695312,1,MWI,1997,IHS-I,GPWG,N,c,0,1,0,0,1997,0,1997.83
2.9590885639190674,1297.4644775390625,1,MWI,1997,IHS-I,GPWG,N,c,0,1,0,0,1997,0,1997.83
0.8788498640060425,1685.275634765625,1,MWI,1997,IHS-I,GPWG,N,c,0,1,0,0,1997,0,1997.83
2.7496178150177,919.816650390625,1,MWI,1997,IHS-I,GPWG,N,c,0,1,0,0,1997,0,1997.83
1.1027239561080933,580.631591796875,1,MWI,1997,IHS-I,GPWG,N,c,0,1,0,0,1997,0,1997.83
1.4134670495986938,938.4282836914062,1,MWI,1997,IHS-I,GPWG,N,c,0,1,0,0,1997,0,1997.83
1.3236305713653564,927.1965942382812,1,MWI,1997,IHS-I,GPWG,N,c,0,1,0,0,1997,0,1997.83
2.5432987213134766,455.21624755859375,1,MWI,1997,IHS-I,GPWG,N,c,0,1,0,0,1997,0,1997.83
3.066768169403076,632.2781372070312,1,MWI,1997,IHS-I,GPWG,N,c,0,1,0,0,1997,0,1997.83
0.7931382060050964,973.098388671875,1,MWI,1997,IHS-I,GPWG,N,c,0,1,0,0,1997,0,1997.83
0.6394394040107727,1355.298828125,1,MWI,1997,IHS-I,GPWG,N,c,0,1,0,0,1997,0,1997.83
1.169222116470337,1016.47412109375,1,MWI,1997,IHS-I,GPWG,N,c,0,1,0,0,1997,0,1997.83
2.4723594188690186,148.87448120117188,1,MWI,1997,IHS-I,GPWG,N,c,0,1,0,0,1997,0,1997.83
2.0798802375793457,270.5012512207031,1,MWI,1997,IHS-I,GPWG,N,c,0,1,0,0,1997,0,1997.83
2.5450239181518555,830.6170043945312,1,MWI,1997,IHS-I,GPWG,N,c,0,1,0,0,1997,0,1997.83
19.32771110534668,169.412353515625,1,MWI,1997,IHS-I,GPWG,N,c,0,1,0,0,1997,0,1997.83
2.7488951683044434,193.6200408935547,1,MWI,1997,IHS-I,GPWG,N,c,0,1,0,0,1997,0,1997.83
2.647371768951416,187.2217559814453,1,MWI,1997,IHS-I,GPWG,N,c,0,1,0,0,1997,0,1997.83
1.5257455110549927,1956.386962890625,1,MWI,1997,IHS-I,GPWG,N,c,0,1,0,0,1997,0,1997.83
4.80234956741333,2871.677734375,1,MWI,1997,IHS-I,GPWG,N,c,0,1,0,0,1997,0,1997.83
2.6627511978149414,518.75,1,MWI,1997,IHS-I,GPWG,N,c,0,1,0,0,1997,0,1997.83
1.7847270965576172,502.60137939453125,1,MWI,1997,IHS-I,GPWG,N,c,0,1,0,0,1997,0,1997.83
1.0353000164031982,1297.4644775390625,1,MWI,1997,IHS-I,GPWG,N,c,0,1,0,0,1997,0,1997.83
3.5804226398468018,744.3724365234375,1,MWI,1997,IHS-I,GPWG,N,c,0,1,0,0,1997,0,1997.83
2.9740264415740967,842.6378173828125,1,MWI,1997,IHS-I,GPWG,N,c,0,1,0,0,1997,0,1997.83
1.0510343313217163,1126.1138916015625,1,MWI,1997,IHS-I,GPWG,N,c,0,1,0,0,1997,0,1997.83
13.224114418029785,114.04545593261719,1,MWI,1997,IHS-I,GPWG,N,c,0,1,0,0,1997,0,1997.83
3.487726926803589,2064.542236328125,1,MWI,1997,IHS-I,GPWG,N,c,0,1,0,0,1997,0,1997.83
1.7954379320144653,842.6378173828125,1,MWI,1997,IHS-I,GPWG,N,c,0,1,0,0,1997,0,1997.83
3.493717670440674,632.2781372070312,1,MWI,1997,IHS-I,GPWG,N,c,0,1,0,0,1997,0,1997.83
1.115011215209961,1295.9490966796875,1,MWI,1997,IHS-I,GPWG,N,c,0,1,0,0,1997,0,1997.83
2.6489760875701904,1180.11865234375,1,MWI,1997,IHS-I,GPWG,N,c,0,1,0,0,1997,0,1997.83
2.150425910949707,1501.4852294921875,1,MWI,1997,IHS-I,GPWG,N,c,0,1,0,0,1997,0,1997.83
19.85307502746582,783.184814453125,1,MWI,1997,IHS-I,GPWG,N,c,0,1,0,0,1997,0,1997.83
3.779432773590088,958.2977294921875,1,MWI,1997,IHS-I,GPWG,N,c,0,1,0,0,1997,0,1997.83
1.8488131761550903,486.5491943359375,1,MWI,1997,IHS-I,GPWG,N,c,0,1,0,0,1997,0,1997.83
4.800147533416748,456.18182373046875,1,MWI,1997,IHS-I,GPWG,N,c,0,1,0,0,1997,0,1997.83
3.120358943939209,421.5187683105469,1,MWI,1997,IHS-I,GPWG,N,c,0,1,0,0,1997,0,1997.83
4.797191143035889,890.3999633789062,1,MWI,1997,IHS-I,GPWG,N,c,0,1,0,0,1997,0,1997.83
5.853230953216553,421.31890869140625,1,MWI,1997,IHS-I,GPWG,N,c,0,1,0,0,1997,0,1997.83
2.0094120502471924,502.60137939453125,1,MWI,1997,IHS-I,GPWG,N,c,0,1,0,0,1997,0,1997.83
1.0928642749786377,632.2781372070312,1,MWI,1997,IHS-I,GPWG,N,c,0,1,0,0,1997,0,1997.83
12.761131286621094,1044.2464599609375,1,MWI,1997,IHS-I,GPWG,N,c,0,1,0,0,1997,0,1997.83
2.0299651622772217,652.1289672851562,1,MWI,1997,IHS-I,GPWG,N,c,0,1,0,0,1997,0,1997.83
4.303801536560059,148.39999389648438,1,MWI,1997,IHS-I,GPWG,N,c,0,1,0,0,1997,0,1997.83
2.7265589237213135,302.04254150390625,1,MWI,1997,IHS-I,GPWG,N,c,0,1,0,0,1997,0,1997.83
7.034183025360107,231.7991485595703,1,MWI,1997,IHS-I,GPWG,N,c,0,1,0,0,1997,0,1997.83
2.007110118865967,151.73875427246094,1,MWI,1997,IHS-I,GPWG,N,c,0,1,0,0,1997,0,1997.83
3.2033283710479736,1770.177978515625,1,MWI,1997,IHS-I,GPWG,N,c,0,1,0,0,1997,0,1997.83
3.164609670639038,228.09091186523438,1,MWI,1997,IHS-I,GPWG,N,c,0,1,0,0,1997,0,1997.83
0.7286643385887146,1365.6488037109375,1,MWI,1997,IHS-I,GPWG,N,c,0,1,0,0,1997,0,1997.83
2.327338933944702,228.09091186523438,1,MWI,1997,IHS-I,GPWG,N,c,0,1,0,0,1997,0,1997.83
1.3849910497665405,1126.1138916015625,1,MWI,1997,IHS-I,GPWG,N,c,0,1,0,0,1997,0,1997.83
3.219942331314087,783.184814453125,1,MWI,1997,IHS-I,GPWG,N,c,0,1,0,0,1997,0,1997.83
2.544586181640625,1004.2845458984375,1,MWI,1997,IHS-I,GPWG,N,c,0,1,0,0,1997,0,1997.83
5.4306535720825195,231.7991485595703,1,MWI,1997,IHS-I,GPWG,N,c,0,1,0,0,1997,0,1997.83
21.464176177978516,1305.30810546875,1,MWI,1997,IHS-I,GPWG,N,c,0,1,0,0,1997,0,1997.83
3.7947962284088135,297.74896240234375,1,MWI,1997,IHS-I,GPWG,N,c,0,1,0,0,1997,0,1997.83
1.6302915811538696,910.4324951171875,1,MWI,1997,IHS-I,GPWG,N,c,0,1,0,0,1997,0,1997.83
1.1926804780960083,1304.2579345703125,1,MWI,1997,IHS-I,GPWG,N,c,0,1,0,0,1997,0,1997.83
0.9047698378562927,3354.0419921875,1,MWI,1997,IHS-I,GPWG,N,c,0,1,0,0,1997,0,1997.83
2.0069541931152344,1916.595458984375,1,MWI,1997,IHS-I,GPWG,N,c,0,1,0,0,1997,0,1997.83
1.0133179426193237,1355.298828125,1,MWI,1997,IHS-I,GPWG,N,c,0,1,0,0,1997,0,1997.83
1.7050576210021973,1942.1162109375,1,MWI,1997,IHS-I,GPWG,N,c,0,1,0,0,1997,0,1997.83
3.097585678100586,1804.0,1,MWI,1997,IHS-I,GPWG,N,c,0,1,0,0,1997,0,1997.83
1.1406867504119873,774.4801635742188,1,MWI,1997,IHS-I,GPWG,N,c,0,1,0,0,1997,0,1997.83
1.740507960319519,891.6226196289062,1,MWI,1997,IHS-I,GPWG,N,c,0,1,0,0,1997,0,1997.83
4.61441707611084,196.6864471435547,1,MWI,1997,IHS-I,GPWG,N,c,0,1,0,0,1997,0,1997.83
0.6619568467140198,1739.0106201171875,1,MWI,1997,IHS-I,GPWG,N,c,0,1,0,0,1997,0,1997.83
1.3931701183319092,842.6378173828125,1,MWI,1997,IHS-I,GPWG,N,c,0,1,0,0,1997,0,1997.83
15.026590347290039,2088.492919921875,1,MWI,1997,IHS-I,GPWG,N,c,0,1,0,0,1997,0,1997.83
2.056030035018921,169.412353515625,1,MWI,1997,IHS-I,GPWG,N,c,0,1,0,0,1997,0,1997.83
2.167593479156494,1263.956787109375,1,MWI,1997,IHS-I,GPWG,N,c,0,1,0,0,1997,0,1997.83
2.0223207473754883,1474.6162109375,1,MWI,1997,IHS-I,GPWG,N,c,0,1,0,0,1997,0,1997.83
1.1559375524520874,2395.744384765625,1,MWI,1997,IHS-I,GPWG,N,c,0,1,0,0,1997,0,1997.83
1.8868433237075806,456.18182373046875,1,MWI,1997,IHS-I,GPWG,N,c,0,1,0,0,1997,0,1997.83
4.817621231079102,196.6864471435547,1,MWI,1997,IHS-I,GPWG,N,c,0,1,0,0,1997,0,1997.83
1.4020507335662842,1053.796875,1,MWI,1997,IHS-I,GPWG,N,c,0,1,0,0,1997,0,1997.83
2.8716750144958496,229.95416259765625,1,MWI,1997,IHS-I,GPWG,N,c,0,1,0,0,1997,0,1997.83
1.8329288959503174,648.7322387695312,1,MWI,1997,IHS-I,GPWG,N,c,0,1,0,0,1997,0,1997.83
2.378993272781372,1264.5562744140625,1,MWI,1997,IHS-I,GPWG,N,c,0,1,0,0,1997,0,1997.83
0.7776273488998413,1548.9603271484375,1,MWI,1997,IHS-I,GPWG,N,c,0,1,0,0,1997,0,1997.83
4.313174724578857,1180.11865234375,1,MWI,1997,IHS-I,GPWG,N,c,0,1,0,0,1997,0,1997.83
1.3345118761062622,1524.711181640625,1,MWI,1997,IHS-I,GPWG,N,c,0,1,0,0,1997,0,1997.83
13.044198036193848,148.87448120117188,1,MWI,1997,IHS-I,GPWG,N,c,0,1,0,0,1997,0,1997.83
4.19891881942749,648.7322387695312,1,MWI,1997,IHS-I,GPWG,N,c,0,1,0,0,1997,0,1997.83
1.8746750354766846,677.6494140625,1,MWI,1997,IHS-I,GPWG,N,c,0,1,0,0,1997,0,1997.83
1.2520710229873657,1313.799560546875,1,MWI,1997,IHS-I,GPWG,N,c,0,1,0,0,1997,0,1997.83
2.1264755725860596,753.902099609375,1,MWI,1997,IHS-I,GPWG,N,c,0,1,0,0,1997,0,1997.83
17.90704917907715,377.55316162109375,1,MWI,1997,IHS-I,GPWG,N,c,0,1,0,0,1997,0,1997.83
1.0351146459579468,1158.9957275390625,1,MWI,1997,IHS-I,GPWG,N,c,0,1,0,0,1997,0,1997.83
0.8263276815414429,3107.385986328125,1,MWI,1997,IHS-I,GPWG,N,c,0,1,0,0,1997,0,1997.83
2.829930305480957,1296.875,1,MWI,1997,IHS-I,GPWG,N,c,0,1,0,0,1997,0,1997.83
10.00031852722168,261.0616149902344,1,MWI,1997,IHS-I,GPWG,N,c,0,1,0,0,1997,0,1997.83
0.5039291381835938,1820.864990234375,1,MWI,1997,IHS-I,GPWG,N,c,0,1,0,0,1997,0,1997.83
1.8718129396438599,502.60137939453125,1,MWI,1997,IHS-I,GPWG,N,c,0,1,0,0,1997,0,1997.83
2.090546131134033,919.816650390625,1,MWI,1997,IHS-I,GPWG,N,c,0,1,0,0,1997,0,1997.83
1.0929876565933228,1256.50341796875,1,MWI,1997,IHS-I,GPWG,N,c,0,1,0,0,1997,0,1997.83
1.3909943103790283,1185.886474609375,1,MWI,1997,IHS-I,GPWG,N,c,0,1,0,0,1997,0,1997.83
3.996511459350586,297.74896240234375,1,MWI,1997,IHS-I,GPWG,N,c,0,1,0,0,1997,0,1997.83
19.448043823242188,1376.80517578125,1,MWI,1997,IHS-I,GPWG,N,c,0,1,0,0,1997,0,1997.83
1.8102562427520752,387.2400817871094,1,MWI,1997,IHS-I,GPWG,N,c,0,1,0,0,1997,0,1997.83
2.8781707286834717,1622.593994140625,1,MWI,1997,IHS-I,GPWG,N,c,0,1,0,0,1997,0,1997.83
1.9922926425933838,632.2781372070312,1,MWI,1997,IHS-I,GPWG,N,c,0,1,0,0,1997,0,1997.83
0.7924442887306213,2073.5185546875,1,MWI,1997,IHS-I,GPWG,N,c,0,1,0,0,1997,0,1997.83
1.63427734375,1005.2027587890625,1,MWI,1997,IHS-I,GPWG,N,c,0,1,0,0,1997,0,1997.83
6.872608184814453,983.4322509765625,1,MWI,1997,IHS-I,GPWG,N,c,0,1,0,0,1997,0,1997.83
1.7208586931228638,1256.50341796875,1,MWI,1997,IHS-I,GPWG,N,c,0,1,0,0,1997,0,1997.83
2.587057590484619,455.21624755859375,1,MWI,1997,IHS-I,GPWG,N,c,0,1,0,0,1997,0,1997.83
2.2272753715515137,1942.1162109375,1,MWI,1997,IHS-I,GPWG,N,c,0,1,0,0,1997,0,1997.83
4.753523826599121,502.14227294921875,1,MWI,1997,IHS-I,GPWG,N,c,0,1,0,0,1997,0,1997.83
1.298536777496338,1053.796875,1,MWI,1997,IHS-I,GPWG,N,c,0,1,0,0,1997,0,1997.83
2.8289759159088135,387.2400817871094,1,MWI,1997,IHS-I,GPWG,N,c,0,1,0,0,1997,0,1997.83
13.513558387756348,1355.34033203125,1,MWI,1997,IHS-I,GPWG,N,c,0,1,0,0,1997,0,1997.83
1.9995728731155396,842.6378173828125,1,MWI,1997,IHS-I,GPWG,N,c,0,1,0,0,1997,0,1997.83
17.32469367980957,2088.492919921875,1,MWI,1997,IHS-I,GPWG,N,c,0,1,0,0,1997,0,1997.83
1.129356861114502,983.4322509765625,1,MWI,1997,IHS-I,GPWG,N,c,0,1,0,0,1997,0,1997.83
2.059692621231079,1264.5562744140625,1,MWI,1997,IHS-I,GPWG,N,c,0,1,0,0,1997,0,1997.83
1.3898749351501465,2330.53955078125,1,MWI,1997,IHS-I,GPWG,N,c,0,1,0,0,1997,0,1997.83
0.8747009634971619,2434.51123046875,1,MWI,1997,IHS-I,GPWG,N,c,0,1,0,0,1997,0,1997.83
1.5648504495620728,1609.67919921875,1,MWI,1997,IHS-I,GPWG,N,c,0,1,0,0,1997,0,1997.83
2.5860440731048584,652.1289672851562,1,MWI,1997,IHS-I,GPWG,N,c,0,1,0,0,1997,0,1997.83
2.018174171447754,1521.63427734375,1,MWI,1997,IHS-I,GPWG,N,c,0,1,0,0,1997,0,1997.83
3.944413423538208,2556.923828125,1,MWI,1997,IHS-I,GPWG,N,c,0,1,0,0,1997,0,1997.83
1.955981969833374,357.0254211425781,1,MWI,1997,IHS-I,GPWG,N,c,0,1,0,0,1997,0,1997.83
0.5824154019355774,348.3789367675781,1,MWI,1997,IHS-I,GPWG,N,c,0,1,0,0,1997,0,1997.83
5.423051357269287,226.5319061279297,1,MWI,1997,IHS-I,GPWG,N,c,0,1,0,0,1997,0,1997.83
23.228416442871094,297.52117919921875,1,MWI,1997,IHS-I,GPWG,N,c,0,1,0,0,1997,0,1997.83
3.1633529663085938,187.68565368652344,1,MWI,1997,IHS-I,GPWG,N,c,0,1,0,0,1997,0,1997.83
1.934783697128296,843.0375366210938,1,MWI,1997,IHS-I,GPWG,N,c,0,1,0,0,1997,0,1997.83
0.9374368190765381,1893.5087890625,1,MWI,1997,IHS-I,GPWG,N,c,0,1,0,0,1997,0,1997.83
0.7303227186203003,1524.711181640625,1,MWI,1997,IHS-I,GPWG,N,c,0,1,0,0,1997,0,1997.83
1.0774229764938354,812.8841552734375,1,MWI,1997,IHS-I,GPWG,N,c,0,1,0,0,1997,0,1997.83
1.5070546865463257,338.82470703125,1,MWI,1997,IHS-I,GPWG,N,c,0,1,0,0,1997,0,1997.83
1.8230055570602417,595.0423583984375,1,MWI,1997,IHS-I,GPWG,N,c,0,1,0,0,1997,0,1997.83
0.6863046288490295,1263.956787109375,1,MWI,1997,IHS-I,GPWG,N,c,0,1,0,0,1997,0,1997.83
1.9291385412216187,632.2781372070312,1,MWI,1997,IHS-I,GPWG,N,c,0,1,0,0,1997,0,1997.83
3.098700523376465,375.3713073730469,1,MWI,1997,IHS-I,GPWG,N,c,0,1,0,0,1997,0,1997.83
0.6757416725158691,1916.595458984375,1,MWI,1997,IHS-I,GPWG,N,c,0,1,0,0,1997,0,1997.83
2.1131370067596436,169.412353515625,1,MWI,1997,IHS-I,GPWG,N,c,0,1,0,0,1997,0,1997.83
2.372737169265747,1553.6929931640625,1,MWI,1997,IHS-I,GPWG,N,c,0,1,0,0,1997,0,1997.83
1.0836687088012695,1036.75927734375,1,MWI,1997,IHS-I,GPWG,N,c,0,1,0,0,1997,0,1997.83
0.5089422464370728,1623.007568359375,1,MWI,1997,IHS-I,GPWG,N,c,0,1,0,0,1997,0,1997.83
1.9909422397613525,387.2400817871094,1,MWI,1997,IHS-I,GPWG,N,c,0,1,0,0,1997,0,1997.83
2.3114047050476074,570.227294921875,1,MWI,1997,IHS-I,GPWG,N,c,0,1,0,0,1997,0,1997.83
0.8704497218132019,1365.6488037109375,1,MWI,1997,IHS-I,GPWG,N,c,0,1,0,0,1997,0,1997.83
1.427079200744629,580.631591796875,1,MWI,1997,IHS-I,GPWG,N,c,0,1,0,0,1997,0,1997.83
2.2917678356170654,684.272705078125,1,MWI,1997,IHS-I,GPWG,N,c,0,1,0,0,1997,0,1997.83
1.2896373271942139,1555.138916015625,1,MWI,1997,IHS-I,GPWG,N,c,0,1,0,0,1997,0,1997.83
7.788197994232178,783.184814453125,1,MWI,1997,IHS-I,GPWG,N,c,0,1,0,0,1997,0,1997.83
1.2888014316558838,2874.89306640625,1,MWI,1997,IHS-I,GPWG,N,c,0,1,0,0,1997,0,1997.83
3.616959571838379,2163.551025390625,1,MWI,1997,IHS-I,GPWG,N,c,0,1,0,0,1997,0,1997.83
2.109854221343994,348.3789367675781,1,MWI,1997,IHS-I,GPWG,N,c,0,1,0,0,1997,0,1997.83
1.3123817443847656,1256.50341796875,1,MWI,1997,IHS-I,GPWG,N,c,0,1,0,0,1997,0,1997.83
1.8747036457061768,455.21624755859375,1,MWI,1997,IHS-I,GPWG,N,c,0,1,0,0,1997,0,1997.83
1.4589537382125854,1053.796875,1,MWI,1997,IHS-I,GPWG,N,c,0,1,0,0,1997,0,1997.83
3.452749252319336,1161.26318359375,1,MWI,1997,IHS-I,GPWG,N,c,0,1,0,0,1997,0,1997.83
3.9927358627319336,1304.2579345703125,1,MWI,1997,IHS-I,GPWG,N,c,0,1,0,0,1997,0,1997.83
2.203543186187744,1263.956787109375,1,MWI,1997,IHS-I,GPWG,N,c,0,1,0,0,1997,0,1997.83
1.865606427192688,232.25262451171875,1,MWI,1997,IHS-I,GPWG,N,c,0,1,0,0,1997,0,1997.83
2.406163454055786,1304.2579345703125,1,MWI,1997,IHS-I,GPWG,N,c,0,1,0,0,1997,0,1997.83
3.029839515686035,1956.386962890625,1,MWI,1997,IHS-I,GPWG,N,c,0,1,0,0,1997,0,1997.83
0.9395596385002136,580.631591796875,1,MWI,1997,IHS-I,GPWG,N,c,0,1,0,0,1997,0,1997.83
1.1957124471664429,1622.593994140625,1,MWI,1997,IHS-I,GPWG,N,c,0,1,0,0,1997,0,1997.83
2.8019845485687256,1896.83447265625,1,MWI,1997,IHS-I,GPWG,N,c,0,1,0,0,1997,0,1997.83
2.150979995727539,1255.355712890625,1,MWI,1997,IHS-I,GPWG,N,c,0,1,0,0,1997,0,1997.83
1.4337174892425537,753.21337890625,1,MWI,1997,IHS-I,GPWG,N,c,0,1,0,0,1997,0,1997.83
1.3112599849700928,348.3789367675781,1,MWI,1997,IHS-I,GPWG,N,c,0,1,0,0,1997,0,1997.83
3.995147943496704,842.6378173828125,1,MWI,1997,IHS-I,GPWG,N,c,0,1,0,0,1997,0,1997.83
3.065812826156616,231.7991485595703,1,MWI,1997,IHS-I,GPWG,N,c,0,1,0,0,1997,0,1997.83
1.990102767944336,1759.1048583984375,1,MWI,1997,IHS-I,GPWG,N,c,0,1,0,0,1997,0,1997.83
10.022087097167969,251.07113647460938,1,MWI,1997,IHS-I,GPWG,N,c,0,1,0,0,1997,0,1997.83
0.6134976148605347,1255.355712890625,1,MWI,1997,IHS-I,GPWG,N,c,0,1,0,0,1997,0,1997.83
1.0711640119552612,1560.339599609375,1,MWI,1997,IHS-I,GPWG,N,c,0,1,0,0,1997,0,1997.83
1.0419071912765503,1161.72021484375,1,MWI,1997,IHS-I,GPWG,N,c,0,1,0,0,1997,0,1997.83
3.677755832672119,1264.5562744140625,1,MWI,1997,IHS-I,GPWG,N,c,0,1,0,0,1997,0,1997.83
0.9604973196983337,1524.711181640625,1,MWI,1997,IHS-I,GPWG,N,c,0,1,0,0,1997,0,1997.83
3.1942484378814697,541.0025024414062,1,MWI,1997,IHS-I,GPWG,N,c,0,1,0,0,1997,0,1997.83
5.598416805267334,148.87448120117188,1,MWI,1997,IHS-I,GPWG,N,c,0,1,0,0,1997,0,1997.83
3.5836517810821533,1689.1708984375,1,MWI,1997,IHS-I,GPWG,N,c,0,1,0,0,1997,0,1997.83
2.3077120780944824,1296.875,1,MWI,1997,IHS-I,GPWG,N,c,0,1,0,0,1997,0,1997.83
4.322793006896973,476.0339050292969,1,MWI,1997,IHS-I,GPWG,N,c,0,1,0,0,1997,0,1997.83
2.862230062484741,187.2217559814453,1,MWI,1997,IHS-I,GPWG,N,c,0,1,0,0,1997,0,1997.83
3.569385051727295,1086.881591796875,1,MWI,1997,IHS-I,GPWG,N,c,0,1,0,0,1997,0,1997.83
1.9894591569900513,973.098388671875,1,MWI,1997,IHS-I,GPWG,N,c,0,1,0,0,1997,0,1997.83
14.255814552307129,196.6864471435547,1,MWI,1997,IHS-I,GPWG,N,c,0,1,0,0,1997,0,1997.83
1.5076340436935425,631.9783935546875,1,MWI,1997,IHS-I,GPWG,N,c,0,1,0,0,1997,0,1997.83
3.0910120010375977,193.6200408935547,1,MWI,1997,IHS-I,GPWG,N,c,0,1,0,0,1997,0,1997.83
1.694157361984253,2330.53955078125,1,MWI,1997,IHS-I,GPWG,N,c,0,1,0,0,1997,0,1997.83
2.0170936584472656,338.82470703125,1,MWI,1997,IHS-I,GPWG,N,c,0,1,0,0,1997,0,1997.83
4.908721923828125,114.04545593261719,1,MWI,1997,IHS-I,GPWG,N,c,0,1,0,0,1997,0,1997.83
3.9366672039031982,695.3974609375,1,MWI,1997,IHS-I,GPWG,N,c,0,1,0,0,1997,0,1997.83
4.030562877655029,677.6494140625,1,MWI,1997,IHS-I,GPWG,N,c,0,1,0,0,1997,0,1997.83
1.003017544746399,774.4801635742188,1,MWI,1997,IHS-I,GPWG,N,c,0,1,0,0,1997,0,1997.83
1.8410815000534058,842.6378173828125,1,MWI,1997,IHS-I,GPWG,N,c,0,1,0,0,1997,0,1997.83
1.2764943838119507,1036.75927734375,1,MWI,1997,IHS-I,GPWG,N,c,0,1,0,0,1997,0,1997.83
2.6476588249206543,1161.72021484375,1,MWI,1997,IHS-I,GPWG,N,c,0,1,0,0,1997,0,1997.83
11.8765230178833,251.30068969726562,1,MWI,1997,IHS-I,GPWG,N,c,0,1,0,0,1997,0,1997.83
4.933534622192383,1180.11865234375,1,MWI,1997,IHS-I,GPWG,N,c,0,1,0,0,1997,0,1997.83
1.9770387411117554,541.0025024414062,1,MWI,1997,IHS-I,GPWG,N,c,0,1,0,0,1997,0,1997.83
2.228896379470825,541.0025024414062,1,MWI,1997,IHS-I,GPWG,N,c,0,1,0,0,1997,0,1997.83
1.071683645248413,2332.70849609375,1,MWI,1997,IHS-I,GPWG,N,c,0,1,0,0,1997,0,1997.83
4.34147310256958,178.51271057128906,1,MWI,1997,IHS-I,GPWG,N,c,0,1,0,0,1997,0,1997.83
5.1808762550354,632.2781372070312,1,MWI,1997,IHS-I,GPWG,N,c,0,1,0,0,1997,0,1997.83
3.211216688156128,217.37632751464844,1,MWI,1997,IHS-I,GPWG,N,c,0,1,0,0,1997,0,1997.83
1.6920305490493774,535.5381469726562,1,MWI,1997,IHS-I,GPWG,N,c,0,1,0,0,1997,0,1997.83
1.297485589981079,580.631591796875,1,MWI,1997,IHS-I,GPWG,N,c,0,1,0,0,1997,0,1997.83
1.4857174158096313,1053.796875,1,MWI,1997,IHS-I,GPWG,N,c,0,1,0,0,1997,0,1997.83
4.745853900909424,1126.1138916015625,1,MWI,1997,IHS-I,GPWG,N,c,0,1,0,0,1997,0,1997.83
1.2875982522964478,1501.4852294921875,1,MWI,1997,IHS-I,GPWG,N,c,0,1,0,0,1997,0,1997.83
4.938392162322998,210.75938415527344,1,MWI,1997,IHS-I,GPWG,N,c,0,1,0,0,1997,0,1997.83
3.1632258892059326,695.3974609375,1,MWI,1997,IHS-I,GPWG,N,c,0,1,0,0,1997,0,1997.83
5.7283430099487305,502.14227294921875,1,MWI,1997,IHS-I,GPWG,N,c,0,1,0,0,1997,0,1997.83
1.02617347240448,758.6937866210938,1,MWI,1997,IHS-I,GPWG,N,c,0,1,0,0,1997,0,1997.83
2.322821855545044,116.12631225585938,1,MWI,1997,IHS-I,GPWG,N,c,0,1,0,0,1997,0,1997.83
2.0697240829467773,580.860107421875,1,MWI,1997,IHS-I,GPWG,N,c,0,1,0,0,1997,0,1997.83
2.6560275554656982,1053.796875,1,MWI,1997,IHS-I,GPWG,N,c,0,1,0,0,1997,0,1997.83
1.7774168252944946,229.95416259765625,1,MWI,1997,IHS-I,GPWG,N,c,0,1,0,0,1997,0,1997.83
1.5075044631958008,1507.80419921875,1,MWI,1997,IHS-I,GPWG,N,c,0,1,0,0,1997,0,1997.83
1.656553030014038,455.21624755859375,1,MWI,1997,IHS-I,GPWG,N,c,0,1,0,0,1997,0,1997.83
1.2964764833450317,455.21624755859375,1,MWI,1997,IHS-I,GPWG,N,c,0,1,0,0,1997,0,1997.83
0.7614631652832031,1161.72021484375,1,MWI,1997,IHS-I,GPWG,N,c,0,1,0,0,1997,0,1997.83
1.651882290840149,1521.63427734375,1,MWI,1997,IHS-I,GPWG,N,c,0,1,0,0,1997,0,1997.83
0.8843281865119934,631.9783935546875,1,MWI,1997,IHS-I,GPWG,N,c,0,1,0,0,1997,0,1997.83
4.018011093139648,1114.5283203125,1,MWI,1997,IHS-I,GPWG,N,c,0,1,0,0,1997,0,1997.83
1.72922945022583,632.2781372070312,1,MWI,1997,IHS-I,GPWG,N,c,0,1,0,0,1997,0,1997.83
1.0959193706512451,1037.5,1,MWI,1997,IHS-I,GPWG,N,c,0,1,0,0,1997,0,1997.83
1.1560536623001099,1686.0750732421875,1,MWI,1997,IHS-I,GPWG,N,c,0,1,0,0,1997,0,1997.83
1.396275281906128,1082.0050048828125,1,MWI,1997,IHS-I,GPWG,N,c,0,1,0,0,1997,0,1997.83
1.9220689535140991,847.061767578125,1,MWI,1997,IHS-I,GPWG,N,c,0,1,0,0,1997,0,1997.83
2.310258388519287,1126.1138916015625,1,MWI,1997,IHS-I,GPWG,N,c,0,1,0,0,1997,0,1997.83
3.459303379058838,1507.80419921875,1,MWI,1997,IHS-I,GPWG,N,c,0,1,0,0,1997,0,1997.83
1.3956373929977417,631.9783935546875,1,MWI,1997,IHS-I,GPWG,N,c,0,1,0,0,1997,0,1997.83
3.4363458156585693,169.412353515625,1,MWI,1997,IHS-I,GPWG,N,c,0,1,0,0,1997,0,1997.83
1.6962710618972778,1506.4267578125,1,MWI,1997,IHS-I,GPWG,N,c,0,1,0,0,1997,0,1997.83
1.917144775390625,753.902099609375,1,MWI,1997,IHS-I,GPWG,N,c,0,1,0,0,1997,0,1997.83
1.3677691221237183,338.82470703125,1,MWI,1997,IHS-I,GPWG,N,c,0,1,0,0,1997,0,1997.83
1.7208364009857178,938.4282836914062,1,MWI,1997,IHS-I,GPWG,N,c,0,1,0,0,1997,0,1997.83
1.9670193195343018,169.412353515625,1,MWI,1997,IHS-I,GPWG,N,c,0,1,0,0,1997,0,1997.83
1.5133365392684937,387.2400817871094,1,MWI,1997,IHS-I,GPWG,N,c,0,1,0,0,1997,0,1997.83
2.3198013305664062,847.061767578125,1,MWI,1997,IHS-I,GPWG,N,c,0,1,0,0,1997,0,1997.83
2.109247922897339,357.0254211425781,1,MWI,1997,IHS-I,GPWG,N,c,0,1,0,0,1997,0,1997.83
2.135683059692383,297.52117919921875,1,MWI,1997,IHS-I,GPWG,N,c,0,1,0,0,1997,0,1997.83
1.8691424131393433,1296.875,1,MWI,1997,IHS-I,GPWG,N,c,0,1,0,0,1997,0,1997.83
1.8803682327270508,169.412353515625,1,MWI,1997,IHS-I,GPWG,N,c,0,1,0,0,1997,0,1997.83
5.243503093719482,210.75938415527344,1,MWI,1997,IHS-I,GPWG,N,c,0,1,0,0,1997,0,1997.83
4.113590240478516,421.31890869140625,1,MWI,1997,IHS-I,GPWG,N,c,0,1,0,0,1997,0,1997.83
2.4179084300994873,689.8624877929688,1,MWI,1997,IHS-I,GPWG,N,c,0,1,0,0,1997,0,1997.83
0.4919743537902832,1621.83056640625,1,MWI,1997,IHS-I,GPWG,N,c,0,1,0,0,1997,0,1997.83
1.1875488758087158,1553.6929931640625,1,MWI,1997,IHS-I,GPWG,N,c,0,1,0,0,1997,0,1997.83
2.3313591480255127,508.237060546875,1,MWI,1997,IHS-I,GPWG,N,c,0,1,0,0,1997,0,1997.83
1.1983765363693237,580.631591796875,1,MWI,1997,IHS-I,GPWG,N,c,0,1,0,0,1997,0,1997.83
3.766887903213501,1506.4267578125,1,MWI,1997,IHS-I,GPWG,N,c,0,1,0,0,1997,0,1997.83
11.3655424118042,604.0850830078125,1,MWI,1997,IHS-I,GPWG,N,c,0,1,0,0,1997,0,1997.83
2.119243860244751,606.9550170898438,1,MWI,1997,IHS-I,GPWG,N,c,0,1,0,0,1997,0,1997.83
13.941150665283203,786.7457885742188,1,MWI,1997,IHS-I,GPWG,N,c,0,1,0,0,1997,0,1997.83
2.077530860900879,238.01695251464844,1,MWI,1997,IHS-I,GPWG,N,c,0,1,0,0,1997,0,1997.83
2.705894708633423,1082.0050048828125,1,MWI,1997,IHS-I,GPWG,N,c,0,1,0,0,1997,0,1997.83
1.646738052368164,338.82470703125,1,MWI,1997,IHS-I,GPWG,N,c,0,1,0,0,1997,0,1997.83
4.720183372497559,1004.2845458984375,1,MWI,1997,IHS-I,GPWG,N,c,0,1,0,0,1997,0,1997.83
3.941695213317871,983.4322509765625,1,MWI,1997,IHS-I,GPWG,N,c,0,1,0,0,1997,0,1997.83
2.9541587829589844,232.25262451171875,1,MWI,1997,IHS-I,GPWG,N,c,0,1,0,0,1997,0,1997.83
5.219955921173096,742.0,1,MWI,1997,IHS-I,GPWG,N,c,0,1,0,0,1997,0,1997.83
7.827435493469238,983.4322509765625,1,MWI,1997,IHS-I,GPWG,N,c,0,1,0,0,1997,0,1997.83
1.134669542312622,541.0025024414062,1,MWI,1997,IHS-I,GPWG,N,c,0,1,0,0,1997,0,1997.83
1.0863306522369385,1942.1162109375,1,MWI,1997,IHS-I,GPWG,N,c,0,1,0,0,1997,0,1997.83
3.0541210174560547,1135.2813720703125,1,MWI,1997,IHS-I,GPWG,N,c,0,1,0,0,1997,0,1997.83
1.9782785177230835,1123.33056640625,1,MWI,1997,IHS-I,GPWG,N,c,0,1,0,0,1997,0,1997.83
1.4708242416381836,684.272705078125,1,MWI,1997,IHS-I,GPWG,N,c,0,1,0,0,1997,0,1997.83
5.868107318878174,148.87448120117188,1,MWI,1997,IHS-I,GPWG,N,c,0,1,0,0,1997,0,1997.83
3.085636615753174,297.52117919921875,1,MWI,1997,IHS-I,GPWG,N,c,0,1,0,0,1997,0,1997.83
5.159286022186279,786.7457885742188,1,MWI,1997,IHS-I,GPWG,N,c,0,1,0,0,1997,0,1997.83
1.353229284286499,1685.275634765625,1,MWI,1997,IHS-I,GPWG,N,c,0,1,0,0,1997,0,1997.83
2.592897415161133,631.9783935546875,1,MWI,1997,IHS-I,GPWG,N,c,0,1,0,0,1997,0,1997.83
4.812742710113525,162.1830596923828,1,MWI,1997,IHS-I,GPWG,N,c,0,1,0,0,1997,0,1997.83
4.266740798950195,1263.956787109375,1,MWI,1997,IHS-I,GPWG,N,c,0,1,0,0,1997,0,1997.83
1.6398874521255493,843.0375366210938,1,MWI,1997,IHS-I,GPWG,N,c,0,1,0,0,1997,0,1997.83
2.057007312774658,1686.0750732421875,1,MWI,1997,IHS-I,GPWG,N,c,0,1,0,0,1997,0,1997.83
1.4213265180587769,1082.0050048828125,1,MWI,1997,IHS-I,GPWG,N,c,0,1,0,0,1997,0,1997.83
1.3742804527282715,1379.7249755859375,1,MWI,1997,IHS-I,GPWG,N,c,0,1,0,0,1997,0,1997.83
1.8668991327285767,753.902099609375,1,MWI,1997,IHS-I,GPWG,N,c,0,1,0,0,1997,0,1997.83
3.3947091102600098,689.8624877929688,1,MWI,1997,IHS-I,GPWG,N,c,0,1,0,0,1997,0,1997.83
2.56449556350708,758.6937866210938,1,MWI,1997,IHS-I,GPWG,N,c,0,1,0,0,1997,0,1997.83
5.456193923950195,453.0638122558594,1,MWI,1997,IHS-I,GPWG,N,c,0,1,0,0,1997,0,1997.83
22.59128761291504,742.0,1,MWI,1997,IHS-I,GPWG,N,c,0,1,0,0,1997,0,1997.83
2.044524669647217,1161.72021484375,1,MWI,1997,IHS-I,GPWG,N,c,0,1,0,0,1997,0,1997.83
3.2714571952819824,580.860107421875,1,MWI,1997,IHS-I,GPWG,N,c,0,1,0,0,1997,0,1997.83
0.5821196436882019,842.6378173828125,1,MWI,1997,IHS-I,GPWG,N,c,0,1,0,0,1997,0,1997.83
1.1979244947433472,348.3789367675781,1,MWI,1997,IHS-I,GPWG,N,c,0,1,0,0,1997,0,1997.83
1.0773531198501587,1295.9490966796875,1,MWI,1997,IHS-I,GPWG,N,c,0,1,0,0,1997,0,1997.83
2.3962199687957764,421.5187683105469,1,MWI,1997,IHS-I,GPWG,N,c,0,1,0,0,1997,0,1997.83
1.6610321998596191,778.125,1,MWI,1997,IHS-I,GPWG,N,c,0,1,0,0,1997,0,1997.83
2.360626220703125,148.39999389648438,1,MWI,1997,IHS-I,GPWG,N,c,0,1,0,0,1997,0,1997.83
15.400824546813965,522.1232299804688,1,MWI,1997,IHS-I,GPWG,N,c,0,1,0,0,1997,0,1997.83
1.2684355974197388,973.098388671875,1,MWI,1997,IHS-I,GPWG,N,c,0,1,0,0,1997,0,1997.83
1.0749293565750122,1161.26318359375,1,MWI,1997,IHS-I,GPWG,N,c,0,1,0,0,1997,0,1997.83
3.6749048233032227,187.2217559814453,1,MWI,1997,IHS-I,GPWG,N,c,0,1,0,0,1997,0,1997.83
1.1403964757919312,842.6378173828125,1,MWI,1997,IHS-I,GPWG,N,c,0,1,0,0,1997,0,1997.83
3.3711838722229004,421.5187683105469,1,MWI,1997,IHS-I,GPWG,N,c,0,1,0,0,1997,0,1997.83
3.217127561569214,296.79998779296875,1,MWI,1997,IHS-I,GPWG,N,c,0,1,0,0,1997,0,1997.83
2.369152784347534,776.8464965820312,1,MWI,1997,IHS-I,GPWG,N,c,0,1,0,0,1997,0,1997.83
1.1320521831512451,1390.794921875,1,MWI,1997,IHS-I,GPWG,N,c,0,1,0,0,1997,0,1997.83
1.656805396080017,1337.4339599609375,1,MWI,1997,IHS-I,GPWG,N,c,0,1,0,0,1997,0,1997.83
3.788784980773926,842.6378173828125,1,MWI,1997,IHS-I,GPWG,N,c,0,1,0,0,1997,0,1997.83
1.5739824771881104,778.125,1,MWI,1997,IHS-I,GPWG,N,c,0,1,0,0,1997,0,1997.83
3.3750319480895996,338.82470703125,1,MWI,1997,IHS-I,GPWG,N,c,0,1,0,0,1997,0,1997.83
3.827261209487915,297.74896240234375,1,MWI,1997,IHS-I,GPWG,N,c,0,1,0,0,1997,0,1997.83
2.0355935096740723,2008.569091796875,1,MWI,1997,IHS-I,GPWG,N,c,0,1,0,0,1997,0,1997.83
9.40333366394043,1053.796875,1,MWI,1997,IHS-I,GPWG,N,c,0,1,0,0,1997,0,1997.83
2.559270143508911,1437.446533203125,1,MWI,1997,IHS-I,GPWG,N,c,0,1,0,0,1997,0,1997.83
3.8262970447540283,695.3974609375,1,MWI,1997,IHS-I,GPWG,N,c,0,1,0,0,1997,0,1997.83
1.598181128501892,1053.796875,1,MWI,1997,IHS-I,GPWG,N,c,0,1,0,0,1997,0,1997.83
3.3205535411834717,758.6937866210938,1,MWI,1997,IHS-I,GPWG,N,c,0,1,0,0,1997,0,1997.83
0.3980049788951874,2330.53955078125,1,MWI,1997,IHS-I,GPWG,N,c,0,1,0,0,1997,0,1997.83
2.126380681991577,486.5491943359375,1,MWI,1997,IHS-I,GPWG,N,c,0,1,0,0,1997,0,1997.83
0.7963531017303467,1263.956787109375,1,MWI,1997,IHS-I,GPWG,N,c,0,1,0,0,1997,0,1997.83
2.0492961406707764,1165.269775390625,1,MWI,1997,IHS-I,GPWG,N,c,0,1,0,0,1997,0,1997.83
6.946472644805908,786.7457885742188,1,MWI,1997,IHS-I,GPWG,N,c,0,1,0,0,1997,0,1997.83
1.6816985607147217,1437.446533203125,1,MWI,1997,IHS-I,GPWG,N,c,0,1,0,0,1997,0,1997.83
2.342470645904541,842.6378173828125,1,MWI,1997,IHS-I,GPWG,N,c,0,1,0,0,1997,0,1997.83
2.544466972351074,1158.9957275390625,1,MWI,1997,IHS-I,GPWG,N,c,0,1,0,0,1997,0,1997.83
1.3986834287643433,1555.138916015625,1,MWI,1997,IHS-I,GPWG,N,c,0,1,0,0,1997,0,1997.83
11.341530799865723,393.3728942871094,1,MWI,1997,IHS-I,GPWG,N,c,0,1,0,0,1997,0,1997.83
2.135854721069336,518.75,1,MWI,1997,IHS-I,GPWG,N,c,0,1,0,0,1997,0,1997.83
1.2491124868392944,1475.315673828125,1,MWI,1997,IHS-I,GPWG,N,c,0,1,0,0,1997,0,1997.83
2.763357162475586,1339.870361328125,1,MWI,1997,IHS-I,GPWG,N,c,0,1,0,0,1997,0,1997.83
5.071908950805664,1044.2464599609375,1,MWI,1997,IHS-I,GPWG,N,c,0,1,0,0,1997,0,1997.83
3.6299140453338623,162.1830596923828,1,MWI,1997,IHS-I,GPWG,N,c,0,1,0,0,1997,0,1997.83
4.111423015594482,445.1999816894531,1,MWI,1997,IHS-I,GPWG,N,c,0,1,0,0,1997,0,1997.83
1.4464632272720337,753.902099609375,1,MWI,1997,IHS-I,GPWG,N,c,0,1,0,0,1997,0,1997.83
3.5920491218566895,1037.5,1,MWI,1997,IHS-I,GPWG,N,c,0,1,0,0,1997,0,1997.83
1.5782545804977417,486.5491943359375,1,MWI,1997,IHS-I,GPWG,N,c,0,1,0,0,1997,0,1997.83
2.4004483222961426,2759.449951171875,1,MWI,1997,IHS-I,GPWG,N,c,0,1,0,0,1997,0,1997.83
3.8396379947662354,226.5319061279297,1,MWI,1997,IHS-I,GPWG,N,c,0,1,0,0,1997,0,1997.83
3.1458356380462646,169.412353515625,1,MWI,1997,IHS-I,GPWG,N,c,0,1,0,0,1997,0,1997.83
1.91582453250885,270.5012512207031,1,MWI,1997,IHS-I,GPWG,N,c,0,1,0,0,1997,0,1997.83
2.776118755340576,843.0375366210938,1,MWI,1997,IHS-I,GPWG,N,c,0,1,0,0,1997,0,1997.83
1.6409639120101929,811.5037841796875,1,MWI,1997,IHS-I,GPWG,N,c,0,1,0,0,1997,0,1997.83
1.0064513683319092,910.4324951171875,1,MWI,1997,IHS-I,GPWG,N,c,0,1,0,0,1997,0,1997.83
5.710285663604736,758.6937866210938,1,MWI,1997,IHS-I,GPWG,N,c,0,1,0,0,1997,0,1997.83
2.621974468231201,632.2781372070312,1,MWI,1997,IHS-I,GPWG,N,c,0,1,0,0,1997,0,1997.83
0.9125654101371765,847.061767578125,1,MWI,1997,IHS-I,GPWG,N,c,0,1,0,0,1997,0,1997.83
0.9209139943122864,541.0025024414062,1,MWI,1997,IHS-I,GPWG,N,c,0,1,0,0,1997,0,1997.83
3.958223819732666,593.5999755859375,1,MWI,1997,IHS-I,GPWG,N,c,0,1,0,0,1997,0,1997.83
3.4109890460968018,1005.2027587890625,1,MWI,1997,IHS-I,GPWG,N,c,0,1,0,0,1997,0,1997.83
1.4246525764465332,1053.2972412109375,1,MWI,1997,IHS-I,GPWG,N,c,0,1,0,0,1997,0,1997.83
2.0721888542175293,374.4435119628906,1,MWI,1997,IHS-I,GPWG,N,c,0,1,0,0,1997,0,1997.83
2.8199079036712646,338.82470703125,1,MWI,1997,IHS-I,GPWG,N,c,0,1,0,0,1997,0,1997.83
4.432824611663818,187.2217559814453,1,MWI,1997,IHS-I,GPWG,N,c,0,1,0,0,1997,0,1997.83
1.4675782918930054,1053.796875,1,MWI,1997,IHS-I,GPWG,N,c,0,1,0,0,1997,0,1997.83
7.294714450836182,210.75938415527344,1,MWI,1997,IHS-I,GPWG,N,c,0,1,0,0,1997,0,1997.83
5.841734886169434,231.7991485595703,1,MWI,1997,IHS-I,GPWG,N,c,0,1,0,0,1997,0,1997.83
1.7949949502944946,1165.269775390625,1,MWI,1997,IHS-I,GPWG,N,c,0,1,0,0,1997,0,1997.83
3.404165029525757,1297.4644775390625,1,MWI,1997,IHS-I,GPWG,N,c,0,1,0,0,1997,0,1997.83
3.310251235961914,421.5187683105469,1,MWI,1997,IHS-I,GPWG,N,c,0,1,0,0,1997,0,1997.83
2.18680739402771,590.059326171875,1,MWI,1997,IHS-I,GPWG,N,c,0,1,0,0,1997,0,1997.83
4.334949016571045,1854.3931884765625,1,MWI,1997,IHS-I,GPWG,N,c,0,1,0,0,1997,0,1997.83
6.0480804443359375,1180.11865234375,1,MWI,1997,IHS-I,GPWG,N,c,0,1,0,0,1997,0,1997.83
3.910614013671875,228.09091186523438,1,MWI,1997,IHS-I,GPWG,N,c,0,1,0,0,1997,0,1997.83
7.865477085113525,178.51271057128906,1,MWI,1997,IHS-I,GPWG,N,c,0,1,0,0,1997,0,1997.83
1.2809606790542603,464.5052490234375,1,MWI,1997,IHS-I,GPWG,N,c,0,1,0,0,1997,0,1997.83
3.294384717941284,1264.5562744140625,1,MWI,1997,IHS-I,GPWG,N,c,0,1,0,0,1997,0,1997.83
1.0217187404632568,1295.9490966796875,1,MWI,1997,IHS-I,GPWG,N,c,0,1,0,0,1997,0,1997.83
0.8310401439666748,1082.0050048828125,1,MWI,1997,IHS-I,GPWG,N,c,0,1,0,0,1997,0,1997.83
3.358426094055176,810.915283203125,1,MWI,1997,IHS-I,GPWG,N,c,0,1,0,0,1997,0,1997.83
0.7900397181510925,3354.0419921875,1,MWI,1997,IHS-I,GPWG,N,c,0,1,0,0,1997,0,1997.83
2.402728319168091,927.1965942382812,1,MWI,1997,IHS-I,GPWG,N,c,0,1,0,0,1997,0,1997.83
2.717318058013916,1524.711181640625,1,MWI,1997,IHS-I,GPWG,N,c,0,1,0,0,1997,0,1997.83
2.8379204273223877,387.2400817871094,1,MWI,1997,IHS-I,GPWG,N,c,0,1,0,0,1997,0,1997.83
1.2355856895446777,1355.298828125,1,MWI,1997,IHS-I,GPWG,N,c,0,1,0,0,1997,0,1997.83
5.019613742828369,869.5053100585938,1,MWI,1997,IHS-I,GPWG,N,c,0,1,0,0,1997,0,1997.83
2.7047877311706543,1474.6162109375,1,MWI,1997,IHS-I,GPWG,N,c,0,1,0,0,1997,0,1997.83
8.876117706298828,1475.315673828125,1,MWI,1997,IHS-I,GPWG,N,c,0,1,0,0,1997,0,1997.83
1.5626602172851562,2718.962646484375,1,MWI,1997,IHS-I,GPWG,N,c,0,1,0,0,1997,0,1997.83
3.3880908489227295,1180.11865234375,1,MWI,1997,IHS-I,GPWG,N,c,0,1,0,0,1997,0,1997.83
3.6798980236053467,652.1289672851562,1,MWI,1997,IHS-I,GPWG,N,c,0,1,0,0,1997,0,1997.83
0.8771118521690369,1814.3287353515625,1,MWI,1997,IHS-I,GPWG,N,c,0,1,0,0,1997,0,1997.83
1.9526795148849487,169.412353515625,1,MWI,1997,IHS-I,GPWG,N,c,0,1,0,0,1997,0,1997.83
1.7965984344482422,843.0375366210938,1,MWI,1997,IHS-I,GPWG,N,c,0,1,0,0,1997,0,1997.83
0.4842933714389801,812.8841552734375,1,MWI,1997,IHS-I,GPWG,N,c,0,1,0,0,1997,0,1997.83
4.831892967224121,595.4979248046875,1,MWI,1997,IHS-I,GPWG,N,c,0,1,0,0,1997,0,1997.83
2.158078908920288,1854.3931884765625,1,MWI,1997,IHS-I,GPWG,N,c,0,1,0,0,1997,0,1997.83
1.9830536842346191,2261.706298828125,1,MWI,1997,IHS-I,GPWG,N,c,0,1,0,0,1997,0,1997.83
4.109681606292725,148.87448120117188,1,MWI,1997,IHS-I,GPWG,N,c,0,1,0,0,1997,0,1997.83
1.7701789140701294,464.5052490234375,1,MWI,1997,IHS-I,GPWG,N,c,0,1,0,0,1997,0,1997.83
1.0907480716705322,631.9783935546875,1,MWI,1997,IHS-I,GPWG,N,c,0,1,0,0,1997,0,1997.83
4.348824977874756,1135.2813720703125,1,MWI,1997,IHS-I,GPWG,N,c,0,1,0,0,1997,0,1997.83
2.272942543029785,445.8113098144531,1,MWI,1997,IHS-I,GPWG,N,c,0,1,0,0,1997,0,1997.83
1.4614452123641968,910.4324951171875,1,MWI,1997,IHS-I,GPWG,N,c,0,1,0,0,1997,0,1997.83
2.17274808883667,938.4282836914062,1,MWI,1997,IHS-I,GPWG,N,c,0,1,0,0,1997,0,1997.83
2.7354934215545654,786.7457885742188,1,MWI,1997,IHS-I,GPWG,N,c,0,1,0,0,1997,0,1997.83
0.975493848323822,1685.275634765625,1,MWI,1997,IHS-I,GPWG,N,c,0,1,0,0,1997,0,1997.83
21.172054290771484,783.184814453125,1,MWI,1997,IHS-I,GPWG,N,c,0,1,0,0,1997,0,1997.83
3.235001564025879,1263.956787109375,1,MWI,1997,IHS-I,GPWG,N,c,0,1,0,0,1997,0,1997.83
2.8024208545684814,455.21624755859375,1,MWI,1997,IHS-I,GPWG,N,c,0,1,0,0,1997,0,1997.83
3.49782133102417,1566.36962890625,1,MWI,1997,IHS-I,GPWG,N,c,0,1,0,0,1997,0,1997.83
18.074195861816406,210.75938415527344,1,MWI,1997,IHS-I,GPWG,N,c,0,1,0,0,1997,0,1997.83
3.7401528358459473,297.52117919921875,1,MWI,1997,IHS-I,GPWG,N,c,0,1,0,0,1997,0,1997.83
2.1072545051574707,938.4282836914062,1,MWI,1997,IHS-I,GPWG,N,c,0,1,0,0,1997,0,1997.83
2.244192361831665,1158.9957275390625,1,MWI,1997,IHS-I,GPWG,N,c,0,1,0,0,1997,0,1997.83
1.1228716373443604,1036.75927734375,1,MWI,1997,IHS-I,GPWG,N,c,0,1,0,0,1997,0,1997.83
3.955239772796631,919.816650390625,1,MWI,1997,IHS-I,GPWG,N,c,0,1,0,0,1997,0,1997.83
2.39886212348938,348.3789367675781,1,MWI,1997,IHS-I,GPWG,N,c,0,1,0,0,1997,0,1997.83
11.21000862121582,1180.11865234375,1,MWI,1997,IHS-I,GPWG,N,c,0,1,0,0,1997,0,1997.83
2.616178512573242,387.2400817871094,1,MWI,1997,IHS-I,GPWG,N,c,0,1,0,0,1997,0,1997.83
2.8244545459747314,606.9550170898438,1,MWI,1997,IHS-I,GPWG,N,c,0,1,0,0,1997,0,1997.83
4.5961833000183105,563.0569458007812,1,MWI,1997,IHS-I,GPWG,N,c,0,1,0,0,1997,0,1997.83
2.598891258239746,1264.5562744140625,1,MWI,1997,IHS-I,GPWG,N,c,0,1,0,0,1997,0,1997.83
3.6439051628112793,973.098388671875,1,MWI,1997,IHS-I,GPWG,N,c,0,1,0,0,1997,0,1997.83
4.6318817138671875,1966.864501953125,1,MWI,1997,IHS-I,GPWG,N,c,0,1,0,0,1997,0,1997.83
1.9798803329467773,434.7526550292969,1,MWI,1997,IHS-I,GPWG,N,c,0,1,0,0,1997,0,1997.83
1.794298529624939,348.3789367675781,1,MWI,1997,IHS-I,GPWG,N,c,0,1,0,0,1997,0,1997.83
3.5167229175567627,593.5999755859375,1,MWI,1997,IHS-I,GPWG,N,c,0,1,0,0,1997,0,1997.83
6.307769775390625,1827.4312744140625,1,MWI,1997,IHS-I,GPWG,N,c,0,1,0,0,1997,0,1997.83
0.8965534567832947,1185.886474609375,1,MWI,1997,IHS-I,GPWG,N,c,0,1,0,0,1997,0,1997.83
3.370144844055176,652.1289672851562,1,MWI,1997,IHS-I,GPWG,N,c,0,1,0,0,1997,0,1997.83
1.1322740316390991,421.5187683105469,1,MWI,1997,IHS-I,GPWG,N,c,0,1,0,0,1997,0,1997.83
4.152980804443359,463.5982971191406,1,MWI,1997,IHS-I,GPWG,N,c,0,1,0,0,1997,0,1997.83
2.0594472885131836,518.379638671875,1,MWI,1997,IHS-I,GPWG,N,c,0,1,0,0,1997,0,1997.83
1.488590121269226,1158.9957275390625,1,MWI,1997,IHS-I,GPWG,N,c,0,1,0,0,1997,0,1997.83
2.4473683834075928,563.0569458007812,1,MWI,1997,IHS-I,GPWG,N,c,0,1,0,0,1997,0,1997.83
1.5880711078643799,387.2400817871094,1,MWI,1997,IHS-I,GPWG,N,c,0,1,0,0,1997,0,1997.83
2.5586838722229004,1566.36962890625,1,MWI,1997,IHS-I,GPWG,N,c,0,1,0,0,1997,0,1997.83
1.6626640558242798,238.01695251464844,1,MWI,1997,IHS-I,GPWG,N,c,0,1,0,0,1997,0,1997.83
2.0914409160614014,758.6937866210938,1,MWI,1997,IHS-I,GPWG,N,c,0,1,0,0,1997,0,1997.83
2.0424997806549072,1577.0999755859375,1,MWI,1997,IHS-I,GPWG,N,c,0,1,0,0,1997,0,1997.83
0.7875598669052124,270.5012512207031,1,MWI,1997,IHS-I,GPWG,N,c,0,1,0,0,1997,0,1997.83
2.3600425720214844,758.6937866210938,1,MWI,1997,IHS-I,GPWG,N,c,0,1,0,0,1997,0,1997.83
2.1475164890289307,232.25262451171875,1,MWI,1997,IHS-I,GPWG,N,c,0,1,0,0,1997,0,1997.83
1.624656081199646,774.4801635742188,1,MWI,1997,IHS-I,GPWG,N,c,0,1,0,0,1997,0,1997.83
1.6830017566680908,1053.2972412109375,1,MWI,1997,IHS-I,GPWG,N,c,0,1,0,0,1997,0,1997.83
1.745835304260254,778.125,1,MWI,1997,IHS-I,GPWG,N,c,0,1,0,0,1997,0,1997.83
3.285076141357422,302.04254150390625,1,MWI,1997,IHS-I,GPWG,N,c,0,1,0,0,1997,0,1997.83
1.2368788719177246,1507.80419921875,1,MWI,1997,IHS-I,GPWG,N,c,0,1,0,0,1997,0,1997.83
6.558152198791504,1180.11865234375,1,MWI,1997,IHS-I,GPWG,N,c,0,1,0,0,1997,0,1997.83
1.8027079105377197,342.1363525390625,1,MWI,1997,IHS-I,GPWG,N,c,0,1,0,0,1997,0,1997.83
24.229188919067383,590.059326171875,1,MWI,1997,IHS-I,GPWG,N,c,0,1,0,0,1997,0,1997.83
4.828641414642334,1126.1138916015625,1,MWI,1997,IHS-I,GPWG,N,c,0,1,0,0,1997,0,1997.83
1.8024693727493286,919.816650390625,1,MWI,1997,IHS-I,GPWG,N,c,0,1,0,0,1997,0,1997.83
1.8280640840530396,1086.881591796875,1,MWI,1997,IHS-I,GPWG,N,c,0,1,0,0,1997,0,1997.83
3.320239305496216,222.90565490722656,1,MWI,1997,IHS-I,GPWG,N,c,0,1,0,0,1997,0,1997.83
2.8580009937286377,695.3974609375,1,MWI,1997,IHS-I,GPWG,N,c,0,1,0,0,1997,0,1997.83
6.450825214385986,786.7457885742188,1,MWI,1997,IHS-I,GPWG,N,c,0,1,0,0,1997,0,1997.83
2.7794108390808105,1337.4339599609375,1,MWI,1997,IHS-I,GPWG,N,c,0,1,0,0,1997,0,1997.83
3.2522225379943848,148.39999389648438,1,MWI,1997,IHS-I,GPWG,N,c,0,1,0,0,1997,0,1997.83
7.508938312530518,302.04254150390625,1,MWI,1997,IHS-I,GPWG,N,c,0,1,0,0,1997,0,1997.83
1.40986967086792,842.6378173828125,1,MWI,1997,IHS-I,GPWG,N,c,0,1,0,0,1997,0,1997.83
1.5527775287628174,958.2977294921875,1,MWI,1997,IHS-I,GPWG,N,c,0,1,0,0,1997,0,1997.83
3.410167694091797,1622.593994140625,1,MWI,1997,IHS-I,GPWG,N,c,0,1,0,0,1997,0,1997.83
2.028074026107788,843.0375366210938,1,MWI,1997,IHS-I,GPWG,N,c,0,1,0,0,1997,0,1997.83
0.821867048740387,843.0375366210938,1,MWI,1997,IHS-I,GPWG,N,c,0,1,0,0,1997,0,1997.83
3.2324743270874023,1277.389404296875,1,MWI,1997,IHS-I,GPWG,N,c,0,1,0,0,1997,0,1997.83
1.5587979555130005,1304.2579345703125,1,MWI,1997,IHS-I,GPWG,N,c,0,1,0,0,1997,0,1997.83
1.8284088373184204,116.12631225585938,1,MWI,1997,IHS-I,GPWG,N,c,0,1,0,0,1997,0,1997.83
1.4881880283355713,811.5037841796875,1,MWI,1997,IHS-I,GPWG,N,c,0,1,0,0,1997,0,1997.83
1.1650646924972534,464.5052490234375,1,MWI,1997,IHS-I,GPWG,N,c,0,1,0,0,1997,0,1997.83
1.4064825773239136,1783.2452392578125,1,MWI,1997,IHS-I,GPWG,N,c,0,1,0,0,1997,0,1997.83
78.4550552368164,590.059326171875,1,MWI,1997,IHS-I,GPWG,N,c,0,1,0,0,1997,0,1997.83
6.38036584854126,541.0025024414062,1,MWI,1997,IHS-I,GPWG,N,c,0,1,0,0,1997,0,1997.83
1.3131656646728516,1123.33056640625,1,MWI,1997,IHS-I,GPWG,N,c,0,1,0,0,1997,0,1997.83
3.7133545875549316,228.09091186523438,1,MWI,1997,IHS-I,GPWG,N,c,0,1,0,0,1997,0,1997.83
3.285907506942749,1135.2813720703125,1,MWI,1997,IHS-I,GPWG,N,c,0,1,0,0,1997,0,1997.83
4.686698913574219,178.51271057128906,1,MWI,1997,IHS-I,GPWG,N,c,0,1,0,0,1997,0,1997.83
1.2724220752716064,648.7322387695312,1,MWI,1997,IHS-I,GPWG,N,c,0,1,0,0,1997,0,1997.83
15.715593338012695,786.7457885742188,1,MWI,1997,IHS-I,GPWG,N,c,0,1,0,0,1997,0,1997.83
4.713966369628906,375.3713073730469,1,MWI,1997,IHS-I,GPWG,N,c,0,1,0,0,1997,0,1997.83
2.074842929840088,1548.9603271484375,1,MWI,1997,IHS-I,GPWG,N,c,0,1,0,0,1997,0,1997.83
41.7469367980957,786.7457885742188,1,MWI,1997,IHS-I,GPWG,N,c,0,1,0,0,1997,0,1997.83
2.986589193344116,338.82470703125,1,MWI,1997,IHS-I,GPWG,N,c,0,1,0,0,1997,0,1997.83
1.250766396522522,1263.956787109375,1,MWI,1997,IHS-I,GPWG,N,c,0,1,0,0,1997,0,1997.83
9.382821083068848,445.1999816894531,1,MWI,1997,IHS-I,GPWG,N,c,0,1,0,0,1997,0,1997.83
5.360271453857422,377.55316162109375,1,MWI,1997,IHS-I,GPWG,N,c,0,1,0,0,1997,0,1997.83
0.7024250626564026,1365.6488037109375,1,MWI,1997,IHS-I,GPWG,N,c,0,1,0,0,1997,0,1997.83
5.909809112548828,445.1999816894531,1,MWI,1997,IHS-I,GPWG,N,c,0,1,0,0,1997,0,1997.83
44.385581970214844,590.059326171875,1,MWI,1997,IHS-I,GPWG,N,c,0,1,0,0,1997,0,1997.83
0.8366786241531372,677.6494140625,1,MWI,1997,IHS-I,GPWG,N,c,0,1,0,0,1997,0,1997.83
17.124210357666016,261.0616149902344,1,MWI,1997,IHS-I,GPWG,N,c,0,1,0,0,1997,0,1997.83
2.4075591564178467,3043.2685546875,1,MWI,1997,IHS-I,GPWG,N,c,0,1,0,0,1997,0,1997.83
5.767736911773682,1053.796875,1,MWI,1997,IHS-I,GPWG,N,c,0,1,0,0,1997,0,1997.83
1.3508329391479492,1507.80419921875,1,MWI,1997,IHS-I,GPWG,N,c,0,1,0,0,1997,0,1997.83
0.9659868478775024,1016.47412109375,1,MWI,1997,IHS-I,GPWG,N,c,0,1,0,0,1997,0,1997.83
1.3065592050552368,929.010498046875,1,MWI,1997,IHS-I,GPWG,N,c,0,1,0,0,1997,0,1997.83
1.4830067157745361,1622.593994140625,1,MWI,1997,IHS-I,GPWG,N,c,0,1,0,0,1997,0,1997.83
0.9263291358947754,631.9783935546875,1,MWI,1997,IHS-I,GPWG,N,c,0,1,0,0,1997,0,1997.83
11.375737190246582,590.059326171875,1,MWI,1997,IHS-I,GPWG,N,c,0,1,0,0,1997,0,1997.83
2.0458972454071045,677.6494140625,1,MWI,1997,IHS-I,GPWG,N,c,0,1,0,0,1997,0,1997.83
6.874172210693359,677.6494140625,1,MWI,1997,IHS-I,GPWG,N,c,0,1,0,0,1997,0,1997.83
1.5871875286102295,421.31890869140625,1,MWI,1997,IHS-I,GPWG,N,c,0,1,0,0,1997,0,1997.83
2.746917724609375,1126.1138916015625,1,MWI,1997,IHS-I,GPWG,N,c,0,1,0,0,1997,0,1997.83
1.884844422340393,116.12631225585938,1,MWI,1997,IHS-I,GPWG,N,c,0,1,0,0,1997,0,1997.83
1.8838649988174438,4059.0,1,MWI,1997,IHS-I,GPWG,N,c,0,1,0,0,1997,0,1997.83
9.37196159362793,786.7457885742188,1,MWI,1997,IHS-I,GPWG,N,c,0,1,0,0,1997,0,1997.83
3.092758893966675,228.09091186523438,1,MWI,1997,IHS-I,GPWG,N,c,0,1,0,0,1997,0,1997.83
0.332900732755661,2129.820556640625,1,MWI,1997,IHS-I,GPWG,N,c,0,1,0,0,1997,0,1997.83
1.338578224182129,606.9550170898438,1,MWI,1997,IHS-I,GPWG,N,c,0,1,0,0,1997,0,1997.83
11.335558891296387,604.0850830078125,1,MWI,1997,IHS-I,GPWG,N,c,0,1,0,0,1997,0,1997.83
2.0667145252227783,508.237060546875,1,MWI,1997,IHS-I,GPWG,N,c,0,1,0,0,1997,0,1997.83
2.750673532485962,1854.3931884765625,1,MWI,1997,IHS-I,GPWG,N,c,0,1,0,0,1997,0,1997.83
2.4390084743499756,455.21624755859375,1,MWI,1997,IHS-I,GPWG,N,c,0,1,0,0,1997,0,1997.83
5.878921985626221,261.0616149902344,1,MWI,1997,IHS-I,GPWG,N,c,0,1,0,0,1997,0,1997.83
1.7471271753311157,2395.744384765625,1,MWI,1997,IHS-I,GPWG,N,c,0,1,0,0,1997,0,1997.83
1.76541268825531,1355.298828125,1,MWI,1997,IHS-I,GPWG,N,c,0,1,0,0,1997,0,1997.83
1.4373544454574585,1304.2579345703125,1,MWI,1997,IHS-I,GPWG,N,c,0,1,0,0,1997,0,1997.83
1.8309773206710815,748.8870239257812,1,MWI,1997,IHS-I,GPWG,N,c,0,1,0,0,1997,0,1997.83
6.590635776519775,463.5982971191406,1,MWI,1997,IHS-I,GPWG,N,c,0,1,0,0,1997,0,1997.83
2.859816551208496,843.0375366210938,1,MWI,1997,IHS-I,GPWG,N,c,0,1,0,0,1997,0,1997.83
1.1192079782485962,1036.75927734375,1,MWI,1997,IHS-I,GPWG,N,c,0,1,0,0,1997,0,1997.83
5.999725341796875,1566.36962890625,1,MWI,1997,IHS-I,GPWG,N,c,0,1,0,0,1997,0,1997.83
3.3987226486206055,119.00847625732422,1,MWI,1997,IHS-I,GPWG,N,c,0,1,0,0,1997,0,1997.83
2.65220308303833,455.21624755859375,1,MWI,1997,IHS-I,GPWG,N,c,0,1,0,0,1997,0,1997.83
4.115710258483887,445.1999816894531,1,MWI,1997,IHS-I,GPWG,N,c,0,1,0,0,1997,0,1997.83
3.4342939853668213,518.75,1,MWI,1997,IHS-I,GPWG,N,c,0,1,0,0,1997,0,1997.83
3.8235340118408203,463.5982971191406,1,MWI,1997,IHS-I,GPWG,N,c,0,1,0,0,1997,0,1997.83
5.780663013458252,148.87448120117188,1,MWI,1997,IHS-I,GPWG,N,c,0,1,0,0,1997,0,1997.83
3.025813102722168,228.09091186523438,1,MWI,1997,IHS-I,GPWG,N,c,0,1,0,0,1997,0,1997.83
1.3861840963363647,1053.796875,1,MWI,1997,IHS-I,GPWG,N,c,0,1,0,0,1997,0,1997.83
1.9605512619018555,508.237060546875,1,MWI,1997,IHS-I,GPWG,N,c,0,1,0,0,1997,0,1997.83
3.0366804599761963,753.21337890625,1,MWI,1997,IHS-I,GPWG,N,c,0,1,0,0,1997,0,1997.83
1.1958887577056885,938.4282836914062,1,MWI,1997,IHS-I,GPWG,N,c,0,1,0,0,1997,0,1997.83
6.174279689788818,2706.0,1,MWI,1997,IHS-I,GPWG,N,c,0,1,0,0,1997,0,1997.83
0.8150211572647095,750.7426147460938,1,MWI,1997,IHS-I,GPWG,N,c,0,1,0,0,1997,0,1997.83
25.8538761138916,522.1232299804688,1,MWI,1997,IHS-I,GPWG,N,c,0,1,0,0,1997,0,1997.83
0.8063017129898071,1501.4852294921875,1,MWI,1997,IHS-I,GPWG,N,c,0,1,0,0,1997,0,1997.83
0.8131667375564575,1277.389404296875,1,MWI,1997,IHS-I,GPWG,N,c,0,1,0,0,1997,0,1997.83
2.00370192527771,910.4324951171875,1,MWI,1997,IHS-I,GPWG,N,c,0,1,0,0,1997,0,1997.83
5.208666801452637,1004.2845458984375,1,MWI,1997,IHS-I,GPWG,N,c,0,1,0,0,1997,0,1997.83
3.509751319885254,1507.80419921875,1,MWI,1997,IHS-I,GPWG,N,c,0,1,0,0,1997,0,1997.83
1.7012088298797607,927.1965942382812,1,MWI,1997,IHS-I,GPWG,N,c,0,1,0,0,1997,0,1997.83
0.8483153581619263,1501.4852294921875,1,MWI,1997,IHS-I,GPWG,N,c,0,1,0,0,1997,0,1997.83
2.2812793254852295,679.595703125,1,MWI,1997,IHS-I,GPWG,N,c,0,1,0,0,1997,0,1997.83
2.0065765380859375,1553.6929931640625,1,MWI,1997,IHS-I,GPWG,N,c,0,1,0,0,1997,0,1997.83
2.7628769874572754,222.90565490722656,1,MWI,1997,IHS-I,GPWG,N,c,0,1,0,0,1997,0,1997.83
24.170936584472656,393.3728942871094,1,MWI,1997,IHS-I,GPWG,N,c,0,1,0,0,1997,0,1997.83
2.0751688480377197,1182.824951171875,1,MWI,1997,IHS-I,GPWG,N,c,0,1,0,0,1997,0,1997.83
7.35939359664917,148.39999389648438,1,MWI,1997,IHS-I,GPWG,N,c,0,1,0,0,1997,0,1997.83
0.8348618149757385,753.902099609375,1,MWI,1997,IHS-I,GPWG,N,c,0,1,0,0,1997,0,1997.83
1.1213781833648682,1213.9100341796875,1,MWI,1997,IHS-I,GPWG,N,c,0,1,0,0,1997,0,1997.83
0.5284448266029358,1256.50341796875,1,MWI,1997,IHS-I,GPWG,N,c,0,1,0,0,1997,0,1997.83
21.323440551757812,783.184814453125,1,MWI,1997,IHS-I,GPWG,N,c,0,1,0,0,1997,0,1997.83
6.152749538421631,148.87448120117188,1,MWI,1997,IHS-I,GPWG,N,c,0,1,0,0,1997,0,1997.83
1.5042719841003418,1037.5,1,MWI,1997,IHS-I,GPWG,N,c,0,1,0,0,1997,0,1997.83
1.502956509590149,1126.1138916015625,1,MWI,1997,IHS-I,GPWG,N,c,0,1,0,0,1997,0,1997.83
2.3675904273986816,1916.595458984375,1,MWI,1997,IHS-I,GPWG,N,c,0,1,0,0,1997,0,1997.83
1.5943222045898438,1005.2027587890625,1,MWI,1997,IHS-I,GPWG,N,c,0,1,0,0,1997,0,1997.83
7.562488555908203,590.059326171875,1,MWI,1997,IHS-I,GPWG,N,c,0,1,0,0,1997,0,1997.83
3.7332780361175537,342.1363525390625,1,MWI,1997,IHS-I,GPWG,N,c,0,1,0,0,1997,0,1997.83
1.1775227785110474,842.6378173828125,1,MWI,1997,IHS-I,GPWG,N,c,0,1,0,0,1997,0,1997.83
1.7969303131103516,561.665283203125,1,MWI,1997,IHS-I,GPWG,N,c,0,1,0,0,1997,0,1997.83
2.0202245712280273,753.902099609375,1,MWI,1997,IHS-I,GPWG,N,c,0,1,0,0,1997,0,1997.83
2.34024715423584,387.2400817871094,1,MWI,1997,IHS-I,GPWG,N,c,0,1,0,0,1997,0,1997.83
2.2239885330200195,421.5187683105469,1,MWI,1997,IHS-I,GPWG,N,c,0,1,0,0,1997,0,1997.83
4.202309608459473,502.60137939453125,1,MWI,1997,IHS-I,GPWG,N,c,0,1,0,0,1997,0,1997.83
2.367396116256714,910.4324951171875,1,MWI,1997,IHS-I,GPWG,N,c,0,1,0,0,1997,0,1997.83
1.690411925315857,338.82470703125,1,MWI,1997,IHS-I,GPWG,N,c,0,1,0,0,1997,0,1997.83
1.4537807703018188,518.75,1,MWI,1997,IHS-I,GPWG,N,c,0,1,0,0,1997,0,1997.83
8.174439430236816,226.5319061279297,1,MWI,1997,IHS-I,GPWG,N,c,0,1,0,0,1997,0,1997.83
0.5814942121505737,696.7578735351562,1,MWI,1997,IHS-I,GPWG,N,c,0,1,0,0,1997,0,1997.83
0.8388882875442505,421.31890869140625,1,MWI,1997,IHS-I,GPWG,N,c,0,1,0,0,1997,0,1997.83
0.6105730533599854,518.379638671875,1,MWI,1997,IHS-I,GPWG,N,c,0,1,0,0,1997,0,1997.83
1.4446662664413452,455.21624755859375,1,MWI,1997,IHS-I,GPWG,N,c,0,1,0,0,1997,0,1997.83
31.46021842956543,983.4322509765625,1,MWI,1997,IHS-I,GPWG,N,c,0,1,0,0,1997,0,1997.83
3.8489270210266113,338.82470703125,1,MWI,1997,IHS-I,GPWG,N,c,0,1,0,0,1997,0,1997.83
2.3805091381073,632.2781372070312,1,MWI,1997,IHS-I,GPWG,N,c,0,1,0,0,1997,0,1997.83
1.1425833702087402,297.52117919921875,1,MWI,1997,IHS-I,GPWG,N,c,0,1,0,0,1997,0,1997.83
1.8226066827774048,1376.80517578125,1,MWI,1997,IHS-I,GPWG,N,c,0,1,0,0,1997,0,1997.83
0.8171846866607666,580.631591796875,1,MWI,1997,IHS-I,GPWG,N,c,0,1,0,0,1997,0,1997.83
0.7949186563491821,1264.5562744140625,1,MWI,1997,IHS-I,GPWG,N,c,0,1,0,0,1997,0,1997.83
7.519594669342041,786.7457885742188,1,MWI,1997,IHS-I,GPWG,N,c,0,1,0,0,1997,0,1997.83
1.821022868156433,1016.47412109375,1,MWI,1997,IHS-I,GPWG,N,c,0,1,0,0,1997,0,1997.83
2.601402521133423,1038.7999267578125,1,MWI,1997,IHS-I,GPWG,N,c,0,1,0,0,1997,0,1997.83
4.121131896972656,652.1289672851562,1,MWI,1997,IHS-I,GPWG,N,c,0,1,0,0,1997,0,1997.83
2.248218059539795,421.5187683105469,1,MWI,1997,IHS-I,GPWG,N,c,0,1,0,0,1997,0,1997.83
2.028895378112793,508.237060546875,1,MWI,1997,IHS-I,GPWG,N,c,0,1,0,0,1997,0,1997.83
0.9708375334739685,1623.007568359375,1,MWI,1997,IHS-I,GPWG,N,c,0,1,0,0,1997,0,1997.83
2.897937774658203,774.4801635742188,1,MWI,1997,IHS-I,GPWG,N,c,0,1,0,0,1997,0,1997.83
3.596587896347046,753.902099609375,1,MWI,1997,IHS-I,GPWG,N,c,0,1,0,0,1997,0,1997.83
3.193376064300537,476.0339050292969,1,MWI,1997,IHS-I,GPWG,N,c,0,1,0,0,1997,0,1997.83
2.056349039077759,116.12631225585938,1,MWI,1997,IHS-I,GPWG,N,c,0,1,0,0,1997,0,1997.83
1.1044875383377075,1185.886474609375,1,MWI,1997,IHS-I,GPWG,N,c,0,1,0,0,1997,0,1997.83
1.0943875312805176,1086.881591796875,1,MWI,1997,IHS-I,GPWG,N,c,0,1,0,0,1997,0,1997.83
2.0368857383728027,388.4232482910156,1,MWI,1997,IHS-I,GPWG,N,c,0,1,0,0,1997,0,1997.83
3.850203514099121,193.6200408935547,1,MWI,1997,IHS-I,GPWG,N,c,0,1,0,0,1997,0,1997.83
0.9692126512527466,561.665283203125,1,MWI,1997,IHS-I,GPWG,N,c,0,1,0,0,1997,0,1997.83
3.387836456298828,1254.5,1,MWI,1997,IHS-I,GPWG,N,c,0,1,0,0,1997,0,1997.83
29.369749069213867,261.0616149902344,1,MWI,1997,IHS-I,GPWG,N,c,0,1,0,0,1997,0,1997.83
1.2636258602142334,696.7578735351562,1,MWI,1997,IHS-I,GPWG,N,c,0,1,0,0,1997,0,1997.83
3.0738751888275146,259.1898193359375,1,MWI,1997,IHS-I,GPWG,N,c,0,1,0,0,1997,0,1997.83
0.7781108617782593,2434.51123046875,1,MWI,1997,IHS-I,GPWG,N,c,0,1,0,0,1997,0,1997.83
4.277899265289307,595.4979248046875,1,MWI,1997,IHS-I,GPWG,N,c,0,1,0,0,1997,0,1997.83
1.1006062030792236,677.6494140625,1,MWI,1997,IHS-I,GPWG,N,c,0,1,0,0,1997,0,1997.83
1.869014024734497,843.0375366210938,1,MWI,1997,IHS-I,GPWG,N,c,0,1,0,0,1997,0,1997.83
1.4529305696487427,1524.711181640625,1,MWI,1997,IHS-I,GPWG,N,c,0,1,0,0,1997,0,1997.83
1.8027219772338867,1622.593994140625,1,MWI,1997,IHS-I,GPWG,N,c,0,1,0,0,1997,0,1997.83
1.0822665691375732,1815.625,1,MWI,1997,IHS-I,GPWG,N,c,0,1,0,0,1997,0,1997.83
7.1137614250183105,783.184814453125,1,MWI,1997,IHS-I,GPWG,N,c,0,1,0,0,1997,0,1997.83
0.7268436551094055,1187.199951171875,1,MWI,1997,IHS-I,GPWG,N,c,0,1,0,0,1997,0,1997.83
2.59257173538208,842.6378173828125,1,MWI,1997,IHS-I,GPWG,N,c,0,1,0,0,1997,0,1997.83
6.168933391571045,187.68565368652344,1,MWI,1997,IHS-I,GPWG,N,c,0,1,0,0,1997,0,1997.83
1.3687763214111328,750.7426147460938,1,MWI,1997,IHS-I,GPWG,N,c,0,1,0,0,1997,0,1997.83
1.0857094526290894,2759.925048828125,1,MWI,1997,IHS-I,GPWG,N,c,0,1,0,0,1997,0,1997.83
2.9142844676971436,1352.5062255859375,1,MWI,1997,IHS-I,GPWG,N,c,0,1,0,0,1997,0,1997.83
0.6928761005401611,210.65945434570312,1,MWI,1997,IHS-I,GPWG,N,c,0,1,0,0,1997,0,1997.83
2.444237232208252,338.82470703125,1,MWI,1997,IHS-I,GPWG,N,c,0,1,0,0,1997,0,1997.83
2.466578245162964,296.79998779296875,1,MWI,1997,IHS-I,GPWG,N,c,0,1,0,0,1997,0,1997.83
0.6571658849716187,1474.6162109375,1,MWI,1997,IHS-I,GPWG,N,c,0,1,0,0,1997,0,1997.83
0.7679327726364136,774.4801635742188,1,MWI,1997,IHS-I,GPWG,N,c,0,1,0,0,1997,0,1997.83
6.3753790855407715,148.87448120117188,1,MWI,1997,IHS-I,GPWG,N,c,0,1,0,0,1997,0,1997.83
2.283172130584717,1506.4267578125,1,MWI,1997,IHS-I,GPWG,N,c,0,1,0,0,1997,0,1997.83
1.3246402740478516,1256.50341796875,1,MWI,1997,IHS-I,GPWG,N,c,0,1,0,0,1997,0,1997.83
2.384439706802368,1165.269775390625,1,MWI,1997,IHS-I,GPWG,N,c,0,1,0,0,1997,0,1997.83
11.798678398132324,774.4801635742188,1,MWI,1997,IHS-I,GPWG,N,c,0,1,0,0,1997,0,1997.83
2.6581971645355225,652.1289672851562,1,MWI,1997,IHS-I,GPWG,N,c,0,1,0,0,1997,0,1997.83
3.7828900814056396,1815.625,1,MWI,1997,IHS-I,GPWG,N,c,0,1,0,0,1997,0,1997.83
1.9548654556274414,1759.1048583984375,1,MWI,1997,IHS-I,GPWG,N,c,0,1,0,0,1997,0,1997.83
2.234802484512329,1622.593994140625,1,MWI,1997,IHS-I,GPWG,N,c,0,1,0,0,1997,0,1997.83
3.820164918899536,927.1965942382812,1,MWI,1997,IHS-I,GPWG,N,c,0,1,0,0,1997,0,1997.83
0.9850248694419861,1161.72021484375,1,MWI,1997,IHS-I,GPWG,N,c,0,1,0,0,1997,0,1997.83
2.300997734069824,463.5982971191406,1,MWI,1997,IHS-I,GPWG,N,c,0,1,0,0,1997,0,1997.83
1.3309506177902222,1053.796875,1,MWI,1997,IHS-I,GPWG,N,c,0,1,0,0,1997,0,1997.83
2.9461960792541504,187.2217559814453,1,MWI,1997,IHS-I,GPWG,N,c,0,1,0,0,1997,0,1997.83
1.7759146690368652,776.8464965820312,1,MWI,1997,IHS-I,GPWG,N,c,0,1,0,0,1997,0,1997.83
2.494255304336548,968.1002197265625,1,MWI,1997,IHS-I,GPWG,N,c,0,1,0,0,1997,0,1997.83
0.8248029351234436,580.631591796875,1,MWI,1997,IHS-I,GPWG,N,c,0,1,0,0,1997,0,1997.83
5.835928916931152,196.6864471435547,1,MWI,1997,IHS-I,GPWG,N,c,0,1,0,0,1997,0,1997.83
2.7957465648651123,2010.405517578125,1,MWI,1997,IHS-I,GPWG,N,c,0,1,0,0,1997,0,1997.83
1.1737010478973389,2261.706298828125,1,MWI,1997,IHS-I,GPWG,N,c,0,1,0,0,1997,0,1997.83
2.2367758750915527,324.3661193847656,1,MWI,1997,IHS-I,GPWG,N,c,0,1,0,0,1997,0,1997.83
3.625861406326294,1180.11865234375,1,MWI,1997,IHS-I,GPWG,N,c,0,1,0,0,1997,0,1997.83
1.500183343887329,508.237060546875,1,MWI,1997,IHS-I,GPWG,N,c,0,1,0,0,1997,0,1997.83
3.046522855758667,2706.0,1,MWI,1997,IHS-I,GPWG,N,c,0,1,0,0,1997,0,1997.83
1.1033803224563599,580.860107421875,1,MWI,1997,IHS-I,GPWG,N,c,0,1,0,0,1997,0,1997.83
1.2641444206237793,1521.63427734375,1,MWI,1997,IHS-I,GPWG,N,c,0,1,0,0,1997,0,1997.83
2.890042304992676,1149.770751953125,1,MWI,1997,IHS-I,GPWG,N,c,0,1,0,0,1997,0,1997.83
1.1201763153076172,968.1002197265625,1,MWI,1997,IHS-I,GPWG,N,c,0,1,0,0,1997,0,1997.83
1.322293996810913,541.0025024414062,1,MWI,1997,IHS-I,GPWG,N,c,0,1,0,0,1997,0,1997.83
1.833005428314209,297.52117919921875,1,MWI,1997,IHS-I,GPWG,N,c,0,1,0,0,1997,0,1997.83
3.2419052124023438,689.8624877929688,1,MWI,1997,IHS-I,GPWG,N,c,0,1,0,0,1997,0,1997.83
1.9675517082214355,1161.72021484375,1,MWI,1997,IHS-I,GPWG,N,c,0,1,0,0,1997,0,1997.83
1.7234026193618774,843.0375366210938,1,MWI,1997,IHS-I,GPWG,N,c,0,1,0,0,1997,0,1997.83
1.429866075515747,421.31890869140625,1,MWI,1997,IHS-I,GPWG,N,c,0,1,0,0,1997,0,1997.83
1.326317548751831,1185.886474609375,1,MWI,1997,IHS-I,GPWG,N,c,0,1,0,0,1997,0,1997.83
0.6400778889656067,632.2781372070312,1,MWI,1997,IHS-I,GPWG,N,c,0,1,0,0,1997,0,1997.83
2.4052906036376953,677.6494140625,1,MWI,1997,IHS-I,GPWG,N,c,0,1,0,0,1997,0,1997.83
4.2227864265441895,210.75938415527344,1,MWI,1997,IHS-I,GPWG,N,c,0,1,0,0,1997,0,1997.83
5.287943363189697,251.07113647460938,1,MWI,1997,IHS-I,GPWG,N,c,0,1,0,0,1997,0,1997.83
2.048801898956299,348.3789367675781,1,MWI,1997,IHS-I,GPWG,N,c,0,1,0,0,1997,0,1997.83
1.6800079345703125,303.4775085449219,1,MWI,1997,IHS-I,GPWG,N,c,0,1,0,0,1997,0,1997.83
1.9122191667556763,303.4775085449219,1,MWI,1997,IHS-I,GPWG,N,c,0,1,0,0,1997,0,1997.83
1.3366910219192505,434.7526550292969,1,MWI,1997,IHS-I,GPWG,N,c,0,1,0,0,1997,0,1997.83
3.5728814601898193,463.5982971191406,1,MWI,1997,IHS-I,GPWG,N,c,0,1,0,0,1997,0,1997.83
14.460661888122559,1390.794921875,1,MWI,1997,IHS-I,GPWG,N,c,0,1,0,0,1997,0,1997.83
5.5883002281188965,632.2781372070312,1,MWI,1997,IHS-I,GPWG,N,c,0,1,0,0,1997,0,1997.83
1.577223777770996,518.75,1,MWI,1997,IHS-I,GPWG,N,c,0,1,0,0,1997,0,1997.83
4.820192813873291,148.39999389648438,1,MWI,1997,IHS-I,GPWG,N,c,0,1,0,0,1997,0,1997.83
1.1609786748886108,677.6494140625,1,MWI,1997,IHS-I,GPWG,N,c,0,1,0,0,1997,0,1997.83
3.6806464195251465,1854.3931884765625,1,MWI,1997,IHS-I,GPWG,N,c,0,1,0,0,1997,0,1997.83
3.806018590927124,758.6937866210938,1,MWI,1997,IHS-I,GPWG,N,c,0,1,0,0,1997,0,1997.83
1.2232736349105835,1304.2579345703125,1,MWI,1997,IHS-I,GPWG,N,c,0,1,0,0,1997,0,1997.83
1.6078537702560425,2510.71142578125,1,MWI,1997,IHS-I,GPWG,N,c,0,1,0,0,1997,0,1997.83
1.2048993110656738,774.4801635742188,1,MWI,1997,IHS-I,GPWG,N,c,0,1,0,0,1997,0,1997.83
19.263031005859375,261.0616149902344,1,MWI,1997,IHS-I,GPWG,N,c,0,1,0,0,1997,0,1997.83
5.269886016845703,114.04545593261719,1,MWI,1997,IHS-I,GPWG,N,c,0,1,0,0,1997,0,1997.83
0.6786382794380188,1263.956787109375,1,MWI,1997,IHS-I,GPWG,N,c,0,1,0,0,1997,0,1997.83
17.252962112426758,783.184814453125,1,MWI,1997,IHS-I,GPWG,N,c,0,1,0,0,1997,0,1997.83
1.9841978549957275,1365.6488037109375,1,MWI,1997,IHS-I,GPWG,N,c,0,1,0,0,1997,0,1997.83
1.5440672636032104,778.125,1,MWI,1997,IHS-I,GPWG,N,c,0,1,0,0,1997,0,1997.83
2.351551055908203,486.5491943359375,1,MWI,1997,IHS-I,GPWG,N,c,0,1,0,0,1997,0,1997.83
2.672593593597412,695.3974609375,1,MWI,1997,IHS-I,GPWG,N,c,0,1,0,0,1997,0,1997.83
2.0955657958984375,1026.4090576171875,1,MWI,1997,IHS-I,GPWG,N,c,0,1,0,0,1997,0,1997.83
23.943803787231445,1044.2464599609375,1,MWI,1997,IHS-I,GPWG,N,c,0,1,0,0,1997,0,1997.83
0.807440459728241,2395.744384765625,1,MWI,1997,IHS-I,GPWG,N,c,0,1,0,0,1997,0,1997.83
4.336585998535156,1770.177978515625,1,MWI,1997,IHS-I,GPWG,N,c,0,1,0,0,1997,0,1997.83
1.9203475713729858,1475.315673828125,1,MWI,1997,IHS-I,GPWG,N,c,0,1,0,0,1997,0,1997.83
1.0949198007583618,1263.956787109375,1,MWI,1997,IHS-I,GPWG,N,c,0,1,0,0,1997,0,1997.83
3.5495378971099854,229.95416259765625,1,MWI,1997,IHS-I,GPWG,N,c,0,1,0,0,1997,0,1997.83
6.035868167877197,374.4435119628906,1,MWI,1997,IHS-I,GPWG,N,c,0,1,0,0,1997,0,1997.83
1.5706933736801147,1053.796875,1,MWI,1997,IHS-I,GPWG,N,c,0,1,0,0,1997,0,1997.83
1.5597445964813232,677.6494140625,1,MWI,1997,IHS-I,GPWG,N,c,0,1,0,0,1997,0,1997.83
2.0028133392333984,502.60137939453125,1,MWI,1997,IHS-I,GPWG,N,c,0,1,0,0,1997,0,1997.83
3.9904401302337646,1506.4267578125,1,MWI,1997,IHS-I,GPWG,N,c,0,1,0,0,1997,0,1997.83
2.3873865604400635,776.8464965820312,1,MWI,1997,IHS-I,GPWG,N,c,0,1,0,0,1997,0,1997.83
2.0983078479766846,1804.0,1,MWI,1997,IHS-I,GPWG,N,c,0,1,0,0,1997,0,1997.83
1.095046043395996,541.0025024414062,1,MWI,1997,IHS-I,GPWG,N,c,0,1,0,0,1997,0,1997.83
1.0538830757141113,1390.794921875,1,MWI,1997,IHS-I,GPWG,N,c,0,1,0,0,1997,0,1997.83
4.226194858551025,210.65945434570312,1,MWI,1997,IHS-I,GPWG,N,c,0,1,0,0,1997,0,1997.83
1.8517911434173584,1304.2579345703125,1,MWI,1997,IHS-I,GPWG,N,c,0,1,0,0,1997,0,1997.83
0.9611374139785767,2434.51123046875,1,MWI,1997,IHS-I,GPWG,N,c,0,1,0,0,1997,0,1997.83
2.347930431365967,786.7457885742188,1,MWI,1997,IHS-I,GPWG,N,c,0,1,0,0,1997,0,1997.83
2.7066385746002197,1126.1138916015625,1,MWI,1997,IHS-I,GPWG,N,c,0,1,0,0,1997,0,1997.83
2.037534236907959,324.3661193847656,1,MWI,1997,IHS-I,GPWG,N,c,0,1,0,0,1997,0,1997.83
2.779125452041626,776.8464965820312,1,MWI,1997,IHS-I,GPWG,N,c,0,1,0,0,1997,0,1997.83
2.8243958950042725,2261.706298828125,1,MWI,1997,IHS-I,GPWG,N,c,0,1,0,0,1997,0,1997.83
7.882753372192383,1161.72021484375,1,MWI,1997,IHS-I,GPWG,N,c,0,1,0,0,1997,0,1997.83
1.1012171506881714,1555.138916015625,1,MWI,1997,IHS-I,GPWG,N,c,0,1,0,0,1997,0,1997.83
17.379194259643555,148.87448120117188,1,MWI,1997,IHS-I,GPWG,N,c,0,1,0,0,1997,0,1997.83
1.1884263753890991,1623.007568359375,1,MWI,1997,IHS-I,GPWG,N,c,0,1,0,0,1997,0,1997.83
1.3713762760162354,1916.595458984375,1,MWI,1997,IHS-I,GPWG,N,c,0,1,0,0,1997,0,1997.83
2.894713878631592,210.75938415527344,1,MWI,1997,IHS-I,GPWG,N,c,0,1,0,0,1997,0,1997.83
1.539097547531128,1135.2813720703125,1,MWI,1997,IHS-I,GPWG,N,c,0,1,0,0,1997,0,1997.83
1.3688938617706299,1053.2972412109375,1,MWI,1997,IHS-I,GPWG,N,c,0,1,0,0,1997,0,1997.83
3.6287219524383545,1685.275634765625,1,MWI,1997,IHS-I,GPWG,N,c,0,1,0,0,1997,0,1997.83
6.115275859832764,445.1999816894531,1,MWI,1997,IHS-I,GPWG,N,c,0,1,0,0,1997,0,1997.83
1.3815619945526123,1037.5,1,MWI,1997,IHS-I,GPWG,N,c,0,1,0,0,1997,0,1997.83
1.13921320438385,1623.007568359375,1,MWI,1997,IHS-I,GPWG,N,c,0,1,0,0,1997,0,1997.83
2.1046175956726074,689.8624877929688,1,MWI,1997,IHS-I,GPWG,N,c,0,1,0,0,1997,0,1997.83
2.795370101928711,217.37632751464844,1,MWI,1997,IHS-I,GPWG,N,c,0,1,0,0,1997,0,1997.83
1.8693424463272095,668.7169799804688,1,MWI,1997,IHS-I,GPWG,N,c,0,1,0,0,1997,0,1997.83
1.4901320934295654,758.6937866210938,1,MWI,1997,IHS-I,GPWG,N,c,0,1,0,0,1997,0,1997.83
0.9562343955039978,259.1898193359375,1,MWI,1997,IHS-I,GPWG,N,c,0,1,0,0,1997,0,1997.83
1.3770864009857178,842.6378173828125,1,MWI,1997,IHS-I,GPWG,N,c,0,1,0,0,1997,0,1997.83
1.3106473684310913,232.25262451171875,1,MWI,1997,IHS-I,GPWG,N,c,0,1,0,0,1997,0,1997.83
65.08517456054688,1180.11865234375,1,MWI,1997,IHS-I,GPWG,N,c,0,1,0,0,1997,0,1997.83
4.6606903076171875,114.04545593261719,1,MWI,1997,IHS-I,GPWG,N,c,0,1,0,0,1997,0,1997.83
2.4055800437927246,632.2781372070312,1,MWI,1997,IHS-I,GPWG,N,c,0,1,0,0,1997,0,1997.83
1.1343895196914673,1045.1368408203125,1,MWI,1997,IHS-I,GPWG,N,c,0,1,0,0,1997,0,1997.83
9.203025817871094,393.3728942871094,1,MWI,1997,IHS-I,GPWG,N,c,0,1,0,0,1997,0,1997.83
0.5944534540176392,847.061767578125,1,MWI,1997,IHS-I,GPWG,N,c,0,1,0,0,1997,0,1997.83
6.790860176086426,229.95416259765625,1,MWI,1997,IHS-I,GPWG,N,c,0,1,0,0,1997,0,1997.83
18.509994506835938,261.0616149902344,1,MWI,1997,IHS-I,GPWG,N,c,0,1,0,0,1997,0,1997.83
1.0530518293380737,1352.5062255859375,1,MWI,1997,IHS-I,GPWG,N,c,0,1,0,0,1997,0,1997.83
1.2965043783187866,1555.138916015625,1,MWI,1997,IHS-I,GPWG,N,c,0,1,0,0,1997,0,1997.83
1.7007105350494385,1256.50341796875,1,MWI,1997,IHS-I,GPWG,N,c,0,1,0,0,1997,0,1997.83
4.205240249633789,1053.796875,1,MWI,1997,IHS-I,GPWG,N,c,0,1,0,0,1997,0,1997.83
1.3307344913482666,1310.55224609375,1,MWI,1997,IHS-I,GPWG,N,c,0,1,0,0,1997,0,1997.83
29.746740341186523,786.7457885742188,1,MWI,1997,IHS-I,GPWG,N,c,0,1,0,0,1997,0,1997.83
1.588247537612915,632.2781372070312,1,MWI,1997,IHS-I,GPWG,N,c,0,1,0,0,1997,0,1997.83
0.7751634120941162,2069.58740234375,1,MWI,1997,IHS-I,GPWG,N,c,0,1,0,0,1997,0,1997.83
2.474371910095215,1304.2579345703125,1,MWI,1997,IHS-I,GPWG,N,c,0,1,0,0,1997,0,1997.83
2.793518543243408,1264.5562744140625,1,MWI,1997,IHS-I,GPWG,N,c,0,1,0,0,1997,0,1997.83
3.1673831939697266,750.7426147460938,1,MWI,1997,IHS-I,GPWG,N,c,0,1,0,0,1997,0,1997.83
2.0101401805877686,2108.3798828125,1,MWI,1997,IHS-I,GPWG,N,c,0,1,0,0,1997,0,1997.83
1.9722833633422852,1082.0050048828125,1,MWI,1997,IHS-I,GPWG,N,c,0,1,0,0,1997,0,1997.83
0.8631612658500671,580.631591796875,1,MWI,1997,IHS-I,GPWG,N,c,0,1,0,0,1997,0,1997.83
0.8945019245147705,774.4801635742188,1,MWI,1997,IHS-I,GPWG,N,c,0,1,0,0,1997,0,1997.83
3.1220247745513916,774.4801635742188,1,MWI,1997,IHS-I,GPWG,N,c,0,1,0,0,1997,0,1997.83
2.166388750076294,1759.1048583984375,1,MWI,1997,IHS-I,GPWG,N,c,0,1,0,0,1997,0,1997.83
1.1429574489593506,464.5052490234375,1,MWI,1997,IHS-I,GPWG,N,c,0,1,0,0,1997,0,1997.83
1.8138267993927002,303.4775085449219,1,MWI,1997,IHS-I,GPWG,N,c,0,1,0,0,1997,0,1997.83
1.5112838745117188,758.6937866210938,1,MWI,1997,IHS-I,GPWG,N,c,0,1,0,0,1997,0,1997.83
1.6303411722183228,1005.2027587890625,1,MWI,1997,IHS-I,GPWG,N,c,0,1,0,0,1997,0,1997.83
2.935357093811035,1966.864501953125,1,MWI,1997,IHS-I,GPWG,N,c,0,1,0,0,1997,0,1997.83
1.1585893630981445,632.2781372070312,1,MWI,1997,IHS-I,GPWG,N,c,0,1,0,0,1997,0,1997.83
7.279570579528809,1566.36962890625,1,MWI,1997,IHS-I,GPWG,N,c,0,1,0,0,1997,0,1997.83
0.861102283000946,2332.70849609375,1,MWI,1997,IHS-I,GPWG,N,c,0,1,0,0,1997,0,1997.83
2.2297682762145996,1005.2027587890625,1,MWI,1997,IHS-I,GPWG,N,c,0,1,0,0,1997,0,1997.83
2.013209104537964,119.00847625732422,1,MWI,1997,IHS-I,GPWG,N,c,0,1,0,0,1997,0,1997.83
1.8937592506408691,1507.80419921875,1,MWI,1997,IHS-I,GPWG,N,c,0,1,0,0,1997,0,1997.83
1.4365025758743286,1213.9100341796875,1,MWI,1997,IHS-I,GPWG,N,c,0,1,0,0,1997,0,1997.83
2.8483712673187256,563.0569458007812,1,MWI,1997,IHS-I,GPWG,N,c,0,1,0,0,1997,0,1997.83
1.6187491416931152,777.5694580078125,1,MWI,1997,IHS-I,GPWG,N,c,0,1,0,0,1997,0,1997.83
1.7784345149993896,1038.7999267578125,1,MWI,1997,IHS-I,GPWG,N,c,0,1,0,0,1997,0,1997.83
1.2445241212844849,1437.446533203125,1,MWI,1997,IHS-I,GPWG,N,c,0,1,0,0,1997,0,1997.83
5.8124823570251465,2064.542236328125,1,MWI,1997,IHS-I,GPWG,N,c,0,1,0,0,1997,0,1997.83
1.8218876123428345,648.7322387695312,1,MWI,1997,IHS-I,GPWG,N,c,0,1,0,0,1997,0,1997.83
2.397167444229126,456.18182373046875,1,MWI,1997,IHS-I,GPWG,N,c,0,1,0,0,1997,0,1997.83
2.7291390895843506,753.902099609375,1,MWI,1997,IHS-I,GPWG,N,c,0,1,0,0,1997,0,1997.83
5.220418930053711,228.09091186523438,1,MWI,1997,IHS-I,GPWG,N,c,0,1,0,0,1997,0,1997.83
5.616239547729492,590.059326171875,1,MWI,1997,IHS-I,GPWG,N,c,0,1,0,0,1997,0,1997.83
1.3506232500076294,606.9550170898438,1,MWI,1997,IHS-I,GPWG,N,c,0,1,0,0,1997,0,1997.83
1.0464180707931519,1161.72021484375,1,MWI,1997,IHS-I,GPWG,N,c,0,1,0,0,1997,0,1997.83
1.5408765077590942,479.14886474609375,1,MWI,1997,IHS-I,GPWG,N,c,0,1,0,0,1997,0,1997.83
3.969802141189575,563.0569458007812,1,MWI,1997,IHS-I,GPWG,N,c,0,1,0,0,1997,0,1997.83
5.354433059692383,541.0025024414062,1,MWI,1997,IHS-I,GPWG,N,c,0,1,0,0,1997,0,1997.83
3.081221580505371,238.01695251464844,1,MWI,1997,IHS-I,GPWG,N,c,0,1,0,0,1997,0,1997.83
1.5048061609268188,1916.595458984375,1,MWI,1997,IHS-I,GPWG,N,c,0,1,0,0,1997,0,1997.83
2.6482396125793457,1004.2845458984375,1,MWI,1997,IHS-I,GPWG,N,c,0,1,0,0,1997,0,1997.83
5.472777366638184,593.5999755859375,1,MWI,1997,IHS-I,GPWG,N,c,0,1,0,0,1997,0,1997.83
2.6111648082733154,342.1363525390625,1,MWI,1997,IHS-I,GPWG,N,c,0,1,0,0,1997,0,1997.83
0.9831182956695557,1854.3931884765625,1,MWI,1997,IHS-I,GPWG,N,c,0,1,0,0,1997,0,1997.83
0.8148632645606995,561.665283203125,1,MWI,1997,IHS-I,GPWG,N,c,0,1,0,0,1997,0,1997.83
0.9146618247032166,1437.446533203125,1,MWI,1997,IHS-I,GPWG,N,c,0,1,0,0,1997,0,1997.83
1.9191745519638062,910.4324951171875,1,MWI,1997,IHS-I,GPWG,N,c,0,1,0,0,1997,0,1997.83
1.7020561695098877,1037.5,1,MWI,1997,IHS-I,GPWG,N,c,0,1,0,0,1997,0,1997.83
4.751959323883057,446.6234436035156,1,MWI,1997,IHS-I,GPWG,N,c,0,1,0,0,1997,0,1997.83
7.58712911605835,2360.2373046875,1,MWI,1997,IHS-I,GPWG,N,c,0,1,0,0,1997,0,1997.83
7.974660396575928,902.0,1,MWI,1997,IHS-I,GPWG,N,c,0,1,0,0,1997,0,1997.83
1.6843239068984985,847.061767578125,1,MWI,1997,IHS-I,GPWG,N,c,0,1,0,0,1997,0,1997.83
1.843921184539795,1296.875,1,MWI,1997,IHS-I,GPWG,N,c,0,1,0,0,1997,0,1997.83
3.997903823852539,238.01695251464844,1,MWI,1997,IHS-I,GPWG,N,c,0,1,0,0,1997,0,1997.83
1.6638752222061157,847.061767578125,1,MWI,1997,IHS-I,GPWG,N,c,0,1,0,0,1997,0,1997.83
1.4975156784057617,654.546630859375,1,MWI,1997,IHS-I,GPWG,N,c,0,1,0,0,1997,0,1997.83
1.613545298576355,927.1965942382812,1,MWI,1997,IHS-I,GPWG,N,c,0,1,0,0,1997,0,1997.83
1.2700395584106445,210.75938415527344,1,MWI,1997,IHS-I,GPWG,N,c,0,1,0,0,1997,0,1997.83
1.8266472816467285,1190.995849609375,1,MWI,1997,IHS-I,GPWG,N,c,0,1,0,0,1997,0,1997.83
1.754464030265808,869.5053100585938,1,MWI,1997,IHS-I,GPWG,N,c,0,1,0,0,1997,0,1997.83
27.867965698242188,983.4322509765625,1,MWI,1997,IHS-I,GPWG,N,c,0,1,0,0,1997,0,1997.83
4.1877360343933105,1255.355712890625,1,MWI,1997,IHS-I,GPWG,N,c,0,1,0,0,1997,0,1997.83
4.145805358886719,479.14886474609375,1,MWI,1997,IHS-I,GPWG,N,c,0,1,0,0,1997,0,1997.83
0.7835932374000549,1553.6929931640625,1,MWI,1997,IHS-I,GPWG,N,c,0,1,0,0,1997,0,1997.83
3.4126691818237305,375.3713073730469,1,MWI,1997,IHS-I,GPWG,N,c,0,1,0,0,1997,0,1997.83
22.393850326538086,1305.30810546875,1,MWI,1997,IHS-I,GPWG,N,c,0,1,0,0,1997,0,1997.83
8.017273902893066,210.75938415527344,1,MWI,1997,IHS-I,GPWG,N,c,0,1,0,0,1997,0,1997.83
3.060285806655884,1488.744873046875,1,MWI,1997,IHS-I,GPWG,N,c,0,1,0,0,1997,0,1997.83
1.8039038181304932,456.18182373046875,1,MWI,1997,IHS-I,GPWG,N,c,0,1,0,0,1997,0,1997.83
1.106566309928894,1263.956787109375,1,MWI,1997,IHS-I,GPWG,N,c,0,1,0,0,1997,0,1997.83
1.2781399488449097,677.6494140625,1,MWI,1997,IHS-I,GPWG,N,c,0,1,0,0,1997,0,1997.83
2.3742260932922363,1114.5283203125,1,MWI,1997,IHS-I,GPWG,N,c,0,1,0,0,1997,0,1997.83
3.673748254776001,843.0375366210938,1,MWI,1997,IHS-I,GPWG,N,c,0,1,0,0,1997,0,1997.83
4.3385539054870605,1180.11865234375,1,MWI,1997,IHS-I,GPWG,N,c,0,1,0,0,1997,0,1997.83
2.360150098800659,1005.2027587890625,1,MWI,1997,IHS-I,GPWG,N,c,0,1,0,0,1997,0,1997.83
6.40623664855957,1335.5999755859375,1,MWI,1997,IHS-I,GPWG,N,c,0,1,0,0,1997,0,1997.83
0.4637582004070282,464.5052490234375,1,MWI,1997,IHS-I,GPWG,N,c,0,1,0,0,1997,0,1997.83
1.589752197265625,1390.794921875,1,MWI,1997,IHS-I,GPWG,N,c,0,1,0,0,1997,0,1997.83
1.235962152481079,3107.385986328125,1,MWI,1997,IHS-I,GPWG,N,c,0,1,0,0,1997,0,1997.83
0.5540805459022522,910.4324951171875,1,MWI,1997,IHS-I,GPWG,N,c,0,1,0,0,1997,0,1997.83
34.27720260620117,983.4322509765625,1,MWI,1997,IHS-I,GPWG,N,c,0,1,0,0,1997,0,1997.83
1.595564365386963,116.12631225585938,1,MWI,1997,IHS-I,GPWG,N,c,0,1,0,0,1997,0,1997.83
1.982724666595459,1916.595458984375,1,MWI,1997,IHS-I,GPWG,N,c,0,1,0,0,1997,0,1997.83
2.0894758701324463,502.60137939453125,1,MWI,1997,IHS-I,GPWG,N,c,0,1,0,0,1997,0,1997.83
1.696468710899353,580.631591796875,1,MWI,1997,IHS-I,GPWG,N,c,0,1,0,0,1997,0,1997.83
2.498859405517578,677.6494140625,1,MWI,1997,IHS-I,GPWG,N,c,0,1,0,0,1997,0,1997.83
2.4198005199432373,502.60137939453125,1,MWI,1997,IHS-I,GPWG,N,c,0,1,0,0,1997,0,1997.83
3.0375313758850098,1264.5562744140625,1,MWI,1997,IHS-I,GPWG,N,c,0,1,0,0,1997,0,1997.83
1.5680088996887207,508.237060546875,1,MWI,1997,IHS-I,GPWG,N,c,0,1,0,0,1997,0,1997.83
0.9519936442375183,2032.9482421875,1,MWI,1997,IHS-I,GPWG,N,c,0,1,0,0,1997,0,1997.83
2.341413736343384,445.8113098144531,1,MWI,1997,IHS-I,GPWG,N,c,0,1,0,0,1997,0,1997.83
0.7714934349060059,1016.47412109375,1,MWI,1997,IHS-I,GPWG,N,c,0,1,0,0,1997,0,1997.83
4.259591102600098,2556.923828125,1,MWI,1997,IHS-I,GPWG,N,c,0,1,0,0,1997,0,1997.83
2.7380967140197754,580.860107421875,1,MWI,1997,IHS-I,GPWG,N,c,0,1,0,0,1997,0,1997.83
6.78805685043335,1573.4915771484375,1,MWI,1997,IHS-I,GPWG,N,c,0,1,0,0,1997,0,1997.83
5.511866092681885,983.4322509765625,1,MWI,1997,IHS-I,GPWG,N,c,0,1,0,0,1997,0,1997.83
3.3703200817108154,652.1289672851562,1,MWI,1997,IHS-I,GPWG,N,c,0,1,0,0,1997,0,1997.83
2.705044746398926,169.412353515625,1,MWI,1997,IHS-I,GPWG,N,c,0,1,0,0,1997,0,1997.83
1.3017545938491821,1256.50341796875,1,MWI,1997,IHS-I,GPWG,N,c,0,1,0,0,1997,0,1997.83
2.638176918029785,342.1363525390625,1,MWI,1997,IHS-I,GPWG,N,c,0,1,0,0,1997,0,1997.83
1.9481201171875,774.4801635742188,1,MWI,1997,IHS-I,GPWG,N,c,0,1,0,0,1997,0,1997.83
0.3071693181991577,1263.956787109375,1,MWI,1997,IHS-I,GPWG,N,c,0,1,0,0,1997,0,1997.83
2.7443888187408447,232.25262451171875,1,MWI,1997,IHS-I,GPWG,N,c,0,1,0,0,1997,0,1997.83
2.9161810874938965,338.82470703125,1,MWI,1997,IHS-I,GPWG,N,c,0,1,0,0,1997,0,1997.83
1.3085066080093384,1759.1048583984375,1,MWI,1997,IHS-I,GPWG,N,c,0,1,0,0,1997,0,1997.83
2.796457290649414,502.60137939453125,1,MWI,1997,IHS-I,GPWG,N,c,0,1,0,0,1997,0,1997.83
4.100457191467285,1390.794921875,1,MWI,1997,IHS-I,GPWG,N,c,0,1,0,0,1997,0,1997.83
3.5106515884399414,632.2781372070312,1,MWI,1997,IHS-I,GPWG,N,c,0,1,0,0,1997,0,1997.83
6.502337455749512,1044.2464599609375,1,MWI,1997,IHS-I,GPWG,N,c,0,1,0,0,1997,0,1997.83
16.85873031616211,357.0254211425781,1,MWI,1997,IHS-I,GPWG,N,c,0,1,0,0,1997,0,1997.83
0.7926257252693176,1355.34033203125,1,MWI,1997,IHS-I,GPWG,N,c,0,1,0,0,1997,0,1997.83
1.7199594974517822,758.6937866210938,1,MWI,1997,IHS-I,GPWG,N,c,0,1,0,0,1997,0,1997.83
3.6620731353759766,2317.991455078125,1,MWI,1997,IHS-I,GPWG,N,c,0,1,0,0,1997,0,1997.83
1.8342807292938232,232.25262451171875,1,MWI,1997,IHS-I,GPWG,N,c,0,1,0,0,1997,0,1997.83
2.544538736343384,668.7169799804688,1,MWI,1997,IHS-I,GPWG,N,c,0,1,0,0,1997,0,1997.83
1.3996593952178955,1916.595458984375,1,MWI,1997,IHS-I,GPWG,N,c,0,1,0,0,1997,0,1997.83
2.335784912109375,891.6226196289062,1,MWI,1997,IHS-I,GPWG,N,c,0,1,0,0,1997,0,1997.83
2.632720947265625,652.1289672851562,1,MWI,1997,IHS-I,GPWG,N,c,0,1,0,0,1997,0,1997.83
3.1583900451660156,1437.446533203125,1,MWI,1997,IHS-I,GPWG,N,c,0,1,0,0,1997,0,1997.83
0.8023099899291992,1474.6162109375,1,MWI,1997,IHS-I,GPWG,N,c,0,1,0,0,1997,0,1997.83
2.96801495552063,750.7426147460938,1,MWI,1997,IHS-I,GPWG,N,c,0,1,0,0,1997,0,1997.83
2.4670798778533936,696.7578735351562,1,MWI,1997,IHS-I,GPWG,N,c,0,1,0,0,1997,0,1997.83
50.896461486816406,1376.80517578125,1,MWI,1997,IHS-I,GPWG,N,c,0,1,0,0,1997,0,1997.83
1.3278838396072388,1086.881591796875,1,MWI,1997,IHS-I,GPWG,N,c,0,1,0,0,1997,0,1997.83
6.385622978210449,445.1999816894531,1,MWI,1997,IHS-I,GPWG,N,c,0,1,0,0,1997,0,1997.83
2.840876817703247,1501.4852294921875,1,MWI,1997,IHS-I,GPWG,N,c,0,1,0,0,1997,0,1997.83
1.7545889616012573,1053.2972412109375,1,MWI,1997,IHS-I,GPWG,N,c,0,1,0,0,1997,0,1997.83
2.346482276916504,421.31890869140625,1,MWI,1997,IHS-I,GPWG,N,c,0,1,0,0,1997,0,1997.83
12.148336410522461,2163.551025390625,1,MWI,1997,IHS-I,GPWG,N,c,0,1,0,0,1997,0,1997.83
1.3415073156356812,842.6378173828125,1,MWI,1997,IHS-I,GPWG,N,c,0,1,0,0,1997,0,1997.83
3.6023662090301514,742.0,1,MWI,1997,IHS-I,GPWG,N,c,0,1,0,0,1997,0,1997.83
0.8081763386726379,1213.9100341796875,1,MWI,1997,IHS-I,GPWG,N,c,0,1,0,0,1997,0,1997.83
30.18505859375,522.1232299804688,1,MWI,1997,IHS-I,GPWG,N,c,0,1,0,0,1997,0,1997.83
2.145360231399536,1556.25,1,MWI,1997,IHS-I,GPWG,N,c,0,1,0,0,1997,0,1997.83
2.6809298992156982,178.51271057128906,1,MWI,1997,IHS-I,GPWG,N,c,0,1,0,0,1997,0,1997.83
3.704207181930542,541.0025024414062,1,MWI,1997,IHS-I,GPWG,N,c,0,1,0,0,1997,0,1997.83
1.2064379453659058,1814.3287353515625,1,MWI,1997,IHS-I,GPWG,N,c,0,1,0,0,1997,0,1997.83
3.393160104751587,463.5982971191406,1,MWI,1997,IHS-I,GPWG,N,c,0,1,0,0,1997,0,1997.83
3.3985824584960938,338.82470703125,1,MWI,1997,IHS-I,GPWG,N,c,0,1,0,0,1997,0,1997.83
7.97866153717041,786.7457885742188,1,MWI,1997,IHS-I,GPWG,N,c,0,1,0,0,1997,0,1997.83
2.404423713684082,774.4801635742188,1,MWI,1997,IHS-I,GPWG,N,c,0,1,0,0,1997,0,1997.83
1.7000011205673218,1256.50341796875,1,MWI,1997,IHS-I,GPWG,N,c,0,1,0,0,1997,0,1997.83
2.928835153579712,210.75938415527344,1,MWI,1997,IHS-I,GPWG,N,c,0,1,0,0,1997,0,1997.83
4.094475746154785,869.5053100585938,1,MWI,1997,IHS-I,GPWG,N,c,0,1,0,0,1997,0,1997.83
2.0130035877227783,695.3974609375,1,MWI,1997,IHS-I,GPWG,N,c,0,1,0,0,1997,0,1997.83
2.4068832397460938,455.21624755859375,1,MWI,1997,IHS-I,GPWG,N,c,0,1,0,0,1997,0,1997.83
6.4836835861206055,502.60137939453125,1,MWI,1997,IHS-I,GPWG,N,c,0,1,0,0,1997,0,1997.83
2.43587589263916,561.665283203125,1,MWI,1997,IHS-I,GPWG,N,c,0,1,0,0,1997,0,1997.83
1.3430423736572266,843.0375366210938,1,MWI,1997,IHS-I,GPWG,N,c,0,1,0,0,1997,0,1997.83
5.123966693878174,927.1965942382812,1,MWI,1997,IHS-I,GPWG,N,c,0,1,0,0,1997,0,1997.83
6.165993690490723,631.9783935546875,1,MWI,1997,IHS-I,GPWG,N,c,0,1,0,0,1997,0,1997.83
1.787631869316101,958.2977294921875,1,MWI,1997,IHS-I,GPWG,N,c,0,1,0,0,1997,0,1997.83
1.1165846586227417,580.860107421875,1,MWI,1997,IHS-I,GPWG,N,c,0,1,0,0,1997,0,1997.83
7.333735942840576,261.0616149902344,1,MWI,1997,IHS-I,GPWG,N,c,0,1,0,0,1997,0,1997.83
1.3252559900283813,421.5187683105469,1,MWI,1997,IHS-I,GPWG,N,c,0,1,0,0,1997,0,1997.83
1.3601760864257812,580.860107421875,1,MWI,1997,IHS-I,GPWG,N,c,0,1,0,0,1997,0,1997.83
2.927138090133667,508.237060546875,1,MWI,1997,IHS-I,GPWG,N,c,0,1,0,0,1997,0,1997.83
2.4200685024261475,843.0375366210938,1,MWI,1997,IHS-I,GPWG,N,c,0,1,0,0,1997,0,1997.83
3.363952398300171,758.6937866210938,1,MWI,1997,IHS-I,GPWG,N,c,0,1,0,0,1997,0,1997.83
4.277407646179199,595.4979248046875,1,MWI,1997,IHS-I,GPWG,N,c,0,1,0,0,1997,0,1997.83
1.7738347053527832,1509.64208984375,1,MWI,1997,IHS-I,GPWG,N,c,0,1,0,0,1997,0,1997.83
4.109668731689453,187.68565368652344,1,MWI,1997,IHS-I,GPWG,N,c,0,1,0,0,1997,0,1997.83
2.2115533351898193,1005.2027587890625,1,MWI,1997,IHS-I,GPWG,N,c,0,1,0,0,1997,0,1997.83
0.5933084487915039,1623.007568359375,1,MWI,1997,IHS-I,GPWG,N,c,0,1,0,0,1997,0,1997.83
41.087669372558594,1305.30810546875,1,MWI,1997,IHS-I,GPWG,N,c,0,1,0,0,1997,0,1997.83
1.6791235208511353,677.6494140625,1,MWI,1997,IHS-I,GPWG,N,c,0,1,0,0,1997,0,1997.83
3.0099563598632812,270.5012512207031,1,MWI,1997,IHS-I,GPWG,N,c,0,1,0,0,1997,0,1997.83
1.3089828491210938,2759.449951171875,1,MWI,1997,IHS-I,GPWG,N,c,0,1,0,0,1997,0,1997.83
10.77840805053711,196.6864471435547,1,MWI,1997,IHS-I,GPWG,N,c,0,1,0,0,1997,0,1997.83
1.3147412538528442,632.2781372070312,1,MWI,1997,IHS-I,GPWG,N,c,0,1,0,0,1997,0,1997.83
2.5682268142700195,810.915283203125,1,MWI,1997,IHS-I,GPWG,N,c,0,1,0,0,1997,0,1997.83
1.7816625833511353,750.7426147460938,1,MWI,1997,IHS-I,GPWG,N,c,0,1,0,0,1997,0,1997.83
2.7622220516204834,580.860107421875,1,MWI,1997,IHS-I,GPWG,N,c,0,1,0,0,1997,0,1997.83
2.3764379024505615,1337.4339599609375,1,MWI,1997,IHS-I,GPWG,N,c,0,1,0,0,1997,0,1997.83
1.5168269872665405,847.061767578125,1,MWI,1997,IHS-I,GPWG,N,c,0,1,0,0,1997,0,1997.83
2.7861437797546387,842.6378173828125,1,MWI,1997,IHS-I,GPWG,N,c,0,1,0,0,1997,0,1997.83
5.515161514282227,1005.2027587890625,1,MWI,1997,IHS-I,GPWG,N,c,0,1,0,0,1997,0,1997.83
0.7984451055526733,2073.5185546875,1,MWI,1997,IHS-I,GPWG,N,c,0,1,0,0,1997,0,1997.83
1.7892639636993408,1158.9957275390625,1,MWI,1997,IHS-I,GPWG,N,c,0,1,0,0,1997,0,1997.83
3.43689227104187,1005.2027587890625,1,MWI,1997,IHS-I,GPWG,N,c,0,1,0,0,1997,0,1997.83
9.628024101257324,590.059326171875,1,MWI,1997,IHS-I,GPWG,N,c,0,1,0,0,1997,0,1997.83
3.8279519081115723,502.14227294921875,1,MWI,1997,IHS-I,GPWG,N,c,0,1,0,0,1997,0,1997.83
1.4019242525100708,1185.886474609375,1,MWI,1997,IHS-I,GPWG,N,c,0,1,0,0,1997,0,1997.83
3.74861216545105,561.665283203125,1,MWI,1997,IHS-I,GPWG,N,c,0,1,0,0,1997,0,1997.83
0.9445991516113281,1182.824951171875,1,MWI,1997,IHS-I,GPWG,N,c,0,1,0,0,1997,0,1997.83
4.31054162979126,590.059326171875,1,MWI,1997,IHS-I,GPWG,N,c,0,1,0,0,1997,0,1997.83
2.1809613704681396,786.7457885742188,1,MWI,1997,IHS-I,GPWG,N,c,0,1,0,0,1997,0,1997.83
1.351077675819397,1053.796875,1,MWI,1997,IHS-I,GPWG,N,c,0,1,0,0,1997,0,1997.83
1.2297513484954834,753.902099609375,1,MWI,1997,IHS-I,GPWG,N,c,0,1,0,0,1997,0,1997.83
1.3087451457977295,910.4324951171875,1,MWI,1997,IHS-I,GPWG,N,c,0,1,0,0,1997,0,1997.83
0.7507449388504028,1622.593994140625,1,MWI,1997,IHS-I,GPWG,N,c,0,1,0,0,1997,0,1997.83
4.944937229156494,394.2749938964844,1,MWI,1997,IHS-I,GPWG,N,c,0,1,0,0,1997,0,1997.83
5.309107303619385,114.04545593261719,1,MWI,1997,IHS-I,GPWG,N,c,0,1,0,0,1997,0,1997.83
4.832919120788574,421.31890869140625,1,MWI,1997,IHS-I,GPWG,N,c,0,1,0,0,1997,0,1997.83
2.2129781246185303,1264.5562744140625,1,MWI,1997,IHS-I,GPWG,N,c,0,1,0,0,1997,0,1997.83
7.834904193878174,463.5982971191406,1,MWI,1997,IHS-I,GPWG,N,c,0,1,0,0,1997,0,1997.83
3.928621768951416,453.0638122558594,1,MWI,1997,IHS-I,GPWG,N,c,0,1,0,0,1997,0,1997.83
1.6876929998397827,777.5694580078125,1,MWI,1997,IHS-I,GPWG,N,c,0,1,0,0,1997,0,1997.83
17.223003387451172,2349.554443359375,1,MWI,1997,IHS-I,GPWG,N,c,0,1,0,0,1997,0,1997.83
2.8170526027679443,788.5499877929688,1,MWI,1997,IHS-I,GPWG,N,c,0,1,0,0,1997,0,1997.83
1.950894832611084,1339.870361328125,1,MWI,1997,IHS-I,GPWG,N,c,0,1,0,0,1997,0,1997.83
9.149948120117188,196.6864471435547,1,MWI,1997,IHS-I,GPWG,N,c,0,1,0,0,1997,0,1997.83
1.3740469217300415,677.6494140625,1,MWI,1997,IHS-I,GPWG,N,c,0,1,0,0,1997,0,1997.83
2.0577569007873535,689.8624877929688,1,MWI,1997,IHS-I,GPWG,N,c,0,1,0,0,1997,0,1997.83
2.091557741165161,847.061767578125,1,MWI,1997,IHS-I,GPWG,N,c,0,1,0,0,1997,0,1997.83
1.2780029773712158,748.8870239257812,1,MWI,1997,IHS-I,GPWG,N,c,0,1,0,0,1997,0,1997.83
1.10767662525177,774.4801635742188,1,MWI,1997,IHS-I,GPWG,N,c,0,1,0,0,1997,0,1997.83
1.963340401649475,1710.681884765625,1,MWI,1997,IHS-I,GPWG,N,c,0,1,0,0,1997,0,1997.83
2.4721152782440186,1555.138916015625,1,MWI,1997,IHS-I,GPWG,N,c,0,1,0,0,1997,0,1997.83
2.103320598602295,456.18182373046875,1,MWI,1997,IHS-I,GPWG,N,c,0,1,0,0,1997,0,1997.83
2.2206287384033203,1390.794921875,1,MWI,1997,IHS-I,GPWG,N,c,0,1,0,0,1997,0,1997.83
1.6563626527786255,748.8870239257812,1,MWI,1997,IHS-I,GPWG,N,c,0,1,0,0,1997,0,1997.83
6.414466381072998,148.39999389648438,1,MWI,1997,IHS-I,GPWG,N,c,0,1,0,0,1997,0,1997.83
1.5088337659835815,632.2781372070312,1,MWI,1997,IHS-I,GPWG,N,c,0,1,0,0,1997,0,1997.83
0.7754036784172058,541.0025024414062,1,MWI,1997,IHS-I,GPWG,N,c,0,1,0,0,1997,0,1997.83
1.1817476749420166,1263.956787109375,1,MWI,1997,IHS-I,GPWG,N,c,0,1,0,0,1997,0,1997.83
4.612330436706543,652.1289672851562,1,MWI,1997,IHS-I,GPWG,N,c,0,1,0,0,1997,0,1997.83
2.417874813079834,1037.5,1,MWI,1997,IHS-I,GPWG,N,c,0,1,0,0,1997,0,1997.83
3.0598788261413574,606.9550170898438,1,MWI,1997,IHS-I,GPWG,N,c,0,1,0,0,1997,0,1997.83
0.5935040712356567,416.5296630859375,1,MWI,1997,IHS-I,GPWG,N,c,0,1,0,0,1997,0,1997.83
7.752052307128906,1305.30810546875,1,MWI,1997,IHS-I,GPWG,N,c,0,1,0,0,1997,0,1997.83
1.156341552734375,1517.3875732421875,1,MWI,1997,IHS-I,GPWG,N,c,0,1,0,0,1997,0,1997.83
3.2571332454681396,1053.796875,1,MWI,1997,IHS-I,GPWG,N,c,0,1,0,0,1997,0,1997.83
2.632330894470215,869.5053100585938,1,MWI,1997,IHS-I,GPWG,N,c,0,1,0,0,1997,0,1997.83
7.224281311035156,502.60137939453125,1,MWI,1997,IHS-I,GPWG,N,c,0,1,0,0,1997,0,1997.83
6.0308356285095215,375.3713073730469,1,MWI,1997,IHS-I,GPWG,N,c,0,1,0,0,1997,0,1997.83
2.9223761558532715,342.1363525390625,1,MWI,1997,IHS-I,GPWG,N,c,0,1,0,0,1997,0,1997.83
4.33327579498291,1355.298828125,1,MWI,1997,IHS-I,GPWG,N,c,0,1,0,0,1997,0,1997.83
1.4751793146133423,2261.706298828125,1,MWI,1997,IHS-I,GPWG,N,c,0,1,0,0,1997,0,1997.83
1.9976141452789307,162.1830596923828,1,MWI,1997,IHS-I,GPWG,N,c,0,1,0,0,1997,0,1997.83
1.3087083101272583,508.237060546875,1,MWI,1997,IHS-I,GPWG,N,c,0,1,0,0,1997,0,1997.83
1.0650389194488525,1759.1048583984375,1,MWI,1997,IHS-I,GPWG,N,c,0,1,0,0,1997,0,1997.83
2.7877466678619385,1004.2845458984375,1,MWI,1997,IHS-I,GPWG,N,c,0,1,0,0,1997,0,1997.83
3.7342844009399414,528.574462890625,1,MWI,1997,IHS-I,GPWG,N,c,0,1,0,0,1997,0,1997.83
1.5521281957626343,1255.355712890625,1,MWI,1997,IHS-I,GPWG,N,c,0,1,0,0,1997,0,1997.83
0.885127604007721,1263.956787109375,1,MWI,1997,IHS-I,GPWG,N,c,0,1,0,0,1997,0,1997.83
1.2060909271240234,1126.1138916015625,1,MWI,1997,IHS-I,GPWG,N,c,0,1,0,0,1997,0,1997.83
4.17587423324585,748.8870239257812,1,MWI,1997,IHS-I,GPWG,N,c,0,1,0,0,1997,0,1997.83
6.098730087280273,648.7322387695312,1,MWI,1997,IHS-I,GPWG,N,c,0,1,0,0,1997,0,1997.83
1.6899687051773071,1313.799560546875,1,MWI,1997,IHS-I,GPWG,N,c,0,1,0,0,1997,0,1997.83
2.391601324081421,1304.2579345703125,1,MWI,1997,IHS-I,GPWG,N,c,0,1,0,0,1997,0,1997.83
1.315155029296875,1577.0999755859375,1,MWI,1997,IHS-I,GPWG,N,c,0,1,0,0,1997,0,1997.83
2.429086685180664,116.12631225585938,1,MWI,1997,IHS-I,GPWG,N,c,0,1,0,0,1997,0,1997.83
3.6490941047668457,210.65945434570312,1,MWI,1997,IHS-I,GPWG,N,c,0,1,0,0,1997,0,1997.83
1.8138327598571777,1255.355712890625,1,MWI,1997,IHS-I,GPWG,N,c,0,1,0,0,1997,0,1997.83
3.3575186729431152,652.1289672851562,1,MWI,1997,IHS-I,GPWG,N,c,0,1,0,0,1997,0,1997.83
2.5030364990234375,338.82470703125,1,MWI,1997,IHS-I,GPWG,N,c,0,1,0,0,1997,0,1997.83
2.4158527851104736,2332.70849609375,1,MWI,1997,IHS-I,GPWG,N,c,0,1,0,0,1997,0,1997.83
2.70438814163208,1005.2027587890625,1,MWI,1997,IHS-I,GPWG,N,c,0,1,0,0,1997,0,1997.83
2.366773843765259,228.09091186523438,1,MWI,1997,IHS-I,GPWG,N,c,0,1,0,0,1997,0,1997.83
12.198262214660645,1180.11865234375,1,MWI,1997,IHS-I,GPWG,N,c,0,1,0,0,1997,0,1997.83
1.10141921043396,1053.2972412109375,1,MWI,1997,IHS-I,GPWG,N,c,0,1,0,0,1997,0,1997.83
3.086564302444458,753.21337890625,1,MWI,1997,IHS-I,GPWG,N,c,0,1,0,0,1997,0,1997.83
4.693004608154297,387.2400817871094,1,MWI,1997,IHS-I,GPWG,N,c,0,1,0,0,1997,0,1997.83
1.919735312461853,1437.446533203125,1,MWI,1997,IHS-I,GPWG,N,c,0,1,0,0,1997,0,1997.83
0.8266361951828003,606.9550170898438,1,MWI,1997,IHS-I,GPWG,N,c,0,1,0,0,1997,0,1997.83
2.4404654502868652,750.7426147460938,1,MWI,1997,IHS-I,GPWG,N,c,0,1,0,0,1997,0,1997.83
1.975358009338379,228.09091186523438,1,MWI,1997,IHS-I,GPWG,N,c,0,1,0,0,1997,0,1997.83
1.9201581478118896,303.4775085449219,1,MWI,1997,IHS-I,GPWG,N,c,0,1,0,0,1997,0,1997.83
7.578279972076416,296.79998779296875,1,MWI,1997,IHS-I,GPWG,N,c,0,1,0,0,1997,0,1997.83
1.7508134841918945,1507.80419921875,1,MWI,1997,IHS-I,GPWG,N,c,0,1,0,0,1997,0,1997.83
2.9208993911743164,744.3724365234375,1,MWI,1997,IHS-I,GPWG,N,c,0,1,0,0,1997,0,1997.83
1.9182757139205933,1082.0050048828125,1,MWI,1997,IHS-I,GPWG,N,c,0,1,0,0,1997,0,1997.83
0.9983941316604614,2330.53955078125,1,MWI,1997,IHS-I,GPWG,N,c,0,1,0,0,1997,0,1997.83
8.548995971679688,393.3728942871094,1,MWI,1997,IHS-I,GPWG,N,c,0,1,0,0,1997,0,1997.83
3.2476394176483154,464.5052490234375,1,MWI,1997,IHS-I,GPWG,N,c,0,1,0,0,1997,0,1997.83
1.4095653295516968,631.9783935546875,1,MWI,1997,IHS-I,GPWG,N,c,0,1,0,0,1997,0,1997.83
1.0591312646865845,1036.75927734375,1,MWI,1997,IHS-I,GPWG,N,c,0,1,0,0,1997,0,1997.83
2.9028220176696777,652.1289672851562,1,MWI,1997,IHS-I,GPWG,N,c,0,1,0,0,1997,0,1997.83
1.2932488918304443,1082.0050048828125,1,MWI,1997,IHS-I,GPWG,N,c,0,1,0,0,1997,0,1997.83
2.3057641983032227,210.75938415527344,1,MWI,1997,IHS-I,GPWG,N,c,0,1,0,0,1997,0,1997.83
1.8151460886001587,518.379638671875,1,MWI,1997,IHS-I,GPWG,N,c,0,1,0,0,1997,0,1997.83
7.393199920654297,1180.11865234375,1,MWI,1997,IHS-I,GPWG,N,c,0,1,0,0,1997,0,1997.83
8.866272926330566,522.1232299804688,1,MWI,1997,IHS-I,GPWG,N,c,0,1,0,0,1997,0,1997.83
0.8139674663543701,1474.6162109375,1,MWI,1997,IHS-I,GPWG,N,c,0,1,0,0,1997,0,1997.83
1.5220838785171509,193.6200408935547,1,MWI,1997,IHS-I,GPWG,N,c,0,1,0,0,1997,0,1997.83
3.0554823875427246,342.1363525390625,1,MWI,1997,IHS-I,GPWG,N,c,0,1,0,0,1997,0,1997.83
1.5869457721710205,324.3661193847656,1,MWI,1997,IHS-I,GPWG,N,c,0,1,0,0,1997,0,1997.83
7.824478626251221,148.87448120117188,1,MWI,1997,IHS-I,GPWG,N,c,0,1,0,0,1997,0,1997.83
1.134665608406067,778.125,1,MWI,1997,IHS-I,GPWG,N,c,0,1,0,0,1997,0,1997.83
9.168673515319824,783.184814453125,1,MWI,1997,IHS-I,GPWG,N,c,0,1,0,0,1997,0,1997.83
2.58705997467041,518.379638671875,1,MWI,1997,IHS-I,GPWG,N,c,0,1,0,0,1997,0,1997.83
2.1999993324279785,1966.864501953125,1,MWI,1997,IHS-I,GPWG,N,c,0,1,0,0,1997,0,1997.83
2.630460262298584,119.00847625732422,1,MWI,1997,IHS-I,GPWG,N,c,0,1,0,0,1997,0,1997.83
0.6461019515991211,631.9783935546875,1,MWI,1997,IHS-I,GPWG,N,c,0,1,0,0,1997,0,1997.83
17.166810989379883,261.0616149902344,1,MWI,1997,IHS-I,GPWG,N,c,0,1,0,0,1997,0,1997.83
1.5201979875564575,1264.5562744140625,1,MWI,1997,IHS-I,GPWG,N,c,0,1,0,0,1997,0,1997.83
4.258286952972412,1804.0,1,MWI,1997,IHS-I,GPWG,N,c,0,1,0,0,1997,0,1997.83
3.4614450931549072,938.4282836914062,1,MWI,1997,IHS-I,GPWG,N,c,0,1,0,0,1997,0,1997.83
4.086076736450195,750.7426147460938,1,MWI,1997,IHS-I,GPWG,N,c,0,1,0,0,1997,0,1997.83
2.625328540802002,684.272705078125,1,MWI,1997,IHS-I,GPWG,N,c,0,1,0,0,1997,0,1997.83
1.3468117713928223,777.5694580078125,1,MWI,1997,IHS-I,GPWG,N,c,0,1,0,0,1997,0,1997.83
0.96230548620224,774.4801635742188,1,MWI,1997,IHS-I,GPWG,N,c,0,1,0,0,1997,0,1997.83
2.766955614089966,486.5491943359375,1,MWI,1997,IHS-I,GPWG,N,c,0,1,0,0,1997,0,1997.83
1.8064974546432495,342.1363525390625,1,MWI,1997,IHS-I,GPWG,N,c,0,1,0,0,1997,0,1997.83
1.312680721282959,1365.6488037109375,1,MWI,1997,IHS-I,GPWG,N,c,0,1,0,0,1997,0,1997.83
5.092692852020264,338.82470703125,1,MWI,1997,IHS-I,GPWG,N,c,0,1,0,0,1997,0,1997.83
1.5636636018753052,210.75938415527344,1,MWI,1997,IHS-I,GPWG,N,c,0,1,0,0,1997,0,1997.83
1.7864465713500977,459.9083251953125,1,MWI,1997,IHS-I,GPWG,N,c,0,1,0,0,1997,0,1997.83
2.821653366088867,1042.121337890625,1,MWI,1997,IHS-I,GPWG,N,c,0,1,0,0,1997,0,1997.83
2.6568243503570557,843.0375366210938,1,MWI,1997,IHS-I,GPWG,N,c,0,1,0,0,1997,0,1997.83
3.178668975830078,238.01695251464844,1,MWI,1997,IHS-I,GPWG,N,c,0,1,0,0,1997,0,1997.83
1.5937108993530273,606.9550170898438,1,MWI,1997,IHS-I,GPWG,N,c,0,1,0,0,1997,0,1997.83
2.5815718173980713,421.5187683105469,1,MWI,1997,IHS-I,GPWG,N,c,0,1,0,0,1997,0,1997.83
6.55460262298584,148.39999389648438,1,MWI,1997,IHS-I,GPWG,N,c,0,1,0,0,1997,0,1997.83
1.528375506401062,1297.4644775390625,1,MWI,1997,IHS-I,GPWG,N,c,0,1,0,0,1997,0,1997.83
0.6679754257202148,464.5052490234375,1,MWI,1997,IHS-I,GPWG,N,c,0,1,0,0,1997,0,1997.83
10.343626976013184,261.0616149902344,1,MWI,1997,IHS-I,GPWG,N,c,0,1,0,0,1997,0,1997.83
1.974816083908081,1757.4979248046875,1,MWI,1997,IHS-I,GPWG,N,c,0,1,0,0,1997,0,1997.83
0.5801413059234619,696.7578735351562,1,MWI,1997,IHS-I,GPWG,N,c,0,1,0,0,1997,0,1997.83
1.621052622795105,869.5053100585938,1,MWI,1997,IHS-I,GPWG,N,c,0,1,0,0,1997,0,1997.83
6.226416110992432,261.0616149902344,1,MWI,1997,IHS-I,GPWG,N,c,0,1,0,0,1997,0,1997.83
5.491492748260498,786.7457885742188,1,MWI,1997,IHS-I,GPWG,N,c,0,1,0,0,1997,0,1997.83
4.973536491394043,187.68565368652344,1,MWI,1997,IHS-I,GPWG,N,c,0,1,0,0,1997,0,1997.83
5.785674095153809,261.0616149902344,1,MWI,1997,IHS-I,GPWG,N,c,0,1,0,0,1997,0,1997.83
1.3159613609313965,1037.5,1,MWI,1997,IHS-I,GPWG,N,c,0,1,0,0,1997,0,1997.83
0.7692939043045044,1185.886474609375,1,MWI,1997,IHS-I,GPWG,N,c,0,1,0,0,1997,0,1997.83
1.3376926183700562,1256.50341796875,1,MWI,1997,IHS-I,GPWG,N,c,0,1,0,0,1997,0,1997.83
2.2232890129089355,1609.67919921875,1,MWI,1997,IHS-I,GPWG,N,c,0,1,0,0,1997,0,1997.83
2.046412706375122,843.0375366210938,1,MWI,1997,IHS-I,GPWG,N,c,0,1,0,0,1997,0,1997.83
1.000732660293579,843.0375366210938,1,MWI,1997,IHS-I,GPWG,N,c,0,1,0,0,1997,0,1997.83
4.628646373748779,226.5319061279297,1,MWI,1997,IHS-I,GPWG,N,c,0,1,0,0,1997,0,1997.83
2.518791675567627,750.7426147460938,1,MWI,1997,IHS-I,GPWG,N,c,0,1,0,0,1997,0,1997.83
8.118409156799316,2627.59912109375,1,MWI,1997,IHS-I,GPWG,N,c,0,1,0,0,1997,0,1997.83
1.1222110986709595,348.3789367675781,1,MWI,1997,IHS-I,GPWG,N,c,0,1,0,0,1997,0,1997.83
3.2938194274902344,210.65945434570312,1,MWI,1997,IHS-I,GPWG,N,c,0,1,0,0,1997,0,1997.83
3.2088475227355957,463.5982971191406,1,MWI,1997,IHS-I,GPWG,N,c,0,1,0,0,1997,0,1997.83
1.5148779153823853,59.50423812866211,1,MWI,1997,IHS-I,GPWG,N,c,0,1,0,0,1997,0,1997.83
3.484121561050415,148.39999389648438,1,MWI,1997,IHS-I,GPWG,N,c,0,1,0,0,1997,0,1997.83
2.392645835876465,210.75938415527344,1,MWI,1997,IHS-I,GPWG,N,c,0,1,0,0,1997,0,1997.83
0.7668291926383972,1896.83447265625,1,MWI,1997,IHS-I,GPWG,N,c,0,1,0,0,1997,0,1997.83
0.6067618131637573,1053.796875,1,MWI,1997,IHS-I,GPWG,N,c,0,1,0,0,1997,0,1997.83
0.8140348196029663,843.0375366210938,1,MWI,1997,IHS-I,GPWG,N,c,0,1,0,0,1997,0,1997.83
3.1741511821746826,590.059326171875,1,MWI,1997,IHS-I,GPWG,N,c,0,1,0,0,1997,0,1997.83
4.376527786254883,1376.80517578125,1,MWI,1997,IHS-I,GPWG,N,c,0,1,0,0,1997,0,1997.83
1.311009168624878,518.75,1,MWI,1997,IHS-I,GPWG,N,c,0,1,0,0,1997,0,1997.83
2.091165542602539,541.0025024414062,1,MWI,1997,IHS-I,GPWG,N,c,0,1,0,0,1997,0,1997.83
1.8937230110168457,2075.0,1,MWI,1997,IHS-I,GPWG,N,c,0,1,0,0,1997,0,1997.83
2.820646047592163,750.7426147460938,1,MWI,1997,IHS-I,GPWG,N,c,0,1,0,0,1997,0,1997.83
1.1040748357772827,2365.64990234375,1,MWI,1997,IHS-I,GPWG,N,c,0,1,0,0,1997,0,1997.83
1.8992338180541992,1053.796875,1,MWI,1997,IHS-I,GPWG,N,c,0,1,0,0,1997,0,1997.83
2.1293911933898926,1182.824951171875,1,MWI,1997,IHS-I,GPWG,N,c,0,1,0,0,1997,0,1997.83
6.820070743560791,486.5491943359375,1,MWI,1997,IHS-I,GPWG,N,c,0,1,0,0,1997,0,1997.83
0.7772161364555359,968.1002197265625,1,MWI,1997,IHS-I,GPWG,N,c,0,1,0,0,1997,0,1997.83
2.061664342880249,632.2781372070312,1,MWI,1997,IHS-I,GPWG,N,c,0,1,0,0,1997,0,1997.83
3.3706421852111816,1739.0106201171875,1,MWI,1997,IHS-I,GPWG,N,c,0,1,0,0,1997,0,1997.83
1.8064155578613281,869.5053100585938,1,MWI,1997,IHS-I,GPWG,N,c,0,1,0,0,1997,0,1997.83
1.5528994798660278,1053.796875,1,MWI,1997,IHS-I,GPWG,N,c,0,1,0,0,1997,0,1997.83
3.2616093158721924,541.0025024414062,1,MWI,1997,IHS-I,GPWG,N,c,0,1,0,0,1997,0,1997.83
4.913475036621094,1180.11865234375,1,MWI,1997,IHS-I,GPWG,N,c,0,1,0,0,1997,0,1997.83
0.9503011107444763,811.5037841796875,1,MWI,1997,IHS-I,GPWG,N,c,0,1,0,0,1997,0,1997.83
2.0964291095733643,1053.796875,1,MWI,1997,IHS-I,GPWG,N,c,0,1,0,0,1997,0,1997.83
2.3583507537841797,169.412353515625,1,MWI,1997,IHS-I,GPWG,N,c,0,1,0,0,1997,0,1997.83
3.1574606895446777,1304.2579345703125,1,MWI,1997,IHS-I,GPWG,N,c,0,1,0,0,1997,0,1997.83
0.880250096321106,2164.010009765625,1,MWI,1997,IHS-I,GPWG,N,c,0,1,0,0,1997,0,1997.83
2.9238436222076416,786.7457885742188,1,MWI,1997,IHS-I,GPWG,N,c,0,1,0,0,1997,0,1997.83
4.225805759429932,1390.794921875,1,MWI,1997,IHS-I,GPWG,N,c,0,1,0,0,1997,0,1997.83
1.589302897453308,631.9783935546875,1,MWI,1997,IHS-I,GPWG,N,c,0,1,0,0,1997,0,1997.83
0.7489812970161438,968.1002197265625,1,MWI,1997,IHS-I,GPWG,N,c,0,1,0,0,1997,0,1997.83
1.9536769390106201,927.1965942382812,1,MWI,1997,IHS-I,GPWG,N,c,0,1,0,0,1997,0,1997.83
12.292093276977539,590.059326171875,1,MWI,1997,IHS-I,GPWG,N,c,0,1,0,0,1997,0,1997.83
3.131396770477295,193.6200408935547,1,MWI,1997,IHS-I,GPWG,N,c,0,1,0,0,1997,0,1997.83
3.0064852237701416,2173.76318359375,1,MWI,1997,IHS-I,GPWG,N,c,0,1,0,0,1997,0,1997.83
1.3428491353988647,1770.177978515625,1,MWI,1997,IHS-I,GPWG,N,c,0,1,0,0,1997,0,1997.83
2.436984062194824,1086.881591796875,1,MWI,1997,IHS-I,GPWG,N,c,0,1,0,0,1997,0,1997.83
3.032179355621338,162.1830596923828,1,MWI,1997,IHS-I,GPWG,N,c,0,1,0,0,1997,0,1997.83
1.3639259338378906,2032.9482421875,1,MWI,1997,IHS-I,GPWG,N,c,0,1,0,0,1997,0,1997.83
2.787123441696167,843.0375366210938,1,MWI,1997,IHS-I,GPWG,N,c,0,1,0,0,1997,0,1997.83
2.235300302505493,632.2781372070312,1,MWI,1997,IHS-I,GPWG,N,c,0,1,0,0,1997,0,1997.83
1.5046517848968506,753.21337890625,1,MWI,1997,IHS-I,GPWG,N,c,0,1,0,0,1997,0,1997.83
0.877232015132904,811.5037841796875,1,MWI,1997,IHS-I,GPWG,N,c,0,1,0,0,1997,0,1997.83
2.072441577911377,593.5999755859375,1,MWI,1997,IHS-I,GPWG,N,c,0,1,0,0,1997,0,1997.83
3.6034464836120605,1686.0750732421875,1,MWI,1997,IHS-I,GPWG,N,c,0,1,0,0,1997,0,1997.83
1.248969316482544,1165.269775390625,1,MWI,1997,IHS-I,GPWG,N,c,0,1,0,0,1997,0,1997.83
1.839651346206665,843.0375366210938,1,MWI,1997,IHS-I,GPWG,N,c,0,1,0,0,1997,0,1997.83
8.568912506103516,522.1232299804688,1,MWI,1997,IHS-I,GPWG,N,c,0,1,0,0,1997,0,1997.83
2.7800049781799316,187.68565368652344,1,MWI,1997,IHS-I,GPWG,N,c,0,1,0,0,1997,0,1997.83
1.129670262336731,696.7578735351562,1,MWI,1997,IHS-I,GPWG,N,c,0,1,0,0,1997,0,1997.83
4.0235700607299805,421.5187683105469,1,MWI,1997,IHS-I,GPWG,N,c,0,1,0,0,1997,0,1997.83
1.060099482536316,1339.870361328125,1,MWI,1997,IHS-I,GPWG,N,c,0,1,0,0,1997,0,1997.83
3.3883309364318848,463.5982971191406,1,MWI,1997,IHS-I,GPWG,N,c,0,1,0,0,1997,0,1997.83
2.3180930614471436,445.1999816894531,1,MWI,1997,IHS-I,GPWG,N,c,0,1,0,0,1997,0,1997.83
1.2598093748092651,1784.013671875,1,MWI,1997,IHS-I,GPWG,N,c,0,1,0,0,1997,0,1997.83
2.370429039001465,891.6226196289062,1,MWI,1997,IHS-I,GPWG,N,c,0,1,0,0,1997,0,1997.83
2.756326913833618,518.75,1,MWI,1997,IHS-I,GPWG,N,c,0,1,0,0,1997,0,1997.83
4.002713203430176,2317.991455078125,1,MWI,1997,IHS-I,GPWG,N,c,0,1,0,0,1997,0,1997.83
5.686577320098877,148.87448120117188,1,MWI,1997,IHS-I,GPWG,N,c,0,1,0,0,1997,0,1997.83
1.9163503646850586,843.0375366210938,1,MWI,1997,IHS-I,GPWG,N,c,0,1,0,0,1997,0,1997.83
0.3667520582675934,968.1002197265625,1,MWI,1997,IHS-I,GPWG,N,c,0,1,0,0,1997,0,1997.83
2.237431049346924,1256.50341796875,1,MWI,1997,IHS-I,GPWG,N,c,0,1,0,0,1997,0,1997.83
2.0906410217285156,1036.75927734375,1,MWI,1997,IHS-I,GPWG,N,c,0,1,0,0,1997,0,1997.83
3.408189058303833,522.1232299804688,1,MWI,1997,IHS-I,GPWG,N,c,0,1,0,0,1997,0,1997.83
1.3750367164611816,1005.2027587890625,1,MWI,1997,IHS-I,GPWG,N,c,0,1,0,0,1997,0,1997.83
1.357168436050415,936.1087646484375,1,MWI,1997,IHS-I,GPWG,N,c,0,1,0,0,1997,0,1997.83
1.3549606800079346,338.82470703125,1,MWI,1997,IHS-I,GPWG,N,c,0,1,0,0,1997,0,1997.83
4.596507549285889,1935.3682861328125,1,MWI,1997,IHS-I,GPWG,N,c,0,1,0,0,1997,0,1997.83
1.7803277969360352,632.2781372070312,1,MWI,1997,IHS-I,GPWG,N,c,0,1,0,0,1997,0,1997.83
2.279404878616333,193.6200408935547,1,MWI,1997,IHS-I,GPWG,N,c,0,1,0,0,1997,0,1997.83
4.274084568023682,421.31890869140625,1,MWI,1997,IHS-I,GPWG,N,c,0,1,0,0,1997,0,1997.83
1.3988096714019775,580.631591796875,1,MWI,1997,IHS-I,GPWG,N,c,0,1,0,0,1997,0,1997.83
0.7461674213409424,421.31890869140625,1,MWI,1997,IHS-I,GPWG,N,c,0,1,0,0,1997,0,1997.83
3.656106472015381,847.061767578125,1,MWI,1997,IHS-I,GPWG,N,c,0,1,0,0,1997,0,1997.83
8.555100440979004,210.75938415527344,1,MWI,1997,IHS-I,GPWG,N,c,0,1,0,0,1997,0,1997.83
2.9302475452423096,631.9783935546875,1,MWI,1997,IHS-I,GPWG,N,c,0,1,0,0,1997,0,1997.83
3.96305513381958,229.95416259765625,1,MWI,1997,IHS-I,GPWG,N,c,0,1,0,0,1997,0,1997.83
10.991141319274902,75.51063537597656,1,MWI,1997,IHS-I,GPWG,N,c,0,1,0,0,1997,0,1997.83
0.8814768195152283,580.631591796875,1,MWI,1997,IHS-I,GPWG,N,c,0,1,0,0,1997,0,1997.83
2.0103280544281006,541.0025024414062,1,MWI,1997,IHS-I,GPWG,N,c,0,1,0,0,1997,0,1997.83
15.437227249145508,522.1232299804688,1,MWI,1997,IHS-I,GPWG,N,c,0,1,0,0,1997,0,1997.83
1.5386793613433838,1053.796875,1,MWI,1997,IHS-I,GPWG,N,c,0,1,0,0,1997,0,1997.83
17.894065856933594,522.1232299804688,1,MWI,1997,IHS-I,GPWG,N,c,0,1,0,0,1997,0,1997.83
14.812334060668945,261.0616149902344,1,MWI,1997,IHS-I,GPWG,N,c,0,1,0,0,1997,0,1997.83
0.7427334189414978,1161.26318359375,1,MWI,1997,IHS-I,GPWG,N,c,0,1,0,0,1997,0,1997.83
2.723083019256592,421.5187683105469,1,MWI,1997,IHS-I,GPWG,N,c,0,1,0,0,1997,0,1997.83
2.089629650115967,338.82470703125,1,MWI,1997,IHS-I,GPWG,N,c,0,1,0,0,1997,0,1997.83
1.3696743249893188,677.6494140625,1,MWI,1997,IHS-I,GPWG,N,c,0,1,0,0,1997,0,1997.83
6.457364559173584,890.3999633789062,1,MWI,1997,IHS-I,GPWG,N,c,0,1,0,0,1997,0,1997.83
0.9829874634742737,2365.64990234375,1,MWI,1997,IHS-I,GPWG,N,c,0,1,0,0,1997,0,1997.83
3.269390344619751,232.25262451171875,1,MWI,1997,IHS-I,GPWG,N,c,0,1,0,0,1997,0,1997.83
4.669582366943359,1501.4852294921875,1,MWI,1997,IHS-I,GPWG,N,c,0,1,0,0,1997,0,1997.83
2.6369738578796387,338.82470703125,1,MWI,1997,IHS-I,GPWG,N,c,0,1,0,0,1997,0,1997.83
0.6776126623153687,580.631591796875,1,MWI,1997,IHS-I,GPWG,N,c,0,1,0,0,1997,0,1997.83
1.8288164138793945,1086.881591796875,1,MWI,1997,IHS-I,GPWG,N,c,0,1,0,0,1997,0,1997.83
2.229842185974121,632.2781372070312,1,MWI,1997,IHS-I,GPWG,N,c,0,1,0,0,1997,0,1997.83
1.5906580686569214,1337.4339599609375,1,MWI,1997,IHS-I,GPWG,N,c,0,1,0,0,1997,0,1997.83
257.033447265625,75.51063537597656,1,MWI,1997,IHS-I,GPWG,N,c,0,1,0,0,1997,0,1997.83
17.16411018371582,595.4979248046875,1,MWI,1997,IHS-I,GPWG,N,c,0,1,0,0,1997,0,1997.83
2.426750421524048,1577.0999755859375,1,MWI,1997,IHS-I,GPWG,N,c,0,1,0,0,1997,0,1997.83
2.335585117340088,632.2781372070312,1,MWI,1997,IHS-I,GPWG,N,c,0,1,0,0,1997,0,1997.83
4.206771373748779,1757.4979248046875,1,MWI,1997,IHS-I,GPWG,N,c,0,1,0,0,1997,0,1997.83
16.944921493530273,1180.11865234375,1,MWI,1997,IHS-I,GPWG,N,c,0,1,0,0,1997,0,1997.83
1.6811273097991943,910.4324951171875,1,MWI,1997,IHS-I,GPWG,N,c,0,1,0,0,1997,0,1997.83
1.75130295753479,1313.799560546875,1,MWI,1997,IHS-I,GPWG,N,c,0,1,0,0,1997,0,1997.83
2.106764793395996,958.2977294921875,1,MWI,1997,IHS-I,GPWG,N,c,0,1,0,0,1997,0,1997.83
1.5748177766799927,238.01695251464844,1,MWI,1997,IHS-I,GPWG,N,c,0,1,0,0,1997,0,1997.83
5.236800670623779,1573.4915771484375,1,MWI,1997,IHS-I,GPWG,N,c,0,1,0,0,1997,0,1997.83
1.7601217031478882,1524.711181640625,1,MWI,1997,IHS-I,GPWG,N,c,0,1,0,0,1997,0,1997.83
6.281276226043701,652.1289672851562,1,MWI,1997,IHS-I,GPWG,N,c,0,1,0,0,1997,0,1997.83
1.2360219955444336,842.6378173828125,1,MWI,1997,IHS-I,GPWG,N,c,0,1,0,0,1997,0,1997.83
2.065730094909668,1355.298828125,1,MWI,1997,IHS-I,GPWG,N,c,0,1,0,0,1997,0,1997.83
1.187665581703186,632.2781372070312,1,MWI,1997,IHS-I,GPWG,N,c,0,1,0,0,1997,0,1997.83
7.236298561096191,631.9783935546875,1,MWI,1997,IHS-I,GPWG,N,c,0,1,0,0,1997,0,1997.83
29.10871124267578,2360.2373046875,1,MWI,1997,IHS-I,GPWG,N,c,0,1,0,0,1997,0,1997.83
5.2169671058654785,210.65945434570312,1,MWI,1997,IHS-I,GPWG,N,c,0,1,0,0,1997,0,1997.83
0.5562101006507874,2365.64990234375,1,MWI,1997,IHS-I,GPWG,N,c,0,1,0,0,1997,0,1997.83
1.4373056888580322,843.0375366210938,1,MWI,1997,IHS-I,GPWG,N,c,0,1,0,0,1997,0,1997.83
1.5612460374832153,486.5491943359375,1,MWI,1997,IHS-I,GPWG,N,c,0,1,0,0,1997,0,1997.83
4.574767589569092,869.5053100585938,1,MWI,1997,IHS-I,GPWG,N,c,0,1,0,0,1997,0,1997.83
1.1537127494812012,1180.11865234375,1,MWI,1997,IHS-I,GPWG,N,c,0,1,0,0,1997,0,1997.83
1.8480123281478882,2010.405517578125,1,MWI,1997,IHS-I,GPWG,N,c,0,1,0,0,1997,0,1997.83
0.9744096398353577,1507.80419921875,1,MWI,1997,IHS-I,GPWG,N,c,0,1,0,0,1997,0,1997.83
1.6937226057052612,842.6378173828125,1,MWI,1997,IHS-I,GPWG,N,c,0,1,0,0,1997,0,1997.83
3.343933343887329,502.14227294921875,1,MWI,1997,IHS-I,GPWG,N,c,0,1,0,0,1997,0,1997.83
2.488328218460083,1042.121337890625,1,MWI,1997,IHS-I,GPWG,N,c,0,1,0,0,1997,0,1997.83
1.577270746231079,1556.25,1,MWI,1997,IHS-I,GPWG,N,c,0,1,0,0,1997,0,1997.83
2.0318872928619385,753.902099609375,1,MWI,1997,IHS-I,GPWG,N,c,0,1,0,0,1997,0,1997.83
1.8424543142318726,1053.796875,1,MWI,1997,IHS-I,GPWG,N,c,0,1,0,0,1997,0,1997.83
2.7258780002593994,927.1965942382812,1,MWI,1997,IHS-I,GPWG,N,c,0,1,0,0,1997,0,1997.83
3.2883098125457764,606.9550170898438,1,MWI,1997,IHS-I,GPWG,N,c,0,1,0,0,1997,0,1997.83
1.9485032558441162,648.7322387695312,1,MWI,1997,IHS-I,GPWG,N,c,0,1,0,0,1997,0,1997.83
1.1423739194869995,810.915283203125,1,MWI,1997,IHS-I,GPWG,N,c,0,1,0,0,1997,0,1997.83
1.387207269668579,1783.2452392578125,1,MWI,1997,IHS-I,GPWG,N,c,0,1,0,0,1997,0,1997.83
9.585378646850586,652.1289672851562,1,MWI,1997,IHS-I,GPWG,N,c,0,1,0,0,1997,0,1997.83
1.10765540599823,1556.25,1,MWI,1997,IHS-I,GPWG,N,c,0,1,0,0,1997,0,1997.83
0.3437556326389313,2164.010009765625,1,MWI,1997,IHS-I,GPWG,N,c,0,1,0,0,1997,0,1997.83
6.631789684295654,1475.315673828125,1,MWI,1997,IHS-I,GPWG,N,c,0,1,0,0,1997,0,1997.83
3.335178852081299,869.5053100585938,1,MWI,1997,IHS-I,GPWG,N,c,0,1,0,0,1997,0,1997.83
2.840623140335083,1313.799560546875,1,MWI,1997,IHS-I,GPWG,N,c,0,1,0,0,1997,0,1997.83
1.9070905447006226,541.0025024414062,1,MWI,1997,IHS-I,GPWG,N,c,0,1,0,0,1997,0,1997.83
1.5380616188049316,1086.881591796875,1,MWI,1997,IHS-I,GPWG,N,c,0,1,0,0,1997,0,1997.83
7.613554000854492,502.14227294921875,1,MWI,1997,IHS-I,GPWG,N,c,0,1,0,0,1997,0,1997.83
1.581362247467041,938.4282836914062,1,MWI,1997,IHS-I,GPWG,N,c,0,1,0,0,1997,0,1997.83
1.7867993116378784,541.0025024414062,1,MWI,1997,IHS-I,GPWG,N,c,0,1,0,0,1997,0,1997.83
1.0245827436447144,1295.9490966796875,1,MWI,1997,IHS-I,GPWG,N,c,0,1,0,0,1997,0,1997.83
3.3825221061706543,695.3974609375,1,MWI,1997,IHS-I,GPWG,N,c,0,1,0,0,1997,0,1997.83
2.114508628845215,421.31890869140625,1,MWI,1997,IHS-I,GPWG,N,c,0,1,0,0,1997,0,1997.83
1.5719798803329468,2874.89306640625,1,MWI,1997,IHS-I,GPWG,N,c,0,1,0,0,1997,0,1997.83
0.709797739982605,2434.51123046875,1,MWI,1997,IHS-I,GPWG,N,c,0,1,0,0,1997,0,1997.83
3.151297092437744,1804.0,1,MWI,1997,IHS-I,GPWG,N,c,0,1,0,0,1997,0,1997.83
1.5282566547393799,464.5052490234375,1,MWI,1997,IHS-I,GPWG,N,c,0,1,0,0,1997,0,1997.83
1.3946828842163086,1507.80419921875,1,MWI,1997,IHS-I,GPWG,N,c,0,1,0,0,1997,0,1997.83
1.5428848266601562,748.8870239257812,1,MWI,1997,IHS-I,GPWG,N,c,0,1,0,0,1997,0,1997.83
1.8584318161010742,1053.2972412109375,1,MWI,1997,IHS-I,GPWG,N,c,0,1,0,0,1997,0,1997.83
19.220043182373047,261.0616149902344,1,MWI,1997,IHS-I,GPWG,N,c,0,1,0,0,1997,0,1997.83
1.4915717840194702,1390.794921875,1,MWI,1997,IHS-I,GPWG,N,c,0,1,0,0,1997,0,1997.83
2.335951805114746,563.0569458007812,1,MWI,1997,IHS-I,GPWG,N,c,0,1,0,0,1997,0,1997.83
4.418292045593262,580.860107421875,1,MWI,1997,IHS-I,GPWG,N,c,0,1,0,0,1997,0,1997.83
1.3396035432815552,1916.595458984375,1,MWI,1997,IHS-I,GPWG,N,c,0,1,0,0,1997,0,1997.83
1.265486717224121,842.6378173828125,1,MWI,1997,IHS-I,GPWG,N,c,0,1,0,0,1997,0,1997.83
1.787103533744812,843.0375366210938,1,MWI,1997,IHS-I,GPWG,N,c,0,1,0,0,1997,0,1997.83
2.857424736022949,453.0638122558594,1,MWI,1997,IHS-I,GPWG,N,c,0,1,0,0,1997,0,1997.83
1.4595272541046143,502.14227294921875,1,MWI,1997,IHS-I,GPWG,N,c,0,1,0,0,1997,0,1997.83
1.3677098751068115,1437.446533203125,1,MWI,1997,IHS-I,GPWG,N,c,0,1,0,0,1997,0,1997.83
4.268494606018066,238.01695251464844,1,MWI,1997,IHS-I,GPWG,N,c,0,1,0,0,1997,0,1997.83
2.1071338653564453,1135.2813720703125,1,MWI,1997,IHS-I,GPWG,N,c,0,1,0,0,1997,0,1997.83
1.9174875020980835,2106.594482421875,1,MWI,1997,IHS-I,GPWG,N,c,0,1,0,0,1997,0,1997.83
2.0963540077209473,303.4775085449219,1,MWI,1997,IHS-I,GPWG,N,c,0,1,0,0,1997,0,1997.83
1.2623283863067627,1437.446533203125,1,MWI,1997,IHS-I,GPWG,N,c,0,1,0,0,1997,0,1997.83
1.6309161186218262,1686.0750732421875,1,MWI,1997,IHS-I,GPWG,N,c,0,1,0,0,1997,0,1997.83
1.3486559391021729,606.9550170898438,1,MWI,1997,IHS-I,GPWG,N,c,0,1,0,0,1997,0,1997.83
7.859926223754883,393.3728942871094,1,MWI,1997,IHS-I,GPWG,N,c,0,1,0,0,1997,0,1997.83
11.004396438598633,416.5296630859375,1,MWI,1997,IHS-I,GPWG,N,c,0,1,0,0,1997,0,1997.83
1.5596758127212524,2581.6484375,2,MWI,1997,IHS-I,GPWG,N,c,0,1,0,0,1997,0,1997.83
0.6350430846214294,758.6937866210938,1,MWI,1997,IHS-I,GPWG,N,c,0,1,0,0,1997,0,1997.83
0.7952744960784912,696.7578735351562,1,MWI,1997,IHS-I,GPWG,N,c,0,1,0,0,1997,0,1997.83
13.102228164672852,296.79998779296875,1,MWI,1997,IHS-I,GPWG,N,c,0,1,0,0,1997,0,1997.83
3.4499874114990234,302.04254150390625,1,MWI,1997,IHS-I,GPWG,N,c,0,1,0,0,1997,0,1997.83
5.971651077270508,1376.80517578125,1,MWI,1997,IHS-I,GPWG,N,c,0,1,0,0,1997,0,1997.83
2.5695838928222656,229.95416259765625,1,MWI,1997,IHS-I,GPWG,N,c,0,1,0,0,1997,0,1997.83
2.590654134750366,1165.269775390625,1,MWI,1997,IHS-I,GPWG,N,c,0,1,0,0,1997,0,1997.83
2.0762457847595215,1622.593994140625,1,MWI,1997,IHS-I,GPWG,N,c,0,1,0,0,1997,0,1997.83
2.075791120529175,1555.138916015625,1,MWI,1997,IHS-I,GPWG,N,c,0,1,0,0,1997,0,1997.83
13.013816833496094,453.0638122558594,1,MWI,1997,IHS-I,GPWG,N,c,0,1,0,0,1997,0,1997.83
2.478675603866577,632.2781372070312,1,MWI,1997,IHS-I,GPWG,N,c,0,1,0,0,1997,0,1997.83
1.1324796676635742,580.631591796875,1,MWI,1997,IHS-I,GPWG,N,c,0,1,0,0,1997,0,1997.83
12.27436351776123,217.37632751464844,1,MWI,1997,IHS-I,GPWG,N,c,0,1,0,0,1997,0,1997.83
2.3124208450317383,1689.1708984375,1,MWI,1997,IHS-I,GPWG,N,c,0,1,0,0,1997,0,1997.83
1.866957426071167,958.2977294921875,1,MWI,1997,IHS-I,GPWG,N,c,0,1,0,0,1997,0,1997.83
19.77969741821289,261.0616149902344,1,MWI,1997,IHS-I,GPWG,N,c,0,1,0,0,1997,0,1997.83
1.1718679666519165,973.098388671875,1,MWI,1997,IHS-I,GPWG,N,c,0,1,0,0,1997,0,1997.83
15.544485092163086,1566.36962890625,1,MWI,1997,IHS-I,GPWG,N,c,0,1,0,0,1997,0,1997.83
2.4296252727508545,869.5053100585938,1,MWI,1997,IHS-I,GPWG,N,c,0,1,0,0,1997,0,1997.83
1.984275460243225,695.3974609375,1,MWI,1997,IHS-I,GPWG,N,c,0,1,0,0,1997,0,1997.83
2.203333616256714,919.816650390625,1,MWI,1997,IHS-I,GPWG,N,c,0,1,0,0,1997,0,1997.83
3.101250648498535,421.5187683105469,1,MWI,1997,IHS-I,GPWG,N,c,0,1,0,0,1997,0,1997.83
1.1936842203140259,1895.93505859375,1,MWI,1997,IHS-I,GPWG,N,c,0,1,0,0,1997,0,1997.83
3.339503765106201,1037.5,1,MWI,1997,IHS-I,GPWG,N,c,0,1,0,0,1997,0,1997.83
2.8116791248321533,502.60137939453125,1,MWI,1997,IHS-I,GPWG,N,c,0,1,0,0,1997,0,1997.83
1.3662835359573364,1501.4852294921875,1,MWI,1997,IHS-I,GPWG,N,c,0,1,0,0,1997,0,1997.83
5.078415870666504,119.00847625732422,1,MWI,1997,IHS-I,GPWG,N,c,0,1,0,0,1997,0,1997.83
3.689413547515869,869.5053100585938,1,MWI,1997,IHS-I,GPWG,N,c,0,1,0,0,1997,0,1997.83
2.7968828678131104,303.4775085449219,1,MWI,1997,IHS-I,GPWG,N,c,0,1,0,0,1997,0,1997.83
3.4526381492614746,502.14227294921875,1,MWI,1997,IHS-I,GPWG,N,c,0,1,0,0,1997,0,1997.83
6.777322769165039,1376.80517578125,1,MWI,1997,IHS-I,GPWG,N,c,0,1,0,0,1997,0,1997.83
0.654509425163269,1355.34033203125,1,MWI,1997,IHS-I,GPWG,N,c,0,1,0,0,1997,0,1997.83
1.429065465927124,606.9550170898438,1,MWI,1997,IHS-I,GPWG,N,c,0,1,0,0,1997,0,1997.83
1.601193904876709,1036.75927734375,1,MWI,1997,IHS-I,GPWG,N,c,0,1,0,0,1997,0,1997.83
1.1885372400283813,1036.75927734375,1,MWI,1997,IHS-I,GPWG,N,c,0,1,0,0,1997,0,1997.83
4.292304515838623,1042.121337890625,1,MWI,1997,IHS-I,GPWG,N,c,0,1,0,0,1997,0,1997.83
0.7877957820892334,1263.956787109375,1,MWI,1997,IHS-I,GPWG,N,c,0,1,0,0,1997,0,1997.83
2.1129231452941895,968.1002197265625,1,MWI,1997,IHS-I,GPWG,N,c,0,1,0,0,1997,0,1997.83
0.9660950303077698,2330.53955078125,1,MWI,1997,IHS-I,GPWG,N,c,0,1,0,0,1997,0,1997.83
2.1851565837860107,464.5052490234375,1,MWI,1997,IHS-I,GPWG,N,c,0,1,0,0,1997,0,1997.83
1.5810747146606445,1507.80419921875,1,MWI,1997,IHS-I,GPWG,N,c,0,1,0,0,1997,0,1997.83
2.343391180038452,563.0569458007812,1,MWI,1997,IHS-I,GPWG,N,c,0,1,0,0,1997,0,1997.83
0.7301185727119446,1053.796875,1,MWI,1997,IHS-I,GPWG,N,c,0,1,0,0,1997,0,1997.83
1.8600478172302246,788.5499877929688,1,MWI,1997,IHS-I,GPWG,N,c,0,1,0,0,1997,0,1997.83
1.616277813911438,842.6378173828125,1,MWI,1997,IHS-I,GPWG,N,c,0,1,0,0,1997,0,1997.83
2.3982093334198,541.0025024414062,1,MWI,1997,IHS-I,GPWG,N,c,0,1,0,0,1997,0,1997.83
3.3950326442718506,1016.47412109375,1,MWI,1997,IHS-I,GPWG,N,c,0,1,0,0,1997,0,1997.83
21.981334686279297,786.7457885742188,1,MWI,1997,IHS-I,GPWG,N,c,0,1,0,0,1997,0,1997.83
3.1290862560272217,4312.33984375,1,MWI,1997,IHS-I,GPWG,N,c,0,1,0,0,1997,0,1997.83
3.2009310722351074,742.0,1,MWI,1997,IHS-I,GPWG,N,c,0,1,0,0,1997,0,1997.83
2.63427472114563,421.5187683105469,1,MWI,1997,IHS-I,GPWG,N,c,0,1,0,0,1997,0,1997.83
0.5540503859519958,2259.64013671875,1,MWI,1997,IHS-I,GPWG,N,c,0,1,0,0,1997,0,1997.83
2.439328670501709,668.7169799804688,1,MWI,1997,IHS-I,GPWG,N,c,0,1,0,0,1997,0,1997.83
2.5098087787628174,1135.2813720703125,1,MWI,1997,IHS-I,GPWG,N,c,0,1,0,0,1997,0,1997.83
6.339721202850342,296.79998779296875,1,MWI,1997,IHS-I,GPWG,N,c,0,1,0,0,1997,0,1997.83
2.420397996902466,324.3661193847656,1,MWI,1997,IHS-I,GPWG,N,c,0,1,0,0,1997,0,1997.83
1.0423837900161743,464.5052490234375,1,MWI,1997,IHS-I,GPWG,N,c,0,1,0,0,1997,0,1997.83
2.2667946815490723,750.7426147460938,1,MWI,1997,IHS-I,GPWG,N,c,0,1,0,0,1997,0,1997.83
3.277740478515625,151.02127075195312,1,MWI,1997,IHS-I,GPWG,N,c,0,1,0,0,1997,0,1997.83
1.5649155378341675,1685.275634765625,1,MWI,1997,IHS-I,GPWG,N,c,0,1,0,0,1997,0,1997.83
4.635012149810791,393.3728942871094,1,MWI,1997,IHS-I,GPWG,N,c,0,1,0,0,1997,0,1997.83
2.331723690032959,788.5499877929688,1,MWI,1997,IHS-I,GPWG,N,c,0,1,0,0,1997,0,1997.83
2.5675201416015625,445.8113098144531,1,MWI,1997,IHS-I,GPWG,N,c,0,1,0,0,1997,0,1997.83
1.5426722764968872,535.5381469726562,1,MWI,1997,IHS-I,GPWG,N,c,0,1,0,0,1997,0,1997.83
1.2945228815078735,776.8464965820312,1,MWI,1997,IHS-I,GPWG,N,c,0,1,0,0,1997,0,1997.83
6.486659049987793,393.3728942871094,1,MWI,1997,IHS-I,GPWG,N,c,0,1,0,0,1997,0,1997.83
6.310505390167236,187.2217559814453,1,MWI,1997,IHS-I,GPWG,N,c,0,1,0,0,1997,0,1997.83
2.0986568927764893,1304.2579345703125,1,MWI,1997,IHS-I,GPWG,N,c,0,1,0,0,1997,0,1997.83
1.4707388877868652,508.237060546875,1,MWI,1997,IHS-I,GPWG,N,c,0,1,0,0,1997,0,1997.83
1.7827064990997314,1622.593994140625,1,MWI,1997,IHS-I,GPWG,N,c,0,1,0,0,1997,0,1997.83
2.973963737487793,169.412353515625,1,MWI,1997,IHS-I,GPWG,N,c,0,1,0,0,1997,0,1997.83
1.7101472616195679,1893.5087890625,1,MWI,1997,IHS-I,GPWG,N,c,0,1,0,0,1997,0,1997.83
1.7369756698608398,927.1965942382812,1,MWI,1997,IHS-I,GPWG,N,c,0,1,0,0,1997,0,1997.83
15.085243225097656,261.0616149902344,1,MWI,1997,IHS-I,GPWG,N,c,0,1,0,0,1997,0,1997.83
5.49090576171875,783.184814453125,1,MWI,1997,IHS-I,GPWG,N,c,0,1,0,0,1997,0,1997.83
3.362415075302124,1086.881591796875,1,MWI,1997,IHS-I,GPWG,N,c,0,1,0,0,1997,0,1997.83
3.30780029296875,604.0850830078125,1,MWI,1997,IHS-I,GPWG,N,c,0,1,0,0,1997,0,1997.83
0.7618513703346252,1759.1048583984375,1,MWI,1997,IHS-I,GPWG,N,c,0,1,0,0,1997,0,1997.83
2.2042009830474854,3495.809326171875,1,MWI,1997,IHS-I,GPWG,N,c,0,1,0,0,1997,0,1997.83
3.704752206802368,753.21337890625,1,MWI,1997,IHS-I,GPWG,N,c,0,1,0,0,1997,0,1997.83
2.396331787109375,938.4282836914062,1,MWI,1997,IHS-I,GPWG,N,c,0,1,0,0,1997,0,1997.83
10.759577751159668,590.059326171875,1,MWI,1997,IHS-I,GPWG,N,c,0,1,0,0,1997,0,1997.83
2.092576026916504,744.3724365234375,1,MWI,1997,IHS-I,GPWG,N,c,0,1,0,0,1997,0,1997.83
1.6147264242172241,632.2781372070312,1,MWI,1997,IHS-I,GPWG,N,c,0,1,0,0,1997,0,1997.83
1.1307361125946045,1313.799560546875,1,MWI,1997,IHS-I,GPWG,N,c,0,1,0,0,1997,0,1997.83
3.311262845993042,387.2400817871094,1,MWI,1997,IHS-I,GPWG,N,c,0,1,0,0,1997,0,1997.83
4.202122688293457,632.2781372070312,1,MWI,1997,IHS-I,GPWG,N,c,0,1,0,0,1997,0,1997.83
2.02746844291687,387.2400817871094,1,MWI,1997,IHS-I,GPWG,N,c,0,1,0,0,1997,0,1997.83
1.5573266744613647,1005.2027587890625,1,MWI,1997,IHS-I,GPWG,N,c,0,1,0,0,1997,0,1997.83
2.4559693336486816,843.0375366210938,1,MWI,1997,IHS-I,GPWG,N,c,0,1,0,0,1997,0,1997.83
2.235914468765259,502.60137939453125,1,MWI,1997,IHS-I,GPWG,N,c,0,1,0,0,1997,0,1997.83
2.6156187057495117,421.31890869140625,1,MWI,1997,IHS-I,GPWG,N,c,0,1,0,0,1997,0,1997.83
1.0929466485977173,1263.956787109375,1,MWI,1997,IHS-I,GPWG,N,c,0,1,0,0,1997,0,1997.83
1.9842318296432495,1685.275634765625,1,MWI,1997,IHS-I,GPWG,N,c,0,1,0,0,1997,0,1997.83
3.7954750061035156,434.7526550292969,1,MWI,1997,IHS-I,GPWG,N,c,0,1,0,0,1997,0,1997.83
2.2915072441101074,973.098388671875,1,MWI,1997,IHS-I,GPWG,N,c,0,1,0,0,1997,0,1997.83
1.6951000690460205,753.902099609375,1,MWI,1997,IHS-I,GPWG,N,c,0,1,0,0,1997,0,1997.83
0.310661643743515,1685.275634765625,1,MWI,1997,IHS-I,GPWG,N,c,0,1,0,0,1997,0,1997.83
2.883413076400757,580.860107421875,1,MWI,1997,IHS-I,GPWG,N,c,0,1,0,0,1997,0,1997.83
0.907169759273529,1854.3931884765625,1,MWI,1997,IHS-I,GPWG,N,c,0,1,0,0,1997,0,1997.83
3.6240506172180176,226.5319061279297,1,MWI,1997,IHS-I,GPWG,N,c,0,1,0,0,1997,0,1997.83
2.5391571521759033,1053.2972412109375,1,MWI,1997,IHS-I,GPWG,N,c,0,1,0,0,1997,0,1997.83
17.62382698059082,1966.864501953125,1,MWI,1997,IHS-I,GPWG,N,c,0,1,0,0,1997,0,1997.83
1.0637236833572388,1474.6162109375,1,MWI,1997,IHS-I,GPWG,N,c,0,1,0,0,1997,0,1997.83
1.5648634433746338,753.902099609375,1,MWI,1997,IHS-I,GPWG,N,c,0,1,0,0,1997,0,1997.83
1.761731505393982,869.5053100585938,1,MWI,1997,IHS-I,GPWG,N,c,0,1,0,0,1997,0,1997.83
2.0238115787506104,187.2217559814453,1,MWI,1997,IHS-I,GPWG,N,c,0,1,0,0,1997,0,1997.83
2.0504562854766846,758.6937866210938,1,MWI,1997,IHS-I,GPWG,N,c,0,1,0,0,1997,0,1997.83
3.38924503326416,338.82470703125,1,MWI,1997,IHS-I,GPWG,N,c,0,1,0,0,1997,0,1997.83
1.4073548316955566,1165.269775390625,1,MWI,1997,IHS-I,GPWG,N,c,0,1,0,0,1997,0,1997.83
2.8783838748931885,1086.881591796875,1,MWI,1997,IHS-I,GPWG,N,c,0,1,0,0,1997,0,1997.83
1.0909656286239624,2718.962646484375,1,MWI,1997,IHS-I,GPWG,N,c,0,1,0,0,1997,0,1997.83
1.094396710395813,1036.75927734375,1,MWI,1997,IHS-I,GPWG,N,c,0,1,0,0,1997,0,1997.83
2.3872251510620117,910.4324951171875,1,MWI,1997,IHS-I,GPWG,N,c,0,1,0,0,1997,0,1997.83
4.913265705108643,1390.794921875,1,MWI,1997,IHS-I,GPWG,N,c,0,1,0,0,1997,0,1997.83
0.5600014925003052,1165.269775390625,1,MWI,1997,IHS-I,GPWG,N,c,0,1,0,0,1997,0,1997.83
1.2267098426818848,812.8841552734375,1,MWI,1997,IHS-I,GPWG,N,c,0,1,0,0,1997,0,1997.83
0.6920636892318726,3495.809326171875,1,MWI,1997,IHS-I,GPWG,N,c,0,1,0,0,1997,0,1997.83
4.086848258972168,927.1965942382812,1,MWI,1997,IHS-I,GPWG,N,c,0,1,0,0,1997,0,1997.83
3.954530954360962,231.7991485595703,1,MWI,1997,IHS-I,GPWG,N,c,0,1,0,0,1997,0,1997.83
6.076960563659668,786.7457885742188,1,MWI,1997,IHS-I,GPWG,N,c,0,1,0,0,1997,0,1997.83
2.9079606533050537,324.3661193847656,1,MWI,1997,IHS-I,GPWG,N,c,0,1,0,0,1997,0,1997.83
0.8293076753616333,3107.385986328125,1,MWI,1997,IHS-I,GPWG,N,c,0,1,0,0,1997,0,1997.83
1.7200207710266113,502.60137939453125,1,MWI,1997,IHS-I,GPWG,N,c,0,1,0,0,1997,0,1997.83
1.4521220922470093,1082.0050048828125,1,MWI,1997,IHS-I,GPWG,N,c,0,1,0,0,1997,0,1997.83
1.835670828819275,1126.1138916015625,1,MWI,1997,IHS-I,GPWG,N,c,0,1,0,0,1997,0,1997.83
1.0276304483413696,1126.1138916015625,1,MWI,1997,IHS-I,GPWG,N,c,0,1,0,0,1997,0,1997.83
1.6689128875732422,2874.89306640625,1,MWI,1997,IHS-I,GPWG,N,c,0,1,0,0,1997,0,1997.83
1.5331803560256958,1296.875,1,MWI,1997,IHS-I,GPWG,N,c,0,1,0,0,1997,0,1997.83
2.075514078140259,1036.75927734375,1,MWI,1997,IHS-I,GPWG,N,c,0,1,0,0,1997,0,1997.83
3.7319977283477783,606.9550170898438,1,MWI,1997,IHS-I,GPWG,N,c,0,1,0,0,1997,0,1997.83
5.1128830909729,1180.11865234375,1,MWI,1997,IHS-I,GPWG,N,c,0,1,0,0,1997,0,1997.83
1.578332543373108,843.0375366210938,1,MWI,1997,IHS-I,GPWG,N,c,0,1,0,0,1997,0,1997.83
1.986894965171814,891.6226196289062,1,MWI,1997,IHS-I,GPWG,N,c,0,1,0,0,1997,0,1997.83
0.571056067943573,1623.007568359375,1,MWI,1997,IHS-I,GPWG,N,c,0,1,0,0,1997,0,1997.83
6.213409423828125,2318.353271484375,1,MWI,1997,IHS-I,GPWG,N,c,0,1,0,0,1997,0,1997.83
56.73135757446289,786.7457885742188,1,MWI,1997,IHS-I,GPWG,N,c,0,1,0,0,1997,0,1997.83
14.720539093017578,1854.3931884765625,1,MWI,1997,IHS-I,GPWG,N,c,0,1,0,0,1997,0,1997.83
1.4259570837020874,1062.1712646484375,1,MWI,1997,IHS-I,GPWG,N,c,0,1,0,0,1997,0,1997.83
0.9700348377227783,2874.89306640625,1,MWI,1997,IHS-I,GPWG,N,c,0,1,0,0,1997,0,1997.83
1.1372730731964111,1036.75927734375,1,MWI,1997,IHS-I,GPWG,N,c,0,1,0,0,1997,0,1997.83
0.9878838658332825,1263.956787109375,1,MWI,1997,IHS-I,GPWG,N,c,0,1,0,0,1997,0,1997.83
2.725168466567993,1379.7249755859375,1,MWI,1997,IHS-I,GPWG,N,c,0,1,0,0,1997,0,1997.83
11.810489654541016,1149.770751953125,1,MWI,1997,IHS-I,GPWG,N,c,0,1,0,0,1997,0,1997.83
2.7506089210510254,632.2781372070312,1,MWI,1997,IHS-I,GPWG,N,c,0,1,0,0,1997,0,1997.83
5.000638484954834,178.51271057128906,1,MWI,1997,IHS-I,GPWG,N,c,0,1,0,0,1997,0,1997.83
4.079826354980469,2173.76318359375,1,MWI,1997,IHS-I,GPWG,N,c,0,1,0,0,1997,0,1997.83
8.086640357971191,783.184814453125,1,MWI,1997,IHS-I,GPWG,N,c,0,1,0,0,1997,0,1997.83
0.9849053621292114,1053.2972412109375,1,MWI,1997,IHS-I,GPWG,N,c,0,1,0,0,1997,0,1997.83
3.256300449371338,563.0569458007812,1,MWI,1997,IHS-I,GPWG,N,c,0,1,0,0,1997,0,1997.83
2.961467981338501,421.5187683105469,1,MWI,1997,IHS-I,GPWG,N,c,0,1,0,0,1997,0,1997.83
1.594984769821167,847.061767578125,1,MWI,1997,IHS-I,GPWG,N,c,0,1,0,0,1997,0,1997.83
1.7273799180984497,843.0375366210938,1,MWI,1997,IHS-I,GPWG,N,c,0,1,0,0,1997,0,1997.83
2.634485960006714,632.2781372070312,1,MWI,1997,IHS-I,GPWG,N,c,0,1,0,0,1997,0,1997.83
3.4923408031463623,811.5037841796875,1,MWI,1997,IHS-I,GPWG,N,c,0,1,0,0,1997,0,1997.83
1.557193636894226,774.4801635742188,1,MWI,1997,IHS-I,GPWG,N,c,0,1,0,0,1997,0,1997.83
5.232502460479736,375.3713073730469,1,MWI,1997,IHS-I,GPWG,N,c,0,1,0,0,1997,0,1997.83
4.281494617462158,742.0,1,MWI,1997,IHS-I,GPWG,N,c,0,1,0,0,1997,0,1997.83
1.098581075668335,1524.711181640625,1,MWI,1997,IHS-I,GPWG,N,c,0,1,0,0,1997,0,1997.83
9.348134994506836,869.5053100585938,1,MWI,1997,IHS-I,GPWG,N,c,0,1,0,0,1997,0,1997.83
1.9408997297286987,776.8464965820312,1,MWI,1997,IHS-I,GPWG,N,c,0,1,0,0,1997,0,1997.83
2.6542139053344727,1521.63427734375,1,MWI,1997,IHS-I,GPWG,N,c,0,1,0,0,1997,0,1997.83
4.166038990020752,590.059326171875,1,MWI,1997,IHS-I,GPWG,N,c,0,1,0,0,1997,0,1997.83
3.775439977645874,259.375,1,MWI,1997,IHS-I,GPWG,N,c,0,1,0,0,1997,0,1997.83
2.981492280960083,774.4801635742188,1,MWI,1997,IHS-I,GPWG,N,c,0,1,0,0,1997,0,1997.83
1.5852857828140259,696.7578735351562,1,MWI,1997,IHS-I,GPWG,N,c,0,1,0,0,1997,0,1997.83
2.136918067932129,541.0025024414062,1,MWI,1997,IHS-I,GPWG,N,c,0,1,0,0,1997,0,1997.83
1.106567144393921,1555.138916015625,1,MWI,1997,IHS-I,GPWG,N,c,0,1,0,0,1997,0,1997.83
1.0777721405029297,750.7426147460938,1,MWI,1997,IHS-I,GPWG,N,c,0,1,0,0,1997,0,1997.83
1.5472277402877808,1304.2579345703125,1,MWI,1997,IHS-I,GPWG,N,c,0,1,0,0,1997,0,1997.83
0.7276685833930969,843.0375366210938,1,MWI,1997,IHS-I,GPWG,N,c,0,1,0,0,1997,0,1997.83
4.799431324005127,1305.30810546875,1,MWI,1997,IHS-I,GPWG,N,c,0,1,0,0,1997,0,1997.83
1.8909945487976074,1501.4852294921875,1,MWI,1997,IHS-I,GPWG,N,c,0,1,0,0,1997,0,1997.83
2.775017023086548,1313.799560546875,1,MWI,1997,IHS-I,GPWG,N,c,0,1,0,0,1997,0,1997.83
1.1639270782470703,561.665283203125,1,MWI,1997,IHS-I,GPWG,N,c,0,1,0,0,1997,0,1997.83
0.8522945642471313,811.5037841796875,1,MWI,1997,IHS-I,GPWG,N,c,0,1,0,0,1997,0,1997.83
3.315129280090332,753.21337890625,1,MWI,1997,IHS-I,GPWG,N,c,0,1,0,0,1997,0,1997.83
1.236293077468872,1555.138916015625,1,MWI,1997,IHS-I,GPWG,N,c,0,1,0,0,1997,0,1997.83
1.8566718101501465,421.5187683105469,1,MWI,1997,IHS-I,GPWG,N,c,0,1,0,0,1997,0,1997.83
14.601880073547363,1966.864501953125,1,MWI,1997,IHS-I,GPWG,N,c,0,1,0,0,1997,0,1997.83
0.796977698802948,1126.1138916015625,1,MWI,1997,IHS-I,GPWG,N,c,0,1,0,0,1997,0,1997.83
1.8153183460235596,958.2977294921875,1,MWI,1997,IHS-I,GPWG,N,c,0,1,0,0,1997,0,1997.83
5.865070819854736,502.60137939453125,1,MWI,1997,IHS-I,GPWG,N,c,0,1,0,0,1997,0,1997.83
1.509729027748108,778.125,1,MWI,1997,IHS-I,GPWG,N,c,0,1,0,0,1997,0,1997.83
1.341950535774231,843.0375366210938,1,MWI,1997,IHS-I,GPWG,N,c,0,1,0,0,1997,0,1997.83
1.1420531272888184,1135.2813720703125,1,MWI,1997,IHS-I,GPWG,N,c,0,1,0,0,1997,0,1997.83
1.3525147438049316,1609.67919921875,1,MWI,1997,IHS-I,GPWG,N,c,0,1,0,0,1997,0,1997.83
1.0604524612426758,1474.6162109375,1,MWI,1997,IHS-I,GPWG,N,c,0,1,0,0,1997,0,1997.83
4.598695755004883,375.3713073730469,1,MWI,1997,IHS-I,GPWG,N,c,0,1,0,0,1997,0,1997.83
1.1723313331604004,464.5052490234375,1,MWI,1997,IHS-I,GPWG,N,c,0,1,0,0,1997,0,1997.83
1.116228699684143,1256.50341796875,1,MWI,1997,IHS-I,GPWG,N,c,0,1,0,0,1997,0,1997.83
0.8427373766899109,1814.3287353515625,1,MWI,1997,IHS-I,GPWG,N,c,0,1,0,0,1997,0,1997.83
8.16292667388916,148.87448120117188,1,MWI,1997,IHS-I,GPWG,N,c,0,1,0,0,1997,0,1997.83
1.2783879041671753,648.7322387695312,1,MWI,1997,IHS-I,GPWG,N,c,0,1,0,0,1997,0,1997.83
7.692200183868408,148.39999389648438,1,MWI,1997,IHS-I,GPWG,N,c,0,1,0,0,1997,0,1997.83
1.6782562732696533,1304.2579345703125,1,MWI,1997,IHS-I,GPWG,N,c,0,1,0,0,1997,0,1997.83
1.1427202224731445,1622.593994140625,1,MWI,1997,IHS-I,GPWG,N,c,0,1,0,0,1997,0,1997.83
1.3598942756652832,348.3789367675781,1,MWI,1997,IHS-I,GPWG,N,c,0,1,0,0,1997,0,1997.83
3.19464373588562,1474.6162109375,1,MWI,1997,IHS-I,GPWG,N,c,0,1,0,0,1997,0,1997.83
2.045170545578003,1256.50341796875,1,MWI,1997,IHS-I,GPWG,N,c,0,1,0,0,1997,0,1997.83
2.674440860748291,563.0569458007812,1,MWI,1997,IHS-I,GPWG,N,c,0,1,0,0,1997,0,1997.83
2.859304428100586,580.860107421875,1,MWI,1997,IHS-I,GPWG,N,c,0,1,0,0,1997,0,1997.83
4.803286552429199,518.75,1,MWI,1997,IHS-I,GPWG,N,c,0,1,0,0,1997,0,1997.83
2.21773099899292,695.3974609375,1,MWI,1997,IHS-I,GPWG,N,c,0,1,0,0,1997,0,1997.83
1.5302780866622925,843.0375366210938,1,MWI,1997,IHS-I,GPWG,N,c,0,1,0,0,1997,0,1997.83
1.8100032806396484,2069.58740234375,1,MWI,1997,IHS-I,GPWG,N,c,0,1,0,0,1997,0,1997.83
0.8768845200538635,847.061767578125,1,MWI,1997,IHS-I,GPWG,N,c,0,1,0,0,1997,0,1997.83
2.418623208999634,148.39999389648438,1,MWI,1997,IHS-I,GPWG,N,c,0,1,0,0,1997,0,1997.83
4.223405838012695,541.0025024414062,1,MWI,1997,IHS-I,GPWG,N,c,0,1,0,0,1997,0,1997.83
1.4847279787063599,938.4282836914062,1,MWI,1997,IHS-I,GPWG,N,c,0,1,0,0,1997,0,1997.83
5.416561126708984,151.02127075195312,1,MWI,1997,IHS-I,GPWG,N,c,0,1,0,0,1997,0,1997.83
2.0922515392303467,338.82470703125,1,MWI,1997,IHS-I,GPWG,N,c,0,1,0,0,1997,0,1997.83
3.5039539337158203,590.059326171875,1,MWI,1997,IHS-I,GPWG,N,c,0,1,0,0,1997,0,1997.83
4.250514984130859,1739.0106201171875,1,MWI,1997,IHS-I,GPWG,N,c,0,1,0,0,1997,0,1997.83
1.2949126958847046,1895.93505859375,1,MWI,1997,IHS-I,GPWG,N,c,0,1,0,0,1997,0,1997.83
2.969315767288208,2255.0,1,MWI,1997,IHS-I,GPWG,N,c,0,1,0,0,1997,0,1997.83
1.5779832601547241,508.237060546875,1,MWI,1997,IHS-I,GPWG,N,c,0,1,0,0,1997,0,1997.83
10.175077438354492,297.52117919921875,1,MWI,1997,IHS-I,GPWG,N,c,0,1,0,0,1997,0,1997.83
1.0187819004058838,1521.63427734375,1,MWI,1997,IHS-I,GPWG,N,c,0,1,0,0,1997,0,1997.83
3.428530216217041,1126.1138916015625,1,MWI,1997,IHS-I,GPWG,N,c,0,1,0,0,1997,0,1997.83
1.1041595935821533,1053.2972412109375,1,MWI,1997,IHS-I,GPWG,N,c,0,1,0,0,1997,0,1997.83
1.7170162200927734,811.5037841796875,1,MWI,1997,IHS-I,GPWG,N,c,0,1,0,0,1997,0,1997.83
1.6318871974945068,777.5694580078125,1,MWI,1997,IHS-I,GPWG,N,c,0,1,0,0,1997,0,1997.83
2.3755836486816406,606.9550170898438,1,MWI,1997,IHS-I,GPWG,N,c,0,1,0,0,1997,0,1997.83
1.5049092769622803,1916.595458984375,1,MWI,1997,IHS-I,GPWG,N,c,0,1,0,0,1997,0,1997.83
5.902729034423828,1158.9957275390625,1,MWI,1997,IHS-I,GPWG,N,c,0,1,0,0,1997,0,1997.83
4.8664870262146,148.87448120117188,1,MWI,1997,IHS-I,GPWG,N,c,0,1,0,0,1997,0,1997.83
4.218472957611084,2608.515869140625,1,MWI,1997,IHS-I,GPWG,N,c,0,1,0,0,1997,0,1997.83
1.349001407623291,929.010498046875,1,MWI,1997,IHS-I,GPWG,N,c,0,1,0,0,1997,0,1997.83
4.91307258605957,232.25262451171875,1,MWI,1997,IHS-I,GPWG,N,c,0,1,0,0,1997,0,1997.83
0.7955687046051025,1517.3875732421875,1,MWI,1997,IHS-I,GPWG,N,c,0,1,0,0,1997,0,1997.83
2.180560827255249,169.412353515625,1,MWI,1997,IHS-I,GPWG,N,c,0,1,0,0,1997,0,1997.83
3.196134090423584,1339.870361328125,1,MWI,1997,IHS-I,GPWG,N,c,0,1,0,0,1997,0,1997.83
1.332004189491272,1352.5062255859375,1,MWI,1997,IHS-I,GPWG,N,c,0,1,0,0,1997,0,1997.83
3.7500674724578857,631.9783935546875,1,MWI,1997,IHS-I,GPWG,N,c,0,1,0,0,1997,0,1997.83
2.0951149463653564,869.5053100585938,1,MWI,1997,IHS-I,GPWG,N,c,0,1,0,0,1997,0,1997.83
2.6328132152557373,210.65945434570312,1,MWI,1997,IHS-I,GPWG,N,c,0,1,0,0,1997,0,1997.83
1.8073809146881104,561.665283203125,1,MWI,1997,IHS-I,GPWG,N,c,0,1,0,0,1997,0,1997.83
0.8374664783477783,387.2400817871094,1,MWI,1997,IHS-I,GPWG,N,c,0,1,0,0,1997,0,1997.83
1.3146307468414307,842.6378173828125,1,MWI,1997,IHS-I,GPWG,N,c,0,1,0,0,1997,0,1997.83
4.310358047485352,1353.0,1,MWI,1997,IHS-I,GPWG,N,c,0,1,0,0,1997,0,1997.83
1.5151728391647339,958.2977294921875,1,MWI,1997,IHS-I,GPWG,N,c,0,1,0,0,1997,0,1997.83
1.12124502658844,508.237060546875,1,MWI,1997,IHS-I,GPWG,N,c,0,1,0,0,1997,0,1997.83
3.363308906555176,374.4435119628906,1,MWI,1997,IHS-I,GPWG,N,c,0,1,0,0,1997,0,1997.83
1.5608106851577759,677.6494140625,1,MWI,1997,IHS-I,GPWG,N,c,0,1,0,0,1997,0,1997.83
8.893366813659668,753.21337890625,1,MWI,1997,IHS-I,GPWG,N,c,0,1,0,0,1997,0,1997.83
4.928933143615723,148.39999389648438,1,MWI,1997,IHS-I,GPWG,N,c,0,1,0,0,1997,0,1997.83
18.519853591918945,261.0616149902344,1,MWI,1997,IHS-I,GPWG,N,c,0,1,0,0,1997,0,1997.83
1.8283030986785889,455.21624755859375,1,MWI,1997,IHS-I,GPWG,N,c,0,1,0,0,1997,0,1997.83
1.2119848728179932,1263.956787109375,1,MWI,1997,IHS-I,GPWG,N,c,0,1,0,0,1997,0,1997.83
3.155170202255249,1037.5,1,MWI,1997,IHS-I,GPWG,N,c,0,1,0,0,1997,0,1997.83
6.5281291007995605,1044.2464599609375,1,MWI,1997,IHS-I,GPWG,N,c,0,1,0,0,1997,0,1997.83
0.7984075546264648,1506.4267578125,1,MWI,1997,IHS-I,GPWG,N,c,0,1,0,0,1997,0,1997.83
2.844139337539673,750.7426147460938,1,MWI,1997,IHS-I,GPWG,N,c,0,1,0,0,1997,0,1997.83
4.409188747406006,375.3713073730469,1,MWI,1997,IHS-I,GPWG,N,c,0,1,0,0,1997,0,1997.83
2.780458927154541,187.2217559814453,1,MWI,1997,IHS-I,GPWG,N,c,0,1,0,0,1997,0,1997.83
4.065502643585205,1149.770751953125,1,MWI,1997,IHS-I,GPWG,N,c,0,1,0,0,1997,0,1997.83
1.3031617403030396,464.5052490234375,1,MWI,1997,IHS-I,GPWG,N,c,0,1,0,0,1997,0,1997.83
2.4405624866485596,869.5053100585938,1,MWI,1997,IHS-I,GPWG,N,c,0,1,0,0,1997,0,1997.83
3.068225622177124,580.860107421875,1,MWI,1997,IHS-I,GPWG,N,c,0,1,0,0,1997,0,1997.83
4.312770366668701,561.665283203125,1,MWI,1997,IHS-I,GPWG,N,c,0,1,0,0,1997,0,1997.83
2.2094380855560303,303.4775085449219,1,MWI,1997,IHS-I,GPWG,N,c,0,1,0,0,1997,0,1997.83
4.250266075134277,193.6200408935547,1,MWI,1997,IHS-I,GPWG,N,c,0,1,0,0,1997,0,1997.83
2.4577229022979736,632.2781372070312,1,MWI,1997,IHS-I,GPWG,N,c,0,1,0,0,1997,0,1997.83
3.809950590133667,1739.0106201171875,1,MWI,1997,IHS-I,GPWG,N,c,0,1,0,0,1997,0,1997.83
5.032904624938965,1854.3931884765625,1,MWI,1997,IHS-I,GPWG,N,c,0,1,0,0,1997,0,1997.83
17.502714157104492,59.50423812866211,1,MWI,1997,IHS-I,GPWG,N,c,0,1,0,0,1997,0,1997.83
2.418644905090332,151.73875427246094,1,MWI,1997,IHS-I,GPWG,N,c,0,1,0,0,1997,0,1997.83
1.5477269887924194,632.2781372070312,1,MWI,1997,IHS-I,GPWG,N,c,0,1,0,0,1997,0,1997.83
2.9429280757904053,1005.2027587890625,1,MWI,1997,IHS-I,GPWG,N,c,0,1,0,0,1997,0,1997.83
0.7163721919059753,1263.956787109375,1,MWI,1997,IHS-I,GPWG,N,c,0,1,0,0,1997,0,1997.83
2.4113645553588867,668.7169799804688,1,MWI,1997,IHS-I,GPWG,N,c,0,1,0,0,1997,0,1997.83
1.3087236881256104,1062.1712646484375,1,MWI,1997,IHS-I,GPWG,N,c,0,1,0,0,1997,0,1997.83
4.6652936935424805,1689.1708984375,1,MWI,1997,IHS-I,GPWG,N,c,0,1,0,0,1997,0,1997.83
3.662693977355957,297.74896240234375,1,MWI,1997,IHS-I,GPWG,N,c,0,1,0,0,1997,0,1997.83
3.940589666366577,297.74896240234375,1,MWI,1997,IHS-I,GPWG,N,c,0,1,0,0,1997,0,1997.83
1.724169373512268,2164.010009765625,1,MWI,1997,IHS-I,GPWG,N,c,0,1,0,0,1997,0,1997.83
1.1837377548217773,1264.5562744140625,1,MWI,1997,IHS-I,GPWG,N,c,0,1,0,0,1997,0,1997.83
1.5594168901443481,891.6226196289062,1,MWI,1997,IHS-I,GPWG,N,c,0,1,0,0,1997,0,1997.83
1.7250840663909912,1784.013671875,1,MWI,1997,IHS-I,GPWG,N,c,0,1,0,0,1997,0,1997.83
1.6501030921936035,958.2977294921875,1,MWI,1997,IHS-I,GPWG,N,c,0,1,0,0,1997,0,1997.83
6.298969745635986,456.18182373046875,1,MWI,1997,IHS-I,GPWG,N,c,0,1,0,0,1997,0,1997.83
1.8438562154769897,758.6937866210938,1,MWI,1997,IHS-I,GPWG,N,c,0,1,0,0,1997,0,1997.83
1.7740330696105957,929.010498046875,1,MWI,1997,IHS-I,GPWG,N,c,0,1,0,0,1997,0,1997.83
1.243775725364685,648.7322387695312,1,MWI,1997,IHS-I,GPWG,N,c,0,1,0,0,1997,0,1997.83
2.763810396194458,297.74896240234375,1,MWI,1997,IHS-I,GPWG,N,c,0,1,0,0,1997,0,1997.83
3.0325121879577637,632.2781372070312,1,MWI,1997,IHS-I,GPWG,N,c,0,1,0,0,1997,0,1997.83
16.394758224487305,226.5319061279297,1,MWI,1997,IHS-I,GPWG,N,c,0,1,0,0,1997,0,1997.83
3.7770910263061523,811.5037841796875,1,MWI,1997,IHS-I,GPWG,N,c,0,1,0,0,1997,0,1997.83
1.2732470035552979,631.9783935546875,1,MWI,1997,IHS-I,GPWG,N,c,0,1,0,0,1997,0,1997.83
1.6342579126358032,847.061767578125,1,MWI,1997,IHS-I,GPWG,N,c,0,1,0,0,1997,0,1997.83
0.8425961136817932,1757.4979248046875,1,MWI,1997,IHS-I,GPWG,N,c,0,1,0,0,1997,0,1997.83
2.6784114837646484,1161.72021484375,1,MWI,1997,IHS-I,GPWG,N,c,0,1,0,0,1997,0,1997.83
4.708477020263672,1053.2972412109375,1,MWI,1997,IHS-I,GPWG,N,c,0,1,0,0,1997,0,1997.83
3.353015899658203,162.1830596923828,1,MWI,1997,IHS-I,GPWG,N,c,0,1,0,0,1997,0,1997.83
4.548854827880859,1376.80517578125,1,MWI,1997,IHS-I,GPWG,N,c,0,1,0,0,1997,0,1997.83
0.34626665711402893,774.4801635742188,1,MWI,1997,IHS-I,GPWG,N,c,0,1,0,0,1997,0,1997.83
3.722203254699707,387.2400817871094,1,MWI,1997,IHS-I,GPWG,N,c,0,1,0,0,1997,0,1997.83
1.078081727027893,2395.744384765625,1,MWI,1997,IHS-I,GPWG,N,c,0,1,0,0,1997,0,1997.83
2.214581251144409,1566.36962890625,1,MWI,1997,IHS-I,GPWG,N,c,0,1,0,0,1997,0,1997.83
3.0706396102905273,590.059326171875,1,MWI,1997,IHS-I,GPWG,N,c,0,1,0,0,1997,0,1997.83
1.313865303993225,210.75938415527344,1,MWI,1997,IHS-I,GPWG,N,c,0,1,0,0,1997,0,1997.83
21.86054039001465,148.39999389648438,1,MWI,1997,IHS-I,GPWG,N,c,0,1,0,0,1997,0,1997.83
2.139723300933838,632.2781372070312,1,MWI,1997,IHS-I,GPWG,N,c,0,1,0,0,1997,0,1997.83
1.4833526611328125,1548.9603271484375,1,MWI,1997,IHS-I,GPWG,N,c,0,1,0,0,1997,0,1997.83
2.7672672271728516,1165.269775390625,1,MWI,1997,IHS-I,GPWG,N,c,0,1,0,0,1997,0,1997.83
3.7090837955474854,303.4775085449219,1,MWI,1997,IHS-I,GPWG,N,c,0,1,0,0,1997,0,1997.83
1.1185015439987183,1895.93505859375,1,MWI,1997,IHS-I,GPWG,N,c,0,1,0,0,1997,0,1997.83
5.7907915115356445,1305.30810546875,1,MWI,1997,IHS-I,GPWG,N,c,0,1,0,0,1997,0,1997.83
1.1222991943359375,1475.315673828125,1,MWI,1997,IHS-I,GPWG,N,c,0,1,0,0,1997,0,1997.83
3.0729379653930664,632.2781372070312,1,MWI,1997,IHS-I,GPWG,N,c,0,1,0,0,1997,0,1997.83
8.099254608154297,261.0616149902344,1,MWI,1997,IHS-I,GPWG,N,c,0,1,0,0,1997,0,1997.83
2.834684133529663,210.75938415527344,1,MWI,1997,IHS-I,GPWG,N,c,0,1,0,0,1997,0,1997.83
21.64124870300293,590.059326171875,1,MWI,1997,IHS-I,GPWG,N,c,0,1,0,0,1997,0,1997.83
1.513433814048767,748.8870239257812,1,MWI,1997,IHS-I,GPWG,N,c,0,1,0,0,1997,0,1997.83
10.791699409484863,75.51063537597656,1,MWI,1997,IHS-I,GPWG,N,c,0,1,0,0,1997,0,1997.83
1.4574238061904907,1507.80419921875,1,MWI,1997,IHS-I,GPWG,N,c,0,1,0,0,1997,0,1997.83
3.6434566974639893,561.665283203125,1,MWI,1997,IHS-I,GPWG,N,c,0,1,0,0,1997,0,1997.83
2.386604070663452,919.816650390625,1,MWI,1997,IHS-I,GPWG,N,c,0,1,0,0,1997,0,1997.83
1.4479795694351196,869.5053100585938,1,MWI,1997,IHS-I,GPWG,N,c,0,1,0,0,1997,0,1997.83
1.6821880340576172,1475.315673828125,1,MWI,1997,IHS-I,GPWG,N,c,0,1,0,0,1997,0,1997.83
1.1686545610427856,1839.63330078125,1,MWI,1997,IHS-I,GPWG,N,c,0,1,0,0,1997,0,1997.83
6.438891410827637,1158.9957275390625,1,MWI,1997,IHS-I,GPWG,N,c,0,1,0,0,1997,0,1997.83
3.332575798034668,632.2781372070312,1,MWI,1997,IHS-I,GPWG,N,c,0,1,0,0,1997,0,1997.83
5.379639148712158,226.5319061279297,1,MWI,1997,IHS-I,GPWG,N,c,0,1,0,0,1997,0,1997.83
1.1141835451126099,1390.794921875,1,MWI,1997,IHS-I,GPWG,N,c,0,1,0,0,1997,0,1997.83
22.070558547973633,151.02127075195312,1,MWI,1997,IHS-I,GPWG,N,c,0,1,0,0,1997,0,1997.83
1.3442821502685547,387.2400817871094,1,MWI,1997,IHS-I,GPWG,N,c,0,1,0,0,1997,0,1997.83
6.243033409118652,421.31890869140625,1,MWI,1997,IHS-I,GPWG,N,c,0,1,0,0,1997,0,1997.83
0.7797465920448303,1264.5562744140625,1,MWI,1997,IHS-I,GPWG,N,c,0,1,0,0,1997,0,1997.83
1.0185163021087646,1016.47412109375,1,MWI,1997,IHS-I,GPWG,N,c,0,1,0,0,1997,0,1997.83
1.5473674535751343,927.1965942382812,1,MWI,1997,IHS-I,GPWG,N,c,0,1,0,0,1997,0,1997.83
1.1949436664581299,455.21624755859375,1,MWI,1997,IHS-I,GPWG,N,c,0,1,0,0,1997,0,1997.83
2.8134689331054688,4510.0,1,MWI,1997,IHS-I,GPWG,N,c,0,1,0,0,1997,0,1997.83
1.1102559566497803,348.3789367675781,1,MWI,1997,IHS-I,GPWG,N,c,0,1,0,0,1997,0,1997.83
1.9410505294799805,561.665283203125,1,MWI,1997,IHS-I,GPWG,N,c,0,1,0,0,1997,0,1997.83
5.939741611480713,563.0569458007812,1,MWI,1997,IHS-I,GPWG,N,c,0,1,0,0,1997,0,1997.83
1.5571552515029907,455.21624755859375,1,MWI,1997,IHS-I,GPWG,N,c,0,1,0,0,1997,0,1997.83
30.006107330322266,1180.11865234375,1,MWI,1997,IHS-I,GPWG,N,c,0,1,0,0,1997,0,1997.83
2.3707258701324463,580.860107421875,1,MWI,1997,IHS-I,GPWG,N,c,0,1,0,0,1997,0,1997.83
1.143239140510559,348.3789367675781,1,MWI,1997,IHS-I,GPWG,N,c,0,1,0,0,1997,0,1997.83
2.8526368141174316,1942.1162109375,1,MWI,1997,IHS-I,GPWG,N,c,0,1,0,0,1997,0,1997.83
6.496665000915527,1053.796875,1,MWI,1997,IHS-I,GPWG,N,c,0,1,0,0,1997,0,1997.83
7.396088600158691,303.4775085449219,1,MWI,1997,IHS-I,GPWG,N,c,0,1,0,0,1997,0,1997.83
3.1989338397979736,1044.2464599609375,1,MWI,1997,IHS-I,GPWG,N,c,0,1,0,0,1997,0,1997.83
0.7922276258468628,2069.58740234375,1,MWI,1997,IHS-I,GPWG,N,c,0,1,0,0,1997,0,1997.83
2.8673551082611084,744.3724365234375,1,MWI,1997,IHS-I,GPWG,N,c,0,1,0,0,1997,0,1997.83
3.622833490371704,1573.4915771484375,1,MWI,1997,IHS-I,GPWG,N,c,0,1,0,0,1997,0,1997.83
10.708474159240723,59.50423812866211,1,MWI,1997,IHS-I,GPWG,N,c,0,1,0,0,1997,0,1997.83
1.714257001876831,843.0375366210938,1,MWI,1997,IHS-I,GPWG,N,c,0,1,0,0,1997,0,1997.83
1.086243987083435,2330.53955078125,1,MWI,1997,IHS-I,GPWG,N,c,0,1,0,0,1997,0,1997.83
1.7857133150100708,1053.2972412109375,1,MWI,1997,IHS-I,GPWG,N,c,0,1,0,0,1997,0,1997.83
3.146205425262451,2246.6611328125,1,MWI,1997,IHS-I,GPWG,N,c,0,1,0,0,1997,0,1997.83
0.5016429424285889,842.6378173828125,1,MWI,1997,IHS-I,GPWG,N,c,0,1,0,0,1997,0,1997.83
1.818518042564392,1577.0999755859375,1,MWI,1997,IHS-I,GPWG,N,c,0,1,0,0,1997,0,1997.83
1.338890552520752,1916.595458984375,1,MWI,1997,IHS-I,GPWG,N,c,0,1,0,0,1997,0,1997.83
16.00481605529785,297.52117919921875,1,MWI,1997,IHS-I,GPWG,N,c,0,1,0,0,1997,0,1997.83
2.8001396656036377,695.3974609375,1,MWI,1997,IHS-I,GPWG,N,c,0,1,0,0,1997,0,1997.83
5.583671569824219,151.73875427246094,1,MWI,1997,IHS-I,GPWG,N,c,0,1,0,0,1997,0,1997.83
1.7155780792236328,570.227294921875,1,MWI,1997,IHS-I,GPWG,N,c,0,1,0,0,1997,0,1997.83
1.0176645517349243,1264.5562744140625,1,MWI,1997,IHS-I,GPWG,N,c,0,1,0,0,1997,0,1997.83
5.005443572998047,2391.1396484375,1,MWI,1997,IHS-I,GPWG,N,c,0,1,0,0,1997,0,1997.83
0.9008355736732483,812.8841552734375,1,MWI,1997,IHS-I,GPWG,N,c,0,1,0,0,1997,0,1997.83
2.539372444152832,777.5694580078125,1,MWI,1997,IHS-I,GPWG,N,c,0,1,0,0,1997,0,1997.83
2.8191370964050293,508.237060546875,1,MWI,1997,IHS-I,GPWG,N,c,0,1,0,0,1997,0,1997.83
1.5212186574935913,2330.53955078125,1,MWI,1997,IHS-I,GPWG,N,c,0,1,0,0,1997,0,1997.83
1.7150334119796753,338.82470703125,1,MWI,1997,IHS-I,GPWG,N,c,0,1,0,0,1997,0,1997.83
42.98750686645508,522.1232299804688,1,MWI,1997,IHS-I,GPWG,N,c,0,1,0,0,1997,0,1997.83
8.208332061767578,459.9083251953125,1,MWI,1997,IHS-I,GPWG,N,c,0,1,0,0,1997,0,1997.83
12.231657981872559,196.6864471435547,1,MWI,1997,IHS-I,GPWG,N,c,0,1,0,0,1997,0,1997.83
17.972686767578125,786.7457885742188,1,MWI,1997,IHS-I,GPWG,N,c,0,1,0,0,1997,0,1997.83
6.987456798553467,446.6234436035156,1,MWI,1997,IHS-I,GPWG,N,c,0,1,0,0,1997,0,1997.83
2.692265748977661,1507.80419921875,1,MWI,1997,IHS-I,GPWG,N,c,0,1,0,0,1997,0,1997.83
1.1173781156539917,1165.269775390625,1,MWI,1997,IHS-I,GPWG,N,c,0,1,0,0,1997,0,1997.83
1.590078592300415,348.3789367675781,1,MWI,1997,IHS-I,GPWG,N,c,0,1,0,0,1997,0,1997.83
1.7748017311096191,486.5491943359375,1,MWI,1997,IHS-I,GPWG,N,c,0,1,0,0,1997,0,1997.83
1.237609624862671,1005.2027587890625,1,MWI,1997,IHS-I,GPWG,N,c,0,1,0,0,1997,0,1997.83
2.3014519214630127,1355.298828125,1,MWI,1997,IHS-I,GPWG,N,c,0,1,0,0,1997,0,1997.83
3.152846574783325,1005.2027587890625,1,MWI,1997,IHS-I,GPWG,N,c,0,1,0,0,1997,0,1997.83
5.225007057189941,297.74896240234375,1,MWI,1997,IHS-I,GPWG,N,c,0,1,0,0,1997,0,1997.83
1.8289510011672974,2330.53955078125,1,MWI,1997,IHS-I,GPWG,N,c,0,1,0,0,1997,0,1997.83
28.098806381225586,786.7457885742188,1,MWI,1997,IHS-I,GPWG,N,c,0,1,0,0,1997,0,1997.83
1.9587241411209106,561.665283203125,1,MWI,1997,IHS-I,GPWG,N,c,0,1,0,0,1997,0,1997.83
6.818258762359619,812.8841552734375,1,MWI,1997,IHS-I,GPWG,N,c,0,1,0,0,1997,0,1997.83
4.824821472167969,251.30068969726562,1,MWI,1997,IHS-I,GPWG,N,c,0,1,0,0,1997,0,1997.83
17.333999633789062,1566.36962890625,1,MWI,1997,IHS-I,GPWG,N,c,0,1,0,0,1997,0,1997.83
4.348811149597168,210.75938415527344,1,MWI,1997,IHS-I,GPWG,N,c,0,1,0,0,1997,0,1997.83
5.506446361541748,231.7991485595703,1,MWI,1997,IHS-I,GPWG,N,c,0,1,0,0,1997,0,1997.83
1.8986599445343018,151.73875427246094,1,MWI,1997,IHS-I,GPWG,N,c,0,1,0,0,1997,0,1997.83
1.9065607786178589,324.3661193847656,1,MWI,1997,IHS-I,GPWG,N,c,0,1,0,0,1997,0,1997.83
1.4219342470169067,1016.47412109375,1,MWI,1997,IHS-I,GPWG,N,c,0,1,0,0,1997,0,1997.83
2.3492178916931152,843.0375366210938,1,MWI,1997,IHS-I,GPWG,N,c,0,1,0,0,1997,0,1997.83
4.335797309875488,1854.3931884765625,1,MWI,1997,IHS-I,GPWG,N,c,0,1,0,0,1997,0,1997.83
2.362192153930664,508.237060546875,1,MWI,1997,IHS-I,GPWG,N,c,0,1,0,0,1997,0,1997.83
1.8005712032318115,958.2977294921875,1,MWI,1997,IHS-I,GPWG,N,c,0,1,0,0,1997,0,1997.83
2.2693965435028076,580.631591796875,1,MWI,1997,IHS-I,GPWG,N,c,0,1,0,0,1997,0,1997.83
1.799045443534851,1053.796875,1,MWI,1997,IHS-I,GPWG,N,c,0,1,0,0,1997,0,1997.83
3.892956018447876,1437.446533203125,1,MWI,1997,IHS-I,GPWG,N,c,0,1,0,0,1997,0,1997.83
1.0842610597610474,1893.5087890625,1,MWI,1997,IHS-I,GPWG,N,c,0,1,0,0,1997,0,1997.83
7.2507524490356445,590.059326171875,1,MWI,1997,IHS-I,GPWG,N,c,0,1,0,0,1997,0,1997.83
1.0825488567352295,1264.5562744140625,1,MWI,1997,IHS-I,GPWG,N,c,0,1,0,0,1997,0,1997.83
0.5592215657234192,1352.5062255859375,1,MWI,1997,IHS-I,GPWG,N,c,0,1,0,0,1997,0,1997.83
1.8293838500976562,421.5187683105469,1,MWI,1997,IHS-I,GPWG,N,c,0,1,0,0,1997,0,1997.83
2.0685694217681885,1037.5,1,MWI,1997,IHS-I,GPWG,N,c,0,1,0,0,1997,0,1997.83
4.69252347946167,1376.80517578125,1,MWI,1997,IHS-I,GPWG,N,c,0,1,0,0,1997,0,1997.83
0.9679251313209534,696.7578735351562,1,MWI,1997,IHS-I,GPWG,N,c,0,1,0,0,1997,0,1997.83
3.3570809364318848,1158.9957275390625,1,MWI,1997,IHS-I,GPWG,N,c,0,1,0,0,1997,0,1997.83
0.8679378628730774,1082.0050048828125,1,MWI,1997,IHS-I,GPWG,N,c,0,1,0,0,1997,0,1997.83
1.5839099884033203,464.5052490234375,1,MWI,1997,IHS-I,GPWG,N,c,0,1,0,0,1997,0,1997.83
1.4596679210662842,677.6494140625,1,MWI,1997,IHS-I,GPWG,N,c,0,1,0,0,1997,0,1997.83
13.067612648010254,786.7457885742188,1,MWI,1997,IHS-I,GPWG,N,c,0,1,0,0,1997,0,1997.83
2.423941135406494,1609.67919921875,1,MWI,1997,IHS-I,GPWG,N,c,0,1,0,0,1997,0,1997.83
0.8575127720832825,2434.51123046875,1,MWI,1997,IHS-I,GPWG,N,c,0,1,0,0,1997,0,1997.83
2.5486342906951904,338.82470703125,1,MWI,1997,IHS-I,GPWG,N,c,0,1,0,0,1997,0,1997.83
5.834980010986328,151.02127075195312,1,MWI,1997,IHS-I,GPWG,N,c,0,1,0,0,1997,0,1997.83
2.398791790008545,324.3661193847656,1,MWI,1997,IHS-I,GPWG,N,c,0,1,0,0,1997,0,1997.83
1.7569396495819092,753.902099609375,1,MWI,1997,IHS-I,GPWG,N,c,0,1,0,0,1997,0,1997.83
1.2559205293655396,938.4282836914062,1,MWI,1997,IHS-I,GPWG,N,c,0,1,0,0,1997,0,1997.83
9.048088073730469,297.52117919921875,1,MWI,1997,IHS-I,GPWG,N,c,0,1,0,0,1997,0,1997.83
3.9956579208374023,357.0254211425781,1,MWI,1997,IHS-I,GPWG,N,c,0,1,0,0,1997,0,1997.83
1.5702377557754517,1264.5562744140625,1,MWI,1997,IHS-I,GPWG,N,c,0,1,0,0,1997,0,1997.83
1.5446497201919556,590.059326171875,1,MWI,1997,IHS-I,GPWG,N,c,0,1,0,0,1997,0,1997.83
1.4914323091506958,1005.2027587890625,1,MWI,1997,IHS-I,GPWG,N,c,0,1,0,0,1997,0,1997.83
40.73221969604492,983.4322509765625,1,MWI,1997,IHS-I,GPWG,N,c,0,1,0,0,1997,0,1997.83
1.080198884010315,968.1002197265625,1,MWI,1997,IHS-I,GPWG,N,c,0,1,0,0,1997,0,1997.83
5.223555564880371,261.0616149902344,1,MWI,1997,IHS-I,GPWG,N,c,0,1,0,0,1997,0,1997.83
11.67451000213623,1305.30810546875,1,MWI,1997,IHS-I,GPWG,N,c,0,1,0,0,1997,0,1997.83
1.3451082706451416,387.2400817871094,1,MWI,1997,IHS-I,GPWG,N,c,0,1,0,0,1997,0,1997.83
3.435300350189209,750.7426147460938,1,MWI,1997,IHS-I,GPWG,N,c,0,1,0,0,1997,0,1997.83
2.5271172523498535,606.9550170898438,1,MWI,1997,IHS-I,GPWG,N,c,0,1,0,0,1997,0,1997.83
0.6197992563247681,1942.1162109375,1,MWI,1997,IHS-I,GPWG,N,c,0,1,0,0,1997,0,1997.83
4.0576019287109375,774.4801635742188,1,MWI,1997,IHS-I,GPWG,N,c,0,1,0,0,1997,0,1997.83
1.407665729522705,606.9550170898438,1,MWI,1997,IHS-I,GPWG,N,c,0,1,0,0,1997,0,1997.83
76.0762710571289,196.6864471435547,1,MWI,1997,IHS-I,GPWG,N,c,0,1,0,0,1997,0,1997.83
1.3884637355804443,1313.799560546875,1,MWI,1997,IHS-I,GPWG,N,c,0,1,0,0,1997,0,1997.83
2.394503116607666,464.5052490234375,1,MWI,1997,IHS-I,GPWG,N,c,0,1,0,0,1997,0,1997.83
0.8983485698699951,847.061767578125,1,MWI,1997,IHS-I,GPWG,N,c,0,1,0,0,1997,0,1997.83
1.4042879343032837,843.0375366210938,1,MWI,1997,IHS-I,GPWG,N,c,0,1,0,0,1997,0,1997.83
3.8102688789367676,774.4801635742188,1,MWI,1997,IHS-I,GPWG,N,c,0,1,0,0,1997,0,1997.83
2.3599278926849365,570.227294921875,1,MWI,1997,IHS-I,GPWG,N,c,0,1,0,0,1997,0,1997.83
1.7072374820709229,2874.89306640625,1,MWI,1997,IHS-I,GPWG,N,c,0,1,0,0,1997,0,1997.83
3.4242467880249023,476.0339050292969,1,MWI,1997,IHS-I,GPWG,N,c,0,1,0,0,1997,0,1997.83
10.553958892822266,261.0616149902344,1,MWI,1997,IHS-I,GPWG,N,c,0,1,0,0,1997,0,1997.83
2.0619585514068604,232.25262451171875,1,MWI,1997,IHS-I,GPWG,N,c,0,1,0,0,1997,0,1997.83
4.916929721832275,464.5052490234375,1,MWI,1997,IHS-I,GPWG,N,c,0,1,0,0,1997,0,1997.83
1.4075146913528442,1045.1368408203125,1,MWI,1997,IHS-I,GPWG,N,c,0,1,0,0,1997,0,1997.83
1.576789140701294,1623.007568359375,1,MWI,1997,IHS-I,GPWG,N,c,0,1,0,0,1997,0,1997.83
2.4091880321502686,479.14886474609375,1,MWI,1997,IHS-I,GPWG,N,c,0,1,0,0,1997,0,1997.83
2.8273074626922607,421.5187683105469,1,MWI,1997,IHS-I,GPWG,N,c,0,1,0,0,1997,0,1997.83
1.6048855781555176,1352.5062255859375,1,MWI,1997,IHS-I,GPWG,N,c,0,1,0,0,1997,0,1997.83
2.0140347480773926,1185.886474609375,1,MWI,1997,IHS-I,GPWG,N,c,0,1,0,0,1997,0,1997.83
1.462984323501587,677.6494140625,1,MWI,1997,IHS-I,GPWG,N,c,0,1,0,0,1997,0,1997.83
2.0697550773620605,348.3789367675781,1,MWI,1997,IHS-I,GPWG,N,c,0,1,0,0,1997,0,1997.83
2.4938080310821533,1521.63427734375,1,MWI,1997,IHS-I,GPWG,N,c,0,1,0,0,1997,0,1997.83
1.8406728506088257,1548.9603271484375,1,MWI,1997,IHS-I,GPWG,N,c,0,1,0,0,1997,0,1997.83
1.6659806966781616,1053.796875,1,MWI,1997,IHS-I,GPWG,N,c,0,1,0,0,1997,0,1997.83
2.6731436252593994,1053.796875,1,MWI,1997,IHS-I,GPWG,N,c,0,1,0,0,1997,0,1997.83
1.649887204170227,631.9783935546875,1,MWI,1997,IHS-I,GPWG,N,c,0,1,0,0,1997,0,1997.83
3.6519947052001953,2006.15087890625,1,MWI,1997,IHS-I,GPWG,N,c,0,1,0,0,1997,0,1997.83
1.2627462148666382,1264.5562744140625,1,MWI,1997,IHS-I,GPWG,N,c,0,1,0,0,1997,0,1997.83
2.8780393600463867,324.3661193847656,1,MWI,1997,IHS-I,GPWG,N,c,0,1,0,0,1997,0,1997.83
2.47617244720459,632.2781372070312,1,MWI,1997,IHS-I,GPWG,N,c,0,1,0,0,1997,0,1997.83
4.951735496520996,393.3728942871094,1,MWI,1997,IHS-I,GPWG,N,c,0,1,0,0,1997,0,1997.83
1.5410643815994263,1158.9957275390625,1,MWI,1997,IHS-I,GPWG,N,c,0,1,0,0,1997,0,1997.83
2.8538522720336914,518.379638671875,1,MWI,1997,IHS-I,GPWG,N,c,0,1,0,0,1997,0,1997.83
1.1036914587020874,1082.0050048828125,1,MWI,1997,IHS-I,GPWG,N,c,0,1,0,0,1997,0,1997.83
4.114321231842041,1506.4267578125,1,MWI,1997,IHS-I,GPWG,N,c,0,1,0,0,1997,0,1997.83
1.5943055152893066,842.6378173828125,1,MWI,1997,IHS-I,GPWG,N,c,0,1,0,0,1997,0,1997.83
0.8994114398956299,847.061767578125,1,MWI,1997,IHS-I,GPWG,N,c,0,1,0,0,1997,0,1997.83
1.7187352180480957,238.01695251464844,1,MWI,1997,IHS-I,GPWG,N,c,0,1,0,0,1997,0,1997.83
1.177033543586731,1005.2027587890625,1,MWI,1997,IHS-I,GPWG,N,c,0,1,0,0,1997,0,1997.83
4.212287902832031,919.816650390625,1,MWI,1997,IHS-I,GPWG,N,c,0,1,0,0,1997,0,1997.83
16.640811920166016,1126.1138916015625,1,MWI,1997,IHS-I,GPWG,N,c,0,1,0,0,1997,0,1997.83
2.338472604751587,1053.796875,1,MWI,1997,IHS-I,GPWG,N,c,0,1,0,0,1997,0,1997.83
5.643081188201904,259.375,1,MWI,1997,IHS-I,GPWG,N,c,0,1,0,0,1997,0,1997.83
2.310746192932129,232.25262451171875,1,MWI,1997,IHS-I,GPWG,N,c,0,1,0,0,1997,0,1997.83
2.7321367263793945,1037.5,1,MWI,1997,IHS-I,GPWG,N,c,0,1,0,0,1997,0,1997.83
1.3326969146728516,1053.796875,1,MWI,1997,IHS-I,GPWG,N,c,0,1,0,0,1997,0,1997.83
2.032024621963501,324.3661193847656,1,MWI,1997,IHS-I,GPWG,N,c,0,1,0,0,1997,0,1997.83
3.265183925628662,606.9550170898438,1,MWI,1997,IHS-I,GPWG,N,c,0,1,0,0,1997,0,1997.83
2.3993637561798096,677.6494140625,1,MWI,1997,IHS-I,GPWG,N,c,0,1,0,0,1997,0,1997.83
0.7480544447898865,1548.9603271484375,1,MWI,1997,IHS-I,GPWG,N,c,0,1,0,0,1997,0,1997.83
1.1383012533187866,1839.63330078125,1,MWI,1997,IHS-I,GPWG,N,c,0,1,0,0,1997,0,1997.83
0.8008006811141968,1893.5087890625,1,MWI,1997,IHS-I,GPWG,N,c,0,1,0,0,1997,0,1997.83
4.200976848602295,375.3713073730469,1,MWI,1997,IHS-I,GPWG,N,c,0,1,0,0,1997,0,1997.83
1.3976478576660156,869.5053100585938,1,MWI,1997,IHS-I,GPWG,N,c,0,1,0,0,1997,0,1997.83
6.348898887634277,893.2468872070312,1,MWI,1997,IHS-I,GPWG,N,c,0,1,0,0,1997,0,1997.83
3.723543882369995,1256.50341796875,1,MWI,1997,IHS-I,GPWG,N,c,0,1,0,0,1997,0,1997.83
5.119605541229248,446.6234436035156,1,MWI,1997,IHS-I,GPWG,N,c,0,1,0,0,1997,0,1997.83
1.6216611862182617,476.0339050292969,1,MWI,1997,IHS-I,GPWG,N,c,0,1,0,0,1997,0,1997.83
3.760085344314575,1086.881591796875,1,MWI,1997,IHS-I,GPWG,N,c,0,1,0,0,1997,0,1997.83
2.4791862964630127,593.5999755859375,1,MWI,1997,IHS-I,GPWG,N,c,0,1,0,0,1997,0,1997.83
1.2301580905914307,1759.1048583984375,1,MWI,1997,IHS-I,GPWG,N,c,0,1,0,0,1997,0,1997.83
23.821136474609375,1827.4312744140625,1,MWI,1997,IHS-I,GPWG,N,c,0,1,0,0,1997,0,1997.83
1.2216418981552124,1459.6475830078125,1,MWI,1997,IHS-I,GPWG,N,c,0,1,0,0,1997,0,1997.83
1.4819891452789307,810.915283203125,1,MWI,1997,IHS-I,GPWG,N,c,0,1,0,0,1997,0,1997.83
3.130106210708618,508.237060546875,1,MWI,1997,IHS-I,GPWG,N,c,0,1,0,0,1997,0,1997.83
3.093639373779297,541.0025024414062,1,MWI,1997,IHS-I,GPWG,N,c,0,1,0,0,1997,0,1997.83
2.362537384033203,302.04254150390625,1,MWI,1997,IHS-I,GPWG,N,c,0,1,0,0,1997,0,1997.83
0.6964675784111023,774.4801635742188,1,MWI,1997,IHS-I,GPWG,N,c,0,1,0,0,1997,0,1997.83
0.8542982339859009,580.860107421875,1,MWI,1997,IHS-I,GPWG,N,c,0,1,0,0,1997,0,1997.83
2.856341600418091,463.5982971191406,1,MWI,1997,IHS-I,GPWG,N,c,0,1,0,0,1997,0,1997.83
2.129915714263916,1475.315673828125,1,MWI,1997,IHS-I,GPWG,N,c,0,1,0,0,1997,0,1997.83
2.360503911972046,421.31890869140625,1,MWI,1997,IHS-I,GPWG,N,c,0,1,0,0,1997,0,1997.83
6.406192779541016,1686.0750732421875,1,MWI,1997,IHS-I,GPWG,N,c,0,1,0,0,1997,0,1997.83
4.551854133605957,116.12631225585938,1,MWI,1997,IHS-I,GPWG,N,c,0,1,0,0,1997,0,1997.83
5.925784111022949,196.6864471435547,1,MWI,1997,IHS-I,GPWG,N,c,0,1,0,0,1997,0,1997.83
0.758672833442688,1524.711181640625,1,MWI,1997,IHS-I,GPWG,N,c,0,1,0,0,1997,0,1997.83
2.1806211471557617,1161.72021484375,1,MWI,1997,IHS-I,GPWG,N,c,0,1,0,0,1997,0,1997.83
2.372370719909668,842.6378173828125,1,MWI,1997,IHS-I,GPWG,N,c,0,1,0,0,1997,0,1997.83
3.010286808013916,446.6234436035156,1,MWI,1997,IHS-I,GPWG,N,c,0,1,0,0,1997,0,1997.83
1.6681855916976929,847.061767578125,1,MWI,1997,IHS-I,GPWG,N,c,0,1,0,0,1997,0,1997.83
3.5114407539367676,187.2217559814453,1,MWI,1997,IHS-I,GPWG,N,c,0,1,0,0,1997,0,1997.83
1.9285781383514404,1053.796875,1,MWI,1997,IHS-I,GPWG,N,c,0,1,0,0,1997,0,1997.83
6.847622394561768,178.51271057128906,1,MWI,1997,IHS-I,GPWG,N,c,0,1,0,0,1997,0,1997.83
2.484318256378174,238.01695251464844,1,MWI,1997,IHS-I,GPWG,N,c,0,1,0,0,1997,0,1997.83
41.792724609375,1180.11865234375,1,MWI,1997,IHS-I,GPWG,N,c,0,1,0,0,1997,0,1997.83
2.244910717010498,1686.0750732421875,1,MWI,1997,IHS-I,GPWG,N,c,0,1,0,0,1997,0,1997.83
4.116380214691162,434.7526550292969,1,MWI,1997,IHS-I,GPWG,N,c,0,1,0,0,1997,0,1997.83
1.7531511783599854,387.2400817871094,1,MWI,1997,IHS-I,GPWG,N,c,0,1,0,0,1997,0,1997.83
3.4021332263946533,774.4801635742188,1,MWI,1997,IHS-I,GPWG,N,c,0,1,0,0,1997,0,1997.83
2.0408360958099365,421.31890869140625,1,MWI,1997,IHS-I,GPWG,N,c,0,1,0,0,1997,0,1997.83
1.5505743026733398,303.4775085449219,1,MWI,1997,IHS-I,GPWG,N,c,0,1,0,0,1997,0,1997.83
1.4328656196594238,1759.1048583984375,1,MWI,1997,IHS-I,GPWG,N,c,0,1,0,0,1997,0,1997.83
1.9366869926452637,811.5037841796875,1,MWI,1997,IHS-I,GPWG,N,c,0,1,0,0,1997,0,1997.83
2.2889323234558105,1004.2845458984375,1,MWI,1997,IHS-I,GPWG,N,c,0,1,0,0,1997,0,1997.83
1.3299767971038818,843.0375366210938,1,MWI,1997,IHS-I,GPWG,N,c,0,1,0,0,1997,0,1997.83
1.3336838483810425,1560.339599609375,1,MWI,1997,IHS-I,GPWG,N,c,0,1,0,0,1997,0,1997.83
0.7510837912559509,631.9783935546875,1,MWI,1997,IHS-I,GPWG,N,c,0,1,0,0,1997,0,1997.83
0.4209255874156952,631.9783935546875,1,MWI,1997,IHS-I,GPWG,N,c,0,1,0,0,1997,0,1997.83
3.7081329822540283,210.75938415527344,1,MWI,1997,IHS-I,GPWG,N,c,0,1,0,0,1997,0,1997.83
7.134780406951904,75.51063537597656,1,MWI,1997,IHS-I,GPWG,N,c,0,1,0,0,1997,0,1997.83
2.7528088092803955,570.227294921875,1,MWI,1997,IHS-I,GPWG,N,c,0,1,0,0,1997,0,1997.83
2.645437002182007,434.7526550292969,1,MWI,1997,IHS-I,GPWG,N,c,0,1,0,0,1997,0,1997.83
1.819863200187683,891.6226196289062,1,MWI,1997,IHS-I,GPWG,N,c,0,1,0,0,1997,0,1997.83
1.4220346212387085,774.4801635742188,1,MWI,1997,IHS-I,GPWG,N,c,0,1,0,0,1997,0,1997.83
0.707107663154602,606.9550170898438,1,MWI,1997,IHS-I,GPWG,N,c,0,1,0,0,1997,0,1997.83
9.648235321044922,1305.30810546875,1,MWI,1997,IHS-I,GPWG,N,c,0,1,0,0,1997,0,1997.83
7.61848783493042,1305.30810546875,1,MWI,1997,IHS-I,GPWG,N,c,0,1,0,0,1997,0,1997.83
5.934466361999512,357.0254211425781,1,MWI,1997,IHS-I,GPWG,N,c,0,1,0,0,1997,0,1997.83
1.8604609966278076,518.379638671875,1,MWI,1997,IHS-I,GPWG,N,c,0,1,0,0,1997,0,1997.83
5.975643634796143,114.04545593261719,1,MWI,1997,IHS-I,GPWG,N,c,0,1,0,0,1997,0,1997.83
1.450238585472107,842.6378173828125,1,MWI,1997,IHS-I,GPWG,N,c,0,1,0,0,1997,0,1997.83
1.2664690017700195,1916.595458984375,1,MWI,1997,IHS-I,GPWG,N,c,0,1,0,0,1997,0,1997.83
0.7743259072303772,232.25262451171875,1,MWI,1997,IHS-I,GPWG,N,c,0,1,0,0,1997,0,1997.83
1.5319664478302002,1507.80419921875,1,MWI,1997,IHS-I,GPWG,N,c,0,1,0,0,1997,0,1997.83
1.804523229598999,936.1087646484375,1,MWI,1997,IHS-I,GPWG,N,c,0,1,0,0,1997,0,1997.83
1.3264110088348389,303.4775085449219,1,MWI,1997,IHS-I,GPWG,N,c,0,1,0,0,1997,0,1997.83
0.9427140355110168,606.9550170898438,1,MWI,1997,IHS-I,GPWG,N,c,0,1,0,0,1997,0,1997.83
1.9941484928131104,375.3713073730469,1,MWI,1997,IHS-I,GPWG,N,c,0,1,0,0,1997,0,1997.83
4.785343170166016,4059.0,1,MWI,1997,IHS-I,GPWG,N,c,0,1,0,0,1997,0,1997.83
2.8787872791290283,116.12631225585938,1,MWI,1997,IHS-I,GPWG,N,c,0,1,0,0,1997,0,1997.83
2.8443543910980225,518.75,1,MWI,1997,IHS-I,GPWG,N,c,0,1,0,0,1997,0,1997.83
1.5515341758728027,1062.1712646484375,1,MWI,1997,IHS-I,GPWG,N,c,0,1,0,0,1997,0,1997.83
4.425919055938721,518.75,1,MWI,1997,IHS-I,GPWG,N,c,0,1,0,0,1997,0,1997.83
1.8518697023391724,843.0375366210938,1,MWI,1997,IHS-I,GPWG,N,c,0,1,0,0,1997,0,1997.83
1.8222529888153076,2975.513671875,1,MWI,1997,IHS-I,GPWG,N,c,0,1,0,0,1997,0,1997.83
0.9123437404632568,464.5052490234375,1,MWI,1997,IHS-I,GPWG,N,c,0,1,0,0,1997,0,1997.83
3.3497087955474854,689.8624877929688,1,MWI,1997,IHS-I,GPWG,N,c,0,1,0,0,1997,0,1997.83
3.3361968994140625,778.125,1,MWI,1997,IHS-I,GPWG,N,c,0,1,0,0,1997,0,1997.83
2.8372912406921387,1521.63427734375,1,MWI,1997,IHS-I,GPWG,N,c,0,1,0,0,1997,0,1997.83
2.0615451335906982,1376.80517578125,1,MWI,1997,IHS-I,GPWG,N,c,0,1,0,0,1997,0,1997.83
4.533971309661865,696.7578735351562,1,MWI,1997,IHS-I,GPWG,N,c,0,1,0,0,1997,0,1997.83
3.352759838104248,561.665283203125,1,MWI,1997,IHS-I,GPWG,N,c,0,1,0,0,1997,0,1997.83
1.2029582262039185,847.061767578125,1,MWI,1997,IHS-I,GPWG,N,c,0,1,0,0,1997,0,1997.83
2.7580602169036865,1296.875,1,MWI,1997,IHS-I,GPWG,N,c,0,1,0,0,1997,0,1997.83
1.0724655389785767,1185.886474609375,1,MWI,1997,IHS-I,GPWG,N,c,0,1,0,0,1997,0,1997.83
2.0357000827789307,374.4435119628906,1,MWI,1997,IHS-I,GPWG,N,c,0,1,0,0,1997,0,1997.83
1.6660535335540771,648.7322387695312,1,MWI,1997,IHS-I,GPWG,N,c,0,1,0,0,1997,0,1997.83
2.0634231567382812,456.18182373046875,1,MWI,1997,IHS-I,GPWG,N,c,0,1,0,0,1997,0,1997.83
6.416508674621582,302.04254150390625,1,MWI,1997,IHS-I,GPWG,N,c,0,1,0,0,1997,0,1997.83
1.297336220741272,1313.799560546875,1,MWI,1997,IHS-I,GPWG,N,c,0,1,0,0,1997,0,1997.83
2.507439613342285,1180.11865234375,1,MWI,1997,IHS-I,GPWG,N,c,0,1,0,0,1997,0,1997.83
8.908679008483887,632.2781372070312,1,MWI,1997,IHS-I,GPWG,N,c,0,1,0,0,1997,0,1997.83
2.9890925884246826,2008.569091796875,1,MWI,1997,IHS-I,GPWG,N,c,0,1,0,0,1997,0,1997.83
1.9198514223098755,753.902099609375,1,MWI,1997,IHS-I,GPWG,N,c,0,1,0,0,1997,0,1997.83
0.480940580368042,1352.5062255859375,1,MWI,1997,IHS-I,GPWG,N,c,0,1,0,0,1997,0,1997.83
0.826180100440979,348.3789367675781,1,MWI,1997,IHS-I,GPWG,N,c,0,1,0,0,1997,0,1997.83
1.367861270904541,1005.2027587890625,1,MWI,1997,IHS-I,GPWG,N,c,0,1,0,0,1997,0,1997.83
1.278763771057129,1016.47412109375,1,MWI,1997,IHS-I,GPWG,N,c,0,1,0,0,1997,0,1997.83
1.783584713935852,421.31890869140625,1,MWI,1997,IHS-I,GPWG,N,c,0,1,0,0,1997,0,1997.83
1.843029499053955,338.82470703125,1,MWI,1997,IHS-I,GPWG,N,c,0,1,0,0,1997,0,1997.83
1.3645379543304443,508.237060546875,1,MWI,1997,IHS-I,GPWG,N,c,0,1,0,0,1997,0,1997.83
2.7078449726104736,193.6200408935547,1,MWI,1997,IHS-I,GPWG,N,c,0,1,0,0,1997,0,1997.83
3.69189715385437,486.5491943359375,1,MWI,1997,IHS-I,GPWG,N,c,0,1,0,0,1997,0,1997.83
3.281104803085327,169.412353515625,1,MWI,1997,IHS-I,GPWG,N,c,0,1,0,0,1997,0,1997.83
1.8120712041854858,843.0375366210938,1,MWI,1997,IHS-I,GPWG,N,c,0,1,0,0,1997,0,1997.83
1.9784138202667236,1126.1138916015625,1,MWI,1997,IHS-I,GPWG,N,c,0,1,0,0,1997,0,1997.83
2.7278482913970947,348.3789367675781,1,MWI,1997,IHS-I,GPWG,N,c,0,1,0,0,1997,0,1997.83
2.41835880279541,744.3724365234375,1,MWI,1997,IHS-I,GPWG,N,c,0,1,0,0,1997,0,1997.83
1.6837222576141357,973.098388671875,1,MWI,1997,IHS-I,GPWG,N,c,0,1,0,0,1997,0,1997.83
2.345020294189453,632.2781372070312,1,MWI,1997,IHS-I,GPWG,N,c,0,1,0,0,1997,0,1997.83
3.403637647628784,421.5187683105469,1,MWI,1997,IHS-I,GPWG,N,c,0,1,0,0,1997,0,1997.83
1.3090239763259888,1036.75927734375,1,MWI,1997,IHS-I,GPWG,N,c,0,1,0,0,1997,0,1997.83
1.8260948657989502,1005.2027587890625,1,MWI,1997,IHS-I,GPWG,N,c,0,1,0,0,1997,0,1997.83
1.5063430070877075,1623.007568359375,1,MWI,1997,IHS-I,GPWG,N,c,0,1,0,0,1997,0,1997.83
30.66353988647461,261.0616149902344,1,MWI,1997,IHS-I,GPWG,N,c,0,1,0,0,1997,0,1997.83
2.5022268295288086,338.82470703125,1,MWI,1997,IHS-I,GPWG,N,c,0,1,0,0,1997,0,1997.83
1.8758764266967773,632.2781372070312,1,MWI,1997,IHS-I,GPWG,N,c,0,1,0,0,1997,0,1997.83
2.240398645401001,342.1363525390625,1,MWI,1997,IHS-I,GPWG,N,c,0,1,0,0,1997,0,1997.83
3.6071066856384277,580.860107421875,1,MWI,1997,IHS-I,GPWG,N,c,0,1,0,0,1997,0,1997.83
15.388018608093262,238.01695251464844,1,MWI,1997,IHS-I,GPWG,N,c,0,1,0,0,1997,0,1997.83
57.62043380737305,196.6864471435547,1,MWI,1997,IHS-I,GPWG,N,c,0,1,0,0,1997,0,1997.83
3.411511182785034,486.5491943359375,1,MWI,1997,IHS-I,GPWG,N,c,0,1,0,0,1997,0,1997.83
4.307212829589844,377.55316162109375,1,MWI,1997,IHS-I,GPWG,N,c,0,1,0,0,1997,0,1997.83
2.5804646015167236,774.4801635742188,1,MWI,1997,IHS-I,GPWG,N,c,0,1,0,0,1997,0,1997.83
4.078802585601807,375.3713073730469,1,MWI,1997,IHS-I,GPWG,N,c,0,1,0,0,1997,0,1997.83
6.662278175354004,893.2468872070312,1,MWI,1997,IHS-I,GPWG,N,c,0,1,0,0,1997,0,1997.83
6.721400737762451,357.0254211425781,1,MWI,1997,IHS-I,GPWG,N,c,0,1,0,0,1997,0,1997.83
6.823884010314941,296.79998779296875,1,MWI,1997,IHS-I,GPWG,N,c,0,1,0,0,1997,0,1997.83
1.1505213975906372,1623.007568359375,1,MWI,1997,IHS-I,GPWG,N,c,0,1,0,0,1997,0,1997.83
1.5940462350845337,387.2400817871094,1,MWI,1997,IHS-I,GPWG,N,c,0,1,0,0,1997,0,1997.83
1.6018164157867432,753.902099609375,1,MWI,1997,IHS-I,GPWG,N,c,0,1,0,0,1997,0,1997.83
1.1012611389160156,1556.25,1,MWI,1997,IHS-I,GPWG,N,c,0,1,0,0,1997,0,1997.83
4.153990745544434,786.7457885742188,1,MWI,1997,IHS-I,GPWG,N,c,0,1,0,0,1997,0,1997.83
2.2096450328826904,843.0375366210938,1,MWI,1997,IHS-I,GPWG,N,c,0,1,0,0,1997,0,1997.83
1.047610878944397,1474.6162109375,1,MWI,1997,IHS-I,GPWG,N,c,0,1,0,0,1997,0,1997.83
11.83681583404541,196.6864471435547,1,MWI,1997,IHS-I,GPWG,N,c,0,1,0,0,1997,0,1997.83
1.3499903678894043,1521.63427734375,1,MWI,1997,IHS-I,GPWG,N,c,0,1,0,0,1997,0,1997.83
1.1608303785324097,1263.956787109375,1,MWI,1997,IHS-I,GPWG,N,c,0,1,0,0,1997,0,1997.83
2.1035311222076416,324.3661193847656,1,MWI,1997,IHS-I,GPWG,N,c,0,1,0,0,1997,0,1997.83
2.8223507404327393,774.4801635742188,1,MWI,1997,IHS-I,GPWG,N,c,0,1,0,0,1997,0,1997.83
2.7903172969818115,1376.80517578125,1,MWI,1997,IHS-I,GPWG,N,c,0,1,0,0,1997,0,1997.83
2.4455718994140625,2874.89306640625,1,MWI,1997,IHS-I,GPWG,N,c,0,1,0,0,1997,0,1997.83
9.921253204345703,1044.2464599609375,1,MWI,1997,IHS-I,GPWG,N,c,0,1,0,0,1997,0,1997.83
3.8046979904174805,416.5296630859375,1,MWI,1997,IHS-I,GPWG,N,c,0,1,0,0,1997,0,1997.83
1.619553804397583,1757.4979248046875,1,MWI,1997,IHS-I,GPWG,N,c,0,1,0,0,1997,0,1997.83
1.0933070182800293,812.8841552734375,1,MWI,1997,IHS-I,GPWG,N,c,0,1,0,0,1997,0,1997.83
0.8310126066207886,2086.1923828125,1,MWI,1997,IHS-I,GPWG,N,c,0,1,0,0,1997,0,1997.83
6.76568078994751,518.75,1,MWI,1997,IHS-I,GPWG,N,c,0,1,0,0,1997,0,1997.83
0.924061119556427,455.21624755859375,1,MWI,1997,IHS-I,GPWG,N,c,0,1,0,0,1997,0,1997.83
7.433007717132568,75.51063537597656,1,MWI,1997,IHS-I,GPWG,N,c,0,1,0,0,1997,0,1997.83
1.3695181608200073,842.6378173828125,1,MWI,1997,IHS-I,GPWG,N,c,0,1,0,0,1997,0,1997.83
2.3873629570007324,2858.677734375,2,MWI,1997,IHS-I,GPWG,N,c,0,1,0,0,1997,0,1997.83
0.7323840260505676,2330.53955078125,1,MWI,1997,IHS-I,GPWG,N,c,0,1,0,0,1997,0,1997.83
6.218494415283203,297.74896240234375,1,MWI,1997,IHS-I,GPWG,N,c,0,1,0,0,1997,0,1997.83
2.284269332885742,148.39999389648438,1,MWI,1997,IHS-I,GPWG,N,c,0,1,0,0,1997,0,1997.83
2.0296058654785156,1086.881591796875,1,MWI,1997,IHS-I,GPWG,N,c,0,1,0,0,1997,0,1997.83
1.4680149555206299,1053.796875,1,MWI,1997,IHS-I,GPWG,N,c,0,1,0,0,1997,0,1997.83
1.5274428129196167,1004.2845458984375,1,MWI,1997,IHS-I,GPWG,N,c,0,1,0,0,1997,0,1997.83
1.3225853443145752,3260.64501953125,1,MWI,1997,IHS-I,GPWG,N,c,0,1,0,0,1997,0,1997.83
15.875685691833496,522.1232299804688,1,MWI,1997,IHS-I,GPWG,N,c,0,1,0,0,1997,0,1997.83
2.3895998001098633,652.1289672851562,1,MWI,1997,IHS-I,GPWG,N,c,0,1,0,0,1997,0,1997.83
5.220677375793457,456.18182373046875,1,MWI,1997,IHS-I,GPWG,N,c,0,1,0,0,1997,0,1997.83
5.651068210601807,1004.2845458984375,1,MWI,1997,IHS-I,GPWG,N,c,0,1,0,0,1997,0,1997.83
8.426142692565918,210.65945434570312,1,MWI,1997,IHS-I,GPWG,N,c,0,1,0,0,1997,0,1997.83
1.4421943426132202,843.0375366210938,1,MWI,1997,IHS-I,GPWG,N,c,0,1,0,0,1997,0,1997.83
2.405913829803467,968.1002197265625,1,MWI,1997,IHS-I,GPWG,N,c,0,1,0,0,1997,0,1997.83
2.15639328956604,463.5982971191406,1,MWI,1997,IHS-I,GPWG,N,c,0,1,0,0,1997,0,1997.83
1.84490168094635,421.5187683105469,1,MWI,1997,IHS-I,GPWG,N,c,0,1,0,0,1997,0,1997.83
2.3606319427490234,668.7169799804688,1,MWI,1997,IHS-I,GPWG,N,c,0,1,0,0,1997,0,1997.83
2.5694260597229004,187.2217559814453,1,MWI,1997,IHS-I,GPWG,N,c,0,1,0,0,1997,0,1997.83
45.823028564453125,786.7457885742188,1,MWI,1997,IHS-I,GPWG,N,c,0,1,0,0,1997,0,1997.83
2.4608330726623535,421.31890869140625,1,MWI,1997,IHS-I,GPWG,N,c,0,1,0,0,1997,0,1997.83
0.7602542638778687,774.4801635742188,1,MWI,1997,IHS-I,GPWG,N,c,0,1,0,0,1997,0,1997.83
6.4883880615234375,231.7991485595703,1,MWI,1997,IHS-I,GPWG,N,c,0,1,0,0,1997,0,1997.83
9.88941478729248,261.0616149902344,1,MWI,1997,IHS-I,GPWG,N,c,0,1,0,0,1997,0,1997.83
1.6397974491119385,464.5052490234375,1,MWI,1997,IHS-I,GPWG,N,c,0,1,0,0,1997,0,1997.83
1.848845362663269,421.31890869140625,1,MWI,1997,IHS-I,GPWG,N,c,0,1,0,0,1997,0,1997.83
1.4603419303894043,774.4801635742188,1,MWI,1997,IHS-I,GPWG,N,c,0,1,0,0,1997,0,1997.83
3.3544421195983887,421.5187683105469,1,MWI,1997,IHS-I,GPWG,N,c,0,1,0,0,1997,0,1997.83
3.7893736362457275,983.4322509765625,1,MWI,1997,IHS-I,GPWG,N,c,0,1,0,0,1997,0,1997.83
1.1267391443252563,119.00847625732422,1,MWI,1997,IHS-I,GPWG,N,c,0,1,0,0,1997,0,1997.83
1.8087027072906494,387.2400817871094,1,MWI,1997,IHS-I,GPWG,N,c,0,1,0,0,1997,0,1997.83
3.685204267501831,677.6494140625,1,MWI,1997,IHS-I,GPWG,N,c,0,1,0,0,1997,0,1997.83
2.228898525238037,786.7457885742188,1,MWI,1997,IHS-I,GPWG,N,c,0,1,0,0,1997,0,1997.83
7.828892707824707,151.02127075195312,1,MWI,1997,IHS-I,GPWG,N,c,0,1,0,0,1997,0,1997.83
1.1655913591384888,811.5037841796875,1,MWI,1997,IHS-I,GPWG,N,c,0,1,0,0,1997,0,1997.83
5.319612979888916,434.7526550292969,1,MWI,1997,IHS-I,GPWG,N,c,0,1,0,0,1997,0,1997.83
1.1025733947753906,1759.1048583984375,1,MWI,1997,IHS-I,GPWG,N,c,0,1,0,0,1997,0,1997.83
1.3698465824127197,464.5052490234375,1,MWI,1997,IHS-I,GPWG,N,c,0,1,0,0,1997,0,1997.83
2.207812786102295,387.2400817871094,1,MWI,1997,IHS-I,GPWG,N,c,0,1,0,0,1997,0,1997.83
6.03551721572876,297.52117919921875,1,MWI,1997,IHS-I,GPWG,N,c,0,1,0,0,1997,0,1997.83
0.800649881362915,632.2781372070312,1,MWI,1997,IHS-I,GPWG,N,c,0,1,0,0,1997,0,1997.83
11.123642921447754,463.5982971191406,1,MWI,1997,IHS-I,GPWG,N,c,0,1,0,0,1997,0,1997.83
4.757184028625488,446.6234436035156,1,MWI,1997,IHS-I,GPWG,N,c,0,1,0,0,1997,0,1997.83
4.189571380615234,226.5319061279297,1,MWI,1997,IHS-I,GPWG,N,c,0,1,0,0,1997,0,1997.83
1.244799017906189,677.6494140625,1,MWI,1997,IHS-I,GPWG,N,c,0,1,0,0,1997,0,1997.83
1.557831883430481,753.902099609375,1,MWI,1997,IHS-I,GPWG,N,c,0,1,0,0,1997,0,1997.83
1.9222666025161743,753.902099609375,1,MWI,1997,IHS-I,GPWG,N,c,0,1,0,0,1997,0,1997.83
0.9523919224739075,1045.1368408203125,1,MWI,1997,IHS-I,GPWG,N,c,0,1,0,0,1997,0,1997.83
3.4339895248413086,563.0569458007812,1,MWI,1997,IHS-I,GPWG,N,c,0,1,0,0,1997,0,1997.83
4.361501216888428,632.2781372070312,1,MWI,1997,IHS-I,GPWG,N,c,0,1,0,0,1997,0,1997.83
1.3046810626983643,2173.76318359375,1,MWI,1997,IHS-I,GPWG,N,c,0,1,0,0,1997,0,1997.83
1.3920174837112427,1556.25,1,MWI,1997,IHS-I,GPWG,N,c,0,1,0,0,1997,0,1997.83
1.407279133796692,1016.47412109375,1,MWI,1997,IHS-I,GPWG,N,c,0,1,0,0,1997,0,1997.83
2.9510984420776367,232.25262451171875,1,MWI,1997,IHS-I,GPWG,N,c,0,1,0,0,1997,0,1997.83
6.120075702667236,324.3661193847656,1,MWI,1997,IHS-I,GPWG,N,c,0,1,0,0,1997,0,1997.83
0.8361571431159973,1548.9603271484375,1,MWI,1997,IHS-I,GPWG,N,c,0,1,0,0,1997,0,1997.83
3.2191240787506104,518.75,1,MWI,1997,IHS-I,GPWG,N,c,0,1,0,0,1997,0,1997.83
6.095107555389404,1180.11865234375,1,MWI,1997,IHS-I,GPWG,N,c,0,1,0,0,1997,0,1997.83
1.2444707155227661,1556.25,1,MWI,1997,IHS-I,GPWG,N,c,0,1,0,0,1997,0,1997.83
6.413140296936035,393.3728942871094,1,MWI,1997,IHS-I,GPWG,N,c,0,1,0,0,1997,0,1997.83
0.9306538105010986,421.5187683105469,1,MWI,1997,IHS-I,GPWG,N,c,0,1,0,0,1997,0,1997.83
1.31376314163208,2330.53955078125,1,MWI,1997,IHS-I,GPWG,N,c,0,1,0,0,1997,0,1997.83
1.5353124141693115,777.5694580078125,1,MWI,1997,IHS-I,GPWG,N,c,0,1,0,0,1997,0,1997.83
2.895512580871582,810.915283203125,1,MWI,1997,IHS-I,GPWG,N,c,0,1,0,0,1997,0,1997.83
4.385948657989502,783.184814453125,1,MWI,1997,IHS-I,GPWG,N,c,0,1,0,0,1997,0,1997.83
1.8004628419876099,968.1002197265625,1,MWI,1997,IHS-I,GPWG,N,c,0,1,0,0,1997,0,1997.83
1.1318176984786987,842.6378173828125,1,MWI,1997,IHS-I,GPWG,N,c,0,1,0,0,1997,0,1997.83
0.7147285342216492,1475.315673828125,1,MWI,1997,IHS-I,GPWG,N,c,0,1,0,0,1997,0,1997.83
2.5606582164764404,486.5491943359375,1,MWI,1997,IHS-I,GPWG,N,c,0,1,0,0,1997,0,1997.83
2.7151272296905518,226.5319061279297,1,MWI,1997,IHS-I,GPWG,N,c,0,1,0,0,1997,0,1997.83
4.106209754943848,563.0569458007812,1,MWI,1997,IHS-I,GPWG,N,c,0,1,0,0,1997,0,1997.83
1.5648304224014282,632.2781372070312,1,MWI,1997,IHS-I,GPWG,N,c,0,1,0,0,1997,0,1997.83
4.259232521057129,1459.6475830078125,1,MWI,1997,IHS-I,GPWG,N,c,0,1,0,0,1997,0,1997.83
10.336176872253418,151.02127075195312,1,MWI,1997,IHS-I,GPWG,N,c,0,1,0,0,1997,0,1997.83
0.5587002635002136,968.1002197265625,1,MWI,1997,IHS-I,GPWG,N,c,0,1,0,0,1997,0,1997.83
1.3366618156433105,1757.4979248046875,1,MWI,1997,IHS-I,GPWG,N,c,0,1,0,0,1997,0,1997.83
1.717294454574585,1355.34033203125,1,MWI,1997,IHS-I,GPWG,N,c,0,1,0,0,1997,0,1997.83
1.5863959789276123,348.3789367675781,1,MWI,1997,IHS-I,GPWG,N,c,0,1,0,0,1997,0,1997.83
2.840909242630005,811.5037841796875,1,MWI,1997,IHS-I,GPWG,N,c,0,1,0,0,1997,0,1997.83
6.326724529266357,148.39999389648438,1,MWI,1997,IHS-I,GPWG,N,c,0,1,0,0,1997,0,1997.83
1.0862640142440796,1036.75927734375,1,MWI,1997,IHS-I,GPWG,N,c,0,1,0,0,1997,0,1997.83
1.916319489479065,1123.33056640625,1,MWI,1997,IHS-I,GPWG,N,c,0,1,0,0,1997,0,1997.83
1.6649556159973145,1379.7249755859375,1,MWI,1997,IHS-I,GPWG,N,c,0,1,0,0,1997,0,1997.83
1.5194405317306519,606.9550170898438,1,MWI,1997,IHS-I,GPWG,N,c,0,1,0,0,1997,0,1997.83
1.5623857975006104,774.4801635742188,1,MWI,1997,IHS-I,GPWG,N,c,0,1,0,0,1997,0,1997.83
2.4374992847442627,374.4435119628906,1,MWI,1997,IHS-I,GPWG,N,c,0,1,0,0,1997,0,1997.83
2.367993116378784,1053.2972412109375,1,MWI,1997,IHS-I,GPWG,N,c,0,1,0,0,1997,0,1997.83
2.059664249420166,210.65945434570312,1,MWI,1997,IHS-I,GPWG,N,c,0,1,0,0,1997,0,1997.83
1.3181999921798706,1161.72021484375,1,MWI,1997,IHS-I,GPWG,N,c,0,1,0,0,1997,0,1997.83
7.481112480163574,902.0,1,MWI,1997,IHS-I,GPWG,N,c,0,1,0,0,1997,0,1997.83
2.4080183506011963,232.25262451171875,1,MWI,1997,IHS-I,GPWG,N,c,0,1,0,0,1997,0,1997.83
1.9366636276245117,1256.50341796875,1,MWI,1997,IHS-I,GPWG,N,c,0,1,0,0,1997,0,1997.83
2.4450769424438477,2069.58740234375,1,MWI,1997,IHS-I,GPWG,N,c,0,1,0,0,1997,0,1997.83
1.1329487562179565,4312.33984375,1,MWI,1997,IHS-I,GPWG,N,c,0,1,0,0,1997,0,1997.83
3.311663866043091,375.3713073730469,1,MWI,1997,IHS-I,GPWG,N,c,0,1,0,0,1997,0,1997.83
1.9975250959396362,1739.0106201171875,1,MWI,1997,IHS-I,GPWG,N,c,0,1,0,0,1997,0,1997.83
1.6864886283874512,2874.89306640625,1,MWI,1997,IHS-I,GPWG,N,c,0,1,0,0,1997,0,1997.83
1.1364668607711792,1264.5562744140625,1,MWI,1997,IHS-I,GPWG,N,c,0,1,0,0,1997,0,1997.83
0.8886725306510925,1474.6162109375,1,MWI,1997,IHS-I,GPWG,N,c,0,1,0,0,1997,0,1997.83
0.4798334538936615,1352.5062255859375,1,MWI,1997,IHS-I,GPWG,N,c,0,1,0,0,1997,0,1997.83
2.2885355949401855,1135.2813720703125,1,MWI,1997,IHS-I,GPWG,N,c,0,1,0,0,1997,0,1997.83
1.9137474298477173,1185.886474609375,1,MWI,1997,IHS-I,GPWG,N,c,0,1,0,0,1997,0,1997.83
1.413661241531372,6314.0,1,MWI,1997,IHS-I,GPWG,N,c,0,1,0,0,1997,0,1997.83
1.8106002807617188,677.6494140625,1,MWI,1997,IHS-I,GPWG,N,c,0,1,0,0,1997,0,1997.83
4.603637218475342,231.7991485595703,1,MWI,1997,IHS-I,GPWG,N,c,0,1,0,0,1997,0,1997.83
1.9240812063217163,843.0375366210938,1,MWI,1997,IHS-I,GPWG,N,c,0,1,0,0,1997,0,1997.83
2.346940279006958,648.7322387695312,1,MWI,1997,IHS-I,GPWG,N,c,0,1,0,0,1997,0,1997.83
1.3447239398956299,929.010498046875,1,MWI,1997,IHS-I,GPWG,N,c,0,1,0,0,1997,0,1997.83
0.9242547750473022,758.6937866210938,1,MWI,1997,IHS-I,GPWG,N,c,0,1,0,0,1997,0,1997.83
3.440117835998535,570.227294921875,1,MWI,1997,IHS-I,GPWG,N,c,0,1,0,0,1997,0,1997.83
1.0954599380493164,968.1002197265625,1,MWI,1997,IHS-I,GPWG,N,c,0,1,0,0,1997,0,1997.83
2.4482929706573486,580.860107421875,1,MWI,1997,IHS-I,GPWG,N,c,0,1,0,0,1997,0,1997.83
0.7366707921028137,632.2781372070312,1,MWI,1997,IHS-I,GPWG,N,c,0,1,0,0,1997,0,1997.83
1.1668404340744019,648.7322387695312,1,MWI,1997,IHS-I,GPWG,N,c,0,1,0,0,1997,0,1997.83
1.8222448825836182,777.5694580078125,1,MWI,1997,IHS-I,GPWG,N,c,0,1,0,0,1997,0,1997.83
2.2286548614501953,744.3724365234375,1,MWI,1997,IHS-I,GPWG,N,c,0,1,0,0,1997,0,1997.83
1.8888232707977295,2069.58740234375,1,MWI,1997,IHS-I,GPWG,N,c,0,1,0,0,1997,0,1997.83
0.9381745457649231,2874.89306640625,1,MWI,1997,IHS-I,GPWG,N,c,0,1,0,0,1997,0,1997.83
16.968473434448242,75.51063537597656,1,MWI,1997,IHS-I,GPWG,N,c,0,1,0,0,1997,0,1997.83
2.816145420074463,375.3713073730469,1,MWI,1997,IHS-I,GPWG,N,c,0,1,0,0,1997,0,1997.83
1.0315873622894287,1295.9490966796875,1,MWI,1997,IHS-I,GPWG,N,c,0,1,0,0,1997,0,1997.83
4.128232955932617,632.2781372070312,1,MWI,1997,IHS-I,GPWG,N,c,0,1,0,0,1997,0,1997.83
2.0102412700653076,456.18182373046875,1,MWI,1997,IHS-I,GPWG,N,c,0,1,0,0,1997,0,1997.83
1.0650765895843506,1501.4852294921875,1,MWI,1997,IHS-I,GPWG,N,c,0,1,0,0,1997,0,1997.83
0.8211404085159302,696.7578735351562,1,MWI,1997,IHS-I,GPWG,N,c,0,1,0,0,1997,0,1997.83
3.5396552085876465,1161.72021484375,1,MWI,1997,IHS-I,GPWG,N,c,0,1,0,0,1997,0,1997.83
1.3567125797271729,1082.0050048828125,1,MWI,1997,IHS-I,GPWG,N,c,0,1,0,0,1997,0,1997.83
3.099919080734253,1376.80517578125,1,MWI,1997,IHS-I,GPWG,N,c,0,1,0,0,1997,0,1997.83
1.1588643789291382,1916.595458984375,1,MWI,1997,IHS-I,GPWG,N,c,0,1,0,0,1997,0,1997.83
4.041507720947266,231.7991485595703,1,MWI,1997,IHS-I,GPWG,N,c,0,1,0,0,1997,0,1997.83
1.5713520050048828,1053.2972412109375,1,MWI,1997,IHS-I,GPWG,N,c,0,1,0,0,1997,0,1997.83
1.6134597063064575,580.860107421875,1,MWI,1997,IHS-I,GPWG,N,c,0,1,0,0,1997,0,1997.83
1.733535647392273,778.125,1,MWI,1997,IHS-I,GPWG,N,c,0,1,0,0,1997,0,1997.83
2.405431032180786,2549.79052734375,1,MWI,1997,IHS-I,GPWG,N,c,0,1,0,0,1997,0,1997.83
1.6192480325698853,847.061767578125,1,MWI,1997,IHS-I,GPWG,N,c,0,1,0,0,1997,0,1997.83
2.2510764598846436,742.0,1,MWI,1997,IHS-I,GPWG,N,c,0,1,0,0,1997,0,1997.83
3.6443564891815186,445.1999816894531,1,MWI,1997,IHS-I,GPWG,N,c,0,1,0,0,1997,0,1997.83
4.292226314544678,297.74896240234375,1,MWI,1997,IHS-I,GPWG,N,c,0,1,0,0,1997,0,1997.83
1.6045738458633423,632.2781372070312,1,MWI,1997,IHS-I,GPWG,N,c,0,1,0,0,1997,0,1997.83
1.597693920135498,1757.4979248046875,1,MWI,1997,IHS-I,GPWG,N,c,0,1,0,0,1997,0,1997.83
4.818985462188721,869.5053100585938,1,MWI,1997,IHS-I,GPWG,N,c,0,1,0,0,1997,0,1997.83
2.04634952545166,1506.4267578125,1,MWI,1997,IHS-I,GPWG,N,c,0,1,0,0,1997,0,1997.83
2.0428147315979004,459.9083251953125,1,MWI,1997,IHS-I,GPWG,N,c,0,1,0,0,1997,0,1997.83
0.5037108659744263,3157.0,1,MWI,1997,IHS-I,GPWG,N,c,0,1,0,0,1997,0,1997.83
1.5752086639404297,486.5491943359375,1,MWI,1997,IHS-I,GPWG,N,c,0,1,0,0,1997,0,1997.83
2.346278667449951,169.412353515625,1,MWI,1997,IHS-I,GPWG,N,c,0,1,0,0,1997,0,1997.83
8.392765998840332,604.0850830078125,1,MWI,1997,IHS-I,GPWG,N,c,0,1,0,0,1997,0,1997.83
1.3719234466552734,1916.595458984375,1,MWI,1997,IHS-I,GPWG,N,c,0,1,0,0,1997,0,1997.83
1.2165350914001465,445.1999816894531,1,MWI,1997,IHS-I,GPWG,N,c,0,1,0,0,1997,0,1997.83
2.2679808139801025,1135.2813720703125,1,MWI,1997,IHS-I,GPWG,N,c,0,1,0,0,1997,0,1997.83
4.233313083648682,1376.80517578125,1,MWI,1997,IHS-I,GPWG,N,c,0,1,0,0,1997,0,1997.83
0.8112956285476685,842.6378173828125,1,MWI,1997,IHS-I,GPWG,N,c,0,1,0,0,1997,0,1997.83
1.564064383506775,1475.315673828125,1,MWI,1997,IHS-I,GPWG,N,c,0,1,0,0,1997,0,1997.83
1.5629279613494873,303.4775085449219,1,MWI,1997,IHS-I,GPWG,N,c,0,1,0,0,1997,0,1997.83
2.387951612472534,668.7169799804688,1,MWI,1997,IHS-I,GPWG,N,c,0,1,0,0,1997,0,1997.83
0.890021562576294,758.6937866210938,1,MWI,1997,IHS-I,GPWG,N,c,0,1,0,0,1997,0,1997.83
1.224912166595459,1916.595458984375,1,MWI,1997,IHS-I,GPWG,N,c,0,1,0,0,1997,0,1997.83
1.1344393491744995,1555.138916015625,1,MWI,1997,IHS-I,GPWG,N,c,0,1,0,0,1997,0,1997.83
1.4682440757751465,1942.1162109375,1,MWI,1997,IHS-I,GPWG,N,c,0,1,0,0,1997,0,1997.83
6.6666259765625,196.6864471435547,1,MWI,1997,IHS-I,GPWG,N,c,0,1,0,0,1997,0,1997.83
5.196954727172852,541.0025024414062,1,MWI,1997,IHS-I,GPWG,N,c,0,1,0,0,1997,0,1997.83
2.9578049182891846,1037.5,1,MWI,1997,IHS-I,GPWG,N,c,0,1,0,0,1997,0,1997.83
3.4536025524139404,561.665283203125,1,MWI,1997,IHS-I,GPWG,N,c,0,1,0,0,1997,0,1997.83
3.371807813644409,847.061767578125,1,MWI,1997,IHS-I,GPWG,N,c,0,1,0,0,1997,0,1997.83
2.7175140380859375,445.8113098144531,1,MWI,1997,IHS-I,GPWG,N,c,0,1,0,0,1997,0,1997.83
1.543824315071106,631.9783935546875,1,MWI,1997,IHS-I,GPWG,N,c,0,1,0,0,1997,0,1997.83
1.841326117515564,668.7169799804688,1,MWI,1997,IHS-I,GPWG,N,c,0,1,0,0,1997,0,1997.83
1.2602922916412354,1158.9957275390625,1,MWI,1997,IHS-I,GPWG,N,c,0,1,0,0,1997,0,1997.83
2.0670390129089355,151.73875427246094,1,MWI,1997,IHS-I,GPWG,N,c,0,1,0,0,1997,0,1997.83
1.9996354579925537,595.4979248046875,1,MWI,1997,IHS-I,GPWG,N,c,0,1,0,0,1997,0,1997.83
0.37871912121772766,1082.0050048828125,1,MWI,1997,IHS-I,GPWG,N,c,0,1,0,0,1997,0,1997.83
1.7992565631866455,810.915283203125,1,MWI,1997,IHS-I,GPWG,N,c,0,1,0,0,1997,0,1997.83
2.0703072547912598,561.665283203125,1,MWI,1997,IHS-I,GPWG,N,c,0,1,0,0,1997,0,1997.83
3.3205387592315674,632.2781372070312,1,MWI,1997,IHS-I,GPWG,N,c,0,1,0,0,1997,0,1997.83
2.4249000549316406,689.8624877929688,1,MWI,1997,IHS-I,GPWG,N,c,0,1,0,0,1997,0,1997.83
13.311676979064941,196.6864471435547,1,MWI,1997,IHS-I,GPWG,N,c,0,1,0,0,1997,0,1997.83
0.8391246199607849,1082.0050048828125,1,MWI,1997,IHS-I,GPWG,N,c,0,1,0,0,1997,0,1997.83
5.359363079071045,238.01695251464844,1,MWI,1997,IHS-I,GPWG,N,c,0,1,0,0,1997,0,1997.83
5.579766273498535,983.4322509765625,1,MWI,1997,IHS-I,GPWG,N,c,0,1,0,0,1997,0,1997.83
1.8232563734054565,1916.595458984375,1,MWI,1997,IHS-I,GPWG,N,c,0,1,0,0,1997,0,1997.83
1.0862631797790527,2395.744384765625,1,MWI,1997,IHS-I,GPWG,N,c,0,1,0,0,1997,0,1997.83
1.4625805616378784,938.4282836914062,1,MWI,1997,IHS-I,GPWG,N,c,0,1,0,0,1997,0,1997.83
1.6839481592178345,1839.63330078125,1,MWI,1997,IHS-I,GPWG,N,c,0,1,0,0,1997,0,1997.83
1.8486837148666382,973.098388671875,1,MWI,1997,IHS-I,GPWG,N,c,0,1,0,0,1997,0,1997.83
1.124749779701233,1814.3287353515625,1,MWI,1997,IHS-I,GPWG,N,c,0,1,0,0,1997,0,1997.83
4.47572135925293,210.75938415527344,1,MWI,1997,IHS-I,GPWG,N,c,0,1,0,0,1997,0,1997.83
4.128355026245117,375.3713073730469,1,MWI,1997,IHS-I,GPWG,N,c,0,1,0,0,1997,0,1997.83
0.5252335667610168,811.5037841796875,1,MWI,1997,IHS-I,GPWG,N,c,0,1,0,0,1997,0,1997.83
1.9443949460983276,777.5694580078125,1,MWI,1997,IHS-I,GPWG,N,c,0,1,0,0,1997,0,1997.83
2.6519017219543457,459.9083251953125,1,MWI,1997,IHS-I,GPWG,N,c,0,1,0,0,1997,0,1997.83
1.0662988424301147,648.7322387695312,1,MWI,1997,IHS-I,GPWG,N,c,0,1,0,0,1997,0,1997.83
1.3759894371032715,1474.6162109375,1,MWI,1997,IHS-I,GPWG,N,c,0,1,0,0,1997,0,1997.83
3.52766489982605,648.7322387695312,1,MWI,1997,IHS-I,GPWG,N,c,0,1,0,0,1997,0,1997.83
6.083742141723633,1264.5562744140625,1,MWI,1997,IHS-I,GPWG,N,c,0,1,0,0,1997,0,1997.83
4.315666198730469,169.412353515625,1,MWI,1997,IHS-I,GPWG,N,c,0,1,0,0,1997,0,1997.83
1.5485285520553589,541.0025024414062,1,MWI,1997,IHS-I,GPWG,N,c,0,1,0,0,1997,0,1997.83
1.011807918548584,631.9783935546875,1,MWI,1997,IHS-I,GPWG,N,c,0,1,0,0,1997,0,1997.83
2.3533411026000977,459.9083251953125,1,MWI,1997,IHS-I,GPWG,N,c,0,1,0,0,1997,0,1997.83
1.2888463735580444,2010.405517578125,1,MWI,1997,IHS-I,GPWG,N,c,0,1,0,0,1997,0,1997.83
1.11414635181427,1352.5062255859375,1,MWI,1997,IHS-I,GPWG,N,c,0,1,0,0,1997,0,1997.83
0.28082212805747986,1053.2972412109375,1,MWI,1997,IHS-I,GPWG,N,c,0,1,0,0,1997,0,1997.83
0.8457179665565491,1379.7249755859375,1,MWI,1997,IHS-I,GPWG,N,c,0,1,0,0,1997,0,1997.83
0.44307953119277954,696.7578735351562,1,MWI,1997,IHS-I,GPWG,N,c,0,1,0,0,1997,0,1997.83
2.0982143878936768,958.2977294921875,1,MWI,1997,IHS-I,GPWG,N,c,0,1,0,0,1997,0,1997.83
3.407249927520752,434.7526550292969,1,MWI,1997,IHS-I,GPWG,N,c,0,1,0,0,1997,0,1997.83
30.735130310058594,261.0616149902344,1,MWI,1997,IHS-I,GPWG,N,c,0,1,0,0,1997,0,1997.83
4.189733028411865,228.09091186523438,1,MWI,1997,IHS-I,GPWG,N,c,0,1,0,0,1997,0,1997.83
1.5715460777282715,632.2781372070312,1,MWI,1997,IHS-I,GPWG,N,c,0,1,0,0,1997,0,1997.83
1.9182028770446777,421.5187683105469,1,MWI,1997,IHS-I,GPWG,N,c,0,1,0,0,1997,0,1997.83
1.8039847612380981,421.31890869140625,1,MWI,1997,IHS-I,GPWG,N,c,0,1,0,0,1997,0,1997.83
1.826212763786316,776.8464965820312,1,MWI,1997,IHS-I,GPWG,N,c,0,1,0,0,1997,0,1997.83
37.09727478027344,59.50423812866211,1,MWI,1997,IHS-I,GPWG,N,c,0,1,0,0,1997,0,1997.83
1.8151215314865112,348.3789367675781,1,MWI,1997,IHS-I,GPWG,N,c,0,1,0,0,1997,0,1997.83
2.9850058555603027,338.82470703125,1,MWI,1997,IHS-I,GPWG,N,c,0,1,0,0,1997,0,1997.83
2.8965625762939453,1929.199951171875,1,MWI,1997,IHS-I,GPWG,N,c,0,1,0,0,1997,0,1997.83
4.04066276550293,1004.2845458984375,1,MWI,1997,IHS-I,GPWG,N,c,0,1,0,0,1997,0,1997.83
6.827937602996826,1521.63427734375,1,MWI,1997,IHS-I,GPWG,N,c,0,1,0,0,1997,0,1997.83
3.310157537460327,1770.177978515625,1,MWI,1997,IHS-I,GPWG,N,c,0,1,0,0,1997,0,1997.83
2.162325620651245,689.8624877929688,1,MWI,1997,IHS-I,GPWG,N,c,0,1,0,0,1997,0,1997.83
2.5473430156707764,434.7526550292969,1,MWI,1997,IHS-I,GPWG,N,c,0,1,0,0,1997,0,1997.83
1.6854581832885742,421.31890869140625,1,MWI,1997,IHS-I,GPWG,N,c,0,1,0,0,1997,0,1997.83
2.5374906063079834,563.0569458007812,1,MWI,1997,IHS-I,GPWG,N,c,0,1,0,0,1997,0,1997.83
1.4327027797698975,570.227294921875,1,MWI,1997,IHS-I,GPWG,N,c,0,1,0,0,1997,0,1997.83
4.011232376098633,518.75,1,MWI,1997,IHS-I,GPWG,N,c,0,1,0,0,1997,0,1997.83
9.248340606689453,1264.5562744140625,1,MWI,1997,IHS-I,GPWG,N,c,0,1,0,0,1997,0,1997.83
4.104244709014893,983.4322509765625,1,MWI,1997,IHS-I,GPWG,N,c,0,1,0,0,1997,0,1997.83
2.717268943786621,869.5053100585938,1,MWI,1997,IHS-I,GPWG,N,c,0,1,0,0,1997,0,1997.83
4.885641098022461,927.1965942382812,1,MWI,1997,IHS-I,GPWG,N,c,0,1,0,0,1997,0,1997.83
1.6783161163330078,1437.446533203125,1,MWI,1997,IHS-I,GPWG,N,c,0,1,0,0,1997,0,1997.83
2.015587568283081,842.6378173828125,1,MWI,1997,IHS-I,GPWG,N,c,0,1,0,0,1997,0,1997.83
1.540696144104004,632.2781372070312,1,MWI,1997,IHS-I,GPWG,N,c,0,1,0,0,1997,0,1997.83
0.8019139170646667,1352.5062255859375,1,MWI,1997,IHS-I,GPWG,N,c,0,1,0,0,1997,0,1997.83
0.9315299391746521,1161.72021484375,1,MWI,1997,IHS-I,GPWG,N,c,0,1,0,0,1997,0,1997.83
2.823749303817749,1339.870361328125,1,MWI,1997,IHS-I,GPWG,N,c,0,1,0,0,1997,0,1997.83
2.9181792736053467,445.1999816894531,1,MWI,1997,IHS-I,GPWG,N,c,0,1,0,0,1997,0,1997.83
2.839653491973877,270.5012512207031,1,MWI,1997,IHS-I,GPWG,N,c,0,1,0,0,1997,0,1997.83
1.3739584684371948,1355.298828125,1,MWI,1997,IHS-I,GPWG,N,c,0,1,0,0,1997,0,1997.83
20.600177764892578,590.059326171875,1,MWI,1997,IHS-I,GPWG,N,c,0,1,0,0,1997,0,1997.83
0.9727706909179688,1263.956787109375,1,MWI,1997,IHS-I,GPWG,N,c,0,1,0,0,1997,0,1997.83
1.0225653648376465,1004.2845458984375,1,MWI,1997,IHS-I,GPWG,N,c,0,1,0,0,1997,0,1997.83
1.571001648902893,2129.820556640625,1,MWI,1997,IHS-I,GPWG,N,c,0,1,0,0,1997,0,1997.83
1.0142078399658203,758.6937866210938,1,MWI,1997,IHS-I,GPWG,N,c,0,1,0,0,1997,0,1997.83
2.362924814224243,1053.796875,1,MWI,1997,IHS-I,GPWG,N,c,0,1,0,0,1997,0,1997.83
0.43580490350723267,580.860107421875,1,MWI,1997,IHS-I,GPWG,N,c,0,1,0,0,1997,0,1997.83
3.152667284011841,375.3713073730469,1,MWI,1997,IHS-I,GPWG,N,c,0,1,0,0,1997,0,1997.83
8.510202407836914,1297.4644775390625,1,MWI,1997,IHS-I,GPWG,N,c,0,1,0,0,1997,0,1997.83
2.2391717433929443,421.31890869140625,1,MWI,1997,IHS-I,GPWG,N,c,0,1,0,0,1997,0,1997.83
3.3032588958740234,1577.0999755859375,1,MWI,1997,IHS-I,GPWG,N,c,0,1,0,0,1997,0,1997.83
24.981361389160156,983.4322509765625,1,MWI,1997,IHS-I,GPWG,N,c,0,1,0,0,1997,0,1997.83
2.657038450241089,187.2217559814453,1,MWI,1997,IHS-I,GPWG,N,c,0,1,0,0,1997,0,1997.83
14.713174819946289,786.7457885742188,1,MWI,1997,IHS-I,GPWG,N,c,0,1,0,0,1997,0,1997.83
5.834126949310303,259.375,1,MWI,1997,IHS-I,GPWG,N,c,0,1,0,0,1997,0,1997.83
1.6430310010910034,508.237060546875,1,MWI,1997,IHS-I,GPWG,N,c,0,1,0,0,1997,0,1997.83
2.8449857234954834,689.8624877929688,1,MWI,1997,IHS-I,GPWG,N,c,0,1,0,0,1997,0,1997.83
1.561680793762207,632.2781372070312,1,MWI,1997,IHS-I,GPWG,N,c,0,1,0,0,1997,0,1997.83
8.868927955627441,231.7991485595703,1,MWI,1997,IHS-I,GPWG,N,c,0,1,0,0,1997,0,1997.83
1.2749767303466797,847.061767578125,1,MWI,1997,IHS-I,GPWG,N,c,0,1,0,0,1997,0,1997.83
3.0730478763580322,958.2977294921875,1,MWI,1997,IHS-I,GPWG,N,c,0,1,0,0,1997,0,1997.83
3.3975255489349365,387.2400817871094,1,MWI,1997,IHS-I,GPWG,N,c,0,1,0,0,1997,0,1997.83
1.2588210105895996,563.0569458007812,1,MWI,1997,IHS-I,GPWG,N,c,0,1,0,0,1997,0,1997.83
4.2510175704956055,162.1830596923828,1,MWI,1997,IHS-I,GPWG,N,c,0,1,0,0,1997,0,1997.83
8.915949821472168,261.0616149902344,1,MWI,1997,IHS-I,GPWG,N,c,0,1,0,0,1997,0,1997.83
1.4612621068954468,919.816650390625,1,MWI,1997,IHS-I,GPWG,N,c,0,1,0,0,1997,0,1997.83
7.022941589355469,302.04254150390625,1,MWI,1997,IHS-I,GPWG,N,c,0,1,0,0,1997,0,1997.83
1.1157866716384888,632.2781372070312,1,MWI,1997,IHS-I,GPWG,N,c,0,1,0,0,1997,0,1997.83
4.102936744689941,786.7457885742188,1,MWI,1997,IHS-I,GPWG,N,c,0,1,0,0,1997,0,1997.83
5.133852481842041,695.3974609375,1,MWI,1997,IHS-I,GPWG,N,c,0,1,0,0,1997,0,1997.83
9.517260551452637,783.184814453125,1,MWI,1997,IHS-I,GPWG,N,c,0,1,0,0,1997,0,1997.83
2.073807716369629,561.665283203125,1,MWI,1997,IHS-I,GPWG,N,c,0,1,0,0,1997,0,1997.83
2.778611898422241,342.1363525390625,1,MWI,1997,IHS-I,GPWG,N,c,0,1,0,0,1997,0,1997.83
1.5014008283615112,677.6494140625,1,MWI,1997,IHS-I,GPWG,N,c,0,1,0,0,1997,0,1997.83
1.7908637523651123,303.4775085449219,1,MWI,1997,IHS-I,GPWG,N,c,0,1,0,0,1997,0,1997.83
2.036628246307373,1622.593994140625,1,MWI,1997,IHS-I,GPWG,N,c,0,1,0,0,1997,0,1997.83
1.343225121498108,1256.50341796875,1,MWI,1997,IHS-I,GPWG,N,c,0,1,0,0,1997,0,1997.83
2.4068171977996826,1553.6929931640625,1,MWI,1997,IHS-I,GPWG,N,c,0,1,0,0,1997,0,1997.83
2.2554826736450195,632.2781372070312,1,MWI,1997,IHS-I,GPWG,N,c,0,1,0,0,1997,0,1997.83
1.3617477416992188,2874.89306640625,1,MWI,1997,IHS-I,GPWG,N,c,0,1,0,0,1997,0,1997.83
2.5911295413970947,786.7457885742188,1,MWI,1997,IHS-I,GPWG,N,c,0,1,0,0,1997,0,1997.83
2.0564396381378174,464.5052490234375,1,MWI,1997,IHS-I,GPWG,N,c,0,1,0,0,1997,0,1997.83
4.348282337188721,786.7457885742188,1,MWI,1997,IHS-I,GPWG,N,c,0,1,0,0,1997,0,1997.83
1.6638065576553345,1264.5562744140625,1,MWI,1997,IHS-I,GPWG,N,c,0,1,0,0,1997,0,1997.83
0.8431844115257263,758.6937866210938,1,MWI,1997,IHS-I,GPWG,N,c,0,1,0,0,1997,0,1997.83
1.811021089553833,1161.72021484375,1,MWI,1997,IHS-I,GPWG,N,c,0,1,0,0,1997,0,1997.83
9.319585800170898,1044.2464599609375,1,MWI,1997,IHS-I,GPWG,N,c,0,1,0,0,1997,0,1997.83
2.4493463039398193,232.25262451171875,1,MWI,1997,IHS-I,GPWG,N,c,0,1,0,0,1997,0,1997.83
3.0945799350738525,1180.11865234375,1,MWI,1997,IHS-I,GPWG,N,c,0,1,0,0,1997,0,1997.83
1.3765807151794434,1337.4339599609375,1,MWI,1997,IHS-I,GPWG,N,c,0,1,0,0,1997,0,1997.83
2.2832095623016357,193.6200408935547,1,MWI,1997,IHS-I,GPWG,N,c,0,1,0,0,1997,0,1997.83
3.296818971633911,210.75938415527344,1,MWI,1997,IHS-I,GPWG,N,c,0,1,0,0,1997,0,1997.83
0.9916433095932007,938.4282836914062,1,MWI,1997,IHS-I,GPWG,N,c,0,1,0,0,1997,0,1997.83
1.2040765285491943,753.21337890625,1,MWI,1997,IHS-I,GPWG,N,c,0,1,0,0,1997,0,1997.83
3.189434766769409,1187.199951171875,1,MWI,1997,IHS-I,GPWG,N,c,0,1,0,0,1997,0,1997.83
0.9406159520149231,1854.3931884765625,1,MWI,1997,IHS-I,GPWG,N,c,0,1,0,0,1997,0,1997.83
6.919320106506348,830.6170043945312,1,MWI,1997,IHS-I,GPWG,N,c,0,1,0,0,1997,0,1997.83
2.2382822036743164,187.68565368652344,1,MWI,1997,IHS-I,GPWG,N,c,0,1,0,0,1997,0,1997.83
4.335237979888916,843.0375366210938,1,MWI,1997,IHS-I,GPWG,N,c,0,1,0,0,1997,0,1997.83
3.378279209136963,695.3974609375,1,MWI,1997,IHS-I,GPWG,N,c,0,1,0,0,1997,0,1997.83
2.8091652393341064,631.9783935546875,1,MWI,1997,IHS-I,GPWG,N,c,0,1,0,0,1997,0,1997.83
23.577871322631836,261.0616149902344,1,MWI,1997,IHS-I,GPWG,N,c,0,1,0,0,1997,0,1997.83
4.41831636428833,162.1830596923828,1,MWI,1997,IHS-I,GPWG,N,c,0,1,0,0,1997,0,1997.83
1.2841498851776123,696.7578735351562,1,MWI,1997,IHS-I,GPWG,N,c,0,1,0,0,1997,0,1997.83
2.1064581871032715,742.0,1,MWI,1997,IHS-I,GPWG,N,c,0,1,0,0,1997,0,1997.83
2.5708553791046143,958.2977294921875,1,MWI,1997,IHS-I,GPWG,N,c,0,1,0,0,1997,0,1997.83
2.07509446144104,151.73875427246094,1,MWI,1997,IHS-I,GPWG,N,c,0,1,0,0,1997,0,1997.83
2.4090375900268555,1623.007568359375,1,MWI,1997,IHS-I,GPWG,N,c,0,1,0,0,1997,0,1997.83
0.7867718935012817,1036.75927734375,1,MWI,1997,IHS-I,GPWG,N,c,0,1,0,0,1997,0,1997.83
2.107343912124634,1304.2579345703125,1,MWI,1997,IHS-I,GPWG,N,c,0,1,0,0,1997,0,1997.83
1.3505641222000122,1560.339599609375,1,MWI,1997,IHS-I,GPWG,N,c,0,1,0,0,1997,0,1997.83
1.7093013525009155,1770.177978515625,1,MWI,1997,IHS-I,GPWG,N,c,0,1,0,0,1997,0,1997.83
2.1900792121887207,1739.0106201171875,1,MWI,1997,IHS-I,GPWG,N,c,0,1,0,0,1997,0,1997.83
3.288379192352295,843.0375366210938,1,MWI,1997,IHS-I,GPWG,N,c,0,1,0,0,1997,0,1997.83
0.9564312696456909,758.6937866210938,1,MWI,1997,IHS-I,GPWG,N,c,0,1,0,0,1997,0,1997.83
4.196446895599365,695.3974609375,1,MWI,1997,IHS-I,GPWG,N,c,0,1,0,0,1997,0,1997.83
1.8008869886398315,338.82470703125,1,MWI,1997,IHS-I,GPWG,N,c,0,1,0,0,1997,0,1997.83
3.0794780254364014,445.1999816894531,1,MWI,1997,IHS-I,GPWG,N,c,0,1,0,0,1997,0,1997.83
0.8592853546142578,1082.0050048828125,1,MWI,1997,IHS-I,GPWG,N,c,0,1,0,0,1997,0,1997.83
1.1042531728744507,1016.47412109375,1,MWI,1997,IHS-I,GPWG,N,c,0,1,0,0,1997,0,1997.83
4.702276229858398,297.52117919921875,1,MWI,1997,IHS-I,GPWG,N,c,0,1,0,0,1997,0,1997.83
1.816752314567566,1114.5283203125,1,MWI,1997,IHS-I,GPWG,N,c,0,1,0,0,1997,0,1997.83
2.7668371200561523,1739.0106201171875,1,MWI,1997,IHS-I,GPWG,N,c,0,1,0,0,1997,0,1997.83
0.9968645572662354,847.061767578125,1,MWI,1997,IHS-I,GPWG,N,c,0,1,0,0,1997,0,1997.83
1.1324734687805176,1295.9490966796875,1,MWI,1997,IHS-I,GPWG,N,c,0,1,0,0,1997,0,1997.83
2.8963143825531006,1895.93505859375,1,MWI,1997,IHS-I,GPWG,N,c,0,1,0,0,1997,0,1997.83
0.853696882724762,2395.744384765625,1,MWI,1997,IHS-I,GPWG,N,c,0,1,0,0,1997,0,1997.83
1.5855542421340942,798.3181762695312,1,MWI,1997,IHS-I,GPWG,N,c,0,1,0,0,1997,0,1997.83
1.3569576740264893,1437.446533203125,1,MWI,1997,IHS-I,GPWG,N,c,0,1,0,0,1997,0,1997.83
4.610534191131592,116.12631225585938,1,MWI,1997,IHS-I,GPWG,N,c,0,1,0,0,1997,0,1997.83
1.3717525005340576,1304.2579345703125,1,MWI,1997,IHS-I,GPWG,N,c,0,1,0,0,1997,0,1997.83
1.0632727146148682,1263.956787109375,1,MWI,1997,IHS-I,GPWG,N,c,0,1,0,0,1997,0,1997.83
1.0716382265090942,1016.47412109375,1,MWI,1997,IHS-I,GPWG,N,c,0,1,0,0,1997,0,1997.83
4.122126579284668,193.6200408935547,1,MWI,1997,IHS-I,GPWG,N,c,0,1,0,0,1997,0,1997.83
4.08901309967041,890.3999633789062,1,MWI,1997,IHS-I,GPWG,N,c,0,1,0,0,1997,0,1997.83
3.536342144012451,210.75938415527344,1,MWI,1997,IHS-I,GPWG,N,c,0,1,0,0,1997,0,1997.83
5.859719753265381,148.87448120117188,1,MWI,1997,IHS-I,GPWG,N,c,0,1,0,0,1997,0,1997.83
2.394801378250122,463.5982971191406,1,MWI,1997,IHS-I,GPWG,N,c,0,1,0,0,1997,0,1997.83
1.4850847721099854,1161.26318359375,1,MWI,1997,IHS-I,GPWG,N,c,0,1,0,0,1997,0,1997.83
1.6799451112747192,1553.6929931640625,1,MWI,1997,IHS-I,GPWG,N,c,0,1,0,0,1997,0,1997.83
7.033941745758057,2610.6162109375,1,MWI,1997,IHS-I,GPWG,N,c,0,1,0,0,1997,0,1997.83
1.4820865392684937,1264.5562744140625,1,MWI,1997,IHS-I,GPWG,N,c,0,1,0,0,1997,0,1997.83
2.767824649810791,338.82470703125,1,MWI,1997,IHS-I,GPWG,N,c,0,1,0,0,1997,0,1997.83
1.4324649572372437,1114.5283203125,1,MWI,1997,IHS-I,GPWG,N,c,0,1,0,0,1997,0,1997.83
17.034198760986328,1376.80517578125,1,MWI,1997,IHS-I,GPWG,N,c,0,1,0,0,1997,0,1997.83
1.4604320526123047,842.6378173828125,1,MWI,1997,IHS-I,GPWG,N,c,0,1,0,0,1997,0,1997.83
2.1219866275787354,648.7322387695312,1,MWI,1997,IHS-I,GPWG,N,c,0,1,0,0,1997,0,1997.83
1.1331636905670166,684.272705078125,1,MWI,1997,IHS-I,GPWG,N,c,0,1,0,0,1997,0,1997.83
1.7288950681686401,387.2400817871094,1,MWI,1997,IHS-I,GPWG,N,c,0,1,0,0,1997,0,1997.83
0.7684882283210754,1474.6162109375,1,MWI,1997,IHS-I,GPWG,N,c,0,1,0,0,1997,0,1997.83
2.15673565864563,1622.593994140625,1,MWI,1997,IHS-I,GPWG,N,c,0,1,0,0,1997,0,1997.83
2.8531291484832764,187.2217559814453,1,MWI,1997,IHS-I,GPWG,N,c,0,1,0,0,1997,0,1997.83
6.460746765136719,297.74896240234375,1,MWI,1997,IHS-I,GPWG,N,c,0,1,0,0,1997,0,1997.83
0.8498116135597229,927.1965942382812,1,MWI,1997,IHS-I,GPWG,N,c,0,1,0,0,1997,0,1997.83
1.7888493537902832,927.1965942382812,1,MWI,1997,IHS-I,GPWG,N,c,0,1,0,0,1997,0,1997.83
0.8281142115592957,1548.9603271484375,1,MWI,1997,IHS-I,GPWG,N,c,0,1,0,0,1997,0,1997.83
4.173237323760986,778.125,1,MWI,1997,IHS-I,GPWG,N,c,0,1,0,0,1997,0,1997.83
1.1035640239715576,929.010498046875,1,MWI,1997,IHS-I,GPWG,N,c,0,1,0,0,1997,0,1997.83
3.9482429027557373,303.4775085449219,1,MWI,1997,IHS-I,GPWG,N,c,0,1,0,0,1997,0,1997.83
1.572313666343689,750.7426147460938,1,MWI,1997,IHS-I,GPWG,N,c,0,1,0,0,1997,0,1997.83
0.7519935369491577,1053.2972412109375,1,MWI,1997,IHS-I,GPWG,N,c,0,1,0,0,1997,0,1997.83
51.32046890258789,522.1232299804688,1,MWI,1997,IHS-I,GPWG,N,c,0,1,0,0,1997,0,1997.83
11.394020080566406,1827.4312744140625,1,MWI,1997,IHS-I,GPWG,N,c,0,1,0,0,1997,0,1997.83
7.7264814376831055,393.3728942871094,1,MWI,1997,IHS-I,GPWG,N,c,0,1,0,0,1997,0,1997.83
3.344752788543701,580.860107421875,1,MWI,1997,IHS-I,GPWG,N,c,0,1,0,0,1997,0,1997.83
0.8085858225822449,774.4801635742188,1,MWI,1997,IHS-I,GPWG,N,c,0,1,0,0,1997,0,1997.83
1.4414714574813843,348.3789367675781,1,MWI,1997,IHS-I,GPWG,N,c,0,1,0,0,1997,0,1997.83
2.093498945236206,1256.50341796875,1,MWI,1997,IHS-I,GPWG,N,c,0,1,0,0,1997,0,1997.83
1.124243974685669,1555.138916015625,1,MWI,1997,IHS-I,GPWG,N,c,0,1,0,0,1997,0,1997.83
1.6460214853286743,753.902099609375,1,MWI,1997,IHS-I,GPWG,N,c,0,1,0,0,1997,0,1997.83
1.1475147008895874,1036.75927734375,1,MWI,1997,IHS-I,GPWG,N,c,0,1,0,0,1997,0,1997.83
5.151848316192627,75.51063537597656,1,MWI,1997,IHS-I,GPWG,N,c,0,1,0,0,1997,0,1997.83
1.2447646856307983,606.9550170898438,1,MWI,1997,IHS-I,GPWG,N,c,0,1,0,0,1997,0,1997.83
2.357034683227539,631.9783935546875,1,MWI,1997,IHS-I,GPWG,N,c,0,1,0,0,1997,0,1997.83
1.173232913017273,1161.72021484375,1,MWI,1997,IHS-I,GPWG,N,c,0,1,0,0,1997,0,1997.83
1.5600019693374634,1304.2579345703125,1,MWI,1997,IHS-I,GPWG,N,c,0,1,0,0,1997,0,1997.83
6.138751029968262,231.7991485595703,1,MWI,1997,IHS-I,GPWG,N,c,0,1,0,0,1997,0,1997.83
2.723081111907959,387.2400817871094,1,MWI,1997,IHS-I,GPWG,N,c,0,1,0,0,1997,0,1997.83
1.555577039718628,348.3789367675781,1,MWI,1997,IHS-I,GPWG,N,c,0,1,0,0,1997,0,1997.83
4.113397598266602,374.4435119628906,1,MWI,1997,IHS-I,GPWG,N,c,0,1,0,0,1997,0,1997.83
0.8200889825820923,929.010498046875,1,MWI,1997,IHS-I,GPWG,N,c,0,1,0,0,1997,0,1997.83
2.4298529624938965,750.7426147460938,1,MWI,1997,IHS-I,GPWG,N,c,0,1,0,0,1997,0,1997.83
1.4236849546432495,1213.9100341796875,1,MWI,1997,IHS-I,GPWG,N,c,0,1,0,0,1997,0,1997.83
4.158270835876465,296.79998779296875,1,MWI,1997,IHS-I,GPWG,N,c,0,1,0,0,1997,0,1997.83
6.152891635894775,786.7457885742188,1,MWI,1997,IHS-I,GPWG,N,c,0,1,0,0,1997,0,1997.83
8.664111137390137,2073.5185546875,1,MWI,1997,IHS-I,GPWG,N,c,0,1,0,0,1997,0,1997.83
2.3726489543914795,455.21624755859375,1,MWI,1997,IHS-I,GPWG,N,c,0,1,0,0,1997,0,1997.83
0.7767035365104675,811.5037841796875,1,MWI,1997,IHS-I,GPWG,N,c,0,1,0,0,1997,0,1997.83
6.98291015625,2163.551025390625,1,MWI,1997,IHS-I,GPWG,N,c,0,1,0,0,1997,0,1997.83
29.840085983276367,522.1232299804688,1,MWI,1997,IHS-I,GPWG,N,c,0,1,0,0,1997,0,1997.83
2.080854892730713,232.25262451171875,1,MWI,1997,IHS-I,GPWG,N,c,0,1,0,0,1997,0,1997.83
2.080169916152954,778.125,1,MWI,1997,IHS-I,GPWG,N,c,0,1,0,0,1997,0,1997.83
1.0993270874023438,580.631591796875,1,MWI,1997,IHS-I,GPWG,N,c,0,1,0,0,1997,0,1997.83
1.9056012630462646,338.82470703125,1,MWI,1997,IHS-I,GPWG,N,c,0,1,0,0,1997,0,1997.83
1.5882149934768677,847.061767578125,1,MWI,1997,IHS-I,GPWG,N,c,0,1,0,0,1997,0,1997.83
1.136427402496338,561.665283203125,1,MWI,1997,IHS-I,GPWG,N,c,0,1,0,0,1997,0,1997.83
2.1974010467529297,1053.2972412109375,1,MWI,1997,IHS-I,GPWG,N,c,0,1,0,0,1997,0,1997.83
0.8644816875457764,843.0375366210938,1,MWI,1997,IHS-I,GPWG,N,c,0,1,0,0,1997,0,1997.83
2.8214807510375977,479.14886474609375,1,MWI,1997,IHS-I,GPWG,N,c,0,1,0,0,1997,0,1997.83
4.476113796234131,1895.93505859375,1,MWI,1997,IHS-I,GPWG,N,c,0,1,0,0,1997,0,1997.83
3.4232606887817383,1759.1048583984375,1,MWI,1997,IHS-I,GPWG,N,c,0,1,0,0,1997,0,1997.83
2.706482172012329,210.75938415527344,1,MWI,1997,IHS-I,GPWG,N,c,0,1,0,0,1997,0,1997.83
0.8743370771408081,677.6494140625,1,MWI,1997,IHS-I,GPWG,N,c,0,1,0,0,1997,0,1997.83
1.233896255493164,677.6494140625,1,MWI,1997,IHS-I,GPWG,N,c,0,1,0,0,1997,0,1997.83
0.7695992588996887,1053.2972412109375,1,MWI,1997,IHS-I,GPWG,N,c,0,1,0,0,1997,0,1997.83
1.339587926864624,842.6378173828125,1,MWI,1997,IHS-I,GPWG,N,c,0,1,0,0,1997,0,1997.83
15.592188835144043,522.1232299804688,1,MWI,1997,IHS-I,GPWG,N,c,0,1,0,0,1997,0,1997.83
3.812462568283081,3157.0,1,MWI,1997,IHS-I,GPWG,N,c,0,1,0,0,1997,0,1997.83
1.099419116973877,1556.25,1,MWI,1997,IHS-I,GPWG,N,c,0,1,0,0,1997,0,1997.83
1.6241865158081055,1053.2972412109375,1,MWI,1997,IHS-I,GPWG,N,c,0,1,0,0,1997,0,1997.83
1.1371376514434814,1062.1712646484375,1,MWI,1997,IHS-I,GPWG,N,c,0,1,0,0,1997,0,1997.83
1.6405298709869385,1062.1712646484375,1,MWI,1997,IHS-I,GPWG,N,c,0,1,0,0,1997,0,1997.83
9.880908966064453,1566.36962890625,1,MWI,1997,IHS-I,GPWG,N,c,0,1,0,0,1997,0,1997.83
1.286305546760559,938.4282836914062,1,MWI,1997,IHS-I,GPWG,N,c,0,1,0,0,1997,0,1997.83
5.461171627044678,259.1898193359375,1,MWI,1997,IHS-I,GPWG,N,c,0,1,0,0,1997,0,1997.83
4.286713600158691,502.14227294921875,1,MWI,1997,IHS-I,GPWG,N,c,0,1,0,0,1997,0,1997.83
6.584466457366943,324.3661193847656,1,MWI,1997,IHS-I,GPWG,N,c,0,1,0,0,1997,0,1997.83
1.3586294651031494,777.5694580078125,1,MWI,1997,IHS-I,GPWG,N,c,0,1,0,0,1997,0,1997.83
3.5674662590026855,421.31890869140625,1,MWI,1997,IHS-I,GPWG,N,c,0,1,0,0,1997,0,1997.83
1.2500642538070679,1045.1368408203125,1,MWI,1997,IHS-I,GPWG,N,c,0,1,0,0,1997,0,1997.83
3.306609869003296,342.1363525390625,1,MWI,1997,IHS-I,GPWG,N,c,0,1,0,0,1997,0,1997.83
3.7551932334899902,1180.11865234375,1,MWI,1997,IHS-I,GPWG,N,c,0,1,0,0,1997,0,1997.83
2.526203155517578,375.3713073730469,1,MWI,1997,IHS-I,GPWG,N,c,0,1,0,0,1997,0,1997.83
1.5605103969573975,631.9783935546875,1,MWI,1997,IHS-I,GPWG,N,c,0,1,0,0,1997,0,1997.83
2.3883955478668213,296.79998779296875,1,MWI,1997,IHS-I,GPWG,N,c,0,1,0,0,1997,0,1997.83
2.4993114471435547,324.3661193847656,1,MWI,1997,IHS-I,GPWG,N,c,0,1,0,0,1997,0,1997.83
0.3669563829898834,811.5037841796875,1,MWI,1997,IHS-I,GPWG,N,c,0,1,0,0,1997,0,1997.83
0.8137462139129639,357.0254211425781,1,MWI,1997,IHS-I,GPWG,N,c,0,1,0,0,1997,0,1997.83
1.8903298377990723,338.82470703125,1,MWI,1997,IHS-I,GPWG,N,c,0,1,0,0,1997,0,1997.83
18.135591506958008,786.7457885742188,1,MWI,1997,IHS-I,GPWG,N,c,0,1,0,0,1997,0,1997.83
2.193270444869995,1390.794921875,1,MWI,1997,IHS-I,GPWG,N,c,0,1,0,0,1997,0,1997.83
2.5618317127227783,169.412353515625,1,MWI,1997,IHS-I,GPWG,N,c,0,1,0,0,1997,0,1997.83
4.010909080505371,1742.580322265625,1,MWI,1997,IHS-I,GPWG,N,c,0,1,0,0,1997,0,1997.83
3.3396995067596436,2317.991455078125,1,MWI,1997,IHS-I,GPWG,N,c,0,1,0,0,1997,0,1997.83
0.9617062211036682,606.9550170898438,1,MWI,1997,IHS-I,GPWG,N,c,0,1,0,0,1997,0,1997.83
0.9170248508453369,1352.5062255859375,1,MWI,1997,IHS-I,GPWG,N,c,0,1,0,0,1997,0,1997.83
7.398878574371338,1016.47412109375,1,MWI,1997,IHS-I,GPWG,N,c,0,1,0,0,1997,0,1997.83
4.904217720031738,1180.11865234375,1,MWI,1997,IHS-I,GPWG,N,c,0,1,0,0,1997,0,1997.83
2.2336769104003906,744.3724365234375,1,MWI,1997,IHS-I,GPWG,N,c,0,1,0,0,1997,0,1997.83
2.0274035930633545,508.237060546875,1,MWI,1997,IHS-I,GPWG,N,c,0,1,0,0,1997,0,1997.83
1.1672931909561157,677.6494140625,1,MWI,1997,IHS-I,GPWG,N,c,0,1,0,0,1997,0,1997.83
1.7369186878204346,1037.5,1,MWI,1997,IHS-I,GPWG,N,c,0,1,0,0,1997,0,1997.83
1.5636440515518188,2395.744384765625,1,MWI,1997,IHS-I,GPWG,N,c,0,1,0,0,1997,0,1997.83
1.4706549644470215,1264.5562744140625,1,MWI,1997,IHS-I,GPWG,N,c,0,1,0,0,1997,0,1997.83
1.3397725820541382,1916.595458984375,1,MWI,1997,IHS-I,GPWG,N,c,0,1,0,0,1997,0,1997.83
2.212794303894043,1313.799560546875,1,MWI,1997,IHS-I,GPWG,N,c,0,1,0,0,1997,0,1997.83
4.770853042602539,348.3789367675781,1,MWI,1997,IHS-I,GPWG,N,c,0,1,0,0,1997,0,1997.83
17.18761444091797,1573.4915771484375,1,MWI,1997,IHS-I,GPWG,N,c,0,1,0,0,1997,0,1997.83
1.4005781412124634,968.1002197265625,1,MWI,1997,IHS-I,GPWG,N,c,0,1,0,0,1997,0,1997.83
1.3217451572418213,919.816650390625,1,MWI,1997,IHS-I,GPWG,N,c,0,1,0,0,1997,0,1997.83
0.9300243258476257,1521.63427734375,1,MWI,1997,IHS-I,GPWG,N,c,0,1,0,0,1997,0,1997.83
5.072155475616455,296.79998779296875,1,MWI,1997,IHS-I,GPWG,N,c,0,1,0,0,1997,0,1997.83
6.19575834274292,259.375,1,MWI,1997,IHS-I,GPWG,N,c,0,1,0,0,1997,0,1997.83
1.3765708208084106,1016.47412109375,1,MWI,1997,IHS-I,GPWG,N,c,0,1,0,0,1997,0,1997.83
1.1699137687683105,1622.593994140625,1,MWI,1997,IHS-I,GPWG,N,c,0,1,0,0,1997,0,1997.83
1.1491113901138306,1553.6929931640625,1,MWI,1997,IHS-I,GPWG,N,c,0,1,0,0,1997,0,1997.83
1.184525966644287,632.2781372070312,1,MWI,1997,IHS-I,GPWG,N,c,0,1,0,0,1997,0,1997.83
2.417522430419922,374.4435119628906,1,MWI,1997,IHS-I,GPWG,N,c,0,1,0,0,1997,0,1997.83
2.3781180381774902,590.059326171875,1,MWI,1997,IHS-I,GPWG,N,c,0,1,0,0,1997,0,1997.83
6.635983467102051,151.73875427246094,1,MWI,1997,IHS-I,GPWG,N,c,0,1,0,0,1997,0,1997.83
1.4766521453857422,1053.2972412109375,1,MWI,1997,IHS-I,GPWG,N,c,0,1,0,0,1997,0,1997.83
1.6778239011764526,1062.1712646484375,1,MWI,1997,IHS-I,GPWG,N,c,0,1,0,0,1997,0,1997.83
0.3216826319694519,1263.956787109375,1,MWI,1997,IHS-I,GPWG,N,c,0,1,0,0,1997,0,1997.83
4.825150012969971,387.2400817871094,1,MWI,1997,IHS-I,GPWG,N,c,0,1,0,0,1997,0,1997.83
55.5646858215332,590.059326171875,1,MWI,1997,IHS-I,GPWG,N,c,0,1,0,0,1997,0,1997.83
1.295695424079895,1036.75927734375,1,MWI,1997,IHS-I,GPWG,N,c,0,1,0,0,1997,0,1997.83
1.6996417045593262,927.1965942382812,1,MWI,1997,IHS-I,GPWG,N,c,0,1,0,0,1997,0,1997.83
1.216920018196106,1264.5562744140625,1,MWI,1997,IHS-I,GPWG,N,c,0,1,0,0,1997,0,1997.83
3.65828275680542,744.3724365234375,1,MWI,1997,IHS-I,GPWG,N,c,0,1,0,0,1997,0,1997.83
6.093287944793701,528.574462890625,1,MWI,1997,IHS-I,GPWG,N,c,0,1,0,0,1997,0,1997.83
2.828869342803955,1044.2464599609375,1,MWI,1997,IHS-I,GPWG,N,c,0,1,0,0,1997,0,1997.83
3.438358783721924,297.74896240234375,1,MWI,1997,IHS-I,GPWG,N,c,0,1,0,0,1997,0,1997.83
1.370998501777649,1016.47412109375,1,MWI,1997,IHS-I,GPWG,N,c,0,1,0,0,1997,0,1997.83
1.682000994682312,508.237060546875,1,MWI,1997,IHS-I,GPWG,N,c,0,1,0,0,1997,0,1997.83
1.0794981718063354,1759.1048583984375,1,MWI,1997,IHS-I,GPWG,N,c,0,1,0,0,1997,0,1997.83
1.5759446620941162,774.4801635742188,1,MWI,1997,IHS-I,GPWG,N,c,0,1,0,0,1997,0,1997.83
1.6958118677139282,3516.516357421875,1,MWI,1997,IHS-I,GPWG,N,c,0,1,0,0,1997,0,1997.83
1.0312952995300293,1355.34033203125,1,MWI,1997,IHS-I,GPWG,N,c,0,1,0,0,1997,0,1997.83
1.2695978879928589,1956.386962890625,1,MWI,1997,IHS-I,GPWG,N,c,0,1,0,0,1997,0,1997.83
2.035479784011841,502.60137939453125,1,MWI,1997,IHS-I,GPWG,N,c,0,1,0,0,1997,0,1997.83
34.31257247924805,522.1232299804688,1,MWI,1997,IHS-I,GPWG,N,c,0,1,0,0,1997,0,1997.83
1.7838714122772217,632.2781372070312,1,MWI,1997,IHS-I,GPWG,N,c,0,1,0,0,1997,0,1997.83
6.410430908203125,593.5999755859375,1,MWI,1997,IHS-I,GPWG,N,c,0,1,0,0,1997,0,1997.83
1.591619610786438,508.237060546875,1,MWI,1997,IHS-I,GPWG,N,c,0,1,0,0,1997,0,1997.83
6.958434581756592,231.7991485595703,1,MWI,1997,IHS-I,GPWG,N,c,0,1,0,0,1997,0,1997.83
4.2558746337890625,502.60137939453125,1,MWI,1997,IHS-I,GPWG,N,c,0,1,0,0,1997,0,1997.83
1.878944993019104,387.2400817871094,1,MWI,1997,IHS-I,GPWG,N,c,0,1,0,0,1997,0,1997.83
2.3988797664642334,1573.4915771484375,1,MWI,1997,IHS-I,GPWG,N,c,0,1,0,0,1997,0,1997.83
1.8059093952178955,116.12631225585938,1,MWI,1997,IHS-I,GPWG,N,c,0,1,0,0,1997,0,1997.83
6.003067493438721,196.6864471435547,1,MWI,1997,IHS-I,GPWG,N,c,0,1,0,0,1997,0,1997.83
1.9004340171813965,3107.385986328125,1,MWI,1997,IHS-I,GPWG,N,c,0,1,0,0,1997,0,1997.83
7.251654624938965,210.65945434570312,1,MWI,1997,IHS-I,GPWG,N,c,0,1,0,0,1997,0,1997.83
4.071452617645264,810.915283203125,1,MWI,1997,IHS-I,GPWG,N,c,0,1,0,0,1997,0,1997.83
0.816255509853363,1548.9603271484375,1,MWI,1997,IHS-I,GPWG,N,c,0,1,0,0,1997,0,1997.83
1.2125598192214966,421.31890869140625,1,MWI,1997,IHS-I,GPWG,N,c,0,1,0,0,1997,0,1997.83
1.2982311248779297,1355.298828125,1,MWI,1997,IHS-I,GPWG,N,c,0,1,0,0,1997,0,1997.83
1.957584261894226,869.5053100585938,1,MWI,1997,IHS-I,GPWG,N,c,0,1,0,0,1997,0,1997.83
4.454422950744629,148.39999389648438,1,MWI,1997,IHS-I,GPWG,N,c,0,1,0,0,1997,0,1997.83
1.593702793121338,446.6234436035156,1,MWI,1997,IHS-I,GPWG,N,c,0,1,0,0,1997,0,1997.83
1.7955598831176758,778.125,1,MWI,1997,IHS-I,GPWG,N,c,0,1,0,0,1997,0,1997.83
1.5808603763580322,1686.0750732421875,1,MWI,1997,IHS-I,GPWG,N,c,0,1,0,0,1997,0,1997.83
1.0460432767868042,1165.269775390625,1,MWI,1997,IHS-I,GPWG,N,c,0,1,0,0,1997,0,1997.83
1.5851367712020874,847.061767578125,1,MWI,1997,IHS-I,GPWG,N,c,0,1,0,0,1997,0,1997.83
2.4376418590545654,652.1289672851562,1,MWI,1997,IHS-I,GPWG,N,c,0,1,0,0,1997,0,1997.83
1.781243920326233,632.2781372070312,1,MWI,1997,IHS-I,GPWG,N,c,0,1,0,0,1997,0,1997.83
1.329379677772522,1507.80419921875,1,MWI,1997,IHS-I,GPWG,N,c,0,1,0,0,1997,0,1997.83
1.5183149576187134,1686.0750732421875,1,MWI,1997,IHS-I,GPWG,N,c,0,1,0,0,1997,0,1997.83
1.5983479022979736,811.5037841796875,1,MWI,1997,IHS-I,GPWG,N,c,0,1,0,0,1997,0,1997.83
0.9730149507522583,1263.956787109375,1,MWI,1997,IHS-I,GPWG,N,c,0,1,0,0,1997,0,1997.83
2.7244951725006104,695.3974609375,1,MWI,1997,IHS-I,GPWG,N,c,0,1,0,0,1997,0,1997.83
7.395354747772217,261.0616149902344,1,MWI,1997,IHS-I,GPWG,N,c,0,1,0,0,1997,0,1997.83
2.761868476867676,1296.875,1,MWI,1997,IHS-I,GPWG,N,c,0,1,0,0,1997,0,1997.83
15.018146514892578,261.0616149902344,1,MWI,1997,IHS-I,GPWG,N,c,0,1,0,0,1997,0,1997.83
0.4323543608188629,479.14886474609375,1,MWI,1997,IHS-I,GPWG,N,c,0,1,0,0,1997,0,1997.83
1.0557637214660645,1082.0050048828125,1,MWI,1997,IHS-I,GPWG,N,c,0,1,0,0,1997,0,1997.83
6.544393062591553,393.3728942871094,1,MWI,1997,IHS-I,GPWG,N,c,0,1,0,0,1997,0,1997.83
2.0099313259124756,580.631591796875,1,MWI,1997,IHS-I,GPWG,N,c,0,1,0,0,1997,0,1997.83
3.7807631492614746,632.2781372070312,1,MWI,1997,IHS-I,GPWG,N,c,0,1,0,0,1997,0,1997.83
1.2530603408813477,1161.72021484375,1,MWI,1997,IHS-I,GPWG,N,c,0,1,0,0,1997,0,1997.83
2.8164420127868652,541.0025024414062,1,MWI,1997,IHS-I,GPWG,N,c,0,1,0,0,1997,0,1997.83
11.395023345947266,151.02127075195312,1,MWI,1997,IHS-I,GPWG,N,c,0,1,0,0,1997,0,1997.83
2.957751750946045,187.2217559814453,1,MWI,1997,IHS-I,GPWG,N,c,0,1,0,0,1997,0,1997.83
5.6554460525512695,753.21337890625,1,MWI,1997,IHS-I,GPWG,N,c,0,1,0,0,1997,0,1997.83
8.163552284240723,958.2977294921875,1,MWI,1997,IHS-I,GPWG,N,c,0,1,0,0,1997,0,1997.83
2.3453171253204346,1126.1138916015625,1,MWI,1997,IHS-I,GPWG,N,c,0,1,0,0,1997,0,1997.83
2.431699275970459,1506.4267578125,1,MWI,1997,IHS-I,GPWG,N,c,0,1,0,0,1997,0,1997.83
2.3738484382629395,893.2468872070312,1,MWI,1997,IHS-I,GPWG,N,c,0,1,0,0,1997,0,1997.83
4.6581573486328125,1304.2579345703125,1,MWI,1997,IHS-I,GPWG,N,c,0,1,0,0,1997,0,1997.83
4.8932929039001465,902.0,1,MWI,1997,IHS-I,GPWG,N,c,0,1,0,0,1997,0,1997.83
1.3127408027648926,1437.446533203125,1,MWI,1997,IHS-I,GPWG,N,c,0,1,0,0,1997,0,1997.83
6.267156600952148,324.3661193847656,1,MWI,1997,IHS-I,GPWG,N,c,0,1,0,0,1997,0,1997.83
1.9263678789138794,178.51271057128906,1,MWI,1997,IHS-I,GPWG,N,c,0,1,0,0,1997,0,1997.83
5.710789203643799,193.6200408935547,1,MWI,1997,IHS-I,GPWG,N,c,0,1,0,0,1997,0,1997.83
2.8035454750061035,1053.796875,1,MWI,1997,IHS-I,GPWG,N,c,0,1,0,0,1997,0,1997.83
3.3038434982299805,753.902099609375,1,MWI,1997,IHS-I,GPWG,N,c,0,1,0,0,1997,0,1997.83
6.40453577041626,226.5319061279297,1,MWI,1997,IHS-I,GPWG,N,c,0,1,0,0,1997,0,1997.83
1.3784313201904297,1770.177978515625,1,MWI,1997,IHS-I,GPWG,N,c,0,1,0,0,1997,0,1997.83
2.218417167663574,570.227294921875,1,MWI,1997,IHS-I,GPWG,N,c,0,1,0,0,1997,0,1997.83
3.530360698699951,590.059326171875,1,MWI,1997,IHS-I,GPWG,N,c,0,1,0,0,1997,0,1997.83
7.158527374267578,2349.554443359375,1,MWI,1997,IHS-I,GPWG,N,c,0,1,0,0,1997,0,1997.83
1.2320690155029297,1256.50341796875,1,MWI,1997,IHS-I,GPWG,N,c,0,1,0,0,1997,0,1997.83
1.8848645687103271,1053.796875,1,MWI,1997,IHS-I,GPWG,N,c,0,1,0,0,1997,0,1997.83
1.5792872905731201,843.0375366210938,1,MWI,1997,IHS-I,GPWG,N,c,0,1,0,0,1997,0,1997.83
10.691858291625977,1180.11865234375,1,MWI,1997,IHS-I,GPWG,N,c,0,1,0,0,1997,0,1997.83
2.9622645378112793,342.1363525390625,1,MWI,1997,IHS-I,GPWG,N,c,0,1,0,0,1997,0,1997.83
2.0387542247772217,1263.956787109375,1,MWI,1997,IHS-I,GPWG,N,c,0,1,0,0,1997,0,1997.83
4.793597221374512,631.9783935546875,1,MWI,1997,IHS-I,GPWG,N,c,0,1,0,0,1997,0,1997.83
1.8456212282180786,677.6494140625,1,MWI,1997,IHS-I,GPWG,N,c,0,1,0,0,1997,0,1997.83
0.6127122044563293,1814.3287353515625,1,MWI,1997,IHS-I,GPWG,N,c,0,1,0,0,1997,0,1997.83
2.8037233352661133,936.1087646484375,1,MWI,1997,IHS-I,GPWG,N,c,0,1,0,0,1997,0,1997.83
2.760864496231079,463.5982971191406,1,MWI,1997,IHS-I,GPWG,N,c,0,1,0,0,1997,0,1997.83
3.112027168273926,528.574462890625,1,MWI,1997,IHS-I,GPWG,N,c,0,1,0,0,1997,0,1997.83
2.4106831550598145,297.52117919921875,1,MWI,1997,IHS-I,GPWG,N,c,0,1,0,0,1997,0,1997.83
1.2078924179077148,4312.33984375,1,MWI,1997,IHS-I,GPWG,N,c,0,1,0,0,1997,0,1997.83
1.8275611400604248,631.9783935546875,1,MWI,1997,IHS-I,GPWG,N,c,0,1,0,0,1997,0,1997.83
2.9708261489868164,570.227294921875,1,MWI,1997,IHS-I,GPWG,N,c,0,1,0,0,1997,0,1997.83
2.042854070663452,1506.4267578125,1,MWI,1997,IHS-I,GPWG,N,c,0,1,0,0,1997,0,1997.83
1.1604214906692505,1053.796875,1,MWI,1997,IHS-I,GPWG,N,c,0,1,0,0,1997,0,1997.83
29.486799240112305,1573.4915771484375,1,MWI,1997,IHS-I,GPWG,N,c,0,1,0,0,1997,0,1997.83
3.661201238632202,421.5187683105469,1,MWI,1997,IHS-I,GPWG,N,c,0,1,0,0,1997,0,1997.83
2.9277844429016113,187.2217559814453,1,MWI,1997,IHS-I,GPWG,N,c,0,1,0,0,1997,0,1997.83
1.6663293838500977,1037.5,1,MWI,1997,IHS-I,GPWG,N,c,0,1,0,0,1997,0,1997.83
3.426619529724121,893.2468872070312,1,MWI,1997,IHS-I,GPWG,N,c,0,1,0,0,1997,0,1997.83
1.1082115173339844,1005.2027587890625,1,MWI,1997,IHS-I,GPWG,N,c,0,1,0,0,1997,0,1997.83
8.419238090515137,968.1002197265625,1,MWI,1997,IHS-I,GPWG,N,c,0,1,0,0,1997,0,1997.83
10.741013526916504,261.0616149902344,1,MWI,1997,IHS-I,GPWG,N,c,0,1,0,0,1997,0,1997.83
2.2441511154174805,593.5999755859375,1,MWI,1997,IHS-I,GPWG,N,c,0,1,0,0,1997,0,1997.83
4.89760684967041,421.5187683105469,1,MWI,1997,IHS-I,GPWG,N,c,0,1,0,0,1997,0,1997.83
7.725350379943848,1739.0106201171875,1,MWI,1997,IHS-I,GPWG,N,c,0,1,0,0,1997,0,1997.83
2.3335177898406982,1158.9957275390625,1,MWI,1997,IHS-I,GPWG,N,c,0,1,0,0,1997,0,1997.83
1.1977728605270386,696.7578735351562,1,MWI,1997,IHS-I,GPWG,N,c,0,1,0,0,1997,0,1997.83
8.757071495056152,261.0616149902344,1,MWI,1997,IHS-I,GPWG,N,c,0,1,0,0,1997,0,1997.83
6.61586856842041,938.4282836914062,1,MWI,1997,IHS-I,GPWG,N,c,0,1,0,0,1997,0,1997.83
2.112504720687866,811.5037841796875,1,MWI,1997,IHS-I,GPWG,N,c,0,1,0,0,1997,0,1997.83
2.850802421569824,563.0569458007812,1,MWI,1997,IHS-I,GPWG,N,c,0,1,0,0,1997,0,1997.83
1.139735460281372,421.5187683105469,1,MWI,1997,IHS-I,GPWG,N,c,0,1,0,0,1997,0,1997.83
1.4647246599197388,843.0375366210938,1,MWI,1997,IHS-I,GPWG,N,c,0,1,0,0,1997,0,1997.83
2.6756484508514404,1180.11865234375,1,MWI,1997,IHS-I,GPWG,N,c,0,1,0,0,1997,0,1997.83
2.628070831298828,148.39999389648438,1,MWI,1997,IHS-I,GPWG,N,c,0,1,0,0,1997,0,1997.83
1.9118186235427856,1623.007568359375,1,MWI,1997,IHS-I,GPWG,N,c,0,1,0,0,1997,0,1997.83
2.3514256477355957,652.1289672851562,1,MWI,1997,IHS-I,GPWG,N,c,0,1,0,0,1997,0,1997.83
6.809666633605957,296.79998779296875,1,MWI,1997,IHS-I,GPWG,N,c,0,1,0,0,1997,0,1997.83
8.987398147583008,151.02127075195312,1,MWI,1997,IHS-I,GPWG,N,c,0,1,0,0,1997,0,1997.83
2.3541605472564697,1053.796875,1,MWI,1997,IHS-I,GPWG,N,c,0,1,0,0,1997,0,1997.83
1.2010120153427124,2395.744384765625,1,MWI,1997,IHS-I,GPWG,N,c,0,1,0,0,1997,0,1997.83
17.732995986938477,1044.2464599609375,1,MWI,1997,IHS-I,GPWG,N,c,0,1,0,0,1997,0,1997.83
3.457937002182007,169.412353515625,1,MWI,1997,IHS-I,GPWG,N,c,0,1,0,0,1997,0,1997.83
1.5243794918060303,1759.1048583984375,1,MWI,1997,IHS-I,GPWG,N,c,0,1,0,0,1997,0,1997.83
5.934147357940674,148.87448120117188,1,MWI,1997,IHS-I,GPWG,N,c,0,1,0,0,1997,0,1997.83
0.9012778997421265,476.0339050292969,1,MWI,1997,IHS-I,GPWG,N,c,0,1,0,0,1997,0,1997.83
50.560848236083984,148.39999389648438,1,MWI,1997,IHS-I,GPWG,N,c,0,1,0,0,1997,0,1997.83
9.997583389282227,1126.1138916015625,1,MWI,1997,IHS-I,GPWG,N,c,0,1,0,0,1997,0,1997.83
3.437621593475342,563.0569458007812,1,MWI,1997,IHS-I,GPWG,N,c,0,1,0,0,1997,0,1997.83
0.6399661302566528,1053.2972412109375,1,MWI,1997,IHS-I,GPWG,N,c,0,1,0,0,1997,0,1997.83
4.516735076904297,590.059326171875,1,MWI,1997,IHS-I,GPWG,N,c,0,1,0,0,1997,0,1997.83
1.8736029863357544,753.902099609375,1,MWI,1997,IHS-I,GPWG,N,c,0,1,0,0,1997,0,1997.83
1.3642821311950684,1556.25,1,MWI,1997,IHS-I,GPWG,N,c,0,1,0,0,1997,0,1997.83
1.8559070825576782,1685.275634765625,1,MWI,1997,IHS-I,GPWG,N,c,0,1,0,0,1997,0,1997.83
1.827374815940857,2008.569091796875,1,MWI,1997,IHS-I,GPWG,N,c,0,1,0,0,1997,0,1997.83
1.3699312210083008,758.6937866210938,1,MWI,1997,IHS-I,GPWG,N,c,0,1,0,0,1997,0,1997.83
3.3928511142730713,750.7426147460938,1,MWI,1997,IHS-I,GPWG,N,c,0,1,0,0,1997,0,1997.83
1.3950717449188232,843.0375366210938,1,MWI,1997,IHS-I,GPWG,N,c,0,1,0,0,1997,0,1997.83
1.4777323007583618,1577.0999755859375,1,MWI,1997,IHS-I,GPWG,N,c,0,1,0,0,1997,0,1997.83
1.6002434492111206,456.18182373046875,1,MWI,1997,IHS-I,GPWG,N,c,0,1,0,0,1997,0,1997.83
1.884103775024414,843.0375366210938,1,MWI,1997,IHS-I,GPWG,N,c,0,1,0,0,1997,0,1997.83
1.3695578575134277,1086.881591796875,1,MWI,1997,IHS-I,GPWG,N,c,0,1,0,0,1997,0,1997.83
2.364393472671509,842.6378173828125,1,MWI,1997,IHS-I,GPWG,N,c,0,1,0,0,1997,0,1997.83
1.990240454673767,843.0375366210938,1,MWI,1997,IHS-I,GPWG,N,c,0,1,0,0,1997,0,1997.83
1.630717158317566,695.3974609375,1,MWI,1997,IHS-I,GPWG,N,c,0,1,0,0,1997,0,1997.83
1.8914600610733032,455.21624755859375,1,MWI,1997,IHS-I,GPWG,N,c,0,1,0,0,1997,0,1997.83
3.0387320518493652,783.184814453125,1,MWI,1997,IHS-I,GPWG,N,c,0,1,0,0,1997,0,1997.83
6.805981159210205,357.0254211425781,1,MWI,1997,IHS-I,GPWG,N,c,0,1,0,0,1997,0,1997.83
2.089031457901001,464.5052490234375,1,MWI,1997,IHS-I,GPWG,N,c,0,1,0,0,1997,0,1997.83
1.1715433597564697,1053.796875,1,MWI,1997,IHS-I,GPWG,N,c,0,1,0,0,1997,0,1997.83
1.228721261024475,1956.386962890625,1,MWI,1997,IHS-I,GPWG,N,c,0,1,0,0,1997,0,1997.83
4.858590126037598,261.0616149902344,1,MWI,1997,IHS-I,GPWG,N,c,0,1,0,0,1997,0,1997.83
0.9074716567993164,1916.595458984375,1,MWI,1997,IHS-I,GPWG,N,c,0,1,0,0,1997,0,1997.83
4.501063346862793,148.87448120117188,1,MWI,1997,IHS-I,GPWG,N,c,0,1,0,0,1997,0,1997.83
3.7842960357666016,842.6378173828125,1,MWI,1997,IHS-I,GPWG,N,c,0,1,0,0,1997,0,1997.83
4.556054592132568,1053.796875,1,MWI,1997,IHS-I,GPWG,N,c,0,1,0,0,1997,0,1997.83
1.9384876489639282,2527.91357421875,1,MWI,1997,IHS-I,GPWG,N,c,0,1,0,0,1997,0,1997.83
3.1464221477508545,1264.5562744140625,1,MWI,1997,IHS-I,GPWG,N,c,0,1,0,0,1997,0,1997.83
1.2281832695007324,508.237060546875,1,MWI,1997,IHS-I,GPWG,N,c,0,1,0,0,1997,0,1997.83
2.5075063705444336,776.8464965820312,1,MWI,1997,IHS-I,GPWG,N,c,0,1,0,0,1997,0,1997.83
4.607260704040527,783.184814453125,1,MWI,1997,IHS-I,GPWG,N,c,0,1,0,0,1997,0,1997.83
1.8009750843048096,648.7322387695312,1,MWI,1997,IHS-I,GPWG,N,c,0,1,0,0,1997,0,1997.83
3.4141030311584473,226.5319061279297,1,MWI,1997,IHS-I,GPWG,N,c,0,1,0,0,1997,0,1997.83
0.8716899156570435,631.9783935546875,1,MWI,1997,IHS-I,GPWG,N,c,0,1,0,0,1997,0,1997.83
1.5730838775634766,2010.405517578125,1,MWI,1997,IHS-I,GPWG,N,c,0,1,0,0,1997,0,1997.83
2.0926966667175293,1086.881591796875,1,MWI,1997,IHS-I,GPWG,N,c,0,1,0,0,1997,0,1997.83
2.074742555618286,593.5999755859375,1,MWI,1997,IHS-I,GPWG,N,c,0,1,0,0,1997,0,1997.83
4.171980381011963,226.5319061279297,1,MWI,1997,IHS-I,GPWG,N,c,0,1,0,0,1997,0,1997.83
1.3471581935882568,1053.2972412109375,1,MWI,1997,IHS-I,GPWG,N,c,0,1,0,0,1997,0,1997.83
9.430030822753906,162.1830596923828,1,MWI,1997,IHS-I,GPWG,N,c,0,1,0,0,1997,0,1997.83
2.0558180809020996,303.4775085449219,1,MWI,1997,IHS-I,GPWG,N,c,0,1,0,0,1997,0,1997.83
4.280893802642822,421.5187683105469,1,MWI,1997,IHS-I,GPWG,N,c,0,1,0,0,1997,0,1997.83
2.9143266677856445,446.6234436035156,1,MWI,1997,IHS-I,GPWG,N,c,0,1,0,0,1997,0,1997.83
1.775058627128601,2874.89306640625,1,MWI,1997,IHS-I,GPWG,N,c,0,1,0,0,1997,0,1997.83
2.2845613956451416,753.21337890625,1,MWI,1997,IHS-I,GPWG,N,c,0,1,0,0,1997,0,1997.83
1.140068769454956,606.9550170898438,1,MWI,1997,IHS-I,GPWG,N,c,0,1,0,0,1997,0,1997.83
353.71282958984375,1827.4312744140625,1,MWI,1997,IHS-I,GPWG,N,c,0,1,0,0,1997,0,1997.83
2.3472819328308105,810.915283203125,1,MWI,1997,IHS-I,GPWG,N,c,0,1,0,0,1997,0,1997.83
1.0074660778045654,1185.886474609375,1,MWI,1997,IHS-I,GPWG,N,c,0,1,0,0,1997,0,1997.83
2.0732810497283936,231.7991485595703,1,MWI,1997,IHS-I,GPWG,N,c,0,1,0,0,1997,0,1997.83
7.331038951873779,2360.2373046875,1,MWI,1997,IHS-I,GPWG,N,c,0,1,0,0,1997,0,1997.83
3.503269910812378,774.4801635742188,1,MWI,1997,IHS-I,GPWG,N,c,0,1,0,0,1997,0,1997.83
1.4959527254104614,1577.0999755859375,1,MWI,1997,IHS-I,GPWG,N,c,0,1,0,0,1997,0,1997.83
1.4330536127090454,843.0375366210938,1,MWI,1997,IHS-I,GPWG,N,c,0,1,0,0,1997,0,1997.83
1.3074901103973389,1004.2845458984375,1,MWI,1997,IHS-I,GPWG,N,c,0,1,0,0,1997,0,1997.83
2.2636094093322754,1187.199951171875,1,MWI,1997,IHS-I,GPWG,N,c,0,1,0,0,1997,0,1997.83
1.6064958572387695,541.0025024414062,1,MWI,1997,IHS-I,GPWG,N,c,0,1,0,0,1997,0,1997.83
4.076067924499512,302.04254150390625,1,MWI,1997,IHS-I,GPWG,N,c,0,1,0,0,1997,0,1997.83
3.342146873474121,1165.269775390625,1,MWI,1997,IHS-I,GPWG,N,c,0,1,0,0,1997,0,1997.83
2.421393871307373,786.7457885742188,1,MWI,1997,IHS-I,GPWG,N,c,0,1,0,0,1997,0,1997.83
7.54895544052124,162.1830596923828,1,MWI,1997,IHS-I,GPWG,N,c,0,1,0,0,1997,0,1997.83
0.36922964453697205,1053.2972412109375,1,MWI,1997,IHS-I,GPWG,N,c,0,1,0,0,1997,0,1997.83
2.765369415283203,1005.2027587890625,1,MWI,1997,IHS-I,GPWG,N,c,0,1,0,0,1997,0,1997.83
0.9207353591918945,810.915283203125,1,MWI,1997,IHS-I,GPWG,N,c,0,1,0,0,1997,0,1997.83
1.8088643550872803,696.7578735351562,1,MWI,1997,IHS-I,GPWG,N,c,0,1,0,0,1997,0,1997.83
1.6563942432403564,632.2781372070312,1,MWI,1997,IHS-I,GPWG,N,c,0,1,0,0,1997,0,1997.83
3.1440367698669434,421.5187683105469,1,MWI,1997,IHS-I,GPWG,N,c,0,1,0,0,1997,0,1997.83
3.239932060241699,632.2781372070312,1,MWI,1997,IHS-I,GPWG,N,c,0,1,0,0,1997,0,1997.83
1.180450201034546,648.7322387695312,1,MWI,1997,IHS-I,GPWG,N,c,0,1,0,0,1997,0,1997.83
2.4904046058654785,377.55316162109375,1,MWI,1997,IHS-I,GPWG,N,c,0,1,0,0,1997,0,1997.83
1.0788531303405762,842.6378173828125,1,MWI,1997,IHS-I,GPWG,N,c,0,1,0,0,1997,0,1997.83
3.5958995819091797,1086.881591796875,1,MWI,1997,IHS-I,GPWG,N,c,0,1,0,0,1997,0,1997.83
1.653277039527893,1475.315673828125,1,MWI,1997,IHS-I,GPWG,N,c,0,1,0,0,1997,0,1997.83
5.356865406036377,604.0850830078125,1,MWI,1997,IHS-I,GPWG,N,c,0,1,0,0,1997,0,1997.83
2.2569642066955566,919.816650390625,1,MWI,1997,IHS-I,GPWG,N,c,0,1,0,0,1997,0,1997.83
3.084667921066284,259.1898193359375,1,MWI,1997,IHS-I,GPWG,N,c,0,1,0,0,1997,0,1997.83
12.587749481201172,783.184814453125,1,MWI,1997,IHS-I,GPWG,N,c,0,1,0,0,1997,0,1997.83
2.540663957595825,1044.2464599609375,1,MWI,1997,IHS-I,GPWG,N,c,0,1,0,0,1997,0,1997.83
5.301573276519775,459.9083251953125,1,MWI,1997,IHS-I,GPWG,N,c,0,1,0,0,1997,0,1997.83
1.3891445398330688,774.4801635742188,1,MWI,1997,IHS-I,GPWG,N,c,0,1,0,0,1997,0,1997.83
3.095411539077759,222.90565490722656,1,MWI,1997,IHS-I,GPWG,N,c,0,1,0,0,1997,0,1997.83
1.6251020431518555,2086.1923828125,1,MWI,1997,IHS-I,GPWG,N,c,0,1,0,0,1997,0,1997.83
17.580446243286133,393.3728942871094,1,MWI,1997,IHS-I,GPWG,N,c,0,1,0,0,1997,0,1997.83
2.699786901473999,486.5491943359375,1,MWI,1997,IHS-I,GPWG,N,c,0,1,0,0,1997,0,1997.83
1.0267850160598755,1082.0050048828125,1,MWI,1997,IHS-I,GPWG,N,c,0,1,0,0,1997,0,1997.83
2.169205665588379,843.0375366210938,1,MWI,1997,IHS-I,GPWG,N,c,0,1,0,0,1997,0,1997.83
3.1676390171051025,1263.956787109375,1,MWI,1997,IHS-I,GPWG,N,c,0,1,0,0,1997,0,1997.83
2.820873260498047,296.79998779296875,1,MWI,1997,IHS-I,GPWG,N,c,0,1,0,0,1997,0,1997.83
2.638235330581665,1757.4979248046875,1,MWI,1997,IHS-I,GPWG,N,c,0,1,0,0,1997,0,1997.83
2.568119525909424,178.51271057128906,1,MWI,1997,IHS-I,GPWG,N,c,0,1,0,0,1997,0,1997.83
4.56339168548584,1376.80517578125,1,MWI,1997,IHS-I,GPWG,N,c,0,1,0,0,1997,0,1997.83
2.1451821327209473,580.631591796875,1,MWI,1997,IHS-I,GPWG,N,c,0,1,0,0,1997,0,1997.83
3.2175819873809814,375.3713073730469,1,MWI,1997,IHS-I,GPWG,N,c,0,1,0,0,1997,0,1997.83
1.1707569360733032,774.4801635742188,1,MWI,1997,IHS-I,GPWG,N,c,0,1,0,0,1997,0,1997.83
2.103989839553833,1437.446533203125,1,MWI,1997,IHS-I,GPWG,N,c,0,1,0,0,1997,0,1997.83
1.0080159902572632,1053.2972412109375,1,MWI,1997,IHS-I,GPWG,N,c,0,1,0,0,1997,0,1997.83
17.672555923461914,590.059326171875,1,MWI,1997,IHS-I,GPWG,N,c,0,1,0,0,1997,0,1997.83
9.625295639038086,434.7526550292969,1,MWI,1997,IHS-I,GPWG,N,c,0,1,0,0,1997,0,1997.83
3.652150869369507,169.412353515625,1,MWI,1997,IHS-I,GPWG,N,c,0,1,0,0,1997,0,1997.83
1.382727861404419,1182.824951171875,1,MWI,1997,IHS-I,GPWG,N,c,0,1,0,0,1997,0,1997.83
1.996006727218628,563.0569458007812,1,MWI,1997,IHS-I,GPWG,N,c,0,1,0,0,1997,0,1997.83
1.1888585090637207,1759.1048583984375,1,MWI,1997,IHS-I,GPWG,N,c,0,1,0,0,1997,0,1997.83
2.137016534805298,919.816650390625,1,MWI,1997,IHS-I,GPWG,N,c,0,1,0,0,1997,0,1997.83
2.9754488468170166,259.375,1,MWI,1997,IHS-I,GPWG,N,c,0,1,0,0,1997,0,1997.83
1.173268437385559,210.75938415527344,1,MWI,1997,IHS-I,GPWG,N,c,0,1,0,0,1997,0,1997.83
1.82664954662323,169.412353515625,1,MWI,1997,IHS-I,GPWG,N,c,0,1,0,0,1997,0,1997.83
2.5456557273864746,342.1363525390625,1,MWI,1997,IHS-I,GPWG,N,c,0,1,0,0,1997,0,1997.83
1.6549252271652222,455.21624755859375,1,MWI,1997,IHS-I,GPWG,N,c,0,1,0,0,1997,0,1997.83
2.768760919570923,1053.2972412109375,1,MWI,1997,IHS-I,GPWG,N,c,0,1,0,0,1997,0,1997.83
2.110853672027588,270.5012512207031,1,MWI,1997,IHS-I,GPWG,N,c,0,1,0,0,1997,0,1997.83
2.009505271911621,464.5052490234375,1,MWI,1997,IHS-I,GPWG,N,c,0,1,0,0,1997,0,1997.83
1.1168879270553589,1135.2813720703125,1,MWI,1997,IHS-I,GPWG,N,c,0,1,0,0,1997,0,1997.83
0.4602961540222168,1623.007568359375,1,MWI,1997,IHS-I,GPWG,N,c,0,1,0,0,1997,0,1997.83
6.872836589813232,2395.744384765625,1,MWI,1997,IHS-I,GPWG,N,c,0,1,0,0,1997,0,1997.83
1.911454200744629,606.9550170898438,1,MWI,1997,IHS-I,GPWG,N,c,0,1,0,0,1997,0,1997.83
1.3371572494506836,1264.5562744140625,1,MWI,1997,IHS-I,GPWG,N,c,0,1,0,0,1997,0,1997.83
5.578768253326416,421.5187683105469,1,MWI,1997,IHS-I,GPWG,N,c,0,1,0,0,1997,0,1997.83
2.6507205963134766,1839.63330078125,1,MWI,1997,IHS-I,GPWG,N,c,0,1,0,0,1997,0,1997.83
1.1971259117126465,580.631591796875,1,MWI,1997,IHS-I,GPWG,N,c,0,1,0,0,1997,0,1997.83
10.18945026397705,652.1289672851562,1,MWI,1997,IHS-I,GPWG,N,c,0,1,0,0,1997,0,1997.83
3.890028953552246,563.0569458007812,1,MWI,1997,IHS-I,GPWG,N,c,0,1,0,0,1997,0,1997.83
2.7132904529571533,463.5982971191406,1,MWI,1997,IHS-I,GPWG,N,c,0,1,0,0,1997,0,1997.83
4.46942138671875,196.6864471435547,1,MWI,1997,IHS-I,GPWG,N,c,0,1,0,0,1997,0,1997.83
2.366492748260498,518.75,1,MWI,1997,IHS-I,GPWG,N,c,0,1,0,0,1997,0,1997.83
1.7321126461029053,561.665283203125,1,MWI,1997,IHS-I,GPWG,N,c,0,1,0,0,1997,0,1997.83
2.44222092628479,842.6378173828125,1,MWI,1997,IHS-I,GPWG,N,c,0,1,0,0,1997,0,1997.83
2.3276875019073486,891.6226196289062,1,MWI,1997,IHS-I,GPWG,N,c,0,1,0,0,1997,0,1997.83
2.387885808944702,695.3974609375,1,MWI,1997,IHS-I,GPWG,N,c,0,1,0,0,1997,0,1997.83
2.938380718231201,631.9783935546875,1,MWI,1997,IHS-I,GPWG,N,c,0,1,0,0,1997,0,1997.83
2.8143413066864014,387.2400817871094,1,MWI,1997,IHS-I,GPWG,N,c,0,1,0,0,1997,0,1997.83
3.502634286880493,652.1289672851562,1,MWI,1997,IHS-I,GPWG,N,c,0,1,0,0,1997,0,1997.83
7.187586784362793,631.9783935546875,1,MWI,1997,IHS-I,GPWG,N,c,0,1,0,0,1997,0,1997.83
4.540287494659424,677.6494140625,1,MWI,1997,IHS-I,GPWG,N,c,0,1,0,0,1997,0,1997.83
3.509305953979492,259.375,1,MWI,1997,IHS-I,GPWG,N,c,0,1,0,0,1997,0,1997.83
1.2126712799072266,938.4282836914062,1,MWI,1997,IHS-I,GPWG,N,c,0,1,0,0,1997,0,1997.83
1.9415652751922607,1297.4644775390625,1,MWI,1997,IHS-I,GPWG,N,c,0,1,0,0,1997,0,1997.83
2.027491331100464,632.2781372070312,1,MWI,1997,IHS-I,GPWG,N,c,0,1,0,0,1997,0,1997.83
4.676849842071533,324.3661193847656,1,MWI,1997,IHS-I,GPWG,N,c,0,1,0,0,1997,0,1997.83
7.25620174407959,563.0569458007812,1,MWI,1997,IHS-I,GPWG,N,c,0,1,0,0,1997,0,1997.83
0.594230592250824,973.098388671875,1,MWI,1997,IHS-I,GPWG,N,c,0,1,0,0,1997,0,1997.83
2.3395843505859375,684.272705078125,1,MWI,1997,IHS-I,GPWG,N,c,0,1,0,0,1997,0,1997.83
4.761126518249512,1353.0,1,MWI,1997,IHS-I,GPWG,N,c,0,1,0,0,1997,0,1997.83
2.384096145629883,486.5491943359375,1,MWI,1997,IHS-I,GPWG,N,c,0,1,0,0,1997,0,1997.83
2.7034058570861816,459.9083251953125,1,MWI,1997,IHS-I,GPWG,N,c,0,1,0,0,1997,0,1997.83
0.9424117803573608,2106.594482421875,1,MWI,1997,IHS-I,GPWG,N,c,0,1,0,0,1997,0,1997.83
2.7769181728363037,479.14886474609375,1,MWI,1997,IHS-I,GPWG,N,c,0,1,0,0,1997,0,1997.83
15.759775161743164,1044.2464599609375,1,MWI,1997,IHS-I,GPWG,N,c,0,1,0,0,1997,0,1997.83
3.8280696868896484,231.7991485595703,1,MWI,1997,IHS-I,GPWG,N,c,0,1,0,0,1997,0,1997.83
2.5966503620147705,2008.569091796875,1,MWI,1997,IHS-I,GPWG,N,c,0,1,0,0,1997,0,1997.83
3.4125845432281494,983.4322509765625,1,MWI,1997,IHS-I,GPWG,N,c,0,1,0,0,1997,0,1997.83
5.160341262817383,377.55316162109375,1,MWI,1997,IHS-I,GPWG,N,c,0,1,0,0,1997,0,1997.83
3.742246150970459,226.5319061279297,1,MWI,1997,IHS-I,GPWG,N,c,0,1,0,0,1997,0,1997.83
5.246425151824951,1044.2464599609375,1,MWI,1997,IHS-I,GPWG,N,c,0,1,0,0,1997,0,1997.83
4.130000591278076,377.55316162109375,1,MWI,1997,IHS-I,GPWG,N,c,0,1,0,0,1997,0,1997.83
5.604944229125977,695.3974609375,1,MWI,1997,IHS-I,GPWG,N,c,0,1,0,0,1997,0,1997.83
6.963986873626709,753.21337890625,1,MWI,1997,IHS-I,GPWG,N,c,0,1,0,0,1997,0,1997.83
1.3913285732269287,1158.9957275390625,1,MWI,1997,IHS-I,GPWG,N,c,0,1,0,0,1997,0,1997.83
2.3654706478118896,1553.6929931640625,1,MWI,1997,IHS-I,GPWG,N,c,0,1,0,0,1997,0,1997.83
1.397525429725647,1277.389404296875,1,MWI,1997,IHS-I,GPWG,N,c,0,1,0,0,1997,0,1997.83
1.0730164051055908,455.21624755859375,1,MWI,1997,IHS-I,GPWG,N,c,0,1,0,0,1997,0,1997.83
4.023972511291504,1685.275634765625,1,MWI,1997,IHS-I,GPWG,N,c,0,1,0,0,1997,0,1997.83
7.152797698974609,1086.881591796875,1,MWI,1997,IHS-I,GPWG,N,c,0,1,0,0,1997,0,1997.83
1.1729631423950195,1555.138916015625,1,MWI,1997,IHS-I,GPWG,N,c,0,1,0,0,1997,0,1997.83
9.386941909790039,593.5999755859375,1,MWI,1997,IHS-I,GPWG,N,c,0,1,0,0,1997,0,1997.83
3.315294027328491,421.5187683105469,1,MWI,1997,IHS-I,GPWG,N,c,0,1,0,0,1997,0,1997.83
2.358135938644409,1814.3287353515625,1,MWI,1997,IHS-I,GPWG,N,c,0,1,0,0,1997,0,1997.83
4.865212917327881,445.1999816894531,1,MWI,1997,IHS-I,GPWG,N,c,0,1,0,0,1997,0,1997.83
1.5244007110595703,1264.5562744140625,1,MWI,1997,IHS-I,GPWG,N,c,0,1,0,0,1997,0,1997.83
1.244866132736206,2332.70849609375,1,MWI,1997,IHS-I,GPWG,N,c,0,1,0,0,1997,0,1997.83
3.466123104095459,421.5187683105469,1,MWI,1997,IHS-I,GPWG,N,c,0,1,0,0,1997,0,1997.83
3.9031760692596436,302.04254150390625,1,MWI,1997,IHS-I,GPWG,N,c,0,1,0,0,1997,0,1997.83
3.345621347427368,890.3999633789062,1,MWI,1997,IHS-I,GPWG,N,c,0,1,0,0,1997,0,1997.83
2.4685256481170654,421.5187683105469,1,MWI,1997,IHS-I,GPWG,N,c,0,1,0,0,1997,0,1997.83
1.3580108880996704,178.51271057128906,1,MWI,1997,IHS-I,GPWG,N,c,0,1,0,0,1997,0,1997.83
1.4351543188095093,2317.991455078125,1,MWI,1997,IHS-I,GPWG,N,c,0,1,0,0,1997,0,1997.83
6.5851335525512695,421.5187683105469,1,MWI,1997,IHS-I,GPWG,N,c,0,1,0,0,1997,0,1997.83
7.404992580413818,228.09091186523438,1,MWI,1997,IHS-I,GPWG,N,c,0,1,0,0,1997,0,1997.83
0.997919499874115,1053.796875,1,MWI,1997,IHS-I,GPWG,N,c,0,1,0,0,1997,0,1997.83
3.085146903991699,561.665283203125,1,MWI,1997,IHS-I,GPWG,N,c,0,1,0,0,1997,0,1997.83
2.478461265563965,847.061767578125,1,MWI,1997,IHS-I,GPWG,N,c,0,1,0,0,1997,0,1997.83
0.6131751537322998,748.8870239257812,1,MWI,1997,IHS-I,GPWG,N,c,0,1,0,0,1997,0,1997.83
2.1897709369659424,843.0375366210938,1,MWI,1997,IHS-I,GPWG,N,c,0,1,0,0,1997,0,1997.83
1.470739483833313,936.1087646484375,1,MWI,1997,IHS-I,GPWG,N,c,0,1,0,0,1997,0,1997.83
2.5589935779571533,696.7578735351562,1,MWI,1997,IHS-I,GPWG,N,c,0,1,0,0,1997,0,1997.83
3.5302982330322266,750.7426147460938,1,MWI,1997,IHS-I,GPWG,N,c,0,1,0,0,1997,0,1997.83
2.201162338256836,1158.9957275390625,1,MWI,1997,IHS-I,GPWG,N,c,0,1,0,0,1997,0,1997.83
6.2537007331848145,261.0616149902344,1,MWI,1997,IHS-I,GPWG,N,c,0,1,0,0,1997,0,1997.83
3.974592924118042,421.5187683105469,1,MWI,1997,IHS-I,GPWG,N,c,0,1,0,0,1997,0,1997.83
2.1918599605560303,374.4435119628906,1,MWI,1997,IHS-I,GPWG,N,c,0,1,0,0,1997,0,1997.83
1.1594892740249634,421.5187683105469,1,MWI,1997,IHS-I,GPWG,N,c,0,1,0,0,1997,0,1997.83
1.863654375076294,508.237060546875,1,MWI,1997,IHS-I,GPWG,N,c,0,1,0,0,1997,0,1997.83
5.38284969329834,632.2781372070312,1,MWI,1997,IHS-I,GPWG,N,c,0,1,0,0,1997,0,1997.83
3.1359708309173584,226.5319061279297,1,MWI,1997,IHS-I,GPWG,N,c,0,1,0,0,1997,0,1997.83
1.202807903289795,1623.007568359375,1,MWI,1997,IHS-I,GPWG,N,c,0,1,0,0,1997,0,1997.83
4.457330226898193,463.5982971191406,1,MWI,1997,IHS-I,GPWG,N,c,0,1,0,0,1997,0,1997.83
4.912619113922119,377.55316162109375,1,MWI,1997,IHS-I,GPWG,N,c,0,1,0,0,1997,0,1997.83
1.1161209344863892,3107.385986328125,1,MWI,1997,IHS-I,GPWG,N,c,0,1,0,0,1997,0,1997.83
2.8976473808288574,421.5187683105469,1,MWI,1997,IHS-I,GPWG,N,c,0,1,0,0,1997,0,1997.83
0.8019791841506958,842.6378173828125,1,MWI,1997,IHS-I,GPWG,N,c,0,1,0,0,1997,0,1997.83
1.100081205368042,929.010498046875,1,MWI,1997,IHS-I,GPWG,N,c,0,1,0,0,1997,0,1997.83
1.1744197607040405,758.6937866210938,1,MWI,1997,IHS-I,GPWG,N,c,0,1,0,0,1997,0,1997.83
2.0857529640197754,455.21624755859375,1,MWI,1997,IHS-I,GPWG,N,c,0,1,0,0,1997,0,1997.83
2.1879184246063232,1390.794921875,1,MWI,1997,IHS-I,GPWG,N,c,0,1,0,0,1997,0,1997.83
2.739776372909546,778.125,1,MWI,1997,IHS-I,GPWG,N,c,0,1,0,0,1997,0,1997.83
2.269845962524414,1804.0,1,MWI,1997,IHS-I,GPWG,N,c,0,1,0,0,1997,0,1997.83
1.2850728034973145,777.5694580078125,1,MWI,1997,IHS-I,GPWG,N,c,0,1,0,0,1997,0,1997.83
19.768699645996094,983.4322509765625,1,MWI,1997,IHS-I,GPWG,N,c,0,1,0,0,1997,0,1997.83
2.8707499504089355,938.4282836914062,1,MWI,1997,IHS-I,GPWG,N,c,0,1,0,0,1997,0,1997.83
5.032394886016846,434.7526550292969,1,MWI,1997,IHS-I,GPWG,N,c,0,1,0,0,1997,0,1997.83
0.9120256304740906,1126.1138916015625,1,MWI,1997,IHS-I,GPWG,N,c,0,1,0,0,1997,0,1997.83
9.098674774169922,563.0569458007812,1,MWI,1997,IHS-I,GPWG,N,c,0,1,0,0,1997,0,1997.83
1.8749306201934814,677.6494140625,1,MWI,1997,IHS-I,GPWG,N,c,0,1,0,0,1997,0,1997.83
2.4980149269104004,193.6200408935547,1,MWI,1997,IHS-I,GPWG,N,c,0,1,0,0,1997,0,1997.83
2.531376361846924,421.5187683105469,1,MWI,1997,IHS-I,GPWG,N,c,0,1,0,0,1997,0,1997.83
1.8044273853302002,1158.9957275390625,1,MWI,1997,IHS-I,GPWG,N,c,0,1,0,0,1997,0,1997.83
3.759747266769409,455.21624755859375,1,MWI,1997,IHS-I,GPWG,N,c,0,1,0,0,1997,0,1997.83
2.346313953399658,508.237060546875,1,MWI,1997,IHS-I,GPWG,N,c,0,1,0,0,1997,0,1997.83
13.07776927947998,196.6864471435547,1,MWI,1997,IHS-I,GPWG,N,c,0,1,0,0,1997,0,1997.83
1.4008604288101196,1475.315673828125,1,MWI,1997,IHS-I,GPWG,N,c,0,1,0,0,1997,0,1997.83
0.7351851463317871,774.4801635742188,1,MWI,1997,IHS-I,GPWG,N,c,0,1,0,0,1997,0,1997.83
1.4990662336349487,912.3636474609375,1,MWI,1997,IHS-I,GPWG,N,c,0,1,0,0,1997,0,1997.83
2.1171557903289795,891.6226196289062,1,MWI,1997,IHS-I,GPWG,N,c,0,1,0,0,1997,0,1997.83
1.2095316648483276,1045.1368408203125,1,MWI,1997,IHS-I,GPWG,N,c,0,1,0,0,1997,0,1997.83
0.873494029045105,606.9550170898438,1,MWI,1997,IHS-I,GPWG,N,c,0,1,0,0,1997,0,1997.83
1.6770095825195312,580.860107421875,1,MWI,1997,IHS-I,GPWG,N,c,0,1,0,0,1997,0,1997.83
1.5910857915878296,677.6494140625,1,MWI,1997,IHS-I,GPWG,N,c,0,1,0,0,1997,0,1997.83
2.466137409210205,604.0850830078125,1,MWI,1997,IHS-I,GPWG,N,c,0,1,0,0,1997,0,1997.83
1.8880966901779175,632.2781372070312,1,MWI,1997,IHS-I,GPWG,N,c,0,1,0,0,1997,0,1997.83
1.9016568660736084,968.1002197265625,1,MWI,1997,IHS-I,GPWG,N,c,0,1,0,0,1997,0,1997.83
2.3047704696655273,222.90565490722656,1,MWI,1997,IHS-I,GPWG,N,c,0,1,0,0,1997,0,1997.83
1.2922261953353882,1264.5562744140625,1,MWI,1997,IHS-I,GPWG,N,c,0,1,0,0,1997,0,1997.83
0.7237606048583984,748.8870239257812,1,MWI,1997,IHS-I,GPWG,N,c,0,1,0,0,1997,0,1997.83
2.3752031326293945,778.125,1,MWI,1997,IHS-I,GPWG,N,c,0,1,0,0,1997,0,1997.83
3.4957571029663086,1507.80419921875,1,MWI,1997,IHS-I,GPWG,N,c,0,1,0,0,1997,0,1997.83
1.0038293600082397,632.2781372070312,1,MWI,1997,IHS-I,GPWG,N,c,0,1,0,0,1997,0,1997.83
4.5603928565979,753.902099609375,1,MWI,1997,IHS-I,GPWG,N,c,0,1,0,0,1997,0,1997.83
0.7322260737419128,1004.2845458984375,1,MWI,1997,IHS-I,GPWG,N,c,0,1,0,0,1997,0,1997.83
16.89708137512207,114.04545593261719,1,MWI,1997,IHS-I,GPWG,N,c,0,1,0,0,1997,0,1997.83
1.979470133781433,348.3789367675781,1,MWI,1997,IHS-I,GPWG,N,c,0,1,0,0,1997,0,1997.83
1.1379402875900269,1126.1138916015625,1,MWI,1997,IHS-I,GPWG,N,c,0,1,0,0,1997,0,1997.83
1.536332368850708,748.8870239257812,1,MWI,1997,IHS-I,GPWG,N,c,0,1,0,0,1997,0,1997.83
2.006152391433716,927.1965942382812,1,MWI,1997,IHS-I,GPWG,N,c,0,1,0,0,1997,0,1997.83
2.5770843029022217,606.9550170898438,1,MWI,1997,IHS-I,GPWG,N,c,0,1,0,0,1997,0,1997.83
2.4191205501556396,843.0375366210938,1,MWI,1997,IHS-I,GPWG,N,c,0,1,0,0,1997,0,1997.83
3.4050588607788086,590.059326171875,1,MWI,1997,IHS-I,GPWG,N,c,0,1,0,0,1997,0,1997.83
3.048799514770508,348.3789367675781,1,MWI,1997,IHS-I,GPWG,N,c,0,1,0,0,1997,0,1997.83
2.5451037883758545,518.75,1,MWI,1997,IHS-I,GPWG,N,c,0,1,0,0,1997,0,1997.83
1.894458532333374,843.0375366210938,1,MWI,1997,IHS-I,GPWG,N,c,0,1,0,0,1997,0,1997.83
4.766271591186523,169.412353515625,1,MWI,1997,IHS-I,GPWG,N,c,0,1,0,0,1997,0,1997.83
1.5950253009796143,1916.595458984375,1,MWI,1997,IHS-I,GPWG,N,c,0,1,0,0,1997,0,1997.83
3.3949429988861084,811.5037841796875,1,MWI,1997,IHS-I,GPWG,N,c,0,1,0,0,1997,0,1997.83
1.8572646379470825,421.5187683105469,1,MWI,1997,IHS-I,GPWG,N,c,0,1,0,0,1997,0,1997.83
2.234583854675293,151.73875427246094,1,MWI,1997,IHS-I,GPWG,N,c,0,1,0,0,1997,0,1997.83
1.0064789056777954,847.061767578125,1,MWI,1997,IHS-I,GPWG,N,c,0,1,0,0,1997,0,1997.83
1.385969638824463,842.6378173828125,1,MWI,1997,IHS-I,GPWG,N,c,0,1,0,0,1997,0,1997.83
3.2494568824768066,2173.76318359375,1,MWI,1997,IHS-I,GPWG,N,c,0,1,0,0,1997,0,1997.83
7.0689544677734375,357.0254211425781,1,MWI,1997,IHS-I,GPWG,N,c,0,1,0,0,1997,0,1997.83
1.923828363418579,1053.796875,1,MWI,1997,IHS-I,GPWG,N,c,0,1,0,0,1997,0,1997.83
4.226305961608887,1437.446533203125,1,MWI,1997,IHS-I,GPWG,N,c,0,1,0,0,1997,0,1997.83
1.247278094291687,1158.9957275390625,1,MWI,1997,IHS-I,GPWG,N,c,0,1,0,0,1997,0,1997.83
2.3845221996307373,631.9783935546875,1,MWI,1997,IHS-I,GPWG,N,c,0,1,0,0,1997,0,1997.83
3.141197919845581,810.915283203125,1,MWI,1997,IHS-I,GPWG,N,c,0,1,0,0,1997,0,1997.83
1.1850807666778564,1036.75927734375,1,MWI,1997,IHS-I,GPWG,N,c,0,1,0,0,1997,0,1997.83
1.9479808807373047,297.52117919921875,1,MWI,1997,IHS-I,GPWG,N,c,0,1,0,0,1997,0,1997.83
2.474048614501953,843.0375366210938,1,MWI,1997,IHS-I,GPWG,N,c,0,1,0,0,1997,0,1997.83
0.3713749051094055,1548.9603271484375,1,MWI,1997,IHS-I,GPWG,N,c,0,1,0,0,1997,0,1997.83
1.3357630968093872,1263.956787109375,1,MWI,1997,IHS-I,GPWG,N,c,0,1,0,0,1997,0,1997.83
1.4609431028366089,1770.177978515625,1,MWI,1997,IHS-I,GPWG,N,c,0,1,0,0,1997,0,1997.83
8.059426307678223,453.0638122558594,1,MWI,1997,IHS-I,GPWG,N,c,0,1,0,0,1997,0,1997.83
1.178981065750122,1669.1263427734375,1,MWI,1997,IHS-I,GPWG,N,c,0,1,0,0,1997,0,1997.83
2.463308811187744,2261.706298828125,1,MWI,1997,IHS-I,GPWG,N,c,0,1,0,0,1997,0,1997.83
1.6040629148483276,912.3636474609375,1,MWI,1997,IHS-I,GPWG,N,c,0,1,0,0,1997,0,1997.83
2.3413705825805664,297.52117919921875,1,MWI,1997,IHS-I,GPWG,N,c,0,1,0,0,1997,0,1997.83
7.099020481109619,463.5982971191406,1,MWI,1997,IHS-I,GPWG,N,c,0,1,0,0,1997,0,1997.83
1.2041352987289429,2513.0068359375,1,MWI,1997,IHS-I,GPWG,N,c,0,1,0,0,1997,0,1997.83
3.9824821949005127,59.50423812866211,1,MWI,1997,IHS-I,GPWG,N,c,0,1,0,0,1997,0,1997.83
2.976346969604492,187.68565368652344,1,MWI,1997,IHS-I,GPWG,N,c,0,1,0,0,1997,0,1997.83
3.568653106689453,648.7322387695312,1,MWI,1997,IHS-I,GPWG,N,c,0,1,0,0,1997,0,1997.83
0.7410439848899841,1956.386962890625,1,MWI,1997,IHS-I,GPWG,N,c,0,1,0,0,1997,0,1997.83
1.5023614168167114,2371.77294921875,1,MWI,1997,IHS-I,GPWG,N,c,0,1,0,0,1997,0,1997.83
1.6597870588302612,387.2400817871094,1,MWI,1997,IHS-I,GPWG,N,c,0,1,0,0,1997,0,1997.83
36.72611618041992,590.059326171875,1,MWI,1997,IHS-I,GPWG,N,c,0,1,0,0,1997,0,1997.83
1.1591649055480957,2073.5185546875,1,MWI,1997,IHS-I,GPWG,N,c,0,1,0,0,1997,0,1997.83
3.64103364944458,936.1087646484375,1,MWI,1997,IHS-I,GPWG,N,c,0,1,0,0,1997,0,1997.83
3.114353895187378,869.5053100585938,1,MWI,1997,IHS-I,GPWG,N,c,0,1,0,0,1997,0,1997.83
1.976982593536377,169.412353515625,1,MWI,1997,IHS-I,GPWG,N,c,0,1,0,0,1997,0,1997.83
3.171294689178467,1158.9957275390625,1,MWI,1997,IHS-I,GPWG,N,c,0,1,0,0,1997,0,1997.83
4.901707172393799,652.1289672851562,1,MWI,1997,IHS-I,GPWG,N,c,0,1,0,0,1997,0,1997.83
3.199122667312622,1872.217529296875,1,MWI,1997,IHS-I,GPWG,N,c,0,1,0,0,1997,0,1997.83
2.1539268493652344,421.31890869140625,1,MWI,1997,IHS-I,GPWG,N,c,0,1,0,0,1997,0,1997.83
1.5063517093658447,563.0569458007812,1,MWI,1997,IHS-I,GPWG,N,c,0,1,0,0,1997,0,1997.83
1.4166523218154907,338.82470703125,1,MWI,1997,IHS-I,GPWG,N,c,0,1,0,0,1997,0,1997.83
3.6434240341186523,632.2781372070312,1,MWI,1997,IHS-I,GPWG,N,c,0,1,0,0,1997,0,1997.83
1.2870681285858154,570.227294921875,1,MWI,1997,IHS-I,GPWG,N,c,0,1,0,0,1997,0,1997.83
0.8974733948707581,1053.2972412109375,1,MWI,1997,IHS-I,GPWG,N,c,0,1,0,0,1997,0,1997.83
1.0031282901763916,869.5053100585938,1,MWI,1997,IHS-I,GPWG,N,c,0,1,0,0,1997,0,1997.83
1.7403112649917603,1036.75927734375,1,MWI,1997,IHS-I,GPWG,N,c,0,1,0,0,1997,0,1997.83
2.4374120235443115,421.31890869140625,1,MWI,1997,IHS-I,GPWG,N,c,0,1,0,0,1997,0,1997.83
0.9917190074920654,1474.6162109375,1,MWI,1997,IHS-I,GPWG,N,c,0,1,0,0,1997,0,1997.83
1.0301399230957031,1474.6162109375,1,MWI,1997,IHS-I,GPWG,N,c,0,1,0,0,1997,0,1997.83
7.105274677276611,652.1289672851562,1,MWI,1997,IHS-I,GPWG,N,c,0,1,0,0,1997,0,1997.83
1.8876367807388306,1114.5283203125,1,MWI,1997,IHS-I,GPWG,N,c,0,1,0,0,1997,0,1997.83
3.5393643379211426,1295.9490966796875,1,MWI,1997,IHS-I,GPWG,N,c,0,1,0,0,1997,0,1997.83
2.1313271522521973,1180.11865234375,1,MWI,1997,IHS-I,GPWG,N,c,0,1,0,0,1997,0,1997.83
1.6495716571807861,744.3724365234375,1,MWI,1997,IHS-I,GPWG,N,c,0,1,0,0,1997,0,1997.83
11.044734001159668,231.7991485595703,1,MWI,1997,IHS-I,GPWG,N,c,0,1,0,0,1997,0,1997.83
1.8650120496749878,595.4979248046875,1,MWI,1997,IHS-I,GPWG,N,c,0,1,0,0,1997,0,1997.83
4.118993759155273,830.6170043945312,1,MWI,1997,IHS-I,GPWG,N,c,0,1,0,0,1997,0,1997.83
4.577841758728027,196.6864471435547,1,MWI,1997,IHS-I,GPWG,N,c,0,1,0,0,1997,0,1997.83
1.2259882688522339,606.9550170898438,1,MWI,1997,IHS-I,GPWG,N,c,0,1,0,0,1997,0,1997.83
1.8685879707336426,324.3661193847656,1,MWI,1997,IHS-I,GPWG,N,c,0,1,0,0,1997,0,1997.83
0.9585199356079102,1185.886474609375,1,MWI,1997,IHS-I,GPWG,N,c,0,1,0,0,1997,0,1997.83
1.9609220027923584,1004.2845458984375,1,MWI,1997,IHS-I,GPWG,N,c,0,1,0,0,1997,0,1997.83
1.278756856918335,2164.010009765625,1,MWI,1997,IHS-I,GPWG,N,c,0,1,0,0,1997,0,1997.83
3.016528844833374,958.2977294921875,1,MWI,1997,IHS-I,GPWG,N,c,0,1,0,0,1997,0,1997.83
1.6067359447479248,486.5491943359375,1,MWI,1997,IHS-I,GPWG,N,c,0,1,0,0,1997,0,1997.83
2.9536516666412354,1759.1048583984375,1,MWI,1997,IHS-I,GPWG,N,c,0,1,0,0,1997,0,1997.83
2.1079211235046387,119.00847625732422,1,MWI,1997,IHS-I,GPWG,N,c,0,1,0,0,1997,0,1997.83
1.5107370615005493,1037.5,1,MWI,1997,IHS-I,GPWG,N,c,0,1,0,0,1997,0,1997.83
434.08612060546875,151.02127075195312,1,MWI,1997,IHS-I,GPWG,N,c,0,1,0,0,1997,0,1997.83
1.7996132373809814,593.5999755859375,1,MWI,1997,IHS-I,GPWG,N,c,0,1,0,0,1997,0,1997.83
1.401501178741455,631.9783935546875,1,MWI,1997,IHS-I,GPWG,N,c,0,1,0,0,1997,0,1997.83
3.358553171157837,695.3974609375,1,MWI,1997,IHS-I,GPWG,N,c,0,1,0,0,1997,0,1997.83
0.6223738789558411,580.631591796875,1,MWI,1997,IHS-I,GPWG,N,c,0,1,0,0,1997,0,1997.83
11.351061820983887,1685.275634765625,1,MWI,1997,IHS-I,GPWG,N,c,0,1,0,0,1997,0,1997.83
1.3918688297271729,570.227294921875,1,MWI,1997,IHS-I,GPWG,N,c,0,1,0,0,1997,0,1997.83
1.311589241027832,1815.625,1,MWI,1997,IHS-I,GPWG,N,c,0,1,0,0,1997,0,1997.83
1.3031314611434937,2718.962646484375,1,MWI,1997,IHS-I,GPWG,N,c,0,1,0,0,1997,0,1997.83
2.4821646213531494,421.31890869140625,1,MWI,1997,IHS-I,GPWG,N,c,0,1,0,0,1997,0,1997.83
3.0479514598846436,348.3789367675781,1,MWI,1997,IHS-I,GPWG,N,c,0,1,0,0,1997,0,1997.83
3.5786776542663574,753.902099609375,1,MWI,1997,IHS-I,GPWG,N,c,0,1,0,0,1997,0,1997.83
3.505143642425537,187.2217559814453,1,MWI,1997,IHS-I,GPWG,N,c,0,1,0,0,1997,0,1997.83
0.8711546063423157,2395.744384765625,1,MWI,1997,IHS-I,GPWG,N,c,0,1,0,0,1997,0,1997.83
2.36618971824646,580.860107421875,1,MWI,1997,IHS-I,GPWG,N,c,0,1,0,0,1997,0,1997.83
4.365564823150635,652.1289672851562,1,MWI,1997,IHS-I,GPWG,N,c,0,1,0,0,1997,0,1997.83
4.476889133453369,1126.1138916015625,1,MWI,1997,IHS-I,GPWG,N,c,0,1,0,0,1997,0,1997.83
4.0850324630737305,742.0,1,MWI,1997,IHS-I,GPWG,N,c,0,1,0,0,1997,0,1997.83
0.7386555075645447,1185.886474609375,1,MWI,1997,IHS-I,GPWG,N,c,0,1,0,0,1997,0,1997.83
2.5414631366729736,750.7426147460938,1,MWI,1997,IHS-I,GPWG,N,c,0,1,0,0,1997,0,1997.83
4.001214504241943,375.3713073730469,1,MWI,1997,IHS-I,GPWG,N,c,0,1,0,0,1997,0,1997.83
4.962265968322754,595.4979248046875,1,MWI,1997,IHS-I,GPWG,N,c,0,1,0,0,1997,0,1997.83
1.6442358493804932,750.7426147460938,1,MWI,1997,IHS-I,GPWG,N,c,0,1,0,0,1997,0,1997.83
6.508204460144043,459.9083251953125,1,MWI,1997,IHS-I,GPWG,N,c,0,1,0,0,1997,0,1997.83
1.391270399093628,1942.1162109375,1,MWI,1997,IHS-I,GPWG,N,c,0,1,0,0,1997,0,1997.83
1.1979961395263672,1296.875,1,MWI,1997,IHS-I,GPWG,N,c,0,1,0,0,1997,0,1997.83
3.597651243209839,1556.25,1,MWI,1997,IHS-I,GPWG,N,c,0,1,0,0,1997,0,1997.83
1.1379112005233765,1045.1368408203125,1,MWI,1997,IHS-I,GPWG,N,c,0,1,0,0,1997,0,1997.83
2.157641649246216,742.0,1,MWI,1997,IHS-I,GPWG,N,c,0,1,0,0,1997,0,1997.83
2.38075852394104,210.75938415527344,1,MWI,1997,IHS-I,GPWG,N,c,0,1,0,0,1997,0,1997.83
6.794773578643799,375.3713073730469,1,MWI,1997,IHS-I,GPWG,N,c,0,1,0,0,1997,0,1997.83
1.6668579578399658,1507.80419921875,1,MWI,1997,IHS-I,GPWG,N,c,0,1,0,0,1997,0,1997.83
4.486718654632568,1126.1138916015625,1,MWI,1997,IHS-I,GPWG,N,c,0,1,0,0,1997,0,1997.83
1.6081209182739258,810.915283203125,1,MWI,1997,IHS-I,GPWG,N,c,0,1,0,0,1997,0,1997.83
2.1815502643585205,486.5491943359375,1,MWI,1997,IHS-I,GPWG,N,c,0,1,0,0,1997,0,1997.83
2.6906838417053223,387.2400817871094,1,MWI,1997,IHS-I,GPWG,N,c,0,1,0,0,1997,0,1997.83
0.8764853477478027,1814.3287353515625,1,MWI,1997,IHS-I,GPWG,N,c,0,1,0,0,1997,0,1997.83
1.4356412887573242,1337.4339599609375,1,MWI,1997,IHS-I,GPWG,N,c,0,1,0,0,1997,0,1997.83
4.672163963317871,459.9083251953125,1,MWI,1997,IHS-I,GPWG,N,c,0,1,0,0,1997,0,1997.83
2.2925000190734863,774.4801635742188,1,MWI,1997,IHS-I,GPWG,N,c,0,1,0,0,1997,0,1997.83
3.967210531234741,563.0569458007812,1,MWI,1997,IHS-I,GPWG,N,c,0,1,0,0,1997,0,1997.83
1.8571698665618896,1390.794921875,1,MWI,1997,IHS-I,GPWG,N,c,0,1,0,0,1997,0,1997.83
3.0983495712280273,445.8113098144531,1,MWI,1997,IHS-I,GPWG,N,c,0,1,0,0,1997,0,1997.83
1.5576972961425781,842.6378173828125,1,MWI,1997,IHS-I,GPWG,N,c,0,1,0,0,1997,0,1997.83
1.9554907083511353,652.1289672851562,1,MWI,1997,IHS-I,GPWG,N,c,0,1,0,0,1997,0,1997.83
0.6934055685997009,1135.2813720703125,1,MWI,1997,IHS-I,GPWG,N,c,0,1,0,0,1997,0,1997.83
7.091219902038574,463.5982971191406,1,MWI,1997,IHS-I,GPWG,N,c,0,1,0,0,1997,0,1997.83
2.392500877380371,891.6226196289062,1,MWI,1997,IHS-I,GPWG,N,c,0,1,0,0,1997,0,1997.83
1.4692622423171997,1126.1138916015625,1,MWI,1997,IHS-I,GPWG,N,c,0,1,0,0,1997,0,1997.83
1.918631672859192,1916.595458984375,1,MWI,1997,IHS-I,GPWG,N,c,0,1,0,0,1997,0,1997.83
2.6345343589782715,421.31890869140625,1,MWI,1997,IHS-I,GPWG,N,c,0,1,0,0,1997,0,1997.83
2.2124626636505127,811.5037841796875,1,MWI,1997,IHS-I,GPWG,N,c,0,1,0,0,1997,0,1997.83
1.4856289625167847,1355.298828125,1,MWI,1997,IHS-I,GPWG,N,c,0,1,0,0,1997,0,1997.83
1.986721396446228,348.3789367675781,1,MWI,1997,IHS-I,GPWG,N,c,0,1,0,0,1997,0,1997.83
1.2613451480865479,1475.315673828125,1,MWI,1997,IHS-I,GPWG,N,c,0,1,0,0,1997,0,1997.83
1.4634878635406494,748.8870239257812,1,MWI,1997,IHS-I,GPWG,N,c,0,1,0,0,1997,0,1997.83
7.751830577850342,210.65945434570312,1,MWI,1997,IHS-I,GPWG,N,c,0,1,0,0,1997,0,1997.83
6.252719879150391,1379.7249755859375,1,MWI,1997,IHS-I,GPWG,N,c,0,1,0,0,1997,0,1997.83
3.588334560394287,261.0616149902344,1,MWI,1997,IHS-I,GPWG,N,c,0,1,0,0,1997,0,1997.83
0.8520740866661072,1062.1712646484375,1,MWI,1997,IHS-I,GPWG,N,c,0,1,0,0,1997,0,1997.83
1.851754903793335,518.75,1,MWI,1997,IHS-I,GPWG,N,c,0,1,0,0,1997,0,1997.83
2.6393446922302246,502.14227294921875,1,MWI,1997,IHS-I,GPWG,N,c,0,1,0,0,1997,0,1997.83
2.7306861877441406,445.8113098144531,1,MWI,1997,IHS-I,GPWG,N,c,0,1,0,0,1997,0,1997.83
0.9294716119766235,696.7578735351562,1,MWI,1997,IHS-I,GPWG,N,c,0,1,0,0,1997,0,1997.83
2.1210172176361084,843.0375366210938,1,MWI,1997,IHS-I,GPWG,N,c,0,1,0,0,1997,0,1997.83
4.60552978515625,231.7991485595703,1,MWI,1997,IHS-I,GPWG,N,c,0,1,0,0,1997,0,1997.83
4.557342052459717,259.375,1,MWI,1997,IHS-I,GPWG,N,c,0,1,0,0,1997,0,1997.83
1.2088433504104614,1686.0750732421875,1,MWI,1997,IHS-I,GPWG,N,c,0,1,0,0,1997,0,1997.83
1.3551336526870728,677.6494140625,1,MWI,1997,IHS-I,GPWG,N,c,0,1,0,0,1997,0,1997.83
4.6920671463012695,196.6864471435547,1,MWI,1997,IHS-I,GPWG,N,c,0,1,0,0,1997,0,1997.83
2.2151522636413574,1352.5062255859375,1,MWI,1997,IHS-I,GPWG,N,c,0,1,0,0,1997,0,1997.83
1.9738726615905762,1053.2972412109375,1,MWI,1997,IHS-I,GPWG,N,c,0,1,0,0,1997,0,1997.83
1.0950076580047607,1555.138916015625,1,MWI,1997,IHS-I,GPWG,N,c,0,1,0,0,1997,0,1997.83
3.338386058807373,983.4322509765625,1,MWI,1997,IHS-I,GPWG,N,c,0,1,0,0,1997,0,1997.83
15.651819229125977,1376.80517578125,1,MWI,1997,IHS-I,GPWG,N,c,0,1,0,0,1997,0,1997.83
2.2584104537963867,486.5491943359375,1,MWI,1997,IHS-I,GPWG,N,c,0,1,0,0,1997,0,1997.83
1.2722828388214111,910.4324951171875,1,MWI,1997,IHS-I,GPWG,N,c,0,1,0,0,1997,0,1997.83
0.6010934710502625,973.098388671875,1,MWI,1997,IHS-I,GPWG,N,c,0,1,0,0,1997,0,1997.83
2.625699520111084,1086.881591796875,1,MWI,1997,IHS-I,GPWG,N,c,0,1,0,0,1997,0,1997.83
0.7872480154037476,632.2781372070312,1,MWI,1997,IHS-I,GPWG,N,c,0,1,0,0,1997,0,1997.83
4.403785705566406,302.04254150390625,1,MWI,1997,IHS-I,GPWG,N,c,0,1,0,0,1997,0,1997.83
5.2738847732543945,786.7457885742188,1,MWI,1997,IHS-I,GPWG,N,c,0,1,0,0,1997,0,1997.83
2.4852075576782227,387.2400817871094,1,MWI,1997,IHS-I,GPWG,N,c,0,1,0,0,1997,0,1997.83
1.4657000303268433,973.098388671875,1,MWI,1997,IHS-I,GPWG,N,c,0,1,0,0,1997,0,1997.83
2.914523124694824,776.8464965820312,1,MWI,1997,IHS-I,GPWG,N,c,0,1,0,0,1997,0,1997.83
1.8818987607955933,1053.796875,1,MWI,1997,IHS-I,GPWG,N,c,0,1,0,0,1997,0,1997.83
3.3379721641540527,1123.33056640625,1,MWI,1997,IHS-I,GPWG,N,c,0,1,0,0,1997,0,1997.83
3.483729362487793,541.0025024414062,1,MWI,1997,IHS-I,GPWG,N,c,0,1,0,0,1997,0,1997.83
0.8703029751777649,1623.007568359375,1,MWI,1997,IHS-I,GPWG,N,c,0,1,0,0,1997,0,1997.83
4.7452898025512695,187.68565368652344,1,MWI,1997,IHS-I,GPWG,N,c,0,1,0,0,1997,0,1997.83
1.4914227724075317,677.6494140625,1,MWI,1997,IHS-I,GPWG,N,c,0,1,0,0,1997,0,1997.83
1.7549186944961548,342.1363525390625,1,MWI,1997,IHS-I,GPWG,N,c,0,1,0,0,1997,0,1997.83
2.1532347202301025,1082.0050048828125,1,MWI,1997,IHS-I,GPWG,N,c,0,1,0,0,1997,0,1997.83
1.5632424354553223,1686.0750732421875,1,MWI,1997,IHS-I,GPWG,N,c,0,1,0,0,1997,0,1997.83
1.5990110635757446,774.4801635742188,1,MWI,1997,IHS-I,GPWG,N,c,0,1,0,0,1997,0,1997.83
1.9975122213363647,843.0375366210938,1,MWI,1997,IHS-I,GPWG,N,c,0,1,0,0,1997,0,1997.83
4.452610492706299,231.7991485595703,1,MWI,1997,IHS-I,GPWG,N,c,0,1,0,0,1997,0,1997.83
1.6096296310424805,1916.595458984375,1,MWI,1997,IHS-I,GPWG,N,c,0,1,0,0,1997,0,1997.83
1.6127783060073853,774.4801635742188,1,MWI,1997,IHS-I,GPWG,N,c,0,1,0,0,1997,0,1997.83
2.967895984649658,843.0375366210938,1,MWI,1997,IHS-I,GPWG,N,c,0,1,0,0,1997,0,1997.83
1.935619831085205,151.73875427246094,1,MWI,1997,IHS-I,GPWG,N,c,0,1,0,0,1997,0,1997.83
2.7686777114868164,486.5491943359375,1,MWI,1997,IHS-I,GPWG,N,c,0,1,0,0,1997,0,1997.83
2.291714668273926,210.65945434570312,1,MWI,1997,IHS-I,GPWG,N,c,0,1,0,0,1997,0,1997.83
1.201733946800232,1689.1708984375,1,MWI,1997,IHS-I,GPWG,N,c,0,1,0,0,1997,0,1997.83
2.5050666332244873,259.375,1,MWI,1997,IHS-I,GPWG,N,c,0,1,0,0,1997,0,1997.83
1.179274082183838,648.7322387695312,1,MWI,1997,IHS-I,GPWG,N,c,0,1,0,0,1997,0,1997.83
4.534806728363037,228.09091186523438,1,MWI,1997,IHS-I,GPWG,N,c,0,1,0,0,1997,0,1997.83
6.727987289428711,774.4801635742188,1,MWI,1997,IHS-I,GPWG,N,c,0,1,0,0,1997,0,1997.83
3.412971258163452,187.2217559814453,1,MWI,1997,IHS-I,GPWG,N,c,0,1,0,0,1997,0,1997.83
1.4052026271820068,1623.007568359375,1,MWI,1997,IHS-I,GPWG,N,c,0,1,0,0,1997,0,1997.83
1.648634433746338,1437.446533203125,1,MWI,1997,IHS-I,GPWG,N,c,0,1,0,0,1997,0,1997.83
2.621159553527832,296.79998779296875,1,MWI,1997,IHS-I,GPWG,N,c,0,1,0,0,1997,0,1997.83
5.007721900939941,776.8464965820312,1,MWI,1997,IHS-I,GPWG,N,c,0,1,0,0,1997,0,1997.83
4.343371868133545,1739.0106201171875,1,MWI,1997,IHS-I,GPWG,N,c,0,1,0,0,1997,0,1997.83
7.5937724113464355,786.7457885742188,1,MWI,1997,IHS-I,GPWG,N,c,0,1,0,0,1997,0,1997.83
1.430173397064209,843.0375366210938,1,MWI,1997,IHS-I,GPWG,N,c,0,1,0,0,1997,0,1997.83
2.023437023162842,968.1002197265625,1,MWI,1997,IHS-I,GPWG,N,c,0,1,0,0,1997,0,1997.83
154.41384887695312,261.0616149902344,1,MWI,1997,IHS-I,GPWG,N,c,0,1,0,0,1997,0,1997.83
2.2393393516540527,774.4801635742188,1,MWI,1997,IHS-I,GPWG,N,c,0,1,0,0,1997,0,1997.83
1.6331642866134644,606.9550170898438,1,MWI,1997,IHS-I,GPWG,N,c,0,1,0,0,1997,0,1997.83
7.664166450500488,1126.1138916015625,1,MWI,1997,IHS-I,GPWG,N,c,0,1,0,0,1997,0,1997.83
2.5962681770324707,1004.2845458984375,1,MWI,1997,IHS-I,GPWG,N,c,0,1,0,0,1997,0,1997.83
1.32273268699646,1609.67919921875,1,MWI,1997,IHS-I,GPWG,N,c,0,1,0,0,1997,0,1997.83
7.188169956207275,148.39999389648438,1,MWI,1997,IHS-I,GPWG,N,c,0,1,0,0,1997,0,1997.83
1.821238398551941,758.6937866210938,1,MWI,1997,IHS-I,GPWG,N,c,0,1,0,0,1997,0,1997.83
2.140065908432007,463.5982971191406,1,MWI,1997,IHS-I,GPWG,N,c,0,1,0,0,1997,0,1997.83
4.196554183959961,753.21337890625,1,MWI,1997,IHS-I,GPWG,N,c,0,1,0,0,1997,0,1997.83
1.523363709449768,632.2781372070312,1,MWI,1997,IHS-I,GPWG,N,c,0,1,0,0,1997,0,1997.83
16.974010467529297,261.0616149902344,1,MWI,1997,IHS-I,GPWG,N,c,0,1,0,0,1997,0,1997.83
7.524012088775635,296.79998779296875,1,MWI,1997,IHS-I,GPWG,N,c,0,1,0,0,1997,0,1997.83
1.8889961242675781,758.6937866210938,1,MWI,1997,IHS-I,GPWG,N,c,0,1,0,0,1997,0,1997.83
2.9242281913757324,983.4322509765625,1,MWI,1997,IHS-I,GPWG,N,c,0,1,0,0,1997,0,1997.83
3.538938045501709,324.3661193847656,1,MWI,1997,IHS-I,GPWG,N,c,0,1,0,0,1997,0,1997.83
4.096176624298096,388.4232482910156,1,MWI,1997,IHS-I,GPWG,N,c,0,1,0,0,1997,0,1997.83
4.337871551513672,843.0375366210938,1,MWI,1997,IHS-I,GPWG,N,c,0,1,0,0,1997,0,1997.83
1.609347939491272,1016.47412109375,1,MWI,1997,IHS-I,GPWG,N,c,0,1,0,0,1997,0,1997.83
9.347735404968262,1566.36962890625,1,MWI,1997,IHS-I,GPWG,N,c,0,1,0,0,1997,0,1997.83
1.1585110425949097,1507.80419921875,1,MWI,1997,IHS-I,GPWG,N,c,0,1,0,0,1997,0,1997.83
1.682166337966919,1053.2972412109375,1,MWI,1997,IHS-I,GPWG,N,c,0,1,0,0,1997,0,1997.83
2.1809844970703125,1158.9957275390625,1,MWI,1997,IHS-I,GPWG,N,c,0,1,0,0,1997,0,1997.83
2.09005069732666,753.21337890625,1,MWI,1997,IHS-I,GPWG,N,c,0,1,0,0,1997,0,1997.83
2.934546709060669,652.1289672851562,1,MWI,1997,IHS-I,GPWG,N,c,0,1,0,0,1997,0,1997.83
7.391458511352539,486.5491943359375,1,MWI,1997,IHS-I,GPWG,N,c,0,1,0,0,1997,0,1997.83
1.8575552701950073,1016.47412109375,1,MWI,1997,IHS-I,GPWG,N,c,0,1,0,0,1997,0,1997.83
1.623674988746643,1379.7249755859375,1,MWI,1997,IHS-I,GPWG,N,c,0,1,0,0,1997,0,1997.83
3.051995038986206,303.4775085449219,1,MWI,1997,IHS-I,GPWG,N,c,0,1,0,0,1997,0,1997.83
1.1570583581924438,1053.2972412109375,1,MWI,1997,IHS-I,GPWG,N,c,0,1,0,0,1997,0,1997.83
1.4000251293182373,1005.2027587890625,1,MWI,1997,IHS-I,GPWG,N,c,0,1,0,0,1997,0,1997.83
2.292006015777588,518.75,1,MWI,1997,IHS-I,GPWG,N,c,0,1,0,0,1997,0,1997.83
0.7574162483215332,1854.3931884765625,1,MWI,1997,IHS-I,GPWG,N,c,0,1,0,0,1997,0,1997.83
1.2195699214935303,810.915283203125,1,MWI,1997,IHS-I,GPWG,N,c,0,1,0,0,1997,0,1997.83
7.495235443115234,522.1232299804688,1,MWI,1997,IHS-I,GPWG,N,c,0,1,0,0,1997,0,1997.83
1.0162911415100098,1942.1162109375,1,MWI,1997,IHS-I,GPWG,N,c,0,1,0,0,1997,0,1997.83
3.4430134296417236,296.79998779296875,1,MWI,1997,IHS-I,GPWG,N,c,0,1,0,0,1997,0,1997.83
2.875991106033325,1005.2027587890625,1,MWI,1997,IHS-I,GPWG,N,c,0,1,0,0,1997,0,1997.83
7.001172065734863,421.31890869140625,1,MWI,1997,IHS-I,GPWG,N,c,0,1,0,0,1997,0,1997.83
2.1705143451690674,169.412353515625,1,MWI,1997,IHS-I,GPWG,N,c,0,1,0,0,1997,0,1997.83
0.7260717153549194,774.4801635742188,1,MWI,1997,IHS-I,GPWG,N,c,0,1,0,0,1997,0,1997.83
4.790822505950928,869.5053100585938,1,MWI,1997,IHS-I,GPWG,N,c,0,1,0,0,1997,0,1997.83
1.0753406286239624,632.2781372070312,1,MWI,1997,IHS-I,GPWG,N,c,0,1,0,0,1997,0,1997.83
1.7293407917022705,774.4801635742188,1,MWI,1997,IHS-I,GPWG,N,c,0,1,0,0,1997,0,1997.83
3.9265365600585938,786.7457885742188,1,MWI,1997,IHS-I,GPWG,N,c,0,1,0,0,1997,0,1997.83
1.3219572305679321,580.631591796875,1,MWI,1997,IHS-I,GPWG,N,c,0,1,0,0,1997,0,1997.83
3.705103635787964,783.184814453125,1,MWI,1997,IHS-I,GPWG,N,c,0,1,0,0,1997,0,1997.83
3.693138360977173,2010.405517578125,1,MWI,1997,IHS-I,GPWG,N,c,0,1,0,0,1997,0,1997.83
1.944369912147522,1005.2027587890625,1,MWI,1997,IHS-I,GPWG,N,c,0,1,0,0,1997,0,1997.83
2.518153667449951,580.860107421875,1,MWI,1997,IHS-I,GPWG,N,c,0,1,0,0,1997,0,1997.83
1.6931148767471313,1082.0050048828125,1,MWI,1997,IHS-I,GPWG,N,c,0,1,0,0,1997,0,1997.83
0.8780779242515564,1062.1712646484375,1,MWI,1997,IHS-I,GPWG,N,c,0,1,0,0,1997,0,1997.83
2.7094790935516357,1165.269775390625,1,MWI,1997,IHS-I,GPWG,N,c,0,1,0,0,1997,0,1997.83
1.3953746557235718,1895.93505859375,1,MWI,1997,IHS-I,GPWG,N,c,0,1,0,0,1997,0,1997.83
1.4396015405654907,1256.50341796875,1,MWI,1997,IHS-I,GPWG,N,c,0,1,0,0,1997,0,1997.83
3.3045613765716553,296.79998779296875,1,MWI,1997,IHS-I,GPWG,N,c,0,1,0,0,1997,0,1997.83
3.5517330169677734,902.0,1,MWI,1997,IHS-I,GPWG,N,c,0,1,0,0,1997,0,1997.83
1.104215383529663,1863.535888671875,1,MWI,1997,IHS-I,GPWG,N,c,0,1,0,0,1997,0,1997.83
3.225351333618164,463.5982971191406,1,MWI,1997,IHS-I,GPWG,N,c,0,1,0,0,1997,0,1997.83
2.119377374649048,1263.956787109375,1,MWI,1997,IHS-I,GPWG,N,c,0,1,0,0,1997,0,1997.83
1.541844367980957,842.6378173828125,1,MWI,1997,IHS-I,GPWG,N,c,0,1,0,0,1997,0,1997.83
2.5601999759674072,296.79998779296875,1,MWI,1997,IHS-I,GPWG,N,c,0,1,0,0,1997,0,1997.83
1.113418698310852,464.5052490234375,1,MWI,1997,IHS-I,GPWG,N,c,0,1,0,0,1997,0,1997.83
1.9425548315048218,842.6378173828125,1,MWI,1997,IHS-I,GPWG,N,c,0,1,0,0,1997,0,1997.83
0.45952633023262024,2395.744384765625,1,MWI,1997,IHS-I,GPWG,N,c,0,1,0,0,1997,0,1997.83
2.5771172046661377,606.9550170898438,1,MWI,1997,IHS-I,GPWG,N,c,0,1,0,0,1997,0,1997.83
2.441863775253296,580.631591796875,1,MWI,1997,IHS-I,GPWG,N,c,0,1,0,0,1997,0,1997.83
4.429198741912842,464.5052490234375,1,MWI,1997,IHS-I,GPWG,N,c,0,1,0,0,1997,0,1997.83
7.107908248901367,434.7526550292969,1,MWI,1997,IHS-I,GPWG,N,c,0,1,0,0,1997,0,1997.83
51.24040985107422,148.39999389648438,1,MWI,1997,IHS-I,GPWG,N,c,0,1,0,0,1997,0,1997.83
4.9619526863098145,393.3728942871094,1,MWI,1997,IHS-I,GPWG,N,c,0,1,0,0,1997,0,1997.83
1.8935154676437378,631.9783935546875,1,MWI,1997,IHS-I,GPWG,N,c,0,1,0,0,1997,0,1997.83
2.3945841789245605,958.2977294921875,1,MWI,1997,IHS-I,GPWG,N,c,0,1,0,0,1997,0,1997.83
1.8665263652801514,463.5982971191406,1,MWI,1997,IHS-I,GPWG,N,c,0,1,0,0,1997,0,1997.83
1.8204386234283447,1264.5562744140625,1,MWI,1997,IHS-I,GPWG,N,c,0,1,0,0,1997,0,1997.83
0.9556596875190735,2330.53955078125,1,MWI,1997,IHS-I,GPWG,N,c,0,1,0,0,1997,0,1997.83
1.1467633247375488,1263.956787109375,1,MWI,1997,IHS-I,GPWG,N,c,0,1,0,0,1997,0,1997.83
2.318807363510132,416.5296630859375,1,MWI,1997,IHS-I,GPWG,N,c,0,1,0,0,1997,0,1997.83
2.12642240524292,486.5491943359375,1,MWI,1997,IHS-I,GPWG,N,c,0,1,0,0,1997,0,1997.83
3.8448646068573,983.4322509765625,1,MWI,1997,IHS-I,GPWG,N,c,0,1,0,0,1997,0,1997.83
3.864745616912842,374.4435119628906,1,MWI,1997,IHS-I,GPWG,N,c,0,1,0,0,1997,0,1997.83
3.151094436645508,541.0025024414062,1,MWI,1997,IHS-I,GPWG,N,c,0,1,0,0,1997,0,1997.83
1.3016328811645508,758.6937866210938,1,MWI,1997,IHS-I,GPWG,N,c,0,1,0,0,1997,0,1997.83
1.8999099731445312,1355.34033203125,1,MWI,1997,IHS-I,GPWG,N,c,0,1,0,0,1997,0,1997.83
3.4063026905059814,178.51271057128906,1,MWI,1997,IHS-I,GPWG,N,c,0,1,0,0,1997,0,1997.83
1.654146432876587,1256.50341796875,1,MWI,1997,IHS-I,GPWG,N,c,0,1,0,0,1997,0,1997.83
5.98146915435791,377.55316162109375,1,MWI,1997,IHS-I,GPWG,N,c,0,1,0,0,1997,0,1997.83
2.457339286804199,1256.50341796875,1,MWI,1997,IHS-I,GPWG,N,c,0,1,0,0,1997,0,1997.83
1.0332067012786865,1474.6162109375,1,MWI,1997,IHS-I,GPWG,N,c,0,1,0,0,1997,0,1997.83
1.5224584341049194,1016.47412109375,1,MWI,1997,IHS-I,GPWG,N,c,0,1,0,0,1997,0,1997.83
0.9208742380142212,810.915283203125,1,MWI,1997,IHS-I,GPWG,N,c,0,1,0,0,1997,0,1997.83
4.418606758117676,786.7457885742188,1,MWI,1997,IHS-I,GPWG,N,c,0,1,0,0,1997,0,1997.83
3.4778430461883545,1126.1138916015625,1,MWI,1997,IHS-I,GPWG,N,c,0,1,0,0,1997,0,1997.83
1.9793765544891357,348.3789367675781,1,MWI,1997,IHS-I,GPWG,N,c,0,1,0,0,1997,0,1997.83
4.989113807678223,453.0638122558594,1,MWI,1997,IHS-I,GPWG,N,c,0,1,0,0,1997,0,1997.83
1.2385036945343018,750.7426147460938,1,MWI,1997,IHS-I,GPWG,N,c,0,1,0,0,1997,0,1997.83
3.524977445602417,302.04254150390625,1,MWI,1997,IHS-I,GPWG,N,c,0,1,0,0,1997,0,1997.83
9.628392219543457,563.0569458007812,1,MWI,1997,IHS-I,GPWG,N,c,0,1,0,0,1997,0,1997.83
2.299215316772461,1004.2845458984375,1,MWI,1997,IHS-I,GPWG,N,c,0,1,0,0,1997,0,1997.83
1.0612256526947021,1185.886474609375,1,MWI,1997,IHS-I,GPWG,N,c,0,1,0,0,1997,0,1997.83
4.59892463684082,261.0616149902344,1,MWI,1997,IHS-I,GPWG,N,c,0,1,0,0,1997,0,1997.83
2.4928171634674072,786.7457885742188,1,MWI,1997,IHS-I,GPWG,N,c,0,1,0,0,1997,0,1997.83
2.618074655532837,148.87448120117188,1,MWI,1997,IHS-I,GPWG,N,c,0,1,0,0,1997,0,1997.83
1.4939689636230469,338.82470703125,1,MWI,1997,IHS-I,GPWG,N,c,0,1,0,0,1997,0,1997.83
2.7427685260772705,631.9783935546875,1,MWI,1997,IHS-I,GPWG,N,c,0,1,0,0,1997,0,1997.83
4.4596452713012695,162.1830596923828,1,MWI,1997,IHS-I,GPWG,N,c,0,1,0,0,1997,0,1997.83
1.6126457452774048,936.1087646484375,1,MWI,1997,IHS-I,GPWG,N,c,0,1,0,0,1997,0,1997.83
1.8757898807525635,1506.4267578125,1,MWI,1997,IHS-I,GPWG,N,c,0,1,0,0,1997,0,1997.83
4.1660284996032715,777.5694580078125,1,MWI,1997,IHS-I,GPWG,N,c,0,1,0,0,1997,0,1997.83
1.1964020729064941,2759.925048828125,1,MWI,1997,IHS-I,GPWG,N,c,0,1,0,0,1997,0,1997.83
2.1281821727752686,958.2977294921875,1,MWI,1997,IHS-I,GPWG,N,c,0,1,0,0,1997,0,1997.83
0.9516279697418213,1263.956787109375,1,MWI,1997,IHS-I,GPWG,N,c,0,1,0,0,1997,0,1997.83
1.6056725978851318,648.7322387695312,1,MWI,1997,IHS-I,GPWG,N,c,0,1,0,0,1997,0,1997.83
0.934410035610199,748.8870239257812,1,MWI,1997,IHS-I,GPWG,N,c,0,1,0,0,1997,0,1997.83
1.1131892204284668,774.4801635742188,1,MWI,1997,IHS-I,GPWG,N,c,0,1,0,0,1997,0,1997.83
3.065964460372925,580.860107421875,1,MWI,1997,IHS-I,GPWG,N,c,0,1,0,0,1997,0,1997.83
10.644392013549805,1305.30810546875,1,MWI,1997,IHS-I,GPWG,N,c,0,1,0,0,1997,0,1997.83
1.480751872062683,973.098388671875,1,MWI,1997,IHS-I,GPWG,N,c,0,1,0,0,1997,0,1997.83
1.173627257347107,1016.47412109375,1,MWI,1997,IHS-I,GPWG,N,c,0,1,0,0,1997,0,1997.83
5.774878978729248,2032.9482421875,1,MWI,1997,IHS-I,GPWG,N,c,0,1,0,0,1997,0,1997.83
3.1177752017974854,590.059326171875,1,MWI,1997,IHS-I,GPWG,N,c,0,1,0,0,1997,0,1997.83
3.854182004928589,178.51271057128906,1,MWI,1997,IHS-I,GPWG,N,c,0,1,0,0,1997,0,1997.83
2.4950883388519287,303.4775085449219,1,MWI,1997,IHS-I,GPWG,N,c,0,1,0,0,1997,0,1997.83
2.158996820449829,2173.76318359375,1,MWI,1997,IHS-I,GPWG,N,c,0,1,0,0,1997,0,1997.83
0.8817340135574341,421.31890869140625,1,MWI,1997,IHS-I,GPWG,N,c,0,1,0,0,1997,0,1997.83
1.1688143014907837,1264.5562744140625,1,MWI,1997,IHS-I,GPWG,N,c,0,1,0,0,1997,0,1997.83
1.1612398624420166,1686.0750732421875,1,MWI,1997,IHS-I,GPWG,N,c,0,1,0,0,1997,0,1997.83
1.2330513000488281,1256.50341796875,1,MWI,1997,IHS-I,GPWG,N,c,0,1,0,0,1997,0,1997.83
2.0176243782043457,1165.269775390625,1,MWI,1997,IHS-I,GPWG,N,c,0,1,0,0,1997,0,1997.83
1.9588834047317505,297.52117919921875,1,MWI,1997,IHS-I,GPWG,N,c,0,1,0,0,1997,0,1997.83
0.8670171499252319,1185.886474609375,1,MWI,1997,IHS-I,GPWG,N,c,0,1,0,0,1997,0,1997.83
20.87158966064453,251.07113647460938,1,MWI,1997,IHS-I,GPWG,N,c,0,1,0,0,1997,0,1997.83
3.551037549972534,231.7991485595703,1,MWI,1997,IHS-I,GPWG,N,c,0,1,0,0,1997,0,1997.83
1.485777735710144,348.3789367675781,1,MWI,1997,IHS-I,GPWG,N,c,0,1,0,0,1997,0,1997.83
1.4938939809799194,338.82470703125,1,MWI,1997,IHS-I,GPWG,N,c,0,1,0,0,1997,0,1997.83
2.8790102005004883,210.65945434570312,1,MWI,1997,IHS-I,GPWG,N,c,0,1,0,0,1997,0,1997.83
2.441279888153076,508.237060546875,1,MWI,1997,IHS-I,GPWG,N,c,0,1,0,0,1997,0,1997.83
1.908715844154358,1390.794921875,1,MWI,1997,IHS-I,GPWG,N,c,0,1,0,0,1997,0,1997.83
2.7067573070526123,847.061767578125,1,MWI,1997,IHS-I,GPWG,N,c,0,1,0,0,1997,0,1997.83
1.671220302581787,1507.80419921875,1,MWI,1997,IHS-I,GPWG,N,c,0,1,0,0,1997,0,1997.83
2.8902523517608643,259.1898193359375,1,MWI,1997,IHS-I,GPWG,N,c,0,1,0,0,1997,0,1997.83
1.1009044647216797,1062.1712646484375,1,MWI,1997,IHS-I,GPWG,N,c,0,1,0,0,1997,0,1997.83
1.8815945386886597,1161.72021484375,1,MWI,1997,IHS-I,GPWG,N,c,0,1,0,0,1997,0,1997.83
1.3497105836868286,1916.595458984375,1,MWI,1997,IHS-I,GPWG,N,c,0,1,0,0,1997,0,1997.83
3.3183000087738037,1956.386962890625,1,MWI,1997,IHS-I,GPWG,N,c,0,1,0,0,1997,0,1997.83
3.3662374019622803,1304.2579345703125,1,MWI,1997,IHS-I,GPWG,N,c,0,1,0,0,1997,0,1997.83
10.77791976928711,1376.80517578125,1,MWI,1997,IHS-I,GPWG,N,c,0,1,0,0,1997,0,1997.83
2.259324550628662,750.7426147460938,1,MWI,1997,IHS-I,GPWG,N,c,0,1,0,0,1997,0,1997.83
0.44458314776420593,1475.315673828125,1,MWI,1997,IHS-I,GPWG,N,c,0,1,0,0,1997,0,1997.83
0.8989468812942505,1297.4644775390625,1,MWI,1997,IHS-I,GPWG,N,c,0,1,0,0,1997,0,1997.83
2.5402607917785645,1158.9957275390625,1,MWI,1997,IHS-I,GPWG,N,c,0,1,0,0,1997,0,1997.83
3.262166976928711,421.5187683105469,1,MWI,1997,IHS-I,GPWG,N,c,0,1,0,0,1997,0,1997.83
2.3009705543518066,445.8113098144531,1,MWI,1997,IHS-I,GPWG,N,c,0,1,0,0,1997,0,1997.83
3.173048973083496,338.82470703125,1,MWI,1997,IHS-I,GPWG,N,c,0,1,0,0,1997,0,1997.83
1.1899398565292358,455.21624755859375,1,MWI,1997,IHS-I,GPWG,N,c,0,1,0,0,1997,0,1997.83
1.873308777809143,169.412353515625,1,MWI,1997,IHS-I,GPWG,N,c,0,1,0,0,1997,0,1997.83
1.4337570667266846,958.2977294921875,1,MWI,1997,IHS-I,GPWG,N,c,0,1,0,0,1997,0,1997.83
7.830595016479492,59.50423812866211,1,MWI,1997,IHS-I,GPWG,N,c,0,1,0,0,1997,0,1997.83
1.5195261240005493,695.3974609375,1,MWI,1997,IHS-I,GPWG,N,c,0,1,0,0,1997,0,1997.83
1.3970261812210083,973.098388671875,1,MWI,1997,IHS-I,GPWG,N,c,0,1,0,0,1997,0,1997.83
2.4667811393737793,456.18182373046875,1,MWI,1997,IHS-I,GPWG,N,c,0,1,0,0,1997,0,1997.83
1.1688690185546875,541.0025024414062,1,MWI,1997,IHS-I,GPWG,N,c,0,1,0,0,1997,0,1997.83
2.3252973556518555,1082.0050048828125,1,MWI,1997,IHS-I,GPWG,N,c,0,1,0,0,1997,0,1997.83
3.673135995864868,455.21624755859375,1,MWI,1997,IHS-I,GPWG,N,c,0,1,0,0,1997,0,1997.83
6.040823459625244,893.2468872070312,1,MWI,1997,IHS-I,GPWG,N,c,0,1,0,0,1997,0,1997.83
1.4021005630493164,338.82470703125,1,MWI,1997,IHS-I,GPWG,N,c,0,1,0,0,1997,0,1997.83
2.026733875274658,958.2977294921875,1,MWI,1997,IHS-I,GPWG,N,c,0,1,0,0,1997,0,1997.83
1.6506292819976807,1135.2813720703125,1,MWI,1997,IHS-I,GPWG,N,c,0,1,0,0,1997,0,1997.83
2.9811513423919678,983.4322509765625,1,MWI,1997,IHS-I,GPWG,N,c,0,1,0,0,1997,0,1997.83
1.1228384971618652,580.860107421875,1,MWI,1997,IHS-I,GPWG,N,c,0,1,0,0,1997,0,1997.83
2.0384480953216553,919.816650390625,1,MWI,1997,IHS-I,GPWG,N,c,0,1,0,0,1997,0,1997.83
2.7151100635528564,1005.2027587890625,1,MWI,1997,IHS-I,GPWG,N,c,0,1,0,0,1997,0,1997.83
1.276578426361084,464.5052490234375,1,MWI,1997,IHS-I,GPWG,N,c,0,1,0,0,1997,0,1997.83
5.278810977935791,786.7457885742188,1,MWI,1997,IHS-I,GPWG,N,c,0,1,0,0,1997,0,1997.83
13.154863357543945,958.2977294921875,1,MWI,1997,IHS-I,GPWG,N,c,0,1,0,0,1997,0,1997.83
1.7979403734207153,1037.5,1,MWI,1997,IHS-I,GPWG,N,c,0,1,0,0,1997,0,1997.83
6.420686721801758,1739.0106201171875,1,MWI,1997,IHS-I,GPWG,N,c,0,1,0,0,1997,0,1997.83
2.670431137084961,518.75,1,MWI,1997,IHS-I,GPWG,N,c,0,1,0,0,1997,0,1997.83
1.792798399925232,486.5491943359375,1,MWI,1997,IHS-I,GPWG,N,c,0,1,0,0,1997,0,1997.83
1.1693477630615234,1553.6929931640625,1,MWI,1997,IHS-I,GPWG,N,c,0,1,0,0,1997,0,1997.83
1.4345755577087402,1053.2972412109375,1,MWI,1997,IHS-I,GPWG,N,c,0,1,0,0,1997,0,1997.83
9.486027717590332,1180.11865234375,1,MWI,1997,IHS-I,GPWG,N,c,0,1,0,0,1997,0,1997.83
1.1979410648345947,847.061767578125,1,MWI,1997,IHS-I,GPWG,N,c,0,1,0,0,1997,0,1997.83
2.5152676105499268,1956.386962890625,1,MWI,1997,IHS-I,GPWG,N,c,0,1,0,0,1997,0,1997.83
1.7374024391174316,811.5037841796875,1,MWI,1997,IHS-I,GPWG,N,c,0,1,0,0,1997,0,1997.83
0.3719155788421631,696.7578735351562,1,MWI,1997,IHS-I,GPWG,N,c,0,1,0,0,1997,0,1997.83
1.0605807304382324,2330.53955078125,1,MWI,1997,IHS-I,GPWG,N,c,0,1,0,0,1997,0,1997.83
1.7330405712127686,843.0375366210938,1,MWI,1997,IHS-I,GPWG,N,c,0,1,0,0,1997,0,1997.83
2.6227097511291504,632.2781372070312,1,MWI,1997,IHS-I,GPWG,N,c,0,1,0,0,1997,0,1997.83
1.8742222785949707,1379.7249755859375,1,MWI,1997,IHS-I,GPWG,N,c,0,1,0,0,1997,0,1997.83
2.1054930686950684,1956.386962890625,1,MWI,1997,IHS-I,GPWG,N,c,0,1,0,0,1997,0,1997.83
2.0800888538360596,778.125,1,MWI,1997,IHS-I,GPWG,N,c,0,1,0,0,1997,0,1997.83
3.0004940032958984,270.5012512207031,1,MWI,1997,IHS-I,GPWG,N,c,0,1,0,0,1997,0,1997.83
1.9683246612548828,374.4435119628906,1,MWI,1997,IHS-I,GPWG,N,c,0,1,0,0,1997,0,1997.83
1.1996197700500488,1263.956787109375,1,MWI,1997,IHS-I,GPWG,N,c,0,1,0,0,1997,0,1997.83
1.591822624206543,535.5381469726562,1,MWI,1997,IHS-I,GPWG,N,c,0,1,0,0,1997,0,1997.83
4.678290843963623,486.5491943359375,1,MWI,1997,IHS-I,GPWG,N,c,0,1,0,0,1997,0,1997.83
2.649332046508789,421.5187683105469,1,MWI,1997,IHS-I,GPWG,N,c,0,1,0,0,1997,0,1997.83
7.453932762145996,393.3728942871094,1,MWI,1997,IHS-I,GPWG,N,c,0,1,0,0,1997,0,1997.83
2.961204767227173,842.6378173828125,1,MWI,1997,IHS-I,GPWG,N,c,0,1,0,0,1997,0,1997.83
2.466597557067871,1082.0050048828125,1,MWI,1997,IHS-I,GPWG,N,c,0,1,0,0,1997,0,1997.83
1.727509617805481,1255.355712890625,1,MWI,1997,IHS-I,GPWG,N,c,0,1,0,0,1997,0,1997.83
1.3915824890136719,973.098388671875,1,MWI,1997,IHS-I,GPWG,N,c,0,1,0,0,1997,0,1997.83
4.165956020355225,169.412353515625,1,MWI,1997,IHS-I,GPWG,N,c,0,1,0,0,1997,0,1997.83
3.8288702964782715,1042.121337890625,1,MWI,1997,IHS-I,GPWG,N,c,0,1,0,0,1997,0,1997.83
4.326188564300537,445.8113098144531,1,MWI,1997,IHS-I,GPWG,N,c,0,1,0,0,1997,0,1997.83
5.31683874130249,561.665283203125,1,MWI,1997,IHS-I,GPWG,N,c,0,1,0,0,1997,0,1997.83
8.48466682434082,842.6378173828125,1,MWI,1997,IHS-I,GPWG,N,c,0,1,0,0,1997,0,1997.83
1.6210291385650635,1355.298828125,1,MWI,1997,IHS-I,GPWG,N,c,0,1,0,0,1997,0,1997.83
1.0975900888442993,1062.1712646484375,1,MWI,1997,IHS-I,GPWG,N,c,0,1,0,0,1997,0,1997.83
6.617686748504639,59.50423812866211,1,MWI,1997,IHS-I,GPWG,N,c,0,1,0,0,1997,0,1997.83
3.502736806869507,1180.11865234375,1,MWI,1997,IHS-I,GPWG,N,c,0,1,0,0,1997,0,1997.83
2.3799259662628174,1609.67919921875,1,MWI,1997,IHS-I,GPWG,N,c,0,1,0,0,1997,0,1997.83
2.0219314098358154,421.5187683105469,1,MWI,1997,IHS-I,GPWG,N,c,0,1,0,0,1997,0,1997.83
1.1656211614608765,774.4801635742188,1,MWI,1997,IHS-I,GPWG,N,c,0,1,0,0,1997,0,1997.83
1.2758740186691284,2086.1923828125,1,MWI,1997,IHS-I,GPWG,N,c,0,1,0,0,1997,0,1997.83
0.9199371933937073,696.7578735351562,1,MWI,1997,IHS-I,GPWG,N,c,0,1,0,0,1997,0,1997.83
6.507952690124512,742.0,1,MWI,1997,IHS-I,GPWG,N,c,0,1,0,0,1997,0,1997.83
3.522963047027588,434.7526550292969,1,MWI,1997,IHS-I,GPWG,N,c,0,1,0,0,1997,0,1997.83
5.361145973205566,217.37632751464844,1,MWI,1997,IHS-I,GPWG,N,c,0,1,0,0,1997,0,1997.83
1.8960672616958618,210.75938415527344,1,MWI,1997,IHS-I,GPWG,N,c,0,1,0,0,1997,0,1997.83
1.4273768663406372,1256.50341796875,1,MWI,1997,IHS-I,GPWG,N,c,0,1,0,0,1997,0,1997.83
59.033390045166016,983.4322509765625,1,MWI,1997,IHS-I,GPWG,N,c,0,1,0,0,1997,0,1997.83
1.8441956043243408,464.5052490234375,1,MWI,1997,IHS-I,GPWG,N,c,0,1,0,0,1997,0,1997.83
2.504849433898926,1005.2027587890625,1,MWI,1997,IHS-I,GPWG,N,c,0,1,0,0,1997,0,1997.83
1.96091628074646,843.0375366210938,1,MWI,1997,IHS-I,GPWG,N,c,0,1,0,0,1997,0,1997.83
1.5454895496368408,631.9783935546875,1,MWI,1997,IHS-I,GPWG,N,c,0,1,0,0,1997,0,1997.83
4.308131694793701,229.95416259765625,1,MWI,1997,IHS-I,GPWG,N,c,0,1,0,0,1997,0,1997.83
3.351869583129883,374.4435119628906,1,MWI,1997,IHS-I,GPWG,N,c,0,1,0,0,1997,0,1997.83
1.785823106765747,1560.339599609375,1,MWI,1997,IHS-I,GPWG,N,c,0,1,0,0,1997,0,1997.83
9.582670211791992,631.9783935546875,1,MWI,1997,IHS-I,GPWG,N,c,0,1,0,0,1997,0,1997.83
1.1872090101242065,847.061767578125,1,MWI,1997,IHS-I,GPWG,N,c,0,1,0,0,1997,0,1997.83
0.9282481074333191,1942.1162109375,1,MWI,1997,IHS-I,GPWG,N,c,0,1,0,0,1997,0,1997.83
2.3430306911468506,1016.47412109375,1,MWI,1997,IHS-I,GPWG,N,c,0,1,0,0,1997,0,1997.83
2.882553815841675,421.5187683105469,1,MWI,1997,IHS-I,GPWG,N,c,0,1,0,0,1997,0,1997.83
15.41791820526123,59.50423812866211,1,MWI,1997,IHS-I,GPWG,N,c,0,1,0,0,1997,0,1997.83
7.7025675773620605,387.2400817871094,1,MWI,1997,IHS-I,GPWG,N,c,0,1,0,0,1997,0,1997.83
8.763734817504883,632.2781372070312,1,MWI,1997,IHS-I,GPWG,N,c,0,1,0,0,1997,0,1997.83
1.4074159860610962,455.21624755859375,1,MWI,1997,IHS-I,GPWG,N,c,0,1,0,0,1997,0,1997.83
3.2485313415527344,502.14227294921875,1,MWI,1997,IHS-I,GPWG,N,c,0,1,0,0,1997,0,1997.83
1.8557875156402588,893.2468872070312,1,MWI,1997,IHS-I,GPWG,N,c,0,1,0,0,1997,0,1997.83
7.326481342315674,148.87448120117188,1,MWI,1997,IHS-I,GPWG,N,c,0,1,0,0,1997,0,1997.83
1.2743241786956787,1820.864990234375,1,MWI,1997,IHS-I,GPWG,N,c,0,1,0,0,1997,0,1997.83
3.4601199626922607,652.1289672851562,1,MWI,1997,IHS-I,GPWG,N,c,0,1,0,0,1997,0,1997.83
1.1497620344161987,919.816650390625,1,MWI,1997,IHS-I,GPWG,N,c,0,1,0,0,1997,0,1997.83
2.7684969902038574,324.3661193847656,1,MWI,1997,IHS-I,GPWG,N,c,0,1,0,0,1997,0,1997.83
1.3137274980545044,348.3789367675781,1,MWI,1997,IHS-I,GPWG,N,c,0,1,0,0,1997,0,1997.83
6.682078838348389,434.7526550292969,1,MWI,1997,IHS-I,GPWG,N,c,0,1,0,0,1997,0,1997.83
2.3593647480010986,593.5999755859375,1,MWI,1997,IHS-I,GPWG,N,c,0,1,0,0,1997,0,1997.83
2.9240734577178955,217.37632751464844,1,MWI,1997,IHS-I,GPWG,N,c,0,1,0,0,1997,0,1997.83
3.4504876136779785,786.7457885742188,1,MWI,1997,IHS-I,GPWG,N,c,0,1,0,0,1997,0,1997.83
2.986576795578003,210.75938415527344,1,MWI,1997,IHS-I,GPWG,N,c,0,1,0,0,1997,0,1997.83
4.406617641448975,393.3728942871094,1,MWI,1997,IHS-I,GPWG,N,c,0,1,0,0,1997,0,1997.83
1.6497504711151123,2069.58740234375,1,MWI,1997,IHS-I,GPWG,N,c,0,1,0,0,1997,0,1997.83
0.9843529462814331,1474.6162109375,1,MWI,1997,IHS-I,GPWG,N,c,0,1,0,0,1997,0,1997.83
2.122135639190674,1437.446533203125,1,MWI,1997,IHS-I,GPWG,N,c,0,1,0,0,1997,0,1997.83
2.171828508377075,632.2781372070312,1,MWI,1997,IHS-I,GPWG,N,c,0,1,0,0,1997,0,1997.83
1.2203172445297241,1942.1162109375,1,MWI,1997,IHS-I,GPWG,N,c,0,1,0,0,1997,0,1997.83
4.58925724029541,231.7991485595703,1,MWI,1997,IHS-I,GPWG,N,c,0,1,0,0,1997,0,1997.83
1.518516182899475,116.12631225585938,1,MWI,1997,IHS-I,GPWG,N,c,0,1,0,0,1997,0,1997.83
2.3949520587921143,1161.72021484375,1,MWI,1997,IHS-I,GPWG,N,c,0,1,0,0,1997,0,1997.83
1.8138697147369385,1036.75927734375,1,MWI,1997,IHS-I,GPWG,N,c,0,1,0,0,1997,0,1997.83
2.1569619178771973,631.9783935546875,1,MWI,1997,IHS-I,GPWG,N,c,0,1,0,0,1997,0,1997.83
1.4246383905410767,1126.1138916015625,1,MWI,1997,IHS-I,GPWG,N,c,0,1,0,0,1997,0,1997.83
1.875436782836914,3354.0419921875,1,MWI,1997,IHS-I,GPWG,N,c,0,1,0,0,1997,0,1997.83
2.4273622035980225,1082.0050048828125,1,MWI,1997,IHS-I,GPWG,N,c,0,1,0,0,1997,0,1997.83
7.035668849945068,297.74896240234375,1,MWI,1997,IHS-I,GPWG,N,c,0,1,0,0,1997,0,1997.83
1.422039270401001,1936.200439453125,1,MWI,1997,IHS-I,GPWG,N,c,0,1,0,0,1997,0,1997.83
5.796781063079834,59.50423812866211,1,MWI,1997,IHS-I,GPWG,N,c,0,1,0,0,1997,0,1997.83
1.3061848878860474,1158.9957275390625,1,MWI,1997,IHS-I,GPWG,N,c,0,1,0,0,1997,0,1997.83
2.4214839935302734,910.4324951171875,1,MWI,1997,IHS-I,GPWG,N,c,0,1,0,0,1997,0,1997.83
2.2698683738708496,1804.0,1,MWI,1997,IHS-I,GPWG,N,c,0,1,0,0,1997,0,1997.83
2.4272847175598145,324.3661193847656,1,MWI,1997,IHS-I,GPWG,N,c,0,1,0,0,1997,0,1997.83
2.245612621307373,193.6200408935547,1,MWI,1997,IHS-I,GPWG,N,c,0,1,0,0,1997,0,1997.83
2.1616227626800537,116.12631225585938,1,MWI,1997,IHS-I,GPWG,N,c,0,1,0,0,1997,0,1997.83
1.608777403831482,563.0569458007812,1,MWI,1997,IHS-I,GPWG,N,c,0,1,0,0,1997,0,1997.83
2.628551721572876,2008.569091796875,1,MWI,1997,IHS-I,GPWG,N,c,0,1,0,0,1997,0,1997.83
2.4850871562957764,1086.881591796875,1,MWI,1997,IHS-I,GPWG,N,c,0,1,0,0,1997,0,1997.83
2.730039358139038,1506.4267578125,1,MWI,1997,IHS-I,GPWG,N,c,0,1,0,0,1997,0,1997.83
2.2887330055236816,178.51271057128906,1,MWI,1997,IHS-I,GPWG,N,c,0,1,0,0,1997,0,1997.83
3.591170072555542,463.5982971191406,1,MWI,1997,IHS-I,GPWG,N,c,0,1,0,0,1997,0,1997.83
1.3682068586349487,446.6234436035156,1,MWI,1997,IHS-I,GPWG,N,c,0,1,0,0,1997,0,1997.83
1.6390914916992188,1739.0106201171875,1,MWI,1997,IHS-I,GPWG,N,c,0,1,0,0,1997,0,1997.83
1.8670207262039185,632.2781372070312,1,MWI,1997,IHS-I,GPWG,N,c,0,1,0,0,1997,0,1997.83
1.20052969455719,1185.886474609375,1,MWI,1997,IHS-I,GPWG,N,c,0,1,0,0,1997,0,1997.83
2.68023419380188,416.5296630859375,1,MWI,1997,IHS-I,GPWG,N,c,0,1,0,0,1997,0,1997.83
2.919328451156616,187.68565368652344,1,MWI,1997,IHS-I,GPWG,N,c,0,1,0,0,1997,0,1997.83
2.118539571762085,632.2781372070312,1,MWI,1997,IHS-I,GPWG,N,c,0,1,0,0,1997,0,1997.83
1.6276862621307373,2086.1923828125,1,MWI,1997,IHS-I,GPWG,N,c,0,1,0,0,1997,0,1997.83
1.328823447227478,1082.0050048828125,1,MWI,1997,IHS-I,GPWG,N,c,0,1,0,0,1997,0,1997.83
1.8985439538955688,561.665283203125,1,MWI,1997,IHS-I,GPWG,N,c,0,1,0,0,1997,0,1997.83
5.070931911468506,169.412353515625,1,MWI,1997,IHS-I,GPWG,N,c,0,1,0,0,1997,0,1997.83
1.8728491067886353,631.9783935546875,1,MWI,1997,IHS-I,GPWG,N,c,0,1,0,0,1997,0,1997.83
7.21248722076416,1297.4644775390625,1,MWI,1997,IHS-I,GPWG,N,c,0,1,0,0,1997,0,1997.83
0.6937710046768188,187.2217559814453,1,MWI,1997,IHS-I,GPWG,N,c,0,1,0,0,1997,0,1997.83
2.1722311973571777,518.379638671875,1,MWI,1997,IHS-I,GPWG,N,c,0,1,0,0,1997,0,1997.83
2.264007806777954,338.82470703125,1,MWI,1997,IHS-I,GPWG,N,c,0,1,0,0,1997,0,1997.83
1.598059058189392,338.82470703125,1,MWI,1997,IHS-I,GPWG,N,c,0,1,0,0,1997,0,1997.83
0.9457160830497742,810.915283203125,1,MWI,1997,IHS-I,GPWG,N,c,0,1,0,0,1997,0,1997.83
2.1419379711151123,968.1002197265625,1,MWI,1997,IHS-I,GPWG,N,c,0,1,0,0,1997,0,1997.83
2.11802077293396,1053.796875,1,MWI,1997,IHS-I,GPWG,N,c,0,1,0,0,1997,0,1997.83
2.7507483959198,297.52117919921875,1,MWI,1997,IHS-I,GPWG,N,c,0,1,0,0,1997,0,1997.83
6.426864147186279,151.02127075195312,1,MWI,1997,IHS-I,GPWG,N,c,0,1,0,0,1997,0,1997.83
3.0047080516815186,297.74896240234375,1,MWI,1997,IHS-I,GPWG,N,c,0,1,0,0,1997,0,1997.83
1.4226683378219604,1507.80419921875,1,MWI,1997,IHS-I,GPWG,N,c,0,1,0,0,1997,0,1997.83
3.044630527496338,297.74896240234375,1,MWI,1997,IHS-I,GPWG,N,c,0,1,0,0,1997,0,1997.83
27.388219833374023,261.0616149902344,1,MWI,1997,IHS-I,GPWG,N,c,0,1,0,0,1997,0,1997.83
1.8848799467086792,338.82470703125,1,MWI,1997,IHS-I,GPWG,N,c,0,1,0,0,1997,0,1997.83
3.976942777633667,324.3661193847656,1,MWI,1997,IHS-I,GPWG,N,c,0,1,0,0,1997,0,1997.83
3.250401496887207,169.412353515625,1,MWI,1997,IHS-I,GPWG,N,c,0,1,0,0,1997,0,1997.83
14.375732421875,1573.4915771484375,1,MWI,1997,IHS-I,GPWG,N,c,0,1,0,0,1997,0,1997.83
1.578863501548767,226.5319061279297,1,MWI,1997,IHS-I,GPWG,N,c,0,1,0,0,1997,0,1997.83
1.6289414167404175,632.2781372070312,1,MWI,1997,IHS-I,GPWG,N,c,0,1,0,0,1997,0,1997.83
2.0924253463745117,1053.796875,1,MWI,1997,IHS-I,GPWG,N,c,0,1,0,0,1997,0,1997.83
2.459352493286133,338.82470703125,1,MWI,1997,IHS-I,GPWG,N,c,0,1,0,0,1997,0,1997.83
1.4375885725021362,938.4282836914062,1,MWI,1997,IHS-I,GPWG,N,c,0,1,0,0,1997,0,1997.83
7.457022666931152,261.0616149902344,1,MWI,1997,IHS-I,GPWG,N,c,0,1,0,0,1997,0,1997.83
2.983381748199463,193.6200408935547,1,MWI,1997,IHS-I,GPWG,N,c,0,1,0,0,1997,0,1997.83
1.405921220779419,777.5694580078125,1,MWI,1997,IHS-I,GPWG,N,c,0,1,0,0,1997,0,1997.83
1.1831579208374023,1497.7740478515625,1,MWI,1997,IHS-I,GPWG,N,c,0,1,0,0,1997,0,1997.83
3.0697133541107178,187.2217559814453,1,MWI,1997,IHS-I,GPWG,N,c,0,1,0,0,1997,0,1997.83
0.9663690328598022,1474.6162109375,1,MWI,1997,IHS-I,GPWG,N,c,0,1,0,0,1997,0,1997.83
2.236891984939575,1158.9957275390625,1,MWI,1997,IHS-I,GPWG,N,c,0,1,0,0,1997,0,1997.83
4.260031223297119,1566.36962890625,1,MWI,1997,IHS-I,GPWG,N,c,0,1,0,0,1997,0,1997.83
1.995275855064392,668.7169799804688,1,MWI,1997,IHS-I,GPWG,N,c,0,1,0,0,1997,0,1997.83
3.280198574066162,750.7426147460938,1,MWI,1997,IHS-I,GPWG,N,c,0,1,0,0,1997,0,1997.83
6.952569961547852,783.184814453125,1,MWI,1997,IHS-I,GPWG,N,c,0,1,0,0,1997,0,1997.83
3.8424904346466064,231.7991485595703,1,MWI,1997,IHS-I,GPWG,N,c,0,1,0,0,1997,0,1997.83
1.9234416484832764,677.6494140625,1,MWI,1997,IHS-I,GPWG,N,c,0,1,0,0,1997,0,1997.83
8.475765228271484,1573.4915771484375,1,MWI,1997,IHS-I,GPWG,N,c,0,1,0,0,1997,0,1997.83
0.7115688323974609,1355.298828125,1,MWI,1997,IHS-I,GPWG,N,c,0,1,0,0,1997,0,1997.83
0.9935761094093323,1623.007568359375,1,MWI,1997,IHS-I,GPWG,N,c,0,1,0,0,1997,0,1997.83
6.975456714630127,786.7457885742188,1,MWI,1997,IHS-I,GPWG,N,c,0,1,0,0,1997,0,1997.83
2.8921995162963867,387.2400817871094,1,MWI,1997,IHS-I,GPWG,N,c,0,1,0,0,1997,0,1997.83
7.325562477111816,210.75938415527344,1,MWI,1997,IHS-I,GPWG,N,c,0,1,0,0,1997,0,1997.83
1.6272096633911133,632.2781372070312,1,MWI,1997,IHS-I,GPWG,N,c,0,1,0,0,1997,0,1997.83
3.7748003005981445,2088.492919921875,1,MWI,1997,IHS-I,GPWG,N,c,0,1,0,0,1997,0,1997.83
1.0254908800125122,1263.956787109375,1,MWI,1997,IHS-I,GPWG,N,c,0,1,0,0,1997,0,1997.83
3.4953184127807617,1053.796875,1,MWI,1997,IHS-I,GPWG,N,c,0,1,0,0,1997,0,1997.83
2.919185161590576,750.7426147460938,1,MWI,1997,IHS-I,GPWG,N,c,0,1,0,0,1997,0,1997.83
2.767946243286133,1264.5562744140625,1,MWI,1997,IHS-I,GPWG,N,c,0,1,0,0,1997,0,1997.83
4.985868453979492,148.87448120117188,1,MWI,1997,IHS-I,GPWG,N,c,0,1,0,0,1997,0,1997.83
2.01991605758667,570.227294921875,1,MWI,1997,IHS-I,GPWG,N,c,0,1,0,0,1997,0,1997.83
2.085102081298828,1135.2813720703125,1,MWI,1997,IHS-I,GPWG,N,c,0,1,0,0,1997,0,1997.83
0.6996670365333557,1355.34033203125,1,MWI,1997,IHS-I,GPWG,N,c,0,1,0,0,1997,0,1997.83
8.250614166259766,421.5187683105469,1,MWI,1997,IHS-I,GPWG,N,c,0,1,0,0,1997,0,1997.83
4.261166572570801,348.3789367675781,1,MWI,1997,IHS-I,GPWG,N,c,0,1,0,0,1997,0,1997.83
2.396959066390991,648.7322387695312,1,MWI,1997,IHS-I,GPWG,N,c,0,1,0,0,1997,0,1997.83
1.0489991903305054,2073.5185546875,1,MWI,1997,IHS-I,GPWG,N,c,0,1,0,0,1997,0,1997.83
2.5766849517822266,668.7169799804688,1,MWI,1997,IHS-I,GPWG,N,c,0,1,0,0,1997,0,1997.83
1.167002558708191,847.061767578125,1,MWI,1997,IHS-I,GPWG,N,c,0,1,0,0,1997,0,1997.83
2.2137115001678467,648.7322387695312,1,MWI,1997,IHS-I,GPWG,N,c,0,1,0,0,1997,0,1997.83
2.1554830074310303,689.8624877929688,1,MWI,1997,IHS-I,GPWG,N,c,0,1,0,0,1997,0,1997.83
3.389080047607422,421.5187683105469,1,MWI,1997,IHS-I,GPWG,N,c,0,1,0,0,1997,0,1997.83
2.350897789001465,518.75,1,MWI,1997,IHS-I,GPWG,N,c,0,1,0,0,1997,0,1997.83
0.4120582938194275,1295.9490966796875,1,MWI,1997,IHS-I,GPWG,N,c,0,1,0,0,1997,0,1997.83
2.150221347808838,1062.1712646484375,1,MWI,1997,IHS-I,GPWG,N,c,0,1,0,0,1997,0,1997.83
2.9125678539276123,695.3974609375,1,MWI,1997,IHS-I,GPWG,N,c,0,1,0,0,1997,0,1997.83
3.4700489044189453,421.31890869140625,1,MWI,1997,IHS-I,GPWG,N,c,0,1,0,0,1997,0,1997.83
6.908522605895996,869.5053100585938,1,MWI,1997,IHS-I,GPWG,N,c,0,1,0,0,1997,0,1997.83
3.0096895694732666,778.125,1,MWI,1997,IHS-I,GPWG,N,c,0,1,0,0,1997,0,1997.83
2.265507459640503,1165.269775390625,1,MWI,1997,IHS-I,GPWG,N,c,0,1,0,0,1997,0,1997.83
6.34733772277832,421.5187683105469,1,MWI,1997,IHS-I,GPWG,N,c,0,1,0,0,1997,0,1997.83
1.4603337049484253,455.21624755859375,1,MWI,1997,IHS-I,GPWG,N,c,0,1,0,0,1997,0,1997.83
7.409616470336914,1566.36962890625,1,MWI,1997,IHS-I,GPWG,N,c,0,1,0,0,1997,0,1997.83
1.392815351486206,1256.50341796875,1,MWI,1997,IHS-I,GPWG,N,c,0,1,0,0,1997,0,1997.83
0.9353577494621277,2073.5185546875,1,MWI,1997,IHS-I,GPWG,N,c,0,1,0,0,1997,0,1997.83
3.01041316986084,2825.892333984375,1,MWI,1997,IHS-I,GPWG,N,c,0,1,0,0,1997,0,1997.83
6.259182453155518,1044.2464599609375,1,MWI,1997,IHS-I,GPWG,N,c,0,1,0,0,1997,0,1997.83
3.297638177871704,1053.796875,1,MWI,1997,IHS-I,GPWG,N,c,0,1,0,0,1997,0,1997.83
0.9158496260643005,632.2781372070312,1,MWI,1997,IHS-I,GPWG,N,c,0,1,0,0,1997,0,1997.83
28.148691177368164,580.860107421875,1,MWI,1997,IHS-I,GPWG,N,c,0,1,0,0,1997,0,1997.83
1.8258963823318481,232.25262451171875,1,MWI,1997,IHS-I,GPWG,N,c,0,1,0,0,1997,0,1997.83
2.809075117111206,228.09091186523438,1,MWI,1997,IHS-I,GPWG,N,c,0,1,0,0,1997,0,1997.83
2.4263575077056885,508.237060546875,1,MWI,1997,IHS-I,GPWG,N,c,0,1,0,0,1997,0,1997.83
0.9224553108215332,580.860107421875,1,MWI,1997,IHS-I,GPWG,N,c,0,1,0,0,1997,0,1997.83
2.7049059867858887,1437.446533203125,1,MWI,1997,IHS-I,GPWG,N,c,0,1,0,0,1997,0,1997.83
1.1008355617523193,1379.7249755859375,1,MWI,1997,IHS-I,GPWG,N,c,0,1,0,0,1997,0,1997.83
4.409704685211182,210.65945434570312,1,MWI,1997,IHS-I,GPWG,N,c,0,1,0,0,1997,0,1997.83
3.5675182342529297,187.68565368652344,1,MWI,1997,IHS-I,GPWG,N,c,0,1,0,0,1997,0,1997.83
1.9291448593139648,518.75,1,MWI,1997,IHS-I,GPWG,N,c,0,1,0,0,1997,0,1997.83
0.9332483410835266,2086.1923828125,1,MWI,1997,IHS-I,GPWG,N,c,0,1,0,0,1997,0,1997.83
3.468963861465454,231.7991485595703,1,MWI,1997,IHS-I,GPWG,N,c,0,1,0,0,1997,0,1997.83
2.211541175842285,758.6937866210938,1,MWI,1997,IHS-I,GPWG,N,c,0,1,0,0,1997,0,1997.83
12.476970672607422,1916.595458984375,1,MWI,1997,IHS-I,GPWG,N,c,0,1,0,0,1997,0,1997.83
3.8818931579589844,148.39999389648438,1,MWI,1997,IHS-I,GPWG,N,c,0,1,0,0,1997,0,1997.83
4.7162089347839355,116.12631225585938,1,MWI,1997,IHS-I,GPWG,N,c,0,1,0,0,1997,0,1997.83
3.288686990737915,1376.80517578125,1,MWI,1997,IHS-I,GPWG,N,c,0,1,0,0,1997,0,1997.83
0.5750036835670471,696.7578735351562,1,MWI,1997,IHS-I,GPWG,N,c,0,1,0,0,1997,0,1997.83
2.4168224334716797,508.237060546875,1,MWI,1997,IHS-I,GPWG,N,c,0,1,0,0,1997,0,1997.83
1.6276692152023315,580.860107421875,1,MWI,1997,IHS-I,GPWG,N,c,0,1,0,0,1997,0,1997.83
1.710111141204834,758.6937866210938,1,MWI,1997,IHS-I,GPWG,N,c,0,1,0,0,1997,0,1997.83
3.589329719543457,375.3713073730469,1,MWI,1997,IHS-I,GPWG,N,c,0,1,0,0,1997,0,1997.83
2.439246654510498,210.65945434570312,1,MWI,1997,IHS-I,GPWG,N,c,0,1,0,0,1997,0,1997.83
2.9408938884735107,178.51271057128906,1,MWI,1997,IHS-I,GPWG,N,c,0,1,0,0,1997,0,1997.83
7.169582366943359,231.7991485595703,1,MWI,1997,IHS-I,GPWG,N,c,0,1,0,0,1997,0,1997.83
3.26902437210083,753.902099609375,1,MWI,1997,IHS-I,GPWG,N,c,0,1,0,0,1997,0,1997.83
3.9039790630340576,968.1002197265625,1,MWI,1997,IHS-I,GPWG,N,c,0,1,0,0,1997,0,1997.83
2.318446397781372,774.4801635742188,1,MWI,1997,IHS-I,GPWG,N,c,0,1,0,0,1997,0,1997.83
3.3032076358795166,463.5982971191406,1,MWI,1997,IHS-I,GPWG,N,c,0,1,0,0,1997,0,1997.83
2.110572099685669,338.82470703125,1,MWI,1997,IHS-I,GPWG,N,c,0,1,0,0,1997,0,1997.83
1.5925276279449463,1264.5562744140625,1,MWI,1997,IHS-I,GPWG,N,c,0,1,0,0,1997,0,1997.83
4.903149604797363,464.5052490234375,1,MWI,1997,IHS-I,GPWG,N,c,0,1,0,0,1997,0,1997.83
3.682941436767578,357.0254211425781,1,MWI,1997,IHS-I,GPWG,N,c,0,1,0,0,1997,0,1997.83
4.945627212524414,463.5982971191406,1,MWI,1997,IHS-I,GPWG,N,c,0,1,0,0,1997,0,1997.83
1.63485848903656,631.9783935546875,1,MWI,1997,IHS-I,GPWG,N,c,0,1,0,0,1997,0,1997.83
6.98046350479126,1827.4312744140625,1,MWI,1997,IHS-I,GPWG,N,c,0,1,0,0,1997,0,1997.83
9.938583374023438,297.52117919921875,1,MWI,1997,IHS-I,GPWG,N,c,0,1,0,0,1997,0,1997.83
1.4306901693344116,1694.12353515625,1,MWI,1997,IHS-I,GPWG,N,c,0,1,0,0,1997,0,1997.83
1.8736518621444702,486.5491943359375,1,MWI,1997,IHS-I,GPWG,N,c,0,1,0,0,1997,0,1997.83
1.2153161764144897,910.4324951171875,1,MWI,1997,IHS-I,GPWG,N,c,0,1,0,0,1997,0,1997.83
3.917154550552368,324.3661193847656,1,MWI,1997,IHS-I,GPWG,N,c,0,1,0,0,1997,0,1997.83
7.205578327178955,421.5187683105469,1,MWI,1997,IHS-I,GPWG,N,c,0,1,0,0,1997,0,1997.83
2.148005247116089,847.061767578125,1,MWI,1997,IHS-I,GPWG,N,c,0,1,0,0,1997,0,1997.83
2.512878656387329,810.915283203125,1,MWI,1997,IHS-I,GPWG,N,c,0,1,0,0,1997,0,1997.83
1.6158441305160522,324.3661193847656,1,MWI,1997,IHS-I,GPWG,N,c,0,1,0,0,1997,0,1997.83
1.5675548315048218,59.50423812866211,1,MWI,1997,IHS-I,GPWG,N,c,0,1,0,0,1997,0,1997.83
3.379923105239868,210.75938415527344,1,MWI,1997,IHS-I,GPWG,N,c,0,1,0,0,1997,0,1997.83
1.7815252542495728,1916.595458984375,1,MWI,1997,IHS-I,GPWG,N,c,0,1,0,0,1997,0,1997.83
6.352662563323975,231.7991485595703,1,MWI,1997,IHS-I,GPWG,N,c,0,1,0,0,1997,0,1997.83
1.8873265981674194,1556.25,1,MWI,1997,IHS-I,GPWG,N,c,0,1,0,0,1997,0,1997.83
4.71482515335083,187.68565368652344,1,MWI,1997,IHS-I,GPWG,N,c,0,1,0,0,1997,0,1997.83
3.4675259590148926,375.3713073730469,1,MWI,1997,IHS-I,GPWG,N,c,0,1,0,0,1997,0,1997.83
5.162538051605225,522.1232299804688,1,MWI,1997,IHS-I,GPWG,N,c,0,1,0,0,1997,0,1997.83
2.97925066947937,1264.5562744140625,1,MWI,1997,IHS-I,GPWG,N,c,0,1,0,0,1997,0,1997.83
3.3965954780578613,1149.770751953125,1,MWI,1997,IHS-I,GPWG,N,c,0,1,0,0,1997,0,1997.83
4.751200199127197,187.68565368652344,1,MWI,1997,IHS-I,GPWG,N,c,0,1,0,0,1997,0,1997.83
5.331538200378418,187.68565368652344,1,MWI,1997,IHS-I,GPWG,N,c,0,1,0,0,1997,0,1997.83
2.7515318393707275,421.5187683105469,1,MWI,1997,IHS-I,GPWG,N,c,0,1,0,0,1997,0,1997.83
14.295724868774414,590.059326171875,1,MWI,1997,IHS-I,GPWG,N,c,0,1,0,0,1997,0,1997.83
1.4166780710220337,1086.881591796875,1,MWI,1997,IHS-I,GPWG,N,c,0,1,0,0,1997,0,1997.83
0.827028214931488,843.0375366210938,1,MWI,1997,IHS-I,GPWG,N,c,0,1,0,0,1997,0,1997.83
2.803710699081421,421.5187683105469,1,MWI,1997,IHS-I,GPWG,N,c,0,1,0,0,1997,0,1997.83
1.2912373542785645,1337.4339599609375,1,MWI,1997,IHS-I,GPWG,N,c,0,1,0,0,1997,0,1997.83
1.3407843112945557,631.9783935546875,1,MWI,1997,IHS-I,GPWG,N,c,0,1,0,0,1997,0,1997.83
6.738264560699463,210.75938415527344,1,MWI,1997,IHS-I,GPWG,N,c,0,1,0,0,1997,0,1997.83
1.6406644582748413,811.5037841796875,1,MWI,1997,IHS-I,GPWG,N,c,0,1,0,0,1997,0,1997.83
5.0925612449646,631.9783935546875,1,MWI,1997,IHS-I,GPWG,N,c,0,1,0,0,1997,0,1997.83
2.3089027404785156,778.125,1,MWI,1997,IHS-I,GPWG,N,c,0,1,0,0,1997,0,1997.83
2.3133912086486816,973.098388671875,1,MWI,1997,IHS-I,GPWG,N,c,0,1,0,0,1997,0,1997.83
2.505000114440918,1256.50341796875,1,MWI,1997,IHS-I,GPWG,N,c,0,1,0,0,1997,0,1997.83
1.428236722946167,891.6226196289062,1,MWI,1997,IHS-I,GPWG,N,c,0,1,0,0,1997,0,1997.83
3.573794364929199,421.5187683105469,1,MWI,1997,IHS-I,GPWG,N,c,0,1,0,0,1997,0,1997.83
6.81738805770874,75.51063537597656,1,MWI,1997,IHS-I,GPWG,N,c,0,1,0,0,1997,0,1997.83
2.1085641384124756,453.0638122558594,1,MWI,1997,IHS-I,GPWG,N,c,0,1,0,0,1997,0,1997.83
6.557664394378662,296.79998779296875,1,MWI,1997,IHS-I,GPWG,N,c,0,1,0,0,1997,0,1997.83
2.2687339782714844,151.73875427246094,1,MWI,1997,IHS-I,GPWG,N,c,0,1,0,0,1997,0,1997.83
1.86728835105896,1016.47412109375,1,MWI,1997,IHS-I,GPWG,N,c,0,1,0,0,1997,0,1997.83
1.8510318994522095,936.1087646484375,1,MWI,1997,IHS-I,GPWG,N,c,0,1,0,0,1997,0,1997.83
1.4749385118484497,2738.572998046875,1,MWI,1997,IHS-I,GPWG,N,c,0,1,0,0,1997,0,1997.83
1.1736973524093628,1053.796875,1,MWI,1997,IHS-I,GPWG,N,c,0,1,0,0,1997,0,1997.83
1.8820607662200928,891.6226196289062,1,MWI,1997,IHS-I,GPWG,N,c,0,1,0,0,1997,0,1997.83
2.5138015747070312,1082.0050048828125,1,MWI,1997,IHS-I,GPWG,N,c,0,1,0,0,1997,0,1997.83
3.565753221511841,983.4322509765625,1,MWI,1997,IHS-I,GPWG,N,c,0,1,0,0,1997,0,1997.83
1.149357795715332,774.4801635742188,1,MWI,1997,IHS-I,GPWG,N,c,0,1,0,0,1997,0,1997.83
1.8264809846878052,561.665283203125,1,MWI,1997,IHS-I,GPWG,N,c,0,1,0,0,1997,0,1997.83
10.212943077087402,187.68565368652344,1,MWI,1997,IHS-I,GPWG,N,c,0,1,0,0,1997,0,1997.83
2.5052130222320557,695.3974609375,1,MWI,1997,IHS-I,GPWG,N,c,0,1,0,0,1997,0,1997.83
3.8180527687072754,1916.595458984375,1,MWI,1997,IHS-I,GPWG,N,c,0,1,0,0,1997,0,1997.83
2.1920065879821777,1053.2972412109375,1,MWI,1997,IHS-I,GPWG,N,c,0,1,0,0,1997,0,1997.83
2.2403838634490967,919.816650390625,1,MWI,1997,IHS-I,GPWG,N,c,0,1,0,0,1997,0,1997.83
0.8781557083129883,1474.6162109375,1,MWI,1997,IHS-I,GPWG,N,c,0,1,0,0,1997,0,1997.83
1.6589473485946655,1053.796875,1,MWI,1997,IHS-I,GPWG,N,c,0,1,0,0,1997,0,1997.83
1.0648269653320312,910.4324951171875,1,MWI,1997,IHS-I,GPWG,N,c,0,1,0,0,1997,0,1997.83
1.5829488039016724,232.25262451171875,1,MWI,1997,IHS-I,GPWG,N,c,0,1,0,0,1997,0,1997.83
1.8785806894302368,169.412353515625,1,MWI,1997,IHS-I,GPWG,N,c,0,1,0,0,1997,0,1997.83
2.417449951171875,1501.4852294921875,1,MWI,1997,IHS-I,GPWG,N,c,0,1,0,0,1997,0,1997.83
2.197622776031494,811.5037841796875,1,MWI,1997,IHS-I,GPWG,N,c,0,1,0,0,1997,0,1997.83
5.205019474029541,119.00847625732422,1,MWI,1997,IHS-I,GPWG,N,c,0,1,0,0,1997,0,1997.83
10.450687408447266,261.0616149902344,1,MWI,1997,IHS-I,GPWG,N,c,0,1,0,0,1997,0,1997.83
4.159676551818848,357.0254211425781,1,MWI,1997,IHS-I,GPWG,N,c,0,1,0,0,1997,0,1997.83
1.9073445796966553,377.55316162109375,1,MWI,1997,IHS-I,GPWG,N,c,0,1,0,0,1997,0,1997.83
1.6106314659118652,2299.54150390625,1,MWI,1997,IHS-I,GPWG,N,c,0,1,0,0,1997,0,1997.83
1.8098915815353394,421.5187683105469,1,MWI,1997,IHS-I,GPWG,N,c,0,1,0,0,1997,0,1997.83
8.099451065063477,393.3728942871094,1,MWI,1997,IHS-I,GPWG,N,c,0,1,0,0,1997,0,1997.83
1.0855469703674316,2261.706298828125,1,MWI,1997,IHS-I,GPWG,N,c,0,1,0,0,1997,0,1997.83
1.2920920848846436,2874.89306640625,1,MWI,1997,IHS-I,GPWG,N,c,0,1,0,0,1997,0,1997.83
1.1696839332580566,958.2977294921875,1,MWI,1997,IHS-I,GPWG,N,c,0,1,0,0,1997,0,1997.83
3.6251981258392334,114.04545593261719,1,MWI,1997,IHS-I,GPWG,N,c,0,1,0,0,1997,0,1997.83
0.9972554445266724,1474.6162109375,1,MWI,1997,IHS-I,GPWG,N,c,0,1,0,0,1997,0,1997.83
1.670012354850769,631.9783935546875,1,MWI,1997,IHS-I,GPWG,N,c,0,1,0,0,1997,0,1997.83
1.8512943983078003,455.21624755859375,1,MWI,1997,IHS-I,GPWG,N,c,0,1,0,0,1997,0,1997.83
1.7413504123687744,891.6226196289062,1,MWI,1997,IHS-I,GPWG,N,c,0,1,0,0,1997,0,1997.83
2.6844468116760254,668.7169799804688,1,MWI,1997,IHS-I,GPWG,N,c,0,1,0,0,1997,0,1997.83
1.1019395589828491,464.5052490234375,1,MWI,1997,IHS-I,GPWG,N,c,0,1,0,0,1997,0,1997.83
3.0699610710144043,2593.75,1,MWI,1997,IHS-I,GPWG,N,c,0,1,0,0,1997,0,1997.83
1.277657151222229,1893.5087890625,1,MWI,1997,IHS-I,GPWG,N,c,0,1,0,0,1997,0,1997.83
3.2096903324127197,1126.1138916015625,1,MWI,1997,IHS-I,GPWG,N,c,0,1,0,0,1997,0,1997.83
2.9497766494750977,187.2217559814453,1,MWI,1997,IHS-I,GPWG,N,c,0,1,0,0,1997,0,1997.83
1.484336495399475,648.7322387695312,1,MWI,1997,IHS-I,GPWG,N,c,0,1,0,0,1997,0,1997.83
0.916907787322998,1185.886474609375,1,MWI,1997,IHS-I,GPWG,N,c,0,1,0,0,1997,0,1997.83
7.052550792694092,843.0375366210938,1,MWI,1997,IHS-I,GPWG,N,c,0,1,0,0,1997,0,1997.83
1.636747121810913,1759.1048583984375,1,MWI,1997,IHS-I,GPWG,N,c,0,1,0,0,1997,0,1997.83
4.146081447601318,753.21337890625,1,MWI,1997,IHS-I,GPWG,N,c,0,1,0,0,1997,0,1997.83
5.295689582824707,1770.177978515625,1,MWI,1997,IHS-I,GPWG,N,c,0,1,0,0,1997,0,1997.83
0.6844489574432373,748.8870239257812,1,MWI,1997,IHS-I,GPWG,N,c,0,1,0,0,1997,0,1997.83
3.8730766773223877,1005.2027587890625,1,MWI,1997,IHS-I,GPWG,N,c,0,1,0,0,1997,0,1997.83
3.045933961868286,259.375,1,MWI,1997,IHS-I,GPWG,N,c,0,1,0,0,1997,0,1997.83
3.8396785259246826,919.816650390625,1,MWI,1997,IHS-I,GPWG,N,c,0,1,0,0,1997,0,1997.83
2.1791582107543945,338.82470703125,1,MWI,1997,IHS-I,GPWG,N,c,0,1,0,0,1997,0,1997.83
1.6787686347961426,1053.796875,1,MWI,1997,IHS-I,GPWG,N,c,0,1,0,0,1997,0,1997.83
2.016700267791748,486.5491943359375,1,MWI,1997,IHS-I,GPWG,N,c,0,1,0,0,1997,0,1997.83
9.491786003112793,187.2217559814453,1,MWI,1997,IHS-I,GPWG,N,c,0,1,0,0,1997,0,1997.83
2.46226167678833,486.5491943359375,1,MWI,1997,IHS-I,GPWG,N,c,0,1,0,0,1997,0,1997.83
2.9567182064056396,210.75938415527344,1,MWI,1997,IHS-I,GPWG,N,c,0,1,0,0,1997,0,1997.83
13.248923301696777,148.87448120117188,1,MWI,1997,IHS-I,GPWG,N,c,0,1,0,0,1997,0,1997.83
0.9382069110870361,758.6937866210938,1,MWI,1997,IHS-I,GPWG,N,c,0,1,0,0,1997,0,1997.83
0.6065884828567505,1295.9490966796875,1,MWI,1997,IHS-I,GPWG,N,c,0,1,0,0,1997,0,1997.83
3.586416244506836,2706.0,1,MWI,1997,IHS-I,GPWG,N,c,0,1,0,0,1997,0,1997.83
1.6706583499908447,1609.67919921875,1,MWI,1997,IHS-I,GPWG,N,c,0,1,0,0,1997,0,1997.83
2.7768020629882812,446.6234436035156,1,MWI,1997,IHS-I,GPWG,N,c,0,1,0,0,1997,0,1997.83
1.687533974647522,631.9783935546875,1,MWI,1997,IHS-I,GPWG,N,c,0,1,0,0,1997,0,1997.83
1.605033278465271,421.5187683105469,1,MWI,1997,IHS-I,GPWG,N,c,0,1,0,0,1997,0,1997.83
3.0149168968200684,563.0569458007812,1,MWI,1997,IHS-I,GPWG,N,c,0,1,0,0,1997,0,1997.83
1.0737576484680176,1942.1162109375,1,MWI,1997,IHS-I,GPWG,N,c,0,1,0,0,1997,0,1997.83
1.4860156774520874,938.4282836914062,1,MWI,1997,IHS-I,GPWG,N,c,0,1,0,0,1997,0,1997.83
2.0495057106018066,116.12631225585938,1,MWI,1997,IHS-I,GPWG,N,c,0,1,0,0,1997,0,1997.83
0.9242380261421204,1669.1263427734375,1,MWI,1997,IHS-I,GPWG,N,c,0,1,0,0,1997,0,1997.83
0.45361319184303284,1893.5087890625,1,MWI,1997,IHS-I,GPWG,N,c,0,1,0,0,1997,0,1997.83
2.8857970237731934,193.6200408935547,1,MWI,1997,IHS-I,GPWG,N,c,0,1,0,0,1997,0,1997.83
2.4442038536071777,593.5999755859375,1,MWI,1997,IHS-I,GPWG,N,c,0,1,0,0,1997,0,1997.83
1.3881627321243286,774.4801635742188,1,MWI,1997,IHS-I,GPWG,N,c,0,1,0,0,1997,0,1997.83
0.826980710029602,774.4801635742188,1,MWI,1997,IHS-I,GPWG,N,c,0,1,0,0,1997,0,1997.83
2.234545946121216,2173.76318359375,1,MWI,1997,IHS-I,GPWG,N,c,0,1,0,0,1997,0,1997.83
1.2479100227355957,580.860107421875,1,MWI,1997,IHS-I,GPWG,N,c,0,1,0,0,1997,0,1997.83
1.4793654680252075,774.4801635742188,1,MWI,1997,IHS-I,GPWG,N,c,0,1,0,0,1997,0,1997.83
2.9901974201202393,228.09091186523438,1,MWI,1997,IHS-I,GPWG,N,c,0,1,0,0,1997,0,1997.83
3.3143129348754883,169.412353515625,1,MWI,1997,IHS-I,GPWG,N,c,0,1,0,0,1997,0,1997.83
7.723156929016113,1313.799560546875,1,MWI,1997,IHS-I,GPWG,N,c,0,1,0,0,1997,0,1997.83
3.2971231937408447,590.059326171875,1,MWI,1997,IHS-I,GPWG,N,c,0,1,0,0,1997,0,1997.83
2.5164148807525635,421.5187683105469,1,MWI,1997,IHS-I,GPWG,N,c,0,1,0,0,1997,0,1997.83
1.3280221223831177,893.2468872070312,1,MWI,1997,IHS-I,GPWG,N,c,0,1,0,0,1997,0,1997.83
1.392566204071045,919.816650390625,1,MWI,1997,IHS-I,GPWG,N,c,0,1,0,0,1997,0,1997.83
2.690369129180908,843.0375366210938,1,MWI,1997,IHS-I,GPWG,N,c,0,1,0,0,1997,0,1997.83
1.8610972166061401,1304.2579345703125,1,MWI,1997,IHS-I,GPWG,N,c,0,1,0,0,1997,0,1997.83
2.1302523612976074,2106.594482421875,1,MWI,1997,IHS-I,GPWG,N,c,0,1,0,0,1997,0,1997.83
1.0282889604568481,2874.89306640625,1,MWI,1997,IHS-I,GPWG,N,c,0,1,0,0,1997,0,1997.83
3.353922128677368,668.7169799804688,1,MWI,1997,IHS-I,GPWG,N,c,0,1,0,0,1997,0,1997.83
11.024306297302246,1180.11865234375,1,MWI,1997,IHS-I,GPWG,N,c,0,1,0,0,1997,0,1997.83
6.065867900848389,421.31890869140625,1,MWI,1997,IHS-I,GPWG,N,c,0,1,0,0,1997,0,1997.83
2.8506791591644287,1037.5,1,MWI,1997,IHS-I,GPWG,N,c,0,1,0,0,1997,0,1997.83
3.188322067260742,648.7322387695312,1,MWI,1997,IHS-I,GPWG,N,c,0,1,0,0,1997,0,1997.83
1.4470584392547607,606.9550170898438,1,MWI,1997,IHS-I,GPWG,N,c,0,1,0,0,1997,0,1997.83
1.346442461013794,1016.47412109375,1,MWI,1997,IHS-I,GPWG,N,c,0,1,0,0,1997,0,1997.83
5.925737380981445,210.75938415527344,1,MWI,1997,IHS-I,GPWG,N,c,0,1,0,0,1997,0,1997.83
2.438148260116577,652.1289672851562,1,MWI,1997,IHS-I,GPWG,N,c,0,1,0,0,1997,0,1997.83
2.0215160846710205,695.3974609375,1,MWI,1997,IHS-I,GPWG,N,c,0,1,0,0,1997,0,1997.83
1.4436209201812744,387.2400817871094,1,MWI,1997,IHS-I,GPWG,N,c,0,1,0,0,1997,0,1997.83
10.780417442321777,210.75938415527344,1,MWI,1997,IHS-I,GPWG,N,c,0,1,0,0,1997,0,1997.83
3.158468723297119,1256.50341796875,1,MWI,1997,IHS-I,GPWG,N,c,0,1,0,0,1997,0,1997.83
0.7821286916732788,2164.010009765625,1,MWI,1997,IHS-I,GPWG,N,c,0,1,0,0,1997,0,1997.83
2.477146863937378,456.18182373046875,1,MWI,1997,IHS-I,GPWG,N,c,0,1,0,0,1997,0,1997.83
1.3465386629104614,1037.5,1,MWI,1997,IHS-I,GPWG,N,c,0,1,0,0,1997,0,1997.83
1.2845548391342163,1296.875,1,MWI,1997,IHS-I,GPWG,N,c,0,1,0,0,1997,0,1997.83
0.6302799582481384,1555.138916015625,1,MWI,1997,IHS-I,GPWG,N,c,0,1,0,0,1997,0,1997.83
1.2598127126693726,1126.1138916015625,1,MWI,1997,IHS-I,GPWG,N,c,0,1,0,0,1997,0,1997.83
5.292889595031738,811.5037841796875,1,MWI,1997,IHS-I,GPWG,N,c,0,1,0,0,1997,0,1997.83
2.885587692260742,502.60137939453125,1,MWI,1997,IHS-I,GPWG,N,c,0,1,0,0,1997,0,1997.83
2.6622416973114014,1180.11865234375,1,MWI,1997,IHS-I,GPWG,N,c,0,1,0,0,1997,0,1997.83
2.2365167140960693,632.2781372070312,1,MWI,1997,IHS-I,GPWG,N,c,0,1,0,0,1997,0,1997.83
1.8214060068130493,811.5037841796875,1,MWI,1997,IHS-I,GPWG,N,c,0,1,0,0,1997,0,1997.83
7.257579326629639,297.74896240234375,1,MWI,1997,IHS-I,GPWG,N,c,0,1,0,0,1997,0,1997.83
6.39230489730835,632.2781372070312,1,MWI,1997,IHS-I,GPWG,N,c,0,1,0,0,1997,0,1997.83
20.725698471069336,783.184814453125,1,MWI,1997,IHS-I,GPWG,N,c,0,1,0,0,1997,0,1997.83
2.059702157974243,758.6937866210938,1,MWI,1997,IHS-I,GPWG,N,c,0,1,0,0,1997,0,1997.83
7.109869480133057,210.75938415527344,1,MWI,1997,IHS-I,GPWG,N,c,0,1,0,0,1997,0,1997.83
1.1911312341690063,563.0569458007812,1,MWI,1997,IHS-I,GPWG,N,c,0,1,0,0,1997,0,1997.83
1.5940755605697632,2517.060546875,1,MWI,1997,IHS-I,GPWG,N,c,0,1,0,0,1997,0,1997.83
1.9935119152069092,518.75,1,MWI,1997,IHS-I,GPWG,N,c,0,1,0,0,1997,0,1997.83
0.8955629467964172,580.631591796875,1,MWI,1997,IHS-I,GPWG,N,c,0,1,0,0,1997,0,1997.83
2.418264389038086,1005.2027587890625,1,MWI,1997,IHS-I,GPWG,N,c,0,1,0,0,1997,0,1997.83
3.553579330444336,778.125,1,MWI,1997,IHS-I,GPWG,N,c,0,1,0,0,1997,0,1997.83
1.637142539024353,774.4801635742188,1,MWI,1997,IHS-I,GPWG,N,c,0,1,0,0,1997,0,1997.83
2.9830172061920166,679.595703125,1,MWI,1997,IHS-I,GPWG,N,c,0,1,0,0,1997,0,1997.83
4.118645668029785,869.5053100585938,1,MWI,1997,IHS-I,GPWG,N,c,0,1,0,0,1997,0,1997.83
2.181647777557373,1053.796875,1,MWI,1997,IHS-I,GPWG,N,c,0,1,0,0,1997,0,1997.83
4.029008865356445,843.0375366210938,1,MWI,1997,IHS-I,GPWG,N,c,0,1,0,0,1997,0,1997.83
0.846739649772644,812.8841552734375,1,MWI,1997,IHS-I,GPWG,N,c,0,1,0,0,1997,0,1997.83
1.5623445510864258,1255.355712890625,1,MWI,1997,IHS-I,GPWG,N,c,0,1,0,0,1997,0,1997.83
1.4401735067367554,421.5187683105469,1,MWI,1997,IHS-I,GPWG,N,c,0,1,0,0,1997,0,1997.83
4.033486366271973,232.25262451171875,1,MWI,1997,IHS-I,GPWG,N,c,0,1,0,0,1997,0,1997.83
0.9815375804901123,1016.47412109375,1,MWI,1997,IHS-I,GPWG,N,c,0,1,0,0,1997,0,1997.83
1.456825613975525,847.061767578125,1,MWI,1997,IHS-I,GPWG,N,c,0,1,0,0,1997,0,1997.83
1.1565552949905396,1264.5562744140625,1,MWI,1997,IHS-I,GPWG,N,c,0,1,0,0,1997,0,1997.83
1.871434211730957,1296.875,1,MWI,1997,IHS-I,GPWG,N,c,0,1,0,0,1997,0,1997.83
1.727849006652832,595.4979248046875,1,MWI,1997,IHS-I,GPWG,N,c,0,1,0,0,1997,0,1997.83
13.001895904541016,75.51063537597656,1,MWI,1997,IHS-I,GPWG,N,c,0,1,0,0,1997,0,1997.83
2.18743634223938,338.82470703125,1,MWI,1997,IHS-I,GPWG,N,c,0,1,0,0,1997,0,1997.83
3.4309563636779785,324.3661193847656,1,MWI,1997,IHS-I,GPWG,N,c,0,1,0,0,1997,0,1997.83
1.9323391914367676,1556.25,1,MWI,1997,IHS-I,GPWG,N,c,0,1,0,0,1997,0,1997.83
1.1627800464630127,1165.269775390625,1,MWI,1997,IHS-I,GPWG,N,c,0,1,0,0,1997,0,1997.83
2.183039903640747,1004.2845458984375,1,MWI,1997,IHS-I,GPWG,N,c,0,1,0,0,1997,0,1997.83
1.3482784032821655,929.010498046875,1,MWI,1997,IHS-I,GPWG,N,c,0,1,0,0,1997,0,1997.83
13.410160064697266,1180.11865234375,1,MWI,1997,IHS-I,GPWG,N,c,0,1,0,0,1997,0,1997.83
4.718889236450195,338.82470703125,1,MWI,1997,IHS-I,GPWG,N,c,0,1,0,0,1997,0,1997.83
3.9608516693115234,983.4322509765625,1,MWI,1997,IHS-I,GPWG,N,c,0,1,0,0,1997,0,1997.83
3.6668601036071777,508.237060546875,1,MWI,1997,IHS-I,GPWG,N,c,0,1,0,0,1997,0,1997.83
1.5918784141540527,1053.796875,1,MWI,1997,IHS-I,GPWG,N,c,0,1,0,0,1997,0,1997.83
1.4019415378570557,580.860107421875,1,MWI,1997,IHS-I,GPWG,N,c,0,1,0,0,1997,0,1997.83
2.4843289852142334,668.7169799804688,1,MWI,1997,IHS-I,GPWG,N,c,0,1,0,0,1997,0,1997.83
1.6441681385040283,232.25262451171875,1,MWI,1997,IHS-I,GPWG,N,c,0,1,0,0,1997,0,1997.83
1.805206298828125,541.0025024414062,1,MWI,1997,IHS-I,GPWG,N,c,0,1,0,0,1997,0,1997.83
0.9383960366249084,1623.007568359375,1,MWI,1997,IHS-I,GPWG,N,c,0,1,0,0,1997,0,1997.83
1.3796433210372925,508.237060546875,1,MWI,1997,IHS-I,GPWG,N,c,0,1,0,0,1997,0,1997.83
1.8850374221801758,927.1965942382812,1,MWI,1997,IHS-I,GPWG,N,c,0,1,0,0,1997,0,1997.83
1.0151457786560059,593.5999755859375,1,MWI,1997,IHS-I,GPWG,N,c,0,1,0,0,1997,0,1997.83
4.659691333770752,148.39999389648438,1,MWI,1997,IHS-I,GPWG,N,c,0,1,0,0,1997,0,1997.83
27.604299545288086,786.7457885742188,1,MWI,1997,IHS-I,GPWG,N,c,0,1,0,0,1997,0,1997.83
2.195030450820923,778.125,1,MWI,1997,IHS-I,GPWG,N,c,0,1,0,0,1997,0,1997.83
1.2856253385543823,684.272705078125,1,MWI,1997,IHS-I,GPWG,N,c,0,1,0,0,1997,0,1997.83
1.5599695444107056,810.915283203125,1,MWI,1997,IHS-I,GPWG,N,c,0,1,0,0,1997,0,1997.83
0.6579023003578186,1621.83056640625,1,MWI,1997,IHS-I,GPWG,N,c,0,1,0,0,1997,0,1997.83
3.045254707336426,786.7457885742188,1,MWI,1997,IHS-I,GPWG,N,c,0,1,0,0,1997,0,1997.83
1.260015845298767,3154.199951171875,1,MWI,1997,IHS-I,GPWG,N,c,0,1,0,0,1997,0,1997.83
15.736953735351562,196.6864471435547,1,MWI,1997,IHS-I,GPWG,N,c,0,1,0,0,1997,0,1997.83
4.695817470550537,338.82470703125,1,MWI,1997,IHS-I,GPWG,N,c,0,1,0,0,1997,0,1997.83
1.6035815477371216,632.2781372070312,1,MWI,1997,IHS-I,GPWG,N,c,0,1,0,0,1997,0,1997.83
2.91166353225708,788.5499877929688,1,MWI,1997,IHS-I,GPWG,N,c,0,1,0,0,1997,0,1997.83
3.530595302581787,1376.80517578125,1,MWI,1997,IHS-I,GPWG,N,c,0,1,0,0,1997,0,1997.83
2.610388994216919,919.816650390625,1,MWI,1997,IHS-I,GPWG,N,c,0,1,0,0,1997,0,1997.83
4.125312805175781,421.5187683105469,1,MWI,1997,IHS-I,GPWG,N,c,0,1,0,0,1997,0,1997.83
2.0800225734710693,648.7322387695312,1,MWI,1997,IHS-I,GPWG,N,c,0,1,0,0,1997,0,1997.83
2.3238391876220703,342.1363525390625,1,MWI,1997,IHS-I,GPWG,N,c,0,1,0,0,1997,0,1997.83
3.4347732067108154,187.68565368652344,1,MWI,1997,IHS-I,GPWG,N,c,0,1,0,0,1997,0,1997.83
1.8634377717971802,906.1276245117188,1,MWI,1997,IHS-I,GPWG,N,c,0,1,0,0,1997,0,1997.83
1.1746633052825928,348.3789367675781,1,MWI,1997,IHS-I,GPWG,N,c,0,1,0,0,1997,0,1997.83
2.010160207748413,232.25262451171875,1,MWI,1997,IHS-I,GPWG,N,c,0,1,0,0,1997,0,1997.83
1.742154836654663,338.82470703125,1,MWI,1997,IHS-I,GPWG,N,c,0,1,0,0,1997,0,1997.83
1.764242172241211,891.6226196289062,1,MWI,1997,IHS-I,GPWG,N,c,0,1,0,0,1997,0,1997.83
2.0435028076171875,677.6494140625,1,MWI,1997,IHS-I,GPWG,N,c,0,1,0,0,1997,0,1997.83
1.9349511861801147,348.3789367675781,1,MWI,1997,IHS-I,GPWG,N,c,0,1,0,0,1997,0,1997.83
4.576874732971191,445.1999816894531,1,MWI,1997,IHS-I,GPWG,N,c,0,1,0,0,1997,0,1997.83
7.718688011169434,1263.956787109375,1,MWI,1997,IHS-I,GPWG,N,c,0,1,0,0,1997,0,1997.83
3.5930867195129395,162.1830596923828,1,MWI,1997,IHS-I,GPWG,N,c,0,1,0,0,1997,0,1997.83
2.1167895793914795,631.9783935546875,1,MWI,1997,IHS-I,GPWG,N,c,0,1,0,0,1997,0,1997.83
1.1946334838867188,1355.34033203125,1,MWI,1997,IHS-I,GPWG,N,c,0,1,0,0,1997,0,1997.83
0.9223994016647339,1053.796875,1,MWI,1997,IHS-I,GPWG,N,c,0,1,0,0,1997,0,1997.83
2.935616970062256,463.5982971191406,1,MWI,1997,IHS-I,GPWG,N,c,0,1,0,0,1997,0,1997.83
4.332858562469482,1475.315673828125,1,MWI,1997,IHS-I,GPWG,N,c,0,1,0,0,1997,0,1997.83
4.204560279846191,983.4322509765625,1,MWI,1997,IHS-I,GPWG,N,c,0,1,0,0,1997,0,1997.83
1.4104546308517456,1560.339599609375,1,MWI,1997,IHS-I,GPWG,N,c,0,1,0,0,1997,0,1997.83
1.3080766201019287,1390.794921875,1,MWI,1997,IHS-I,GPWG,N,c,0,1,0,0,1997,0,1997.83
2.903259754180908,1475.315673828125,1,MWI,1997,IHS-I,GPWG,N,c,0,1,0,0,1997,0,1997.83
2.974560499191284,434.7526550292969,1,MWI,1997,IHS-I,GPWG,N,c,0,1,0,0,1997,0,1997.83
1.1273845434188843,1254.5,1,MWI,1997,IHS-I,GPWG,N,c,0,1,0,0,1997,0,1997.83
2.1337153911590576,632.2781372070312,1,MWI,1997,IHS-I,GPWG,N,c,0,1,0,0,1997,0,1997.83
4.691671371459961,2395.744384765625,1,MWI,1997,IHS-I,GPWG,N,c,0,1,0,0,1997,0,1997.83
1.8937370777130127,580.860107421875,1,MWI,1997,IHS-I,GPWG,N,c,0,1,0,0,1997,0,1997.83
1.659849762916565,561.665283203125,1,MWI,1997,IHS-I,GPWG,N,c,0,1,0,0,1997,0,1997.83
1.5440807342529297,3369.4677734375,1,MWI,1997,IHS-I,GPWG,N,c,0,1,0,0,1997,0,1997.83
58.60078811645508,1305.30810546875,1,MWI,1997,IHS-I,GPWG,N,c,0,1,0,0,1997,0,1997.83
0.6110169887542725,2395.744384765625,1,MWI,1997,IHS-I,GPWG,N,c,0,1,0,0,1997,0,1997.83
0.8938726186752319,774.4801635742188,1,MWI,1997,IHS-I,GPWG,N,c,0,1,0,0,1997,0,1997.83
1.5845602750778198,938.4282836914062,1,MWI,1997,IHS-I,GPWG,N,c,0,1,0,0,1997,0,1997.83
5.510000228881836,148.87448120117188,1,MWI,1997,IHS-I,GPWG,N,c,0,1,0,0,1997,0,1997.83
1.6846463680267334,632.2781372070312,1,MWI,1997,IHS-I,GPWG,N,c,0,1,0,0,1997,0,1997.83
4.807464599609375,1044.2464599609375,1,MWI,1997,IHS-I,GPWG,N,c,0,1,0,0,1997,0,1997.83
0.5883211493492126,631.9783935546875,1,MWI,1997,IHS-I,GPWG,N,c,0,1,0,0,1997,0,1997.83
1.8447068929672241,387.2400817871094,1,MWI,1997,IHS-I,GPWG,N,c,0,1,0,0,1997,0,1997.83
1.180519700050354,1355.34033203125,1,MWI,1997,IHS-I,GPWG,N,c,0,1,0,0,1997,0,1997.83
4.464925289154053,456.18182373046875,1,MWI,1997,IHS-I,GPWG,N,c,0,1,0,0,1997,0,1997.83
2.9674572944641113,238.01695251464844,1,MWI,1997,IHS-I,GPWG,N,c,0,1,0,0,1997,0,1997.83
1.8690509796142578,445.1999816894531,1,MWI,1997,IHS-I,GPWG,N,c,0,1,0,0,1997,0,1997.83
2.712676525115967,1038.7999267578125,1,MWI,1997,IHS-I,GPWG,N,c,0,1,0,0,1997,0,1997.83
1.2874810695648193,1560.339599609375,1,MWI,1997,IHS-I,GPWG,N,c,0,1,0,0,1997,0,1997.83
3.177969455718994,2738.572998046875,1,MWI,1997,IHS-I,GPWG,N,c,0,1,0,0,1997,0,1997.83
14.970077514648438,296.79998779296875,1,MWI,1997,IHS-I,GPWG,N,c,0,1,0,0,1997,0,1997.83
1.4513977766036987,508.237060546875,1,MWI,1997,IHS-I,GPWG,N,c,0,1,0,0,1997,0,1997.83
3.0460734367370605,632.2781372070312,1,MWI,1997,IHS-I,GPWG,N,c,0,1,0,0,1997,0,1997.83
1.4036238193511963,1161.72021484375,1,MWI,1997,IHS-I,GPWG,N,c,0,1,0,0,1997,0,1997.83
2.868387222290039,753.902099609375,1,MWI,1997,IHS-I,GPWG,N,c,0,1,0,0,1997,0,1997.83
3.7313525676727295,783.184814453125,1,MWI,1997,IHS-I,GPWG,N,c,0,1,0,0,1997,0,1997.83
2.358689308166504,753.21337890625,1,MWI,1997,IHS-I,GPWG,N,c,0,1,0,0,1997,0,1997.83
1.913979411125183,696.7578735351562,1,MWI,1997,IHS-I,GPWG,N,c,0,1,0,0,1997,0,1997.83
1.6304445266723633,753.902099609375,1,MWI,1997,IHS-I,GPWG,N,c,0,1,0,0,1997,0,1997.83
10.737674713134766,324.3661193847656,1,MWI,1997,IHS-I,GPWG,N,c,0,1,0,0,1997,0,1997.83
0.8948128819465637,2759.925048828125,1,MWI,1997,IHS-I,GPWG,N,c,0,1,0,0,1997,0,1997.83
0.5376006364822388,2434.51123046875,1,MWI,1997,IHS-I,GPWG,N,c,0,1,0,0,1997,0,1997.83
2.1848771572113037,1916.595458984375,1,MWI,1997,IHS-I,GPWG,N,c,0,1,0,0,1997,0,1997.83
1.8936065435409546,652.1289672851562,1,MWI,1997,IHS-I,GPWG,N,c,0,1,0,0,1997,0,1997.83
1.2019972801208496,1187.199951171875,1,MWI,1997,IHS-I,GPWG,N,c,0,1,0,0,1997,0,1997.83
1.6397541761398315,778.125,1,MWI,1997,IHS-I,GPWG,N,c,0,1,0,0,1997,0,1997.83
1.2099928855895996,1158.9957275390625,1,MWI,1997,IHS-I,GPWG,N,c,0,1,0,0,1997,0,1997.83
1.3302770853042603,1295.9490966796875,1,MWI,1997,IHS-I,GPWG,N,c,0,1,0,0,1997,0,1997.83
6.5844645500183105,387.2400817871094,1,MWI,1997,IHS-I,GPWG,N,c,0,1,0,0,1997,0,1997.83
0.7879948616027832,1256.50341796875,1,MWI,1997,IHS-I,GPWG,N,c,0,1,0,0,1997,0,1997.83
1.196826457977295,1263.956787109375,1,MWI,1997,IHS-I,GPWG,N,c,0,1,0,0,1997,0,1997.83
1.6212382316589355,632.2781372070312,1,MWI,1997,IHS-I,GPWG,N,c,0,1,0,0,1997,0,1997.83
1.7483323812484741,843.0375366210938,1,MWI,1997,IHS-I,GPWG,N,c,0,1,0,0,1997,0,1997.83
1.643870234489441,891.6226196289062,1,MWI,1997,IHS-I,GPWG,N,c,0,1,0,0,1997,0,1997.83
1.8821181058883667,446.6234436035156,1,MWI,1997,IHS-I,GPWG,N,c,0,1,0,0,1997,0,1997.83
1.6690807342529297,1507.80419921875,1,MWI,1997,IHS-I,GPWG,N,c,0,1,0,0,1997,0,1997.83
2.4776601791381836,1053.2972412109375,1,MWI,1997,IHS-I,GPWG,N,c,0,1,0,0,1997,0,1997.83
2.1757194995880127,3476.9873046875,1,MWI,1997,IHS-I,GPWG,N,c,0,1,0,0,1997,0,1997.83
1.2434821128845215,1256.50341796875,1,MWI,1997,IHS-I,GPWG,N,c,0,1,0,0,1997,0,1997.83
6.9221649169921875,232.25262451171875,1,MWI,1997,IHS-I,GPWG,N,c,0,1,0,0,1997,0,1997.83
2.2470531463623047,421.31890869140625,1,MWI,1997,IHS-I,GPWG,N,c,0,1,0,0,1997,0,1997.83
4.835765838623047,302.04254150390625,1,MWI,1997,IHS-I,GPWG,N,c,0,1,0,0,1997,0,1997.83
6.949937343597412,595.4979248046875,1,MWI,1997,IHS-I,GPWG,N,c,0,1,0,0,1997,0,1997.83
4.46090030670166,590.059326171875,1,MWI,1997,IHS-I,GPWG,N,c,0,1,0,0,1997,0,1997.83
2.7840139865875244,348.3789367675781,1,MWI,1997,IHS-I,GPWG,N,c,0,1,0,0,1997,0,1997.83
1.3845127820968628,843.0375366210938,1,MWI,1997,IHS-I,GPWG,N,c,0,1,0,0,1997,0,1997.83
17.68747901916504,1566.36962890625,1,MWI,1997,IHS-I,GPWG,N,c,0,1,0,0,1997,0,1997.83
1.4678680896759033,973.098388671875,1,MWI,1997,IHS-I,GPWG,N,c,0,1,0,0,1997,0,1997.83
2.451993465423584,1082.0050048828125,1,MWI,1997,IHS-I,GPWG,N,c,0,1,0,0,1997,0,1997.83
4.534142017364502,148.87448120117188,1,MWI,1997,IHS-I,GPWG,N,c,0,1,0,0,1997,0,1997.83
1.8380584716796875,1379.7249755859375,1,MWI,1997,IHS-I,GPWG,N,c,0,1,0,0,1997,0,1997.83
0.950437068939209,842.6378173828125,1,MWI,1997,IHS-I,GPWG,N,c,0,1,0,0,1997,0,1997.83
2.4762260913848877,270.5012512207031,1,MWI,1997,IHS-I,GPWG,N,c,0,1,0,0,1997,0,1997.83
0.6478919982910156,1622.593994140625,1,MWI,1997,IHS-I,GPWG,N,c,0,1,0,0,1997,0,1997.83
3.248643159866333,1770.177978515625,1,MWI,1997,IHS-I,GPWG,N,c,0,1,0,0,1997,0,1997.83
7.003921031951904,1158.9957275390625,1,MWI,1997,IHS-I,GPWG,N,c,0,1,0,0,1997,0,1997.83
3.5243582725524902,421.5187683105469,1,MWI,1997,IHS-I,GPWG,N,c,0,1,0,0,1997,0,1997.83
10.78627872467041,261.0616149902344,1,MWI,1997,IHS-I,GPWG,N,c,0,1,0,0,1997,0,1997.83
2.158046245574951,811.5037841796875,1,MWI,1997,IHS-I,GPWG,N,c,0,1,0,0,1997,0,1997.83
2.184894323348999,968.1002197265625,1,MWI,1997,IHS-I,GPWG,N,c,0,1,0,0,1997,0,1997.83
2.2653369903564453,1474.6162109375,1,MWI,1997,IHS-I,GPWG,N,c,0,1,0,0,1997,0,1997.83
3.7079381942749023,893.2468872070312,1,MWI,1997,IHS-I,GPWG,N,c,0,1,0,0,1997,0,1997.83
1.9850153923034668,1694.12353515625,1,MWI,1997,IHS-I,GPWG,N,c,0,1,0,0,1997,0,1997.83
3.766340494155884,2173.76318359375,1,MWI,1997,IHS-I,GPWG,N,c,0,1,0,0,1997,0,1997.83
2.009275436401367,1577.0999755859375,1,MWI,1997,IHS-I,GPWG,N,c,0,1,0,0,1997,0,1997.83
2.3916027545928955,302.04254150390625,1,MWI,1997,IHS-I,GPWG,N,c,0,1,0,0,1997,0,1997.83
1.0383411645889282,910.4324951171875,1,MWI,1997,IHS-I,GPWG,N,c,0,1,0,0,1997,0,1997.83
3.0190553665161133,695.3974609375,1,MWI,1997,IHS-I,GPWG,N,c,0,1,0,0,1997,0,1997.83
0.8629034161567688,842.6378173828125,1,MWI,1997,IHS-I,GPWG,N,c,0,1,0,0,1997,0,1997.83
6.751048564910889,958.2977294921875,1,MWI,1997,IHS-I,GPWG,N,c,0,1,0,0,1997,0,1997.83
1.3944793939590454,847.061767578125,1,MWI,1997,IHS-I,GPWG,N,c,0,1,0,0,1997,0,1997.83
0.8953278660774231,1786.4937744140625,1,MWI,1997,IHS-I,GPWG,N,c,0,1,0,0,1997,0,1997.83
1.177829623222351,776.8464965820312,1,MWI,1997,IHS-I,GPWG,N,c,0,1,0,0,1997,0,1997.83
2.1246981620788574,677.6494140625,1,MWI,1997,IHS-I,GPWG,N,c,0,1,0,0,1997,0,1997.83
1.2909332513809204,1005.2027587890625,1,MWI,1997,IHS-I,GPWG,N,c,0,1,0,0,1997,0,1997.83
3.549257755279541,570.227294921875,1,MWI,1997,IHS-I,GPWG,N,c,0,1,0,0,1997,0,1997.83
3.0958471298217773,1053.2972412109375,1,MWI,1997,IHS-I,GPWG,N,c,0,1,0,0,1997,0,1997.83
3.5399484634399414,973.098388671875,1,MWI,1997,IHS-I,GPWG,N,c,0,1,0,0,1997,0,1997.83
2.5643582344055176,486.5491943359375,1,MWI,1997,IHS-I,GPWG,N,c,0,1,0,0,1997,0,1997.83
4.513728141784668,178.51271057128906,1,MWI,1997,IHS-I,GPWG,N,c,0,1,0,0,1997,0,1997.83
1.7432947158813477,374.4435119628906,1,MWI,1997,IHS-I,GPWG,N,c,0,1,0,0,1997,0,1997.83
5.522521018981934,590.059326171875,1,MWI,1997,IHS-I,GPWG,N,c,0,1,0,0,1997,0,1997.83
4.910578727722168,783.184814453125,1,MWI,1997,IHS-I,GPWG,N,c,0,1,0,0,1997,0,1997.83
3.550478219985962,210.65945434570312,1,MWI,1997,IHS-I,GPWG,N,c,0,1,0,0,1997,0,1997.83
2.722156524658203,338.82470703125,1,MWI,1997,IHS-I,GPWG,N,c,0,1,0,0,1997,0,1997.83
1.2570228576660156,595.4979248046875,1,MWI,1997,IHS-I,GPWG,N,c,0,1,0,0,1997,0,1997.83
3.817631959915161,187.2217559814453,1,MWI,1997,IHS-I,GPWG,N,c,0,1,0,0,1997,0,1997.83
1.1984801292419434,606.9550170898438,1,MWI,1997,IHS-I,GPWG,N,c,0,1,0,0,1997,0,1997.83
1.6402353048324585,455.21624755859375,1,MWI,1997,IHS-I,GPWG,N,c,0,1,0,0,1997,0,1997.83
0.8710918426513672,1355.34033203125,1,MWI,1997,IHS-I,GPWG,N,c,0,1,0,0,1997,0,1997.83
1.1213527917861938,758.6937866210938,1,MWI,1997,IHS-I,GPWG,N,c,0,1,0,0,1997,0,1997.83
1.0779151916503906,842.6378173828125,1,MWI,1997,IHS-I,GPWG,N,c,0,1,0,0,1997,0,1997.83
2.6395156383514404,169.412353515625,1,MWI,1997,IHS-I,GPWG,N,c,0,1,0,0,1997,0,1997.83
1.678171992301941,744.3724365234375,1,MWI,1997,IHS-I,GPWG,N,c,0,1,0,0,1997,0,1997.83
4.370838642120361,1185.886474609375,1,MWI,1997,IHS-I,GPWG,N,c,0,1,0,0,1997,0,1997.83
58.22026062011719,522.1232299804688,1,MWI,1997,IHS-I,GPWG,N,c,0,1,0,0,1997,0,1997.83
3.2717084884643555,1086.881591796875,1,MWI,1997,IHS-I,GPWG,N,c,0,1,0,0,1997,0,1997.83
4.363674163818359,148.87448120117188,1,MWI,1997,IHS-I,GPWG,N,c,0,1,0,0,1997,0,1997.83
1.8463661670684814,445.1999816894531,1,MWI,1997,IHS-I,GPWG,N,c,0,1,0,0,1997,0,1997.83
3.4877171516418457,421.5187683105469,1,MWI,1997,IHS-I,GPWG,N,c,0,1,0,0,1997,0,1997.83
0.9366574883460999,777.5694580078125,1,MWI,1997,IHS-I,GPWG,N,c,0,1,0,0,1997,0,1997.83
3.3432466983795166,446.6234436035156,1,MWI,1997,IHS-I,GPWG,N,c,0,1,0,0,1997,0,1997.83
1.8530086278915405,2391.1396484375,1,MWI,1997,IHS-I,GPWG,N,c,0,1,0,0,1997,0,1997.83
1.3154032230377197,1053.796875,1,MWI,1997,IHS-I,GPWG,N,c,0,1,0,0,1997,0,1997.83
2.9858009815216064,695.3974609375,1,MWI,1997,IHS-I,GPWG,N,c,0,1,0,0,1997,0,1997.83
1.4292954206466675,434.7526550292969,1,MWI,1997,IHS-I,GPWG,N,c,0,1,0,0,1997,0,1997.83
3.2462308406829834,968.1002197265625,1,MWI,1997,IHS-I,GPWG,N,c,0,1,0,0,1997,0,1997.83
1.740195393562317,1037.5,1,MWI,1997,IHS-I,GPWG,N,c,0,1,0,0,1997,0,1997.83
1.7619637250900269,464.5052490234375,1,MWI,1997,IHS-I,GPWG,N,c,0,1,0,0,1997,0,1997.83
1.1669036149978638,1053.796875,1,MWI,1997,IHS-I,GPWG,N,c,0,1,0,0,1997,0,1997.83
1.8676326274871826,1165.269775390625,1,MWI,1997,IHS-I,GPWG,N,c,0,1,0,0,1997,0,1997.83
0.4029480814933777,632.2781372070312,1,MWI,1997,IHS-I,GPWG,N,c,0,1,0,0,1997,0,1997.83
3.383537530899048,1739.0106201171875,1,MWI,1997,IHS-I,GPWG,N,c,0,1,0,0,1997,0,1997.83
1.7833110094070435,1149.770751953125,1,MWI,1997,IHS-I,GPWG,N,c,0,1,0,0,1997,0,1997.83
1.8654404878616333,464.5052490234375,1,MWI,1997,IHS-I,GPWG,N,c,0,1,0,0,1997,0,1997.83
3.9711403846740723,229.95416259765625,1,MWI,1997,IHS-I,GPWG,N,c,0,1,0,0,1997,0,1997.83
1.9044065475463867,338.82470703125,1,MWI,1997,IHS-I,GPWG,N,c,0,1,0,0,1997,0,1997.83
1.3026939630508423,1185.886474609375,1,MWI,1997,IHS-I,GPWG,N,c,0,1,0,0,1997,0,1997.83
2.1784675121307373,169.412353515625,1,MWI,1997,IHS-I,GPWG,N,c,0,1,0,0,1997,0,1997.83
3.1176273822784424,518.75,1,MWI,1997,IHS-I,GPWG,N,c,0,1,0,0,1997,0,1997.83
2.479945421218872,303.4775085449219,1,MWI,1997,IHS-I,GPWG,N,c,0,1,0,0,1997,0,1997.83
2.668606758117676,1016.47412109375,1,MWI,1997,IHS-I,GPWG,N,c,0,1,0,0,1997,0,1997.83
1.6657792329788208,1475.315673828125,1,MWI,1997,IHS-I,GPWG,N,c,0,1,0,0,1997,0,1997.83
2.7381629943847656,1126.1138916015625,1,MWI,1997,IHS-I,GPWG,N,c,0,1,0,0,1997,0,1997.83
1.6376792192459106,811.5037841796875,1,MWI,1997,IHS-I,GPWG,N,c,0,1,0,0,1997,0,1997.83
1.4196163415908813,753.902099609375,1,MWI,1997,IHS-I,GPWG,N,c,0,1,0,0,1997,0,1997.83
3.533842086791992,187.68565368652344,1,MWI,1997,IHS-I,GPWG,N,c,0,1,0,0,1997,0,1997.83
4.651418209075928,297.52117919921875,1,MWI,1997,IHS-I,GPWG,N,c,0,1,0,0,1997,0,1997.83
1.4831629991531372,847.061767578125,1,MWI,1997,IHS-I,GPWG,N,c,0,1,0,0,1997,0,1997.83
3.5049166679382324,1149.770751953125,1,MWI,1997,IHS-I,GPWG,N,c,0,1,0,0,1997,0,1997.83
2.9537923336029053,229.95416259765625,1,MWI,1997,IHS-I,GPWG,N,c,0,1,0,0,1997,0,1997.83
1.4046688079833984,753.902099609375,1,MWI,1997,IHS-I,GPWG,N,c,0,1,0,0,1997,0,1997.83
2.507202386856079,1264.5562744140625,1,MWI,1997,IHS-I,GPWG,N,c,0,1,0,0,1997,0,1997.83
1.92255699634552,1622.593994140625,1,MWI,1997,IHS-I,GPWG,N,c,0,1,0,0,1997,0,1997.83
1.1897858381271362,416.5296630859375,1,MWI,1997,IHS-I,GPWG,N,c,0,1,0,0,1997,0,1997.83
2.2521779537200928,689.8624877929688,1,MWI,1997,IHS-I,GPWG,N,c,0,1,0,0,1997,0,1997.83
3.6047680377960205,338.82470703125,1,MWI,1997,IHS-I,GPWG,N,c,0,1,0,0,1997,0,1997.83
3.901064872741699,1757.4979248046875,1,MWI,1997,IHS-I,GPWG,N,c,0,1,0,0,1997,0,1997.83
2.0691237449645996,786.7457885742188,1,MWI,1997,IHS-I,GPWG,N,c,0,1,0,0,1997,0,1997.83
1.8816230297088623,973.098388671875,1,MWI,1997,IHS-I,GPWG,N,c,0,1,0,0,1997,0,1997.83
1.7874428033828735,1390.794921875,1,MWI,1997,IHS-I,GPWG,N,c,0,1,0,0,1997,0,1997.83
1.2200864553451538,696.7578735351562,1,MWI,1997,IHS-I,GPWG,N,c,0,1,0,0,1997,0,1997.83
5.103722095489502,843.0375366210938,1,MWI,1997,IHS-I,GPWG,N,c,0,1,0,0,1997,0,1997.83
4.3634562492370605,695.3974609375,1,MWI,1997,IHS-I,GPWG,N,c,0,1,0,0,1997,0,1997.83
2.4271581172943115,518.75,1,MWI,1997,IHS-I,GPWG,N,c,0,1,0,0,1997,0,1997.83
2.987764596939087,1016.47412109375,1,MWI,1997,IHS-I,GPWG,N,c,0,1,0,0,1997,0,1997.83
5.067478179931641,3354.0419921875,1,MWI,1997,IHS-I,GPWG,N,c,0,1,0,0,1997,0,1997.83
2.5906920433044434,1757.4979248046875,1,MWI,1997,IHS-I,GPWG,N,c,0,1,0,0,1997,0,1997.83
1.4022880792617798,1295.9490966796875,1,MWI,1997,IHS-I,GPWG,N,c,0,1,0,0,1997,0,1997.83
1.8037793636322021,1149.770751953125,1,MWI,1997,IHS-I,GPWG,N,c,0,1,0,0,1997,0,1997.83
4.9335479736328125,563.0569458007812,1,MWI,1997,IHS-I,GPWG,N,c,0,1,0,0,1997,0,1997.83
2.5358340740203857,1896.83447265625,1,MWI,1997,IHS-I,GPWG,N,c,0,1,0,0,1997,0,1997.83
4.4941253662109375,169.412353515625,1,MWI,1997,IHS-I,GPWG,N,c,0,1,0,0,1997,0,1997.83
0.958324670791626,1053.2972412109375,1,MWI,1997,IHS-I,GPWG,N,c,0,1,0,0,1997,0,1997.83
4.784425735473633,652.1289672851562,1,MWI,1997,IHS-I,GPWG,N,c,0,1,0,0,1997,0,1997.83
6.296921253204346,210.65945434570312,1,MWI,1997,IHS-I,GPWG,N,c,0,1,0,0,1997,0,1997.83
0.9063209891319275,847.061767578125,1,MWI,1997,IHS-I,GPWG,N,c,0,1,0,0,1997,0,1997.83
2.462857246398926,1004.2845458984375,1,MWI,1997,IHS-I,GPWG,N,c,0,1,0,0,1997,0,1997.83
1.0417506694793701,1264.5562744140625,1,MWI,1997,IHS-I,GPWG,N,c,0,1,0,0,1997,0,1997.83
1.5199050903320312,843.0375366210938,1,MWI,1997,IHS-I,GPWG,N,c,0,1,0,0,1997,0,1997.83
2.9609477519989014,847.061767578125,1,MWI,1997,IHS-I,GPWG,N,c,0,1,0,0,1997,0,1997.83
2.5353176593780518,1437.446533203125,1,MWI,1997,IHS-I,GPWG,N,c,0,1,0,0,1997,0,1997.83
6.795063495635986,297.74896240234375,1,MWI,1997,IHS-I,GPWG,N,c,0,1,0,0,1997,0,1997.83
4.94079065322876,753.21337890625,1,MWI,1997,IHS-I,GPWG,N,c,0,1,0,0,1997,0,1997.83
1.06327223777771,348.3789367675781,1,MWI,1997,IHS-I,GPWG,N,c,0,1,0,0,1997,0,1997.83
1.26570463180542,842.6378173828125,1,MWI,1997,IHS-I,GPWG,N,c,0,1,0,0,1997,0,1997.83
2.164151191711426,677.6494140625,1,MWI,1997,IHS-I,GPWG,N,c,0,1,0,0,1997,0,1997.83
2.0225846767425537,938.4282836914062,1,MWI,1997,IHS-I,GPWG,N,c,0,1,0,0,1997,0,1997.83
2.2875559329986572,231.7991485595703,1,MWI,1997,IHS-I,GPWG,N,c,0,1,0,0,1997,0,1997.83
1.8995728492736816,1037.5,1,MWI,1997,IHS-I,GPWG,N,c,0,1,0,0,1997,0,1997.83
3.000096321105957,679.595703125,1,MWI,1997,IHS-I,GPWG,N,c,0,1,0,0,1997,0,1997.83
4.547956466674805,446.6234436035156,1,MWI,1997,IHS-I,GPWG,N,c,0,1,0,0,1997,0,1997.83
2.494489908218384,348.3789367675781,1,MWI,1997,IHS-I,GPWG,N,c,0,1,0,0,1997,0,1997.83
2.914473533630371,375.3713073730469,1,MWI,1997,IHS-I,GPWG,N,c,0,1,0,0,1997,0,1997.83
0.907454252243042,1355.298828125,1,MWI,1997,IHS-I,GPWG,N,c,0,1,0,0,1997,0,1997.83
1.62516188621521,632.2781372070312,1,MWI,1997,IHS-I,GPWG,N,c,0,1,0,0,1997,0,1997.83
2.3979806900024414,374.4435119628906,1,MWI,1997,IHS-I,GPWG,N,c,0,1,0,0,1997,0,1997.83
1.634883999824524,1149.770751953125,1,MWI,1997,IHS-I,GPWG,N,c,0,1,0,0,1997,0,1997.83
18.62382698059082,983.4322509765625,1,MWI,1997,IHS-I,GPWG,N,c,0,1,0,0,1997,0,1997.83
1.8072524070739746,2874.89306640625,1,MWI,1997,IHS-I,GPWG,N,c,0,1,0,0,1997,0,1997.83
2.0953354835510254,151.73875427246094,1,MWI,1997,IHS-I,GPWG,N,c,0,1,0,0,1997,0,1997.83
1.529923915863037,632.2781372070312,1,MWI,1997,IHS-I,GPWG,N,c,0,1,0,0,1997,0,1997.83
6.499352931976318,869.5053100585938,1,MWI,1997,IHS-I,GPWG,N,c,0,1,0,0,1997,0,1997.83
5.548319339752197,434.7526550292969,1,MWI,1997,IHS-I,GPWG,N,c,0,1,0,0,1997,0,1997.83
8.48477554321289,148.39999389648438,1,MWI,1997,IHS-I,GPWG,N,c,0,1,0,0,1997,0,1997.83
3.2112843990325928,464.5052490234375,1,MWI,1997,IHS-I,GPWG,N,c,0,1,0,0,1997,0,1997.83
2.4900550842285156,774.4801635742188,1,MWI,1997,IHS-I,GPWG,N,c,0,1,0,0,1997,0,1997.83
1.7007718086242676,1165.269775390625,1,MWI,1997,IHS-I,GPWG,N,c,0,1,0,0,1997,0,1997.83
1.6216957569122314,1783.2452392578125,1,MWI,1997,IHS-I,GPWG,N,c,0,1,0,0,1997,0,1997.83
2.2702982425689697,1005.2027587890625,1,MWI,1997,IHS-I,GPWG,N,c,0,1,0,0,1997,0,1997.83
1.1741901636123657,843.0375366210938,1,MWI,1997,IHS-I,GPWG,N,c,0,1,0,0,1997,0,1997.83
1.825352430343628,303.4775085449219,1,MWI,1997,IHS-I,GPWG,N,c,0,1,0,0,1997,0,1997.83
2.0407862663269043,632.2781372070312,1,MWI,1997,IHS-I,GPWG,N,c,0,1,0,0,1997,0,1997.83
1.376473307609558,1355.298828125,1,MWI,1997,IHS-I,GPWG,N,c,0,1,0,0,1997,0,1997.83
1.8142303228378296,1114.5283203125,1,MWI,1997,IHS-I,GPWG,N,c,0,1,0,0,1997,0,1997.83
0.9081619381904602,1623.007568359375,1,MWI,1997,IHS-I,GPWG,N,c,0,1,0,0,1997,0,1997.83
5.018955707550049,445.1999816894531,1,MWI,1997,IHS-I,GPWG,N,c,0,1,0,0,1997,0,1997.83
1.5766175985336304,1304.2579345703125,1,MWI,1997,IHS-I,GPWG,N,c,0,1,0,0,1997,0,1997.83
1.318416953086853,842.6378173828125,1,MWI,1997,IHS-I,GPWG,N,c,0,1,0,0,1997,0,1997.83
1.2471948862075806,1296.875,1,MWI,1997,IHS-I,GPWG,N,c,0,1,0,0,1997,0,1997.83
4.156164169311523,148.39999389648438,1,MWI,1997,IHS-I,GPWG,N,c,0,1,0,0,1997,0,1997.83
2.472926616668701,811.5037841796875,1,MWI,1997,IHS-I,GPWG,N,c,0,1,0,0,1997,0,1997.83
0.8798048496246338,774.4801635742188,1,MWI,1997,IHS-I,GPWG,N,c,0,1,0,0,1997,0,1997.83
2.9805657863616943,528.574462890625,1,MWI,1997,IHS-I,GPWG,N,c,0,1,0,0,1997,0,1997.83
2.1597342491149902,3157.0,1,MWI,1997,IHS-I,GPWG,N,c,0,1,0,0,1997,0,1997.83
1.372370958328247,1158.9957275390625,1,MWI,1997,IHS-I,GPWG,N,c,0,1,0,0,1997,0,1997.83
1.391274094581604,1296.875,1,MWI,1997,IHS-I,GPWG,N,c,0,1,0,0,1997,0,1997.83
1.1133456230163574,748.8870239257812,1,MWI,1997,IHS-I,GPWG,N,c,0,1,0,0,1997,0,1997.83
3.17543363571167,742.0,1,MWI,1997,IHS-I,GPWG,N,c,0,1,0,0,1997,0,1997.83
2.152820110321045,387.2400817871094,1,MWI,1997,IHS-I,GPWG,N,c,0,1,0,0,1997,0,1997.83
2.6914443969726562,1180.11865234375,1,MWI,1997,IHS-I,GPWG,N,c,0,1,0,0,1997,0,1997.83
11.880056381225586,297.52117919921875,1,MWI,1997,IHS-I,GPWG,N,c,0,1,0,0,1997,0,1997.83
1.2209720611572266,1082.0050048828125,1,MWI,1997,IHS-I,GPWG,N,c,0,1,0,0,1997,0,1997.83
1.4238048791885376,631.9783935546875,1,MWI,1997,IHS-I,GPWG,N,c,0,1,0,0,1997,0,1997.83
2.8794658184051514,778.125,1,MWI,1997,IHS-I,GPWG,N,c,0,1,0,0,1997,0,1997.83
1.8539929389953613,479.14886474609375,1,MWI,1997,IHS-I,GPWG,N,c,0,1,0,0,1997,0,1997.83
2.299931287765503,238.01695251464844,1,MWI,1997,IHS-I,GPWG,N,c,0,1,0,0,1997,0,1997.83
2.072420597076416,518.75,1,MWI,1997,IHS-I,GPWG,N,c,0,1,0,0,1997,0,1997.83
1.2824068069458008,2330.53955078125,1,MWI,1997,IHS-I,GPWG,N,c,0,1,0,0,1997,0,1997.83
3.696383476257324,3132.7392578125,1,MWI,1997,IHS-I,GPWG,N,c,0,1,0,0,1997,0,1997.83
3.571315050125122,786.7457885742188,1,MWI,1997,IHS-I,GPWG,N,c,0,1,0,0,1997,0,1997.83
3.564317464828491,869.5053100585938,1,MWI,1997,IHS-I,GPWG,N,c,0,1,0,0,1997,0,1997.83
12.269098281860352,251.07113647460938,1,MWI,1997,IHS-I,GPWG,N,c,0,1,0,0,1997,0,1997.83
9.893600463867188,210.75938415527344,1,MWI,1997,IHS-I,GPWG,N,c,0,1,0,0,1997,0,1997.83
1.4490242004394531,570.227294921875,1,MWI,1997,IHS-I,GPWG,N,c,0,1,0,0,1997,0,1997.83
2.017911911010742,652.1289672851562,1,MWI,1997,IHS-I,GPWG,N,c,0,1,0,0,1997,0,1997.83
3.5838584899902344,1053.796875,1,MWI,1997,IHS-I,GPWG,N,c,0,1,0,0,1997,0,1997.83
2.144233465194702,753.902099609375,1,MWI,1997,IHS-I,GPWG,N,c,0,1,0,0,1997,0,1997.83
11.916069984436035,297.52117919921875,1,MWI,1997,IHS-I,GPWG,N,c,0,1,0,0,1997,0,1997.83
2.903369665145874,753.902099609375,1,MWI,1997,IHS-I,GPWG,N,c,0,1,0,0,1997,0,1997.83
0.8254641890525818,758.6937866210938,1,MWI,1997,IHS-I,GPWG,N,c,0,1,0,0,1997,0,1997.83
2.313074827194214,338.82470703125,1,MWI,1997,IHS-I,GPWG,N,c,0,1,0,0,1997,0,1997.83
2.7211172580718994,695.3974609375,1,MWI,1997,IHS-I,GPWG,N,c,0,1,0,0,1997,0,1997.83
2.767636299133301,750.7426147460938,1,MWI,1997,IHS-I,GPWG,N,c,0,1,0,0,1997,0,1997.83
6.818460464477539,1264.5562744140625,1,MWI,1997,IHS-I,GPWG,N,c,0,1,0,0,1997,0,1997.83
3.491481304168701,446.6234436035156,1,MWI,1997,IHS-I,GPWG,N,c,0,1,0,0,1997,0,1997.83
1.963922381401062,2706.0,1,MWI,1997,IHS-I,GPWG,N,c,0,1,0,0,1997,0,1997.83
3.994638681411743,393.3728942871094,1,MWI,1997,IHS-I,GPWG,N,c,0,1,0,0,1997,0,1997.83
1.3814442157745361,1016.47412109375,1,MWI,1997,IHS-I,GPWG,N,c,0,1,0,0,1997,0,1997.83
1.0674418210983276,580.860107421875,1,MWI,1997,IHS-I,GPWG,N,c,0,1,0,0,1997,0,1997.83
12.397748947143555,421.31890869140625,1,MWI,1997,IHS-I,GPWG,N,c,0,1,0,0,1997,0,1997.83
2.1799330711364746,259.1898193359375,1,MWI,1997,IHS-I,GPWG,N,c,0,1,0,0,1997,0,1997.83
0.44505804777145386,1263.956787109375,1,MWI,1997,IHS-I,GPWG,N,c,0,1,0,0,1997,0,1997.83
1.5362272262573242,1135.2813720703125,1,MWI,1997,IHS-I,GPWG,N,c,0,1,0,0,1997,0,1997.83
1.205924153327942,677.6494140625,1,MWI,1997,IHS-I,GPWG,N,c,0,1,0,0,1997,0,1997.83
3.960606575012207,927.1965942382812,1,MWI,1997,IHS-I,GPWG,N,c,0,1,0,0,1997,0,1997.83
0.9157797694206238,1016.47412109375,1,MWI,1997,IHS-I,GPWG,N,c,0,1,0,0,1997,0,1997.83
1.3783882856369019,1165.269775390625,1,MWI,1997,IHS-I,GPWG,N,c,0,1,0,0,1997,0,1997.83
2.4826314449310303,927.1965942382812,1,MWI,1997,IHS-I,GPWG,N,c,0,1,0,0,1997,0,1997.83
1.1270360946655273,2759.925048828125,1,MWI,1997,IHS-I,GPWG,N,c,0,1,0,0,1997,0,1997.83
2.4450628757476807,228.09091186523438,1,MWI,1997,IHS-I,GPWG,N,c,0,1,0,0,1997,0,1997.83
1.630588173866272,631.9783935546875,1,MWI,1997,IHS-I,GPWG,N,c,0,1,0,0,1997,0,1997.83
2.9398632049560547,518.75,1,MWI,1997,IHS-I,GPWG,N,c,0,1,0,0,1997,0,1997.83
3.8617820739746094,927.1965942382812,1,MWI,1997,IHS-I,GPWG,N,c,0,1,0,0,1997,0,1997.83
1.4005297422409058,2874.89306640625,1,MWI,1997,IHS-I,GPWG,N,c,0,1,0,0,1997,0,1997.83
1.267334222793579,1623.007568359375,1,MWI,1997,IHS-I,GPWG,N,c,0,1,0,0,1997,0,1997.83
5.216494560241699,847.061767578125,1,MWI,1997,IHS-I,GPWG,N,c,0,1,0,0,1997,0,1997.83
2.8989431858062744,238.01695251464844,1,MWI,1997,IHS-I,GPWG,N,c,0,1,0,0,1997,0,1997.83
4.5904107093811035,210.75938415527344,1,MWI,1997,IHS-I,GPWG,N,c,0,1,0,0,1997,0,1997.83
7.422879219055176,1566.36962890625,1,MWI,1997,IHS-I,GPWG,N,c,0,1,0,0,1997,0,1997.83
1.5507293939590454,1126.1138916015625,1,MWI,1997,IHS-I,GPWG,N,c,0,1,0,0,1997,0,1997.83
4.544081211090088,114.04545593261719,1,MWI,1997,IHS-I,GPWG,N,c,0,1,0,0,1997,0,1997.83
3.004711389541626,1474.6162109375,1,MWI,1997,IHS-I,GPWG,N,c,0,1,0,0,1997,0,1997.83
2.7605998516082764,453.0638122558594,1,MWI,1997,IHS-I,GPWG,N,c,0,1,0,0,1997,0,1997.83
1.9614337682724,812.8841552734375,1,MWI,1997,IHS-I,GPWG,N,c,0,1,0,0,1997,0,1997.83
20.000839233398438,226.5319061279297,1,MWI,1997,IHS-I,GPWG,N,c,0,1,0,0,1997,0,1997.83
1.2868651151657104,1501.4852294921875,1,MWI,1997,IHS-I,GPWG,N,c,0,1,0,0,1997,0,1997.83
1.6366982460021973,232.25262451171875,1,MWI,1997,IHS-I,GPWG,N,c,0,1,0,0,1997,0,1997.83
2.1475417613983154,1390.794921875,1,MWI,1997,IHS-I,GPWG,N,c,0,1,0,0,1997,0,1997.83
1.4114869832992554,1263.956787109375,1,MWI,1997,IHS-I,GPWG,N,c,0,1,0,0,1997,0,1997.83
2.968107223510742,750.7426147460938,1,MWI,1997,IHS-I,GPWG,N,c,0,1,0,0,1997,0,1997.83
1.844138503074646,508.237060546875,1,MWI,1997,IHS-I,GPWG,N,c,0,1,0,0,1997,0,1997.83
0.8020837306976318,2330.53955078125,1,MWI,1997,IHS-I,GPWG,N,c,0,1,0,0,1997,0,1997.83
3.619964599609375,1263.956787109375,1,MWI,1997,IHS-I,GPWG,N,c,0,1,0,0,1997,0,1997.83
1.5787007808685303,421.31890869140625,1,MWI,1997,IHS-I,GPWG,N,c,0,1,0,0,1997,0,1997.83
1.1735799312591553,2395.744384765625,1,MWI,1997,IHS-I,GPWG,N,c,0,1,0,0,1997,0,1997.83
6.466731548309326,590.059326171875,1,MWI,1997,IHS-I,GPWG,N,c,0,1,0,0,1997,0,1997.83
1.4210076332092285,847.061767578125,1,MWI,1997,IHS-I,GPWG,N,c,0,1,0,0,1997,0,1997.83
1.6555379629135132,652.1289672851562,1,MWI,1997,IHS-I,GPWG,N,c,0,1,0,0,1997,0,1997.83
0.5710989832878113,1355.34033203125,1,MWI,1997,IHS-I,GPWG,N,c,0,1,0,0,1997,0,1997.83
2.185842514038086,1459.6475830078125,1,MWI,1997,IHS-I,GPWG,N,c,0,1,0,0,1997,0,1997.83
1.264643907546997,1295.9490966796875,1,MWI,1997,IHS-I,GPWG,N,c,0,1,0,0,1997,0,1997.83
0.8420682549476624,842.6378173828125,1,MWI,1997,IHS-I,GPWG,N,c,0,1,0,0,1997,0,1997.83
1.6022109985351562,958.2977294921875,1,MWI,1997,IHS-I,GPWG,N,c,0,1,0,0,1997,0,1997.83
1.5513255596160889,843.0375366210938,1,MWI,1997,IHS-I,GPWG,N,c,0,1,0,0,1997,0,1997.83
3.7987325191497803,502.60137939453125,1,MWI,1997,IHS-I,GPWG,N,c,0,1,0,0,1997,0,1997.83
15.139540672302246,983.4322509765625,1,MWI,1997,IHS-I,GPWG,N,c,0,1,0,0,1997,0,1997.83
4.0500311851501465,563.0569458007812,1,MWI,1997,IHS-I,GPWG,N,c,0,1,0,0,1997,0,1997.83
3.124757766723633,753.902099609375,1,MWI,1997,IHS-I,GPWG,N,c,0,1,0,0,1997,0,1997.83
7.099759101867676,774.4801635742188,1,MWI,1997,IHS-I,GPWG,N,c,0,1,0,0,1997,0,1997.83
9.653783798217773,238.01695251464844,1,MWI,1997,IHS-I,GPWG,N,c,0,1,0,0,1997,0,1997.83
1.7890604734420776,1005.2027587890625,1,MWI,1997,IHS-I,GPWG,N,c,0,1,0,0,1997,0,1997.83
1.0923086404800415,2010.405517578125,1,MWI,1997,IHS-I,GPWG,N,c,0,1,0,0,1997,0,1997.83
2.829136371612549,1082.0050048828125,1,MWI,1997,IHS-I,GPWG,N,c,0,1,0,0,1997,0,1997.83
0.9097132086753845,910.4324951171875,1,MWI,1997,IHS-I,GPWG,N,c,0,1,0,0,1997,0,1997.83
1.5268280506134033,632.2781372070312,1,MWI,1997,IHS-I,GPWG,N,c,0,1,0,0,1997,0,1997.83
3.0443246364593506,228.09091186523438,1,MWI,1997,IHS-I,GPWG,N,c,0,1,0,0,1997,0,1997.83
11.94975757598877,261.0616149902344,1,MWI,1997,IHS-I,GPWG,N,c,0,1,0,0,1997,0,1997.83
6.68944787979126,148.87448120117188,1,MWI,1997,IHS-I,GPWG,N,c,0,1,0,0,1997,0,1997.83
2.4321508407592773,631.9783935546875,1,MWI,1997,IHS-I,GPWG,N,c,0,1,0,0,1997,0,1997.83
6.888364791870117,590.059326171875,1,MWI,1997,IHS-I,GPWG,N,c,0,1,0,0,1997,0,1997.83
1.6804585456848145,1086.881591796875,1,MWI,1997,IHS-I,GPWG,N,c,0,1,0,0,1997,0,1997.83
4.6154351234436035,1180.11865234375,1,MWI,1997,IHS-I,GPWG,N,c,0,1,0,0,1997,0,1997.83
2.5105574131011963,1086.881591796875,1,MWI,1997,IHS-I,GPWG,N,c,0,1,0,0,1997,0,1997.83
1.8808497190475464,1895.93505859375,1,MWI,1997,IHS-I,GPWG,N,c,0,1,0,0,1997,0,1997.83
1.9037543535232544,632.2781372070312,1,MWI,1997,IHS-I,GPWG,N,c,0,1,0,0,1997,0,1997.83
1.1752824783325195,631.9783935546875,1,MWI,1997,IHS-I,GPWG,N,c,0,1,0,0,1997,0,1997.83
3.735800266265869,445.1999816894531,1,MWI,1997,IHS-I,GPWG,N,c,0,1,0,0,1997,0,1997.83
1.4235528707504272,1783.2452392578125,1,MWI,1997,IHS-I,GPWG,N,c,0,1,0,0,1997,0,1997.83
0.567540168762207,1053.2972412109375,1,MWI,1997,IHS-I,GPWG,N,c,0,1,0,0,1997,0,1997.83
2.8466293811798096,187.2217559814453,1,MWI,1997,IHS-I,GPWG,N,c,0,1,0,0,1997,0,1997.83
4.44924783706665,228.09091186523438,1,MWI,1997,IHS-I,GPWG,N,c,0,1,0,0,1997,0,1997.83
8.458806991577148,196.6864471435547,1,MWI,1997,IHS-I,GPWG,N,c,0,1,0,0,1997,0,1997.83
3.571500778198242,788.5499877929688,1,MWI,1997,IHS-I,GPWG,N,c,0,1,0,0,1997,0,1997.83
2.4173483848571777,1304.2579345703125,1,MWI,1997,IHS-I,GPWG,N,c,0,1,0,0,1997,0,1997.83
4.32879638671875,162.1830596923828,1,MWI,1997,IHS-I,GPWG,N,c,0,1,0,0,1997,0,1997.83
3.0191879272460938,446.6234436035156,1,MWI,1997,IHS-I,GPWG,N,c,0,1,0,0,1997,0,1997.83
7.568148136138916,148.87448120117188,1,MWI,1997,IHS-I,GPWG,N,c,0,1,0,0,1997,0,1997.83
4.626477241516113,148.39999389648438,1,MWI,1997,IHS-I,GPWG,N,c,0,1,0,0,1997,0,1997.83
7.971045970916748,1827.4312744140625,1,MWI,1997,IHS-I,GPWG,N,c,0,1,0,0,1997,0,1997.83
0.8842713236808777,1896.83447265625,1,MWI,1997,IHS-I,GPWG,N,c,0,1,0,0,1997,0,1997.83
5.712630748748779,1313.799560546875,1,MWI,1997,IHS-I,GPWG,N,c,0,1,0,0,1997,0,1997.83
1.0285215377807617,303.4775085449219,1,MWI,1997,IHS-I,GPWG,N,c,0,1,0,0,1997,0,1997.83
3.1992197036743164,455.21624755859375,1,MWI,1997,IHS-I,GPWG,N,c,0,1,0,0,1997,0,1997.83
1.500025987625122,1475.315673828125,1,MWI,1997,IHS-I,GPWG,N,c,0,1,0,0,1997,0,1997.83
1.5607362985610962,1086.881591796875,1,MWI,1997,IHS-I,GPWG,N,c,0,1,0,0,1997,0,1997.83
3.1445958614349365,1622.593994140625,1,MWI,1997,IHS-I,GPWG,N,c,0,1,0,0,1997,0,1997.83
4.473696708679199,1213.9100341796875,1,MWI,1997,IHS-I,GPWG,N,c,0,1,0,0,1997,0,1997.83
0.9854398965835571,810.915283203125,1,MWI,1997,IHS-I,GPWG,N,c,0,1,0,0,1997,0,1997.83
7.491559028625488,522.1232299804688,1,MWI,1997,IHS-I,GPWG,N,c,0,1,0,0,1997,0,1997.83
20.00888442993164,393.3728942871094,1,MWI,1997,IHS-I,GPWG,N,c,0,1,0,0,1997,0,1997.83
2.6750614643096924,1313.799560546875,1,MWI,1997,IHS-I,GPWG,N,c,0,1,0,0,1997,0,1997.83
1.4196891784667969,847.061767578125,1,MWI,1997,IHS-I,GPWG,N,c,0,1,0,0,1997,0,1997.83
1.9957828521728516,151.73875427246094,1,MWI,1997,IHS-I,GPWG,N,c,0,1,0,0,1997,0,1997.83
2.9722652435302734,2106.594482421875,1,MWI,1997,IHS-I,GPWG,N,c,0,1,0,0,1997,0,1997.83
5.911905765533447,522.1232299804688,1,MWI,1997,IHS-I,GPWG,N,c,0,1,0,0,1997,0,1997.83
0.7238474488258362,387.2400817871094,1,MWI,1997,IHS-I,GPWG,N,c,0,1,0,0,1997,0,1997.83
2.719567060470581,116.12631225585938,1,MWI,1997,IHS-I,GPWG,N,c,0,1,0,0,1997,0,1997.83
3.5709493160247803,238.01695251464844,1,MWI,1997,IHS-I,GPWG,N,c,0,1,0,0,1997,0,1997.83
2.4664549827575684,1304.2579345703125,1,MWI,1997,IHS-I,GPWG,N,c,0,1,0,0,1997,0,1997.83
3.0416834354400635,695.3974609375,1,MWI,1997,IHS-I,GPWG,N,c,0,1,0,0,1997,0,1997.83
0.943535327911377,973.098388671875,1,MWI,1997,IHS-I,GPWG,N,c,0,1,0,0,1997,0,1997.83
3.091592788696289,595.4979248046875,1,MWI,1997,IHS-I,GPWG,N,c,0,1,0,0,1997,0,1997.83
4.205129146575928,421.5187683105469,1,MWI,1997,IHS-I,GPWG,N,c,0,1,0,0,1997,0,1997.83
4.190445899963379,1305.30810546875,1,MWI,1997,IHS-I,GPWG,N,c,0,1,0,0,1997,0,1997.83
1.3648202419281006,677.6494140625,1,MWI,1997,IHS-I,GPWG,N,c,0,1,0,0,1997,0,1997.83
1.4215055704116821,1521.63427734375,1,MWI,1997,IHS-I,GPWG,N,c,0,1,0,0,1997,0,1997.83
1.9805333614349365,303.4775085449219,1,MWI,1997,IHS-I,GPWG,N,c,0,1,0,0,1997,0,1997.83
15.6953763961792,847.061767578125,1,MWI,1997,IHS-I,GPWG,N,c,0,1,0,0,1997,0,1997.83
0.6470324397087097,758.6937866210938,1,MWI,1997,IHS-I,GPWG,N,c,0,1,0,0,1997,0,1997.83
1.9053986072540283,632.2781372070312,1,MWI,1997,IHS-I,GPWG,N,c,0,1,0,0,1997,0,1997.83
2.759242296218872,1165.269775390625,1,MWI,1997,IHS-I,GPWG,N,c,0,1,0,0,1997,0,1997.83
1.4117157459259033,843.0375366210938,1,MWI,1997,IHS-I,GPWG,N,c,0,1,0,0,1997,0,1997.83
3.776881694793701,421.31890869140625,1,MWI,1997,IHS-I,GPWG,N,c,0,1,0,0,1997,0,1997.83
4.152756214141846,1123.33056640625,1,MWI,1997,IHS-I,GPWG,N,c,0,1,0,0,1997,0,1997.83
5.9806084632873535,446.6234436035156,1,MWI,1997,IHS-I,GPWG,N,c,0,1,0,0,1997,0,1997.83
1.0247827768325806,1459.6475830078125,1,MWI,1997,IHS-I,GPWG,N,c,0,1,0,0,1997,0,1997.83
1.9237844944000244,677.6494140625,1,MWI,1997,IHS-I,GPWG,N,c,0,1,0,0,1997,0,1997.83
3.5708773136138916,830.6170043945312,1,MWI,1997,IHS-I,GPWG,N,c,0,1,0,0,1997,0,1997.83
2.115107774734497,677.6494140625,1,MWI,1997,IHS-I,GPWG,N,c,0,1,0,0,1997,0,1997.83
1.1185460090637207,1854.3931884765625,1,MWI,1997,IHS-I,GPWG,N,c,0,1,0,0,1997,0,1997.83
2.841082811355591,178.51271057128906,1,MWI,1997,IHS-I,GPWG,N,c,0,1,0,0,1997,0,1997.83
1.0359655618667603,2395.744384765625,1,MWI,1997,IHS-I,GPWG,N,c,0,1,0,0,1997,0,1997.83
0.7320552468299866,847.061767578125,1,MWI,1997,IHS-I,GPWG,N,c,0,1,0,0,1997,0,1997.83
4.324120998382568,232.25262451171875,1,MWI,1997,IHS-I,GPWG,N,c,0,1,0,0,1997,0,1997.83
1.8979812860488892,1854.3931884765625,1,MWI,1997,IHS-I,GPWG,N,c,0,1,0,0,1997,0,1997.83
1.9629465341567993,2008.569091796875,1,MWI,1997,IHS-I,GPWG,N,c,0,1,0,0,1997,0,1997.83
1.074630618095398,606.9550170898438,1,MWI,1997,IHS-I,GPWG,N,c,0,1,0,0,1997,0,1997.83
15.078350067138672,1180.11865234375,1,MWI,1997,IHS-I,GPWG,N,c,0,1,0,0,1997,0,1997.83
1.9122594594955444,1352.5062255859375,1,MWI,1997,IHS-I,GPWG,N,c,0,1,0,0,1997,0,1997.83
1.7432494163513184,748.8870239257812,1,MWI,1997,IHS-I,GPWG,N,c,0,1,0,0,1997,0,1997.83
1.1704367399215698,677.6494140625,1,MWI,1997,IHS-I,GPWG,N,c,0,1,0,0,1997,0,1997.83
1.1986758708953857,1126.1138916015625,1,MWI,1997,IHS-I,GPWG,N,c,0,1,0,0,1997,0,1997.83
7.22492790222168,421.31890869140625,1,MWI,1997,IHS-I,GPWG,N,c,0,1,0,0,1997,0,1997.83
0.6157592535018921,1686.0750732421875,1,MWI,1997,IHS-I,GPWG,N,c,0,1,0,0,1997,0,1997.83
3.2396674156188965,1313.799560546875,1,MWI,1997,IHS-I,GPWG,N,c,0,1,0,0,1997,0,1997.83
2.9773178100585938,890.3999633789062,1,MWI,1997,IHS-I,GPWG,N,c,0,1,0,0,1997,0,1997.83
3.972597360610962,231.7991485595703,1,MWI,1997,IHS-I,GPWG,N,c,0,1,0,0,1997,0,1997.83
7.1573333740234375,1376.80517578125,1,MWI,1997,IHS-I,GPWG,N,c,0,1,0,0,1997,0,1997.83
2.4746599197387695,2106.594482421875,1,MWI,1997,IHS-I,GPWG,N,c,0,1,0,0,1997,0,1997.83
2.697523832321167,1135.2813720703125,1,MWI,1997,IHS-I,GPWG,N,c,0,1,0,0,1997,0,1997.83
1.8383008241653442,518.379638671875,1,MWI,1997,IHS-I,GPWG,N,c,0,1,0,0,1997,0,1997.83
2.223592519760132,1062.1712646484375,1,MWI,1997,IHS-I,GPWG,N,c,0,1,0,0,1997,0,1997.83
1.1992582082748413,1507.80419921875,1,MWI,1997,IHS-I,GPWG,N,c,0,1,0,0,1997,0,1997.83
2.95029616355896,1126.1138916015625,1,MWI,1997,IHS-I,GPWG,N,c,0,1,0,0,1997,0,1997.83
4.4891533851623535,375.3713073730469,1,MWI,1997,IHS-I,GPWG,N,c,0,1,0,0,1997,0,1997.83
2.9624288082122803,788.5499877929688,1,MWI,1997,IHS-I,GPWG,N,c,0,1,0,0,1997,0,1997.83
1.5456287860870361,1264.5562744140625,1,MWI,1997,IHS-I,GPWG,N,c,0,1,0,0,1997,0,1997.83
3.7394444942474365,338.82470703125,1,MWI,1997,IHS-I,GPWG,N,c,0,1,0,0,1997,0,1997.83
6.161727428436279,983.4322509765625,1,MWI,1997,IHS-I,GPWG,N,c,0,1,0,0,1997,0,1997.83
2.9607198238372803,632.2781372070312,1,MWI,1997,IHS-I,GPWG,N,c,0,1,0,0,1997,0,1997.83
8.730271339416504,393.3728942871094,1,MWI,1997,IHS-I,GPWG,N,c,0,1,0,0,1997,0,1997.83
1.684754490852356,631.9783935546875,1,MWI,1997,IHS-I,GPWG,N,c,0,1,0,0,1997,0,1997.83
1.2065187692642212,1295.9490966796875,1,MWI,1997,IHS-I,GPWG,N,c,0,1,0,0,1997,0,1997.83
12.441953659057617,1376.80517578125,1,MWI,1997,IHS-I,GPWG,N,c,0,1,0,0,1997,0,1997.83
7.0580973625183105,162.1830596923828,1,MWI,1997,IHS-I,GPWG,N,c,0,1,0,0,1997,0,1997.83
2.1550981998443604,374.4435119628906,1,MWI,1997,IHS-I,GPWG,N,c,0,1,0,0,1997,0,1997.83
3.1537997722625732,2764.3076171875,1,MWI,1997,IHS-I,GPWG,N,c,0,1,0,0,1997,0,1997.83
3.3237123489379883,811.5037841796875,1,MWI,1997,IHS-I,GPWG,N,c,0,1,0,0,1997,0,1997.83
2.829045057296753,750.7426147460938,1,MWI,1997,IHS-I,GPWG,N,c,0,1,0,0,1997,0,1997.83
1.3404812812805176,1497.7740478515625,1,MWI,1997,IHS-I,GPWG,N,c,0,1,0,0,1997,0,1997.83
1.6332932710647583,798.3181762695312,1,MWI,1997,IHS-I,GPWG,N,c,0,1,0,0,1997,0,1997.83
0.9327102899551392,1437.446533203125,1,MWI,1997,IHS-I,GPWG,N,c,0,1,0,0,1997,0,1997.83
1.5172126293182373,1506.4267578125,1,MWI,1997,IHS-I,GPWG,N,c,0,1,0,0,1997,0,1997.83
1.5180436372756958,561.665283203125,1,MWI,1997,IHS-I,GPWG,N,c,0,1,0,0,1997,0,1997.83
0.9108038544654846,1016.47412109375,1,MWI,1997,IHS-I,GPWG,N,c,0,1,0,0,1997,0,1997.83
0.8033755421638489,1062.1712646484375,1,MWI,1997,IHS-I,GPWG,N,c,0,1,0,0,1997,0,1997.83
3.5610172748565674,455.21624755859375,1,MWI,1997,IHS-I,GPWG,N,c,0,1,0,0,1997,0,1997.83
1.6885544061660767,677.6494140625,1,MWI,1997,IHS-I,GPWG,N,c,0,1,0,0,1997,0,1997.83
1.1719067096710205,1264.5562744140625,1,MWI,1997,IHS-I,GPWG,N,c,0,1,0,0,1997,0,1997.83
1.3848249912261963,1135.2813720703125,1,MWI,1997,IHS-I,GPWG,N,c,0,1,0,0,1997,0,1997.83
2.3203141689300537,228.09091186523438,1,MWI,1997,IHS-I,GPWG,N,c,0,1,0,0,1997,0,1997.83
3.8262062072753906,210.65945434570312,1,MWI,1997,IHS-I,GPWG,N,c,0,1,0,0,1997,0,1997.83
2.265122652053833,486.5491943359375,1,MWI,1997,IHS-I,GPWG,N,c,0,1,0,0,1997,0,1997.83
3.175856590270996,1082.0050048828125,1,MWI,1997,IHS-I,GPWG,N,c,0,1,0,0,1997,0,1997.83
0.9955130219459534,2075.0,1,MWI,1997,IHS-I,GPWG,N,c,0,1,0,0,1997,0,1997.83
3.0709922313690186,393.3728942871094,1,MWI,1997,IHS-I,GPWG,N,c,0,1,0,0,1997,0,1997.83
2.993881940841675,1037.5,1,MWI,1997,IHS-I,GPWG,N,c,0,1,0,0,1997,0,1997.83
1.415628433227539,2739.8720703125,1,MWI,1997,IHS-I,GPWG,N,c,0,1,0,0,1997,0,1997.83
2.017319679260254,632.2781372070312,1,MWI,1997,IHS-I,GPWG,N,c,0,1,0,0,1997,0,1997.83
2.1363883018493652,776.8464965820312,1,MWI,1997,IHS-I,GPWG,N,c,0,1,0,0,1997,0,1997.83
1.6357392072677612,1126.1138916015625,1,MWI,1997,IHS-I,GPWG,N,c,0,1,0,0,1997,0,1997.83
1.430025339126587,1759.1048583984375,1,MWI,1997,IHS-I,GPWG,N,c,0,1,0,0,1997,0,1997.83
2.952096939086914,455.21624755859375,1,MWI,1997,IHS-I,GPWG,N,c,0,1,0,0,1997,0,1997.83
1.1901911497116089,1971.375,1,MWI,1997,IHS-I,GPWG,N,c,0,1,0,0,1997,0,1997.83
1.8607826232910156,1114.5283203125,1,MWI,1997,IHS-I,GPWG,N,c,0,1,0,0,1997,0,1997.83
1.847724437713623,677.6494140625,1,MWI,1997,IHS-I,GPWG,N,c,0,1,0,0,1997,0,1997.83
1.6130021810531616,508.237060546875,1,MWI,1997,IHS-I,GPWG,N,c,0,1,0,0,1997,0,1997.83
1.0127956867218018,632.2781372070312,1,MWI,1997,IHS-I,GPWG,N,c,0,1,0,0,1997,0,1997.83
1.6339870691299438,570.227294921875,1,MWI,1997,IHS-I,GPWG,N,c,0,1,0,0,1997,0,1997.83
1.2496970891952515,1165.269775390625,1,MWI,1997,IHS-I,GPWG,N,c,0,1,0,0,1997,0,1997.83
21.684104919433594,522.1232299804688,1,MWI,1997,IHS-I,GPWG,N,c,0,1,0,0,1997,0,1997.83
4.6655120849609375,938.4282836914062,1,MWI,1997,IHS-I,GPWG,N,c,0,1,0,0,1997,0,1997.83
22.74462890625,196.6864471435547,1,MWI,1997,IHS-I,GPWG,N,c,0,1,0,0,1997,0,1997.83
0.9193897843360901,758.6937866210938,1,MWI,1997,IHS-I,GPWG,N,c,0,1,0,0,1997,0,1997.83
2.8772287368774414,753.902099609375,1,MWI,1997,IHS-I,GPWG,N,c,0,1,0,0,1997,0,1997.83
2.16871976852417,169.412353515625,1,MWI,1997,IHS-I,GPWG,N,c,0,1,0,0,1997,0,1997.83
1.3298957347869873,595.4979248046875,1,MWI,1997,IHS-I,GPWG,N,c,0,1,0,0,1997,0,1997.83
1.8876104354858398,1264.5562744140625,1,MWI,1997,IHS-I,GPWG,N,c,0,1,0,0,1997,0,1997.83
1.6259464025497437,1839.63330078125,1,MWI,1997,IHS-I,GPWG,N,c,0,1,0,0,1997,0,1997.83
1.1637409925460815,1082.0050048828125,1,MWI,1997,IHS-I,GPWG,N,c,0,1,0,0,1997,0,1997.83
8.672619819641113,261.0616149902344,1,MWI,1997,IHS-I,GPWG,N,c,0,1,0,0,1997,0,1997.83
2.1922545433044434,2706.0,1,MWI,1997,IHS-I,GPWG,N,c,0,1,0,0,1997,0,1997.83
1.2313339710235596,606.9550170898438,1,MWI,1997,IHS-I,GPWG,N,c,0,1,0,0,1997,0,1997.83
2.418896198272705,210.75938415527344,1,MWI,1997,IHS-I,GPWG,N,c,0,1,0,0,1997,0,1997.83
1.855903148651123,338.82470703125,1,MWI,1997,IHS-I,GPWG,N,c,0,1,0,0,1997,0,1997.83
1.309531807899475,1352.5062255859375,1,MWI,1997,IHS-I,GPWG,N,c,0,1,0,0,1997,0,1997.83
2.8894360065460205,169.412353515625,1,MWI,1997,IHS-I,GPWG,N,c,0,1,0,0,1997,0,1997.83
1.7984312772750854,890.3999633789062,1,MWI,1997,IHS-I,GPWG,N,c,0,1,0,0,1997,0,1997.83
1.209816336631775,387.2400817871094,1,MWI,1997,IHS-I,GPWG,N,c,0,1,0,0,1997,0,1997.83
48.85556411743164,783.184814453125,1,MWI,1997,IHS-I,GPWG,N,c,0,1,0,0,1997,0,1997.83
0.7293338775634766,677.6494140625,1,MWI,1997,IHS-I,GPWG,N,c,0,1,0,0,1997,0,1997.83
2.2303919792175293,1062.1712646484375,1,MWI,1997,IHS-I,GPWG,N,c,0,1,0,0,1997,0,1997.83
3.457736015319824,632.2781372070312,1,MWI,1997,IHS-I,GPWG,N,c,0,1,0,0,1997,0,1997.83
0.9379278421401978,1062.1712646484375,1,MWI,1997,IHS-I,GPWG,N,c,0,1,0,0,1997,0,1997.83
2.3567724227905273,1158.9957275390625,1,MWI,1997,IHS-I,GPWG,N,c,0,1,0,0,1997,0,1997.83
5.5007710456848145,561.665283203125,1,MWI,1997,IHS-I,GPWG,N,c,0,1,0,0,1997,0,1997.83
4.2791523933410645,1827.4312744140625,1,MWI,1997,IHS-I,GPWG,N,c,0,1,0,0,1997,0,1997.83
2.4909212589263916,842.6378173828125,1,MWI,1997,IHS-I,GPWG,N,c,0,1,0,0,1997,0,1997.83
2.131356954574585,3581.210693359375,1,MWI,1997,IHS-I,GPWG,N,c,0,1,0,0,1997,0,1997.83
1.7692443132400513,632.2781372070312,1,MWI,1997,IHS-I,GPWG,N,c,0,1,0,0,1997,0,1997.83
1.2568187713623047,446.6234436035156,1,MWI,1997,IHS-I,GPWG,N,c,0,1,0,0,1997,0,1997.83
5.552450656890869,753.21337890625,1,MWI,1997,IHS-I,GPWG,N,c,0,1,0,0,1997,0,1997.83
1.9839893579483032,604.0850830078125,1,MWI,1997,IHS-I,GPWG,N,c,0,1,0,0,1997,0,1997.83
2.476687431335449,1379.7249755859375,1,MWI,1997,IHS-I,GPWG,N,c,0,1,0,0,1997,0,1997.83
3.658935546875,421.31890869140625,1,MWI,1997,IHS-I,GPWG,N,c,0,1,0,0,1997,0,1997.83
2.552994966506958,753.902099609375,1,MWI,1997,IHS-I,GPWG,N,c,0,1,0,0,1997,0,1997.83
1.0893213748931885,968.1002197265625,1,MWI,1997,IHS-I,GPWG,N,c,0,1,0,0,1997,0,1997.83
2.9137537479400635,677.6494140625,1,MWI,1997,IHS-I,GPWG,N,c,0,1,0,0,1997,0,1997.83
1.8606915473937988,1459.6475830078125,1,MWI,1997,IHS-I,GPWG,N,c,0,1,0,0,1997,0,1997.83
1.534581184387207,750.7426147460938,1,MWI,1997,IHS-I,GPWG,N,c,0,1,0,0,1997,0,1997.83
0.9662023186683655,1297.4644775390625,1,MWI,1997,IHS-I,GPWG,N,c,0,1,0,0,1997,0,1997.83
1.986497163772583,938.4282836914062,1,MWI,1997,IHS-I,GPWG,N,c,0,1,0,0,1997,0,1997.83
1.1550222635269165,1555.138916015625,1,MWI,1997,IHS-I,GPWG,N,c,0,1,0,0,1997,0,1997.83
2.11004900932312,632.2781372070312,1,MWI,1997,IHS-I,GPWG,N,c,0,1,0,0,1997,0,1997.83
1.7623223066329956,210.65945434570312,1,MWI,1997,IHS-I,GPWG,N,c,0,1,0,0,1997,0,1997.83
2.4945755004882812,302.04254150390625,1,MWI,1997,IHS-I,GPWG,N,c,0,1,0,0,1997,0,1997.83
1.5192950963974,1086.881591796875,1,MWI,1997,IHS-I,GPWG,N,c,0,1,0,0,1997,0,1997.83
4.009451389312744,1839.63330078125,1,MWI,1997,IHS-I,GPWG,N,c,0,1,0,0,1997,0,1997.83
1.763590693473816,778.125,1,MWI,1997,IHS-I,GPWG,N,c,0,1,0,0,1997,0,1997.83
7.40992546081543,377.55316162109375,1,MWI,1997,IHS-I,GPWG,N,c,0,1,0,0,1997,0,1997.83
1.0164610147476196,1295.9490966796875,1,MWI,1997,IHS-I,GPWG,N,c,0,1,0,0,1997,0,1997.83
10.324312210083008,983.4322509765625,1,MWI,1997,IHS-I,GPWG,N,c,0,1,0,0,1997,0,1997.83
5.693441390991211,1916.595458984375,1,MWI,1997,IHS-I,GPWG,N,c,0,1,0,0,1997,0,1997.83
2.1303601264953613,750.7426147460938,1,MWI,1997,IHS-I,GPWG,N,c,0,1,0,0,1997,0,1997.83
1.411210536956787,968.1002197265625,1,MWI,1997,IHS-I,GPWG,N,c,0,1,0,0,1997,0,1997.83
1.4102592468261719,1037.5,1,MWI,1997,IHS-I,GPWG,N,c,0,1,0,0,1997,0,1997.83
4.443176746368408,632.2781372070312,1,MWI,1997,IHS-I,GPWG,N,c,0,1,0,0,1997,0,1997.83
2.376464366912842,387.2400817871094,1,MWI,1997,IHS-I,GPWG,N,c,0,1,0,0,1997,0,1997.83
0.70013427734375,1548.9603271484375,1,MWI,1997,IHS-I,GPWG,N,c,0,1,0,0,1997,0,1997.83
2.0402610301971436,2318.353271484375,1,MWI,1997,IHS-I,GPWG,N,c,0,1,0,0,1997,0,1997.83
1.3791648149490356,1264.5562744140625,1,MWI,1997,IHS-I,GPWG,N,c,0,1,0,0,1997,0,1997.83
0.5875493884086609,842.6378173828125,1,MWI,1997,IHS-I,GPWG,N,c,0,1,0,0,1997,0,1997.83
1.762864112854004,357.0254211425781,1,MWI,1997,IHS-I,GPWG,N,c,0,1,0,0,1997,0,1997.83
1.8835630416870117,748.8870239257812,1,MWI,1997,IHS-I,GPWG,N,c,0,1,0,0,1997,0,1997.83
1.6281520128250122,631.9783935546875,1,MWI,1997,IHS-I,GPWG,N,c,0,1,0,0,1997,0,1997.83
21.09980583190918,393.3728942871094,1,MWI,1997,IHS-I,GPWG,N,c,0,1,0,0,1997,0,1997.83
2.52535080909729,374.4435119628906,1,MWI,1997,IHS-I,GPWG,N,c,0,1,0,0,1997,0,1997.83
12.33913516998291,297.74896240234375,1,MWI,1997,IHS-I,GPWG,N,c,0,1,0,0,1997,0,1997.83
3.662992238998413,445.1999816894531,1,MWI,1997,IHS-I,GPWG,N,c,0,1,0,0,1997,0,1997.83
2.593184471130371,374.4435119628906,1,MWI,1997,IHS-I,GPWG,N,c,0,1,0,0,1997,0,1997.83
0.3475196063518524,1263.956787109375,1,MWI,1997,IHS-I,GPWG,N,c,0,1,0,0,1997,0,1997.83
1.0003002882003784,580.631591796875,1,MWI,1997,IHS-I,GPWG,N,c,0,1,0,0,1997,0,1997.83
2.2670321464538574,893.2468872070312,1,MWI,1997,IHS-I,GPWG,N,c,0,1,0,0,1997,0,1997.83
1.5336014032363892,486.5491943359375,1,MWI,1997,IHS-I,GPWG,N,c,0,1,0,0,1997,0,1997.83
1.4956943988800049,455.21624755859375,1,MWI,1997,IHS-I,GPWG,N,c,0,1,0,0,1997,0,1997.83
1.3698906898498535,1689.1708984375,1,MWI,1997,IHS-I,GPWG,N,c,0,1,0,0,1997,0,1997.83
2.4778432846069336,251.30068969726562,1,MWI,1997,IHS-I,GPWG,N,c,0,1,0,0,1997,0,1997.83
1.474097490310669,1609.67919921875,1,MWI,1997,IHS-I,GPWG,N,c,0,1,0,0,1997,0,1997.83
6.989633083343506,261.0616149902344,1,MWI,1997,IHS-I,GPWG,N,c,0,1,0,0,1997,0,1997.83
0.5703895092010498,464.5052490234375,1,MWI,1997,IHS-I,GPWG,N,c,0,1,0,0,1997,0,1997.83
3.521738052368164,1305.30810546875,1,MWI,1997,IHS-I,GPWG,N,c,0,1,0,0,1997,0,1997.83
1.0147336721420288,812.8841552734375,1,MWI,1997,IHS-I,GPWG,N,c,0,1,0,0,1997,0,1997.83
2.7296974658966064,238.01695251464844,1,MWI,1997,IHS-I,GPWG,N,c,0,1,0,0,1997,0,1997.83
1.3194078207015991,774.4801635742188,1,MWI,1997,IHS-I,GPWG,N,c,0,1,0,0,1997,0,1997.83
2.419790744781494,303.4775085449219,1,MWI,1997,IHS-I,GPWG,N,c,0,1,0,0,1997,0,1997.83
1.4153178930282593,1053.796875,1,MWI,1997,IHS-I,GPWG,N,c,0,1,0,0,1997,0,1997.83
0.8210548162460327,632.2781372070312,1,MWI,1997,IHS-I,GPWG,N,c,0,1,0,0,1997,0,1997.83
1.6175150871276855,455.21624755859375,1,MWI,1997,IHS-I,GPWG,N,c,0,1,0,0,1997,0,1997.83
3.391719341278076,843.0375366210938,1,MWI,1997,IHS-I,GPWG,N,c,0,1,0,0,1997,0,1997.83
3.0647308826446533,2360.2373046875,1,MWI,1997,IHS-I,GPWG,N,c,0,1,0,0,1997,0,1997.83
1.0673633813858032,1814.3287353515625,1,MWI,1997,IHS-I,GPWG,N,c,0,1,0,0,1997,0,1997.83
2.7999210357666016,1187.199951171875,1,MWI,1997,IHS-I,GPWG,N,c,0,1,0,0,1997,0,1997.83
3.3883941173553467,1264.5562744140625,1,MWI,1997,IHS-I,GPWG,N,c,0,1,0,0,1997,0,1997.83
1.925000786781311,1577.0999755859375,1,MWI,1997,IHS-I,GPWG,N,c,0,1,0,0,1997,0,1997.83
3.1389758586883545,374.4435119628906,1,MWI,1997,IHS-I,GPWG,N,c,0,1,0,0,1997,0,1997.83
4.060057640075684,750.7426147460938,1,MWI,1997,IHS-I,GPWG,N,c,0,1,0,0,1997,0,1997.83
2.4095592498779297,1005.2027587890625,1,MWI,1997,IHS-I,GPWG,N,c,0,1,0,0,1997,0,1997.83
2.2954154014587402,753.21337890625,1,MWI,1997,IHS-I,GPWG,N,c,0,1,0,0,1997,0,1997.83
1.4630682468414307,843.0375366210938,1,MWI,1997,IHS-I,GPWG,N,c,0,1,0,0,1997,0,1997.83
8.650643348693848,528.574462890625,1,MWI,1997,IHS-I,GPWG,N,c,0,1,0,0,1997,0,1997.83
2.137221336364746,593.5999755859375,1,MWI,1997,IHS-I,GPWG,N,c,0,1,0,0,1997,0,1997.83
1.8885349035263062,744.3724365234375,1,MWI,1997,IHS-I,GPWG,N,c,0,1,0,0,1997,0,1997.83
4.444564342498779,508.237060546875,1,MWI,1997,IHS-I,GPWG,N,c,0,1,0,0,1997,0,1997.83
0.9988304376602173,1263.956787109375,1,MWI,1997,IHS-I,GPWG,N,c,0,1,0,0,1997,0,1997.83
1.203819751739502,938.4282836914062,1,MWI,1997,IHS-I,GPWG,N,c,0,1,0,0,1997,0,1997.83
2.465768575668335,983.4322509765625,1,MWI,1997,IHS-I,GPWG,N,c,0,1,0,0,1997,0,1997.83
1.645730972290039,508.237060546875,1,MWI,1997,IHS-I,GPWG,N,c,0,1,0,0,1997,0,1997.83
3.139030694961548,580.860107421875,1,MWI,1997,IHS-I,GPWG,N,c,0,1,0,0,1997,0,1997.83
4.4639573097229,652.1289672851562,1,MWI,1997,IHS-I,GPWG,N,c,0,1,0,0,1997,0,1997.83
2.4852583408355713,4510.0,1,MWI,1997,IHS-I,GPWG,N,c,0,1,0,0,1997,0,1997.83
3.0334200859069824,228.09091186523438,1,MWI,1997,IHS-I,GPWG,N,c,0,1,0,0,1997,0,1997.83
3.940450668334961,1180.11865234375,1,MWI,1997,IHS-I,GPWG,N,c,0,1,0,0,1997,0,1997.83
3.4398059844970703,229.95416259765625,1,MWI,1997,IHS-I,GPWG,N,c,0,1,0,0,1997,0,1997.83
2.5297396183013916,387.2400817871094,1,MWI,1997,IHS-I,GPWG,N,c,0,1,0,0,1997,0,1997.83
1.3489806652069092,774.4801635742188,1,MWI,1997,IHS-I,GPWG,N,c,0,1,0,0,1997,0,1997.83
2.8757455348968506,1521.63427734375,1,MWI,1997,IHS-I,GPWG,N,c,0,1,0,0,1997,0,1997.83
1.3566919565200806,1256.50341796875,1,MWI,1997,IHS-I,GPWG,N,c,0,1,0,0,1997,0,1997.83
2.4436678886413574,1297.4644775390625,1,MWI,1997,IHS-I,GPWG,N,c,0,1,0,0,1997,0,1997.83
4.612530708312988,1304.2579345703125,1,MWI,1997,IHS-I,GPWG,N,c,0,1,0,0,1997,0,1997.83
1.9268667697906494,1264.5562744140625,1,MWI,1997,IHS-I,GPWG,N,c,0,1,0,0,1997,0,1997.83
7.406236171722412,148.39999389648438,1,MWI,1997,IHS-I,GPWG,N,c,0,1,0,0,1997,0,1997.83
2.3248207569122314,2718.962646484375,1,MWI,1997,IHS-I,GPWG,N,c,0,1,0,0,1997,0,1997.83
1.3082879781723022,1053.796875,1,MWI,1997,IHS-I,GPWG,N,c,0,1,0,0,1997,0,1997.83
2.756025552749634,162.1830596923828,1,MWI,1997,IHS-I,GPWG,N,c,0,1,0,0,1997,0,1997.83
1.2887766361236572,938.4282836914062,1,MWI,1997,IHS-I,GPWG,N,c,0,1,0,0,1997,0,1997.83
2.164710760116577,891.6226196289062,1,MWI,1997,IHS-I,GPWG,N,c,0,1,0,0,1997,0,1997.83
6.76121711730957,1304.2579345703125,1,MWI,1997,IHS-I,GPWG,N,c,0,1,0,0,1997,0,1997.83
1.4556946754455566,774.4801635742188,1,MWI,1997,IHS-I,GPWG,N,c,0,1,0,0,1997,0,1997.83
2.7278082370758057,561.665283203125,1,MWI,1997,IHS-I,GPWG,N,c,0,1,0,0,1997,0,1997.83
1.4527782201766968,938.4282836914062,1,MWI,1997,IHS-I,GPWG,N,c,0,1,0,0,1997,0,1997.83
1.8770946264266968,421.5187683105469,1,MWI,1997,IHS-I,GPWG,N,c,0,1,0,0,1997,0,1997.83
7.567501544952393,783.184814453125,1,MWI,1997,IHS-I,GPWG,N,c,0,1,0,0,1997,0,1997.83
2.1773476600646973,148.39999389648438,1,MWI,1997,IHS-I,GPWG,N,c,0,1,0,0,1997,0,1997.83
1.851261854171753,580.631591796875,1,MWI,1997,IHS-I,GPWG,N,c,0,1,0,0,1997,0,1997.83
0.8665967583656311,2173.76318359375,1,MWI,1997,IHS-I,GPWG,N,c,0,1,0,0,1997,0,1997.83
25.88300323486328,522.1232299804688,1,MWI,1997,IHS-I,GPWG,N,c,0,1,0,0,1997,0,1997.83
3.497836112976074,148.39999389648438,1,MWI,1997,IHS-I,GPWG,N,c,0,1,0,0,1997,0,1997.83
3.2030177116394043,445.8113098144531,1,MWI,1997,IHS-I,GPWG,N,c,0,1,0,0,1997,0,1997.83
1.3668659925460815,1577.0999755859375,1,MWI,1997,IHS-I,GPWG,N,c,0,1,0,0,1997,0,1997.83
1.7098119258880615,968.1002197265625,1,MWI,1997,IHS-I,GPWG,N,c,0,1,0,0,1997,0,1997.83
1.876355767250061,847.061767578125,1,MWI,1997,IHS-I,GPWG,N,c,0,1,0,0,1997,0,1997.83
1.2040797472000122,1036.75927734375,1,MWI,1997,IHS-I,GPWG,N,c,0,1,0,0,1997,0,1997.83
5.611538410186768,148.87448120117188,1,MWI,1997,IHS-I,GPWG,N,c,0,1,0,0,1997,0,1997.83
57.84901428222656,1180.11865234375,1,MWI,1997,IHS-I,GPWG,N,c,0,1,0,0,1997,0,1997.83
0.9029697775840759,2261.706298828125,1,MWI,1997,IHS-I,GPWG,N,c,0,1,0,0,1997,0,1997.83
1.0699456930160522,1264.5562744140625,1,MWI,1997,IHS-I,GPWG,N,c,0,1,0,0,1997,0,1997.83
6.819271564483643,210.75938415527344,1,MWI,1997,IHS-I,GPWG,N,c,0,1,0,0,1997,0,1997.83
2.08072566986084,1475.315673828125,1,MWI,1997,IHS-I,GPWG,N,c,0,1,0,0,1997,0,1997.83
16.890548706054688,261.0616149902344,1,MWI,1997,IHS-I,GPWG,N,c,0,1,0,0,1997,0,1997.83
1.0882282257080078,1942.1162109375,1,MWI,1997,IHS-I,GPWG,N,c,0,1,0,0,1997,0,1997.83
2.036928176879883,1506.4267578125,1,MWI,1997,IHS-I,GPWG,N,c,0,1,0,0,1997,0,1997.83
2.938873052597046,570.227294921875,1,MWI,1997,IHS-I,GPWG,N,c,0,1,0,0,1997,0,1997.83
4.085366725921631,445.1999816894531,1,MWI,1997,IHS-I,GPWG,N,c,0,1,0,0,1997,0,1997.83
5.2194504737854,1044.2464599609375,1,MWI,1997,IHS-I,GPWG,N,c,0,1,0,0,1997,0,1997.83
2.309135675430298,973.098388671875,1,MWI,1997,IHS-I,GPWG,N,c,0,1,0,0,1997,0,1997.83
1.1756094694137573,580.860107421875,1,MWI,1997,IHS-I,GPWG,N,c,0,1,0,0,1997,0,1997.83
7.3358283042907715,2088.492919921875,1,MWI,1997,IHS-I,GPWG,N,c,0,1,0,0,1997,0,1997.83
1.212561845779419,580.860107421875,1,MWI,1997,IHS-I,GPWG,N,c,0,1,0,0,1997,0,1997.83
7.313778877258301,958.2977294921875,1,MWI,1997,IHS-I,GPWG,N,c,0,1,0,0,1997,0,1997.83
1.6941189765930176,421.5187683105469,1,MWI,1997,IHS-I,GPWG,N,c,0,1,0,0,1997,0,1997.83
0.8331397771835327,1277.389404296875,1,MWI,1997,IHS-I,GPWG,N,c,0,1,0,0,1997,0,1997.83
0.5649158954620361,563.0569458007812,1,MWI,1997,IHS-I,GPWG,N,c,0,1,0,0,1997,0,1997.83
2.333049774169922,1053.796875,1,MWI,1997,IHS-I,GPWG,N,c,0,1,0,0,1997,0,1997.83
3.6574246883392334,297.74896240234375,1,MWI,1997,IHS-I,GPWG,N,c,0,1,0,0,1997,0,1997.83
3.5258829593658447,668.7169799804688,1,MWI,1997,IHS-I,GPWG,N,c,0,1,0,0,1997,0,1997.83
2.116917848587036,2608.515869140625,1,MWI,1997,IHS-I,GPWG,N,c,0,1,0,0,1997,0,1997.83
1.6125192642211914,2107.59375,1,MWI,1997,IHS-I,GPWG,N,c,0,1,0,0,1997,0,1997.83
1.8745685815811157,348.3789367675781,1,MWI,1997,IHS-I,GPWG,N,c,0,1,0,0,1997,0,1997.83
3.154301404953003,453.0638122558594,1,MWI,1997,IHS-I,GPWG,N,c,0,1,0,0,1997,0,1997.83
2.1853439807891846,1053.2972412109375,1,MWI,1997,IHS-I,GPWG,N,c,0,1,0,0,1997,0,1997.83
3.515613317489624,4337.02490234375,1,MWI,1997,IHS-I,GPWG,N,c,0,1,0,0,1997,0,1997.83
2.3507206439971924,1053.796875,1,MWI,1997,IHS-I,GPWG,N,c,0,1,0,0,1997,0,1997.83
1.5347919464111328,1158.9957275390625,1,MWI,1997,IHS-I,GPWG,N,c,0,1,0,0,1997,0,1997.83
0.8982229828834534,1016.47412109375,1,MWI,1997,IHS-I,GPWG,N,c,0,1,0,0,1997,0,1997.83
3.177018642425537,679.595703125,1,MWI,1997,IHS-I,GPWG,N,c,0,1,0,0,1997,0,1997.83
1.8562490940093994,1686.0750732421875,1,MWI,1997,IHS-I,GPWG,N,c,0,1,0,0,1997,0,1997.83
1.8505464792251587,1037.5,1,MWI,1997,IHS-I,GPWG,N,c,0,1,0,0,1997,0,1997.83
0.5905792117118835,1053.796875,1,MWI,1997,IHS-I,GPWG,N,c,0,1,0,0,1997,0,1997.83
6.553256034851074,434.7526550292969,1,MWI,1997,IHS-I,GPWG,N,c,0,1,0,0,1997,0,1997.83
1.6815718412399292,421.31890869140625,1,MWI,1997,IHS-I,GPWG,N,c,0,1,0,0,1997,0,1997.83
1.0571515560150146,1185.886474609375,1,MWI,1997,IHS-I,GPWG,N,c,0,1,0,0,1997,0,1997.83
1.6786761283874512,1005.2027587890625,1,MWI,1997,IHS-I,GPWG,N,c,0,1,0,0,1997,0,1997.83
5.269618034362793,983.4322509765625,1,MWI,1997,IHS-I,GPWG,N,c,0,1,0,0,1997,0,1997.83
1.9103872776031494,1037.5,1,MWI,1997,IHS-I,GPWG,N,c,0,1,0,0,1997,0,1997.83
1.9367294311523438,421.5187683105469,1,MWI,1997,IHS-I,GPWG,N,c,0,1,0,0,1997,0,1997.83
1.863440752029419,1971.375,1,MWI,1997,IHS-I,GPWG,N,c,0,1,0,0,1997,0,1997.83
2.1728672981262207,421.5187683105469,1,MWI,1997,IHS-I,GPWG,N,c,0,1,0,0,1997,0,1997.83
0.90944504737854,910.4324951171875,1,MWI,1997,IHS-I,GPWG,N,c,0,1,0,0,1997,0,1997.83
3.559025764465332,843.0375366210938,1,MWI,1997,IHS-I,GPWG,N,c,0,1,0,0,1997,0,1997.83
1.6810927391052246,842.6378173828125,1,MWI,1997,IHS-I,GPWG,N,c,0,1,0,0,1997,0,1997.83
1.3950061798095703,1942.1162109375,1,MWI,1997,IHS-I,GPWG,N,c,0,1,0,0,1997,0,1997.83
2.285093069076538,374.4435119628906,1,MWI,1997,IHS-I,GPWG,N,c,0,1,0,0,1997,0,1997.83
1.2023793458938599,2086.1923828125,1,MWI,1997,IHS-I,GPWG,N,c,0,1,0,0,1997,0,1997.83
6.858989238739014,375.3713073730469,1,MWI,1997,IHS-I,GPWG,N,c,0,1,0,0,1997,0,1997.83
1.870460867881775,119.00847625732422,1,MWI,1997,IHS-I,GPWG,N,c,0,1,0,0,1997,0,1997.83
2.4961090087890625,374.4435119628906,1,MWI,1997,IHS-I,GPWG,N,c,0,1,0,0,1997,0,1997.83
2.0816617012023926,1037.5,1,MWI,1997,IHS-I,GPWG,N,c,0,1,0,0,1997,0,1997.83
2.1172337532043457,348.3789367675781,1,MWI,1997,IHS-I,GPWG,N,c,0,1,0,0,1997,0,1997.83
0.9040855169296265,1555.138916015625,1,MWI,1997,IHS-I,GPWG,N,c,0,1,0,0,1997,0,1997.83
1.8789145946502686,303.4775085449219,1,MWI,1997,IHS-I,GPWG,N,c,0,1,0,0,1997,0,1997.83
1.8040754795074463,1053.2972412109375,1,MWI,1997,IHS-I,GPWG,N,c,0,1,0,0,1997,0,1997.83
1.0204609632492065,1555.138916015625,1,MWI,1997,IHS-I,GPWG,N,c,0,1,0,0,1997,0,1997.83
2.0140626430511475,843.0375366210938,1,MWI,1997,IHS-I,GPWG,N,c,0,1,0,0,1997,0,1997.83
1.58979332447052,541.0025024414062,1,MWI,1997,IHS-I,GPWG,N,c,0,1,0,0,1997,0,1997.83
6.386429309844971,1180.11865234375,1,MWI,1997,IHS-I,GPWG,N,c,0,1,0,0,1997,0,1997.83
1.1800706386566162,2759.925048828125,1,MWI,1997,IHS-I,GPWG,N,c,0,1,0,0,1997,0,1997.83
1.796011209487915,1005.2027587890625,1,MWI,1997,IHS-I,GPWG,N,c,0,1,0,0,1997,0,1997.83
1.6547260284423828,421.31890869140625,1,MWI,1997,IHS-I,GPWG,N,c,0,1,0,0,1997,0,1997.83
2.135845899581909,843.0375366210938,1,MWI,1997,IHS-I,GPWG,N,c,0,1,0,0,1997,0,1997.83
7.7532782554626465,1376.80517578125,1,MWI,1997,IHS-I,GPWG,N,c,0,1,0,0,1997,0,1997.83
3.0869076251983643,1376.80517578125,1,MWI,1997,IHS-I,GPWG,N,c,0,1,0,0,1997,0,1997.83
1.372124195098877,938.4282836914062,1,MWI,1997,IHS-I,GPWG,N,c,0,1,0,0,1997,0,1997.83
0.8788487911224365,2395.744384765625,1,MWI,1997,IHS-I,GPWG,N,c,0,1,0,0,1997,0,1997.83
2.844181537628174,421.5187683105469,1,MWI,1997,IHS-I,GPWG,N,c,0,1,0,0,1997,0,1997.83
0.9313938021659851,1263.956787109375,1,MWI,1997,IHS-I,GPWG,N,c,0,1,0,0,1997,0,1997.83
2.9612905979156494,778.125,1,MWI,1997,IHS-I,GPWG,N,c,0,1,0,0,1997,0,1997.83
1.4032025337219238,968.1002197265625,1,MWI,1997,IHS-I,GPWG,N,c,0,1,0,0,1997,0,1997.83
1.8130379915237427,1739.0106201171875,1,MWI,1997,IHS-I,GPWG,N,c,0,1,0,0,1997,0,1997.83
2.2415192127227783,843.0375366210938,1,MWI,1997,IHS-I,GPWG,N,c,0,1,0,0,1997,0,1997.83
1.8599244356155396,842.6378173828125,1,MWI,1997,IHS-I,GPWG,N,c,0,1,0,0,1997,0,1997.83
3.8904004096984863,522.1232299804688,1,MWI,1997,IHS-I,GPWG,N,c,0,1,0,0,1997,0,1997.83
1.5032916069030762,508.237060546875,1,MWI,1997,IHS-I,GPWG,N,c,0,1,0,0,1997,0,1997.83
0.3241878151893616,1548.9603271484375,1,MWI,1997,IHS-I,GPWG,N,c,0,1,0,0,1997,0,1997.83
2.1983299255371094,303.4775085449219,1,MWI,1997,IHS-I,GPWG,N,c,0,1,0,0,1997,0,1997.83
1.4845057725906372,1577.0999755859375,1,MWI,1997,IHS-I,GPWG,N,c,0,1,0,0,1997,0,1997.83
2.5478830337524414,631.9783935546875,1,MWI,1997,IHS-I,GPWG,N,c,0,1,0,0,1997,0,1997.83
4.325984001159668,148.39999389648438,1,MWI,1997,IHS-I,GPWG,N,c,0,1,0,0,1997,0,1997.83
2.2251501083374023,348.3789367675781,1,MWI,1997,IHS-I,GPWG,N,c,0,1,0,0,1997,0,1997.83
1.324114441871643,632.2781372070312,1,MWI,1997,IHS-I,GPWG,N,c,0,1,0,0,1997,0,1997.83
1.6591588258743286,1379.7249755859375,1,MWI,1997,IHS-I,GPWG,N,c,0,1,0,0,1997,0,1997.83
2.8685925006866455,758.6937866210938,1,MWI,1997,IHS-I,GPWG,N,c,0,1,0,0,1997,0,1997.83
0.8952713012695312,1256.50341796875,1,MWI,1997,IHS-I,GPWG,N,c,0,1,0,0,1997,0,1997.83
0.9332395195960999,541.0025024414062,1,MWI,1997,IHS-I,GPWG,N,c,0,1,0,0,1997,0,1997.83
2.1284613609313965,1037.5,1,MWI,1997,IHS-I,GPWG,N,c,0,1,0,0,1997,0,1997.83
12.705450057983398,679.595703125,1,MWI,1997,IHS-I,GPWG,N,c,0,1,0,0,1997,0,1997.83
6.473167896270752,1506.4267578125,1,MWI,1997,IHS-I,GPWG,N,c,0,1,0,0,1997,0,1997.83
1.52249014377594,590.059326171875,1,MWI,1997,IHS-I,GPWG,N,c,0,1,0,0,1997,0,1997.83
4.635094165802002,1506.4267578125,1,MWI,1997,IHS-I,GPWG,N,c,0,1,0,0,1997,0,1997.83
4.466009616851807,563.0569458007812,1,MWI,1997,IHS-I,GPWG,N,c,0,1,0,0,1997,0,1997.83
3.7934892177581787,1376.80517578125,1,MWI,1997,IHS-I,GPWG,N,c,0,1,0,0,1997,0,1997.83
1.8006826639175415,541.0025024414062,1,MWI,1997,IHS-I,GPWG,N,c,0,1,0,0,1997,0,1997.83
4.519407272338867,632.2781372070312,1,MWI,1997,IHS-I,GPWG,N,c,0,1,0,0,1997,0,1997.83
5.458978176116943,919.816650390625,1,MWI,1997,IHS-I,GPWG,N,c,0,1,0,0,1997,0,1997.83
3.7353250980377197,338.82470703125,1,MWI,1997,IHS-I,GPWG,N,c,0,1,0,0,1997,0,1997.83
4.0311408042907715,357.0254211425781,1,MWI,1997,IHS-I,GPWG,N,c,0,1,0,0,1997,0,1997.83
4.715842247009277,421.5187683105469,1,MWI,1997,IHS-I,GPWG,N,c,0,1,0,0,1997,0,1997.83
6.373050212860107,695.3974609375,1,MWI,1997,IHS-I,GPWG,N,c,0,1,0,0,1997,0,1997.83
8.70265007019043,1005.2027587890625,1,MWI,1997,IHS-I,GPWG,N,c,0,1,0,0,1997,0,1997.83
0.8960345387458801,3495.809326171875,1,MWI,1997,IHS-I,GPWG,N,c,0,1,0,0,1997,0,1997.83
4.549452304840088,1305.30810546875,1,MWI,1997,IHS-I,GPWG,N,c,0,1,0,0,1997,0,1997.83
0.6864259839057922,631.9783935546875,1,MWI,1997,IHS-I,GPWG,N,c,0,1,0,0,1997,0,1997.83
3.591014862060547,1190.995849609375,1,MWI,1997,IHS-I,GPWG,N,c,0,1,0,0,1997,0,1997.83
4.932851791381836,302.04254150390625,1,MWI,1997,IHS-I,GPWG,N,c,0,1,0,0,1997,0,1997.83
3.7554335594177246,1304.2579345703125,1,MWI,1997,IHS-I,GPWG,N,c,0,1,0,0,1997,0,1997.83
5.8936944007873535,1896.83447265625,1,MWI,1997,IHS-I,GPWG,N,c,0,1,0,0,1997,0,1997.83
2.9695322513580322,193.6200408935547,1,MWI,1997,IHS-I,GPWG,N,c,0,1,0,0,1997,0,1997.83
1.8920485973358154,570.227294921875,1,MWI,1997,IHS-I,GPWG,N,c,0,1,0,0,1997,0,1997.83
1.41883385181427,1053.2972412109375,1,MWI,1997,IHS-I,GPWG,N,c,0,1,0,0,1997,0,1997.83
2.758443832397461,843.0375366210938,1,MWI,1997,IHS-I,GPWG,N,c,0,1,0,0,1997,0,1997.83
1.4046400785446167,1475.315673828125,1,MWI,1997,IHS-I,GPWG,N,c,0,1,0,0,1997,0,1997.83
2.5841236114501953,387.2400817871094,1,MWI,1997,IHS-I,GPWG,N,c,0,1,0,0,1997,0,1997.83
1.4301841259002686,1501.4852294921875,1,MWI,1997,IHS-I,GPWG,N,c,0,1,0,0,1997,0,1997.83
1.4562640190124512,1256.50341796875,1,MWI,1997,IHS-I,GPWG,N,c,0,1,0,0,1997,0,1997.83
8.681010246276855,393.3728942871094,1,MWI,1997,IHS-I,GPWG,N,c,0,1,0,0,1997,0,1997.83
0.514423668384552,1895.93505859375,1,MWI,1997,IHS-I,GPWG,N,c,0,1,0,0,1997,0,1997.83
2.6861376762390137,421.5187683105469,1,MWI,1997,IHS-I,GPWG,N,c,0,1,0,0,1997,0,1997.83
1.2771881818771362,2073.5185546875,1,MWI,1997,IHS-I,GPWG,N,c,0,1,0,0,1997,0,1997.83
4.241240978240967,377.55316162109375,1,MWI,1997,IHS-I,GPWG,N,c,0,1,0,0,1997,0,1997.83
4.726170539855957,2073.5185546875,1,MWI,1997,IHS-I,GPWG,N,c,0,1,0,0,1997,0,1997.83
0.37162527441978455,1185.886474609375,1,MWI,1997,IHS-I,GPWG,N,c,0,1,0,0,1997,0,1997.83
1.4799772500991821,1916.595458984375,1,MWI,1997,IHS-I,GPWG,N,c,0,1,0,0,1997,0,1997.83
1.9298183917999268,938.4282836914062,1,MWI,1997,IHS-I,GPWG,N,c,0,1,0,0,1997,0,1997.83
2.669490098953247,187.2217559814453,1,MWI,1997,IHS-I,GPWG,N,c,0,1,0,0,1997,0,1997.83
2.333186626434326,1304.2579345703125,1,MWI,1997,IHS-I,GPWG,N,c,0,1,0,0,1997,0,1997.83
1.9113861322402954,151.73875427246094,1,MWI,1997,IHS-I,GPWG,N,c,0,1,0,0,1997,0,1997.83
4.597102165222168,393.3728942871094,1,MWI,1997,IHS-I,GPWG,N,c,0,1,0,0,1997,0,1997.83
3.525806188583374,1016.47412109375,1,MWI,1997,IHS-I,GPWG,N,c,0,1,0,0,1997,0,1997.83
0.9121416807174683,348.3789367675781,1,MWI,1997,IHS-I,GPWG,N,c,0,1,0,0,1997,0,1997.83
1.3143730163574219,1689.1708984375,1,MWI,1997,IHS-I,GPWG,N,c,0,1,0,0,1997,0,1997.83
1.894147276878357,338.82470703125,1,MWI,1997,IHS-I,GPWG,N,c,0,1,0,0,1997,0,1997.83
1.4235275983810425,1264.5562744140625,1,MWI,1997,IHS-I,GPWG,N,c,0,1,0,0,1997,0,1997.83
2.4732415676116943,983.4322509765625,1,MWI,1997,IHS-I,GPWG,N,c,0,1,0,0,1997,0,1997.83
2.734825849533081,891.6226196289062,1,MWI,1997,IHS-I,GPWG,N,c,0,1,0,0,1997,0,1997.83
2.467188835144043,1126.1138916015625,1,MWI,1997,IHS-I,GPWG,N,c,0,1,0,0,1997,0,1997.83
0.931727945804596,1814.3287353515625,1,MWI,1997,IHS-I,GPWG,N,c,0,1,0,0,1997,0,1997.83
2.0846755504608154,456.18182373046875,1,MWI,1997,IHS-I,GPWG,N,c,0,1,0,0,1997,0,1997.83
1.982119083404541,750.7426147460938,1,MWI,1997,IHS-I,GPWG,N,c,0,1,0,0,1997,0,1997.83
1.3304122686386108,843.0375366210938,1,MWI,1997,IHS-I,GPWG,N,c,0,1,0,0,1997,0,1997.83
1.3393968343734741,1263.956787109375,1,MWI,1997,IHS-I,GPWG,N,c,0,1,0,0,1997,0,1997.83
2.1075246334075928,786.7457885742188,1,MWI,1997,IHS-I,GPWG,N,c,0,1,0,0,1997,0,1997.83
8.415733337402344,1305.30810546875,1,MWI,1997,IHS-I,GPWG,N,c,0,1,0,0,1997,0,1997.83
0.7958210110664368,1972.603759765625,1,MWI,1997,IHS-I,GPWG,N,c,0,1,0,0,1997,0,1997.83
1.8941529989242554,178.51271057128906,1,MWI,1997,IHS-I,GPWG,N,c,0,1,0,0,1997,0,1997.83
1.979702115058899,811.5037841796875,1,MWI,1997,IHS-I,GPWG,N,c,0,1,0,0,1997,0,1997.83
3.7143023014068604,753.902099609375,1,MWI,1997,IHS-I,GPWG,N,c,0,1,0,0,1997,0,1997.83
3.4846861362457275,1804.0,1,MWI,1997,IHS-I,GPWG,N,c,0,1,0,0,1997,0,1997.83
1.4472527503967285,774.4801635742188,1,MWI,1997,IHS-I,GPWG,N,c,0,1,0,0,1997,0,1997.83
1.1263043880462646,1123.33056640625,1,MWI,1997,IHS-I,GPWG,N,c,0,1,0,0,1997,0,1997.83
2.018139600753784,1304.2579345703125,1,MWI,1997,IHS-I,GPWG,N,c,0,1,0,0,1997,0,1997.83
5.726954460144043,786.7457885742188,1,MWI,1997,IHS-I,GPWG,N,c,0,1,0,0,1997,0,1997.83
1.191023826599121,847.061767578125,1,MWI,1997,IHS-I,GPWG,N,c,0,1,0,0,1997,0,1997.83
7.235347747802734,1313.799560546875,1,MWI,1997,IHS-I,GPWG,N,c,0,1,0,0,1997,0,1997.83
1.237977385520935,606.9550170898438,1,MWI,1997,IHS-I,GPWG,N,c,0,1,0,0,1997,0,1997.83
1.1512930393218994,606.9550170898438,1,MWI,1997,IHS-I,GPWG,N,c,0,1,0,0,1997,0,1997.83
2.9569249153137207,238.01695251464844,1,MWI,1997,IHS-I,GPWG,N,c,0,1,0,0,1997,0,1997.83
2.14054536819458,869.5053100585938,1,MWI,1997,IHS-I,GPWG,N,c,0,1,0,0,1997,0,1997.83
0.8751404285430908,2365.64990234375,1,MWI,1997,IHS-I,GPWG,N,c,0,1,0,0,1997,0,1997.83
2.2399706840515137,421.31890869140625,1,MWI,1997,IHS-I,GPWG,N,c,0,1,0,0,1997,0,1997.83
2.353109836578369,1459.6475830078125,1,MWI,1997,IHS-I,GPWG,N,c,0,1,0,0,1997,0,1997.83
2.1881775856018066,927.1965942382812,1,MWI,1997,IHS-I,GPWG,N,c,0,1,0,0,1997,0,1997.83
1.6320799589157104,1135.2813720703125,1,MWI,1997,IHS-I,GPWG,N,c,0,1,0,0,1997,0,1997.83
2.5778651237487793,541.0025024414062,1,MWI,1997,IHS-I,GPWG,N,c,0,1,0,0,1997,0,1997.83
0.7102435827255249,580.860107421875,1,MWI,1997,IHS-I,GPWG,N,c,0,1,0,0,1997,0,1997.83
3.7989768981933594,973.098388671875,1,MWI,1997,IHS-I,GPWG,N,c,0,1,0,0,1997,0,1997.83
1.0451281070709229,1475.315673828125,1,MWI,1997,IHS-I,GPWG,N,c,0,1,0,0,1997,0,1997.83
1.5653811693191528,1264.5562744140625,1,MWI,1997,IHS-I,GPWG,N,c,0,1,0,0,1997,0,1997.83
4.398604869842529,631.9783935546875,1,MWI,1997,IHS-I,GPWG,N,c,0,1,0,0,1997,0,1997.83
2.174198627471924,648.7322387695312,1,MWI,1997,IHS-I,GPWG,N,c,0,1,0,0,1997,0,1997.83
10.781929016113281,590.059326171875,1,MWI,1997,IHS-I,GPWG,N,c,0,1,0,0,1997,0,1997.83
4.558684825897217,231.7991485595703,1,MWI,1997,IHS-I,GPWG,N,c,0,1,0,0,1997,0,1997.83
1.8657994270324707,1686.0750732421875,1,MWI,1997,IHS-I,GPWG,N,c,0,1,0,0,1997,0,1997.83
2.0549709796905518,297.52117919921875,1,MWI,1997,IHS-I,GPWG,N,c,0,1,0,0,1997,0,1997.83
1.8493406772613525,632.2781372070312,1,MWI,1997,IHS-I,GPWG,N,c,0,1,0,0,1997,0,1997.83
3.5640153884887695,595.4979248046875,1,MWI,1997,IHS-I,GPWG,N,c,0,1,0,0,1997,0,1997.83
1.3585455417633057,3107.385986328125,1,MWI,1997,IHS-I,GPWG,N,c,0,1,0,0,1997,0,1997.83
3.224228858947754,169.412353515625,1,MWI,1997,IHS-I,GPWG,N,c,0,1,0,0,1997,0,1997.83
0.7643408179283142,1082.0050048828125,1,MWI,1997,IHS-I,GPWG,N,c,0,1,0,0,1997,0,1997.83
6.0840582847595215,231.7991485595703,1,MWI,1997,IHS-I,GPWG,N,c,0,1,0,0,1997,0,1997.83
5.8689398765563965,744.3724365234375,1,MWI,1997,IHS-I,GPWG,N,c,0,1,0,0,1997,0,1997.83
1.5127251148223877,1082.0050048828125,1,MWI,1997,IHS-I,GPWG,N,c,0,1,0,0,1997,0,1997.83
2.3850526809692383,1082.0050048828125,1,MWI,1997,IHS-I,GPWG,N,c,0,1,0,0,1997,0,1997.83
2.024681568145752,606.9550170898438,1,MWI,1997,IHS-I,GPWG,N,c,0,1,0,0,1997,0,1997.83
1.051104187965393,968.1002197265625,1,MWI,1997,IHS-I,GPWG,N,c,0,1,0,0,1997,0,1997.83
1.6756603717803955,580.860107421875,1,MWI,1997,IHS-I,GPWG,N,c,0,1,0,0,1997,0,1997.83
1.9879409074783325,518.75,1,MWI,1997,IHS-I,GPWG,N,c,0,1,0,0,1997,0,1997.83
1.1309819221496582,2261.706298828125,1,MWI,1997,IHS-I,GPWG,N,c,0,1,0,0,1997,0,1997.83
1.3882851600646973,1053.2972412109375,1,MWI,1997,IHS-I,GPWG,N,c,0,1,0,0,1997,0,1997.83
1.1600110530853271,232.25262451171875,1,MWI,1997,IHS-I,GPWG,N,c,0,1,0,0,1997,0,1997.83
5.141225337982178,114.04545593261719,1,MWI,1997,IHS-I,GPWG,N,c,0,1,0,0,1997,0,1997.83
2.5254077911376953,748.8870239257812,1,MWI,1997,IHS-I,GPWG,N,c,0,1,0,0,1997,0,1997.83
1.9676674604415894,1506.4267578125,1,MWI,1997,IHS-I,GPWG,N,c,0,1,0,0,1997,0,1997.83
3.0543863773345947,459.9083251953125,1,MWI,1997,IHS-I,GPWG,N,c,0,1,0,0,1997,0,1997.83
2.4968528747558594,479.14886474609375,1,MWI,1997,IHS-I,GPWG,N,c,0,1,0,0,1997,0,1997.83
1.9630546569824219,1521.63427734375,1,MWI,1997,IHS-I,GPWG,N,c,0,1,0,0,1997,0,1997.83
2.828509569168091,1016.47412109375,1,MWI,1997,IHS-I,GPWG,N,c,0,1,0,0,1997,0,1997.83
0.24773216247558594,1123.33056640625,1,MWI,1997,IHS-I,GPWG,N,c,0,1,0,0,1997,0,1997.83
0.47056084871292114,1893.5087890625,1,MWI,1997,IHS-I,GPWG,N,c,0,1,0,0,1997,0,1997.83
1.3812103271484375,936.1087646484375,1,MWI,1997,IHS-I,GPWG,N,c,0,1,0,0,1997,0,1997.83
1.6302090883255005,632.2781372070312,1,MWI,1997,IHS-I,GPWG,N,c,0,1,0,0,1997,0,1997.83
9.279061317443848,1044.2464599609375,1,MWI,1997,IHS-I,GPWG,N,c,0,1,0,0,1997,0,1997.83
6.32620906829834,1305.30810546875,1,MWI,1997,IHS-I,GPWG,N,c,0,1,0,0,1997,0,1997.83
1.1547539234161377,1256.50341796875,1,MWI,1997,IHS-I,GPWG,N,c,0,1,0,0,1997,0,1997.83
1.2426156997680664,696.7578735351562,1,MWI,1997,IHS-I,GPWG,N,c,0,1,0,0,1997,0,1997.83
1.3044686317443848,774.4801635742188,1,MWI,1997,IHS-I,GPWG,N,c,0,1,0,0,1997,0,1997.83
1.8748807907104492,744.3724365234375,1,MWI,1997,IHS-I,GPWG,N,c,0,1,0,0,1997,0,1997.83
2.5263924598693848,169.412353515625,1,MWI,1997,IHS-I,GPWG,N,c,0,1,0,0,1997,0,1997.83
2.2875101566314697,632.2781372070312,1,MWI,1997,IHS-I,GPWG,N,c,0,1,0,0,1997,0,1997.83
3.6724581718444824,1304.2579345703125,1,MWI,1997,IHS-I,GPWG,N,c,0,1,0,0,1997,0,1997.83
11.384561538696289,1827.4312744140625,1,MWI,1997,IHS-I,GPWG,N,c,0,1,0,0,1997,0,1997.83
2.036517858505249,116.12631225585938,1,MWI,1997,IHS-I,GPWG,N,c,0,1,0,0,1997,0,1997.83
1.1616770029067993,774.4801635742188,1,MWI,1997,IHS-I,GPWG,N,c,0,1,0,0,1997,0,1997.83
1.6175678968429565,518.75,1,MWI,1997,IHS-I,GPWG,N,c,0,1,0,0,1997,0,1997.83
1.1987199783325195,1036.75927734375,1,MWI,1997,IHS-I,GPWG,N,c,0,1,0,0,1997,0,1997.83
2.2801225185394287,193.6200408935547,1,MWI,1997,IHS-I,GPWG,N,c,0,1,0,0,1997,0,1997.83
3.6074695587158203,869.5053100585938,1,MWI,1997,IHS-I,GPWG,N,c,0,1,0,0,1997,0,1997.83
1.4251302480697632,1053.2972412109375,1,MWI,1997,IHS-I,GPWG,N,c,0,1,0,0,1997,0,1997.83
6.721220970153809,393.3728942871094,1,MWI,1997,IHS-I,GPWG,N,c,0,1,0,0,1997,0,1997.83
1.1653199195861816,938.4282836914062,1,MWI,1997,IHS-I,GPWG,N,c,0,1,0,0,1997,0,1997.83
1.2277910709381104,1548.9603271484375,1,MWI,1997,IHS-I,GPWG,N,c,0,1,0,0,1997,0,1997.83
1.2345131635665894,1379.7249755859375,1,MWI,1997,IHS-I,GPWG,N,c,0,1,0,0,1997,0,1997.83
1.0280736684799194,1185.886474609375,1,MWI,1997,IHS-I,GPWG,N,c,0,1,0,0,1997,0,1997.83
3.073970079421997,324.3661193847656,1,MWI,1997,IHS-I,GPWG,N,c,0,1,0,0,1997,0,1997.83
2.245291233062744,869.5053100585938,1,MWI,1997,IHS-I,GPWG,N,c,0,1,0,0,1997,0,1997.83
2.3954198360443115,1501.4852294921875,1,MWI,1997,IHS-I,GPWG,N,c,0,1,0,0,1997,0,1997.83
0.8325029611587524,1161.72021484375,1,MWI,1997,IHS-I,GPWG,N,c,0,1,0,0,1997,0,1997.83
4.640089511871338,148.87448120117188,1,MWI,1997,IHS-I,GPWG,N,c,0,1,0,0,1997,0,1997.83
2.1984636783599854,750.7426147460938,1,MWI,1997,IHS-I,GPWG,N,c,0,1,0,0,1997,0,1997.83
3.9852123260498047,228.09091186523438,1,MWI,1997,IHS-I,GPWG,N,c,0,1,0,0,1997,0,1997.83
34.949310302734375,522.1232299804688,1,MWI,1997,IHS-I,GPWG,N,c,0,1,0,0,1997,0,1997.83
0.7163012027740479,1524.711181640625,1,MWI,1997,IHS-I,GPWG,N,c,0,1,0,0,1997,0,1997.83
45.23772430419922,518.75,1,MWI,1997,IHS-I,GPWG,N,c,0,1,0,0,1997,0,1997.83
2.4776031970977783,631.9783935546875,1,MWI,1997,IHS-I,GPWG,N,c,0,1,0,0,1997,0,1997.83
2.5231235027313232,1161.72021484375,1,MWI,1997,IHS-I,GPWG,N,c,0,1,0,0,1997,0,1997.83
3.889827251434326,296.79998779296875,1,MWI,1997,IHS-I,GPWG,N,c,0,1,0,0,1997,0,1997.83
0.7055357098579407,387.2400817871094,1,MWI,1997,IHS-I,GPWG,N,c,0,1,0,0,1997,0,1997.83
4.815189361572266,377.55316162109375,1,MWI,1997,IHS-I,GPWG,N,c,0,1,0,0,1997,0,1997.83
3.0331733226776123,187.2217559814453,1,MWI,1997,IHS-I,GPWG,N,c,0,1,0,0,1997,0,1997.83
0.7387125492095947,1685.275634765625,1,MWI,1997,IHS-I,GPWG,N,c,0,1,0,0,1997,0,1997.83
0.7764104008674622,1213.9100341796875,1,MWI,1997,IHS-I,GPWG,N,c,0,1,0,0,1997,0,1997.83
1.5699101686477661,2173.76318359375,1,MWI,1997,IHS-I,GPWG,N,c,0,1,0,0,1997,0,1997.83
2.1361775398254395,338.82470703125,1,MWI,1997,IHS-I,GPWG,N,c,0,1,0,0,1997,0,1997.83
4.505517482757568,445.1999816894531,1,MWI,1997,IHS-I,GPWG,N,c,0,1,0,0,1997,0,1997.83
2.1820178031921387,1876.8565673828125,1,MWI,1997,IHS-I,GPWG,N,c,0,1,0,0,1997,0,1997.83
7.328954696655273,169.412353515625,1,MWI,1997,IHS-I,GPWG,N,c,0,1,0,0,1997,0,1997.83
3.903477668762207,324.3661193847656,1,MWI,1997,IHS-I,GPWG,N,c,0,1,0,0,1997,0,1997.83
3.479426145553589,193.6200408935547,1,MWI,1997,IHS-I,GPWG,N,c,0,1,0,0,1997,0,1997.83
4.307643890380859,890.3999633789062,1,MWI,1997,IHS-I,GPWG,N,c,0,1,0,0,1997,0,1997.83
2.0630109310150146,1956.386962890625,1,MWI,1997,IHS-I,GPWG,N,c,0,1,0,0,1997,0,1997.83
2.9199535846710205,2513.0068359375,1,MWI,1997,IHS-I,GPWG,N,c,0,1,0,0,1997,0,1997.83
1.9315261840820312,303.4775085449219,1,MWI,1997,IHS-I,GPWG,N,c,0,1,0,0,1997,0,1997.83
1.85627019405365,561.665283203125,1,MWI,1997,IHS-I,GPWG,N,c,0,1,0,0,1997,0,1997.83
0.8590386509895325,387.2400817871094,1,MWI,1997,IHS-I,GPWG,N,c,0,1,0,0,1997,0,1997.83
0.6684437990188599,1759.1048583984375,1,MWI,1997,IHS-I,GPWG,N,c,0,1,0,0,1997,0,1997.83
3.336247205734253,1005.2027587890625,1,MWI,1997,IHS-I,GPWG,N,c,0,1,0,0,1997,0,1997.83
9.779901504516602,695.3974609375,1,MWI,1997,IHS-I,GPWG,N,c,0,1,0,0,1997,0,1997.83
0.930708110332489,1555.138916015625,1,MWI,1997,IHS-I,GPWG,N,c,0,1,0,0,1997,0,1997.83
1.1745810508728027,810.915283203125,1,MWI,1997,IHS-I,GPWG,N,c,0,1,0,0,1997,0,1997.83
9.123580932617188,303.4775085449219,1,MWI,1997,IHS-I,GPWG,N,c,0,1,0,0,1997,0,1997.83
1.2182739973068237,1304.2579345703125,1,MWI,1997,IHS-I,GPWG,N,c,0,1,0,0,1997,0,1997.83
2.472851514816284,748.8870239257812,1,MWI,1997,IHS-I,GPWG,N,c,0,1,0,0,1997,0,1997.83
9.742149353027344,522.1232299804688,1,MWI,1997,IHS-I,GPWG,N,c,0,1,0,0,1997,0,1997.83
3.566805362701416,453.0638122558594,1,MWI,1997,IHS-I,GPWG,N,c,0,1,0,0,1997,0,1997.83
4.82684850692749,1004.2845458984375,1,MWI,1997,IHS-I,GPWG,N,c,0,1,0,0,1997,0,1997.83
5.466734886169434,393.3728942871094,1,MWI,1997,IHS-I,GPWG,N,c,0,1,0,0,1997,0,1997.83
2.6852095127105713,303.4775085449219,1,MWI,1997,IHS-I,GPWG,N,c,0,1,0,0,1997,0,1997.83
2.8261964321136475,1352.5062255859375,1,MWI,1997,IHS-I,GPWG,N,c,0,1,0,0,1997,0,1997.83
2.128788709640503,689.8624877929688,1,MWI,1997,IHS-I,GPWG,N,c,0,1,0,0,1997,0,1997.83
6.990489959716797,631.9783935546875,1,MWI,1997,IHS-I,GPWG,N,c,0,1,0,0,1997,0,1997.83
0.8740835785865784,696.7578735351562,1,MWI,1997,IHS-I,GPWG,N,c,0,1,0,0,1997,0,1997.83
1.1069265604019165,2395.744384765625,1,MWI,1997,IHS-I,GPWG,N,c,0,1,0,0,1997,0,1997.83
4.01829719543457,459.9083251953125,1,MWI,1997,IHS-I,GPWG,N,c,0,1,0,0,1997,0,1997.83
5.350728988647461,357.0254211425781,1,MWI,1997,IHS-I,GPWG,N,c,0,1,0,0,1997,0,1997.83
1.9559011459350586,1005.2027587890625,1,MWI,1997,IHS-I,GPWG,N,c,0,1,0,0,1997,0,1997.83
2.778416633605957,187.68565368652344,1,MWI,1997,IHS-I,GPWG,N,c,0,1,0,0,1997,0,1997.83
0.539547324180603,1352.5062255859375,1,MWI,1997,IHS-I,GPWG,N,c,0,1,0,0,1997,0,1997.83
2.432685375213623,632.2781372070312,1,MWI,1997,IHS-I,GPWG,N,c,0,1,0,0,1997,0,1997.83
3.331789016723633,388.4232482910156,1,MWI,1997,IHS-I,GPWG,N,c,0,1,0,0,1997,0,1997.83
1.420317530632019,1622.593994140625,1,MWI,1997,IHS-I,GPWG,N,c,0,1,0,0,1997,0,1997.83
4.442071437835693,1566.36962890625,1,MWI,1997,IHS-I,GPWG,N,c,0,1,0,0,1997,0,1997.83
4.4816107749938965,2395.744384765625,1,MWI,1997,IHS-I,GPWG,N,c,0,1,0,0,1997,0,1997.83
5.351210594177246,217.37632751464844,1,MWI,1997,IHS-I,GPWG,N,c,0,1,0,0,1997,0,1997.83
1.3961602449417114,1916.595458984375,1,MWI,1997,IHS-I,GPWG,N,c,0,1,0,0,1997,0,1997.83
1.398133635520935,968.1002197265625,1,MWI,1997,IHS-I,GPWG,N,c,0,1,0,0,1997,0,1997.83
0.5047937631607056,1355.298828125,1,MWI,1997,IHS-I,GPWG,N,c,0,1,0,0,1997,0,1997.83
1.419887661933899,3043.2685546875,1,MWI,1997,IHS-I,GPWG,N,c,0,1,0,0,1997,0,1997.83
1.2060009241104126,936.1087646484375,1,MWI,1997,IHS-I,GPWG,N,c,0,1,0,0,1997,0,1997.83
2.6436705589294434,1854.3931884765625,1,MWI,1997,IHS-I,GPWG,N,c,0,1,0,0,1997,0,1997.83
1.5654700994491577,1553.6929931640625,1,MWI,1997,IHS-I,GPWG,N,c,0,1,0,0,1997,0,1997.83
2.1217780113220215,508.237060546875,1,MWI,1997,IHS-I,GPWG,N,c,0,1,0,0,1997,0,1997.83
1.1677398681640625,1759.1048583984375,1,MWI,1997,IHS-I,GPWG,N,c,0,1,0,0,1997,0,1997.83
0.6581808924674988,541.0025024414062,1,MWI,1997,IHS-I,GPWG,N,c,0,1,0,0,1997,0,1997.83
0.8822680115699768,2434.51123046875,1,MWI,1997,IHS-I,GPWG,N,c,0,1,0,0,1997,0,1997.83
1.1028481721878052,1839.63330078125,1,MWI,1997,IHS-I,GPWG,N,c,0,1,0,0,1997,0,1997.83
4.244152069091797,116.12631225585938,1,MWI,1997,IHS-I,GPWG,N,c,0,1,0,0,1997,0,1997.83
4.6670241355896,1086.881591796875,1,MWI,1997,IHS-I,GPWG,N,c,0,1,0,0,1997,0,1997.83
2.9560697078704834,377.55316162109375,1,MWI,1997,IHS-I,GPWG,N,c,0,1,0,0,1997,0,1997.83
1.6104540824890137,508.237060546875,1,MWI,1997,IHS-I,GPWG,N,c,0,1,0,0,1997,0,1997.83
2.1441774368286133,169.412353515625,1,MWI,1997,IHS-I,GPWG,N,c,0,1,0,0,1997,0,1997.83
1.9652022123336792,210.65945434570312,1,MWI,1997,IHS-I,GPWG,N,c,0,1,0,0,1997,0,1997.83
2.9935719966888428,869.5053100585938,1,MWI,1997,IHS-I,GPWG,N,c,0,1,0,0,1997,0,1997.83
2.8364429473876953,632.2781372070312,1,MWI,1997,IHS-I,GPWG,N,c,0,1,0,0,1997,0,1997.83
2.5248003005981445,541.0025024414062,1,MWI,1997,IHS-I,GPWG,N,c,0,1,0,0,1997,0,1997.83
7.265073776245117,421.5187683105469,1,MWI,1997,IHS-I,GPWG,N,c,0,1,0,0,1997,0,1997.83
3.672034978866577,1839.63330078125,1,MWI,1997,IHS-I,GPWG,N,c,0,1,0,0,1997,0,1997.83
1.9252787828445435,1161.72021484375,1,MWI,1997,IHS-I,GPWG,N,c,0,1,0,0,1997,0,1997.83
5.025437831878662,563.0569458007812,1,MWI,1997,IHS-I,GPWG,N,c,0,1,0,0,1997,0,1997.83
1.0376697778701782,2395.744384765625,1,MWI,1997,IHS-I,GPWG,N,c,0,1,0,0,1997,0,1997.83
1.495434045791626,938.4282836914062,1,MWI,1997,IHS-I,GPWG,N,c,0,1,0,0,1997,0,1997.83
14.787405967712402,1044.2464599609375,1,MWI,1997,IHS-I,GPWG,N,c,0,1,0,0,1997,0,1997.83
3.1364428997039795,1264.5562744140625,1,MWI,1997,IHS-I,GPWG,N,c,0,1,0,0,1997,0,1997.83
6.609301567077637,178.51271057128906,1,MWI,1997,IHS-I,GPWG,N,c,0,1,0,0,1997,0,1997.83
8.30294418334961,1553.6929931640625,1,MWI,1997,IHS-I,GPWG,N,c,0,1,0,0,1997,0,1997.83
2.1966910362243652,2874.89306640625,1,MWI,1997,IHS-I,GPWG,N,c,0,1,0,0,1997,0,1997.83
1.5245691537857056,590.059326171875,1,MWI,1997,IHS-I,GPWG,N,c,0,1,0,0,1997,0,1997.83
1.7527201175689697,1264.5562744140625,1,MWI,1997,IHS-I,GPWG,N,c,0,1,0,0,1997,0,1997.83
2.8578853607177734,3354.0419921875,1,MWI,1997,IHS-I,GPWG,N,c,0,1,0,0,1997,0,1997.83
2.773155450820923,1158.9957275390625,1,MWI,1997,IHS-I,GPWG,N,c,0,1,0,0,1997,0,1997.83
1.636348843574524,338.82470703125,1,MWI,1997,IHS-I,GPWG,N,c,0,1,0,0,1997,0,1997.83
7.593244552612305,695.3974609375,1,MWI,1997,IHS-I,GPWG,N,c,0,1,0,0,1997,0,1997.83
2.0436129570007324,580.631591796875,1,MWI,1997,IHS-I,GPWG,N,c,0,1,0,0,1997,0,1997.83
2.043552875518799,1053.796875,1,MWI,1997,IHS-I,GPWG,N,c,0,1,0,0,1997,0,1997.83
7.495896816253662,296.79998779296875,1,MWI,1997,IHS-I,GPWG,N,c,0,1,0,0,1997,0,1997.83
3.607837438583374,421.5187683105469,1,MWI,1997,IHS-I,GPWG,N,c,0,1,0,0,1997,0,1997.83
3.738635301589966,522.1232299804688,1,MWI,1997,IHS-I,GPWG,N,c,0,1,0,0,1997,0,1997.83
1.7383428812026978,1086.881591796875,1,MWI,1997,IHS-I,GPWG,N,c,0,1,0,0,1997,0,1997.83
1.404873013496399,1390.794921875,1,MWI,1997,IHS-I,GPWG,N,c,0,1,0,0,1997,0,1997.83
1.775029182434082,695.3974609375,1,MWI,1997,IHS-I,GPWG,N,c,0,1,0,0,1997,0,1997.83
1.594986915588379,1255.355712890625,1,MWI,1997,IHS-I,GPWG,N,c,0,1,0,0,1997,0,1997.83
1.2611626386642456,1337.4339599609375,1,MWI,1997,IHS-I,GPWG,N,c,0,1,0,0,1997,0,1997.83
4.525034427642822,919.816650390625,1,MWI,1997,IHS-I,GPWG,N,c,0,1,0,0,1997,0,1997.83
1.5113450288772583,842.6378173828125,1,MWI,1997,IHS-I,GPWG,N,c,0,1,0,0,1997,0,1997.83
13.435145378112793,393.3728942871094,1,MWI,1997,IHS-I,GPWG,N,c,0,1,0,0,1997,0,1997.83
1.9200201034545898,3833.19091796875,1,MWI,1997,IHS-I,GPWG,N,c,0,1,0,0,1997,0,1997.83
1.4954445362091064,632.2781372070312,1,MWI,1997,IHS-I,GPWG,N,c,0,1,0,0,1997,0,1997.83
7.575507164001465,919.816650390625,1,MWI,1997,IHS-I,GPWG,N,c,0,1,0,0,1997,0,1997.83
2.9563097953796387,632.2781372070312,1,MWI,1997,IHS-I,GPWG,N,c,0,1,0,0,1997,0,1997.83
24.6696834564209,606.9550170898438,1,MWI,1997,IHS-I,GPWG,N,c,0,1,0,0,1997,0,1997.83
1.7483686208724976,606.9550170898438,1,MWI,1997,IHS-I,GPWG,N,c,0,1,0,0,1997,0,1997.83
0.4736140966415405,1263.956787109375,1,MWI,1997,IHS-I,GPWG,N,c,0,1,0,0,1997,0,1997.83
4.9381184577941895,148.87448120117188,1,MWI,1997,IHS-I,GPWG,N,c,0,1,0,0,1997,0,1997.83
1.4988195896148682,631.9783935546875,1,MWI,1997,IHS-I,GPWG,N,c,0,1,0,0,1997,0,1997.83
5.740292072296143,590.059326171875,1,MWI,1997,IHS-I,GPWG,N,c,0,1,0,0,1997,0,1997.83
1.1723421812057495,1161.72021484375,1,MWI,1997,IHS-I,GPWG,N,c,0,1,0,0,1997,0,1997.83
1.1097012758255005,1379.7249755859375,1,MWI,1997,IHS-I,GPWG,N,c,0,1,0,0,1997,0,1997.83
0.37136316299438477,1507.80419921875,1,MWI,1997,IHS-I,GPWG,N,c,0,1,0,0,1997,0,1997.83
0.8828549385070801,677.6494140625,1,MWI,1997,IHS-I,GPWG,N,c,0,1,0,0,1997,0,1997.83
1.4358688592910767,580.860107421875,1,MWI,1997,IHS-I,GPWG,N,c,0,1,0,0,1997,0,1997.83
2.5776636600494385,1896.83447265625,1,MWI,1997,IHS-I,GPWG,N,c,0,1,0,0,1997,0,1997.83
1.1804603338241577,1016.47412109375,1,MWI,1997,IHS-I,GPWG,N,c,0,1,0,0,1997,0,1997.83
1.1406066417694092,270.5012512207031,1,MWI,1997,IHS-I,GPWG,N,c,0,1,0,0,1997,0,1997.83
2.203493595123291,518.75,1,MWI,1997,IHS-I,GPWG,N,c,0,1,0,0,1997,0,1997.83
3.763737916946411,508.237060546875,1,MWI,1997,IHS-I,GPWG,N,c,0,1,0,0,1997,0,1997.83
2.6602559089660645,3132.7392578125,1,MWI,1997,IHS-I,GPWG,N,c,0,1,0,0,1997,0,1997.83
0.8997910022735596,696.7578735351562,1,MWI,1997,IHS-I,GPWG,N,c,0,1,0,0,1997,0,1997.83
5.031307697296143,148.39999389648438,1,MWI,1997,IHS-I,GPWG,N,c,0,1,0,0,1997,0,1997.83
1.4664379358291626,1475.315673828125,1,MWI,1997,IHS-I,GPWG,N,c,0,1,0,0,1997,0,1997.83
2.235968589782715,750.7426147460938,1,MWI,1997,IHS-I,GPWG,N,c,0,1,0,0,1997,0,1997.83
1.7061653137207031,508.237060546875,1,MWI,1997,IHS-I,GPWG,N,c,0,1,0,0,1997,0,1997.83
3.770958423614502,1916.595458984375,1,MWI,1997,IHS-I,GPWG,N,c,0,1,0,0,1997,0,1997.83
3.249720335006714,502.60137939453125,1,MWI,1997,IHS-I,GPWG,N,c,0,1,0,0,1997,0,1997.83
0.9398709535598755,606.9550170898438,1,MWI,1997,IHS-I,GPWG,N,c,0,1,0,0,1997,0,1997.83
1.1287469863891602,2006.15087890625,1,MWI,1997,IHS-I,GPWG,N,c,0,1,0,0,1997,0,1997.83
1.2732313871383667,689.8624877929688,1,MWI,1997,IHS-I,GPWG,N,c,0,1,0,0,1997,0,1997.83
1.5915064811706543,561.665283203125,1,MWI,1997,IHS-I,GPWG,N,c,0,1,0,0,1997,0,1997.83
2.4796018600463867,774.4801635742188,1,MWI,1997,IHS-I,GPWG,N,c,0,1,0,0,1997,0,1997.83
1.9045997858047485,1459.6475830078125,1,MWI,1997,IHS-I,GPWG,N,c,0,1,0,0,1997,0,1997.83
2.28145170211792,758.6937866210938,1,MWI,1997,IHS-I,GPWG,N,c,0,1,0,0,1997,0,1997.83
1.4673998355865479,811.5037841796875,1,MWI,1997,IHS-I,GPWG,N,c,0,1,0,0,1997,0,1997.83
2.446685552597046,518.75,1,MWI,1997,IHS-I,GPWG,N,c,0,1,0,0,1997,0,1997.83
1.4072657823562622,606.9550170898438,1,MWI,1997,IHS-I,GPWG,N,c,0,1,0,0,1997,0,1997.83
3.1100640296936035,1573.4915771484375,1,MWI,1997,IHS-I,GPWG,N,c,0,1,0,0,1997,0,1997.83
3.852276086807251,983.4322509765625,1,MWI,1997,IHS-I,GPWG,N,c,0,1,0,0,1997,0,1997.83
3.618518114089966,1044.2464599609375,1,MWI,1997,IHS-I,GPWG,N,c,0,1,0,0,1997,0,1997.83
1.7588777542114258,631.9783935546875,1,MWI,1997,IHS-I,GPWG,N,c,0,1,0,0,1997,0,1997.83
7.663025856018066,590.059326171875,1,MWI,1997,IHS-I,GPWG,N,c,0,1,0,0,1997,0,1997.83
1.5681536197662354,750.7426147460938,1,MWI,1997,IHS-I,GPWG,N,c,0,1,0,0,1997,0,1997.83
2.5499045848846436,464.5052490234375,1,MWI,1997,IHS-I,GPWG,N,c,0,1,0,0,1997,0,1997.83
0.9121252298355103,1355.298828125,1,MWI,1997,IHS-I,GPWG,N,c,0,1,0,0,1997,0,1997.83
7.452692031860352,259.375,1,MWI,1997,IHS-I,GPWG,N,c,0,1,0,0,1997,0,1997.83
0.9612752795219421,798.3181762695312,1,MWI,1997,IHS-I,GPWG,N,c,0,1,0,0,1997,0,1997.83
2.1172990798950195,1005.2027587890625,1,MWI,1997,IHS-I,GPWG,N,c,0,1,0,0,1997,0,1997.83
2.401885986328125,668.7169799804688,1,MWI,1997,IHS-I,GPWG,N,c,0,1,0,0,1997,0,1997.83
6.100101470947266,229.95416259765625,1,MWI,1997,IHS-I,GPWG,N,c,0,1,0,0,1997,0,1997.83
2.871713876724243,652.1289672851562,1,MWI,1997,IHS-I,GPWG,N,c,0,1,0,0,1997,0,1997.83
2.4963462352752686,689.8624877929688,1,MWI,1997,IHS-I,GPWG,N,c,0,1,0,0,1997,0,1997.83
1.8693519830703735,1623.007568359375,1,MWI,1997,IHS-I,GPWG,N,c,0,1,0,0,1997,0,1997.83
0.8592246174812317,1277.389404296875,1,MWI,1997,IHS-I,GPWG,N,c,0,1,0,0,1997,0,1997.83
1.041693091392517,774.4801635742188,1,MWI,1997,IHS-I,GPWG,N,c,0,1,0,0,1997,0,1997.83
0.8798367977142334,1263.956787109375,1,MWI,1997,IHS-I,GPWG,N,c,0,1,0,0,1997,0,1997.83
4.666154384613037,59.50423812866211,1,MWI,1997,IHS-I,GPWG,N,c,0,1,0,0,1997,0,1997.83
3.2290263175964355,1501.4852294921875,1,MWI,1997,IHS-I,GPWG,N,c,0,1,0,0,1997,0,1997.83
4.118188381195068,296.79998779296875,1,MWI,1997,IHS-I,GPWG,N,c,0,1,0,0,1997,0,1997.83
2.9354395866394043,842.6378173828125,1,MWI,1997,IHS-I,GPWG,N,c,0,1,0,0,1997,0,1997.83
1.1026650667190552,632.2781372070312,1,MWI,1997,IHS-I,GPWG,N,c,0,1,0,0,1997,0,1997.83
1.228432297706604,1310.55224609375,1,MWI,1997,IHS-I,GPWG,N,c,0,1,0,0,1997,0,1997.83
1.9465229511260986,750.7426147460938,1,MWI,1997,IHS-I,GPWG,N,c,0,1,0,0,1997,0,1997.83
3.0819432735443115,463.5982971191406,1,MWI,1997,IHS-I,GPWG,N,c,0,1,0,0,1997,0,1997.83
2.947286605834961,842.6378173828125,1,MWI,1997,IHS-I,GPWG,N,c,0,1,0,0,1997,0,1997.83
1.1985679864883423,1517.3875732421875,1,MWI,1997,IHS-I,GPWG,N,c,0,1,0,0,1997,0,1997.83
1.0918700695037842,847.061767578125,1,MWI,1997,IHS-I,GPWG,N,c,0,1,0,0,1997,0,1997.83
4.020916938781738,1086.881591796875,1,MWI,1997,IHS-I,GPWG,N,c,0,1,0,0,1997,0,1997.83
2.09218692779541,632.2781372070312,1,MWI,1997,IHS-I,GPWG,N,c,0,1,0,0,1997,0,1997.83
1.1550277471542358,910.4324951171875,1,MWI,1997,IHS-I,GPWG,N,c,0,1,0,0,1997,0,1997.83
1.976588249206543,324.3661193847656,1,MWI,1997,IHS-I,GPWG,N,c,0,1,0,0,1997,0,1997.83
1.2593353986740112,1053.796875,1,MWI,1997,IHS-I,GPWG,N,c,0,1,0,0,1997,0,1997.83
1.4378156661987305,812.8841552734375,1,MWI,1997,IHS-I,GPWG,N,c,0,1,0,0,1997,0,1997.83
2.6629559993743896,1379.7249755859375,1,MWI,1997,IHS-I,GPWG,N,c,0,1,0,0,1997,0,1997.83
2.033700704574585,541.0025024414062,1,MWI,1997,IHS-I,GPWG,N,c,0,1,0,0,1997,0,1997.83
11.396163940429688,522.1232299804688,1,MWI,1997,IHS-I,GPWG,N,c,0,1,0,0,1997,0,1997.83
1.0829789638519287,2395.744384765625,1,MWI,1997,IHS-I,GPWG,N,c,0,1,0,0,1997,0,1997.83
3.1667959690093994,374.4435119628906,1,MWI,1997,IHS-I,GPWG,N,c,0,1,0,0,1997,0,1997.83
1.2590701580047607,2107.59375,1,MWI,1997,IHS-I,GPWG,N,c,0,1,0,0,1997,0,1997.83
3.945263147354126,843.0375366210938,1,MWI,1997,IHS-I,GPWG,N,c,0,1,0,0,1997,0,1997.83
9.034077644348145,302.04254150390625,1,MWI,1997,IHS-I,GPWG,N,c,0,1,0,0,1997,0,1997.83
2.0953242778778076,1255.355712890625,1,MWI,1997,IHS-I,GPWG,N,c,0,1,0,0,1997,0,1997.83
1.3526796102523804,387.2400817871094,1,MWI,1997,IHS-I,GPWG,N,c,0,1,0,0,1997,0,1997.83
1.6499357223510742,1739.0106201171875,1,MWI,1997,IHS-I,GPWG,N,c,0,1,0,0,1997,0,1997.83
1.1030216217041016,968.1002197265625,1,MWI,1997,IHS-I,GPWG,N,c,0,1,0,0,1997,0,1997.83
0.9782530069351196,968.1002197265625,1,MWI,1997,IHS-I,GPWG,N,c,0,1,0,0,1997,0,1997.83
2.193690061569214,453.0638122558594,1,MWI,1997,IHS-I,GPWG,N,c,0,1,0,0,1997,0,1997.83
10.849406242370605,1005.2027587890625,1,MWI,1997,IHS-I,GPWG,N,c,0,1,0,0,1997,0,1997.83
4.265103340148926,217.37632751464844,1,MWI,1997,IHS-I,GPWG,N,c,0,1,0,0,1997,0,1997.83
2.321363687515259,910.4324951171875,1,MWI,1997,IHS-I,GPWG,N,c,0,1,0,0,1997,0,1997.83
1.602838397026062,2759.925048828125,1,MWI,1997,IHS-I,GPWG,N,c,0,1,0,0,1997,0,1997.83
71.09098815917969,1180.11865234375,1,MWI,1997,IHS-I,GPWG,N,c,0,1,0,0,1997,0,1997.83
1.9999699592590332,1213.9100341796875,1,MWI,1997,IHS-I,GPWG,N,c,0,1,0,0,1997,0,1997.83
1.6374704837799072,893.2468872070312,1,MWI,1997,IHS-I,GPWG,N,c,0,1,0,0,1997,0,1997.83
2.997490406036377,677.6494140625,1,MWI,1997,IHS-I,GPWG,N,c,0,1,0,0,1997,0,1997.83
1.1766321659088135,210.65945434570312,1,MWI,1997,IHS-I,GPWG,N,c,0,1,0,0,1997,0,1997.83
3.3969438076019287,387.2400817871094,1,MWI,1997,IHS-I,GPWG,N,c,0,1,0,0,1997,0,1997.83
1.4506919384002686,1560.339599609375,1,MWI,1997,IHS-I,GPWG,N,c,0,1,0,0,1997,0,1997.83
1.9475932121276855,842.6378173828125,1,MWI,1997,IHS-I,GPWG,N,c,0,1,0,0,1997,0,1997.83
1.3407788276672363,455.21624755859375,1,MWI,1997,IHS-I,GPWG,N,c,0,1,0,0,1997,0,1997.83
1.8863646984100342,632.2781372070312,1,MWI,1997,IHS-I,GPWG,N,c,0,1,0,0,1997,0,1997.83
1.370821475982666,2874.89306640625,1,MWI,1997,IHS-I,GPWG,N,c,0,1,0,0,1997,0,1997.83
4.695605278015137,1376.80517578125,1,MWI,1997,IHS-I,GPWG,N,c,0,1,0,0,1997,0,1997.83
1.5085505247116089,338.82470703125,1,MWI,1997,IHS-I,GPWG,N,c,0,1,0,0,1997,0,1997.83
3.240691900253296,1376.80517578125,1,MWI,1997,IHS-I,GPWG,N,c,0,1,0,0,1997,0,1997.83
0.9612945318222046,810.915283203125,1,MWI,1997,IHS-I,GPWG,N,c,0,1,0,0,1997,0,1997.83
2.999100923538208,297.74896240234375,1,MWI,1997,IHS-I,GPWG,N,c,0,1,0,0,1997,0,1997.83
2.7476038932800293,541.0025024414062,1,MWI,1997,IHS-I,GPWG,N,c,0,1,0,0,1997,0,1997.83
4.245344161987305,847.061767578125,1,MWI,1997,IHS-I,GPWG,N,c,0,1,0,0,1997,0,1997.83
1.7986938953399658,338.82470703125,1,MWI,1997,IHS-I,GPWG,N,c,0,1,0,0,1997,0,1997.83
7.341266632080078,75.51063537597656,1,MWI,1997,IHS-I,GPWG,N,c,0,1,0,0,1997,0,1997.83
2.4415059089660645,968.1002197265625,1,MWI,1997,IHS-I,GPWG,N,c,0,1,0,0,1997,0,1997.83
1.604990005493164,1437.446533203125,1,MWI,1997,IHS-I,GPWG,N,c,0,1,0,0,1997,0,1997.83
0.7203376293182373,1685.275634765625,1,MWI,1997,IHS-I,GPWG,N,c,0,1,0,0,1997,0,1997.83
1.4570868015289307,1053.796875,1,MWI,1997,IHS-I,GPWG,N,c,0,1,0,0,1997,0,1997.83
1.9455229043960571,421.31890869140625,1,MWI,1997,IHS-I,GPWG,N,c,0,1,0,0,1997,0,1997.83
1.1502196788787842,1783.2452392578125,1,MWI,1997,IHS-I,GPWG,N,c,0,1,0,0,1997,0,1997.83
0.8488897681236267,1437.446533203125,1,MWI,1997,IHS-I,GPWG,N,c,0,1,0,0,1997,0,1997.83
2.9495370388031006,1566.36962890625,1,MWI,1997,IHS-I,GPWG,N,c,0,1,0,0,1997,0,1997.83
1.3944920301437378,812.8841552734375,1,MWI,1997,IHS-I,GPWG,N,c,0,1,0,0,1997,0,1997.83
1.3979765176773071,508.237060546875,1,MWI,1997,IHS-I,GPWG,N,c,0,1,0,0,1997,0,1997.83
1.30663001537323,910.4324951171875,1,MWI,1997,IHS-I,GPWG,N,c,0,1,0,0,1997,0,1997.83
6.998941898345947,783.184814453125,1,MWI,1997,IHS-I,GPWG,N,c,0,1,0,0,1997,0,1997.83
5.610251426696777,116.12631225585938,1,MWI,1997,IHS-I,GPWG,N,c,0,1,0,0,1997,0,1997.83
9.054161071777344,786.7457885742188,1,MWI,1997,IHS-I,GPWG,N,c,0,1,0,0,1997,0,1997.83
2.39521861076355,1180.11865234375,1,MWI,1997,IHS-I,GPWG,N,c,0,1,0,0,1997,0,1997.83
1.2732685804367065,1686.0750732421875,1,MWI,1997,IHS-I,GPWG,N,c,0,1,0,0,1997,0,1997.83
2.536898374557495,338.82470703125,1,MWI,1997,IHS-I,GPWG,N,c,0,1,0,0,1997,0,1997.83
2.154287099838257,748.8870239257812,1,MWI,1997,IHS-I,GPWG,N,c,0,1,0,0,1997,0,1997.83
3.4853649139404297,148.39999389648438,1,MWI,1997,IHS-I,GPWG,N,c,0,1,0,0,1997,0,1997.83
1.9698290824890137,1609.67919921875,1,MWI,1997,IHS-I,GPWG,N,c,0,1,0,0,1997,0,1997.83
4.266049385070801,217.37632751464844,1,MWI,1997,IHS-I,GPWG,N,c,0,1,0,0,1997,0,1997.83
5.576552391052246,463.5982971191406,1,MWI,1997,IHS-I,GPWG,N,c,0,1,0,0,1997,0,1997.83
2.5200557708740234,374.4435119628906,1,MWI,1997,IHS-I,GPWG,N,c,0,1,0,0,1997,0,1997.83
2.1999294757843018,151.73875427246094,1,MWI,1997,IHS-I,GPWG,N,c,0,1,0,0,1997,0,1997.83
2.055069923400879,696.7578735351562,1,MWI,1997,IHS-I,GPWG,N,c,0,1,0,0,1997,0,1997.83
3.087946653366089,742.0,1,MWI,1997,IHS-I,GPWG,N,c,0,1,0,0,1997,0,1997.83
2.417778253555298,968.1002197265625,1,MWI,1997,IHS-I,GPWG,N,c,0,1,0,0,1997,0,1997.83
2.511352062225342,1016.47412109375,1,MWI,1997,IHS-I,GPWG,N,c,0,1,0,0,1997,0,1997.83
1.481075644493103,1437.446533203125,1,MWI,1997,IHS-I,GPWG,N,c,0,1,0,0,1997,0,1997.83
2.3601157665252686,786.7457885742188,1,MWI,1997,IHS-I,GPWG,N,c,0,1,0,0,1997,0,1997.83
2.1530511379241943,1304.2579345703125,1,MWI,1997,IHS-I,GPWG,N,c,0,1,0,0,1997,0,1997.83
10.05774211883545,528.574462890625,1,MWI,1997,IHS-I,GPWG,N,c,0,1,0,0,1997,0,1997.83
1.8522961139678955,753.902099609375,1,MWI,1997,IHS-I,GPWG,N,c,0,1,0,0,1997,0,1997.83
7.26829719543457,231.7991485595703,1,MWI,1997,IHS-I,GPWG,N,c,0,1,0,0,1997,0,1997.83
2.2165379524230957,1158.9957275390625,1,MWI,1997,IHS-I,GPWG,N,c,0,1,0,0,1997,0,1997.83
4.667954444885254,114.04545593261719,1,MWI,1997,IHS-I,GPWG,N,c,0,1,0,0,1997,0,1997.83
2.5963892936706543,1355.298828125,1,MWI,1997,IHS-I,GPWG,N,c,0,1,0,0,1997,0,1997.83
2.3905727863311768,580.860107421875,1,MWI,1997,IHS-I,GPWG,N,c,0,1,0,0,1997,0,1997.83
1.2276369333267212,1036.75927734375,1,MWI,1997,IHS-I,GPWG,N,c,0,1,0,0,1997,0,1997.83
0.8940224051475525,2759.925048828125,1,MWI,1997,IHS-I,GPWG,N,c,0,1,0,0,1997,0,1997.83
2.0803585052490234,606.9550170898438,1,MWI,1997,IHS-I,GPWG,N,c,0,1,0,0,1997,0,1997.83
4.4760847091674805,1005.2027587890625,1,MWI,1997,IHS-I,GPWG,N,c,0,1,0,0,1997,0,1997.83
2.1896753311157227,1264.5562744140625,1,MWI,1997,IHS-I,GPWG,N,c,0,1,0,0,1997,0,1997.83
1.7017433643341064,847.061767578125,1,MWI,1997,IHS-I,GPWG,N,c,0,1,0,0,1997,0,1997.83
3.6002562046051025,1759.1048583984375,1,MWI,1997,IHS-I,GPWG,N,c,0,1,0,0,1997,0,1997.83
1.730358600616455,810.915283203125,1,MWI,1997,IHS-I,GPWG,N,c,0,1,0,0,1997,0,1997.83
0.49080637097358704,811.5037841796875,1,MWI,1997,IHS-I,GPWG,N,c,0,1,0,0,1997,0,1997.83
2.405606269836426,151.73875427246094,1,MWI,1997,IHS-I,GPWG,N,c,0,1,0,0,1997,0,1997.83
1.436716914176941,1165.269775390625,1,MWI,1997,IHS-I,GPWG,N,c,0,1,0,0,1997,0,1997.83
3.1249616146087646,580.860107421875,1,MWI,1997,IHS-I,GPWG,N,c,0,1,0,0,1997,0,1997.83
1.4395482540130615,1256.50341796875,1,MWI,1997,IHS-I,GPWG,N,c,0,1,0,0,1997,0,1997.83
2.7059578895568848,983.4322509765625,1,MWI,1997,IHS-I,GPWG,N,c,0,1,0,0,1997,0,1997.83
1.8477561473846436,387.2400817871094,1,MWI,1997,IHS-I,GPWG,N,c,0,1,0,0,1997,0,1997.83
2.7184154987335205,486.5491943359375,1,MWI,1997,IHS-I,GPWG,N,c,0,1,0,0,1997,0,1997.83
1.3148802518844604,869.5053100585938,1,MWI,1997,IHS-I,GPWG,N,c,0,1,0,0,1997,0,1997.83
8.496214866638184,148.87448120117188,1,MWI,1997,IHS-I,GPWG,N,c,0,1,0,0,1997,0,1997.83
5.027790069580078,786.7457885742188,1,MWI,1997,IHS-I,GPWG,N,c,0,1,0,0,1997,0,1997.83
2.2352471351623535,695.3974609375,1,MWI,1997,IHS-I,GPWG,N,c,0,1,0,0,1997,0,1997.83
2.044544219970703,303.4775085449219,1,MWI,1997,IHS-I,GPWG,N,c,0,1,0,0,1997,0,1997.83
2.637766122817993,238.01695251464844,1,MWI,1997,IHS-I,GPWG,N,c,0,1,0,0,1997,0,1997.83
1.9652997255325317,677.6494140625,1,MWI,1997,IHS-I,GPWG,N,c,0,1,0,0,1997,0,1997.83
1.8076626062393188,983.4322509765625,1,MWI,1997,IHS-I,GPWG,N,c,0,1,0,0,1997,0,1997.83
7.337912559509277,434.7526550292969,1,MWI,1997,IHS-I,GPWG,N,c,0,1,0,0,1997,0,1997.83
2.9261045455932617,938.4282836914062,1,MWI,1997,IHS-I,GPWG,N,c,0,1,0,0,1997,0,1997.83
1.2993762493133545,1264.5562744140625,1,MWI,1997,IHS-I,GPWG,N,c,0,1,0,0,1997,0,1997.83
1.5402073860168457,648.7322387695312,1,MWI,1997,IHS-I,GPWG,N,c,0,1,0,0,1997,0,1997.83
7.429547309875488,238.01695251464844,1,MWI,1997,IHS-I,GPWG,N,c,0,1,0,0,1997,0,1997.83
4.3704633712768555,632.2781372070312,1,MWI,1997,IHS-I,GPWG,N,c,0,1,0,0,1997,0,1997.83
3.6243603229522705,231.7991485595703,1,MWI,1997,IHS-I,GPWG,N,c,0,1,0,0,1997,0,1997.83
1.8994508981704712,778.125,1,MWI,1997,IHS-I,GPWG,N,c,0,1,0,0,1997,0,1997.83
3.7777578830718994,695.3974609375,1,MWI,1997,IHS-I,GPWG,N,c,0,1,0,0,1997,0,1997.83
2.439330577850342,1739.0106201171875,1,MWI,1997,IHS-I,GPWG,N,c,0,1,0,0,1997,0,1997.83
1.40696382522583,1135.2813720703125,1,MWI,1997,IHS-I,GPWG,N,c,0,1,0,0,1997,0,1997.83
1.6789700984954834,750.7426147460938,1,MWI,1997,IHS-I,GPWG,N,c,0,1,0,0,1997,0,1997.83
1.3869102001190186,1082.0050048828125,1,MWI,1997,IHS-I,GPWG,N,c,0,1,0,0,1997,0,1997.83
0.6342553496360779,777.5694580078125,1,MWI,1997,IHS-I,GPWG,N,c,0,1,0,0,1997,0,1997.83
5.004721641540527,232.25262451171875,1,MWI,1997,IHS-I,GPWG,N,c,0,1,0,0,1997,0,1997.83
1.9725838899612427,508.237060546875,1,MWI,1997,IHS-I,GPWG,N,c,0,1,0,0,1997,0,1997.83
1.6851860284805298,1876.8565673828125,1,MWI,1997,IHS-I,GPWG,N,c,0,1,0,0,1997,0,1997.83
5.1384148597717285,604.0850830078125,1,MWI,1997,IHS-I,GPWG,N,c,0,1,0,0,1997,0,1997.83
2.4195332527160645,421.5187683105469,1,MWI,1997,IHS-I,GPWG,N,c,0,1,0,0,1997,0,1997.83
3.391876459121704,445.1999816894531,1,MWI,1997,IHS-I,GPWG,N,c,0,1,0,0,1997,0,1997.83
4.781489372253418,502.60137939453125,1,MWI,1997,IHS-I,GPWG,N,c,0,1,0,0,1997,0,1997.83
1.224785566329956,518.75,1,MWI,1997,IHS-I,GPWG,N,c,0,1,0,0,1997,0,1997.83
6.409870147705078,297.74896240234375,1,MWI,1997,IHS-I,GPWG,N,c,0,1,0,0,1997,0,1997.83
2.217792272567749,632.2781372070312,1,MWI,1997,IHS-I,GPWG,N,c,0,1,0,0,1997,0,1997.83
2.1959519386291504,632.2781372070312,1,MWI,1997,IHS-I,GPWG,N,c,0,1,0,0,1997,0,1997.83
1.231669545173645,1053.796875,1,MWI,1997,IHS-I,GPWG,N,c,0,1,0,0,1997,0,1997.83
1.7677077054977417,508.237060546875,1,MWI,1997,IHS-I,GPWG,N,c,0,1,0,0,1997,0,1997.83
5.189425945281982,1566.36962890625,1,MWI,1997,IHS-I,GPWG,N,c,0,1,0,0,1997,0,1997.83
2.6366400718688965,695.3974609375,1,MWI,1997,IHS-I,GPWG,N,c,0,1,0,0,1997,0,1997.83
1.195594072341919,1337.4339599609375,1,MWI,1997,IHS-I,GPWG,N,c,0,1,0,0,1997,0,1997.83
1.4629802703857422,1313.799560546875,1,MWI,1997,IHS-I,GPWG,N,c,0,1,0,0,1997,0,1997.83
1.238996982574463,1916.595458984375,1,MWI,1997,IHS-I,GPWG,N,c,0,1,0,0,1997,0,1997.83
1.9538346529006958,464.5052490234375,1,MWI,1997,IHS-I,GPWG,N,c,0,1,0,0,1997,0,1997.83
1.9376543760299683,1437.446533203125,1,MWI,1997,IHS-I,GPWG,N,c,0,1,0,0,1997,0,1997.83
1.9216002225875854,342.1363525390625,1,MWI,1997,IHS-I,GPWG,N,c,0,1,0,0,1997,0,1997.83
0.8900805711746216,1263.956787109375,1,MWI,1997,IHS-I,GPWG,N,c,0,1,0,0,1997,0,1997.83
3.2228713035583496,1264.5562744140625,1,MWI,1997,IHS-I,GPWG,N,c,0,1,0,0,1997,0,1997.83
0.8628009557723999,631.9783935546875,1,MWI,1997,IHS-I,GPWG,N,c,0,1,0,0,1997,0,1997.83
5.439064979553223,1739.0106201171875,1,MWI,1997,IHS-I,GPWG,N,c,0,1,0,0,1997,0,1997.83
1.958901286125183,1149.770751953125,1,MWI,1997,IHS-I,GPWG,N,c,0,1,0,0,1997,0,1997.83
3.7706544399261475,869.5053100585938,1,MWI,1997,IHS-I,GPWG,N,c,0,1,0,0,1997,0,1997.83
2.3326122760772705,973.098388671875,1,MWI,1997,IHS-I,GPWG,N,c,0,1,0,0,1997,0,1997.83
1.2615233659744263,464.5052490234375,1,MWI,1997,IHS-I,GPWG,N,c,0,1,0,0,1997,0,1997.83
2.9936046600341797,463.5982971191406,1,MWI,1997,IHS-I,GPWG,N,c,0,1,0,0,1997,0,1997.83
5.790843486785889,869.5053100585938,1,MWI,1997,IHS-I,GPWG,N,c,0,1,0,0,1997,0,1997.83
103.99750518798828,261.0616149902344,1,MWI,1997,IHS-I,GPWG,N,c,0,1,0,0,1997,0,1997.83
1.5978847742080688,847.061767578125,1,MWI,1997,IHS-I,GPWG,N,c,0,1,0,0,1997,0,1997.83
2.1317055225372314,744.3724365234375,1,MWI,1997,IHS-I,GPWG,N,c,0,1,0,0,1997,0,1997.83
1.8346813917160034,891.6226196289062,1,MWI,1997,IHS-I,GPWG,N,c,0,1,0,0,1997,0,1997.83
2.7068164348602295,570.227294921875,1,MWI,1997,IHS-I,GPWG,N,c,0,1,0,0,1997,0,1997.83
1.7428478002548218,508.237060546875,1,MWI,1997,IHS-I,GPWG,N,c,0,1,0,0,1997,0,1997.83
1.862058401107788,561.665283203125,1,MWI,1997,IHS-I,GPWG,N,c,0,1,0,0,1997,0,1997.83
1.2388122081756592,1956.386962890625,1,MWI,1997,IHS-I,GPWG,N,c,0,1,0,0,1997,0,1997.83
3.0360939502716064,1037.5,1,MWI,1997,IHS-I,GPWG,N,c,0,1,0,0,1997,0,1997.83
2.8672115802764893,1053.796875,1,MWI,1997,IHS-I,GPWG,N,c,0,1,0,0,1997,0,1997.83
4.843837738037109,5437.92529296875,1,MWI,1997,IHS-I,GPWG,N,c,0,1,0,0,1997,0,1997.83
0.9792996048927307,1045.1368408203125,1,MWI,1997,IHS-I,GPWG,N,c,0,1,0,0,1997,0,1997.83
1.2615288496017456,1686.0750732421875,1,MWI,1997,IHS-I,GPWG,N,c,0,1,0,0,1997,0,1997.83
1.5315544605255127,1158.9957275390625,1,MWI,1997,IHS-I,GPWG,N,c,0,1,0,0,1997,0,1997.83
1.3081461191177368,1437.446533203125,1,MWI,1997,IHS-I,GPWG,N,c,0,1,0,0,1997,0,1997.83
5.419514179229736,783.184814453125,1,MWI,1997,IHS-I,GPWG,N,c,0,1,0,0,1997,0,1997.83
2.0058183670043945,1313.799560546875,1,MWI,1997,IHS-I,GPWG,N,c,0,1,0,0,1997,0,1997.83
0.9453365802764893,232.25262451171875,1,MWI,1997,IHS-I,GPWG,N,c,0,1,0,0,1997,0,1997.83
1.6373976469039917,632.2781372070312,1,MWI,1997,IHS-I,GPWG,N,c,0,1,0,0,1997,0,1997.83
2.16361665725708,958.2977294921875,1,MWI,1997,IHS-I,GPWG,N,c,0,1,0,0,1997,0,1997.83
1.1942530870437622,2069.58740234375,1,MWI,1997,IHS-I,GPWG,N,c,0,1,0,0,1997,0,1997.83
2.662808418273926,528.574462890625,1,MWI,1997,IHS-I,GPWG,N,c,0,1,0,0,1997,0,1997.83
1.2934314012527466,1669.1263427734375,1,MWI,1997,IHS-I,GPWG,N,c,0,1,0,0,1997,0,1997.83
1.3566808700561523,689.8624877929688,1,MWI,1997,IHS-I,GPWG,N,c,0,1,0,0,1997,0,1997.83
3.075054883956909,297.52117919921875,1,MWI,1997,IHS-I,GPWG,N,c,0,1,0,0,1997,0,1997.83
1.3510183095932007,778.125,1,MWI,1997,IHS-I,GPWG,N,c,0,1,0,0,1997,0,1997.83
2.2789981365203857,973.098388671875,1,MWI,1997,IHS-I,GPWG,N,c,0,1,0,0,1997,0,1997.83
3.0710513591766357,116.12631225585938,1,MWI,1997,IHS-I,GPWG,N,c,0,1,0,0,1997,0,1997.83
2.606398582458496,348.3789367675781,1,MWI,1997,IHS-I,GPWG,N,c,0,1,0,0,1997,0,1997.83
2.4762167930603027,1053.796875,1,MWI,1997,IHS-I,GPWG,N,c,0,1,0,0,1997,0,1997.83
5.10153341293335,938.4282836914062,1,MWI,1997,IHS-I,GPWG,N,c,0,1,0,0,1997,0,1997.83
0.5570694208145142,297.52117919921875,1,MWI,1997,IHS-I,GPWG,N,c,0,1,0,0,1997,0,1997.83
1.15079927444458,502.60137939453125,1,MWI,1997,IHS-I,GPWG,N,c,0,1,0,0,1997,0,1997.83
2.2460432052612305,919.816650390625,1,MWI,1997,IHS-I,GPWG,N,c,0,1,0,0,1997,0,1997.83
5.309436321258545,226.5319061279297,1,MWI,1997,IHS-I,GPWG,N,c,0,1,0,0,1997,0,1997.83
1.9074656963348389,463.5982971191406,1,MWI,1997,IHS-I,GPWG,N,c,0,1,0,0,1997,0,1997.83
3.5066394805908203,251.30068969726562,1,MWI,1997,IHS-I,GPWG,N,c,0,1,0,0,1997,0,1997.83
7.865207195281982,196.6864471435547,1,MWI,1997,IHS-I,GPWG,N,c,0,1,0,0,1997,0,1997.83
3.101755380630493,1686.0750732421875,1,MWI,1997,IHS-I,GPWG,N,c,0,1,0,0,1997,0,1997.83
2.2212576866149902,695.3974609375,1,MWI,1997,IHS-I,GPWG,N,c,0,1,0,0,1997,0,1997.83
1.585508942604065,1005.2027587890625,1,MWI,1997,IHS-I,GPWG,N,c,0,1,0,0,1997,0,1997.83
3.6257517337799072,446.6234436035156,1,MWI,1997,IHS-I,GPWG,N,c,0,1,0,0,1997,0,1997.83
0.9264448285102844,1893.5087890625,1,MWI,1997,IHS-I,GPWG,N,c,0,1,0,0,1997,0,1997.83
2.2509593963623047,1255.355712890625,1,MWI,1997,IHS-I,GPWG,N,c,0,1,0,0,1997,0,1997.83
8.018877983093262,231.7991485595703,1,MWI,1997,IHS-I,GPWG,N,c,0,1,0,0,1997,0,1997.83
1.448717474937439,677.6494140625,1,MWI,1997,IHS-I,GPWG,N,c,0,1,0,0,1997,0,1997.83
1.9835882186889648,348.3789367675781,1,MWI,1997,IHS-I,GPWG,N,c,0,1,0,0,1997,0,1997.83
1.7740232944488525,843.0375366210938,1,MWI,1997,IHS-I,GPWG,N,c,0,1,0,0,1997,0,1997.83
3.497124195098877,187.2217559814453,1,MWI,1997,IHS-I,GPWG,N,c,0,1,0,0,1997,0,1997.83
1.841524362564087,843.0375366210938,1,MWI,1997,IHS-I,GPWG,N,c,0,1,0,0,1997,0,1997.83
2.4079558849334717,1158.9957275390625,1,MWI,1997,IHS-I,GPWG,N,c,0,1,0,0,1997,0,1997.83
2.1005802154541016,648.7322387695312,1,MWI,1997,IHS-I,GPWG,N,c,0,1,0,0,1997,0,1997.83
3.707653045654297,296.79998779296875,1,MWI,1997,IHS-I,GPWG,N,c,0,1,0,0,1997,0,1997.83
2.2566137313842773,518.379638671875,1,MWI,1997,IHS-I,GPWG,N,c,0,1,0,0,1997,0,1997.83
1.6775882244110107,774.4801635742188,1,MWI,1997,IHS-I,GPWG,N,c,0,1,0,0,1997,0,1997.83
0.9795964360237122,1161.72021484375,1,MWI,1997,IHS-I,GPWG,N,c,0,1,0,0,1997,0,1997.83
2.3406054973602295,455.21624755859375,1,MWI,1997,IHS-I,GPWG,N,c,0,1,0,0,1997,0,1997.83
5.97633171081543,119.00847625732422,1,MWI,1997,IHS-I,GPWG,N,c,0,1,0,0,1997,0,1997.83
1.7915467023849487,811.5037841796875,1,MWI,1997,IHS-I,GPWG,N,c,0,1,0,0,1997,0,1997.83
4.714319705963135,393.3728942871094,1,MWI,1997,IHS-I,GPWG,N,c,0,1,0,0,1997,0,1997.83
1.6915504932403564,303.4775085449219,1,MWI,1997,IHS-I,GPWG,N,c,0,1,0,0,1997,0,1997.83
1.5371062755584717,753.902099609375,1,MWI,1997,IHS-I,GPWG,N,c,0,1,0,0,1997,0,1997.83
0.2446773499250412,842.6378173828125,1,MWI,1997,IHS-I,GPWG,N,c,0,1,0,0,1997,0,1997.83
2.4997856616973877,695.3974609375,1,MWI,1997,IHS-I,GPWG,N,c,0,1,0,0,1997,0,1997.83
1.5537444353103638,1036.75927734375,1,MWI,1997,IHS-I,GPWG,N,c,0,1,0,0,1997,0,1997.83
3.6477580070495605,1126.1138916015625,1,MWI,1997,IHS-I,GPWG,N,c,0,1,0,0,1997,0,1997.83
6.809370040893555,226.5319061279297,1,MWI,1997,IHS-I,GPWG,N,c,0,1,0,0,1997,0,1997.83
1.885304570198059,464.5052490234375,1,MWI,1997,IHS-I,GPWG,N,c,0,1,0,0,1997,0,1997.83
2.0597357749938965,570.227294921875,1,MWI,1997,IHS-I,GPWG,N,c,0,1,0,0,1997,0,1997.83
1.246079921722412,631.9783935546875,1,MWI,1997,IHS-I,GPWG,N,c,0,1,0,0,1997,0,1997.83
0.6383455991744995,1263.956787109375,1,MWI,1997,IHS-I,GPWG,N,c,0,1,0,0,1997,0,1997.83
1.6132383346557617,632.2781372070312,1,MWI,1997,IHS-I,GPWG,N,c,0,1,0,0,1997,0,1997.83
2.338653802871704,251.30068969726562,1,MWI,1997,IHS-I,GPWG,N,c,0,1,0,0,1997,0,1997.83
1.3138052225112915,1390.794921875,1,MWI,1997,IHS-I,GPWG,N,c,0,1,0,0,1997,0,1997.83
4.105571269989014,1305.30810546875,1,MWI,1997,IHS-I,GPWG,N,c,0,1,0,0,1997,0,1997.83
2.869220018386841,983.4322509765625,1,MWI,1997,IHS-I,GPWG,N,c,0,1,0,0,1997,0,1997.83
3.7749385833740234,919.816650390625,1,MWI,1997,IHS-I,GPWG,N,c,0,1,0,0,1997,0,1997.83
3.908006429672241,1622.593994140625,1,MWI,1997,IHS-I,GPWG,N,c,0,1,0,0,1997,0,1997.83
3.038092851638794,927.1965942382812,1,MWI,1997,IHS-I,GPWG,N,c,0,1,0,0,1997,0,1997.83
3.727259874343872,541.0025024414062,1,MWI,1997,IHS-I,GPWG,N,c,0,1,0,0,1997,0,1997.83
3.019076108932495,869.5053100585938,1,MWI,1997,IHS-I,GPWG,N,c,0,1,0,0,1997,0,1997.83
2.216533899307251,1296.875,1,MWI,1997,IHS-I,GPWG,N,c,0,1,0,0,1997,0,1997.83
9.69735336303711,148.39999389648438,1,MWI,1997,IHS-I,GPWG,N,c,0,1,0,0,1997,0,1997.83
1.988357424736023,938.4282836914062,1,MWI,1997,IHS-I,GPWG,N,c,0,1,0,0,1997,0,1997.83
1.0227429866790771,696.7578735351562,1,MWI,1997,IHS-I,GPWG,N,c,0,1,0,0,1997,0,1997.83
1.366209626197815,1126.1138916015625,1,MWI,1997,IHS-I,GPWG,N,c,0,1,0,0,1997,0,1997.83
2.7831928730010986,1053.796875,1,MWI,1997,IHS-I,GPWG,N,c,0,1,0,0,1997,0,1997.83
1.8309361934661865,518.75,1,MWI,1997,IHS-I,GPWG,N,c,0,1,0,0,1997,0,1997.83
2.9061343669891357,259.375,1,MWI,1997,IHS-I,GPWG,N,c,0,1,0,0,1997,0,1997.83
2.5738484859466553,151.02127075195312,1,MWI,1997,IHS-I,GPWG,N,c,0,1,0,0,1997,0,1997.83
2.720299482345581,677.6494140625,1,MWI,1997,IHS-I,GPWG,N,c,0,1,0,0,1997,0,1997.83
1.6832000017166138,847.061767578125,1,MWI,1997,IHS-I,GPWG,N,c,0,1,0,0,1997,0,1997.83
3.3355350494384766,1475.315673828125,1,MWI,1997,IHS-I,GPWG,N,c,0,1,0,0,1997,0,1997.83
1.8857671022415161,652.1289672851562,1,MWI,1997,IHS-I,GPWG,N,c,0,1,0,0,1997,0,1997.83
2.041616678237915,421.31890869140625,1,MWI,1997,IHS-I,GPWG,N,c,0,1,0,0,1997,0,1997.83
1.2294117212295532,631.9783935546875,1,MWI,1997,IHS-I,GPWG,N,c,0,1,0,0,1997,0,1997.83
3.6060678958892822,148.39999389648438,1,MWI,1997,IHS-I,GPWG,N,c,0,1,0,0,1997,0,1997.83
3.054133653640747,750.7426147460938,1,MWI,1997,IHS-I,GPWG,N,c,0,1,0,0,1997,0,1997.83
1.0116950273513794,116.12631225585938,1,MWI,1997,IHS-I,GPWG,N,c,0,1,0,0,1997,0,1997.83
3.006989002227783,193.6200408935547,1,MWI,1997,IHS-I,GPWG,N,c,0,1,0,0,1997,0,1997.83
2.4438977241516113,843.0375366210938,1,MWI,1997,IHS-I,GPWG,N,c,0,1,0,0,1997,0,1997.83
2.101067304611206,1213.9100341796875,1,MWI,1997,IHS-I,GPWG,N,c,0,1,0,0,1997,0,1997.83
5.338097095489502,261.0616149902344,1,MWI,1997,IHS-I,GPWG,N,c,0,1,0,0,1997,0,1997.83
3.072002649307251,1185.886474609375,1,MWI,1997,IHS-I,GPWG,N,c,0,1,0,0,1997,0,1997.83
2.8556246757507324,421.5187683105469,1,MWI,1997,IHS-I,GPWG,N,c,0,1,0,0,1997,0,1997.83
1.8704605102539062,1379.7249755859375,1,MWI,1997,IHS-I,GPWG,N,c,0,1,0,0,1997,0,1997.83
1.5281411409378052,580.631591796875,1,MWI,1997,IHS-I,GPWG,N,c,0,1,0,0,1997,0,1997.83
1.408246636390686,1521.63427734375,1,MWI,1997,IHS-I,GPWG,N,c,0,1,0,0,1997,0,1997.83
10.234489440917969,502.60137939453125,1,MWI,1997,IHS-I,GPWG,N,c,0,1,0,0,1997,0,1997.83
2.7671382427215576,595.4979248046875,1,MWI,1997,IHS-I,GPWG,N,c,0,1,0,0,1997,0,1997.83
0.9179287552833557,2718.962646484375,1,MWI,1997,IHS-I,GPWG,N,c,0,1,0,0,1997,0,1997.83
3.1472723484039307,302.04254150390625,1,MWI,1997,IHS-I,GPWG,N,c,0,1,0,0,1997,0,1997.83
1.688336730003357,1135.2813720703125,1,MWI,1997,IHS-I,GPWG,N,c,0,1,0,0,1997,0,1997.83
1.081877589225769,677.6494140625,1,MWI,1997,IHS-I,GPWG,N,c,0,1,0,0,1997,0,1997.83
1.9963362216949463,1126.1138916015625,1,MWI,1997,IHS-I,GPWG,N,c,0,1,0,0,1997,0,1997.83
2.1168429851531982,936.1087646484375,1,MWI,1997,IHS-I,GPWG,N,c,0,1,0,0,1997,0,1997.83
1.2378493547439575,1390.794921875,1,MWI,1997,IHS-I,GPWG,N,c,0,1,0,0,1997,0,1997.83
3.6336095333099365,342.1363525390625,1,MWI,1997,IHS-I,GPWG,N,c,0,1,0,0,1997,0,1997.83
1.1608248949050903,2718.962646484375,1,MWI,1997,IHS-I,GPWG,N,c,0,1,0,0,1997,0,1997.83
1.226207971572876,1556.25,1,MWI,1997,IHS-I,GPWG,N,c,0,1,0,0,1997,0,1997.83
13.803293228149414,522.1232299804688,1,MWI,1997,IHS-I,GPWG,N,c,0,1,0,0,1997,0,1997.83
1.320412039756775,973.098388671875,1,MWI,1997,IHS-I,GPWG,N,c,0,1,0,0,1997,0,1997.83
2.3293051719665527,810.915283203125,1,MWI,1997,IHS-I,GPWG,N,c,0,1,0,0,1997,0,1997.83
2.929910182952881,228.09091186523438,1,MWI,1997,IHS-I,GPWG,N,c,0,1,0,0,1997,0,1997.83
1.2023824453353882,1757.4979248046875,1,MWI,1997,IHS-I,GPWG,N,c,0,1,0,0,1997,0,1997.83
1.2430760860443115,1507.80419921875,1,MWI,1997,IHS-I,GPWG,N,c,0,1,0,0,1997,0,1997.83
34.55763626098633,261.0616149902344,1,MWI,1997,IHS-I,GPWG,N,c,0,1,0,0,1997,0,1997.83
2.7679646015167236,753.902099609375,1,MWI,1997,IHS-I,GPWG,N,c,0,1,0,0,1997,0,1997.83
3.792661666870117,324.3661193847656,1,MWI,1997,IHS-I,GPWG,N,c,0,1,0,0,1997,0,1997.83
4.684956073760986,590.059326171875,1,MWI,1997,IHS-I,GPWG,N,c,0,1,0,0,1997,0,1997.83
0.27646127343177795,3884.232421875,1,MWI,1997,IHS-I,GPWG,N,c,0,1,0,0,1997,0,1997.83
1.2303214073181152,810.915283203125,1,MWI,1997,IHS-I,GPWG,N,c,0,1,0,0,1997,0,1997.83
1.0966846942901611,2510.71142578125,1,MWI,1997,IHS-I,GPWG,N,c,0,1,0,0,1997,0,1997.83
5.4438934326171875,590.059326171875,1,MWI,1997,IHS-I,GPWG,N,c,0,1,0,0,1997,0,1997.83
9.117587089538574,1044.2464599609375,1,MWI,1997,IHS-I,GPWG,N,c,0,1,0,0,1997,0,1997.83
4.292308330535889,632.2781372070312,1,MWI,1997,IHS-I,GPWG,N,c,0,1,0,0,1997,0,1997.83
9.424612998962402,522.1232299804688,1,MWI,1997,IHS-I,GPWG,N,c,0,1,0,0,1997,0,1997.83
1.990509271621704,580.860107421875,1,MWI,1997,IHS-I,GPWG,N,c,0,1,0,0,1997,0,1997.83
23.27794075012207,606.9550170898438,1,MWI,1997,IHS-I,GPWG,N,c,0,1,0,0,1997,0,1997.83
0.9815468192100525,811.5037841796875,1,MWI,1997,IHS-I,GPWG,N,c,0,1,0,0,1997,0,1997.83
4.421899318695068,231.7991485595703,1,MWI,1997,IHS-I,GPWG,N,c,0,1,0,0,1997,0,1997.83
3.4880290031433105,518.75,1,MWI,1997,IHS-I,GPWG,N,c,0,1,0,0,1997,0,1997.83
3.3319091796875,1390.794921875,1,MWI,1997,IHS-I,GPWG,N,c,0,1,0,0,1997,0,1997.83
2.986316204071045,303.4775085449219,1,MWI,1997,IHS-I,GPWG,N,c,0,1,0,0,1997,0,1997.83
1.0060473680496216,541.0025024414062,1,MWI,1997,IHS-I,GPWG,N,c,0,1,0,0,1997,0,1997.83
0.8280311226844788,1742.580322265625,1,MWI,1997,IHS-I,GPWG,N,c,0,1,0,0,1997,0,1997.83
7.9442925453186035,1566.36962890625,1,MWI,1997,IHS-I,GPWG,N,c,0,1,0,0,1997,0,1997.83
1.2362117767333984,1297.4644775390625,1,MWI,1997,IHS-I,GPWG,N,c,0,1,0,0,1997,0,1997.83
3.1032755374908447,193.6200408935547,1,MWI,1997,IHS-I,GPWG,N,c,0,1,0,0,1997,0,1997.83
1.604060411453247,1507.80419921875,1,MWI,1997,IHS-I,GPWG,N,c,0,1,0,0,1997,0,1997.83
3.0609657764434814,421.5187683105469,1,MWI,1997,IHS-I,GPWG,N,c,0,1,0,0,1997,0,1997.83
3.5098228454589844,518.75,1,MWI,1997,IHS-I,GPWG,N,c,0,1,0,0,1997,0,1997.83
1.3555233478546143,847.061767578125,1,MWI,1997,IHS-I,GPWG,N,c,0,1,0,0,1997,0,1997.83
1.1537961959838867,502.60137939453125,1,MWI,1997,IHS-I,GPWG,N,c,0,1,0,0,1997,0,1997.83
1.2854300737380981,811.5037841796875,1,MWI,1997,IHS-I,GPWG,N,c,0,1,0,0,1997,0,1997.83
4.279009819030762,169.412353515625,1,MWI,1997,IHS-I,GPWG,N,c,0,1,0,0,1997,0,1997.83
1.9466733932495117,1256.50341796875,1,MWI,1997,IHS-I,GPWG,N,c,0,1,0,0,1997,0,1997.83
7.789880275726318,590.059326171875,1,MWI,1997,IHS-I,GPWG,N,c,0,1,0,0,1997,0,1997.83
2.1870598793029785,632.2781372070312,1,MWI,1997,IHS-I,GPWG,N,c,0,1,0,0,1997,0,1997.83
21.288223266601562,1044.2464599609375,1,MWI,1997,IHS-I,GPWG,N,c,0,1,0,0,1997,0,1997.83
1.9884084463119507,580.860107421875,1,MWI,1997,IHS-I,GPWG,N,c,0,1,0,0,1997,0,1997.83
2.8201889991760254,518.75,1,MWI,1997,IHS-I,GPWG,N,c,0,1,0,0,1997,0,1997.83
0.4186108410358429,187.2217559814453,1,MWI,1997,IHS-I,GPWG,N,c,0,1,0,0,1997,0,1997.83
2.594947576522827,169.412353515625,1,MWI,1997,IHS-I,GPWG,N,c,0,1,0,0,1997,0,1997.83
1.6899842023849487,1475.315673828125,1,MWI,1997,IHS-I,GPWG,N,c,0,1,0,0,1997,0,1997.83
1.0967833995819092,2086.1923828125,1,MWI,1997,IHS-I,GPWG,N,c,0,1,0,0,1997,0,1997.83
4.770568370819092,522.1232299804688,1,MWI,1997,IHS-I,GPWG,N,c,0,1,0,0,1997,0,1997.83
1.4585456848144531,1004.2845458984375,1,MWI,1997,IHS-I,GPWG,N,c,0,1,0,0,1997,0,1997.83
1.940754771232605,810.915283203125,1,MWI,1997,IHS-I,GPWG,N,c,0,1,0,0,1997,0,1997.83
2.8272852897644043,2706.0,1,MWI,1997,IHS-I,GPWG,N,c,0,1,0,0,1997,0,1997.83
5.430314064025879,1770.177978515625,1,MWI,1997,IHS-I,GPWG,N,c,0,1,0,0,1997,0,1997.83
8.93891429901123,393.3728942871094,1,MWI,1997,IHS-I,GPWG,N,c,0,1,0,0,1997,0,1997.83
3.853071451187134,958.2977294921875,1,MWI,1997,IHS-I,GPWG,N,c,0,1,0,0,1997,0,1997.83
2.2665481567382812,580.631591796875,1,MWI,1997,IHS-I,GPWG,N,c,0,1,0,0,1997,0,1997.83
9.504351615905762,983.4322509765625,1,MWI,1997,IHS-I,GPWG,N,c,0,1,0,0,1997,0,1997.83
3.789623260498047,178.51271057128906,1,MWI,1997,IHS-I,GPWG,N,c,0,1,0,0,1997,0,1997.83
1.569288730621338,1379.7249755859375,1,MWI,1997,IHS-I,GPWG,N,c,0,1,0,0,1997,0,1997.83
1.5814229249954224,508.237060546875,1,MWI,1997,IHS-I,GPWG,N,c,0,1,0,0,1997,0,1997.83
1.0400197505950928,1876.8565673828125,1,MWI,1997,IHS-I,GPWG,N,c,0,1,0,0,1997,0,1997.83
2.6123101711273193,231.7991485595703,1,MWI,1997,IHS-I,GPWG,N,c,0,1,0,0,1997,0,1997.83
2.629511833190918,750.7426147460938,1,MWI,1997,IHS-I,GPWG,N,c,0,1,0,0,1997,0,1997.83
9.436386108398438,1876.8565673828125,1,MWI,1997,IHS-I,GPWG,N,c,0,1,0,0,1997,0,1997.83
1.3873659372329712,464.5052490234375,1,MWI,1997,IHS-I,GPWG,N,c,0,1,0,0,1997,0,1997.83
0.9771941304206848,1684.995849609375,1,MWI,1997,IHS-I,GPWG,N,c,0,1,0,0,1997,0,1997.83
2.648037910461426,1577.0999755859375,1,MWI,1997,IHS-I,GPWG,N,c,0,1,0,0,1997,0,1997.83
4.582698345184326,421.5187683105469,1,MWI,1997,IHS-I,GPWG,N,c,0,1,0,0,1997,0,1997.83
1.982726812362671,777.5694580078125,1,MWI,1997,IHS-I,GPWG,N,c,0,1,0,0,1997,0,1997.83
1.520141839981079,1437.446533203125,1,MWI,1997,IHS-I,GPWG,N,c,0,1,0,0,1997,0,1997.83
0.8075768947601318,1161.72021484375,1,MWI,1997,IHS-I,GPWG,N,c,0,1,0,0,1997,0,1997.83
1.3620491027832031,652.1289672851562,1,MWI,1997,IHS-I,GPWG,N,c,0,1,0,0,1997,0,1997.83
2.099435806274414,116.12631225585938,1,MWI,1997,IHS-I,GPWG,N,c,0,1,0,0,1997,0,1997.83
3.082186460494995,518.75,1,MWI,1997,IHS-I,GPWG,N,c,0,1,0,0,1997,0,1997.83
3.2313990592956543,1501.4852294921875,1,MWI,1997,IHS-I,GPWG,N,c,0,1,0,0,1997,0,1997.83
1.0977429151535034,1474.6162109375,1,MWI,1997,IHS-I,GPWG,N,c,0,1,0,0,1997,0,1997.83
3.129183053970337,229.95416259765625,1,MWI,1997,IHS-I,GPWG,N,c,0,1,0,0,1997,0,1997.83
1.7183778285980225,464.5052490234375,1,MWI,1997,IHS-I,GPWG,N,c,0,1,0,0,1997,0,1997.83
2.6402668952941895,296.79998779296875,1,MWI,1997,IHS-I,GPWG,N,c,0,1,0,0,1997,0,1997.83
3.0401971340179443,456.18182373046875,1,MWI,1997,IHS-I,GPWG,N,c,0,1,0,0,1997,0,1997.83
1.2699882984161377,1016.47412109375,1,MWI,1997,IHS-I,GPWG,N,c,0,1,0,0,1997,0,1997.83
2.559788227081299,1255.355712890625,1,MWI,1997,IHS-I,GPWG,N,c,0,1,0,0,1997,0,1997.83
2.568052291870117,518.75,1,MWI,1997,IHS-I,GPWG,N,c,0,1,0,0,1997,0,1997.83
1.1097110509872437,1521.63427734375,1,MWI,1997,IHS-I,GPWG,N,c,0,1,0,0,1997,0,1997.83
3.0340545177459717,1264.5562744140625,1,MWI,1997,IHS-I,GPWG,N,c,0,1,0,0,1997,0,1997.83
2.583073616027832,2391.1396484375,1,MWI,1997,IHS-I,GPWG,N,c,0,1,0,0,1997,0,1997.83
3.91690993309021,251.07113647460938,1,MWI,1997,IHS-I,GPWG,N,c,0,1,0,0,1997,0,1997.83
1.7585681676864624,632.2781372070312,1,MWI,1997,IHS-I,GPWG,N,c,0,1,0,0,1997,0,1997.83
4.54387903213501,196.6864471435547,1,MWI,1997,IHS-I,GPWG,N,c,0,1,0,0,1997,0,1997.83
2.3595359325408936,1180.11865234375,1,MWI,1997,IHS-I,GPWG,N,c,0,1,0,0,1997,0,1997.83
2.572265625,348.3789367675781,1,MWI,1997,IHS-I,GPWG,N,c,0,1,0,0,1997,0,1997.83
3.172020435333252,758.6937866210938,1,MWI,1997,IHS-I,GPWG,N,c,0,1,0,0,1997,0,1997.83
1.4546689987182617,1757.4979248046875,1,MWI,1997,IHS-I,GPWG,N,c,0,1,0,0,1997,0,1997.83
1.33207368850708,1182.824951171875,1,MWI,1997,IHS-I,GPWG,N,c,0,1,0,0,1997,0,1997.83
1.9103623628616333,778.125,1,MWI,1997,IHS-I,GPWG,N,c,0,1,0,0,1997,0,1997.83
0.9972988963127136,1082.0050048828125,1,MWI,1997,IHS-I,GPWG,N,c,0,1,0,0,1997,0,1997.83
2.9760377407073975,1005.2027587890625,1,MWI,1997,IHS-I,GPWG,N,c,0,1,0,0,1997,0,1997.83
7.215595722198486,786.7457885742188,1,MWI,1997,IHS-I,GPWG,N,c,0,1,0,0,1997,0,1997.83
0.9975302815437317,1135.2813720703125,1,MWI,1997,IHS-I,GPWG,N,c,0,1,0,0,1997,0,1997.83
5.983569145202637,210.75938415527344,1,MWI,1997,IHS-I,GPWG,N,c,0,1,0,0,1997,0,1997.83
1.0201528072357178,758.6937866210938,1,MWI,1997,IHS-I,GPWG,N,c,0,1,0,0,1997,0,1997.83
5.096709728240967,459.9083251953125,1,MWI,1997,IHS-I,GPWG,N,c,0,1,0,0,1997,0,1997.83
6.320003986358643,116.12631225585938,1,MWI,1997,IHS-I,GPWG,N,c,0,1,0,0,1997,0,1997.83
3.1252715587615967,1180.11865234375,1,MWI,1997,IHS-I,GPWG,N,c,0,1,0,0,1997,0,1997.83
2.6561086177825928,1126.1138916015625,1,MWI,1997,IHS-I,GPWG,N,c,0,1,0,0,1997,0,1997.83
4.969829082489014,229.95416259765625,1,MWI,1997,IHS-I,GPWG,N,c,0,1,0,0,1997,0,1997.83
0.9546240568161011,973.098388671875,1,MWI,1997,IHS-I,GPWG,N,c,0,1,0,0,1997,0,1997.83
3.6900570392608643,1689.1708984375,1,MWI,1997,IHS-I,GPWG,N,c,0,1,0,0,1997,0,1997.83
0.3219835162162781,1263.956787109375,1,MWI,1997,IHS-I,GPWG,N,c,0,1,0,0,1997,0,1997.83
1.472203016281128,169.412353515625,1,MWI,1997,IHS-I,GPWG,N,c,0,1,0,0,1997,0,1997.83
8.315895080566406,148.87448120117188,1,MWI,1997,IHS-I,GPWG,N,c,0,1,0,0,1997,0,1997.83
1.080617904663086,338.82470703125,1,MWI,1997,IHS-I,GPWG,N,c,0,1,0,0,1997,0,1997.83
8.496623992919922,453.0638122558594,1,MWI,1997,IHS-I,GPWG,N,c,0,1,0,0,1997,0,1997.83
2.2683329582214355,604.0850830078125,1,MWI,1997,IHS-I,GPWG,N,c,0,1,0,0,1997,0,1997.83
3.1563127040863037,421.5187683105469,1,MWI,1997,IHS-I,GPWG,N,c,0,1,0,0,1997,0,1997.83
1.1590696573257446,1560.339599609375,1,MWI,1997,IHS-I,GPWG,N,c,0,1,0,0,1997,0,1997.83
2.6456217765808105,162.1830596923828,1,MWI,1997,IHS-I,GPWG,N,c,0,1,0,0,1997,0,1997.83
2.709850311279297,518.379638671875,1,MWI,1997,IHS-I,GPWG,N,c,0,1,0,0,1997,0,1997.83
4.919899940490723,114.04545593261719,1,MWI,1997,IHS-I,GPWG,N,c,0,1,0,0,1997,0,1997.83
1.626747965812683,648.7322387695312,1,MWI,1997,IHS-I,GPWG,N,c,0,1,0,0,1997,0,1997.83
2.9348747730255127,580.631591796875,1,MWI,1997,IHS-I,GPWG,N,c,0,1,0,0,1997,0,1997.83
4.13249397277832,445.1999816894531,1,MWI,1997,IHS-I,GPWG,N,c,0,1,0,0,1997,0,1997.83
9.95688247680664,217.37632751464844,1,MWI,1997,IHS-I,GPWG,N,c,0,1,0,0,1997,0,1997.83
0.48488181829452515,1082.0050048828125,1,MWI,1997,IHS-I,GPWG,N,c,0,1,0,0,1997,0,1997.83
4.229368209838867,695.3974609375,1,MWI,1997,IHS-I,GPWG,N,c,0,1,0,0,1997,0,1997.83
5.071834564208984,302.04254150390625,1,MWI,1997,IHS-I,GPWG,N,c,0,1,0,0,1997,0,1997.83
2.454235315322876,518.75,1,MWI,1997,IHS-I,GPWG,N,c,0,1,0,0,1997,0,1997.83
3.0525150299072266,303.4775085449219,1,MWI,1997,IHS-I,GPWG,N,c,0,1,0,0,1997,0,1997.83
2.2614381313323975,1609.67919921875,1,MWI,1997,IHS-I,GPWG,N,c,0,1,0,0,1997,0,1997.83
2.601560592651367,2226.0,1,MWI,1997,IHS-I,GPWG,N,c,0,1,0,0,1997,0,1997.83
3.1122593879699707,632.2781372070312,1,MWI,1997,IHS-I,GPWG,N,c,0,1,0,0,1997,0,1997.83
0.6654791235923767,455.21624755859375,1,MWI,1997,IHS-I,GPWG,N,c,0,1,0,0,1997,0,1997.83
1.1112220287322998,464.5052490234375,1,MWI,1997,IHS-I,GPWG,N,c,0,1,0,0,1997,0,1997.83
2.2617154121398926,228.09091186523438,1,MWI,1997,IHS-I,GPWG,N,c,0,1,0,0,1997,0,1997.83
3.2480509281158447,5749.7861328125,1,MWI,1997,IHS-I,GPWG,N,c,0,1,0,0,1997,0,1997.83
4.331730365753174,375.3713073730469,1,MWI,1997,IHS-I,GPWG,N,c,0,1,0,0,1997,0,1997.83
0.9495882987976074,1297.4644775390625,1,MWI,1997,IHS-I,GPWG,N,c,0,1,0,0,1997,0,1997.83
1.0039162635803223,968.1002197265625,1,MWI,1997,IHS-I,GPWG,N,c,0,1,0,0,1997,0,1997.83
2.1911377906799316,774.4801635742188,1,MWI,1997,IHS-I,GPWG,N,c,0,1,0,0,1997,0,1997.83
0.9531539082527161,1694.12353515625,1,MWI,1997,IHS-I,GPWG,N,c,0,1,0,0,1997,0,1997.83
1.0790894031524658,1863.535888671875,1,MWI,1997,IHS-I,GPWG,N,c,0,1,0,0,1997,0,1997.83
1.4308708906173706,1459.6475830078125,1,MWI,1997,IHS-I,GPWG,N,c,0,1,0,0,1997,0,1997.83
59.589900970458984,1180.11865234375,1,MWI,1997,IHS-I,GPWG,N,c,0,1,0,0,1997,0,1997.83
1.9547816514968872,1149.770751953125,1,MWI,1997,IHS-I,GPWG,N,c,0,1,0,0,1997,0,1997.83
1.58116614818573,338.82470703125,1,MWI,1997,IHS-I,GPWG,N,c,0,1,0,0,1997,0,1997.83
1.9664318561553955,1005.2027587890625,1,MWI,1997,IHS-I,GPWG,N,c,0,1,0,0,1997,0,1997.83
2.8305282592773438,1521.63427734375,1,MWI,1997,IHS-I,GPWG,N,c,0,1,0,0,1997,0,1997.83
0.5565718412399292,842.6378173828125,1,MWI,1997,IHS-I,GPWG,N,c,0,1,0,0,1997,0,1997.83
1.380108118057251,580.631591796875,1,MWI,1997,IHS-I,GPWG,N,c,0,1,0,0,1997,0,1997.83
2.837479829788208,464.5052490234375,1,MWI,1997,IHS-I,GPWG,N,c,0,1,0,0,1997,0,1997.83
1.310739278793335,348.3789367675781,1,MWI,1997,IHS-I,GPWG,N,c,0,1,0,0,1997,0,1997.83
2.9860990047454834,677.6494140625,1,MWI,1997,IHS-I,GPWG,N,c,0,1,0,0,1997,0,1997.83
2.6475701332092285,2706.0,1,MWI,1997,IHS-I,GPWG,N,c,0,1,0,0,1997,0,1997.83
0.8307763934135437,1263.956787109375,1,MWI,1997,IHS-I,GPWG,N,c,0,1,0,0,1997,0,1997.83
1.367823839187622,303.4775085449219,1,MWI,1997,IHS-I,GPWG,N,c,0,1,0,0,1997,0,1997.83
0.4625808596611023,968.1002197265625,1,MWI,1997,IHS-I,GPWG,N,c,0,1,0,0,1997,0,1997.83
5.094318389892578,148.39999389648438,1,MWI,1997,IHS-I,GPWG,N,c,0,1,0,0,1997,0,1997.83
1.6504062414169312,753.902099609375,1,MWI,1997,IHS-I,GPWG,N,c,0,1,0,0,1997,0,1997.83
3.9880316257476807,695.3974609375,1,MWI,1997,IHS-I,GPWG,N,c,0,1,0,0,1997,0,1997.83
4.536887168884277,464.5052490234375,1,MWI,1997,IHS-I,GPWG,N,c,0,1,0,0,1997,0,1997.83
4.12297248840332,228.09091186523438,1,MWI,1997,IHS-I,GPWG,N,c,0,1,0,0,1997,0,1997.83
12.192280769348145,590.059326171875,1,MWI,1997,IHS-I,GPWG,N,c,0,1,0,0,1997,0,1997.83
5.4552459716796875,684.272705078125,1,MWI,1997,IHS-I,GPWG,N,c,0,1,0,0,1997,0,1997.83
1.507198691368103,374.4435119628906,1,MWI,1997,IHS-I,GPWG,N,c,0,1,0,0,1997,0,1997.83
2.0942986011505127,750.7426147460938,1,MWI,1997,IHS-I,GPWG,N,c,0,1,0,0,1997,0,1997.83
2.290062427520752,1165.269775390625,1,MWI,1997,IHS-I,GPWG,N,c,0,1,0,0,1997,0,1997.83
2.6259303092956543,187.2217559814453,1,MWI,1997,IHS-I,GPWG,N,c,0,1,0,0,1997,0,1997.83
1.233111023902893,1365.6488037109375,1,MWI,1997,IHS-I,GPWG,N,c,0,1,0,0,1997,0,1997.83
5.119174480438232,238.01695251464844,1,MWI,1997,IHS-I,GPWG,N,c,0,1,0,0,1997,0,1997.83
2.583191156387329,297.52117919921875,1,MWI,1997,IHS-I,GPWG,N,c,0,1,0,0,1997,0,1997.83
2.5266218185424805,324.3661193847656,1,MWI,1997,IHS-I,GPWG,N,c,0,1,0,0,1997,0,1997.83
1.6665396690368652,303.4775085449219,1,MWI,1997,IHS-I,GPWG,N,c,0,1,0,0,1997,0,1997.83
3.7366011142730713,324.3661193847656,1,MWI,1997,IHS-I,GPWG,N,c,0,1,0,0,1997,0,1997.83
1.308228611946106,1264.5562744140625,1,MWI,1997,IHS-I,GPWG,N,c,0,1,0,0,1997,0,1997.83
1.4369310140609741,193.6200408935547,1,MWI,1997,IHS-I,GPWG,N,c,0,1,0,0,1997,0,1997.83
1.4279136657714844,1036.75927734375,1,MWI,1997,IHS-I,GPWG,N,c,0,1,0,0,1997,0,1997.83
1.2430665493011475,652.1289672851562,1,MWI,1997,IHS-I,GPWG,N,c,0,1,0,0,1997,0,1997.83
2.255145788192749,387.2400817871094,1,MWI,1997,IHS-I,GPWG,N,c,0,1,0,0,1997,0,1997.83
2.022336959838867,810.915283203125,1,MWI,1997,IHS-I,GPWG,N,c,0,1,0,0,1997,0,1997.83
6.002002239227295,238.01695251464844,1,MWI,1997,IHS-I,GPWG,N,c,0,1,0,0,1997,0,1997.83
1.4427225589752197,508.237060546875,1,MWI,1997,IHS-I,GPWG,N,c,0,1,0,0,1997,0,1997.83
3.5240120887756348,778.125,1,MWI,1997,IHS-I,GPWG,N,c,0,1,0,0,1997,0,1997.83
3.3401706218719482,869.5053100585938,1,MWI,1997,IHS-I,GPWG,N,c,0,1,0,0,1997,0,1997.83
4.3026323318481445,1082.0050048828125,1,MWI,1997,IHS-I,GPWG,N,c,0,1,0,0,1997,0,1997.83
2.5626473426818848,2975.513671875,1,MWI,1997,IHS-I,GPWG,N,c,0,1,0,0,1997,0,1997.83
89.27558898925781,1044.2464599609375,1,MWI,1997,IHS-I,GPWG,N,c,0,1,0,0,1997,0,1997.83
2.3426012992858887,486.5491943359375,1,MWI,1997,IHS-I,GPWG,N,c,0,1,0,0,1997,0,1997.83
1.295273780822754,1506.4267578125,1,MWI,1997,IHS-I,GPWG,N,c,0,1,0,0,1997,0,1997.83
6.488814830780029,238.01695251464844,1,MWI,1997,IHS-I,GPWG,N,c,0,1,0,0,1997,0,1997.83
1.2629547119140625,843.0375366210938,1,MWI,1997,IHS-I,GPWG,N,c,0,1,0,0,1997,0,1997.83
1.3536827564239502,847.061767578125,1,MWI,1997,IHS-I,GPWG,N,c,0,1,0,0,1997,0,1997.83
1.7494972944259644,580.860107421875,1,MWI,1997,IHS-I,GPWG,N,c,0,1,0,0,1997,0,1997.83
1.1707606315612793,1016.47412109375,1,MWI,1997,IHS-I,GPWG,N,c,0,1,0,0,1997,0,1997.83
2.955411672592163,2086.1923828125,1,MWI,1997,IHS-I,GPWG,N,c,0,1,0,0,1997,0,1997.83
7.442946910858154,231.7991485595703,1,MWI,1997,IHS-I,GPWG,N,c,0,1,0,0,1997,0,1997.83
2.2155563831329346,178.51271057128906,1,MWI,1997,IHS-I,GPWG,N,c,0,1,0,0,1997,0,1997.83
3.6951727867126465,929.010498046875,1,MWI,1997,IHS-I,GPWG,N,c,0,1,0,0,1997,0,1997.83
3.1077933311462402,776.8464965820312,1,MWI,1997,IHS-I,GPWG,N,c,0,1,0,0,1997,0,1997.83
4.620926380157471,786.7457885742188,1,MWI,1997,IHS-I,GPWG,N,c,0,1,0,0,1997,0,1997.83
0.9535583257675171,580.860107421875,1,MWI,1997,IHS-I,GPWG,N,c,0,1,0,0,1997,0,1997.83
5.564759731292725,148.87448120117188,1,MWI,1997,IHS-I,GPWG,N,c,0,1,0,0,1997,0,1997.83
1.2309396266937256,3354.0419921875,1,MWI,1997,IHS-I,GPWG,N,c,0,1,0,0,1997,0,1997.83
0.9536526203155518,1165.269775390625,1,MWI,1997,IHS-I,GPWG,N,c,0,1,0,0,1997,0,1997.83
1.6785719394683838,232.25262451171875,1,MWI,1997,IHS-I,GPWG,N,c,0,1,0,0,1997,0,1997.83
1.554573893547058,1037.5,1,MWI,1997,IHS-I,GPWG,N,c,0,1,0,0,1997,0,1997.83
3.6334352493286133,486.5491943359375,1,MWI,1997,IHS-I,GPWG,N,c,0,1,0,0,1997,0,1997.83
2.63017201423645,187.2217559814453,1,MWI,1997,IHS-I,GPWG,N,c,0,1,0,0,1997,0,1997.83
8.414212226867676,869.5053100585938,1,MWI,1997,IHS-I,GPWG,N,c,0,1,0,0,1997,0,1997.83
4.90077018737793,187.68565368652344,1,MWI,1997,IHS-I,GPWG,N,c,0,1,0,0,1997,0,1997.83
4.892943382263184,786.7457885742188,1,MWI,1997,IHS-I,GPWG,N,c,0,1,0,0,1997,0,1997.83
1.3867701292037964,1037.5,1,MWI,1997,IHS-I,GPWG,N,c,0,1,0,0,1997,0,1997.83
2.9996893405914307,843.0375366210938,1,MWI,1997,IHS-I,GPWG,N,c,0,1,0,0,1997,0,1997.83
1.4438916444778442,843.0375366210938,1,MWI,1997,IHS-I,GPWG,N,c,0,1,0,0,1997,0,1997.83
2.6092138290405273,1053.796875,1,MWI,1997,IHS-I,GPWG,N,c,0,1,0,0,1997,0,1997.83
3.570463180541992,187.68565368652344,1,MWI,1997,IHS-I,GPWG,N,c,0,1,0,0,1997,0,1997.83
1.2553449869155884,631.9783935546875,1,MWI,1997,IHS-I,GPWG,N,c,0,1,0,0,1997,0,1997.83
7.368285179138184,755.1063232421875,1,MWI,1997,IHS-I,GPWG,N,c,0,1,0,0,1997,0,1997.83
1.0402753353118896,1854.3931884765625,1,MWI,1997,IHS-I,GPWG,N,c,0,1,0,0,1997,0,1997.83
2.9183831214904785,810.915283203125,1,MWI,1997,IHS-I,GPWG,N,c,0,1,0,0,1997,0,1997.83
3.6562509536743164,187.2217559814453,1,MWI,1997,IHS-I,GPWG,N,c,0,1,0,0,1997,0,1997.83
5.3241777420043945,783.184814453125,1,MWI,1997,IHS-I,GPWG,N,c,0,1,0,0,1997,0,1997.83
2.637747287750244,695.3974609375,1,MWI,1997,IHS-I,GPWG,N,c,0,1,0,0,1997,0,1997.83
2.6368744373321533,684.272705078125,1,MWI,1997,IHS-I,GPWG,N,c,0,1,0,0,1997,0,1997.83
0.41072890162467957,1814.3287353515625,1,MWI,1997,IHS-I,GPWG,N,c,0,1,0,0,1997,0,1997.83
2.7799031734466553,2088.492919921875,1,MWI,1997,IHS-I,GPWG,N,c,0,1,0,0,1997,0,1997.83
1.673114538192749,1376.80517578125,1,MWI,1997,IHS-I,GPWG,N,c,0,1,0,0,1997,0,1997.83
2.2119572162628174,178.51271057128906,1,MWI,1997,IHS-I,GPWG,N,c,0,1,0,0,1997,0,1997.83
2.7666428089141846,193.6200408935547,1,MWI,1997,IHS-I,GPWG,N,c,0,1,0,0,1997,0,1997.83
3.555773973464966,303.4775085449219,1,MWI,1997,IHS-I,GPWG,N,c,0,1,0,0,1997,0,1997.83
3.8437016010284424,228.09091186523438,1,MWI,1997,IHS-I,GPWG,N,c,0,1,0,0,1997,0,1997.83
2.060154914855957,1916.595458984375,1,MWI,1997,IHS-I,GPWG,N,c,0,1,0,0,1997,0,1997.83
4.285862922668457,178.51271057128906,1,MWI,1997,IHS-I,GPWG,N,c,0,1,0,0,1997,0,1997.83
2.5481820106506348,226.5319061279297,1,MWI,1997,IHS-I,GPWG,N,c,0,1,0,0,1997,0,1997.83
1.1705363988876343,1264.5562744140625,1,MWI,1997,IHS-I,GPWG,N,c,0,1,0,0,1997,0,1997.83
2.1769449710845947,421.5187683105469,1,MWI,1997,IHS-I,GPWG,N,c,0,1,0,0,1997,0,1997.83
1.1923823356628418,1622.593994140625,1,MWI,1997,IHS-I,GPWG,N,c,0,1,0,0,1997,0,1997.83
2.078545331954956,1757.4979248046875,1,MWI,1997,IHS-I,GPWG,N,c,0,1,0,0,1997,0,1997.83
0.9976931810379028,1037.5,1,MWI,1997,IHS-I,GPWG,N,c,0,1,0,0,1997,0,1997.83
3.280435800552368,563.0569458007812,1,MWI,1997,IHS-I,GPWG,N,c,0,1,0,0,1997,0,1997.83
2.6468257904052734,151.73875427246094,1,MWI,1997,IHS-I,GPWG,N,c,0,1,0,0,1997,0,1997.83
2.867067813873291,776.8464965820312,1,MWI,1997,IHS-I,GPWG,N,c,0,1,0,0,1997,0,1997.83
0.9648535847663879,1263.956787109375,1,MWI,1997,IHS-I,GPWG,N,c,0,1,0,0,1997,0,1997.83
2.1985530853271484,1042.121337890625,1,MWI,1997,IHS-I,GPWG,N,c,0,1,0,0,1997,0,1997.83
2.4175848960876465,648.7322387695312,1,MWI,1997,IHS-I,GPWG,N,c,0,1,0,0,1997,0,1997.83
0.9522536993026733,1016.47412109375,1,MWI,1997,IHS-I,GPWG,N,c,0,1,0,0,1997,0,1997.83
1.3709716796875,1082.0050048828125,1,MWI,1997,IHS-I,GPWG,N,c,0,1,0,0,1997,0,1997.83
1.929646372795105,2010.405517578125,1,MWI,1997,IHS-I,GPWG,N,c,0,1,0,0,1997,0,1997.83
1.4543561935424805,2330.53955078125,1,MWI,1997,IHS-I,GPWG,N,c,0,1,0,0,1997,0,1997.83
1.6313340663909912,811.5037841796875,1,MWI,1997,IHS-I,GPWG,N,c,0,1,0,0,1997,0,1997.83
0.5884254574775696,631.9783935546875,1,MWI,1997,IHS-I,GPWG,N,c,0,1,0,0,1997,0,1997.83
6.36922550201416,776.8464965820312,1,MWI,1997,IHS-I,GPWG,N,c,0,1,0,0,1997,0,1997.83
1.677501916885376,753.902099609375,1,MWI,1997,IHS-I,GPWG,N,c,0,1,0,0,1997,0,1997.83
0.8800808787345886,464.5052490234375,1,MWI,1997,IHS-I,GPWG,N,c,0,1,0,0,1997,0,1997.83
2.3748221397399902,1304.2579345703125,1,MWI,1997,IHS-I,GPWG,N,c,0,1,0,0,1997,0,1997.83
0.9805105328559875,1213.9100341796875,1,MWI,1997,IHS-I,GPWG,N,c,0,1,0,0,1997,0,1997.83
23.06317901611328,1390.794921875,1,MWI,1997,IHS-I,GPWG,N,c,0,1,0,0,1997,0,1997.83
4.147608280181885,228.09091186523438,1,MWI,1997,IHS-I,GPWG,N,c,0,1,0,0,1997,0,1997.83
2.2306087017059326,936.1087646484375,1,MWI,1997,IHS-I,GPWG,N,c,0,1,0,0,1997,0,1997.83
1.962359070777893,302.04254150390625,1,MWI,1997,IHS-I,GPWG,N,c,0,1,0,0,1997,0,1997.83
2.3439888954162598,1053.2972412109375,1,MWI,1997,IHS-I,GPWG,N,c,0,1,0,0,1997,0,1997.83
1.25845468044281,606.9550170898438,1,MWI,1997,IHS-I,GPWG,N,c,0,1,0,0,1997,0,1997.83
0.7343689203262329,387.2400817871094,1,MWI,1997,IHS-I,GPWG,N,c,0,1,0,0,1997,0,1997.83
3.089203357696533,229.95416259765625,1,MWI,1997,IHS-I,GPWG,N,c,0,1,0,0,1997,0,1997.83
1.706079125404358,1556.25,1,MWI,1997,IHS-I,GPWG,N,c,0,1,0,0,1997,0,1997.83
2.9899497032165527,151.02127075195312,1,MWI,1997,IHS-I,GPWG,N,c,0,1,0,0,1997,0,1997.83
1.4563097953796387,1739.0106201171875,1,MWI,1997,IHS-I,GPWG,N,c,0,1,0,0,1997,0,1997.83
4.806859970092773,843.0375366210938,1,MWI,1997,IHS-I,GPWG,N,c,0,1,0,0,1997,0,1997.83
3.806171417236328,632.2781372070312,1,MWI,1997,IHS-I,GPWG,N,c,0,1,0,0,1997,0,1997.83
1.806681752204895,561.665283203125,1,MWI,1997,IHS-I,GPWG,N,c,0,1,0,0,1997,0,1997.83
1.4592094421386719,869.5053100585938,1,MWI,1997,IHS-I,GPWG,N,c,0,1,0,0,1997,0,1997.83
0.5467886924743652,811.5037841796875,1,MWI,1997,IHS-I,GPWG,N,c,0,1,0,0,1997,0,1997.83
1.797033429145813,324.3661193847656,1,MWI,1997,IHS-I,GPWG,N,c,0,1,0,0,1997,0,1997.83
2.627633571624756,755.1063232421875,1,MWI,1997,IHS-I,GPWG,N,c,0,1,0,0,1997,0,1997.83
2.6992416381835938,1180.11865234375,1,MWI,1997,IHS-I,GPWG,N,c,0,1,0,0,1997,0,1997.83
0.4165050983428955,1263.956787109375,1,MWI,1997,IHS-I,GPWG,N,c,0,1,0,0,1997,0,1997.83
4.935701370239258,162.1830596923828,1,MWI,1997,IHS-I,GPWG,N,c,0,1,0,0,1997,0,1997.83
1.9803154468536377,843.0375366210938,1,MWI,1997,IHS-I,GPWG,N,c,0,1,0,0,1997,0,1997.83
5.629652976989746,393.3728942871094,1,MWI,1997,IHS-I,GPWG,N,c,0,1,0,0,1997,0,1997.83
0.9674779176712036,3787.017578125,1,MWI,1997,IHS-I,GPWG,N,c,0,1,0,0,1997,0,1997.83
16.18073081970215,786.7457885742188,1,MWI,1997,IHS-I,GPWG,N,c,0,1,0,0,1997,0,1997.83
0.5253199934959412,1507.80419921875,1,MWI,1997,IHS-I,GPWG,N,c,0,1,0,0,1997,0,1997.83
1.2625371217727661,1501.4852294921875,1,MWI,1997,IHS-I,GPWG,N,c,0,1,0,0,1997,0,1997.83
0.9094522595405579,1916.595458984375,1,MWI,1997,IHS-I,GPWG,N,c,0,1,0,0,1997,0,1997.83
1.4615201950073242,1854.3931884765625,1,MWI,1997,IHS-I,GPWG,N,c,0,1,0,0,1997,0,1997.83
2.7405478954315186,1304.2579345703125,1,MWI,1997,IHS-I,GPWG,N,c,0,1,0,0,1997,0,1997.83
3.7821576595306396,193.6200408935547,1,MWI,1997,IHS-I,GPWG,N,c,0,1,0,0,1997,0,1997.83
1.2755537033081055,1149.770751953125,1,MWI,1997,IHS-I,GPWG,N,c,0,1,0,0,1997,0,1997.83
1.1554534435272217,1893.5087890625,1,MWI,1997,IHS-I,GPWG,N,c,0,1,0,0,1997,0,1997.83
7.657545566558838,434.7526550292969,1,MWI,1997,IHS-I,GPWG,N,c,0,1,0,0,1997,0,1997.83
1.021172046661377,580.631591796875,1,MWI,1997,IHS-I,GPWG,N,c,0,1,0,0,1997,0,1997.83
1.3727813959121704,1956.386962890625,1,MWI,1997,IHS-I,GPWG,N,c,0,1,0,0,1997,0,1997.83
2.5538692474365234,459.9083251953125,1,MWI,1997,IHS-I,GPWG,N,c,0,1,0,0,1997,0,1997.83
3.1357195377349854,455.21624755859375,1,MWI,1997,IHS-I,GPWG,N,c,0,1,0,0,1997,0,1997.83
3.5782663822174072,459.9083251953125,1,MWI,1997,IHS-I,GPWG,N,c,0,1,0,0,1997,0,1997.83
4.003719329833984,580.631591796875,1,MWI,1997,IHS-I,GPWG,N,c,0,1,0,0,1997,0,1997.83
6.923264980316162,631.9783935546875,1,MWI,1997,IHS-I,GPWG,N,c,0,1,0,0,1997,0,1997.83
2.5522236824035645,518.75,1,MWI,1997,IHS-I,GPWG,N,c,0,1,0,0,1997,0,1997.83
11.98086166381836,1044.2464599609375,1,MWI,1997,IHS-I,GPWG,N,c,0,1,0,0,1997,0,1997.83
1.9194029569625854,938.4282836914062,1,MWI,1997,IHS-I,GPWG,N,c,0,1,0,0,1997,0,1997.83
1.504229187965393,1158.9957275390625,1,MWI,1997,IHS-I,GPWG,N,c,0,1,0,0,1997,0,1997.83
1.226410984992981,1507.80419921875,1,MWI,1997,IHS-I,GPWG,N,c,0,1,0,0,1997,0,1997.83
1.2570841312408447,631.9783935546875,1,MWI,1997,IHS-I,GPWG,N,c,0,1,0,0,1997,0,1997.83
1.2369065284729004,1053.2972412109375,1,MWI,1997,IHS-I,GPWG,N,c,0,1,0,0,1997,0,1997.83
4.089308261871338,210.65945434570312,1,MWI,1997,IHS-I,GPWG,N,c,0,1,0,0,1997,0,1997.83
3.3017592430114746,528.574462890625,1,MWI,1997,IHS-I,GPWG,N,c,0,1,0,0,1997,0,1997.83
2.7486612796783447,1263.956787109375,1,MWI,1997,IHS-I,GPWG,N,c,0,1,0,0,1997,0,1997.83
1.0589805841445923,1352.5062255859375,1,MWI,1997,IHS-I,GPWG,N,c,0,1,0,0,1997,0,1997.83
4.326623439788818,1437.446533203125,1,MWI,1997,IHS-I,GPWG,N,c,0,1,0,0,1997,0,1997.83
1.471829891204834,2229.056640625,1,MWI,1997,IHS-I,GPWG,N,c,0,1,0,0,1997,0,1997.83
1.3120613098144531,1313.799560546875,1,MWI,1997,IHS-I,GPWG,N,c,0,1,0,0,1997,0,1997.83
9.700279235839844,983.4322509765625,1,MWI,1997,IHS-I,GPWG,N,c,0,1,0,0,1997,0,1997.83
0.34395912289619446,1053.2972412109375,1,MWI,1997,IHS-I,GPWG,N,c,0,1,0,0,1997,0,1997.83
1.5513970851898193,677.6494140625,1,MWI,1997,IHS-I,GPWG,N,c,0,1,0,0,1997,0,1997.83
3.6176939010620117,445.8113098144531,1,MWI,1997,IHS-I,GPWG,N,c,0,1,0,0,1997,0,1997.83
1.317910075187683,777.5694580078125,1,MWI,1997,IHS-I,GPWG,N,c,0,1,0,0,1997,0,1997.83
4.7532267570495605,1390.794921875,1,MWI,1997,IHS-I,GPWG,N,c,0,1,0,0,1997,0,1997.83
2.20615291595459,169.412353515625,1,MWI,1997,IHS-I,GPWG,N,c,0,1,0,0,1997,0,1997.83
7.090603351593018,446.6234436035156,1,MWI,1997,IHS-I,GPWG,N,c,0,1,0,0,1997,0,1997.83
2.762620449066162,563.0569458007812,1,MWI,1997,IHS-I,GPWG,N,c,0,1,0,0,1997,0,1997.83
1.1982777118682861,938.4282836914062,1,MWI,1997,IHS-I,GPWG,N,c,0,1,0,0,1997,0,1997.83
2.286271810531616,324.3661193847656,1,MWI,1997,IHS-I,GPWG,N,c,0,1,0,0,1997,0,1997.83
1.2099648714065552,1036.75927734375,1,MWI,1997,IHS-I,GPWG,N,c,0,1,0,0,1997,0,1997.83
0.5271555781364441,1053.796875,1,MWI,1997,IHS-I,GPWG,N,c,0,1,0,0,1997,0,1997.83
0.6964096426963806,1475.315673828125,1,MWI,1997,IHS-I,GPWG,N,c,0,1,0,0,1997,0,1997.83
1.3804515600204468,811.5037841796875,1,MWI,1997,IHS-I,GPWG,N,c,0,1,0,0,1997,0,1997.83
2.8896377086639404,338.82470703125,1,MWI,1997,IHS-I,GPWG,N,c,0,1,0,0,1997,0,1997.83
1.4411284923553467,968.1002197265625,1,MWI,1997,IHS-I,GPWG,N,c,0,1,0,0,1997,0,1997.83
6.197738170623779,522.1232299804688,1,MWI,1997,IHS-I,GPWG,N,c,0,1,0,0,1997,0,1997.83
2.8538458347320557,593.5999755859375,1,MWI,1997,IHS-I,GPWG,N,c,0,1,0,0,1997,0,1997.83
3.165210723876953,869.5053100585938,1,MWI,1997,IHS-I,GPWG,N,c,0,1,0,0,1997,0,1997.83
1.9531378746032715,590.059326171875,1,MWI,1997,IHS-I,GPWG,N,c,0,1,0,0,1997,0,1997.83
3.119842052459717,631.9783935546875,1,MWI,1997,IHS-I,GPWG,N,c,0,1,0,0,1997,0,1997.83
5.527170658111572,1305.30810546875,1,MWI,1997,IHS-I,GPWG,N,c,0,1,0,0,1997,0,1997.83
1.4392842054367065,232.25262451171875,1,MWI,1997,IHS-I,GPWG,N,c,0,1,0,0,1997,0,1997.83
3.060875415802002,463.5982971191406,1,MWI,1997,IHS-I,GPWG,N,c,0,1,0,0,1997,0,1997.83
1.9327220916748047,1053.796875,1,MWI,1997,IHS-I,GPWG,N,c,0,1,0,0,1997,0,1997.83
1.439683198928833,1114.5283203125,1,MWI,1997,IHS-I,GPWG,N,c,0,1,0,0,1997,0,1997.83
2.7956125736236572,1437.446533203125,1,MWI,1997,IHS-I,GPWG,N,c,0,1,0,0,1997,0,1997.83
1.8999354839324951,486.5491943359375,1,MWI,1997,IHS-I,GPWG,N,c,0,1,0,0,1997,0,1997.83
4.074227809906006,210.75938415527344,1,MWI,1997,IHS-I,GPWG,N,c,0,1,0,0,1997,0,1997.83
3.319798707962036,563.0569458007812,1,MWI,1997,IHS-I,GPWG,N,c,0,1,0,0,1997,0,1997.83
0.6746994853019714,1062.1712646484375,1,MWI,1997,IHS-I,GPWG,N,c,0,1,0,0,1997,0,1997.83
1.6528221368789673,2086.1923828125,1,MWI,1997,IHS-I,GPWG,N,c,0,1,0,0,1997,0,1997.83
1.4823133945465088,348.3789367675781,1,MWI,1997,IHS-I,GPWG,N,c,0,1,0,0,1997,0,1997.83
8.283023834228516,1313.799560546875,1,MWI,1997,IHS-I,GPWG,N,c,0,1,0,0,1997,0,1997.83
1.4808896780014038,1352.5062255859375,1,MWI,1997,IHS-I,GPWG,N,c,0,1,0,0,1997,0,1997.83
5.115401744842529,463.5982971191406,1,MWI,1997,IHS-I,GPWG,N,c,0,1,0,0,1997,0,1997.83
2.731147050857544,1739.0106201171875,1,MWI,1997,IHS-I,GPWG,N,c,0,1,0,0,1997,0,1997.83
1.2617995738983154,455.21624755859375,1,MWI,1997,IHS-I,GPWG,N,c,0,1,0,0,1997,0,1997.83
3.588242769241333,464.5052490234375,1,MWI,1997,IHS-I,GPWG,N,c,0,1,0,0,1997,0,1997.83
2.3118953704833984,464.5052490234375,1,MWI,1997,IHS-I,GPWG,N,c,0,1,0,0,1997,0,1997.83
0.9041928648948669,464.5052490234375,1,MWI,1997,IHS-I,GPWG,N,c,0,1,0,0,1997,0,1997.83
8.45191764831543,593.5999755859375,1,MWI,1997,IHS-I,GPWG,N,c,0,1,0,0,1997,0,1997.83
3.393780469894409,303.4775085449219,1,MWI,1997,IHS-I,GPWG,N,c,0,1,0,0,1997,0,1997.83
2.4384751319885254,1956.386962890625,1,MWI,1997,IHS-I,GPWG,N,c,0,1,0,0,1997,0,1997.83
3.147465467453003,1180.11865234375,1,MWI,1997,IHS-I,GPWG,N,c,0,1,0,0,1997,0,1997.83
3.670074939727783,786.7457885742188,1,MWI,1997,IHS-I,GPWG,N,c,0,1,0,0,1997,0,1997.83
5.576637268066406,1827.4312744140625,1,MWI,1997,IHS-I,GPWG,N,c,0,1,0,0,1997,0,1997.83
1.2935922145843506,1135.2813720703125,1,MWI,1997,IHS-I,GPWG,N,c,0,1,0,0,1997,0,1997.83
2.8127171993255615,1376.80517578125,1,MWI,1997,IHS-I,GPWG,N,c,0,1,0,0,1997,0,1997.83
2.0297207832336426,1553.6929931640625,1,MWI,1997,IHS-I,GPWG,N,c,0,1,0,0,1997,0,1997.83
1.8022401332855225,1004.2845458984375,1,MWI,1997,IHS-I,GPWG,N,c,0,1,0,0,1997,0,1997.83
1.7905055284500122,843.0375366210938,1,MWI,1997,IHS-I,GPWG,N,c,0,1,0,0,1997,0,1997.83
1.777693271636963,919.816650390625,1,MWI,1997,IHS-I,GPWG,N,c,0,1,0,0,1997,0,1997.83
1.4276727437973022,1916.595458984375,1,MWI,1997,IHS-I,GPWG,N,c,0,1,0,0,1997,0,1997.83
1.8338483572006226,774.4801635742188,1,MWI,1997,IHS-I,GPWG,N,c,0,1,0,0,1997,0,1997.83
1.6701877117156982,455.21624755859375,1,MWI,1997,IHS-I,GPWG,N,c,0,1,0,0,1997,0,1997.83
2.3815908432006836,1304.2579345703125,1,MWI,1997,IHS-I,GPWG,N,c,0,1,0,0,1997,0,1997.83
1.9546738862991333,632.2781372070312,1,MWI,1997,IHS-I,GPWG,N,c,0,1,0,0,1997,0,1997.83
2.216123104095459,421.31890869140625,1,MWI,1997,IHS-I,GPWG,N,c,0,1,0,0,1997,0,1997.83
1.761751413345337,463.5982971191406,1,MWI,1997,IHS-I,GPWG,N,c,0,1,0,0,1997,0,1997.83
2.7537710666656494,695.3974609375,1,MWI,1997,IHS-I,GPWG,N,c,0,1,0,0,1997,0,1997.83
2.6162352561950684,778.125,1,MWI,1997,IHS-I,GPWG,N,c,0,1,0,0,1997,0,1997.83
2.5243852138519287,632.2781372070312,1,MWI,1997,IHS-I,GPWG,N,c,0,1,0,0,1997,0,1997.83
2.0440449714660645,421.5187683105469,1,MWI,1997,IHS-I,GPWG,N,c,0,1,0,0,1997,0,1997.83
1.9453798532485962,1304.2579345703125,1,MWI,1997,IHS-I,GPWG,N,c,0,1,0,0,1997,0,1997.83
1.4521669149398804,869.5053100585938,1,MWI,1997,IHS-I,GPWG,N,c,0,1,0,0,1997,0,1997.83
2.3445119857788086,1126.1138916015625,1,MWI,1997,IHS-I,GPWG,N,c,0,1,0,0,1997,0,1997.83
2.2593657970428467,774.4801635742188,1,MWI,1997,IHS-I,GPWG,N,c,0,1,0,0,1997,0,1997.83
1.6526439189910889,1264.5562744140625,1,MWI,1997,IHS-I,GPWG,N,c,0,1,0,0,1997,0,1997.83
1.0780164003372192,1123.33056640625,1,MWI,1997,IHS-I,GPWG,N,c,0,1,0,0,1997,0,1997.83
2.109951972961426,2781.58984375,1,MWI,1997,IHS-I,GPWG,N,c,0,1,0,0,1997,0,1997.83
1.6678892374038696,1304.2579345703125,1,MWI,1997,IHS-I,GPWG,N,c,0,1,0,0,1997,0,1997.83
2.549912214279175,518.75,1,MWI,1997,IHS-I,GPWG,N,c,0,1,0,0,1997,0,1997.83
9.864997863769531,522.1232299804688,1,MWI,1997,IHS-I,GPWG,N,c,0,1,0,0,1997,0,1997.83
2.059962034225464,632.2781372070312,1,MWI,1997,IHS-I,GPWG,N,c,0,1,0,0,1997,0,1997.83
1.5220879316329956,843.0375366210938,1,MWI,1997,IHS-I,GPWG,N,c,0,1,0,0,1997,0,1997.83
1.6555116176605225,1686.0750732421875,1,MWI,1997,IHS-I,GPWG,N,c,0,1,0,0,1997,0,1997.83
5.60819673538208,162.1830596923828,1,MWI,1997,IHS-I,GPWG,N,c,0,1,0,0,1997,0,1997.83
1.3033440113067627,434.7526550292969,1,MWI,1997,IHS-I,GPWG,N,c,0,1,0,0,1997,0,1997.83
2.558952569961548,2069.58740234375,1,MWI,1997,IHS-I,GPWG,N,c,0,1,0,0,1997,0,1997.83
2.5139167308807373,778.125,1,MWI,1997,IHS-I,GPWG,N,c,0,1,0,0,1997,0,1997.83
1.5887168645858765,1005.2027587890625,1,MWI,1997,IHS-I,GPWG,N,c,0,1,0,0,1997,0,1997.83
4.011335372924805,387.2400817871094,1,MWI,1997,IHS-I,GPWG,N,c,0,1,0,0,1997,0,1997.83
1.748867154121399,459.9083251953125,1,MWI,1997,IHS-I,GPWG,N,c,0,1,0,0,1997,0,1997.83
1.0583622455596924,1263.956787109375,1,MWI,1997,IHS-I,GPWG,N,c,0,1,0,0,1997,0,1997.83
2.563314914703369,580.860107421875,1,MWI,1997,IHS-I,GPWG,N,c,0,1,0,0,1997,0,1997.83
4.002547740936279,1304.2579345703125,1,MWI,1997,IHS-I,GPWG,N,c,0,1,0,0,1997,0,1997.83
4.317718505859375,1044.2464599609375,1,MWI,1997,IHS-I,GPWG,N,c,0,1,0,0,1997,0,1997.83
3.874265670776367,1044.2464599609375,1,MWI,1997,IHS-I,GPWG,N,c,0,1,0,0,1997,0,1997.83
8.685328483581543,169.412353515625,1,MWI,1997,IHS-I,GPWG,N,c,0,1,0,0,1997,0,1997.83
4.417664051055908,232.25262451171875,1,MWI,1997,IHS-I,GPWG,N,c,0,1,0,0,1997,0,1997.83
6.200303077697754,744.3724365234375,1,MWI,1997,IHS-I,GPWG,N,c,0,1,0,0,1997,0,1997.83
6.450804233551025,938.4282836914062,1,MWI,1997,IHS-I,GPWG,N,c,0,1,0,0,1997,0,1997.83
1.46394681930542,632.2781372070312,1,MWI,1997,IHS-I,GPWG,N,c,0,1,0,0,1997,0,1997.83
2.0489091873168945,421.5187683105469,1,MWI,1997,IHS-I,GPWG,N,c,0,1,0,0,1997,0,1997.83
0.9925307035446167,2164.010009765625,1,MWI,1997,IHS-I,GPWG,N,c,0,1,0,0,1997,0,1997.83
3.3455803394317627,1037.5,1,MWI,1997,IHS-I,GPWG,N,c,0,1,0,0,1997,0,1997.83
2.155254602432251,1313.799560546875,1,MWI,1997,IHS-I,GPWG,N,c,0,1,0,0,1997,0,1997.83
2.3461034297943115,919.816650390625,1,MWI,1997,IHS-I,GPWG,N,c,0,1,0,0,1997,0,1997.83
2.1537561416625977,1437.446533203125,1,MWI,1997,IHS-I,GPWG,N,c,0,1,0,0,1997,0,1997.83
7.833586692810059,869.5053100585938,1,MWI,1997,IHS-I,GPWG,N,c,0,1,0,0,1997,0,1997.83
1.4326213598251343,843.0375366210938,1,MWI,1997,IHS-I,GPWG,N,c,0,1,0,0,1997,0,1997.83
1.4588978290557861,1474.6162109375,1,MWI,1997,IHS-I,GPWG,N,c,0,1,0,0,1997,0,1997.83
2.552217721939087,748.8870239257812,1,MWI,1997,IHS-I,GPWG,N,c,0,1,0,0,1997,0,1997.83
3.4989964962005615,238.01695251464844,1,MWI,1997,IHS-I,GPWG,N,c,0,1,0,0,1997,0,1997.83
8.27103042602539,393.3728942871094,1,MWI,1997,IHS-I,GPWG,N,c,0,1,0,0,1997,0,1997.83
1.63430655002594,1045.1368408203125,1,MWI,1997,IHS-I,GPWG,N,c,0,1,0,0,1997,0,1997.83
0.9560588598251343,696.7578735351562,1,MWI,1997,IHS-I,GPWG,N,c,0,1,0,0,1997,0,1997.83
2.225811004638672,580.860107421875,1,MWI,1997,IHS-I,GPWG,N,c,0,1,0,0,1997,0,1997.83
2.85432505607605,421.31890869140625,1,MWI,1997,IHS-I,GPWG,N,c,0,1,0,0,1997,0,1997.83
3.5410683155059814,416.5296630859375,1,MWI,1997,IHS-I,GPWG,N,c,0,1,0,0,1997,0,1997.83
6.770362377166748,75.51063537597656,1,MWI,1997,IHS-I,GPWG,N,c,0,1,0,0,1997,0,1997.83
1.3553951978683472,1053.796875,1,MWI,1997,IHS-I,GPWG,N,c,0,1,0,0,1997,0,1997.83
1.7646687030792236,1475.315673828125,1,MWI,1997,IHS-I,GPWG,N,c,0,1,0,0,1997,0,1997.83
1.7219548225402832,445.1999816894531,1,MWI,1997,IHS-I,GPWG,N,c,0,1,0,0,1997,0,1997.83
1.4632903337478638,869.5053100585938,1,MWI,1997,IHS-I,GPWG,N,c,0,1,0,0,1997,0,1997.83
8.62409782409668,1180.11865234375,1,MWI,1997,IHS-I,GPWG,N,c,0,1,0,0,1997,0,1997.83
1.264268159866333,455.21624755859375,1,MWI,1997,IHS-I,GPWG,N,c,0,1,0,0,1997,0,1997.83
1.5913398265838623,758.6937866210938,1,MWI,1997,IHS-I,GPWG,N,c,0,1,0,0,1997,0,1997.83
1.2737308740615845,193.6200408935547,1,MWI,1997,IHS-I,GPWG,N,c,0,1,0,0,1997,0,1997.83
2.2577269077301025,1553.6929931640625,1,MWI,1997,IHS-I,GPWG,N,c,0,1,0,0,1997,0,1997.83
1.6623764038085938,677.6494140625,1,MWI,1997,IHS-I,GPWG,N,c,0,1,0,0,1997,0,1997.83
0.7556520700454712,1295.9490966796875,1,MWI,1997,IHS-I,GPWG,N,c,0,1,0,0,1997,0,1997.83
7.160891056060791,1180.11865234375,1,MWI,1997,IHS-I,GPWG,N,c,0,1,0,0,1997,0,1997.83
2.3945939540863037,169.412353515625,1,MWI,1997,IHS-I,GPWG,N,c,0,1,0,0,1997,0,1997.83
12.137679100036621,210.65945434570312,1,MWI,1997,IHS-I,GPWG,N,c,0,1,0,0,1997,0,1997.83
2.408450126647949,421.5187683105469,1,MWI,1997,IHS-I,GPWG,N,c,0,1,0,0,1997,0,1997.83
3.109565496444702,742.0,1,MWI,1997,IHS-I,GPWG,N,c,0,1,0,0,1997,0,1997.83
3.3276638984680176,303.4775085449219,1,MWI,1997,IHS-I,GPWG,N,c,0,1,0,0,1997,0,1997.83
5.9627366065979,1264.5562744140625,1,MWI,1997,IHS-I,GPWG,N,c,0,1,0,0,1997,0,1997.83
1.0197935104370117,1623.007568359375,1,MWI,1997,IHS-I,GPWG,N,c,0,1,0,0,1997,0,1997.83
3.556964635848999,983.4322509765625,1,MWI,1997,IHS-I,GPWG,N,c,0,1,0,0,1997,0,1997.83
2.9627718925476074,595.4979248046875,1,MWI,1997,IHS-I,GPWG,N,c,0,1,0,0,1997,0,1997.83
0.9010865688323975,1474.6162109375,1,MWI,1997,IHS-I,GPWG,N,c,0,1,0,0,1997,0,1997.83
2.432298183441162,486.5491943359375,1,MWI,1997,IHS-I,GPWG,N,c,0,1,0,0,1997,0,1997.83
36.34775161743164,261.0616149902344,1,MWI,1997,IHS-I,GPWG,N,c,0,1,0,0,1997,0,1997.83
0.9890837669372559,606.9550170898438,1,MWI,1997,IHS-I,GPWG,N,c,0,1,0,0,1997,0,1997.83
1.1064435243606567,1553.6929931640625,1,MWI,1997,IHS-I,GPWG,N,c,0,1,0,0,1997,0,1997.83
2.7558200359344482,563.0569458007812,1,MWI,1997,IHS-I,GPWG,N,c,0,1,0,0,1997,0,1997.83
1.2403055429458618,774.4801635742188,1,MWI,1997,IHS-I,GPWG,N,c,0,1,0,0,1997,0,1997.83
3.397162675857544,393.3728942871094,1,MWI,1997,IHS-I,GPWG,N,c,0,1,0,0,1997,0,1997.83
2.894500970840454,374.4435119628906,1,MWI,1997,IHS-I,GPWG,N,c,0,1,0,0,1997,0,1997.83
0.8517059683799744,1553.6929931640625,1,MWI,1997,IHS-I,GPWG,N,c,0,1,0,0,1997,0,1997.83
2.619389533996582,1004.2845458984375,1,MWI,1997,IHS-I,GPWG,N,c,0,1,0,0,1997,0,1997.83
2.739682912826538,632.2781372070312,1,MWI,1997,IHS-I,GPWG,N,c,0,1,0,0,1997,0,1997.83
2.6109731197357178,1622.593994140625,1,MWI,1997,IHS-I,GPWG,N,c,0,1,0,0,1997,0,1997.83
6.979745388031006,1044.2464599609375,1,MWI,1997,IHS-I,GPWG,N,c,0,1,0,0,1997,0,1997.83
3.487062931060791,788.5499877929688,1,MWI,1997,IHS-I,GPWG,N,c,0,1,0,0,1997,0,1997.83
1.0391838550567627,1295.9490966796875,1,MWI,1997,IHS-I,GPWG,N,c,0,1,0,0,1997,0,1997.83
7.810191631317139,1305.30810546875,1,MWI,1997,IHS-I,GPWG,N,c,0,1,0,0,1997,0,1997.83
1.3961063623428345,1036.75927734375,1,MWI,1997,IHS-I,GPWG,N,c,0,1,0,0,1997,0,1997.83
2.2639365196228027,1956.386962890625,1,MWI,1997,IHS-I,GPWG,N,c,0,1,0,0,1997,0,1997.83
2.619070291519165,1255.355712890625,1,MWI,1997,IHS-I,GPWG,N,c,0,1,0,0,1997,0,1997.83
2.81048583984375,476.0339050292969,1,MWI,1997,IHS-I,GPWG,N,c,0,1,0,0,1997,0,1997.83
4.601772785186768,750.7426147460938,1,MWI,1997,IHS-I,GPWG,N,c,0,1,0,0,1997,0,1997.83
2.8051021099090576,748.8870239257812,1,MWI,1997,IHS-I,GPWG,N,c,0,1,0,0,1997,0,1997.83
1.73103666305542,1839.63330078125,1,MWI,1997,IHS-I,GPWG,N,c,0,1,0,0,1997,0,1997.83
1.1102360486984253,1501.4852294921875,1,MWI,1997,IHS-I,GPWG,N,c,0,1,0,0,1997,0,1997.83
1.1435765027999878,631.9783935546875,1,MWI,1997,IHS-I,GPWG,N,c,0,1,0,0,1997,0,1997.83
5.609140396118164,377.55316162109375,1,MWI,1997,IHS-I,GPWG,N,c,0,1,0,0,1997,0,1997.83
1.214145541191101,1185.886474609375,1,MWI,1997,IHS-I,GPWG,N,c,0,1,0,0,1997,0,1997.83
1.5885162353515625,1149.770751953125,1,MWI,1997,IHS-I,GPWG,N,c,0,1,0,0,1997,0,1997.83
1.8781343698501587,1158.9957275390625,1,MWI,1997,IHS-I,GPWG,N,c,0,1,0,0,1997,0,1997.83
2.6329755783081055,580.631591796875,1,MWI,1997,IHS-I,GPWG,N,c,0,1,0,0,1997,0,1997.83
1.2517788410186768,1082.0050048828125,1,MWI,1997,IHS-I,GPWG,N,c,0,1,0,0,1997,0,1997.83
6.659365653991699,1044.2464599609375,1,MWI,1997,IHS-I,GPWG,N,c,0,1,0,0,1997,0,1997.83
2.4760000705718994,508.237060546875,1,MWI,1997,IHS-I,GPWG,N,c,0,1,0,0,1997,0,1997.83
1.4333490133285522,1149.770751953125,1,MWI,1997,IHS-I,GPWG,N,c,0,1,0,0,1997,0,1997.83
1.7748286724090576,652.1289672851562,1,MWI,1997,IHS-I,GPWG,N,c,0,1,0,0,1997,0,1997.83
2.557985782623291,1560.339599609375,1,MWI,1997,IHS-I,GPWG,N,c,0,1,0,0,1997,0,1997.83
1.441030740737915,502.14227294921875,1,MWI,1997,IHS-I,GPWG,N,c,0,1,0,0,1997,0,1997.83
3.6849522590637207,324.3661193847656,1,MWI,1997,IHS-I,GPWG,N,c,0,1,0,0,1997,0,1997.83
1.944746494293213,518.75,1,MWI,1997,IHS-I,GPWG,N,c,0,1,0,0,1997,0,1997.83
1.2516943216323853,1256.50341796875,1,MWI,1997,IHS-I,GPWG,N,c,0,1,0,0,1997,0,1997.83
1.232494831085205,580.631591796875,1,MWI,1997,IHS-I,GPWG,N,c,0,1,0,0,1997,0,1997.83
3.0522289276123047,1053.2972412109375,1,MWI,1997,IHS-I,GPWG,N,c,0,1,0,0,1997,0,1997.83
0.5897545218467712,1263.956787109375,1,MWI,1997,IHS-I,GPWG,N,c,0,1,0,0,1997,0,1997.83
2.772475004196167,518.379638671875,1,MWI,1997,IHS-I,GPWG,N,c,0,1,0,0,1997,0,1997.83
0.9592143893241882,1916.595458984375,1,MWI,1997,IHS-I,GPWG,N,c,0,1,0,0,1997,0,1997.83
2.170374870300293,162.1830596923828,1,MWI,1997,IHS-I,GPWG,N,c,0,1,0,0,1997,0,1997.83
4.977509498596191,421.31890869140625,1,MWI,1997,IHS-I,GPWG,N,c,0,1,0,0,1997,0,1997.83
5.698784828186035,148.87448120117188,1,MWI,1997,IHS-I,GPWG,N,c,0,1,0,0,1997,0,1997.83
1.3695753812789917,2317.991455078125,1,MWI,1997,IHS-I,GPWG,N,c,0,1,0,0,1997,0,1997.83
2.9140541553497314,187.2217559814453,1,MWI,1997,IHS-I,GPWG,N,c,0,1,0,0,1997,0,1997.83
3.03792405128479,445.1999816894531,1,MWI,1997,IHS-I,GPWG,N,c,0,1,0,0,1997,0,1997.83
1.807321548461914,919.816650390625,1,MWI,1997,IHS-I,GPWG,N,c,0,1,0,0,1997,0,1997.83
2.5536000728607178,151.73875427246094,1,MWI,1997,IHS-I,GPWG,N,c,0,1,0,0,1997,0,1997.83
6.19858455657959,1376.80517578125,1,MWI,1997,IHS-I,GPWG,N,c,0,1,0,0,1997,0,1997.83
1.3591276407241821,1916.595458984375,1,MWI,1997,IHS-I,GPWG,N,c,0,1,0,0,1997,0,1997.83
7.753693103790283,148.39999389648438,1,MWI,1997,IHS-I,GPWG,N,c,0,1,0,0,1997,0,1997.83
1.0452122688293457,1956.386962890625,1,MWI,1997,IHS-I,GPWG,N,c,0,1,0,0,1997,0,1997.83
0.9061859846115112,1263.956787109375,1,MWI,1997,IHS-I,GPWG,N,c,0,1,0,0,1997,0,1997.83
3.3659331798553467,561.665283203125,1,MWI,1997,IHS-I,GPWG,N,c,0,1,0,0,1997,0,1997.83
5.092659950256348,1770.177978515625,1,MWI,1997,IHS-I,GPWG,N,c,0,1,0,0,1997,0,1997.83
1.483325481414795,1337.4339599609375,1,MWI,1997,IHS-I,GPWG,N,c,0,1,0,0,1997,0,1997.83
3.028870105743408,2107.59375,1,MWI,1997,IHS-I,GPWG,N,c,0,1,0,0,1997,0,1997.83
5.004082679748535,590.059326171875,1,MWI,1997,IHS-I,GPWG,N,c,0,1,0,0,1997,0,1997.83
3.3786866664886475,162.1830596923828,1,MWI,1997,IHS-I,GPWG,N,c,0,1,0,0,1997,0,1997.83
3.525233030319214,445.1999816894531,1,MWI,1997,IHS-I,GPWG,N,c,0,1,0,0,1997,0,1997.83
1.1924841403961182,2395.744384765625,1,MWI,1997,IHS-I,GPWG,N,c,0,1,0,0,1997,0,1997.83
6.855241298675537,393.3728942871094,1,MWI,1997,IHS-I,GPWG,N,c,0,1,0,0,1997,0,1997.83
3.3823933601379395,842.6378173828125,1,MWI,1997,IHS-I,GPWG,N,c,0,1,0,0,1997,0,1997.83
2.1743557453155518,2395.744384765625,1,MWI,1997,IHS-I,GPWG,N,c,0,1,0,0,1997,0,1997.83
2.233124256134033,1190.995849609375,1,MWI,1997,IHS-I,GPWG,N,c,0,1,0,0,1997,0,1997.83
0.9339888691902161,1037.5,1,MWI,1997,IHS-I,GPWG,N,c,0,1,0,0,1997,0,1997.83
2.257758140563965,303.4775085449219,1,MWI,1997,IHS-I,GPWG,N,c,0,1,0,0,1997,0,1997.83
1.9217649698257446,750.7426147460938,1,MWI,1997,IHS-I,GPWG,N,c,0,1,0,0,1997,0,1997.83
1.5256993770599365,632.2781372070312,1,MWI,1997,IHS-I,GPWG,N,c,0,1,0,0,1997,0,1997.83
1.8471248149871826,1622.593994140625,1,MWI,1997,IHS-I,GPWG,N,c,0,1,0,0,1997,0,1997.83
2.636565923690796,2088.492919921875,1,MWI,1997,IHS-I,GPWG,N,c,0,1,0,0,1997,0,1997.83
2.22849178314209,927.1965942382812,1,MWI,1997,IHS-I,GPWG,N,c,0,1,0,0,1997,0,1997.83
1.8071036338806152,2395.744384765625,1,MWI,1997,IHS-I,GPWG,N,c,0,1,0,0,1997,0,1997.83
1.3491075038909912,847.061767578125,1,MWI,1997,IHS-I,GPWG,N,c,0,1,0,0,1997,0,1997.83
0.9457981586456299,2527.91357421875,1,MWI,1997,IHS-I,GPWG,N,c,0,1,0,0,1997,0,1997.83
1.639364242553711,561.665283203125,1,MWI,1997,IHS-I,GPWG,N,c,0,1,0,0,1997,0,1997.83
1.6142905950546265,748.8870239257812,1,MWI,1997,IHS-I,GPWG,N,c,0,1,0,0,1997,0,1997.83
1.0197231769561768,1295.9490966796875,1,MWI,1997,IHS-I,GPWG,N,c,0,1,0,0,1997,0,1997.83
3.7853264808654785,604.0850830078125,1,MWI,1997,IHS-I,GPWG,N,c,0,1,0,0,1997,0,1997.83
5.990665435791016,631.9783935546875,1,MWI,1997,IHS-I,GPWG,N,c,0,1,0,0,1997,0,1997.83
1.823116660118103,668.7169799804688,1,MWI,1997,IHS-I,GPWG,N,c,0,1,0,0,1997,0,1997.83
4.805394649505615,518.75,1,MWI,1997,IHS-I,GPWG,N,c,0,1,0,0,1997,0,1997.83
2.893827199935913,744.3724365234375,1,MWI,1997,IHS-I,GPWG,N,c,0,1,0,0,1997,0,1997.83
3.0765085220336914,297.74896240234375,1,MWI,1997,IHS-I,GPWG,N,c,0,1,0,0,1997,0,1997.83
2.4690165519714355,1158.9957275390625,1,MWI,1997,IHS-I,GPWG,N,c,0,1,0,0,1997,0,1997.83
1.8339911699295044,842.6378173828125,1,MWI,1997,IHS-I,GPWG,N,c,0,1,0,0,1997,0,1997.83
3.7236318588256836,148.87448120117188,1,MWI,1997,IHS-I,GPWG,N,c,0,1,0,0,1997,0,1997.83
1.4395753145217896,2395.744384765625,1,MWI,1997,IHS-I,GPWG,N,c,0,1,0,0,1997,0,1997.83
1.6200706958770752,927.1965942382812,1,MWI,1997,IHS-I,GPWG,N,c,0,1,0,0,1997,0,1997.83
1.7435355186462402,1053.796875,1,MWI,1997,IHS-I,GPWG,N,c,0,1,0,0,1997,0,1997.83
0.748000979423523,774.4801635742188,1,MWI,1997,IHS-I,GPWG,N,c,0,1,0,0,1997,0,1997.83
1.1034716367721558,1062.1712646484375,1,MWI,1997,IHS-I,GPWG,N,c,0,1,0,0,1997,0,1997.83
3.2747952938079834,455.21624755859375,1,MWI,1997,IHS-I,GPWG,N,c,0,1,0,0,1997,0,1997.83
8.226743698120117,1804.0,1,MWI,1997,IHS-I,GPWG,N,c,0,1,0,0,1997,0,1997.83
11.264753341674805,377.55316162109375,1,MWI,1997,IHS-I,GPWG,N,c,0,1,0,0,1997,0,1997.83
5.309674263000488,148.87448120117188,1,MWI,1997,IHS-I,GPWG,N,c,0,1,0,0,1997,0,1997.83
1.930486798286438,580.860107421875,1,MWI,1997,IHS-I,GPWG,N,c,0,1,0,0,1997,0,1997.83
2.624213218688965,590.059326171875,1,MWI,1997,IHS-I,GPWG,N,c,0,1,0,0,1997,0,1997.83
2.113344669342041,1548.9603271484375,1,MWI,1997,IHS-I,GPWG,N,c,0,1,0,0,1997,0,1997.83
1.272573471069336,748.8870239257812,1,MWI,1997,IHS-I,GPWG,N,c,0,1,0,0,1997,0,1997.83
3.5781636238098145,434.7526550292969,1,MWI,1997,IHS-I,GPWG,N,c,0,1,0,0,1997,0,1997.83
0.9527223110198975,2332.70849609375,1,MWI,1997,IHS-I,GPWG,N,c,0,1,0,0,1997,0,1997.83
3.040896415710449,742.0,1,MWI,1997,IHS-I,GPWG,N,c,0,1,0,0,1997,0,1997.83
1.4113363027572632,187.2217559814453,1,MWI,1997,IHS-I,GPWG,N,c,0,1,0,0,1997,0,1997.83
2.7563772201538086,502.60137939453125,1,MWI,1997,IHS-I,GPWG,N,c,0,1,0,0,1997,0,1997.83
1.7938995361328125,2075.0,1,MWI,1997,IHS-I,GPWG,N,c,0,1,0,0,1997,0,1997.83
0.7459250092506409,1016.47412109375,1,MWI,1997,IHS-I,GPWG,N,c,0,1,0,0,1997,0,1997.83
1.9474260807037354,232.25262451171875,1,MWI,1997,IHS-I,GPWG,N,c,0,1,0,0,1997,0,1997.83
2.2687628269195557,1053.796875,1,MWI,1997,IHS-I,GPWG,N,c,0,1,0,0,1997,0,1997.83
2.88342547416687,210.65945434570312,1,MWI,1997,IHS-I,GPWG,N,c,0,1,0,0,1997,0,1997.83
0.9708505868911743,1352.5062255859375,1,MWI,1997,IHS-I,GPWG,N,c,0,1,0,0,1997,0,1997.83
1.2154501676559448,580.631591796875,1,MWI,1997,IHS-I,GPWG,N,c,0,1,0,0,1997,0,1997.83
2.115845203399658,1158.9957275390625,1,MWI,1997,IHS-I,GPWG,N,c,0,1,0,0,1997,0,1997.83
3.5625832080841064,375.3713073730469,1,MWI,1997,IHS-I,GPWG,N,c,0,1,0,0,1997,0,1997.83
3.645535707473755,434.7526550292969,1,MWI,1997,IHS-I,GPWG,N,c,0,1,0,0,1997,0,1997.83
4.770452499389648,238.01695251464844,1,MWI,1997,IHS-I,GPWG,N,c,0,1,0,0,1997,0,1997.83
1.5629923343658447,1263.956787109375,1,MWI,1997,IHS-I,GPWG,N,c,0,1,0,0,1997,0,1997.83
4.4134650230407715,375.3713073730469,1,MWI,1997,IHS-I,GPWG,N,c,0,1,0,0,1997,0,1997.83
2.64011549949646,541.0025024414062,1,MWI,1997,IHS-I,GPWG,N,c,0,1,0,0,1997,0,1997.83
2.089561939239502,178.51271057128906,1,MWI,1997,IHS-I,GPWG,N,c,0,1,0,0,1997,0,1997.83
2.8270702362060547,1876.8565673828125,1,MWI,1997,IHS-I,GPWG,N,c,0,1,0,0,1997,0,1997.83
2.5945448875427246,445.8113098144531,1,MWI,1997,IHS-I,GPWG,N,c,0,1,0,0,1997,0,1997.83
0.766823410987854,2434.51123046875,1,MWI,1997,IHS-I,GPWG,N,c,0,1,0,0,1997,0,1997.83
3.352957248687744,377.55316162109375,1,MWI,1997,IHS-I,GPWG,N,c,0,1,0,0,1997,0,1997.83
10.433466911315918,590.059326171875,1,MWI,1997,IHS-I,GPWG,N,c,0,1,0,0,1997,0,1997.83
1.907508373260498,1165.269775390625,1,MWI,1997,IHS-I,GPWG,N,c,0,1,0,0,1997,0,1997.83
0.4041237533092499,1474.6162109375,1,MWI,1997,IHS-I,GPWG,N,c,0,1,0,0,1997,0,1997.83
1.3510783910751343,842.6378173828125,1,MWI,1997,IHS-I,GPWG,N,c,0,1,0,0,1997,0,1997.83
1.0561825037002563,1474.6162109375,1,MWI,1997,IHS-I,GPWG,N,c,0,1,0,0,1997,0,1997.83
4.130560398101807,695.3974609375,1,MWI,1997,IHS-I,GPWG,N,c,0,1,0,0,1997,0,1997.83
1.3134597539901733,1296.875,1,MWI,1997,IHS-I,GPWG,N,c,0,1,0,0,1997,0,1997.83
2.292536735534668,890.3999633789062,1,MWI,1997,IHS-I,GPWG,N,c,0,1,0,0,1997,0,1997.83
1.9178427457809448,303.4775085449219,1,MWI,1997,IHS-I,GPWG,N,c,0,1,0,0,1997,0,1997.83
2.453835964202881,1037.5,1,MWI,1997,IHS-I,GPWG,N,c,0,1,0,0,1997,0,1997.83
1.2950725555419922,2330.53955078125,1,MWI,1997,IHS-I,GPWG,N,c,0,1,0,0,1997,0,1997.83
2.5934698581695557,606.9550170898438,1,MWI,1997,IHS-I,GPWG,N,c,0,1,0,0,1997,0,1997.83
2.1837282180786133,811.5037841796875,1,MWI,1997,IHS-I,GPWG,N,c,0,1,0,0,1997,0,1997.83
0.2583451569080353,1161.72021484375,1,MWI,1997,IHS-I,GPWG,N,c,0,1,0,0,1997,0,1997.83
1.0496221780776978,696.7578735351562,1,MWI,1997,IHS-I,GPWG,N,c,0,1,0,0,1997,0,1997.83
3.466353178024292,1685.275634765625,1,MWI,1997,IHS-I,GPWG,N,c,0,1,0,0,1997,0,1997.83
1.239518642425537,847.061767578125,1,MWI,1997,IHS-I,GPWG,N,c,0,1,0,0,1997,0,1997.83
1.433487892150879,1759.1048583984375,1,MWI,1997,IHS-I,GPWG,N,c,0,1,0,0,1997,0,1997.83
3.792005777359009,518.75,1,MWI,1997,IHS-I,GPWG,N,c,0,1,0,0,1997,0,1997.83
8.301115989685059,750.7426147460938,1,MWI,1997,IHS-I,GPWG,N,c,0,1,0,0,1997,0,1997.83
1.6017544269561768,2529.495849609375,1,MWI,1997,IHS-I,GPWG,N,c,0,1,0,0,1997,0,1997.83
1.5266698598861694,1255.355712890625,1,MWI,1997,IHS-I,GPWG,N,c,0,1,0,0,1997,0,1997.83
3.5610506534576416,377.55316162109375,1,MWI,1997,IHS-I,GPWG,N,c,0,1,0,0,1997,0,1997.83
3.896975040435791,187.68565368652344,1,MWI,1997,IHS-I,GPWG,N,c,0,1,0,0,1997,0,1997.83
6.989029407501221,162.1830596923828,1,MWI,1997,IHS-I,GPWG,N,c,0,1,0,0,1997,0,1997.83
1.6278480291366577,1053.796875,1,MWI,1997,IHS-I,GPWG,N,c,0,1,0,0,1997,0,1997.83
1.1871627569198608,2008.569091796875,1,MWI,1997,IHS-I,GPWG,N,c,0,1,0,0,1997,0,1997.83
2.447244882583618,148.39999389648438,1,MWI,1997,IHS-I,GPWG,N,c,0,1,0,0,1997,0,1997.83
3.4388325214385986,169.412353515625,1,MWI,1997,IHS-I,GPWG,N,c,0,1,0,0,1997,0,1997.83
1.222964882850647,2395.744384765625,1,MWI,1997,IHS-I,GPWG,N,c,0,1,0,0,1997,0,1997.83
2.389019012451172,843.0375366210938,1,MWI,1997,IHS-I,GPWG,N,c,0,1,0,0,1997,0,1997.83
1.7280672788619995,677.6494140625,1,MWI,1997,IHS-I,GPWG,N,c,0,1,0,0,1997,0,1997.83
1.7388757467269897,116.12631225585938,1,MWI,1997,IHS-I,GPWG,N,c,0,1,0,0,1997,0,1997.83
3.678812026977539,983.4322509765625,1,MWI,1997,IHS-I,GPWG,N,c,0,1,0,0,1997,0,1997.83
15.98659896850586,1573.4915771484375,1,MWI,1997,IHS-I,GPWG,N,c,0,1,0,0,1997,0,1997.83
1.7672700881958008,570.227294921875,1,MWI,1997,IHS-I,GPWG,N,c,0,1,0,0,1997,0,1997.83
2.651035785675049,1086.881591796875,1,MWI,1997,IHS-I,GPWG,N,c,0,1,0,0,1997,0,1997.83
3.2973239421844482,445.8113098144531,1,MWI,1997,IHS-I,GPWG,N,c,0,1,0,0,1997,0,1997.83
3.1089844703674316,1263.956787109375,1,MWI,1997,IHS-I,GPWG,N,c,0,1,0,0,1997,0,1997.83
1.4969688653945923,1863.535888671875,1,MWI,1997,IHS-I,GPWG,N,c,0,1,0,0,1997,0,1997.83
8.837772369384766,178.51271057128906,1,MWI,1997,IHS-I,GPWG,N,c,0,1,0,0,1997,0,1997.83
2.406824827194214,958.2977294921875,1,MWI,1997,IHS-I,GPWG,N,c,0,1,0,0,1997,0,1997.83
1.7753838300704956,508.237060546875,1,MWI,1997,IHS-I,GPWG,N,c,0,1,0,0,1997,0,1997.83
2.5761847496032715,1566.36962890625,1,MWI,1997,IHS-I,GPWG,N,c,0,1,0,0,1997,0,1997.83
1.2002348899841309,1135.2813720703125,1,MWI,1997,IHS-I,GPWG,N,c,0,1,0,0,1997,0,1997.83
1.4646648168563843,4059.0,1,MWI,1997,IHS-I,GPWG,N,c,0,1,0,0,1997,0,1997.83
2.0251173973083496,847.061767578125,1,MWI,1997,IHS-I,GPWG,N,c,0,1,0,0,1997,0,1997.83
1.5504769086837769,1956.386962890625,1,MWI,1997,IHS-I,GPWG,N,c,0,1,0,0,1997,0,1997.83
1.447318434715271,606.9550170898438,1,MWI,1997,IHS-I,GPWG,N,c,0,1,0,0,1997,0,1997.83
1.6723016500473022,1256.50341796875,1,MWI,1997,IHS-I,GPWG,N,c,0,1,0,0,1997,0,1997.83
1.9392685890197754,338.82470703125,1,MWI,1997,IHS-I,GPWG,N,c,0,1,0,0,1997,0,1997.83
2.071906805038452,296.79998779296875,1,MWI,1997,IHS-I,GPWG,N,c,0,1,0,0,1997,0,1997.83
4.162081241607666,632.2781372070312,1,MWI,1997,IHS-I,GPWG,N,c,0,1,0,0,1997,0,1997.83
1.2386702299118042,842.6378173828125,1,MWI,1997,IHS-I,GPWG,N,c,0,1,0,0,1997,0,1997.83
0.951133131980896,842.6378173828125,1,MWI,1997,IHS-I,GPWG,N,c,0,1,0,0,1997,0,1997.83
0.7338006496429443,632.2781372070312,1,MWI,1997,IHS-I,GPWG,N,c,0,1,0,0,1997,0,1997.83
1.1861743927001953,1264.5562744140625,1,MWI,1997,IHS-I,GPWG,N,c,0,1,0,0,1997,0,1997.83
0.9400041103363037,1277.389404296875,1,MWI,1997,IHS-I,GPWG,N,c,0,1,0,0,1997,0,1997.83
2.289539337158203,2395.744384765625,1,MWI,1997,IHS-I,GPWG,N,c,0,1,0,0,1997,0,1997.83
1.9663479328155518,631.9783935546875,1,MWI,1997,IHS-I,GPWG,N,c,0,1,0,0,1997,0,1997.83
6.211579322814941,377.55316162109375,1,MWI,1997,IHS-I,GPWG,N,c,0,1,0,0,1997,0,1997.83
3.7395143508911133,421.5187683105469,1,MWI,1997,IHS-I,GPWG,N,c,0,1,0,0,1997,0,1997.83
3.0655767917633057,455.21624755859375,1,MWI,1997,IHS-I,GPWG,N,c,0,1,0,0,1997,0,1997.83
3.404938220977783,561.665283203125,1,MWI,1997,IHS-I,GPWG,N,c,0,1,0,0,1997,0,1997.83
3.4591333866119385,648.7322387695312,1,MWI,1997,IHS-I,GPWG,N,c,0,1,0,0,1997,0,1997.83
5.180743217468262,1005.2027587890625,1,MWI,1997,IHS-I,GPWG,N,c,0,1,0,0,1997,0,1997.83
1.9856982231140137,377.55316162109375,1,MWI,1997,IHS-I,GPWG,N,c,0,1,0,0,1997,0,1997.83
0.6560614705085754,259.1898193359375,1,MWI,1997,IHS-I,GPWG,N,c,0,1,0,0,1997,0,1997.83
0.9543935060501099,847.061767578125,1,MWI,1997,IHS-I,GPWG,N,c,0,1,0,0,1997,0,1997.83
1.4529699087142944,696.7578735351562,1,MWI,1997,IHS-I,GPWG,N,c,0,1,0,0,1997,0,1997.83
3.71834135055542,1256.50341796875,1,MWI,1997,IHS-I,GPWG,N,c,0,1,0,0,1997,0,1997.83
1.0699360370635986,3516.516357421875,1,MWI,1997,IHS-I,GPWG,N,c,0,1,0,0,1997,0,1997.83
3.1800734996795654,2391.1396484375,1,MWI,1997,IHS-I,GPWG,N,c,0,1,0,0,1997,0,1997.83
3.03731632232666,631.9783935546875,1,MWI,1997,IHS-I,GPWG,N,c,0,1,0,0,1997,0,1997.83
2.31258225440979,648.7322387695312,1,MWI,1997,IHS-I,GPWG,N,c,0,1,0,0,1997,0,1997.83
1.2261828184127808,1256.50341796875,1,MWI,1997,IHS-I,GPWG,N,c,0,1,0,0,1997,0,1997.83
2.2084648609161377,1042.121337890625,1,MWI,1997,IHS-I,GPWG,N,c,0,1,0,0,1997,0,1997.83
3.0825555324554443,786.7457885742188,1,MWI,1997,IHS-I,GPWG,N,c,0,1,0,0,1997,0,1997.83
7.095900058746338,919.816650390625,1,MWI,1997,IHS-I,GPWG,N,c,0,1,0,0,1997,0,1997.83
27.91594696044922,1376.80517578125,1,MWI,1997,IHS-I,GPWG,N,c,0,1,0,0,1997,0,1997.83
2.245929479598999,210.75938415527344,1,MWI,1997,IHS-I,GPWG,N,c,0,1,0,0,1997,0,1997.83
2.6250269412994385,632.2781372070312,1,MWI,1997,IHS-I,GPWG,N,c,0,1,0,0,1997,0,1997.83
1.5519157648086548,910.4324951171875,1,MWI,1997,IHS-I,GPWG,N,c,0,1,0,0,1997,0,1997.83
1.4206774234771729,1524.711181640625,1,MWI,1997,IHS-I,GPWG,N,c,0,1,0,0,1997,0,1997.83
1.825249433517456,1437.446533203125,1,MWI,1997,IHS-I,GPWG,N,c,0,1,0,0,1997,0,1997.83
5.427328109741211,210.75938415527344,1,MWI,1997,IHS-I,GPWG,N,c,0,1,0,0,1997,0,1997.83
5.439448356628418,590.059326171875,1,MWI,1997,IHS-I,GPWG,N,c,0,1,0,0,1997,0,1997.83
2.5135412216186523,2395.744384765625,1,MWI,1997,IHS-I,GPWG,N,c,0,1,0,0,1997,0,1997.83
1.406233549118042,2395.744384765625,1,MWI,1997,IHS-I,GPWG,N,c,0,1,0,0,1997,0,1997.83
3.0370113849639893,1353.0,1,MWI,1997,IHS-I,GPWG,N,c,0,1,0,0,1997,0,1997.83
1.5161656141281128,375.3713073730469,1,MWI,1997,IHS-I,GPWG,N,c,0,1,0,0,1997,0,1997.83
2.5534768104553223,518.75,1,MWI,1997,IHS-I,GPWG,N,c,0,1,0,0,1997,0,1997.83
1.3364068269729614,1313.799560546875,1,MWI,1997,IHS-I,GPWG,N,c,0,1,0,0,1997,0,1997.83
1.3614287376403809,1560.339599609375,1,MWI,1997,IHS-I,GPWG,N,c,0,1,0,0,1997,0,1997.83
7.463526725769043,6765.0,1,MWI,1997,IHS-I,GPWG,N,c,0,1,0,0,1997,0,1997.83
1.706518530845642,1379.7249755859375,1,MWI,1997,IHS-I,GPWG,N,c,0,1,0,0,1997,0,1997.83
1.445633888244629,1337.4339599609375,1,MWI,1997,IHS-I,GPWG,N,c,0,1,0,0,1997,0,1997.83
2.072587013244629,348.3789367675781,1,MWI,1997,IHS-I,GPWG,N,c,0,1,0,0,1997,0,1997.83
2.860462188720703,421.5187683105469,1,MWI,1997,IHS-I,GPWG,N,c,0,1,0,0,1997,0,1997.83
2.5781924724578857,788.5499877929688,1,MWI,1997,IHS-I,GPWG,N,c,0,1,0,0,1997,0,1997.83
3.218255043029785,1876.8565673828125,1,MWI,1997,IHS-I,GPWG,N,c,0,1,0,0,1997,0,1997.83
1.2331262826919556,2395.744384765625,1,MWI,1997,IHS-I,GPWG,N,c,0,1,0,0,1997,0,1997.83
3.1500601768493652,238.01695251464844,1,MWI,1997,IHS-I,GPWG,N,c,0,1,0,0,1997,0,1997.83
5.42952299118042,421.5187683105469,1,MWI,1997,IHS-I,GPWG,N,c,0,1,0,0,1997,0,1997.83
1.3733279705047607,1507.80419921875,1,MWI,1997,IHS-I,GPWG,N,c,0,1,0,0,1997,0,1997.83
3.050401210784912,1037.5,1,MWI,1997,IHS-I,GPWG,N,c,0,1,0,0,1997,0,1997.83
1.2020025253295898,1263.956787109375,1,MWI,1997,IHS-I,GPWG,N,c,0,1,0,0,1997,0,1997.83
1.9688879251480103,2391.1396484375,1,MWI,1997,IHS-I,GPWG,N,c,0,1,0,0,1997,0,1997.83
1.5143849849700928,1264.5562744140625,1,MWI,1997,IHS-I,GPWG,N,c,0,1,0,0,1997,0,1997.83
1.1257723569869995,1355.298828125,1,MWI,1997,IHS-I,GPWG,N,c,0,1,0,0,1997,0,1997.83
2.402204990386963,652.1289672851562,1,MWI,1997,IHS-I,GPWG,N,c,0,1,0,0,1997,0,1997.83
3.0138132572174072,695.3974609375,1,MWI,1997,IHS-I,GPWG,N,c,0,1,0,0,1997,0,1997.83
3.4567596912384033,689.8624877929688,1,MWI,1997,IHS-I,GPWG,N,c,0,1,0,0,1997,0,1997.83
1.4962762594223022,518.75,1,MWI,1997,IHS-I,GPWG,N,c,0,1,0,0,1997,0,1997.83
1.1089286804199219,810.915283203125,1,MWI,1997,IHS-I,GPWG,N,c,0,1,0,0,1997,0,1997.83
13.269937515258789,1180.11865234375,1,MWI,1997,IHS-I,GPWG,N,c,0,1,0,0,1997,0,1997.83
2.5293216705322266,1474.6162109375,1,MWI,1997,IHS-I,GPWG,N,c,0,1,0,0,1997,0,1997.83
1.7237788438796997,1304.2579345703125,1,MWI,1997,IHS-I,GPWG,N,c,0,1,0,0,1997,0,1997.83
0.947236955165863,1082.0050048828125,1,MWI,1997,IHS-I,GPWG,N,c,0,1,0,0,1997,0,1997.83
0.5575336813926697,631.9783935546875,1,MWI,1997,IHS-I,GPWG,N,c,0,1,0,0,1997,0,1997.83
4.787261009216309,210.65945434570312,1,MWI,1997,IHS-I,GPWG,N,c,0,1,0,0,1997,0,1997.83
3.0415596961975098,753.902099609375,1,MWI,1997,IHS-I,GPWG,N,c,0,1,0,0,1997,0,1997.83
1.5662405490875244,1256.50341796875,1,MWI,1997,IHS-I,GPWG,N,c,0,1,0,0,1997,0,1997.83
1.7618221044540405,580.860107421875,1,MWI,1997,IHS-I,GPWG,N,c,0,1,0,0,1997,0,1997.83
0.9975935220718384,631.9783935546875,1,MWI,1997,IHS-I,GPWG,N,c,0,1,0,0,1997,0,1997.83
2.2924554347991943,486.5491943359375,1,MWI,1997,IHS-I,GPWG,N,c,0,1,0,0,1997,0,1997.83
1.6544156074523926,843.0375366210938,1,MWI,1997,IHS-I,GPWG,N,c,0,1,0,0,1997,0,1997.83
2.2854907512664795,632.2781372070312,1,MWI,1997,IHS-I,GPWG,N,c,0,1,0,0,1997,0,1997.83
0.5272787809371948,580.860107421875,1,MWI,1997,IHS-I,GPWG,N,c,0,1,0,0,1997,0,1997.83
1.2457290887832642,1379.7249755859375,1,MWI,1997,IHS-I,GPWG,N,c,0,1,0,0,1997,0,1997.83
0.839211106300354,1814.3287353515625,1,MWI,1997,IHS-I,GPWG,N,c,0,1,0,0,1997,0,1997.83
9.009234428405762,210.75938415527344,1,MWI,1997,IHS-I,GPWG,N,c,0,1,0,0,1997,0,1997.83
2.2107741832733154,270.5012512207031,1,MWI,1997,IHS-I,GPWG,N,c,0,1,0,0,1997,0,1997.83
0.8636636734008789,1685.275634765625,1,MWI,1997,IHS-I,GPWG,N,c,0,1,0,0,1997,0,1997.83
2.0014874935150146,1521.63427734375,1,MWI,1997,IHS-I,GPWG,N,c,0,1,0,0,1997,0,1997.83
2.4132187366485596,479.14886474609375,1,MWI,1997,IHS-I,GPWG,N,c,0,1,0,0,1997,0,1997.83
0.7967209815979004,2949.232421875,1,MWI,1997,IHS-I,GPWG,N,c,0,1,0,0,1997,0,1997.83
0.9941467642784119,193.6200408935547,1,MWI,1997,IHS-I,GPWG,N,c,0,1,0,0,1997,0,1997.83
2.4546854496002197,357.0254211425781,1,MWI,1997,IHS-I,GPWG,N,c,0,1,0,0,1997,0,1997.83
1.2146239280700684,1956.386962890625,1,MWI,1997,IHS-I,GPWG,N,c,0,1,0,0,1997,0,1997.83
7.897606372833252,783.184814453125,1,MWI,1997,IHS-I,GPWG,N,c,0,1,0,0,1997,0,1997.83
1.1240768432617188,2317.991455078125,1,MWI,1997,IHS-I,GPWG,N,c,0,1,0,0,1997,0,1997.83
8.227812767028809,387.2400817871094,1,MWI,1997,IHS-I,GPWG,N,c,0,1,0,0,1997,0,1997.83
0.9185102581977844,421.31890869140625,1,MWI,1997,IHS-I,GPWG,N,c,0,1,0,0,1997,0,1997.83
2.990959644317627,229.95416259765625,1,MWI,1997,IHS-I,GPWG,N,c,0,1,0,0,1997,0,1997.83
1.2590516805648804,508.237060546875,1,MWI,1997,IHS-I,GPWG,N,c,0,1,0,0,1997,0,1997.83
2.10650634765625,1355.34033203125,1,MWI,1997,IHS-I,GPWG,N,c,0,1,0,0,1997,0,1997.83
1.849847674369812,1474.6162109375,1,MWI,1997,IHS-I,GPWG,N,c,0,1,0,0,1997,0,1997.83
1.6760648488998413,421.5187683105469,1,MWI,1997,IHS-I,GPWG,N,c,0,1,0,0,1997,0,1997.83
2.3764309883117676,445.8113098144531,1,MWI,1997,IHS-I,GPWG,N,c,0,1,0,0,1997,0,1997.83
1.0824968814849854,1475.315673828125,1,MWI,1997,IHS-I,GPWG,N,c,0,1,0,0,1997,0,1997.83
1.6915538311004639,1437.446533203125,1,MWI,1997,IHS-I,GPWG,N,c,0,1,0,0,1997,0,1997.83
4.790094375610352,1158.9957275390625,1,MWI,1997,IHS-I,GPWG,N,c,0,1,0,0,1997,0,1997.83
4.456677436828613,421.5187683105469,1,MWI,1997,IHS-I,GPWG,N,c,0,1,0,0,1997,0,1997.83
3.415645122528076,2010.405517578125,1,MWI,1997,IHS-I,GPWG,N,c,0,1,0,0,1997,0,1997.83
1.0163018703460693,1942.1162109375,1,MWI,1997,IHS-I,GPWG,N,c,0,1,0,0,1997,0,1997.83
2.0418124198913574,387.2400817871094,1,MWI,1997,IHS-I,GPWG,N,c,0,1,0,0,1997,0,1997.83
1.6601186990737915,1577.0999755859375,1,MWI,1997,IHS-I,GPWG,N,c,0,1,0,0,1997,0,1997.83
1.3709250688552856,1685.275634765625,1,MWI,1997,IHS-I,GPWG,N,c,0,1,0,0,1997,0,1997.83
1.1361968517303467,1474.6162109375,1,MWI,1997,IHS-I,GPWG,N,c,0,1,0,0,1997,0,1997.83
2.893953800201416,162.1830596923828,1,MWI,1997,IHS-I,GPWG,N,c,0,1,0,0,1997,0,1997.83
3.49185848236084,810.915283203125,1,MWI,1997,IHS-I,GPWG,N,c,0,1,0,0,1997,0,1997.83
1.725767970085144,508.237060546875,1,MWI,1997,IHS-I,GPWG,N,c,0,1,0,0,1997,0,1997.83
2.4809682369232178,338.82470703125,1,MWI,1997,IHS-I,GPWG,N,c,0,1,0,0,1997,0,1997.83
4.885167121887207,786.7457885742188,1,MWI,1997,IHS-I,GPWG,N,c,0,1,0,0,1997,0,1997.83
0.9340022802352905,847.061767578125,1,MWI,1997,IHS-I,GPWG,N,c,0,1,0,0,1997,0,1997.83
2.025350332260132,1053.796875,1,MWI,1997,IHS-I,GPWG,N,c,0,1,0,0,1997,0,1997.83
1.3626409769058228,750.7426147460938,1,MWI,1997,IHS-I,GPWG,N,c,0,1,0,0,1997,0,1997.83
2.627241849899292,297.52117919921875,1,MWI,1997,IHS-I,GPWG,N,c,0,1,0,0,1997,0,1997.83
8.971882820129395,1053.796875,1,MWI,1997,IHS-I,GPWG,N,c,0,1,0,0,1997,0,1997.83
4.634814262390137,938.4282836914062,1,MWI,1997,IHS-I,GPWG,N,c,0,1,0,0,1997,0,1997.83
0.9336740970611572,1185.886474609375,1,MWI,1997,IHS-I,GPWG,N,c,0,1,0,0,1997,0,1997.83
1.3338528871536255,595.0423583984375,1,MWI,1997,IHS-I,GPWG,N,c,0,1,0,0,1997,0,1997.83
2.6420373916625977,753.902099609375,1,MWI,1997,IHS-I,GPWG,N,c,0,1,0,0,1997,0,1997.83
1.0787081718444824,758.6937866210938,1,MWI,1997,IHS-I,GPWG,N,c,0,1,0,0,1997,0,1997.83
1.1985771656036377,518.379638671875,1,MWI,1997,IHS-I,GPWG,N,c,0,1,0,0,1997,0,1997.83
1.3753290176391602,1264.5562744140625,1,MWI,1997,IHS-I,GPWG,N,c,0,1,0,0,1997,0,1997.83
3.00044584274292,518.75,1,MWI,1997,IHS-I,GPWG,N,c,0,1,0,0,1997,0,1997.83
1.636352300643921,464.5052490234375,1,MWI,1997,IHS-I,GPWG,N,c,0,1,0,0,1997,0,1997.83
3.5377535820007324,1524.711181640625,1,MWI,1997,IHS-I,GPWG,N,c,0,1,0,0,1997,0,1997.83
19.89731788635254,296.79998779296875,1,MWI,1997,IHS-I,GPWG,N,c,0,1,0,0,1997,0,1997.83
8.183723449707031,590.059326171875,1,MWI,1997,IHS-I,GPWG,N,c,0,1,0,0,1997,0,1997.83
0.6687161326408386,632.2781372070312,1,MWI,1997,IHS-I,GPWG,N,c,0,1,0,0,1997,0,1997.83
0.8240047097206116,1082.0050048828125,1,MWI,1997,IHS-I,GPWG,N,c,0,1,0,0,1997,0,1997.83
9.134944915771484,416.5296630859375,1,MWI,1997,IHS-I,GPWG,N,c,0,1,0,0,1997,0,1997.83
0.9846277236938477,1694.12353515625,1,MWI,1997,IHS-I,GPWG,N,c,0,1,0,0,1997,0,1997.83
2.4275615215301514,1149.770751953125,1,MWI,1997,IHS-I,GPWG,N,c,0,1,0,0,1997,0,1997.83
2.6113243103027344,377.55316162109375,1,MWI,1997,IHS-I,GPWG,N,c,0,1,0,0,1997,0,1997.83
1.603559970855713,648.7322387695312,1,MWI,1997,IHS-I,GPWG,N,c,0,1,0,0,1997,0,1997.83
1.1324472427368164,1783.2452392578125,1,MWI,1997,IHS-I,GPWG,N,c,0,1,0,0,1997,0,1997.83
7.3877668380737305,178.51271057128906,1,MWI,1997,IHS-I,GPWG,N,c,0,1,0,0,1997,0,1997.83
2.5593807697296143,456.18182373046875,1,MWI,1997,IHS-I,GPWG,N,c,0,1,0,0,1997,0,1997.83
4.767344951629639,463.5982971191406,1,MWI,1997,IHS-I,GPWG,N,c,0,1,0,0,1997,0,1997.83
1.5720182657241821,508.237060546875,1,MWI,1997,IHS-I,GPWG,N,c,0,1,0,0,1997,0,1997.83
0.9880936741828918,1685.275634765625,1,MWI,1997,IHS-I,GPWG,N,c,0,1,0,0,1997,0,1997.83
2.6051206588745117,843.0375366210938,1,MWI,1997,IHS-I,GPWG,N,c,0,1,0,0,1997,0,1997.83
6.0677385330200195,528.574462890625,1,MWI,1997,IHS-I,GPWG,N,c,0,1,0,0,1997,0,1997.83
0.3017418384552002,1474.6162109375,1,MWI,1997,IHS-I,GPWG,N,c,0,1,0,0,1997,0,1997.83
4.810116767883301,983.4322509765625,1,MWI,1997,IHS-I,GPWG,N,c,0,1,0,0,1997,0,1997.83
1.074408769607544,1355.34033203125,1,MWI,1997,IHS-I,GPWG,N,c,0,1,0,0,1997,0,1997.83
1.872017741203308,541.0025024414062,1,MWI,1997,IHS-I,GPWG,N,c,0,1,0,0,1997,0,1997.83
1.2261098623275757,1971.375,1,MWI,1997,IHS-I,GPWG,N,c,0,1,0,0,1997,0,1997.83
1.6101515293121338,695.3974609375,1,MWI,1997,IHS-I,GPWG,N,c,0,1,0,0,1997,0,1997.83
1.3158453702926636,843.0375366210938,1,MWI,1997,IHS-I,GPWG,N,c,0,1,0,0,1997,0,1997.83
2.005614757537842,169.412353515625,1,MWI,1997,IHS-I,GPWG,N,c,0,1,0,0,1997,0,1997.83
3.6449384689331055,228.09091186523438,1,MWI,1997,IHS-I,GPWG,N,c,0,1,0,0,1997,0,1997.83
1.7269513607025146,606.9550170898438,1,MWI,1997,IHS-I,GPWG,N,c,0,1,0,0,1997,0,1997.83
1.6489856243133545,891.6226196289062,1,MWI,1997,IHS-I,GPWG,N,c,0,1,0,0,1997,0,1997.83
8.755139350891113,421.5187683105469,1,MWI,1997,IHS-I,GPWG,N,c,0,1,0,0,1997,0,1997.83
2.458057165145874,1053.2972412109375,1,MWI,1997,IHS-I,GPWG,N,c,0,1,0,0,1997,0,1997.83
2.242863178253174,303.4775085449219,1,MWI,1997,IHS-I,GPWG,N,c,0,1,0,0,1997,0,1997.83
2.631416082382202,502.14227294921875,1,MWI,1997,IHS-I,GPWG,N,c,0,1,0,0,1997,0,1997.83
5.143118858337402,148.39999389648438,1,MWI,1997,IHS-I,GPWG,N,c,0,1,0,0,1997,0,1997.83
2.905602216720581,387.2400817871094,1,MWI,1997,IHS-I,GPWG,N,c,0,1,0,0,1997,0,1997.83
0.8206321001052856,811.5037841796875,1,MWI,1997,IHS-I,GPWG,N,c,0,1,0,0,1997,0,1997.83
1.2707090377807617,696.7578735351562,1,MWI,1997,IHS-I,GPWG,N,c,0,1,0,0,1997,0,1997.83
0.9972124099731445,541.0025024414062,1,MWI,1997,IHS-I,GPWG,N,c,0,1,0,0,1997,0,1997.83
1.2820439338684082,1352.5062255859375,1,MWI,1997,IHS-I,GPWG,N,c,0,1,0,0,1997,0,1997.83
1.5783343315124512,810.915283203125,1,MWI,1997,IHS-I,GPWG,N,c,0,1,0,0,1997,0,1997.83
1.1118195056915283,1158.9957275390625,1,MWI,1997,IHS-I,GPWG,N,c,0,1,0,0,1997,0,1997.83
1.2396515607833862,1556.25,1,MWI,1997,IHS-I,GPWG,N,c,0,1,0,0,1997,0,1997.83
1.5230062007904053,1037.5,1,MWI,1997,IHS-I,GPWG,N,c,0,1,0,0,1997,0,1997.83
1.9391305446624756,1757.4979248046875,1,MWI,1997,IHS-I,GPWG,N,c,0,1,0,0,1997,0,1997.83
2.2252228260040283,1053.796875,1,MWI,1997,IHS-I,GPWG,N,c,0,1,0,0,1997,0,1997.83
4.567388534545898,302.04254150390625,1,MWI,1997,IHS-I,GPWG,N,c,0,1,0,0,1997,0,1997.83
3.614895820617676,151.73875427246094,1,MWI,1997,IHS-I,GPWG,N,c,0,1,0,0,1997,0,1997.83
1.458559513092041,1005.2027587890625,1,MWI,1997,IHS-I,GPWG,N,c,0,1,0,0,1997,0,1997.83
4.999880790710449,187.68565368652344,1,MWI,1997,IHS-I,GPWG,N,c,0,1,0,0,1997,0,1997.83
1.6796644926071167,232.25262451171875,1,MWI,1997,IHS-I,GPWG,N,c,0,1,0,0,1997,0,1997.83
3.0499632358551025,1827.4312744140625,1,MWI,1997,IHS-I,GPWG,N,c,0,1,0,0,1997,0,1997.83
0.8867055177688599,348.3789367675781,1,MWI,1997,IHS-I,GPWG,N,c,0,1,0,0,1997,0,1997.83
0.9545897245407104,1757.4979248046875,1,MWI,1997,IHS-I,GPWG,N,c,0,1,0,0,1997,0,1997.83
1.1634125709533691,1053.2972412109375,1,MWI,1997,IHS-I,GPWG,N,c,0,1,0,0,1997,0,1997.83
1.1161468029022217,810.915283203125,1,MWI,1997,IHS-I,GPWG,N,c,0,1,0,0,1997,0,1997.83
3.1895902156829834,387.2400817871094,1,MWI,1997,IHS-I,GPWG,N,c,0,1,0,0,1997,0,1997.83
4.722512722015381,2874.89306640625,1,MWI,1997,IHS-I,GPWG,N,c,0,1,0,0,1997,0,1997.83
1.522773265838623,1082.0050048828125,1,MWI,1997,IHS-I,GPWG,N,c,0,1,0,0,1997,0,1997.83
1.6336792707443237,632.2781372070312,1,MWI,1997,IHS-I,GPWG,N,c,0,1,0,0,1997,0,1997.83
0.9536093473434448,348.3789367675781,1,MWI,1997,IHS-I,GPWG,N,c,0,1,0,0,1997,0,1997.83
1.2692005634307861,541.0025024414062,1,MWI,1997,IHS-I,GPWG,N,c,0,1,0,0,1997,0,1997.83
2.710861921310425,2086.1923828125,1,MWI,1997,IHS-I,GPWG,N,c,0,1,0,0,1997,0,1997.83
5.073970317840576,1053.2972412109375,1,MWI,1997,IHS-I,GPWG,N,c,0,1,0,0,1997,0,1997.83
3.2481911182403564,297.74896240234375,1,MWI,1997,IHS-I,GPWG,N,c,0,1,0,0,1997,0,1997.83
2.385972499847412,631.9783935546875,1,MWI,1997,IHS-I,GPWG,N,c,0,1,0,0,1997,0,1997.83
0.9449114799499512,847.061767578125,1,MWI,1997,IHS-I,GPWG,N,c,0,1,0,0,1997,0,1997.83
5.648486614227295,783.184814453125,1,MWI,1997,IHS-I,GPWG,N,c,0,1,0,0,1997,0,1997.83
1.075920581817627,1304.2579345703125,1,MWI,1997,IHS-I,GPWG,N,c,0,1,0,0,1997,0,1997.83
1.4594355821609497,2365.64990234375,1,MWI,1997,IHS-I,GPWG,N,c,0,1,0,0,1997,0,1997.83
2.922285795211792,652.1289672851562,1,MWI,1997,IHS-I,GPWG,N,c,0,1,0,0,1997,0,1997.83
2.2671453952789307,2107.59375,1,MWI,1997,IHS-I,GPWG,N,c,0,1,0,0,1997,0,1997.83
1.3475086688995361,952.0678100585938,1,MWI,1997,IHS-I,GPWG,N,c,0,1,0,0,1997,0,1997.83
2.492624521255493,1521.63427734375,1,MWI,1997,IHS-I,GPWG,N,c,0,1,0,0,1997,0,1997.83
7.9922332763671875,786.7457885742188,1,MWI,1997,IHS-I,GPWG,N,c,0,1,0,0,1997,0,1997.83
8.791547775268555,59.50423812866211,1,MWI,1997,IHS-I,GPWG,N,c,0,1,0,0,1997,0,1997.83
1.7621620893478394,869.5053100585938,1,MWI,1997,IHS-I,GPWG,N,c,0,1,0,0,1997,0,1997.83
1.455930233001709,811.5037841796875,1,MWI,1997,IHS-I,GPWG,N,c,0,1,0,0,1997,0,1997.83
3.288928747177124,476.0339050292969,1,MWI,1997,IHS-I,GPWG,N,c,0,1,0,0,1997,0,1997.83
0.8377881050109863,1355.34033203125,1,MWI,1997,IHS-I,GPWG,N,c,0,1,0,0,1997,0,1997.83
2.5539140701293945,518.75,1,MWI,1997,IHS-I,GPWG,N,c,0,1,0,0,1997,0,1997.83
8.205181121826172,786.7457885742188,1,MWI,1997,IHS-I,GPWG,N,c,0,1,0,0,1997,0,1997.83
0.6424601674079895,812.8841552734375,1,MWI,1997,IHS-I,GPWG,N,c,0,1,0,0,1997,0,1997.83
8.242488861083984,502.14227294921875,1,MWI,1997,IHS-I,GPWG,N,c,0,1,0,0,1997,0,1997.83
1.8387821912765503,1126.1138916015625,1,MWI,1997,IHS-I,GPWG,N,c,0,1,0,0,1997,0,1997.83
1.541482925415039,2874.89306640625,1,MWI,1997,IHS-I,GPWG,N,c,0,1,0,0,1997,0,1997.83
2.241663694381714,297.74896240234375,1,MWI,1997,IHS-I,GPWG,N,c,0,1,0,0,1997,0,1997.83
1.9958196878433228,1770.177978515625,1,MWI,1997,IHS-I,GPWG,N,c,0,1,0,0,1997,0,1997.83
3.744445562362671,1304.2579345703125,1,MWI,1997,IHS-I,GPWG,N,c,0,1,0,0,1997,0,1997.83
2.023542881011963,151.73875427246094,1,MWI,1997,IHS-I,GPWG,N,c,0,1,0,0,1997,0,1997.83
3.2044873237609863,162.1830596923828,1,MWI,1997,IHS-I,GPWG,N,c,0,1,0,0,1997,0,1997.83
2.716679811477661,983.4322509765625,1,MWI,1997,IHS-I,GPWG,N,c,0,1,0,0,1997,0,1997.83
1.4743263721466064,1255.355712890625,1,MWI,1997,IHS-I,GPWG,N,c,0,1,0,0,1997,0,1997.83
4.301969528198242,632.2781372070312,1,MWI,1997,IHS-I,GPWG,N,c,0,1,0,0,1997,0,1997.83
1.6618447303771973,1497.7740478515625,1,MWI,1997,IHS-I,GPWG,N,c,0,1,0,0,1997,0,1997.83
10.86484432220459,393.3728942871094,1,MWI,1997,IHS-I,GPWG,N,c,0,1,0,0,1997,0,1997.83
1.3112735748291016,1759.1048583984375,1,MWI,1997,IHS-I,GPWG,N,c,0,1,0,0,1997,0,1997.83
7.9388532638549805,393.3728942871094,1,MWI,1997,IHS-I,GPWG,N,c,0,1,0,0,1997,0,1997.83
2.4599225521087646,434.7526550292969,1,MWI,1997,IHS-I,GPWG,N,c,0,1,0,0,1997,0,1997.83
3.8008956909179688,231.7991485595703,1,MWI,1997,IHS-I,GPWG,N,c,0,1,0,0,1997,0,1997.83
3.6804983615875244,338.82470703125,1,MWI,1997,IHS-I,GPWG,N,c,0,1,0,0,1997,0,1997.83
5.832169055938721,297.74896240234375,1,MWI,1997,IHS-I,GPWG,N,c,0,1,0,0,1997,0,1997.83
2.4734513759613037,1376.80517578125,1,MWI,1997,IHS-I,GPWG,N,c,0,1,0,0,1997,0,1997.83
1.6516516208648682,632.2781372070312,1,MWI,1997,IHS-I,GPWG,N,c,0,1,0,0,1997,0,1997.83
2.227759838104248,606.9550170898438,1,MWI,1997,IHS-I,GPWG,N,c,0,1,0,0,1997,0,1997.83
8.05616569519043,1839.63330078125,1,MWI,1997,IHS-I,GPWG,N,c,0,1,0,0,1997,0,1997.83
12.438087463378906,783.184814453125,1,MWI,1997,IHS-I,GPWG,N,c,0,1,0,0,1997,0,1997.83
24.834232330322266,178.51271057128906,1,MWI,1997,IHS-I,GPWG,N,c,0,1,0,0,1997,0,1997.83
3.0028319358825684,193.6200408935547,1,MWI,1997,IHS-I,GPWG,N,c,0,1,0,0,1997,0,1997.83
1.6789708137512207,668.7169799804688,1,MWI,1997,IHS-I,GPWG,N,c,0,1,0,0,1997,0,1997.83
2.8702104091644287,843.0375366210938,1,MWI,1997,IHS-I,GPWG,N,c,0,1,0,0,1997,0,1997.83
3.7492363452911377,1264.5562744140625,1,MWI,1997,IHS-I,GPWG,N,c,0,1,0,0,1997,0,1997.83
3.9709203243255615,938.4282836914062,1,MWI,1997,IHS-I,GPWG,N,c,0,1,0,0,1997,0,1997.83
2.195363998413086,695.3974609375,1,MWI,1997,IHS-I,GPWG,N,c,0,1,0,0,1997,0,1997.83
3.6850838661193848,580.860107421875,1,MWI,1997,IHS-I,GPWG,N,c,0,1,0,0,1997,0,1997.83
0.16178005933761597,1475.315673828125,1,MWI,1997,IHS-I,GPWG,N,c,0,1,0,0,1997,0,1997.83
0.4296833872795105,464.5052490234375,1,MWI,1997,IHS-I,GPWG,N,c,0,1,0,0,1997,0,1997.83
1.8817194700241089,162.1830596923828,1,MWI,1997,IHS-I,GPWG,N,c,0,1,0,0,1997,0,1997.83
3.917891263961792,810.915283203125,1,MWI,1997,IHS-I,GPWG,N,c,0,1,0,0,1997,0,1997.83
3.9521687030792236,226.5319061279297,1,MWI,1997,IHS-I,GPWG,N,c,0,1,0,0,1997,0,1997.83
4.1912970542907715,169.412353515625,1,MWI,1997,IHS-I,GPWG,N,c,0,1,0,0,1997,0,1997.83
1.2034624814987183,1475.315673828125,1,MWI,1997,IHS-I,GPWG,N,c,0,1,0,0,1997,0,1997.83
4.6665940284729,228.09091186523438,1,MWI,1997,IHS-I,GPWG,N,c,0,1,0,0,1997,0,1997.83
1.02402925491333,847.061767578125,1,MWI,1997,IHS-I,GPWG,N,c,0,1,0,0,1997,0,1997.83
3.2864747047424316,421.5187683105469,1,MWI,1997,IHS-I,GPWG,N,c,0,1,0,0,1997,0,1997.83
1.5413808822631836,1053.2972412109375,1,MWI,1997,IHS-I,GPWG,N,c,0,1,0,0,1997,0,1997.83
2.2012264728546143,226.5319061279297,1,MWI,1997,IHS-I,GPWG,N,c,0,1,0,0,1997,0,1997.83
3.0137102603912354,374.4435119628906,1,MWI,1997,IHS-I,GPWG,N,c,0,1,0,0,1997,0,1997.83
2.200991630554199,753.902099609375,1,MWI,1997,IHS-I,GPWG,N,c,0,1,0,0,1997,0,1997.83
4.936200141906738,486.5491943359375,1,MWI,1997,IHS-I,GPWG,N,c,0,1,0,0,1997,0,1997.83
9.33800220489502,251.07113647460938,1,MWI,1997,IHS-I,GPWG,N,c,0,1,0,0,1997,0,1997.83
1.4029736518859863,1037.5,1,MWI,1997,IHS-I,GPWG,N,c,0,1,0,0,1997,0,1997.83
3.463459014892578,222.90565490722656,1,MWI,1997,IHS-I,GPWG,N,c,0,1,0,0,1997,0,1997.83
9.283370018005371,783.184814453125,1,MWI,1997,IHS-I,GPWG,N,c,0,1,0,0,1997,0,1997.83
1.1054484844207764,1264.5562744140625,1,MWI,1997,IHS-I,GPWG,N,c,0,1,0,0,1997,0,1997.83
8.31432056427002,387.2400817871094,1,MWI,1997,IHS-I,GPWG,N,c,0,1,0,0,1997,0,1997.83
4.094375133514404,162.1830596923828,1,MWI,1997,IHS-I,GPWG,N,c,0,1,0,0,1997,0,1997.83
1.8804943561553955,748.8870239257812,1,MWI,1997,IHS-I,GPWG,N,c,0,1,0,0,1997,0,1997.83
2.278883457183838,1135.2813720703125,1,MWI,1997,IHS-I,GPWG,N,c,0,1,0,0,1997,0,1997.83
2.323251724243164,1956.386962890625,1,MWI,1997,IHS-I,GPWG,N,c,0,1,0,0,1997,0,1997.83
0.9221115708351135,1016.47412109375,1,MWI,1997,IHS-I,GPWG,N,c,0,1,0,0,1997,0,1997.83
1.232741355895996,1757.4979248046875,1,MWI,1997,IHS-I,GPWG,N,c,0,1,0,0,1997,0,1997.83
0.9245217442512512,758.6937866210938,1,MWI,1997,IHS-I,GPWG,N,c,0,1,0,0,1997,0,1997.83
0.9111238718032837,2395.744384765625,1,MWI,1997,IHS-I,GPWG,N,c,0,1,0,0,1997,0,1997.83
7.668679237365723,783.184814453125,1,MWI,1997,IHS-I,GPWG,N,c,0,1,0,0,1997,0,1997.83
1.8417810201644897,847.061767578125,1,MWI,1997,IHS-I,GPWG,N,c,0,1,0,0,1997,0,1997.83
2.831150531768799,1475.315673828125,1,MWI,1997,IHS-I,GPWG,N,c,0,1,0,0,1997,0,1997.83
1.3050018548965454,1783.2452392578125,1,MWI,1997,IHS-I,GPWG,N,c,0,1,0,0,1997,0,1997.83
124.37432098388672,983.4322509765625,1,MWI,1997,IHS-I,GPWG,N,c,0,1,0,0,1997,0,1997.83
6.137538909912109,393.3728942871094,1,MWI,1997,IHS-I,GPWG,N,c,0,1,0,0,1997,0,1997.83
1.6093482971191406,1140.45458984375,1,MWI,1997,IHS-I,GPWG,N,c,0,1,0,0,1997,0,1997.83
4.332467079162598,2706.0,1,MWI,1997,IHS-I,GPWG,N,c,0,1,0,0,1997,0,1997.83
1.8409335613250732,116.12631225585938,1,MWI,1997,IHS-I,GPWG,N,c,0,1,0,0,1997,0,1997.83
11.420072555541992,75.51063537597656,1,MWI,1997,IHS-I,GPWG,N,c,0,1,0,0,1997,0,1997.83
3.7819643020629883,1521.63427734375,1,MWI,1997,IHS-I,GPWG,N,c,0,1,0,0,1997,0,1997.83
5.674890995025635,786.7457885742188,1,MWI,1997,IHS-I,GPWG,N,c,0,1,0,0,1997,0,1997.83
1.3400256633758545,1475.315673828125,1,MWI,1997,IHS-I,GPWG,N,c,0,1,0,0,1997,0,1997.83
1.5732024908065796,338.82470703125,1,MWI,1997,IHS-I,GPWG,N,c,0,1,0,0,1997,0,1997.83
10.644330024719238,393.3728942871094,1,MWI,1997,IHS-I,GPWG,N,c,0,1,0,0,1997,0,1997.83
7.06715726852417,590.059326171875,1,MWI,1997,IHS-I,GPWG,N,c,0,1,0,0,1997,0,1997.83
1.864518404006958,348.3789367675781,1,MWI,1997,IHS-I,GPWG,N,c,0,1,0,0,1997,0,1997.83
2.8034470081329346,303.4775085449219,1,MWI,1997,IHS-I,GPWG,N,c,0,1,0,0,1997,0,1997.83
0.3531460464000702,1623.007568359375,1,MWI,1997,IHS-I,GPWG,N,c,0,1,0,0,1997,0,1997.83
2.002495288848877,455.21624755859375,1,MWI,1997,IHS-I,GPWG,N,c,0,1,0,0,1997,0,1997.83
1.7252053022384644,891.6226196289062,1,MWI,1997,IHS-I,GPWG,N,c,0,1,0,0,1997,0,1997.83
2.7798984050750732,486.5491943359375,1,MWI,1997,IHS-I,GPWG,N,c,0,1,0,0,1997,0,1997.83
3.1861960887908936,742.0,1,MWI,1997,IHS-I,GPWG,N,c,0,1,0,0,1997,0,1997.83
1.9225070476531982,1379.7249755859375,1,MWI,1997,IHS-I,GPWG,N,c,0,1,0,0,1997,0,1997.83
5.546201705932617,1086.881591796875,1,MWI,1997,IHS-I,GPWG,N,c,0,1,0,0,1997,0,1997.83
3.047468662261963,631.9783935546875,1,MWI,1997,IHS-I,GPWG,N,c,0,1,0,0,1997,0,1997.83
22.14446258544922,522.1232299804688,1,MWI,1997,IHS-I,GPWG,N,c,0,1,0,0,1997,0,1997.83
1.551550030708313,695.3974609375,1,MWI,1997,IHS-I,GPWG,N,c,0,1,0,0,1997,0,1997.83
1.2545536756515503,929.010498046875,1,MWI,1997,IHS-I,GPWG,N,c,0,1,0,0,1997,0,1997.83
1.6533074378967285,843.0375366210938,1,MWI,1997,IHS-I,GPWG,N,c,0,1,0,0,1997,0,1997.83
19.093952178955078,75.51063537597656,1,MWI,1997,IHS-I,GPWG,N,c,0,1,0,0,1997,0,1997.83
2.6652612686157227,606.9550170898438,1,MWI,1997,IHS-I,GPWG,N,c,0,1,0,0,1997,0,1997.83
1.4695030450820923,1005.2027587890625,1,MWI,1997,IHS-I,GPWG,N,c,0,1,0,0,1997,0,1997.83
14.68138313293457,196.6864471435547,1,MWI,1997,IHS-I,GPWG,N,c,0,1,0,0,1997,0,1997.83
2.4800658226013184,1475.315673828125,1,MWI,1997,IHS-I,GPWG,N,c,0,1,0,0,1997,0,1997.83
2.729435682296753,869.5053100585938,1,MWI,1997,IHS-I,GPWG,N,c,0,1,0,0,1997,0,1997.83
1.9622045755386353,357.0254211425781,1,MWI,1997,IHS-I,GPWG,N,c,0,1,0,0,1997,0,1997.83
6.958460330963135,631.9783935546875,1,MWI,1997,IHS-I,GPWG,N,c,0,1,0,0,1997,0,1997.83
1.4595777988433838,632.2781372070312,1,MWI,1997,IHS-I,GPWG,N,c,0,1,0,0,1997,0,1997.83
5.152902603149414,590.059326171875,1,MWI,1997,IHS-I,GPWG,N,c,0,1,0,0,1997,0,1997.83
1.4566782712936401,1553.6929931640625,1,MWI,1997,IHS-I,GPWG,N,c,0,1,0,0,1997,0,1997.83
4.400355815887451,632.2781372070312,1,MWI,1997,IHS-I,GPWG,N,c,0,1,0,0,1997,0,1997.83
1.2475197315216064,508.237060546875,1,MWI,1997,IHS-I,GPWG,N,c,0,1,0,0,1997,0,1997.83
2.5757877826690674,811.5037841796875,1,MWI,1997,IHS-I,GPWG,N,c,0,1,0,0,1997,0,1997.83
14.67855167388916,3110.27783203125,1,MWI,1997,IHS-I,GPWG,N,c,0,1,0,0,1997,0,1997.83
2.045579671859741,631.9783935546875,1,MWI,1997,IHS-I,GPWG,N,c,0,1,0,0,1997,0,1997.83
1.8184545040130615,1622.593994140625,1,MWI,1997,IHS-I,GPWG,N,c,0,1,0,0,1997,0,1997.83
2.5115511417388916,210.75938415527344,1,MWI,1997,IHS-I,GPWG,N,c,0,1,0,0,1997,0,1997.83
3.521364212036133,1044.2464599609375,1,MWI,1997,IHS-I,GPWG,N,c,0,1,0,0,1997,0,1997.83
0.7315636873245239,1517.3875732421875,1,MWI,1997,IHS-I,GPWG,N,c,0,1,0,0,1997,0,1997.83
3.418534278869629,455.21624755859375,1,MWI,1997,IHS-I,GPWG,N,c,0,1,0,0,1997,0,1997.83
3.581698179244995,1304.2579345703125,1,MWI,1997,IHS-I,GPWG,N,c,0,1,0,0,1997,0,1997.83
1.475786805152893,3354.0419921875,1,MWI,1997,IHS-I,GPWG,N,c,0,1,0,0,1997,0,1997.83
1.3986146450042725,1263.956787109375,1,MWI,1997,IHS-I,GPWG,N,c,0,1,0,0,1997,0,1997.83
1.1390851736068726,1263.956787109375,1,MWI,1997,IHS-I,GPWG,N,c,0,1,0,0,1997,0,1997.83
2.5514702796936035,502.60137939453125,1,MWI,1997,IHS-I,GPWG,N,c,0,1,0,0,1997,0,1997.83
1.7363749742507935,632.2781372070312,1,MWI,1997,IHS-I,GPWG,N,c,0,1,0,0,1997,0,1997.83
4.581705093383789,810.915283203125,1,MWI,1997,IHS-I,GPWG,N,c,0,1,0,0,1997,0,1997.83
4.896794319152832,590.059326171875,1,MWI,1997,IHS-I,GPWG,N,c,0,1,0,0,1997,0,1997.83
3.653486728668213,2276.081298828125,1,MWI,1997,IHS-I,GPWG,N,c,0,1,0,0,1997,0,1997.83
1.0138227939605713,1161.72021484375,1,MWI,1997,IHS-I,GPWG,N,c,0,1,0,0,1997,0,1997.83
1.3704578876495361,758.6937866210938,1,MWI,1997,IHS-I,GPWG,N,c,0,1,0,0,1997,0,1997.83
2.731907844543457,958.2977294921875,1,MWI,1997,IHS-I,GPWG,N,c,0,1,0,0,1997,0,1997.83
2.0090420246124268,518.75,1,MWI,1997,IHS-I,GPWG,N,c,0,1,0,0,1997,0,1997.83
4.64096736907959,776.8464965820312,1,MWI,1997,IHS-I,GPWG,N,c,0,1,0,0,1997,0,1997.83
23.726184844970703,522.1232299804688,1,MWI,1997,IHS-I,GPWG,N,c,0,1,0,0,1997,0,1997.83
1.9501501321792603,973.098388671875,1,MWI,1997,IHS-I,GPWG,N,c,0,1,0,0,1997,0,1997.83
0.8471716642379761,374.4435119628906,1,MWI,1997,IHS-I,GPWG,N,c,0,1,0,0,1997,0,1997.83
2.573438882827759,463.5982971191406,1,MWI,1997,IHS-I,GPWG,N,c,0,1,0,0,1997,0,1997.83
1.2654192447662354,750.7426147460938,1,MWI,1997,IHS-I,GPWG,N,c,0,1,0,0,1997,0,1997.83
8.710623741149902,196.6864471435547,1,MWI,1997,IHS-I,GPWG,N,c,0,1,0,0,1997,0,1997.83
1.6441863775253296,1759.1048583984375,1,MWI,1997,IHS-I,GPWG,N,c,0,1,0,0,1997,0,1997.83
3.247422933578491,162.1830596923828,1,MWI,1997,IHS-I,GPWG,N,c,0,1,0,0,1997,0,1997.83
1.5610220432281494,338.82470703125,1,MWI,1997,IHS-I,GPWG,N,c,0,1,0,0,1997,0,1997.83
8.59128189086914,464.5052490234375,1,MWI,1997,IHS-I,GPWG,N,c,0,1,0,0,1997,0,1997.83
3.7022063732147217,890.3999633789062,1,MWI,1997,IHS-I,GPWG,N,c,0,1,0,0,1997,0,1997.83
2.5372402667999268,1390.794921875,1,MWI,1997,IHS-I,GPWG,N,c,0,1,0,0,1997,0,1997.83
9.667594909667969,2738.572998046875,1,MWI,1997,IHS-I,GPWG,N,c,0,1,0,0,1997,0,1997.83
1.4676451683044434,421.31890869140625,1,MWI,1997,IHS-I,GPWG,N,c,0,1,0,0,1997,0,1997.83
2.549346923828125,753.902099609375,1,MWI,1997,IHS-I,GPWG,N,c,0,1,0,0,1997,0,1997.83
6.091278553009033,324.3661193847656,1,MWI,1997,IHS-I,GPWG,N,c,0,1,0,0,1997,0,1997.83
3.72607684135437,151.02127075195312,1,MWI,1997,IHS-I,GPWG,N,c,0,1,0,0,1997,0,1997.83
2.8366498947143555,778.125,1,MWI,1997,IHS-I,GPWG,N,c,0,1,0,0,1997,0,1997.83
61.7735595703125,522.1232299804688,1,MWI,1997,IHS-I,GPWG,N,c,0,1,0,0,1997,0,1997.83
2.232692241668701,456.18182373046875,1,MWI,1997,IHS-I,GPWG,N,c,0,1,0,0,1997,0,1997.83
4.816810607910156,1305.30810546875,1,MWI,1997,IHS-I,GPWG,N,c,0,1,0,0,1997,0,1997.83
1.8892945051193237,1437.446533203125,1,MWI,1997,IHS-I,GPWG,N,c,0,1,0,0,1997,0,1997.83
4.241264820098877,116.12631225585938,1,MWI,1997,IHS-I,GPWG,N,c,0,1,0,0,1997,0,1997.83
1.7392131090164185,1379.7249755859375,1,MWI,1997,IHS-I,GPWG,N,c,0,1,0,0,1997,0,1997.83
0.6215881705284119,843.0375366210938,1,MWI,1997,IHS-I,GPWG,N,c,0,1,0,0,1997,0,1997.83
3.3014309406280518,388.4232482910156,1,MWI,1997,IHS-I,GPWG,N,c,0,1,0,0,1997,0,1997.83
1.70811128616333,842.6378173828125,1,MWI,1997,IHS-I,GPWG,N,c,0,1,0,0,1997,0,1997.83
4.742347717285156,788.5499877929688,1,MWI,1997,IHS-I,GPWG,N,c,0,1,0,0,1997,0,1997.83
0.8827584385871887,1507.80419921875,1,MWI,1997,IHS-I,GPWG,N,c,0,1,0,0,1997,0,1997.83
9.258079528808594,786.7457885742188,1,MWI,1997,IHS-I,GPWG,N,c,0,1,0,0,1997,0,1997.83
2.210367202758789,811.5037841796875,1,MWI,1997,IHS-I,GPWG,N,c,0,1,0,0,1997,0,1997.83
3.648301839828491,927.1965942382812,1,MWI,1997,IHS-I,GPWG,N,c,0,1,0,0,1997,0,1997.83
8.06443977355957,148.87448120117188,1,MWI,1997,IHS-I,GPWG,N,c,0,1,0,0,1997,0,1997.83
2.413222312927246,377.55316162109375,1,MWI,1997,IHS-I,GPWG,N,c,0,1,0,0,1997,0,1997.83
1.6035712957382202,387.2400817871094,1,MWI,1997,IHS-I,GPWG,N,c,0,1,0,0,1997,0,1997.83
4.751780033111572,590.059326171875,1,MWI,1997,IHS-I,GPWG,N,c,0,1,0,0,1997,0,1997.83
1.429951786994934,387.2400817871094,1,MWI,1997,IHS-I,GPWG,N,c,0,1,0,0,1997,0,1997.83
4.680886745452881,938.4282836914062,1,MWI,1997,IHS-I,GPWG,N,c,0,1,0,0,1997,0,1997.83
11.1630220413208,196.6864471435547,1,MWI,1997,IHS-I,GPWG,N,c,0,1,0,0,1997,0,1997.83
2.1743788719177246,1854.3931884765625,1,MWI,1997,IHS-I,GPWG,N,c,0,1,0,0,1997,0,1997.83
1.3810385465621948,1548.9603271484375,1,MWI,1997,IHS-I,GPWG,N,c,0,1,0,0,1997,0,1997.83
4.90800142288208,226.5319061279297,1,MWI,1997,IHS-I,GPWG,N,c,0,1,0,0,1997,0,1997.83
3.7130138874053955,296.79998779296875,1,MWI,1997,IHS-I,GPWG,N,c,0,1,0,0,1997,0,1997.83
0.9218958616256714,774.4801635742188,1,MWI,1997,IHS-I,GPWG,N,c,0,1,0,0,1997,0,1997.83
1.5396599769592285,1916.595458984375,1,MWI,1997,IHS-I,GPWG,N,c,0,1,0,0,1997,0,1997.83
0.45365387201309204,696.7578735351562,1,MWI,1997,IHS-I,GPWG,N,c,0,1,0,0,1997,0,1997.83
1.8774135112762451,632.2781372070312,1,MWI,1997,IHS-I,GPWG,N,c,0,1,0,0,1997,0,1997.83
1.2197149991989136,652.1289672851562,1,MWI,1997,IHS-I,GPWG,N,c,0,1,0,0,1997,0,1997.83
3.5293569564819336,324.3661193847656,1,MWI,1997,IHS-I,GPWG,N,c,0,1,0,0,1997,0,1997.83
0.39239951968193054,968.1002197265625,1,MWI,1997,IHS-I,GPWG,N,c,0,1,0,0,1997,0,1997.83
11.26557731628418,393.3728942871094,1,MWI,1997,IHS-I,GPWG,N,c,0,1,0,0,1997,0,1997.83
0.9256029725074768,696.7578735351562,1,MWI,1997,IHS-I,GPWG,N,c,0,1,0,0,1997,0,1997.83
2.5247104167938232,563.0569458007812,1,MWI,1997,IHS-I,GPWG,N,c,0,1,0,0,1997,0,1997.83
2.6088385581970215,778.125,1,MWI,1997,IHS-I,GPWG,N,c,0,1,0,0,1997,0,1997.83
1.0955199003219604,774.4801635742188,1,MWI,1997,IHS-I,GPWG,N,c,0,1,0,0,1997,0,1997.83
1.9156577587127686,1437.446533203125,1,MWI,1997,IHS-I,GPWG,N,c,0,1,0,0,1997,0,1997.83
2.5923502445220947,776.8464965820312,1,MWI,1997,IHS-I,GPWG,N,c,0,1,0,0,1997,0,1997.83
11.607744216918945,2874.89306640625,1,MWI,1997,IHS-I,GPWG,N,c,0,1,0,0,1997,0,1997.83
1.5562760829925537,1158.9957275390625,1,MWI,1997,IHS-I,GPWG,N,c,0,1,0,0,1997,0,1997.83
1.9554170370101929,668.7169799804688,1,MWI,1997,IHS-I,GPWG,N,c,0,1,0,0,1997,0,1997.83
6.976129531860352,1305.30810546875,1,MWI,1997,IHS-I,GPWG,N,c,0,1,0,0,1997,0,1997.83
1.228475570678711,1263.956787109375,1,MWI,1997,IHS-I,GPWG,N,c,0,1,0,0,1997,0,1997.83
1.2417324781417847,151.73875427246094,1,MWI,1997,IHS-I,GPWG,N,c,0,1,0,0,1997,0,1997.83
0.4668118357658386,580.631591796875,1,MWI,1997,IHS-I,GPWG,N,c,0,1,0,0,1997,0,1997.83
9.782113075256348,1390.794921875,1,MWI,1997,IHS-I,GPWG,N,c,0,1,0,0,1997,0,1997.83
1.7296568155288696,750.7426147460938,1,MWI,1997,IHS-I,GPWG,N,c,0,1,0,0,1997,0,1997.83
1.7398388385772705,421.31890869140625,1,MWI,1997,IHS-I,GPWG,N,c,0,1,0,0,1997,0,1997.83
3.8164219856262207,528.574462890625,1,MWI,1997,IHS-I,GPWG,N,c,0,1,0,0,1997,0,1997.83
1.3594321012496948,606.9550170898438,1,MWI,1997,IHS-I,GPWG,N,c,0,1,0,0,1997,0,1997.83
0.2790805697441101,1474.6162109375,1,MWI,1997,IHS-I,GPWG,N,c,0,1,0,0,1997,0,1997.83
1.69147527217865,1297.4644775390625,1,MWI,1997,IHS-I,GPWG,N,c,0,1,0,0,1997,0,1997.83
4.291761875152588,324.3661193847656,1,MWI,1997,IHS-I,GPWG,N,c,0,1,0,0,1997,0,1997.83
1.8990534543991089,1158.9957275390625,1,MWI,1997,IHS-I,GPWG,N,c,0,1,0,0,1997,0,1997.83
1.2110522985458374,1956.386962890625,1,MWI,1997,IHS-I,GPWG,N,c,0,1,0,0,1997,0,1997.83
1.5244718790054321,1521.63427734375,1,MWI,1997,IHS-I,GPWG,N,c,0,1,0,0,1997,0,1997.83
1.533447265625,938.4282836914062,1,MWI,1997,IHS-I,GPWG,N,c,0,1,0,0,1997,0,1997.83
3.741039276123047,324.3661193847656,1,MWI,1997,IHS-I,GPWG,N,c,0,1,0,0,1997,0,1997.83
2.207960844039917,2874.89306640625,1,MWI,1997,IHS-I,GPWG,N,c,0,1,0,0,1997,0,1997.83
3.02510929107666,668.7169799804688,1,MWI,1997,IHS-I,GPWG,N,c,0,1,0,0,1997,0,1997.83
1.0649440288543701,1263.956787109375,1,MWI,1997,IHS-I,GPWG,N,c,0,1,0,0,1997,0,1997.83
8.942255020141602,1158.9957275390625,1,MWI,1997,IHS-I,GPWG,N,c,0,1,0,0,1997,0,1997.83
1.7937897443771362,1190.995849609375,1,MWI,1997,IHS-I,GPWG,N,c,0,1,0,0,1997,0,1997.83
3.2791152000427246,303.4775085449219,1,MWI,1997,IHS-I,GPWG,N,c,0,1,0,0,1997,0,1997.83
8.638299942016602,522.1232299804688,1,MWI,1997,IHS-I,GPWG,N,c,0,1,0,0,1997,0,1997.83
2.0256340503692627,1475.315673828125,1,MWI,1997,IHS-I,GPWG,N,c,0,1,0,0,1997,0,1997.83
1.098672866821289,1893.5087890625,1,MWI,1997,IHS-I,GPWG,N,c,0,1,0,0,1997,0,1997.83
3.232900857925415,338.82470703125,1,MWI,1997,IHS-I,GPWG,N,c,0,1,0,0,1997,0,1997.83
2.089655876159668,2086.1923828125,1,MWI,1997,IHS-I,GPWG,N,c,0,1,0,0,1997,0,1997.83
3.247800588607788,631.9783935546875,1,MWI,1997,IHS-I,GPWG,N,c,0,1,0,0,1997,0,1997.83
4.704362869262695,445.1999816894531,1,MWI,1997,IHS-I,GPWG,N,c,0,1,0,0,1997,0,1997.83
2.8278796672821045,1609.67919921875,1,MWI,1997,IHS-I,GPWG,N,c,0,1,0,0,1997,0,1997.83
0.9743992686271667,632.2781372070312,1,MWI,1997,IHS-I,GPWG,N,c,0,1,0,0,1997,0,1997.83
11.641660690307617,1044.2464599609375,1,MWI,1997,IHS-I,GPWG,N,c,0,1,0,0,1997,0,1997.83
2.533841133117676,463.5982971191406,1,MWI,1997,IHS-I,GPWG,N,c,0,1,0,0,1997,0,1997.83
1.3757951259613037,348.3789367675781,1,MWI,1997,IHS-I,GPWG,N,c,0,1,0,0,1997,0,1997.83
3.2179341316223145,753.902099609375,1,MWI,1997,IHS-I,GPWG,N,c,0,1,0,0,1997,0,1997.83
3.627250909805298,217.37632751464844,1,MWI,1997,IHS-I,GPWG,N,c,0,1,0,0,1997,0,1997.83
1.463732361793518,1053.796875,1,MWI,1997,IHS-I,GPWG,N,c,0,1,0,0,1997,0,1997.83
1.448140263557434,1086.881591796875,1,MWI,1997,IHS-I,GPWG,N,c,0,1,0,0,1997,0,1997.83
2.677030563354492,502.14227294921875,1,MWI,1997,IHS-I,GPWG,N,c,0,1,0,0,1997,0,1997.83
5.926722049713135,528.574462890625,1,MWI,1997,IHS-I,GPWG,N,c,0,1,0,0,1997,0,1997.83
3.1454062461853027,2451.962158203125,1,MWI,1997,IHS-I,GPWG,N,c,0,1,0,0,1997,0,1997.83
0.726154088973999,968.1002197265625,1,MWI,1997,IHS-I,GPWG,N,c,0,1,0,0,1997,0,1997.83
4.741357803344727,983.4322509765625,1,MWI,1997,IHS-I,GPWG,N,c,0,1,0,0,1997,0,1997.83
2.3899147510528564,595.4979248046875,1,MWI,1997,IHS-I,GPWG,N,c,0,1,0,0,1997,0,1997.83
1.4775859117507935,1896.83447265625,1,MWI,1997,IHS-I,GPWG,N,c,0,1,0,0,1997,0,1997.83
2.641578197479248,742.0,1,MWI,1997,IHS-I,GPWG,N,c,0,1,0,0,1997,0,1997.83
1.49708890914917,847.061767578125,1,MWI,1997,IHS-I,GPWG,N,c,0,1,0,0,1997,0,1997.83
1.2304781675338745,2593.75,1,MWI,1997,IHS-I,GPWG,N,c,0,1,0,0,1997,0,1997.83
1.516862154006958,1161.72021484375,1,MWI,1997,IHS-I,GPWG,N,c,0,1,0,0,1997,0,1997.83
10.600258827209473,393.3728942871094,1,MWI,1997,IHS-I,GPWG,N,c,0,1,0,0,1997,0,1997.83
1.4749329090118408,1158.9957275390625,1,MWI,1997,IHS-I,GPWG,N,c,0,1,0,0,1997,0,1997.83
3.006342887878418,518.75,1,MWI,1997,IHS-I,GPWG,N,c,0,1,0,0,1997,0,1997.83
0.8865063786506653,842.6378173828125,1,MWI,1997,IHS-I,GPWG,N,c,0,1,0,0,1997,0,1997.83
3.7595269680023193,453.0638122558594,1,MWI,1997,IHS-I,GPWG,N,c,0,1,0,0,1997,0,1997.83
1.8774666786193848,677.6494140625,1,MWI,1997,IHS-I,GPWG,N,c,0,1,0,0,1997,0,1997.83
3.4342081546783447,1305.30810546875,1,MWI,1997,IHS-I,GPWG,N,c,0,1,0,0,1997,0,1997.83
1.6729331016540527,919.816650390625,1,MWI,1997,IHS-I,GPWG,N,c,0,1,0,0,1997,0,1997.83
5.502344131469727,59.50423812866211,1,MWI,1997,IHS-I,GPWG,N,c,0,1,0,0,1997,0,1997.83
3.7922158241271973,463.5982971191406,1,MWI,1997,IHS-I,GPWG,N,c,0,1,0,0,1997,0,1997.83
1.074743390083313,1135.2813720703125,1,MWI,1997,IHS-I,GPWG,N,c,0,1,0,0,1997,0,1997.83
0.43983763456344604,1053.796875,1,MWI,1997,IHS-I,GPWG,N,c,0,1,0,0,1997,0,1997.83
1.1456332206726074,1437.446533203125,1,MWI,1997,IHS-I,GPWG,N,c,0,1,0,0,1997,0,1997.83
1.688443660736084,1062.1712646484375,1,MWI,1997,IHS-I,GPWG,N,c,0,1,0,0,1997,0,1997.83
0.9103152751922607,1916.595458984375,1,MWI,1997,IHS-I,GPWG,N,c,0,1,0,0,1997,0,1997.83
1.4350502490997314,2259.64013671875,1,MWI,1997,IHS-I,GPWG,N,c,0,1,0,0,1997,0,1997.83
7.174413681030273,302.04254150390625,1,MWI,1997,IHS-I,GPWG,N,c,0,1,0,0,1997,0,1997.83
3.087015390396118,783.184814453125,1,MWI,1997,IHS-I,GPWG,N,c,0,1,0,0,1997,0,1997.83
2.358271598815918,169.412353515625,1,MWI,1997,IHS-I,GPWG,N,c,0,1,0,0,1997,0,1997.83
2.760960817337036,910.4324951171875,1,MWI,1997,IHS-I,GPWG,N,c,0,1,0,0,1997,0,1997.83
0.3787265121936798,1895.93505859375,1,MWI,1997,IHS-I,GPWG,N,c,0,1,0,0,1997,0,1997.83
6.912115097045898,1044.2464599609375,1,MWI,1997,IHS-I,GPWG,N,c,0,1,0,0,1997,0,1997.83
4.883335590362549,518.75,1,MWI,1997,IHS-I,GPWG,N,c,0,1,0,0,1997,0,1997.83
1.2419084310531616,847.061767578125,1,MWI,1997,IHS-I,GPWG,N,c,0,1,0,0,1997,0,1997.83
2.36077880859375,744.3724365234375,1,MWI,1997,IHS-I,GPWG,N,c,0,1,0,0,1997,0,1997.83
3.886065721511841,421.5187683105469,1,MWI,1997,IHS-I,GPWG,N,c,0,1,0,0,1997,0,1997.83
4.123598098754883,1086.881591796875,1,MWI,1997,IHS-I,GPWG,N,c,0,1,0,0,1997,0,1997.83
2.607311248779297,270.5012512207031,1,MWI,1997,IHS-I,GPWG,N,c,0,1,0,0,1997,0,1997.83
2.583193302154541,919.816650390625,1,MWI,1997,IHS-I,GPWG,N,c,0,1,0,0,1997,0,1997.83
3.452617645263672,1521.63427734375,1,MWI,1997,IHS-I,GPWG,N,c,0,1,0,0,1997,0,1997.83
1.3913123607635498,1036.75927734375,1,MWI,1997,IHS-I,GPWG,N,c,0,1,0,0,1997,0,1997.83
1.6587151288986206,348.3789367675781,1,MWI,1997,IHS-I,GPWG,N,c,0,1,0,0,1997,0,1997.83
4.183051109313965,1126.1138916015625,1,MWI,1997,IHS-I,GPWG,N,c,0,1,0,0,1997,0,1997.83
1.669423222541809,1037.5,1,MWI,1997,IHS-I,GPWG,N,c,0,1,0,0,1997,0,1997.83
1.7301220893859863,357.0254211425781,1,MWI,1997,IHS-I,GPWG,N,c,0,1,0,0,1997,0,1997.83
1.6974319219589233,455.21624755859375,1,MWI,1997,IHS-I,GPWG,N,c,0,1,0,0,1997,0,1997.83
2.1962242126464844,1016.47412109375,1,MWI,1997,IHS-I,GPWG,N,c,0,1,0,0,1997,0,1997.83
1.0202828645706177,1062.1712646484375,1,MWI,1997,IHS-I,GPWG,N,c,0,1,0,0,1997,0,1997.83
8.693617820739746,753.21337890625,1,MWI,1997,IHS-I,GPWG,N,c,0,1,0,0,1997,0,1997.83
2.1189661026000977,169.412353515625,1,MWI,1997,IHS-I,GPWG,N,c,0,1,0,0,1997,0,1997.83
2.8657822608947754,187.2217559814453,1,MWI,1997,IHS-I,GPWG,N,c,0,1,0,0,1997,0,1997.83
6.414055824279785,1038.7999267578125,1,MWI,1997,IHS-I,GPWG,N,c,0,1,0,0,1997,0,1997.83
1.0409603118896484,2330.53955078125,1,MWI,1997,IHS-I,GPWG,N,c,0,1,0,0,1997,0,1997.83
2.1740882396698,1255.355712890625,1,MWI,1997,IHS-I,GPWG,N,c,0,1,0,0,1997,0,1997.83
3.065357208251953,297.74896240234375,1,MWI,1997,IHS-I,GPWG,N,c,0,1,0,0,1997,0,1997.83
2.6041922569274902,1005.2027587890625,1,MWI,1997,IHS-I,GPWG,N,c,0,1,0,0,1997,0,1997.83
6.191828727722168,783.184814453125,1,MWI,1997,IHS-I,GPWG,N,c,0,1,0,0,1997,0,1997.83
3.0796115398406982,695.3974609375,1,MWI,1997,IHS-I,GPWG,N,c,0,1,0,0,1997,0,1997.83
0.44011276960372925,1053.796875,1,MWI,1997,IHS-I,GPWG,N,c,0,1,0,0,1997,0,1997.83
0.969874918460846,1623.007568359375,1,MWI,1997,IHS-I,GPWG,N,c,0,1,0,0,1997,0,1997.83
1.9492374658584595,116.12631225585938,1,MWI,1997,IHS-I,GPWG,N,c,0,1,0,0,1997,0,1997.83
0.869597315788269,2330.53955078125,1,MWI,1997,IHS-I,GPWG,N,c,0,1,0,0,1997,0,1997.83
3.366642475128174,1256.50341796875,1,MWI,1997,IHS-I,GPWG,N,c,0,1,0,0,1997,0,1997.83
2.6610615253448486,593.5999755859375,1,MWI,1997,IHS-I,GPWG,N,c,0,1,0,0,1997,0,1997.83
10.121021270751953,1305.30810546875,1,MWI,1997,IHS-I,GPWG,N,c,0,1,0,0,1997,0,1997.83
2.2033345699310303,748.8870239257812,1,MWI,1997,IHS-I,GPWG,N,c,0,1,0,0,1997,0,1997.83
1.6524516344070435,2008.569091796875,1,MWI,1997,IHS-I,GPWG,N,c,0,1,0,0,1997,0,1997.83
1.130205750465393,842.6378173828125,1,MWI,1997,IHS-I,GPWG,N,c,0,1,0,0,1997,0,1997.83
3.6877424716949463,983.4322509765625,1,MWI,1997,IHS-I,GPWG,N,c,0,1,0,0,1997,0,1997.83
0.5763511657714844,1053.2972412109375,1,MWI,1997,IHS-I,GPWG,N,c,0,1,0,0,1997,0,1997.83
2.579402208328247,1165.269775390625,1,MWI,1997,IHS-I,GPWG,N,c,0,1,0,0,1997,0,1997.83
1.2629939317703247,1296.875,1,MWI,1997,IHS-I,GPWG,N,c,0,1,0,0,1997,0,1997.83
1.3968887329101562,774.4801635742188,1,MWI,1997,IHS-I,GPWG,N,c,0,1,0,0,1997,0,1997.83
0.9390705227851868,1524.711181640625,1,MWI,1997,IHS-I,GPWG,N,c,0,1,0,0,1997,0,1997.83
12.0066556930542,1376.80517578125,1,MWI,1997,IHS-I,GPWG,N,c,0,1,0,0,1997,0,1997.83
2.5997064113616943,541.0025024414062,1,MWI,1997,IHS-I,GPWG,N,c,0,1,0,0,1997,0,1997.83
3.4807512760162354,774.4801635742188,1,MWI,1997,IHS-I,GPWG,N,c,0,1,0,0,1997,0,1997.83
4.698240280151367,251.30068969726562,1,MWI,1997,IHS-I,GPWG,N,c,0,1,0,0,1997,0,1997.83
1.2663317918777466,677.6494140625,1,MWI,1997,IHS-I,GPWG,N,c,0,1,0,0,1997,0,1997.83
4.022276401519775,1037.5,1,MWI,1997,IHS-I,GPWG,N,c,0,1,0,0,1997,0,1997.83
0.9992063641548157,748.8870239257812,1,MWI,1997,IHS-I,GPWG,N,c,0,1,0,0,1997,0,1997.83
1.2652125358581543,1123.33056640625,1,MWI,1997,IHS-I,GPWG,N,c,0,1,0,0,1997,0,1997.83
7.91771125793457,421.5187683105469,1,MWI,1997,IHS-I,GPWG,N,c,0,1,0,0,1997,0,1997.83
2.6418890953063965,1053.796875,1,MWI,1997,IHS-I,GPWG,N,c,0,1,0,0,1997,0,1997.83
2.7331624031066895,375.3713073730469,1,MWI,1997,IHS-I,GPWG,N,c,0,1,0,0,1997,0,1997.83
2.188544988632202,652.1289672851562,1,MWI,1997,IHS-I,GPWG,N,c,0,1,0,0,1997,0,1997.83
0.5174395442008972,2075.0,1,MWI,1997,IHS-I,GPWG,N,c,0,1,0,0,1997,0,1997.83
1.102091908454895,606.9550170898438,1,MWI,1997,IHS-I,GPWG,N,c,0,1,0,0,1997,0,1997.83
3.070756673812866,810.915283203125,1,MWI,1997,IHS-I,GPWG,N,c,0,1,0,0,1997,0,1997.83
4.987361907958984,1126.1138916015625,1,MWI,1997,IHS-I,GPWG,N,c,0,1,0,0,1997,0,1997.83
1.3328616619110107,580.631591796875,1,MWI,1997,IHS-I,GPWG,N,c,0,1,0,0,1997,0,1997.83
0.9612816572189331,1053.2972412109375,1,MWI,1997,IHS-I,GPWG,N,c,0,1,0,0,1997,0,1997.83
2.2631163597106934,151.73875427246094,1,MWI,1997,IHS-I,GPWG,N,c,0,1,0,0,1997,0,1997.83
3.060504674911499,750.7426147460938,1,MWI,1997,IHS-I,GPWG,N,c,0,1,0,0,1997,0,1997.83
3.2644238471984863,843.0375366210938,1,MWI,1997,IHS-I,GPWG,N,c,0,1,0,0,1997,0,1997.83
3.7419464588165283,148.39999389648438,1,MWI,1997,IHS-I,GPWG,N,c,0,1,0,0,1997,0,1997.83
2.639155864715576,518.75,1,MWI,1997,IHS-I,GPWG,N,c,0,1,0,0,1997,0,1997.83
2.120628595352173,1339.870361328125,1,MWI,1997,IHS-I,GPWG,N,c,0,1,0,0,1997,0,1997.83
4.128911972045898,232.25262451171875,1,MWI,1997,IHS-I,GPWG,N,c,0,1,0,0,1997,0,1997.83
2.4600257873535156,927.1965942382812,1,MWI,1997,IHS-I,GPWG,N,c,0,1,0,0,1997,0,1997.83
7.946392059326172,1158.9957275390625,1,MWI,1997,IHS-I,GPWG,N,c,0,1,0,0,1997,0,1997.83
4.718411922454834,210.65945434570312,1,MWI,1997,IHS-I,GPWG,N,c,0,1,0,0,1997,0,1997.83
4.669997692108154,590.059326171875,1,MWI,1997,IHS-I,GPWG,N,c,0,1,0,0,1997,0,1997.83
1.4784259796142578,1553.6929931640625,1,MWI,1997,IHS-I,GPWG,N,c,0,1,0,0,1997,0,1997.83
2.0661821365356445,348.3789367675781,1,MWI,1997,IHS-I,GPWG,N,c,0,1,0,0,1997,0,1997.83
0.8410419225692749,541.0025024414062,1,MWI,1997,IHS-I,GPWG,N,c,0,1,0,0,1997,0,1997.83
32.564292907714844,983.4322509765625,1,MWI,1997,IHS-I,GPWG,N,c,0,1,0,0,1997,0,1997.83
1.2421307563781738,238.01695251464844,1,MWI,1997,IHS-I,GPWG,N,c,0,1,0,0,1997,0,1997.83
3.5697076320648193,502.14227294921875,1,MWI,1997,IHS-I,GPWG,N,c,0,1,0,0,1997,0,1997.83
1.536205768585205,580.860107421875,1,MWI,1997,IHS-I,GPWG,N,c,0,1,0,0,1997,0,1997.83
0.8185694813728333,696.7578735351562,1,MWI,1997,IHS-I,GPWG,N,c,0,1,0,0,1997,0,1997.83
0.4523123800754547,968.1002197265625,1,MWI,1997,IHS-I,GPWG,N,c,0,1,0,0,1997,0,1997.83
2.5577166080474854,348.3789367675781,1,MWI,1997,IHS-I,GPWG,N,c,0,1,0,0,1997,0,1997.83
1.4390666484832764,1876.8565673828125,1,MWI,1997,IHS-I,GPWG,N,c,0,1,0,0,1997,0,1997.83
3.059623956680298,842.6378173828125,1,MWI,1997,IHS-I,GPWG,N,c,0,1,0,0,1997,0,1997.83
1.1303445100784302,1474.6162109375,1,MWI,1997,IHS-I,GPWG,N,c,0,1,0,0,1997,0,1997.83
1.587362289428711,2874.89306640625,1,MWI,1997,IHS-I,GPWG,N,c,0,1,0,0,1997,0,1997.83
1.1053534746170044,580.631591796875,1,MWI,1997,IHS-I,GPWG,N,c,0,1,0,0,1997,0,1997.83
0.8485664129257202,843.0375366210938,1,MWI,1997,IHS-I,GPWG,N,c,0,1,0,0,1997,0,1997.83
7.88362455368042,251.07113647460938,1,MWI,1997,IHS-I,GPWG,N,c,0,1,0,0,1997,0,1997.83
1.9967281818389893,270.5012512207031,1,MWI,1997,IHS-I,GPWG,N,c,0,1,0,0,1997,0,1997.83
1.9689884185791016,210.65945434570312,1,MWI,1997,IHS-I,GPWG,N,c,0,1,0,0,1997,0,1997.83
2.380296468734741,1942.1162109375,1,MWI,1997,IHS-I,GPWG,N,c,0,1,0,0,1997,0,1997.83
4.829636573791504,178.51271057128906,1,MWI,1997,IHS-I,GPWG,N,c,0,1,0,0,1997,0,1997.83
7.79288387298584,1086.881591796875,1,MWI,1997,IHS-I,GPWG,N,c,0,1,0,0,1997,0,1997.83
0.9060720205307007,776.8464965820312,1,MWI,1997,IHS-I,GPWG,N,c,0,1,0,0,1997,0,1997.83
3.4529480934143066,508.237060546875,1,MWI,1997,IHS-I,GPWG,N,c,0,1,0,0,1997,0,1997.83
2.470071792602539,357.0254211425781,1,MWI,1997,IHS-I,GPWG,N,c,0,1,0,0,1997,0,1997.83
2.4114015102386475,593.5999755859375,1,MWI,1997,IHS-I,GPWG,N,c,0,1,0,0,1997,0,1997.83
1.0732866525650024,677.6494140625,1,MWI,1997,IHS-I,GPWG,N,c,0,1,0,0,1997,0,1997.83
1.891186237335205,1759.1048583984375,1,MWI,1997,IHS-I,GPWG,N,c,0,1,0,0,1997,0,1997.83
1.8421909809112549,502.60137939453125,1,MWI,1997,IHS-I,GPWG,N,c,0,1,0,0,1997,0,1997.83
1.0749722719192505,1854.3931884765625,1,MWI,1997,IHS-I,GPWG,N,c,0,1,0,0,1997,0,1997.83
6.911670207977295,229.95416259765625,1,MWI,1997,IHS-I,GPWG,N,c,0,1,0,0,1997,0,1997.83
1.0704498291015625,1555.138916015625,1,MWI,1997,IHS-I,GPWG,N,c,0,1,0,0,1997,0,1997.83
1.1032947301864624,580.860107421875,1,MWI,1997,IHS-I,GPWG,N,c,0,1,0,0,1997,0,1997.83
1.1657401323318481,810.915283203125,1,MWI,1997,IHS-I,GPWG,N,c,0,1,0,0,1997,0,1997.83
2.3912453651428223,1942.1162109375,1,MWI,1997,IHS-I,GPWG,N,c,0,1,0,0,1997,0,1997.83
6.035415172576904,778.125,1,MWI,1997,IHS-I,GPWG,N,c,0,1,0,0,1997,0,1997.83
2.650015354156494,374.4435119628906,1,MWI,1997,IHS-I,GPWG,N,c,0,1,0,0,1997,0,1997.83
1.0767549276351929,677.6494140625,1,MWI,1997,IHS-I,GPWG,N,c,0,1,0,0,1997,0,1997.83
1.8705307245254517,695.3974609375,1,MWI,1997,IHS-I,GPWG,N,c,0,1,0,0,1997,0,1997.83
1.6578364372253418,1158.9957275390625,1,MWI,1997,IHS-I,GPWG,N,c,0,1,0,0,1997,0,1997.83
1.1915814876556396,1053.2972412109375,1,MWI,1997,IHS-I,GPWG,N,c,0,1,0,0,1997,0,1997.83
0.9389234185218811,1313.799560546875,1,MWI,1997,IHS-I,GPWG,N,c,0,1,0,0,1997,0,1997.83
1.766762375831604,2107.59375,1,MWI,1997,IHS-I,GPWG,N,c,0,1,0,0,1997,0,1997.83
2.2408204078674316,1521.63427734375,1,MWI,1997,IHS-I,GPWG,N,c,0,1,0,0,1997,0,1997.83
1.387314796447754,1053.796875,1,MWI,1997,IHS-I,GPWG,N,c,0,1,0,0,1997,0,1997.83
1.5535165071487427,590.059326171875,1,MWI,1997,IHS-I,GPWG,N,c,0,1,0,0,1997,0,1997.83
3.130859375,338.82470703125,1,MWI,1997,IHS-I,GPWG,N,c,0,1,0,0,1997,0,1997.83
0.9544631242752075,910.4324951171875,1,MWI,1997,IHS-I,GPWG,N,c,0,1,0,0,1997,0,1997.83
1.0071362257003784,893.2468872070312,1,MWI,1997,IHS-I,GPWG,N,c,0,1,0,0,1997,0,1997.83
5.343858242034912,695.3974609375,1,MWI,1997,IHS-I,GPWG,N,c,0,1,0,0,1997,0,1997.83
1.56293785572052,303.4775085449219,1,MWI,1997,IHS-I,GPWG,N,c,0,1,0,0,1997,0,1997.83
1.3641703128814697,1685.275634765625,1,MWI,1997,IHS-I,GPWG,N,c,0,1,0,0,1997,0,1997.83
4.9956746101379395,1086.881591796875,1,MWI,1997,IHS-I,GPWG,N,c,0,1,0,0,1997,0,1997.83
2.2776713371276855,695.3974609375,1,MWI,1997,IHS-I,GPWG,N,c,0,1,0,0,1997,0,1997.83
1.9856016635894775,1004.2845458984375,1,MWI,1997,IHS-I,GPWG,N,c,0,1,0,0,1997,0,1997.83
1.9914618730545044,348.3789367675781,1,MWI,1997,IHS-I,GPWG,N,c,0,1,0,0,1997,0,1997.83
2.3167200088500977,580.860107421875,1,MWI,1997,IHS-I,GPWG,N,c,0,1,0,0,1997,0,1997.83
1.6917095184326172,1165.269775390625,1,MWI,1997,IHS-I,GPWG,N,c,0,1,0,0,1997,0,1997.83
1.8916858434677124,455.21624755859375,1,MWI,1997,IHS-I,GPWG,N,c,0,1,0,0,1997,0,1997.83
2.1801934242248535,1437.446533203125,1,MWI,1997,IHS-I,GPWG,N,c,0,1,0,0,1997,0,1997.83
2.4806363582611084,342.1363525390625,1,MWI,1997,IHS-I,GPWG,N,c,0,1,0,0,1997,0,1997.83
17.799392700195312,1506.4267578125,1,MWI,1997,IHS-I,GPWG,N,c,0,1,0,0,1997,0,1997.83
8.114666938781738,151.02127075195312,1,MWI,1997,IHS-I,GPWG,N,c,0,1,0,0,1997,0,1997.83
3.4819371700286865,1126.1138916015625,1,MWI,1997,IHS-I,GPWG,N,c,0,1,0,0,1997,0,1997.83
0.9846391677856445,580.631591796875,1,MWI,1997,IHS-I,GPWG,N,c,0,1,0,0,1997,0,1997.83
1.6225136518478394,1390.794921875,1,MWI,1997,IHS-I,GPWG,N,c,0,1,0,0,1997,0,1997.83
0.4068855047225952,1685.275634765625,1,MWI,1997,IHS-I,GPWG,N,c,0,1,0,0,1997,0,1997.83
3.90728497505188,1966.864501953125,1,MWI,1997,IHS-I,GPWG,N,c,0,1,0,0,1997,0,1997.83
1.811566710472107,774.4801635742188,1,MWI,1997,IHS-I,GPWG,N,c,0,1,0,0,1997,0,1997.83
1.281586766242981,648.7322387695312,1,MWI,1997,IHS-I,GPWG,N,c,0,1,0,0,1997,0,1997.83
1.0965604782104492,1475.315673828125,1,MWI,1997,IHS-I,GPWG,N,c,0,1,0,0,1997,0,1997.83
1.4319441318511963,434.7526550292969,1,MWI,1997,IHS-I,GPWG,N,c,0,1,0,0,1997,0,1997.83
0.3668447434902191,1082.0050048828125,1,MWI,1997,IHS-I,GPWG,N,c,0,1,0,0,1997,0,1997.83
8.626683235168457,238.01695251464844,1,MWI,1997,IHS-I,GPWG,N,c,0,1,0,0,1997,0,1997.83
3.7686100006103516,541.0025024414062,1,MWI,1997,IHS-I,GPWG,N,c,0,1,0,0,1997,0,1997.83
1.9574543237686157,677.6494140625,1,MWI,1997,IHS-I,GPWG,N,c,0,1,0,0,1997,0,1997.83
2.2093799114227295,677.6494140625,1,MWI,1997,IHS-I,GPWG,N,c,0,1,0,0,1997,0,1997.83
3.9085640907287598,890.3999633789062,1,MWI,1997,IHS-I,GPWG,N,c,0,1,0,0,1997,0,1997.83
1.566842794418335,1337.4339599609375,1,MWI,1997,IHS-I,GPWG,N,c,0,1,0,0,1997,0,1997.83
2.1008987426757812,973.098388671875,1,MWI,1997,IHS-I,GPWG,N,c,0,1,0,0,1997,0,1997.83
2.6808977127075195,232.25262451171875,1,MWI,1997,IHS-I,GPWG,N,c,0,1,0,0,1997,0,1997.83
4.293592929840088,652.1289672851562,1,MWI,1997,IHS-I,GPWG,N,c,0,1,0,0,1997,0,1997.83
2.0664329528808594,1180.11865234375,1,MWI,1997,IHS-I,GPWG,N,c,0,1,0,0,1997,0,1997.83
2.1195051670074463,3157.0,1,MWI,1997,IHS-I,GPWG,N,c,0,1,0,0,1997,0,1997.83
3.094583511352539,843.0375366210938,1,MWI,1997,IHS-I,GPWG,N,c,0,1,0,0,1997,0,1997.83
1.8330590724945068,696.7578735351562,1,MWI,1997,IHS-I,GPWG,N,c,0,1,0,0,1997,0,1997.83
2.9912755489349365,1577.0999755859375,1,MWI,1997,IHS-I,GPWG,N,c,0,1,0,0,1997,0,1997.83
1.563363790512085,1379.7249755859375,1,MWI,1997,IHS-I,GPWG,N,c,0,1,0,0,1997,0,1997.83
5.77134895324707,210.75938415527344,1,MWI,1997,IHS-I,GPWG,N,c,0,1,0,0,1997,0,1997.83
6.227297782897949,148.39999389648438,1,MWI,1997,IHS-I,GPWG,N,c,0,1,0,0,1997,0,1997.83
2.9997870922088623,632.2781372070312,1,MWI,1997,IHS-I,GPWG,N,c,0,1,0,0,1997,0,1997.83
3.0428967475891113,210.75938415527344,1,MWI,1997,IHS-I,GPWG,N,c,0,1,0,0,1997,0,1997.83
1.3787966966629028,1390.794921875,1,MWI,1997,IHS-I,GPWG,N,c,0,1,0,0,1997,0,1997.83
29.69847297668457,983.4322509765625,1,MWI,1997,IHS-I,GPWG,N,c,0,1,0,0,1997,0,1997.83
1.6621671915054321,1390.794921875,1,MWI,1997,IHS-I,GPWG,N,c,0,1,0,0,1997,0,1997.83
9.256307601928711,162.1830596923828,1,MWI,1997,IHS-I,GPWG,N,c,0,1,0,0,1997,0,1997.83
2.1426079273223877,758.6937866210938,1,MWI,1997,IHS-I,GPWG,N,c,0,1,0,0,1997,0,1997.83
3.045224905014038,1437.446533203125,1,MWI,1997,IHS-I,GPWG,N,c,0,1,0,0,1997,0,1997.83
2.9732277393341064,502.14227294921875,1,MWI,1997,IHS-I,GPWG,N,c,0,1,0,0,1997,0,1997.83
2.4947569370269775,456.18182373046875,1,MWI,1997,IHS-I,GPWG,N,c,0,1,0,0,1997,0,1997.83
1.9123566150665283,1622.593994140625,1,MWI,1997,IHS-I,GPWG,N,c,0,1,0,0,1997,0,1997.83
1.626639485359192,677.6494140625,1,MWI,1997,IHS-I,GPWG,N,c,0,1,0,0,1997,0,1997.83
1.6029061079025269,753.902099609375,1,MWI,1997,IHS-I,GPWG,N,c,0,1,0,0,1997,0,1997.83
3.0289433002471924,518.75,1,MWI,1997,IHS-I,GPWG,N,c,0,1,0,0,1997,0,1997.83
5.0343241691589355,695.3974609375,1,MWI,1997,IHS-I,GPWG,N,c,0,1,0,0,1997,0,1997.83
7.876009464263916,231.7991485595703,1,MWI,1997,IHS-I,GPWG,N,c,0,1,0,0,1997,0,1997.83
2.0968189239501953,169.412353515625,1,MWI,1997,IHS-I,GPWG,N,c,0,1,0,0,1997,0,1997.83
1.317994236946106,2008.569091796875,1,MWI,1997,IHS-I,GPWG,N,c,0,1,0,0,1997,0,1997.83
1.0015963315963745,210.75938415527344,1,MWI,1997,IHS-I,GPWG,N,c,0,1,0,0,1997,0,1997.83
6.513757705688477,75.51063537597656,1,MWI,1997,IHS-I,GPWG,N,c,0,1,0,0,1997,0,1997.83
1.114243507385254,210.65945434570312,1,MWI,1997,IHS-I,GPWG,N,c,0,1,0,0,1997,0,1997.83
1.940502643585205,348.3789367675781,1,MWI,1997,IHS-I,GPWG,N,c,0,1,0,0,1997,0,1997.83
2.595102548599243,2255.0,1,MWI,1997,IHS-I,GPWG,N,c,0,1,0,0,1997,0,1997.83
1.1288012266159058,1295.9490966796875,1,MWI,1997,IHS-I,GPWG,N,c,0,1,0,0,1997,0,1997.83
2.0077269077301025,786.7457885742188,1,MWI,1997,IHS-I,GPWG,N,c,0,1,0,0,1997,0,1997.83
3.9337761402130127,393.3728942871094,1,MWI,1997,IHS-I,GPWG,N,c,0,1,0,0,1997,0,1997.83
1.0227514505386353,1355.298828125,1,MWI,1997,IHS-I,GPWG,N,c,0,1,0,0,1997,0,1997.83
8.222644805908203,1305.30810546875,1,MWI,1997,IHS-I,GPWG,N,c,0,1,0,0,1997,0,1997.83
1.0003042221069336,1004.2845458984375,1,MWI,1997,IHS-I,GPWG,N,c,0,1,0,0,1997,0,1997.83
2.404184103012085,151.73875427246094,1,MWI,1997,IHS-I,GPWG,N,c,0,1,0,0,1997,0,1997.83
1.1295089721679688,758.6937866210938,1,MWI,1997,IHS-I,GPWG,N,c,0,1,0,0,1997,0,1997.83
8.868316650390625,357.0254211425781,1,MWI,1997,IHS-I,GPWG,N,c,0,1,0,0,1997,0,1997.83
1.237731695175171,1053.796875,1,MWI,1997,IHS-I,GPWG,N,c,0,1,0,0,1997,0,1997.83
4.292543411254883,296.79998779296875,1,MWI,1997,IHS-I,GPWG,N,c,0,1,0,0,1997,0,1997.83
1.4030811786651611,2330.53955078125,1,MWI,1997,IHS-I,GPWG,N,c,0,1,0,0,1997,0,1997.83
1.8233160972595215,606.9550170898438,1,MWI,1997,IHS-I,GPWG,N,c,0,1,0,0,1997,0,1997.83
1.5728445053100586,842.6378173828125,1,MWI,1997,IHS-I,GPWG,N,c,0,1,0,0,1997,0,1997.83
1.3049968481063843,910.4324951171875,1,MWI,1997,IHS-I,GPWG,N,c,0,1,0,0,1997,0,1997.83
1.4237744808197021,1337.4339599609375,1,MWI,1997,IHS-I,GPWG,N,c,0,1,0,0,1997,0,1997.83
9.021465301513672,590.059326171875,1,MWI,1997,IHS-I,GPWG,N,c,0,1,0,0,1997,0,1997.83
3.975588798522949,393.3728942871094,1,MWI,1997,IHS-I,GPWG,N,c,0,1,0,0,1997,0,1997.83
2.1606175899505615,843.0375366210938,1,MWI,1997,IHS-I,GPWG,N,c,0,1,0,0,1997,0,1997.83
1.4704945087432861,1437.446533203125,1,MWI,1997,IHS-I,GPWG,N,c,0,1,0,0,1997,0,1997.83
1.3574907779693604,1759.1048583984375,1,MWI,1997,IHS-I,GPWG,N,c,0,1,0,0,1997,0,1997.83
1.724175214767456,1916.595458984375,1,MWI,1997,IHS-I,GPWG,N,c,0,1,0,0,1997,0,1997.83
4.763888359069824,936.1087646484375,1,MWI,1997,IHS-I,GPWG,N,c,0,1,0,0,1997,0,1997.83
0.7684279680252075,1501.4852294921875,1,MWI,1997,IHS-I,GPWG,N,c,0,1,0,0,1997,0,1997.83
1.0113564729690552,3354.0419921875,1,MWI,1997,IHS-I,GPWG,N,c,0,1,0,0,1997,0,1997.83
2.9920144081115723,421.5187683105469,1,MWI,1997,IHS-I,GPWG,N,c,0,1,0,0,1997,0,1997.83
2.3160197734832764,518.75,1,MWI,1997,IHS-I,GPWG,N,c,0,1,0,0,1997,0,1997.83
0.8943577408790588,580.860107421875,1,MWI,1997,IHS-I,GPWG,N,c,0,1,0,0,1997,0,1997.83
0.3800274133682251,936.1087646484375,1,MWI,1997,IHS-I,GPWG,N,c,0,1,0,0,1997,0,1997.83
1.0388399362564087,1053.2972412109375,1,MWI,1997,IHS-I,GPWG,N,c,0,1,0,0,1997,0,1997.83
2.0505764484405518,1475.315673828125,1,MWI,1997,IHS-I,GPWG,N,c,0,1,0,0,1997,0,1997.83
3.1250500679016113,753.21337890625,1,MWI,1997,IHS-I,GPWG,N,c,0,1,0,0,1997,0,1997.83
1.827802300453186,169.412353515625,1,MWI,1997,IHS-I,GPWG,N,c,0,1,0,0,1997,0,1997.83
8.810580253601074,786.7457885742188,1,MWI,1997,IHS-I,GPWG,N,c,0,1,0,0,1997,0,1997.83
3.038738250732422,421.5187683105469,1,MWI,1997,IHS-I,GPWG,N,c,0,1,0,0,1997,0,1997.83
0.8708305358886719,1313.799560546875,1,MWI,1997,IHS-I,GPWG,N,c,0,1,0,0,1997,0,1997.83
1.5435248613357544,348.3789367675781,1,MWI,1997,IHS-I,GPWG,N,c,0,1,0,0,1997,0,1997.83
2.0317676067352295,1263.956787109375,1,MWI,1997,IHS-I,GPWG,N,c,0,1,0,0,1997,0,1997.83
1.3696479797363281,464.5052490234375,1,MWI,1997,IHS-I,GPWG,N,c,0,1,0,0,1997,0,1997.83
3.242764472961426,357.0254211425781,1,MWI,1997,IHS-I,GPWG,N,c,0,1,0,0,1997,0,1997.83
2.834120035171509,843.0375366210938,1,MWI,1997,IHS-I,GPWG,N,c,0,1,0,0,1997,0,1997.83
3.6370348930358887,231.7991485595703,1,MWI,1997,IHS-I,GPWG,N,c,0,1,0,0,1997,0,1997.83
2.135812282562256,1004.2845458984375,1,MWI,1997,IHS-I,GPWG,N,c,0,1,0,0,1997,0,1997.83
1.228672742843628,842.6378173828125,1,MWI,1997,IHS-I,GPWG,N,c,0,1,0,0,1997,0,1997.83
2.0403783321380615,1839.63330078125,1,MWI,1997,IHS-I,GPWG,N,c,0,1,0,0,1997,0,1997.83
0.8212223052978516,750.7426147460938,1,MWI,1997,IHS-I,GPWG,N,c,0,1,0,0,1997,0,1997.83
6.567539215087891,178.51271057128906,1,MWI,1997,IHS-I,GPWG,N,c,0,1,0,0,1997,0,1997.83
1.4051978588104248,847.061767578125,1,MWI,1997,IHS-I,GPWG,N,c,0,1,0,0,1997,0,1997.83
2.778657913208008,421.5187683105469,1,MWI,1997,IHS-I,GPWG,N,c,0,1,0,0,1997,0,1997.83
1.346677303314209,1379.7249755859375,1,MWI,1997,IHS-I,GPWG,N,c,0,1,0,0,1997,0,1997.83
1.8793877363204956,632.2781372070312,1,MWI,1997,IHS-I,GPWG,N,c,0,1,0,0,1997,0,1997.83
4.404405117034912,695.3974609375,1,MWI,1997,IHS-I,GPWG,N,c,0,1,0,0,1997,0,1997.83
0.8780503273010254,1521.63427734375,1,MWI,1997,IHS-I,GPWG,N,c,0,1,0,0,1997,0,1997.83
2.9857583045959473,169.412353515625,1,MWI,1997,IHS-I,GPWG,N,c,0,1,0,0,1997,0,1997.83
2.630664825439453,455.21624755859375,1,MWI,1997,IHS-I,GPWG,N,c,0,1,0,0,1997,0,1997.83
1.7428950071334839,753.902099609375,1,MWI,1997,IHS-I,GPWG,N,c,0,1,0,0,1997,0,1997.83
1.7707316875457764,973.098388671875,1,MWI,1997,IHS-I,GPWG,N,c,0,1,0,0,1997,0,1997.83
2.347799777984619,755.1063232421875,1,MWI,1997,IHS-I,GPWG,N,c,0,1,0,0,1997,0,1997.83
1.0967408418655396,842.6378173828125,1,MWI,1997,IHS-I,GPWG,N,c,0,1,0,0,1997,0,1997.83
1.2182189226150513,758.6937866210938,1,MWI,1997,IHS-I,GPWG,N,c,0,1,0,0,1997,0,1997.83
4.398764610290527,652.1289672851562,1,MWI,1997,IHS-I,GPWG,N,c,0,1,0,0,1997,0,1997.83
14.844078063964844,261.0616149902344,1,MWI,1997,IHS-I,GPWG,N,c,0,1,0,0,1997,0,1997.83
2.00600004196167,421.31890869140625,1,MWI,1997,IHS-I,GPWG,N,c,0,1,0,0,1997,0,1997.83
1.9021079540252686,348.3789367675781,1,MWI,1997,IHS-I,GPWG,N,c,0,1,0,0,1997,0,1997.83
5.992508411407471,783.184814453125,1,MWI,1997,IHS-I,GPWG,N,c,0,1,0,0,1997,0,1997.83
0.9547712206840515,1814.3287353515625,1,MWI,1997,IHS-I,GPWG,N,c,0,1,0,0,1997,0,1997.83
1.8081291913986206,580.631591796875,1,MWI,1997,IHS-I,GPWG,N,c,0,1,0,0,1997,0,1997.83
4.2246503829956055,421.31890869140625,1,MWI,1997,IHS-I,GPWG,N,c,0,1,0,0,1997,0,1997.83
5.1451544761657715,695.3974609375,1,MWI,1997,IHS-I,GPWG,N,c,0,1,0,0,1997,0,1997.83
1.0627613067626953,1161.72021484375,1,MWI,1997,IHS-I,GPWG,N,c,0,1,0,0,1997,0,1997.83
3.2621395587921143,753.21337890625,1,MWI,1997,IHS-I,GPWG,N,c,0,1,0,0,1997,0,1997.83
0.8180049061775208,1256.50341796875,1,MWI,1997,IHS-I,GPWG,N,c,0,1,0,0,1997,0,1997.83
0.5946048498153687,811.5037841796875,1,MWI,1997,IHS-I,GPWG,N,c,0,1,0,0,1997,0,1997.83
0.900536060333252,929.010498046875,1,MWI,1997,IHS-I,GPWG,N,c,0,1,0,0,1997,0,1997.83
1.1310914754867554,518.379638671875,1,MWI,1997,IHS-I,GPWG,N,c,0,1,0,0,1997,0,1997.83
3.975217580795288,847.061767578125,1,MWI,1997,IHS-I,GPWG,N,c,0,1,0,0,1997,0,1997.83
2.4900619983673096,843.0375366210938,1,MWI,1997,IHS-I,GPWG,N,c,0,1,0,0,1997,0,1997.83
4.539743900299072,148.39999389648438,1,MWI,1997,IHS-I,GPWG,N,c,0,1,0,0,1997,0,1997.83
1.238294005393982,632.2781372070312,1,MWI,1997,IHS-I,GPWG,N,c,0,1,0,0,1997,0,1997.83
2.0638110637664795,463.5982971191406,1,MWI,1997,IHS-I,GPWG,N,c,0,1,0,0,1997,0,1997.83
0.9681710004806519,1016.47412109375,1,MWI,1997,IHS-I,GPWG,N,c,0,1,0,0,1997,0,1997.83
5.524157524108887,148.39999389648438,1,MWI,1997,IHS-I,GPWG,N,c,0,1,0,0,1997,0,1997.83
2.629530191421509,778.125,1,MWI,1997,IHS-I,GPWG,N,c,0,1,0,0,1997,0,1997.83
5.131707668304443,296.79998779296875,1,MWI,1997,IHS-I,GPWG,N,c,0,1,0,0,1997,0,1997.83
1.3758704662322998,1264.5562744140625,1,MWI,1997,IHS-I,GPWG,N,c,0,1,0,0,1997,0,1997.83
1.2763537168502808,374.4435119628906,1,MWI,1997,IHS-I,GPWG,N,c,0,1,0,0,1997,0,1997.83
0.8209250569343567,968.1002197265625,1,MWI,1997,IHS-I,GPWG,N,c,0,1,0,0,1997,0,1997.83
1.5644736289978027,1053.2972412109375,1,MWI,1997,IHS-I,GPWG,N,c,0,1,0,0,1997,0,1997.83
1.4758363962173462,750.7426147460938,1,MWI,1997,IHS-I,GPWG,N,c,0,1,0,0,1997,0,1997.83
1.4919557571411133,1158.9957275390625,1,MWI,1997,IHS-I,GPWG,N,c,0,1,0,0,1997,0,1997.83
3.665557622909546,387.2400817871094,1,MWI,1997,IHS-I,GPWG,N,c,0,1,0,0,1997,0,1997.83
1.9936978816986084,1126.1138916015625,1,MWI,1997,IHS-I,GPWG,N,c,0,1,0,0,1997,0,1997.83
1.8699758052825928,151.73875427246094,1,MWI,1997,IHS-I,GPWG,N,c,0,1,0,0,1997,0,1997.83
0.8282410502433777,774.4801635742188,1,MWI,1997,IHS-I,GPWG,N,c,0,1,0,0,1997,0,1997.83
2.541653633117676,2317.991455078125,1,MWI,1997,IHS-I,GPWG,N,c,0,1,0,0,1997,0,1997.83
0.8264977335929871,1256.50341796875,1,MWI,1997,IHS-I,GPWG,N,c,0,1,0,0,1997,0,1997.83
1.6340585947036743,1182.824951171875,1,MWI,1997,IHS-I,GPWG,N,c,0,1,0,0,1997,0,1997.83
1.9527761936187744,1757.4979248046875,1,MWI,1997,IHS-I,GPWG,N,c,0,1,0,0,1997,0,1997.83
3.5091331005096436,983.4322509765625,1,MWI,1997,IHS-I,GPWG,N,c,0,1,0,0,1997,0,1997.83
1.9308298826217651,1158.9957275390625,1,MWI,1997,IHS-I,GPWG,N,c,0,1,0,0,1997,0,1997.83
1.9988471269607544,632.2781372070312,1,MWI,1997,IHS-I,GPWG,N,c,0,1,0,0,1997,0,1997.83
10.52600383758545,393.3728942871094,1,MWI,1997,IHS-I,GPWG,N,c,0,1,0,0,1997,0,1997.83
0.8526117205619812,774.4801635742188,1,MWI,1997,IHS-I,GPWG,N,c,0,1,0,0,1997,0,1997.83
0.46499037742614746,1548.9603271484375,1,MWI,1997,IHS-I,GPWG,N,c,0,1,0,0,1997,0,1997.83
1.8621065616607666,561.665283203125,1,MWI,1997,IHS-I,GPWG,N,c,0,1,0,0,1997,0,1997.83
1.7387925386428833,847.061767578125,1,MWI,1997,IHS-I,GPWG,N,c,0,1,0,0,1997,0,1997.83
2.0853984355926514,679.595703125,1,MWI,1997,IHS-I,GPWG,N,c,0,1,0,0,1997,0,1997.83
1.7647334337234497,648.7322387695312,1,MWI,1997,IHS-I,GPWG,N,c,0,1,0,0,1997,0,1997.83
1.014851450920105,1016.47412109375,1,MWI,1997,IHS-I,GPWG,N,c,0,1,0,0,1997,0,1997.83
2.1868746280670166,1053.2972412109375,1,MWI,1997,IHS-I,GPWG,N,c,0,1,0,0,1997,0,1997.83
1.1358897686004639,1158.9957275390625,1,MWI,1997,IHS-I,GPWG,N,c,0,1,0,0,1997,0,1997.83
3.1429357528686523,518.75,1,MWI,1997,IHS-I,GPWG,N,c,0,1,0,0,1997,0,1997.83
1.1279200315475464,580.860107421875,1,MWI,1997,IHS-I,GPWG,N,c,0,1,0,0,1997,0,1997.83
1.4633598327636719,1507.80419921875,1,MWI,1997,IHS-I,GPWG,N,c,0,1,0,0,1997,0,1997.83
1.9074113368988037,1942.1162109375,1,MWI,1997,IHS-I,GPWG,N,c,0,1,0,0,1997,0,1997.83
2.5478708744049072,1622.593994140625,1,MWI,1997,IHS-I,GPWG,N,c,0,1,0,0,1997,0,1997.83
2.3361101150512695,1355.34033203125,1,MWI,1997,IHS-I,GPWG,N,c,0,1,0,0,1997,0,1997.83
1.7783660888671875,842.6378173828125,1,MWI,1997,IHS-I,GPWG,N,c,0,1,0,0,1997,0,1997.83
1.7147084474563599,744.3724365234375,1,MWI,1997,IHS-I,GPWG,N,c,0,1,0,0,1997,0,1997.83
3.3376638889312744,938.4282836914062,1,MWI,1997,IHS-I,GPWG,N,c,0,1,0,0,1997,0,1997.83
1.9531704187393188,1004.2845458984375,1,MWI,1997,IHS-I,GPWG,N,c,0,1,0,0,1997,0,1997.83
1.191526174545288,1352.5062255859375,1,MWI,1997,IHS-I,GPWG,N,c,0,1,0,0,1997,0,1997.83
0.9126618504524231,1474.6162109375,1,MWI,1997,IHS-I,GPWG,N,c,0,1,0,0,1997,0,1997.83
4.870876312255859,148.87448120117188,1,MWI,1997,IHS-I,GPWG,N,c,0,1,0,0,1997,0,1997.83
1.7257789373397827,508.237060546875,1,MWI,1997,IHS-I,GPWG,N,c,0,1,0,0,1997,0,1997.83
3.6395983695983887,251.07113647460938,1,MWI,1997,IHS-I,GPWG,N,c,0,1,0,0,1997,0,1997.83
2.207624673843384,486.5491943359375,1,MWI,1997,IHS-I,GPWG,N,c,0,1,0,0,1997,0,1997.83
1.516897201538086,847.061767578125,1,MWI,1997,IHS-I,GPWG,N,c,0,1,0,0,1997,0,1997.83
1.722198724746704,777.5694580078125,1,MWI,1997,IHS-I,GPWG,N,c,0,1,0,0,1997,0,1997.83
5.9312543869018555,228.09091186523438,1,MWI,1997,IHS-I,GPWG,N,c,0,1,0,0,1997,0,1997.83
0.9734721779823303,1016.47412109375,1,MWI,1997,IHS-I,GPWG,N,c,0,1,0,0,1997,0,1997.83
1.898911476135254,1623.007568359375,1,MWI,1997,IHS-I,GPWG,N,c,0,1,0,0,1997,0,1997.83
1.288222074508667,1256.50341796875,1,MWI,1997,IHS-I,GPWG,N,c,0,1,0,0,1997,0,1997.83
8.54587173461914,522.1232299804688,1,MWI,1997,IHS-I,GPWG,N,c,0,1,0,0,1997,0,1997.83
9.8181734085083,151.73875427246094,1,MWI,1997,IHS-I,GPWG,N,c,0,1,0,0,1997,0,1997.83
2.226499080657959,750.7426147460938,1,MWI,1997,IHS-I,GPWG,N,c,0,1,0,0,1997,0,1997.83
1.7979999780654907,811.5037841796875,1,MWI,1997,IHS-I,GPWG,N,c,0,1,0,0,1997,0,1997.83
4.8675994873046875,187.2217559814453,1,MWI,1997,IHS-I,GPWG,N,c,0,1,0,0,1997,0,1997.83
3.789095640182495,695.3974609375,1,MWI,1997,IHS-I,GPWG,N,c,0,1,0,0,1997,0,1997.83
8.7664213180542,196.6864471435547,1,MWI,1997,IHS-I,GPWG,N,c,0,1,0,0,1997,0,1997.83
2.000424861907959,1135.2813720703125,1,MWI,1997,IHS-I,GPWG,N,c,0,1,0,0,1997,0,1997.83
3.70854115486145,151.73875427246094,1,MWI,1997,IHS-I,GPWG,N,c,0,1,0,0,1997,0,1997.83
1.0214074850082397,1016.47412109375,1,MWI,1997,IHS-I,GPWG,N,c,0,1,0,0,1997,0,1997.83
7.403442859649658,1304.2579345703125,1,MWI,1997,IHS-I,GPWG,N,c,0,1,0,0,1997,0,1997.83
1.9023592472076416,455.21624755859375,1,MWI,1997,IHS-I,GPWG,N,c,0,1,0,0,1997,0,1997.83
3.7745931148529053,231.7991485595703,1,MWI,1997,IHS-I,GPWG,N,c,0,1,0,0,1997,0,1997.83
27.342529296875,178.51271057128906,1,MWI,1997,IHS-I,GPWG,N,c,0,1,0,0,1997,0,1997.83
6.504422664642334,393.3728942871094,1,MWI,1997,IHS-I,GPWG,N,c,0,1,0,0,1997,0,1997.83
3.3762192726135254,338.82470703125,1,MWI,1997,IHS-I,GPWG,N,c,0,1,0,0,1997,0,1997.83
2.881330728530884,1475.315673828125,1,MWI,1997,IHS-I,GPWG,N,c,0,1,0,0,1997,0,1997.83
1.3885152339935303,631.9783935546875,1,MWI,1997,IHS-I,GPWG,N,c,0,1,0,0,1997,0,1997.83
2.5700504779815674,1004.2845458984375,1,MWI,1997,IHS-I,GPWG,N,c,0,1,0,0,1997,0,1997.83
4.926627159118652,162.1830596923828,1,MWI,1997,IHS-I,GPWG,N,c,0,1,0,0,1997,0,1997.83
3.7191402912139893,843.0375366210938,1,MWI,1997,IHS-I,GPWG,N,c,0,1,0,0,1997,0,1997.83
6.235192775726318,338.82470703125,1,MWI,1997,IHS-I,GPWG,N,c,0,1,0,0,1997,0,1997.83
2.287104368209839,502.60137939453125,1,MWI,1997,IHS-I,GPWG,N,c,0,1,0,0,1997,0,1997.83
3.781874418258667,162.1830596923828,1,MWI,1997,IHS-I,GPWG,N,c,0,1,0,0,1997,0,1997.83
1.6943910121917725,1149.770751953125,1,MWI,1997,IHS-I,GPWG,N,c,0,1,0,0,1997,0,1997.83
1.2613214254379272,1140.45458984375,1,MWI,1997,IHS-I,GPWG,N,c,0,1,0,0,1997,0,1997.83
3.7112865447998047,387.2400817871094,1,MWI,1997,IHS-I,GPWG,N,c,0,1,0,0,1997,0,1997.83
1.2035512924194336,464.5052490234375,1,MWI,1997,IHS-I,GPWG,N,c,0,1,0,0,1997,0,1997.83
9.736970901489258,1044.2464599609375,1,MWI,1997,IHS-I,GPWG,N,c,0,1,0,0,1997,0,1997.83
3.7101645469665527,187.68565368652344,1,MWI,1997,IHS-I,GPWG,N,c,0,1,0,0,1997,0,1997.83
1.4796139001846313,631.9783935546875,1,MWI,1997,IHS-I,GPWG,N,c,0,1,0,0,1997,0,1997.83
2.2530453205108643,1004.2845458984375,1,MWI,1997,IHS-I,GPWG,N,c,0,1,0,0,1997,0,1997.83
1.5759587287902832,1352.5062255859375,1,MWI,1997,IHS-I,GPWG,N,c,0,1,0,0,1997,0,1997.83
1.8690909147262573,1182.824951171875,1,MWI,1997,IHS-I,GPWG,N,c,0,1,0,0,1997,0,1997.83
2.1168787479400635,1956.386962890625,1,MWI,1997,IHS-I,GPWG,N,c,0,1,0,0,1997,0,1997.83
1.6339424848556519,753.902099609375,1,MWI,1997,IHS-I,GPWG,N,c,0,1,0,0,1997,0,1997.83
3.634552478790283,1297.4644775390625,1,MWI,1997,IHS-I,GPWG,N,c,0,1,0,0,1997,0,1997.83
3.710644006729126,1255.355712890625,1,MWI,1997,IHS-I,GPWG,N,c,0,1,0,0,1997,0,1997.83
3.0022246837615967,541.0025024414062,1,MWI,1997,IHS-I,GPWG,N,c,0,1,0,0,1997,0,1997.83
0.8028573393821716,774.4801635742188,1,MWI,1997,IHS-I,GPWG,N,c,0,1,0,0,1997,0,1997.83
1.9100881814956665,464.5052490234375,1,MWI,1997,IHS-I,GPWG,N,c,0,1,0,0,1997,0,1997.83
3.262953519821167,116.12631225585938,1,MWI,1997,IHS-I,GPWG,N,c,0,1,0,0,1997,0,1997.83
2.189206838607788,1213.9100341796875,1,MWI,1997,IHS-I,GPWG,N,c,0,1,0,0,1997,0,1997.83
2.901756525039673,1916.595458984375,1,MWI,1997,IHS-I,GPWG,N,c,0,1,0,0,1997,0,1997.83
0.41686227917671204,842.6378173828125,1,MWI,1997,IHS-I,GPWG,N,c,0,1,0,0,1997,0,1997.83
3.1989171504974365,1256.50341796875,1,MWI,1997,IHS-I,GPWG,N,c,0,1,0,0,1997,0,1997.83
2.001892566680908,1053.796875,1,MWI,1997,IHS-I,GPWG,N,c,0,1,0,0,1997,0,1997.83
1.2183201313018799,1437.446533203125,1,MWI,1997,IHS-I,GPWG,N,c,0,1,0,0,1997,0,1997.83
0.22816388309001923,1524.711181640625,1,MWI,1997,IHS-I,GPWG,N,c,0,1,0,0,1997,0,1997.83
2.8142595291137695,1036.75927734375,1,MWI,1997,IHS-I,GPWG,N,c,0,1,0,0,1997,0,1997.83
1.6409213542938232,3608.0,1,MWI,1997,IHS-I,GPWG,N,c,0,1,0,0,1997,0,1997.83
1.9395085573196411,1005.2027587890625,1,MWI,1997,IHS-I,GPWG,N,c,0,1,0,0,1997,0,1997.83
2.253746509552002,593.5999755859375,1,MWI,1997,IHS-I,GPWG,N,c,0,1,0,0,1997,0,1997.83
2.8783295154571533,684.272705078125,1,MWI,1997,IHS-I,GPWG,N,c,0,1,0,0,1997,0,1997.83
3.0018270015716553,1339.870361328125,1,MWI,1997,IHS-I,GPWG,N,c,0,1,0,0,1997,0,1997.83
2.3314266204833984,753.902099609375,1,MWI,1997,IHS-I,GPWG,N,c,0,1,0,0,1997,0,1997.83
1.037735104560852,1005.2027587890625,1,MWI,1997,IHS-I,GPWG,N,c,0,1,0,0,1997,0,1997.83
5.734165191650391,178.51271057128906,1,MWI,1997,IHS-I,GPWG,N,c,0,1,0,0,1997,0,1997.83
9.702877044677734,1827.4312744140625,1,MWI,1997,IHS-I,GPWG,N,c,0,1,0,0,1997,0,1997.83
6.4064555168151855,463.5982971191406,1,MWI,1997,IHS-I,GPWG,N,c,0,1,0,0,1997,0,1997.83
1.505387783050537,338.82470703125,1,MWI,1997,IHS-I,GPWG,N,c,0,1,0,0,1997,0,1997.83
2.212473154067993,606.9550170898438,1,MWI,1997,IHS-I,GPWG,N,c,0,1,0,0,1997,0,1997.83
4.072869300842285,755.1063232421875,1,MWI,1997,IHS-I,GPWG,N,c,0,1,0,0,1997,0,1997.83
1.0074094533920288,2164.010009765625,1,MWI,1997,IHS-I,GPWG,N,c,0,1,0,0,1997,0,1997.83
1.6029407978057861,1313.799560546875,1,MWI,1997,IHS-I,GPWG,N,c,0,1,0,0,1997,0,1997.83
0.594716489315033,1161.72021484375,1,MWI,1997,IHS-I,GPWG,N,c,0,1,0,0,1997,0,1997.83
1.4729639291763306,502.60137939453125,1,MWI,1997,IHS-I,GPWG,N,c,0,1,0,0,1997,0,1997.83
1.2552297115325928,348.3789367675781,1,MWI,1997,IHS-I,GPWG,N,c,0,1,0,0,1997,0,1997.83
3.155269145965576,652.1289672851562,1,MWI,1997,IHS-I,GPWG,N,c,0,1,0,0,1997,0,1997.83
3.0596444606781006,958.2977294921875,1,MWI,1997,IHS-I,GPWG,N,c,0,1,0,0,1997,0,1997.83
0.5182764530181885,1053.2972412109375,1,MWI,1997,IHS-I,GPWG,N,c,0,1,0,0,1997,0,1997.83
3.3456361293792725,210.75938415527344,1,MWI,1997,IHS-I,GPWG,N,c,0,1,0,0,1997,0,1997.83
0.9755799174308777,973.098388671875,1,MWI,1997,IHS-I,GPWG,N,c,0,1,0,0,1997,0,1997.83
3.424924373626709,251.30068969726562,1,MWI,1997,IHS-I,GPWG,N,c,0,1,0,0,1997,0,1997.83
1.2172430753707886,910.4324951171875,1,MWI,1997,IHS-I,GPWG,N,c,0,1,0,0,1997,0,1997.83
1.1703410148620605,677.6494140625,1,MWI,1997,IHS-I,GPWG,N,c,0,1,0,0,1997,0,1997.83
0.48979222774505615,348.3789367675781,1,MWI,1997,IHS-I,GPWG,N,c,0,1,0,0,1997,0,1997.83
2.181889533996582,2874.89306640625,1,MWI,1997,IHS-I,GPWG,N,c,0,1,0,0,1997,0,1997.83
1.928307056427002,668.7169799804688,1,MWI,1997,IHS-I,GPWG,N,c,0,1,0,0,1997,0,1997.83
1.4816055297851562,1256.50341796875,1,MWI,1997,IHS-I,GPWG,N,c,0,1,0,0,1997,0,1997.83
2.149763584136963,479.14886474609375,1,MWI,1997,IHS-I,GPWG,N,c,0,1,0,0,1997,0,1997.83
1.0124421119689941,632.2781372070312,1,MWI,1997,IHS-I,GPWG,N,c,0,1,0,0,1997,0,1997.83
2.361137628555298,927.1965942382812,1,MWI,1997,IHS-I,GPWG,N,c,0,1,0,0,1997,0,1997.83
3.63572359085083,231.7991485595703,1,MWI,1997,IHS-I,GPWG,N,c,0,1,0,0,1997,0,1997.83
3.887554168701172,580.860107421875,1,MWI,1997,IHS-I,GPWG,N,c,0,1,0,0,1997,0,1997.83
0.34966057538986206,1264.5562744140625,1,MWI,1997,IHS-I,GPWG,N,c,0,1,0,0,1997,0,1997.83
2.6110403537750244,927.1965942382812,1,MWI,1997,IHS-I,GPWG,N,c,0,1,0,0,1997,0,1997.83
10.731419563293457,927.1965942382812,1,MWI,1997,IHS-I,GPWG,N,c,0,1,0,0,1997,0,1997.83
1.8368206024169922,1135.2813720703125,1,MWI,1997,IHS-I,GPWG,N,c,0,1,0,0,1997,0,1997.83
4.857976913452148,375.3713073730469,1,MWI,1997,IHS-I,GPWG,N,c,0,1,0,0,1997,0,1997.83
4.400625705718994,786.7457885742188,1,MWI,1997,IHS-I,GPWG,N,c,0,1,0,0,1997,0,1997.83
3.2506542205810547,632.2781372070312,1,MWI,1997,IHS-I,GPWG,N,c,0,1,0,0,1997,0,1997.83
1.4589937925338745,2164.010009765625,1,MWI,1997,IHS-I,GPWG,N,c,0,1,0,0,1997,0,1997.83
2.451890468597412,453.0638122558594,1,MWI,1997,IHS-I,GPWG,N,c,0,1,0,0,1997,0,1997.83
1.455396294593811,1037.5,1,MWI,1997,IHS-I,GPWG,N,c,0,1,0,0,1997,0,1997.83
1.4906929731369019,1506.4267578125,1,MWI,1997,IHS-I,GPWG,N,c,0,1,0,0,1997,0,1997.83
2.5300841331481934,1126.1138916015625,1,MWI,1997,IHS-I,GPWG,N,c,0,1,0,0,1997,0,1997.83
1.4612544775009155,1213.9100341796875,1,MWI,1997,IHS-I,GPWG,N,c,0,1,0,0,1997,0,1997.83
4.157774925231934,810.915283203125,1,MWI,1997,IHS-I,GPWG,N,c,0,1,0,0,1997,0,1997.83
2.133568525314331,1114.5283203125,1,MWI,1997,IHS-I,GPWG,N,c,0,1,0,0,1997,0,1997.83
1.5243654251098633,973.098388671875,1,MWI,1997,IHS-I,GPWG,N,c,0,1,0,0,1997,0,1997.83
2.3805487155914307,456.18182373046875,1,MWI,1997,IHS-I,GPWG,N,c,0,1,0,0,1997,0,1997.83
3.6842031478881836,590.059326171875,1,MWI,1997,IHS-I,GPWG,N,c,0,1,0,0,1997,0,1997.83
1.5461575984954834,303.4775085449219,1,MWI,1997,IHS-I,GPWG,N,c,0,1,0,0,1997,0,1997.83
6.895352363586426,742.0,1,MWI,1997,IHS-I,GPWG,N,c,0,1,0,0,1997,0,1997.83
3.320385217666626,222.90565490722656,1,MWI,1997,IHS-I,GPWG,N,c,0,1,0,0,1997,0,1997.83
6.505020618438721,590.059326171875,1,MWI,1997,IHS-I,GPWG,N,c,0,1,0,0,1997,0,1997.83
0.9731472134590149,810.915283203125,1,MWI,1997,IHS-I,GPWG,N,c,0,1,0,0,1997,0,1997.83
3.827439308166504,810.915283203125,1,MWI,1997,IHS-I,GPWG,N,c,0,1,0,0,1997,0,1997.83
3.2693135738372803,632.2781372070312,1,MWI,1997,IHS-I,GPWG,N,c,0,1,0,0,1997,0,1997.83
1.9537627696990967,303.4775085449219,1,MWI,1997,IHS-I,GPWG,N,c,0,1,0,0,1997,0,1997.83
0.9687177538871765,1839.63330078125,1,MWI,1997,IHS-I,GPWG,N,c,0,1,0,0,1997,0,1997.83
6.783791542053223,528.574462890625,1,MWI,1997,IHS-I,GPWG,N,c,0,1,0,0,1997,0,1997.83
3.1025686264038086,114.04545593261719,1,MWI,1997,IHS-I,GPWG,N,c,0,1,0,0,1997,0,1997.83
2.2191498279571533,169.412353515625,1,MWI,1997,IHS-I,GPWG,N,c,0,1,0,0,1997,0,1997.83
2.9707839488983154,632.2781372070312,1,MWI,1997,IHS-I,GPWG,N,c,0,1,0,0,1997,0,1997.83
0.8101909160614014,929.010498046875,1,MWI,1997,IHS-I,GPWG,N,c,0,1,0,0,1997,0,1997.83
1.3921445608139038,632.2781372070312,1,MWI,1997,IHS-I,GPWG,N,c,0,1,0,0,1997,0,1997.83
1.2734971046447754,1916.595458984375,1,MWI,1997,IHS-I,GPWG,N,c,0,1,0,0,1997,0,1997.83
1.8099778890609741,910.4324951171875,1,MWI,1997,IHS-I,GPWG,N,c,0,1,0,0,1997,0,1997.83
2.5728447437286377,1126.1138916015625,1,MWI,1997,IHS-I,GPWG,N,c,0,1,0,0,1997,0,1997.83
2.5065979957580566,421.31890869140625,1,MWI,1997,IHS-I,GPWG,N,c,0,1,0,0,1997,0,1997.83
2.4815125465393066,776.8464965820312,1,MWI,1997,IHS-I,GPWG,N,c,0,1,0,0,1997,0,1997.83
3.0794482231140137,1053.796875,1,MWI,1997,IHS-I,GPWG,N,c,0,1,0,0,1997,0,1997.83
2.0803022384643555,151.73875427246094,1,MWI,1997,IHS-I,GPWG,N,c,0,1,0,0,1997,0,1997.83
2.3371310234069824,459.9083251953125,1,MWI,1997,IHS-I,GPWG,N,c,0,1,0,0,1997,0,1997.83
3.611699342727661,811.5037841796875,1,MWI,1997,IHS-I,GPWG,N,c,0,1,0,0,1997,0,1997.83
1.0547562837600708,1507.80419921875,1,MWI,1997,IHS-I,GPWG,N,c,0,1,0,0,1997,0,1997.83
1.204885721206665,973.098388671875,1,MWI,1997,IHS-I,GPWG,N,c,0,1,0,0,1997,0,1997.83
1.884170651435852,1082.0050048828125,1,MWI,1997,IHS-I,GPWG,N,c,0,1,0,0,1997,0,1997.83
0.9272929430007935,1916.595458984375,1,MWI,1997,IHS-I,GPWG,N,c,0,1,0,0,1997,0,1997.83
1.903213381767273,668.7169799804688,1,MWI,1997,IHS-I,GPWG,N,c,0,1,0,0,1997,0,1997.83
4.80065393447876,302.04254150390625,1,MWI,1997,IHS-I,GPWG,N,c,0,1,0,0,1997,0,1997.83
2.4571149349212646,1474.6162109375,1,MWI,1997,IHS-I,GPWG,N,c,0,1,0,0,1997,0,1997.83
1.003379225730896,1555.138916015625,1,MWI,1997,IHS-I,GPWG,N,c,0,1,0,0,1997,0,1997.83
1.7787562608718872,2349.554443359375,1,MWI,1997,IHS-I,GPWG,N,c,0,1,0,0,1997,0,1997.83
1.437622308731079,1149.770751953125,1,MWI,1997,IHS-I,GPWG,N,c,0,1,0,0,1997,0,1997.83
1.4152754545211792,2299.54150390625,1,MWI,1997,IHS-I,GPWG,N,c,0,1,0,0,1997,0,1997.83
1.2209060192108154,631.9783935546875,1,MWI,1997,IHS-I,GPWG,N,c,0,1,0,0,1997,0,1997.83
1.669670820236206,1256.50341796875,1,MWI,1997,IHS-I,GPWG,N,c,0,1,0,0,1997,0,1997.83
0.7471403479576111,936.1087646484375,1,MWI,1997,IHS-I,GPWG,N,c,0,1,0,0,1997,0,1997.83
1.8888165950775146,446.6234436035156,1,MWI,1997,IHS-I,GPWG,N,c,0,1,0,0,1997,0,1997.83
8.957793235778809,151.02127075195312,1,MWI,1997,IHS-I,GPWG,N,c,0,1,0,0,1997,0,1997.83
2.7391741275787354,1376.80517578125,1,MWI,1997,IHS-I,GPWG,N,c,0,1,0,0,1997,0,1997.83
11.487831115722656,393.3728942871094,1,MWI,1997,IHS-I,GPWG,N,c,0,1,0,0,1997,0,1997.83
2.65521502494812,375.3713073730469,1,MWI,1997,IHS-I,GPWG,N,c,0,1,0,0,1997,0,1997.83
1.5683400630950928,455.21624755859375,1,MWI,1997,IHS-I,GPWG,N,c,0,1,0,0,1997,0,1997.83
1.348929524421692,631.9783935546875,1,MWI,1997,IHS-I,GPWG,N,c,0,1,0,0,1997,0,1997.83
7.192566394805908,374.4435119628906,1,MWI,1997,IHS-I,GPWG,N,c,0,1,0,0,1997,0,1997.83
0.2764711380004883,811.5037841796875,1,MWI,1997,IHS-I,GPWG,N,c,0,1,0,0,1997,0,1997.83
4.8906097412109375,303.4775085449219,1,MWI,1997,IHS-I,GPWG,N,c,0,1,0,0,1997,0,1997.83
3.3019447326660156,453.0638122558594,1,MWI,1997,IHS-I,GPWG,N,c,0,1,0,0,1997,0,1997.83
12.035710334777832,196.6864471435547,1,MWI,1997,IHS-I,GPWG,N,c,0,1,0,0,1997,0,1997.83
2.0190188884735107,830.6170043945312,1,MWI,1997,IHS-I,GPWG,N,c,0,1,0,0,1997,0,1997.83
4.654594898223877,393.3728942871094,1,MWI,1997,IHS-I,GPWG,N,c,0,1,0,0,1997,0,1997.83
2.603394031524658,338.82470703125,1,MWI,1997,IHS-I,GPWG,N,c,0,1,0,0,1997,0,1997.83
1.5363850593566895,936.1087646484375,1,MWI,1997,IHS-I,GPWG,N,c,0,1,0,0,1997,0,1997.83
8.522984504699707,1086.881591796875,1,MWI,1997,IHS-I,GPWG,N,c,0,1,0,0,1997,0,1997.83
1.2403631210327148,847.061767578125,1,MWI,1997,IHS-I,GPWG,N,c,0,1,0,0,1997,0,1997.83
1.5557382106781006,1507.80419921875,1,MWI,1997,IHS-I,GPWG,N,c,0,1,0,0,1997,0,1997.83
4.778936862945557,590.059326171875,1,MWI,1997,IHS-I,GPWG,N,c,0,1,0,0,1997,0,1997.83
4.133363246917725,593.5999755859375,1,MWI,1997,IHS-I,GPWG,N,c,0,1,0,0,1997,0,1997.83
1.4314895868301392,297.52117919921875,1,MWI,1997,IHS-I,GPWG,N,c,0,1,0,0,1997,0,1997.83
4.546433925628662,631.9783935546875,1,MWI,1997,IHS-I,GPWG,N,c,0,1,0,0,1997,0,1997.83
1.9928076267242432,750.7426147460938,1,MWI,1997,IHS-I,GPWG,N,c,0,1,0,0,1997,0,1997.83
2.36545729637146,1757.4979248046875,1,MWI,1997,IHS-I,GPWG,N,c,0,1,0,0,1997,0,1997.83
5.055938720703125,119.00847625732422,1,MWI,1997,IHS-I,GPWG,N,c,0,1,0,0,1997,0,1997.83
4.007956504821777,1042.121337890625,1,MWI,1997,IHS-I,GPWG,N,c,0,1,0,0,1997,0,1997.83
7.462028503417969,302.04254150390625,1,MWI,1997,IHS-I,GPWG,N,c,0,1,0,0,1997,0,1997.83
2.087003469467163,238.01695251464844,1,MWI,1997,IHS-I,GPWG,N,c,0,1,0,0,1997,0,1997.83
1.9431405067443848,563.0569458007812,1,MWI,1997,IHS-I,GPWG,N,c,0,1,0,0,1997,0,1997.83
1.226269006729126,1820.864990234375,1,MWI,1997,IHS-I,GPWG,N,c,0,1,0,0,1997,0,1997.83
8.364615440368652,393.3728942871094,1,MWI,1997,IHS-I,GPWG,N,c,0,1,0,0,1997,0,1997.83
3.5619630813598633,1082.0050048828125,1,MWI,1997,IHS-I,GPWG,N,c,0,1,0,0,1997,0,1997.83
4.889232158660889,393.3728942871094,1,MWI,1997,IHS-I,GPWG,N,c,0,1,0,0,1997,0,1997.83
1.7869352102279663,580.860107421875,1,MWI,1997,IHS-I,GPWG,N,c,0,1,0,0,1997,0,1997.83
1.9200361967086792,1126.1138916015625,1,MWI,1997,IHS-I,GPWG,N,c,0,1,0,0,1997,0,1997.83
2.271383285522461,695.3974609375,1,MWI,1997,IHS-I,GPWG,N,c,0,1,0,0,1997,0,1997.83
2.4161489009857178,1935.3682861328125,1,MWI,1997,IHS-I,GPWG,N,c,0,1,0,0,1997,0,1997.83
1.6790047883987427,1390.794921875,1,MWI,1997,IHS-I,GPWG,N,c,0,1,0,0,1997,0,1997.83
2.499455451965332,342.1363525390625,1,MWI,1997,IHS-I,GPWG,N,c,0,1,0,0,1997,0,1997.83
1.6980856657028198,830.6170043945312,1,MWI,1997,IHS-I,GPWG,N,c,0,1,0,0,1997,0,1997.83
2.057192087173462,324.3661193847656,1,MWI,1997,IHS-I,GPWG,N,c,0,1,0,0,1997,0,1997.83
0.5791734457015991,1036.75927734375,1,MWI,1997,IHS-I,GPWG,N,c,0,1,0,0,1997,0,1997.83
1.754990577697754,1461.3845825195312,2,MWI,1997,IHS-I,GPWG,N,c,0,1,0,0,1997,0,1997.83
1.1635349988937378,570.227294921875,1,MWI,1997,IHS-I,GPWG,N,c,0,1,0,0,1997,0,1997.83
1.450196385383606,843.0375366210938,1,MWI,1997,IHS-I,GPWG,N,c,0,1,0,0,1997,0,1997.83
1.6925032138824463,910.4324951171875,1,MWI,1997,IHS-I,GPWG,N,c,0,1,0,0,1997,0,1997.83
1.5400553941726685,968.1002197265625,1,MWI,1997,IHS-I,GPWG,N,c,0,1,0,0,1997,0,1997.83
5.1228179931640625,453.0638122558594,1,MWI,1997,IHS-I,GPWG,N,c,0,1,0,0,1997,0,1997.83
1.8611818552017212,891.6226196289062,1,MWI,1997,IHS-I,GPWG,N,c,0,1,0,0,1997,0,1997.83
11.388530731201172,393.3728942871094,1,MWI,1997,IHS-I,GPWG,N,c,0,1,0,0,1997,0,1997.83
2.2580976486206055,338.82470703125,1,MWI,1997,IHS-I,GPWG,N,c,0,1,0,0,1997,0,1997.83
2.245857000350952,1036.75927734375,1,MWI,1997,IHS-I,GPWG,N,c,0,1,0,0,1997,0,1997.83
1.3054279088974,1742.580322265625,1,MWI,1997,IHS-I,GPWG,N,c,0,1,0,0,1997,0,1997.83
3.7276458740234375,116.12631225585938,1,MWI,1997,IHS-I,GPWG,N,c,0,1,0,0,1997,0,1997.83
0.972794234752655,1623.007568359375,1,MWI,1997,IHS-I,GPWG,N,c,0,1,0,0,1997,0,1997.83
1.5083340406417847,938.4282836914062,1,MWI,1997,IHS-I,GPWG,N,c,0,1,0,0,1997,0,1997.83
1.8106472492218018,232.25262451171875,1,MWI,1997,IHS-I,GPWG,N,c,0,1,0,0,1997,0,1997.83
1.0683364868164062,580.860107421875,1,MWI,1997,IHS-I,GPWG,N,c,0,1,0,0,1997,0,1997.83
1.0844438076019287,1264.5562744140625,1,MWI,1997,IHS-I,GPWG,N,c,0,1,0,0,1997,0,1997.83
4.3267621994018555,595.4979248046875,1,MWI,1997,IHS-I,GPWG,N,c,0,1,0,0,1997,0,1997.83
1.476207971572876,1313.799560546875,1,MWI,1997,IHS-I,GPWG,N,c,0,1,0,0,1997,0,1997.83
4.534334182739258,445.1999816894531,1,MWI,1997,IHS-I,GPWG,N,c,0,1,0,0,1997,0,1997.83
6.4014363288879395,1459.6475830078125,1,MWI,1997,IHS-I,GPWG,N,c,0,1,0,0,1997,0,1997.83
3.2438554763793945,148.87448120117188,1,MWI,1997,IHS-I,GPWG,N,c,0,1,0,0,1997,0,1997.83
6.625758647918701,296.79998779296875,1,MWI,1997,IHS-I,GPWG,N,c,0,1,0,0,1997,0,1997.83
5.94801139831543,590.059326171875,1,MWI,1997,IHS-I,GPWG,N,c,0,1,0,0,1997,0,1997.83
5.009663105010986,169.412353515625,1,MWI,1997,IHS-I,GPWG,N,c,0,1,0,0,1997,0,1997.83
3.7273008823394775,1004.2845458984375,1,MWI,1997,IHS-I,GPWG,N,c,0,1,0,0,1997,0,1997.83
3.6881515979766846,151.73875427246094,1,MWI,1997,IHS-I,GPWG,N,c,0,1,0,0,1997,0,1997.83
0.9386049509048462,1839.63330078125,1,MWI,1997,IHS-I,GPWG,N,c,0,1,0,0,1997,0,1997.83
1.922607183456421,777.5694580078125,1,MWI,1997,IHS-I,GPWG,N,c,0,1,0,0,1997,0,1997.83
15.494754791259766,261.0616149902344,1,MWI,1997,IHS-I,GPWG,N,c,0,1,0,0,1997,0,1997.83
2.1223862171173096,2075.0,1,MWI,1997,IHS-I,GPWG,N,c,0,1,0,0,1997,0,1997.83
0.36586785316467285,1475.315673828125,1,MWI,1997,IHS-I,GPWG,N,c,0,1,0,0,1997,0,1997.83
3.9643287658691406,463.5982971191406,1,MWI,1997,IHS-I,GPWG,N,c,0,1,0,0,1997,0,1997.83
0.34912797808647156,1355.34033203125,1,MWI,1997,IHS-I,GPWG,N,c,0,1,0,0,1997,0,1997.83
1.1446585655212402,677.6494140625,1,MWI,1997,IHS-I,GPWG,N,c,0,1,0,0,1997,0,1997.83
0.8946070671081543,968.1002197265625,1,MWI,1997,IHS-I,GPWG,N,c,0,1,0,0,1997,0,1997.83
1.5168544054031372,456.18182373046875,1,MWI,1997,IHS-I,GPWG,N,c,0,1,0,0,1997,0,1997.83
1.6879264116287231,936.1087646484375,1,MWI,1997,IHS-I,GPWG,N,c,0,1,0,0,1997,0,1997.83
2.721919298171997,1437.446533203125,1,MWI,1997,IHS-I,GPWG,N,c,0,1,0,0,1997,0,1997.83
5.424015045166016,632.2781372070312,1,MWI,1997,IHS-I,GPWG,N,c,0,1,0,0,1997,0,1997.83
8.254523277282715,162.1830596923828,1,MWI,1997,IHS-I,GPWG,N,c,0,1,0,0,1997,0,1997.83
0.6008254885673523,1053.2972412109375,1,MWI,1997,IHS-I,GPWG,N,c,0,1,0,0,1997,0,1997.83
1.2400100231170654,1295.9490966796875,1,MWI,1997,IHS-I,GPWG,N,c,0,1,0,0,1997,0,1997.83
1.8584556579589844,1501.4852294921875,1,MWI,1997,IHS-I,GPWG,N,c,0,1,0,0,1997,0,1997.83
1.9554789066314697,518.379638671875,1,MWI,1997,IHS-I,GPWG,N,c,0,1,0,0,1997,0,1997.83
2.3625857830047607,148.87448120117188,1,MWI,1997,IHS-I,GPWG,N,c,0,1,0,0,1997,0,1997.83
1.6809529066085815,1548.9603271484375,1,MWI,1997,IHS-I,GPWG,N,c,0,1,0,0,1997,0,1997.83
1.6795929670333862,1815.625,1,MWI,1997,IHS-I,GPWG,N,c,0,1,0,0,1997,0,1997.83
1.5790852308273315,348.3789367675781,1,MWI,1997,IHS-I,GPWG,N,c,0,1,0,0,1997,0,1997.83
2.843384027481079,446.6234436035156,1,MWI,1997,IHS-I,GPWG,N,c,0,1,0,0,1997,0,1997.83
1.4636074304580688,1135.2813720703125,1,MWI,1997,IHS-I,GPWG,N,c,0,1,0,0,1997,0,1997.83
3.392911672592163,1053.796875,1,MWI,1997,IHS-I,GPWG,N,c,0,1,0,0,1997,0,1997.83
1.2537719011306763,187.68565368652344,1,MWI,1997,IHS-I,GPWG,N,c,0,1,0,0,1997,0,1997.83
3.2227582931518555,1053.2972412109375,1,MWI,1997,IHS-I,GPWG,N,c,0,1,0,0,1997,0,1997.83
2.2762272357940674,893.2468872070312,1,MWI,1997,IHS-I,GPWG,N,c,0,1,0,0,1997,0,1997.83
4.238343238830566,393.3728942871094,1,MWI,1997,IHS-I,GPWG,N,c,0,1,0,0,1997,0,1997.83
1.40059232711792,541.0025024414062,1,MWI,1997,IHS-I,GPWG,N,c,0,1,0,0,1997,0,1997.83
1.8071495294570923,1686.0750732421875,1,MWI,1997,IHS-I,GPWG,N,c,0,1,0,0,1997,0,1997.83
2.5495307445526123,648.7322387695312,1,MWI,1997,IHS-I,GPWG,N,c,0,1,0,0,1997,0,1997.83
2.5673296451568604,750.7426147460938,1,MWI,1997,IHS-I,GPWG,N,c,0,1,0,0,1997,0,1997.83
1.9995135068893433,193.6200408935547,1,MWI,1997,IHS-I,GPWG,N,c,0,1,0,0,1997,0,1997.83
0.8839851021766663,842.6378173828125,1,MWI,1997,IHS-I,GPWG,N,c,0,1,0,0,1997,0,1997.83
3.3701796531677246,375.3713073730469,1,MWI,1997,IHS-I,GPWG,N,c,0,1,0,0,1997,0,1997.83
3.274094343185425,162.1830596923828,1,MWI,1997,IHS-I,GPWG,N,c,0,1,0,0,1997,0,1997.83
1.2198110818862915,1053.796875,1,MWI,1997,IHS-I,GPWG,N,c,0,1,0,0,1997,0,1997.83
4.118433475494385,210.75938415527344,1,MWI,1997,IHS-I,GPWG,N,c,0,1,0,0,1997,0,1997.83
1.6352710723876953,1295.9490966796875,1,MWI,1997,IHS-I,GPWG,N,c,0,1,0,0,1997,0,1997.83
4.884167671203613,357.0254211425781,1,MWI,1997,IHS-I,GPWG,N,c,0,1,0,0,1997,0,1997.83
2.3640942573547363,631.9783935546875,1,MWI,1997,IHS-I,GPWG,N,c,0,1,0,0,1997,0,1997.83
2.3395681381225586,1896.83447265625,1,MWI,1997,IHS-I,GPWG,N,c,0,1,0,0,1997,0,1997.83
2.6492879390716553,445.1999816894531,1,MWI,1997,IHS-I,GPWG,N,c,0,1,0,0,1997,0,1997.83
1.0692945718765259,1553.6929931640625,1,MWI,1997,IHS-I,GPWG,N,c,0,1,0,0,1997,0,1997.83
1.934582233428955,632.2781372070312,1,MWI,1997,IHS-I,GPWG,N,c,0,1,0,0,1997,0,1997.83
1.39461350440979,1053.796875,1,MWI,1997,IHS-I,GPWG,N,c,0,1,0,0,1997,0,1997.83
5.725218772888184,148.39999389648438,1,MWI,1997,IHS-I,GPWG,N,c,0,1,0,0,1997,0,1997.83
7.777650833129883,393.3728942871094,1,MWI,1997,IHS-I,GPWG,N,c,0,1,0,0,1997,0,1997.83
3.315577983856201,1037.5,1,MWI,1997,IHS-I,GPWG,N,c,0,1,0,0,1997,0,1997.83
4.148137092590332,927.1965942382812,1,MWI,1997,IHS-I,GPWG,N,c,0,1,0,0,1997,0,1997.83
1.0276755094528198,1263.956787109375,1,MWI,1997,IHS-I,GPWG,N,c,0,1,0,0,1997,0,1997.83
1.6199467182159424,210.75938415527344,1,MWI,1997,IHS-I,GPWG,N,c,0,1,0,0,1997,0,1997.83
1.272107481956482,842.6378173828125,1,MWI,1997,IHS-I,GPWG,N,c,0,1,0,0,1997,0,1997.83
1.6858192682266235,116.12631225585938,1,MWI,1997,IHS-I,GPWG,N,c,0,1,0,0,1997,0,1997.83
9.15927791595459,178.51271057128906,1,MWI,1997,IHS-I,GPWG,N,c,0,1,0,0,1997,0,1997.83
2.495077133178711,1577.0999755859375,1,MWI,1997,IHS-I,GPWG,N,c,0,1,0,0,1997,0,1997.83
1.4460124969482422,696.7578735351562,1,MWI,1997,IHS-I,GPWG,N,c,0,1,0,0,1997,0,1997.83
0.7627050280570984,541.0025024414062,1,MWI,1997,IHS-I,GPWG,N,c,0,1,0,0,1997,0,1997.83
2.619755506515503,508.237060546875,1,MWI,1997,IHS-I,GPWG,N,c,0,1,0,0,1997,0,1997.83
1.482924222946167,1264.5562744140625,1,MWI,1997,IHS-I,GPWG,N,c,0,1,0,0,1997,0,1997.83
1.9672622680664062,595.4979248046875,1,MWI,1997,IHS-I,GPWG,N,c,0,1,0,0,1997,0,1997.83
48.10678482055664,393.3728942871094,1,MWI,1997,IHS-I,GPWG,N,c,0,1,0,0,1997,0,1997.83
2.7411959171295166,648.7322387695312,1,MWI,1997,IHS-I,GPWG,N,c,0,1,0,0,1997,0,1997.83
0.4405042231082916,1352.5062255859375,1,MWI,1997,IHS-I,GPWG,N,c,0,1,0,0,1997,0,1997.83
2.364367723464966,632.2781372070312,1,MWI,1997,IHS-I,GPWG,N,c,0,1,0,0,1997,0,1997.83
3.788848638534546,375.3713073730469,1,MWI,1997,IHS-I,GPWG,N,c,0,1,0,0,1997,0,1997.83
4.013317584991455,387.2400817871094,1,MWI,1997,IHS-I,GPWG,N,c,0,1,0,0,1997,0,1997.83
2.2450270652770996,689.8624877929688,1,MWI,1997,IHS-I,GPWG,N,c,0,1,0,0,1997,0,1997.83
1.2096483707427979,1036.75927734375,1,MWI,1997,IHS-I,GPWG,N,c,0,1,0,0,1997,0,1997.83
4.856510639190674,1573.4915771484375,1,MWI,1997,IHS-I,GPWG,N,c,0,1,0,0,1997,0,1997.83
0.45422419905662537,910.4324951171875,1,MWI,1997,IHS-I,GPWG,N,c,0,1,0,0,1997,0,1997.83
1.9962693452835083,193.6200408935547,1,MWI,1997,IHS-I,GPWG,N,c,0,1,0,0,1997,0,1997.83
1.7957358360290527,508.237060546875,1,MWI,1997,IHS-I,GPWG,N,c,0,1,0,0,1997,0,1997.83
2.2603230476379395,541.0025024414062,1,MWI,1997,IHS-I,GPWG,N,c,0,1,0,0,1997,0,1997.83
1.2366913557052612,1295.9490966796875,1,MWI,1997,IHS-I,GPWG,N,c,0,1,0,0,1997,0,1997.83
4.8382248878479,148.87448120117188,1,MWI,1997,IHS-I,GPWG,N,c,0,1,0,0,1997,0,1997.83
3.4714601039886475,114.04545593261719,1,MWI,1997,IHS-I,GPWG,N,c,0,1,0,0,1997,0,1997.83
1.112462043762207,1814.3287353515625,1,MWI,1997,IHS-I,GPWG,N,c,0,1,0,0,1997,0,1997.83
1.374244213104248,455.21624755859375,1,MWI,1997,IHS-I,GPWG,N,c,0,1,0,0,1997,0,1997.83
2.1647520065307617,1165.269775390625,1,MWI,1997,IHS-I,GPWG,N,c,0,1,0,0,1997,0,1997.83
1.8455933332443237,1158.9957275390625,1,MWI,1997,IHS-I,GPWG,N,c,0,1,0,0,1997,0,1997.83
9.310895919799805,393.3728942871094,1,MWI,1997,IHS-I,GPWG,N,c,0,1,0,0,1997,0,1997.83
9.128280639648438,502.60137939453125,1,MWI,1997,IHS-I,GPWG,N,c,0,1,0,0,1997,0,1997.83
9.395087242126465,502.60137939453125,1,MWI,1997,IHS-I,GPWG,N,c,0,1,0,0,1997,0,1997.83
2.426851272583008,210.65945434570312,1,MWI,1997,IHS-I,GPWG,N,c,0,1,0,0,1997,0,1997.83
1.5578999519348145,563.0569458007812,1,MWI,1997,IHS-I,GPWG,N,c,0,1,0,0,1997,0,1997.83
0.38010162115097046,677.6494140625,1,MWI,1997,IHS-I,GPWG,N,c,0,1,0,0,1997,0,1997.83
14.318665504455566,786.7457885742188,1,MWI,1997,IHS-I,GPWG,N,c,0,1,0,0,1997,0,1997.83
2.2532882690429688,631.9783935546875,1,MWI,1997,IHS-I,GPWG,N,c,0,1,0,0,1997,0,1997.83
5.859567642211914,463.5982971191406,1,MWI,1997,IHS-I,GPWG,N,c,0,1,0,0,1997,0,1997.83
0.5262928009033203,1689.1708984375,1,MWI,1997,IHS-I,GPWG,N,c,0,1,0,0,1997,0,1997.83
53.2318115234375,261.0616149902344,1,MWI,1997,IHS-I,GPWG,N,c,0,1,0,0,1997,0,1997.83
3.045170545578003,632.2781372070312,1,MWI,1997,IHS-I,GPWG,N,c,0,1,0,0,1997,0,1997.83
5.178880214691162,374.4435119628906,1,MWI,1997,IHS-I,GPWG,N,c,0,1,0,0,1997,0,1997.83
1.3213506937026978,1622.593994140625,1,MWI,1997,IHS-I,GPWG,N,c,0,1,0,0,1997,0,1997.83
1.4347963333129883,1126.1138916015625,1,MWI,1997,IHS-I,GPWG,N,c,0,1,0,0,1997,0,1997.83
1.2260769605636597,1053.2972412109375,1,MWI,1997,IHS-I,GPWG,N,c,0,1,0,0,1997,0,1997.83
17.04161834716797,1256.50341796875,1,MWI,1997,IHS-I,GPWG,N,c,0,1,0,0,1997,0,1997.83
0.8932765126228333,1165.269775390625,1,MWI,1997,IHS-I,GPWG,N,c,0,1,0,0,1997,0,1997.83
1.3597184419631958,535.5381469726562,1,MWI,1997,IHS-I,GPWG,N,c,0,1,0,0,1997,0,1997.83
2.676760673522949,753.21337890625,1,MWI,1997,IHS-I,GPWG,N,c,0,1,0,0,1997,0,1997.83
0.6945198178291321,1053.2972412109375,1,MWI,1997,IHS-I,GPWG,N,c,0,1,0,0,1997,0,1997.83
1.5457429885864258,1376.80517578125,1,MWI,1997,IHS-I,GPWG,N,c,0,1,0,0,1997,0,1997.83
3.7404866218566895,421.5187683105469,1,MWI,1997,IHS-I,GPWG,N,c,0,1,0,0,1997,0,1997.83
1.383010983467102,842.6378173828125,1,MWI,1997,IHS-I,GPWG,N,c,0,1,0,0,1997,0,1997.83
1.927825927734375,1376.80517578125,1,MWI,1997,IHS-I,GPWG,N,c,0,1,0,0,1997,0,1997.83
3.225908041000366,3495.809326171875,1,MWI,1997,IHS-I,GPWG,N,c,0,1,0,0,1997,0,1997.83
2.8723831176757812,1313.799560546875,1,MWI,1997,IHS-I,GPWG,N,c,0,1,0,0,1997,0,1997.83
1.4795558452606201,508.237060546875,1,MWI,1997,IHS-I,GPWG,N,c,0,1,0,0,1997,0,1997.83
1.5925028324127197,842.6378173828125,1,MWI,1997,IHS-I,GPWG,N,c,0,1,0,0,1997,0,1997.83
2.2273786067962646,210.75938415527344,1,MWI,1997,IHS-I,GPWG,N,c,0,1,0,0,1997,0,1997.83
2.213951349258423,6314.0,1,MWI,1997,IHS-I,GPWG,N,c,0,1,0,0,1997,0,1997.83
6.406793117523193,296.79998779296875,1,MWI,1997,IHS-I,GPWG,N,c,0,1,0,0,1997,0,1997.83
0.9369284510612488,421.31890869140625,1,MWI,1997,IHS-I,GPWG,N,c,0,1,0,0,1997,0,1997.83
1.0136164426803589,968.1002197265625,1,MWI,1997,IHS-I,GPWG,N,c,0,1,0,0,1997,0,1997.83
3.0759029388427734,222.90565490722656,1,MWI,1997,IHS-I,GPWG,N,c,0,1,0,0,1997,0,1997.83
2.641871452331543,421.5187683105469,1,MWI,1997,IHS-I,GPWG,N,c,0,1,0,0,1997,0,1997.83
1.641188383102417,958.2977294921875,1,MWI,1997,IHS-I,GPWG,N,c,0,1,0,0,1997,0,1997.83
14.354981422424316,1305.30810546875,1,MWI,1997,IHS-I,GPWG,N,c,0,1,0,0,1997,0,1997.83
3.6490888595581055,446.6234436035156,1,MWI,1997,IHS-I,GPWG,N,c,0,1,0,0,1997,0,1997.83
2.573530673980713,744.3724365234375,1,MWI,1997,IHS-I,GPWG,N,c,0,1,0,0,1997,0,1997.83
2.371253728866577,541.0025024414062,1,MWI,1997,IHS-I,GPWG,N,c,0,1,0,0,1997,0,1997.83
2.30411958694458,3157.0,1,MWI,1997,IHS-I,GPWG,N,c,0,1,0,0,1997,0,1997.83
1.914601445198059,1264.5562744140625,1,MWI,1997,IHS-I,GPWG,N,c,0,1,0,0,1997,0,1997.83
1.5187153816223145,1016.47412109375,1,MWI,1997,IHS-I,GPWG,N,c,0,1,0,0,1997,0,1997.83
1.6543463468551636,648.7322387695312,1,MWI,1997,IHS-I,GPWG,N,c,0,1,0,0,1997,0,1997.83
1.9702225923538208,684.272705078125,1,MWI,1997,IHS-I,GPWG,N,c,0,1,0,0,1997,0,1997.83
1.9144912958145142,1263.956787109375,1,MWI,1997,IHS-I,GPWG,N,c,0,1,0,0,1997,0,1997.83
5.349888324737549,1566.36962890625,1,MWI,1997,IHS-I,GPWG,N,c,0,1,0,0,1997,0,1997.83
7.760712623596191,810.915283203125,1,MWI,1997,IHS-I,GPWG,N,c,0,1,0,0,1997,0,1997.83
2.741302251815796,563.0569458007812,1,MWI,1997,IHS-I,GPWG,N,c,0,1,0,0,1997,0,1997.83
3.0460317134857178,2825.892333984375,1,MWI,1997,IHS-I,GPWG,N,c,0,1,0,0,1997,0,1997.83
0.5867347717285156,847.061767578125,1,MWI,1997,IHS-I,GPWG,N,c,0,1,0,0,1997,0,1997.83
1.7621089220046997,684.272705078125,1,MWI,1997,IHS-I,GPWG,N,c,0,1,0,0,1997,0,1997.83
2.7766833305358887,456.18182373046875,1,MWI,1997,IHS-I,GPWG,N,c,0,1,0,0,1997,0,1997.83
1.8273941278457642,1053.796875,1,MWI,1997,IHS-I,GPWG,N,c,0,1,0,0,1997,0,1997.83
2.0110273361206055,455.21624755859375,1,MWI,1997,IHS-I,GPWG,N,c,0,1,0,0,1997,0,1997.83
1.1526349782943726,1553.6929931640625,1,MWI,1997,IHS-I,GPWG,N,c,0,1,0,0,1997,0,1997.83
2.420114755630493,1507.80419921875,1,MWI,1997,IHS-I,GPWG,N,c,0,1,0,0,1997,0,1997.83
2.200517416000366,3015.6083984375,1,MWI,1997,IHS-I,GPWG,N,c,0,1,0,0,1997,0,1997.83
2.0266051292419434,2010.405517578125,1,MWI,1997,IHS-I,GPWG,N,c,0,1,0,0,1997,0,1997.83
0.8602549433708191,1622.593994140625,1,MWI,1997,IHS-I,GPWG,N,c,0,1,0,0,1997,0,1997.83
7.056171417236328,463.5982971191406,1,MWI,1997,IHS-I,GPWG,N,c,0,1,0,0,1997,0,1997.83
0.9965104460716248,421.5187683105469,1,MWI,1997,IHS-I,GPWG,N,c,0,1,0,0,1997,0,1997.83
5.25101375579834,1573.4915771484375,1,MWI,1997,IHS-I,GPWG,N,c,0,1,0,0,1997,0,1997.83
3.772768974304199,508.237060546875,1,MWI,1997,IHS-I,GPWG,N,c,0,1,0,0,1997,0,1997.83
1.5790737867355347,1264.5562744140625,1,MWI,1997,IHS-I,GPWG,N,c,0,1,0,0,1997,0,1997.83
4.764439105987549,1742.580322265625,1,MWI,1997,IHS-I,GPWG,N,c,0,1,0,0,1997,0,1997.83
1.4395471811294556,1507.80419921875,1,MWI,1997,IHS-I,GPWG,N,c,0,1,0,0,1997,0,1997.83
1.3946051597595215,1560.339599609375,1,MWI,1997,IHS-I,GPWG,N,c,0,1,0,0,1997,0,1997.83
1.0357919931411743,455.21624755859375,1,MWI,1997,IHS-I,GPWG,N,c,0,1,0,0,1997,0,1997.83
10.977350234985352,783.184814453125,1,MWI,1997,IHS-I,GPWG,N,c,0,1,0,0,1997,0,1997.83
2.5409328937530518,774.4801635742188,1,MWI,1997,IHS-I,GPWG,N,c,0,1,0,0,1997,0,1997.83
1.1986476182937622,1037.5,1,MWI,1997,IHS-I,GPWG,N,c,0,1,0,0,1997,0,1997.83
0.9766665697097778,486.5491943359375,1,MWI,1997,IHS-I,GPWG,N,c,0,1,0,0,1997,0,1997.83
4.06598424911499,648.7322387695312,1,MWI,1997,IHS-I,GPWG,N,c,0,1,0,0,1997,0,1997.83
1.301903486251831,1893.5087890625,1,MWI,1997,IHS-I,GPWG,N,c,0,1,0,0,1997,0,1997.83
2.105092763900757,151.73875427246094,1,MWI,1997,IHS-I,GPWG,N,c,0,1,0,0,1997,0,1997.83
1.9369237422943115,750.7426147460938,1,MWI,1997,IHS-I,GPWG,N,c,0,1,0,0,1997,0,1997.83
1.9056918621063232,695.3974609375,1,MWI,1997,IHS-I,GPWG,N,c,0,1,0,0,1997,0,1997.83
0.45007508993148804,1895.93505859375,1,MWI,1997,IHS-I,GPWG,N,c,0,1,0,0,1997,0,1997.83
2.316624402999878,193.6200408935547,1,MWI,1997,IHS-I,GPWG,N,c,0,1,0,0,1997,0,1997.83
3.2517833709716797,162.1830596923828,1,MWI,1997,IHS-I,GPWG,N,c,0,1,0,0,1997,0,1997.83
0.9599320292472839,1521.63427734375,1,MWI,1997,IHS-I,GPWG,N,c,0,1,0,0,1997,0,1997.83
1.1349176168441772,1016.47412109375,1,MWI,1997,IHS-I,GPWG,N,c,0,1,0,0,1997,0,1997.83
2.68276047706604,983.4322509765625,1,MWI,1997,IHS-I,GPWG,N,c,0,1,0,0,1997,0,1997.83
2.427621841430664,375.3713073730469,1,MWI,1997,IHS-I,GPWG,N,c,0,1,0,0,1997,0,1997.83
1.9311209917068481,869.5053100585938,1,MWI,1997,IHS-I,GPWG,N,c,0,1,0,0,1997,0,1997.83
2.6941211223602295,302.04254150390625,1,MWI,1997,IHS-I,GPWG,N,c,0,1,0,0,1997,0,1997.83
2.2542638778686523,151.73875427246094,1,MWI,1997,IHS-I,GPWG,N,c,0,1,0,0,1997,0,1997.83
1.6818755865097046,508.237060546875,1,MWI,1997,IHS-I,GPWG,N,c,0,1,0,0,1997,0,1997.83
0.7495884895324707,3495.809326171875,1,MWI,1997,IHS-I,GPWG,N,c,0,1,0,0,1997,0,1997.83
6.426301956176758,393.3728942871094,1,MWI,1997,IHS-I,GPWG,N,c,0,1,0,0,1997,0,1997.83
2.0121865272521973,774.4801635742188,1,MWI,1997,IHS-I,GPWG,N,c,0,1,0,0,1997,0,1997.83
1.4680273532867432,421.31890869140625,1,MWI,1997,IHS-I,GPWG,N,c,0,1,0,0,1997,0,1997.83
1.4611741304397583,842.6378173828125,1,MWI,1997,IHS-I,GPWG,N,c,0,1,0,0,1997,0,1997.83
0.527697741985321,232.25262451171875,1,MWI,1997,IHS-I,GPWG,N,c,0,1,0,0,1997,0,1997.83
8.55000114440918,590.059326171875,1,MWI,1997,IHS-I,GPWG,N,c,0,1,0,0,1997,0,1997.83
2.100647449493408,1053.2972412109375,1,MWI,1997,IHS-I,GPWG,N,c,0,1,0,0,1997,0,1997.83
3.4937655925750732,535.5381469726562,1,MWI,1997,IHS-I,GPWG,N,c,0,1,0,0,1997,0,1997.83
2.257997989654541,342.1363525390625,1,MWI,1997,IHS-I,GPWG,N,c,0,1,0,0,1997,0,1997.83
1.155360460281372,464.5052490234375,1,MWI,1997,IHS-I,GPWG,N,c,0,1,0,0,1997,0,1997.83
5.945458889007568,1086.881591796875,1,MWI,1997,IHS-I,GPWG,N,c,0,1,0,0,1997,0,1997.83
3.0471913814544678,1376.80517578125,1,MWI,1997,IHS-I,GPWG,N,c,0,1,0,0,1997,0,1997.83
3.5875303745269775,983.4322509765625,1,MWI,1997,IHS-I,GPWG,N,c,0,1,0,0,1997,0,1997.83
0.528006374835968,1895.93505859375,1,MWI,1997,IHS-I,GPWG,N,c,0,1,0,0,1997,0,1997.83
1.9389922618865967,652.1289672851562,1,MWI,1997,IHS-I,GPWG,N,c,0,1,0,0,1997,0,1997.83
17.461410522460938,1180.11865234375,1,MWI,1997,IHS-I,GPWG,N,c,0,1,0,0,1997,0,1997.83
1.2492153644561768,2330.53955078125,1,MWI,1997,IHS-I,GPWG,N,c,0,1,0,0,1997,0,1997.83
1.2129490375518799,1507.80419921875,1,MWI,1997,IHS-I,GPWG,N,c,0,1,0,0,1997,0,1997.83
1.6899681091308594,1053.2972412109375,1,MWI,1997,IHS-I,GPWG,N,c,0,1,0,0,1997,0,1997.83
3.0350611209869385,595.4979248046875,1,MWI,1997,IHS-I,GPWG,N,c,0,1,0,0,1997,0,1997.83
2.4806365966796875,847.061767578125,1,MWI,1997,IHS-I,GPWG,N,c,0,1,0,0,1997,0,1997.83
1.1267775297164917,843.0375366210938,1,MWI,1997,IHS-I,GPWG,N,c,0,1,0,0,1997,0,1997.83
21.250905990600586,261.0616149902344,1,MWI,1997,IHS-I,GPWG,N,c,0,1,0,0,1997,0,1997.83
2.5656228065490723,1437.446533203125,1,MWI,1997,IHS-I,GPWG,N,c,0,1,0,0,1997,0,1997.83
3.4161436557769775,296.79998779296875,1,MWI,1997,IHS-I,GPWG,N,c,0,1,0,0,1997,0,1997.83
2.1947555541992188,983.4322509765625,1,MWI,1997,IHS-I,GPWG,N,c,0,1,0,0,1997,0,1997.83
1.6966477632522583,1185.886474609375,1,MWI,1997,IHS-I,GPWG,N,c,0,1,0,0,1997,0,1997.83
2.0371146202087402,1149.770751953125,1,MWI,1997,IHS-I,GPWG,N,c,0,1,0,0,1997,0,1997.83
1.1483911275863647,3154.199951171875,1,MWI,1997,IHS-I,GPWG,N,c,0,1,0,0,1997,0,1997.83
5.741530418395996,148.87448120117188,1,MWI,1997,IHS-I,GPWG,N,c,0,1,0,0,1997,0,1997.83
1.7717769145965576,958.2977294921875,1,MWI,1997,IHS-I,GPWG,N,c,0,1,0,0,1997,0,1997.83
1.9656522274017334,1036.75927734375,1,MWI,1997,IHS-I,GPWG,N,c,0,1,0,0,1997,0,1997.83
1.0460008382797241,758.6937866210938,1,MWI,1997,IHS-I,GPWG,N,c,0,1,0,0,1997,0,1997.83
0.9619113802909851,1893.5087890625,1,MWI,1997,IHS-I,GPWG,N,c,0,1,0,0,1997,0,1997.83
3.7832283973693848,148.39999389648438,1,MWI,1997,IHS-I,GPWG,N,c,0,1,0,0,1997,0,1997.83
1.6900711059570312,1005.2027587890625,1,MWI,1997,IHS-I,GPWG,N,c,0,1,0,0,1997,0,1997.83
1.180567741394043,508.237060546875,1,MWI,1997,IHS-I,GPWG,N,c,0,1,0,0,1997,0,1997.83
2.5651164054870605,231.7991485595703,1,MWI,1997,IHS-I,GPWG,N,c,0,1,0,0,1997,0,1997.83
5.811367511749268,1566.36962890625,1,MWI,1997,IHS-I,GPWG,N,c,0,1,0,0,1997,0,1997.83
0.9685398936271667,758.6937866210938,1,MWI,1997,IHS-I,GPWG,N,c,0,1,0,0,1997,0,1997.83
4.906999111175537,238.01695251464844,1,MWI,1997,IHS-I,GPWG,N,c,0,1,0,0,1997,0,1997.83
5.248070240020752,357.0254211425781,1,MWI,1997,IHS-I,GPWG,N,c,0,1,0,0,1997,0,1997.83
3.468416213989258,357.0254211425781,1,MWI,1997,IHS-I,GPWG,N,c,0,1,0,0,1997,0,1997.83
1.6881836652755737,2549.79052734375,1,MWI,1997,IHS-I,GPWG,N,c,0,1,0,0,1997,0,1997.83
1.265542984008789,632.2781372070312,1,MWI,1997,IHS-I,GPWG,N,c,0,1,0,0,1997,0,1997.83
1.8624022006988525,632.2781372070312,1,MWI,1997,IHS-I,GPWG,N,c,0,1,0,0,1997,0,1997.83
1.6812167167663574,631.9783935546875,1,MWI,1997,IHS-I,GPWG,N,c,0,1,0,0,1997,0,1997.83
3.651247262954712,338.82470703125,1,MWI,1997,IHS-I,GPWG,N,c,0,1,0,0,1997,0,1997.83
1.8062349557876587,1053.2972412109375,1,MWI,1997,IHS-I,GPWG,N,c,0,1,0,0,1997,0,1997.83
0.8693006038665771,1313.799560546875,1,MWI,1997,IHS-I,GPWG,N,c,0,1,0,0,1997,0,1997.83
1.408920168876648,1355.34033203125,1,MWI,1997,IHS-I,GPWG,N,c,0,1,0,0,1997,0,1997.83
3.5351521968841553,684.272705078125,1,MWI,1997,IHS-I,GPWG,N,c,0,1,0,0,1997,0,1997.83
1.4690570831298828,748.8870239257812,1,MWI,1997,IHS-I,GPWG,N,c,0,1,0,0,1997,0,1997.83
1.3730782270431519,148.87448120117188,1,MWI,1997,IHS-I,GPWG,N,c,0,1,0,0,1997,0,1997.83
9.161097526550293,1180.11865234375,1,MWI,1997,IHS-I,GPWG,N,c,0,1,0,0,1997,0,1997.83
10.517820358276367,393.3728942871094,1,MWI,1997,IHS-I,GPWG,N,c,0,1,0,0,1997,0,1997.83
2.346292018890381,1759.1048583984375,1,MWI,1997,IHS-I,GPWG,N,c,0,1,0,0,1997,0,1997.83
1.7047407627105713,2006.15087890625,1,MWI,1997,IHS-I,GPWG,N,c,0,1,0,0,1997,0,1997.83
0.5515979528427124,1053.2972412109375,1,MWI,1997,IHS-I,GPWG,N,c,0,1,0,0,1997,0,1997.83
1.5479772090911865,1135.2813720703125,1,MWI,1997,IHS-I,GPWG,N,c,0,1,0,0,1997,0,1997.83
3.5289158821105957,434.7526550292969,1,MWI,1997,IHS-I,GPWG,N,c,0,1,0,0,1997,0,1997.83
2.994103193283081,231.7991485595703,1,MWI,1997,IHS-I,GPWG,N,c,0,1,0,0,1997,0,1997.83
2.2191381454467773,1082.0050048828125,1,MWI,1997,IHS-I,GPWG,N,c,0,1,0,0,1997,0,1997.83
1.3558812141418457,1352.5062255859375,1,MWI,1997,IHS-I,GPWG,N,c,0,1,0,0,1997,0,1997.83
1.638661503791809,464.5052490234375,1,MWI,1997,IHS-I,GPWG,N,c,0,1,0,0,1997,0,1997.83
1.0132211446762085,210.75938415527344,1,MWI,1997,IHS-I,GPWG,N,c,0,1,0,0,1997,0,1997.83
1.7711395025253296,842.6378173828125,1,MWI,1997,IHS-I,GPWG,N,c,0,1,0,0,1997,0,1997.83
0.9413143396377563,632.2781372070312,1,MWI,1997,IHS-I,GPWG,N,c,0,1,0,0,1997,0,1997.83
2.96913743019104,238.01695251464844,1,MWI,1997,IHS-I,GPWG,N,c,0,1,0,0,1997,0,1997.83
5.10512638092041,1053.796875,1,MWI,1997,IHS-I,GPWG,N,c,0,1,0,0,1997,0,1997.83
1.470736026763916,303.4775085449219,1,MWI,1997,IHS-I,GPWG,N,c,0,1,0,0,1997,0,1997.83
0.3088165819644928,631.9783935546875,1,MWI,1997,IHS-I,GPWG,N,c,0,1,0,0,1997,0,1997.83
0.799869954586029,696.7578735351562,1,MWI,1997,IHS-I,GPWG,N,c,0,1,0,0,1997,0,1997.83
0.9478245377540588,348.3789367675781,1,MWI,1997,IHS-I,GPWG,N,c,0,1,0,0,1997,0,1997.83
1.3516114950180054,968.1002197265625,1,MWI,1997,IHS-I,GPWG,N,c,0,1,0,0,1997,0,1997.83
1.3644273281097412,677.6494140625,1,MWI,1997,IHS-I,GPWG,N,c,0,1,0,0,1997,0,1997.83
2.22795033454895,1158.9957275390625,1,MWI,1997,IHS-I,GPWG,N,c,0,1,0,0,1997,0,1997.83
22.70390510559082,1553.6929931640625,1,MWI,1997,IHS-I,GPWG,N,c,0,1,0,0,1997,0,1997.83
1.3935611248016357,2317.25390625,1,MWI,1997,IHS-I,GPWG,N,c,0,1,0,0,1997,0,1997.83
1.6833196878433228,1126.1138916015625,1,MWI,1997,IHS-I,GPWG,N,c,0,1,0,0,1997,0,1997.83
3.6735315322875977,226.5319061279297,1,MWI,1997,IHS-I,GPWG,N,c,0,1,0,0,1997,0,1997.83
1.2567671537399292,774.4801635742188,1,MWI,1997,IHS-I,GPWG,N,c,0,1,0,0,1997,0,1997.83
1.1012396812438965,2874.89306640625,1,MWI,1997,IHS-I,GPWG,N,c,0,1,0,0,1997,0,1997.83
3.2326722145080566,2764.3076171875,1,MWI,1997,IHS-I,GPWG,N,c,0,1,0,0,1997,0,1997.83
3.8550736904144287,2608.515869140625,1,MWI,1997,IHS-I,GPWG,N,c,0,1,0,0,1997,0,1997.83
1.7565033435821533,1036.75927734375,1,MWI,1997,IHS-I,GPWG,N,c,0,1,0,0,1997,0,1997.83
1.7162108421325684,774.4801635742188,1,MWI,1997,IHS-I,GPWG,N,c,0,1,0,0,1997,0,1997.83
1.0649394989013672,1263.956787109375,1,MWI,1997,IHS-I,GPWG,N,c,0,1,0,0,1997,0,1997.83
1.6007931232452393,1264.5562744140625,1,MWI,1997,IHS-I,GPWG,N,c,0,1,0,0,1997,0,1997.83
7.588887691497803,983.4322509765625,1,MWI,1997,IHS-I,GPWG,N,c,0,1,0,0,1997,0,1997.83
2.1232757568359375,377.55316162109375,1,MWI,1997,IHS-I,GPWG,N,c,0,1,0,0,1997,0,1997.83
4.172281265258789,890.3999633789062,1,MWI,1997,IHS-I,GPWG,N,c,0,1,0,0,1997,0,1997.83
2.0957725048065186,774.4801635742188,1,MWI,1997,IHS-I,GPWG,N,c,0,1,0,0,1997,0,1997.83
3.7895474433898926,421.5187683105469,1,MWI,1997,IHS-I,GPWG,N,c,0,1,0,0,1997,0,1997.83
2.4691197872161865,456.18182373046875,1,MWI,1997,IHS-I,GPWG,N,c,0,1,0,0,1997,0,1997.83
0.8552898168563843,778.125,1,MWI,1997,IHS-I,GPWG,N,c,0,1,0,0,1997,0,1997.83
36.4214973449707,1180.11865234375,1,MWI,1997,IHS-I,GPWG,N,c,0,1,0,0,1997,0,1997.83
2.268498659133911,1126.1138916015625,1,MWI,1997,IHS-I,GPWG,N,c,0,1,0,0,1997,0,1997.83
0.9415196776390076,1352.5062255859375,1,MWI,1997,IHS-I,GPWG,N,c,0,1,0,0,1997,0,1997.83
5.039969444274902,210.75938415527344,1,MWI,1997,IHS-I,GPWG,N,c,0,1,0,0,1997,0,1997.83
0.743543267250061,2761.782470703125,1,MWI,1997,IHS-I,GPWG,N,c,0,1,0,0,1997,0,1997.83
1.170606017112732,508.237060546875,1,MWI,1997,IHS-I,GPWG,N,c,0,1,0,0,1997,0,1997.83
1.6554503440856934,1213.9100341796875,1,MWI,1997,IHS-I,GPWG,N,c,0,1,0,0,1997,0,1997.83
0.9361199736595154,374.4435119628906,1,MWI,1997,IHS-I,GPWG,N,c,0,1,0,0,1997,0,1997.83
1.474029302597046,338.82470703125,1,MWI,1997,IHS-I,GPWG,N,c,0,1,0,0,1997,0,1997.83
1.2310264110565186,1507.80419921875,1,MWI,1997,IHS-I,GPWG,N,c,0,1,0,0,1997,0,1997.83
1.1403659582138062,910.4324951171875,1,MWI,1997,IHS-I,GPWG,N,c,0,1,0,0,1997,0,1997.83
2.0468313694000244,421.31890869140625,1,MWI,1997,IHS-I,GPWG,N,c,0,1,0,0,1997,0,1997.83
1.5932695865631104,1263.956787109375,1,MWI,1997,IHS-I,GPWG,N,c,0,1,0,0,1997,0,1997.83
2.2315847873687744,375.3713073730469,1,MWI,1997,IHS-I,GPWG,N,c,0,1,0,0,1997,0,1997.83
7.840622901916504,178.51271057128906,1,MWI,1997,IHS-I,GPWG,N,c,0,1,0,0,1997,0,1997.83
1.027029037475586,1474.6162109375,1,MWI,1997,IHS-I,GPWG,N,c,0,1,0,0,1997,0,1997.83
3.0217721462249756,1622.593994140625,1,MWI,1997,IHS-I,GPWG,N,c,0,1,0,0,1997,0,1997.83
1.606115460395813,518.379638671875,1,MWI,1997,IHS-I,GPWG,N,c,0,1,0,0,1997,0,1997.83
3.3270864486694336,75.51063537597656,1,MWI,1997,IHS-I,GPWG,N,c,0,1,0,0,1997,0,1997.83
1.0551376342773438,1475.315673828125,1,MWI,1997,IHS-I,GPWG,N,c,0,1,0,0,1997,0,1997.83
1.9560341835021973,193.6200408935547,1,MWI,1997,IHS-I,GPWG,N,c,0,1,0,0,1997,0,1997.83
3.062891960144043,374.4435119628906,1,MWI,1997,IHS-I,GPWG,N,c,0,1,0,0,1997,0,1997.83
1.4483853578567505,1161.26318359375,1,MWI,1997,IHS-I,GPWG,N,c,0,1,0,0,1997,0,1997.83
3.0119454860687256,1437.446533203125,1,MWI,1997,IHS-I,GPWG,N,c,0,1,0,0,1997,0,1997.83
1.51839280128479,421.31890869140625,1,MWI,1997,IHS-I,GPWG,N,c,0,1,0,0,1997,0,1997.83
1.4595800638198853,847.061767578125,1,MWI,1997,IHS-I,GPWG,N,c,0,1,0,0,1997,0,1997.83
2.123447895050049,1126.1138916015625,1,MWI,1997,IHS-I,GPWG,N,c,0,1,0,0,1997,0,1997.83
1.3405063152313232,842.6378173828125,1,MWI,1997,IHS-I,GPWG,N,c,0,1,0,0,1997,0,1997.83
3.9913644790649414,508.237060546875,1,MWI,1997,IHS-I,GPWG,N,c,0,1,0,0,1997,0,1997.83
3.8672823905944824,1689.1708984375,1,MWI,1997,IHS-I,GPWG,N,c,0,1,0,0,1997,0,1997.83
2.9625065326690674,59.50423812866211,1,MWI,1997,IHS-I,GPWG,N,c,0,1,0,0,1997,0,1997.83
1.5573352575302124,1501.4852294921875,1,MWI,1997,IHS-I,GPWG,N,c,0,1,0,0,1997,0,1997.83
1.699157476425171,561.665283203125,1,MWI,1997,IHS-I,GPWG,N,c,0,1,0,0,1997,0,1997.83
2.021735906600952,169.412353515625,1,MWI,1997,IHS-I,GPWG,N,c,0,1,0,0,1997,0,1997.83
0.5679136514663696,774.4801635742188,1,MWI,1997,IHS-I,GPWG,N,c,0,1,0,0,1997,0,1997.83
3.3482048511505127,983.4322509765625,1,MWI,1997,IHS-I,GPWG,N,c,0,1,0,0,1997,0,1997.83
5.172248840332031,590.059326171875,1,MWI,1997,IHS-I,GPWG,N,c,0,1,0,0,1997,0,1997.83
3.5343751907348633,357.0254211425781,1,MWI,1997,IHS-I,GPWG,N,c,0,1,0,0,1997,0,1997.83
1.7992674112319946,464.5052490234375,1,MWI,1997,IHS-I,GPWG,N,c,0,1,0,0,1997,0,1997.83
2.8895092010498047,502.60137939453125,1,MWI,1997,IHS-I,GPWG,N,c,0,1,0,0,1997,0,1997.83
2.748150110244751,1376.80517578125,1,MWI,1997,IHS-I,GPWG,N,c,0,1,0,0,1997,0,1997.83
1.7595009803771973,1783.2452392578125,1,MWI,1997,IHS-I,GPWG,N,c,0,1,0,0,1997,0,1997.83
3.3246233463287354,1305.30810546875,1,MWI,1997,IHS-I,GPWG,N,c,0,1,0,0,1997,0,1997.83
13.898314476013184,59.50423812866211,1,MWI,1997,IHS-I,GPWG,N,c,0,1,0,0,1997,0,1997.83
3.9401276111602783,1390.794921875,1,MWI,1997,IHS-I,GPWG,N,c,0,1,0,0,1997,0,1997.83
2.7109603881835938,2391.1396484375,1,MWI,1997,IHS-I,GPWG,N,c,0,1,0,0,1997,0,1997.83
0.320417582988739,1686.0750732421875,1,MWI,1997,IHS-I,GPWG,N,c,0,1,0,0,1997,0,1997.83
1.5728472471237183,464.5052490234375,1,MWI,1997,IHS-I,GPWG,N,c,0,1,0,0,1997,0,1997.83
3.971971035003662,938.4282836914062,1,MWI,1997,IHS-I,GPWG,N,c,0,1,0,0,1997,0,1997.83
2.3807947635650635,632.2781372070312,1,MWI,1997,IHS-I,GPWG,N,c,0,1,0,0,1997,0,1997.83
4.195957660675049,296.79998779296875,1,MWI,1997,IHS-I,GPWG,N,c,0,1,0,0,1997,0,1997.83
0.2960372269153595,1161.26318359375,1,MWI,1997,IHS-I,GPWG,N,c,0,1,0,0,1997,0,1997.83
2.0005416870117188,116.12631225585938,1,MWI,1997,IHS-I,GPWG,N,c,0,1,0,0,1997,0,1997.83
1.8698152303695679,421.31890869140625,1,MWI,1997,IHS-I,GPWG,N,c,0,1,0,0,1997,0,1997.83
1.6633679866790771,1474.6162109375,1,MWI,1997,IHS-I,GPWG,N,c,0,1,0,0,1997,0,1997.83
1.6923507452011108,1016.47412109375,1,MWI,1997,IHS-I,GPWG,N,c,0,1,0,0,1997,0,1997.83
1.188727855682373,387.2400817871094,1,MWI,1997,IHS-I,GPWG,N,c,0,1,0,0,1997,0,1997.83
6.306455135345459,259.375,1,MWI,1997,IHS-I,GPWG,N,c,0,1,0,0,1997,0,1997.83
3.54130220413208,590.059326171875,1,MWI,1997,IHS-I,GPWG,N,c,0,1,0,0,1997,0,1997.83
1.3168843984603882,1263.956787109375,1,MWI,1997,IHS-I,GPWG,N,c,0,1,0,0,1997,0,1997.83
2.388272523880005,116.12631225585938,1,MWI,1997,IHS-I,GPWG,N,c,0,1,0,0,1997,0,1997.83
1.414941668510437,2395.744384765625,1,MWI,1997,IHS-I,GPWG,N,c,0,1,0,0,1997,0,1997.83
0.7909625768661499,774.4801635742188,1,MWI,1997,IHS-I,GPWG,N,c,0,1,0,0,1997,0,1997.83
8.714951515197754,590.059326171875,1,MWI,1997,IHS-I,GPWG,N,c,0,1,0,0,1997,0,1997.83
2.8755345344543457,387.2400817871094,1,MWI,1997,IHS-I,GPWG,N,c,0,1,0,0,1997,0,1997.83
1.7280704975128174,1497.7740478515625,1,MWI,1997,IHS-I,GPWG,N,c,0,1,0,0,1997,0,1997.83
1.6530426740646362,1264.5562744140625,1,MWI,1997,IHS-I,GPWG,N,c,0,1,0,0,1997,0,1997.83
3.098206043243408,1254.5,1,MWI,1997,IHS-I,GPWG,N,c,0,1,0,0,1997,0,1997.83
3.505195379257202,631.9783935546875,1,MWI,1997,IHS-I,GPWG,N,c,0,1,0,0,1997,0,1997.83
4.519477367401123,119.00847625732422,1,MWI,1997,IHS-I,GPWG,N,c,0,1,0,0,1997,0,1997.83
1.6730254888534546,2330.53955078125,1,MWI,1997,IHS-I,GPWG,N,c,0,1,0,0,1997,0,1997.83
68.80402374267578,1044.2464599609375,1,MWI,1997,IHS-I,GPWG,N,c,0,1,0,0,1997,0,1997.83
2.2351129055023193,1506.4267578125,1,MWI,1997,IHS-I,GPWG,N,c,0,1,0,0,1997,0,1997.83
7.126801013946533,229.95416259765625,1,MWI,1997,IHS-I,GPWG,N,c,0,1,0,0,1997,0,1997.83
2.1271939277648926,456.18182373046875,1,MWI,1997,IHS-I,GPWG,N,c,0,1,0,0,1997,0,1997.83
2.3962767124176025,357.0254211425781,1,MWI,1997,IHS-I,GPWG,N,c,0,1,0,0,1997,0,1997.83
0.9921541810035706,1685.275634765625,1,MWI,1997,IHS-I,GPWG,N,c,0,1,0,0,1997,0,1997.83
1.9431143999099731,1016.47412109375,1,MWI,1997,IHS-I,GPWG,N,c,0,1,0,0,1997,0,1997.83
6.8294148445129395,535.5381469726562,1,MWI,1997,IHS-I,GPWG,N,c,0,1,0,0,1997,0,1997.83
1.0048565864562988,232.25262451171875,1,MWI,1997,IHS-I,GPWG,N,c,0,1,0,0,1997,0,1997.83
4.052053928375244,231.7991485595703,1,MWI,1997,IHS-I,GPWG,N,c,0,1,0,0,1997,0,1997.83
3.5780601501464844,1507.80419921875,1,MWI,1997,IHS-I,GPWG,N,c,0,1,0,0,1997,0,1997.83
2.300842046737671,869.5053100585938,1,MWI,1997,IHS-I,GPWG,N,c,0,1,0,0,1997,0,1997.83
3.316497802734375,464.5052490234375,1,MWI,1997,IHS-I,GPWG,N,c,0,1,0,0,1997,0,1997.83
1.054006814956665,1355.34033203125,1,MWI,1997,IHS-I,GPWG,N,c,0,1,0,0,1997,0,1997.83
1.1803587675094604,1556.25,1,MWI,1997,IHS-I,GPWG,N,c,0,1,0,0,1997,0,1997.83
5.83659553527832,563.0569458007812,1,MWI,1997,IHS-I,GPWG,N,c,0,1,0,0,1997,0,1997.83
3.353339672088623,434.7526550292969,1,MWI,1997,IHS-I,GPWG,N,c,0,1,0,0,1997,0,1997.83
4.5962700843811035,178.51271057128906,1,MWI,1997,IHS-I,GPWG,N,c,0,1,0,0,1997,0,1997.83
1.746642827987671,580.860107421875,1,MWI,1997,IHS-I,GPWG,N,c,0,1,0,0,1997,0,1997.83
1.712751865386963,843.0375366210938,1,MWI,1997,IHS-I,GPWG,N,c,0,1,0,0,1997,0,1997.83
2.0462615489959717,338.82470703125,1,MWI,1997,IHS-I,GPWG,N,c,0,1,0,0,1997,0,1997.83
1.9739305973052979,508.237060546875,1,MWI,1997,IHS-I,GPWG,N,c,0,1,0,0,1997,0,1997.83
2.172240734100342,632.2781372070312,1,MWI,1997,IHS-I,GPWG,N,c,0,1,0,0,1997,0,1997.83
1.7447181940078735,297.52117919921875,1,MWI,1997,IHS-I,GPWG,N,c,0,1,0,0,1997,0,1997.83
3.0596489906311035,210.75938415527344,1,MWI,1997,IHS-I,GPWG,N,c,0,1,0,0,1997,0,1997.83
4.866916656494141,387.2400817871094,1,MWI,1997,IHS-I,GPWG,N,c,0,1,0,0,1997,0,1997.83
3.321254014968872,1004.2845458984375,1,MWI,1997,IHS-I,GPWG,N,c,0,1,0,0,1997,0,1997.83
1.438478946685791,843.0375366210938,1,MWI,1997,IHS-I,GPWG,N,c,0,1,0,0,1997,0,1997.83
6.722292423248291,1126.1138916015625,1,MWI,1997,IHS-I,GPWG,N,c,0,1,0,0,1997,0,1997.83
1.3962297439575195,777.5694580078125,1,MWI,1997,IHS-I,GPWG,N,c,0,1,0,0,1997,0,1997.83
0.685683012008667,1053.796875,1,MWI,1997,IHS-I,GPWG,N,c,0,1,0,0,1997,0,1997.83
1.9428895711898804,2107.59375,1,MWI,1997,IHS-I,GPWG,N,c,0,1,0,0,1997,0,1997.83
1.6824020147323608,798.3181762695312,1,MWI,1997,IHS-I,GPWG,N,c,0,1,0,0,1997,0,1997.83
1.7303752899169922,1854.3931884765625,1,MWI,1997,IHS-I,GPWG,N,c,0,1,0,0,1997,0,1997.83
1.1510180234909058,193.6200408935547,1,MWI,1997,IHS-I,GPWG,N,c,0,1,0,0,1997,0,1997.83
1.3834847211837769,847.061767578125,1,MWI,1997,IHS-I,GPWG,N,c,0,1,0,0,1997,0,1997.83
6.285192489624023,228.09091186523438,1,MWI,1997,IHS-I,GPWG,N,c,0,1,0,0,1997,0,1997.83
5.569370746612549,114.04545593261719,1,MWI,1997,IHS-I,GPWG,N,c,0,1,0,0,1997,0,1997.83
0.8575058579444885,1623.007568359375,1,MWI,1997,IHS-I,GPWG,N,c,0,1,0,0,1997,0,1997.83
1.5083426237106323,1437.446533203125,1,MWI,1997,IHS-I,GPWG,N,c,0,1,0,0,1997,0,1997.83
4.219028472900391,1180.11865234375,1,MWI,1997,IHS-I,GPWG,N,c,0,1,0,0,1997,0,1997.83
2.1846652030944824,232.25262451171875,1,MWI,1997,IHS-I,GPWG,N,c,0,1,0,0,1997,0,1997.83
3.308044910430908,297.74896240234375,1,MWI,1997,IHS-I,GPWG,N,c,0,1,0,0,1997,0,1997.83
1.162968635559082,1053.796875,1,MWI,1997,IHS-I,GPWG,N,c,0,1,0,0,1997,0,1997.83
1.2333325147628784,2006.15087890625,1,MWI,1997,IHS-I,GPWG,N,c,0,1,0,0,1997,0,1997.83
0.9845491051673889,2434.51123046875,1,MWI,1997,IHS-I,GPWG,N,c,0,1,0,0,1997,0,1997.83
3.516490936279297,324.3661193847656,1,MWI,1997,IHS-I,GPWG,N,c,0,1,0,0,1997,0,1997.83
1.018185019493103,1180.11865234375,1,MWI,1997,IHS-I,GPWG,N,c,0,1,0,0,1997,0,1997.83
1.9730325937271118,652.1289672851562,1,MWI,1997,IHS-I,GPWG,N,c,0,1,0,0,1997,0,1997.83
1.3795982599258423,677.6494140625,1,MWI,1997,IHS-I,GPWG,N,c,0,1,0,0,1997,0,1997.83
4.862174987792969,695.3974609375,1,MWI,1997,IHS-I,GPWG,N,c,0,1,0,0,1997,0,1997.83
1.2241696119308472,1053.796875,1,MWI,1997,IHS-I,GPWG,N,c,0,1,0,0,1997,0,1997.83
5.399938583374023,231.7991485595703,1,MWI,1997,IHS-I,GPWG,N,c,0,1,0,0,1997,0,1997.83
1.4555702209472656,1304.2579345703125,1,MWI,1997,IHS-I,GPWG,N,c,0,1,0,0,1997,0,1997.83
2.1586592197418213,929.010498046875,1,MWI,1997,IHS-I,GPWG,N,c,0,1,0,0,1997,0,1997.83
1.6191089153289795,455.21624755859375,1,MWI,1997,IHS-I,GPWG,N,c,0,1,0,0,1997,0,1997.83
1.6253573894500732,421.31890869140625,1,MWI,1997,IHS-I,GPWG,N,c,0,1,0,0,1997,0,1997.83
7.70259428024292,1916.595458984375,1,MWI,1997,IHS-I,GPWG,N,c,0,1,0,0,1997,0,1997.83
0.939910888671875,842.6378173828125,1,MWI,1997,IHS-I,GPWG,N,c,0,1,0,0,1997,0,1997.83
2.0726473331451416,563.0569458007812,1,MWI,1997,IHS-I,GPWG,N,c,0,1,0,0,1997,0,1997.83
2.5297622680664062,842.6378173828125,1,MWI,1997,IHS-I,GPWG,N,c,0,1,0,0,1997,0,1997.83
2.700967311859131,348.3789367675781,1,MWI,1997,IHS-I,GPWG,N,c,0,1,0,0,1997,0,1997.83
2.309734344482422,631.9783935546875,1,MWI,1997,IHS-I,GPWG,N,c,0,1,0,0,1997,0,1997.83
2.248713731765747,338.82470703125,1,MWI,1997,IHS-I,GPWG,N,c,0,1,0,0,1997,0,1997.83
1.4638863801956177,842.6378173828125,1,MWI,1997,IHS-I,GPWG,N,c,0,1,0,0,1997,0,1997.83
2.544090986251831,387.2400817871094,1,MWI,1997,IHS-I,GPWG,N,c,0,1,0,0,1997,0,1997.83
1.4349404573440552,2330.53955078125,1,MWI,1997,IHS-I,GPWG,N,c,0,1,0,0,1997,0,1997.83
6.012419700622559,297.74896240234375,1,MWI,1997,IHS-I,GPWG,N,c,0,1,0,0,1997,0,1997.83
1.4384644031524658,1161.72021484375,1,MWI,1997,IHS-I,GPWG,N,c,0,1,0,0,1997,0,1997.83
0.4031290113925934,1474.6162109375,1,MWI,1997,IHS-I,GPWG,N,c,0,1,0,0,1997,0,1997.83
1.4209210872650146,375.3713073730469,1,MWI,1997,IHS-I,GPWG,N,c,0,1,0,0,1997,0,1997.83
3.2237062454223633,744.3724365234375,1,MWI,1997,IHS-I,GPWG,N,c,0,1,0,0,1997,0,1997.83
4.881038188934326,810.915283203125,1,MWI,1997,IHS-I,GPWG,N,c,0,1,0,0,1997,0,1997.83
1.6857613325119019,1086.881591796875,1,MWI,1997,IHS-I,GPWG,N,c,0,1,0,0,1997,0,1997.83
1.5478144884109497,1158.9957275390625,1,MWI,1997,IHS-I,GPWG,N,c,0,1,0,0,1997,0,1997.83
4.95030403137207,178.51271057128906,1,MWI,1997,IHS-I,GPWG,N,c,0,1,0,0,1997,0,1997.83
3.5993566513061523,778.125,1,MWI,1997,IHS-I,GPWG,N,c,0,1,0,0,1997,0,1997.83
3.7885751724243164,187.2217559814453,1,MWI,1997,IHS-I,GPWG,N,c,0,1,0,0,1997,0,1997.83
1.6788129806518555,632.2781372070312,1,MWI,1997,IHS-I,GPWG,N,c,0,1,0,0,1997,0,1997.83
1.2497830390930176,1264.5562744140625,1,MWI,1997,IHS-I,GPWG,N,c,0,1,0,0,1997,0,1997.83
1.3974097967147827,1839.63330078125,1,MWI,1997,IHS-I,GPWG,N,c,0,1,0,0,1997,0,1997.83
2.463913679122925,632.2781372070312,1,MWI,1997,IHS-I,GPWG,N,c,0,1,0,0,1997,0,1997.83
1.4170324802398682,338.82470703125,1,MWI,1997,IHS-I,GPWG,N,c,0,1,0,0,1997,0,1997.83
1.2441939115524292,677.6494140625,1,MWI,1997,IHS-I,GPWG,N,c,0,1,0,0,1997,0,1997.83
1.9560658931732178,348.3789367675781,1,MWI,1997,IHS-I,GPWG,N,c,0,1,0,0,1997,0,1997.83
2.5891201496124268,518.75,1,MWI,1997,IHS-I,GPWG,N,c,0,1,0,0,1997,0,1997.83
1.1805466413497925,1507.80419921875,1,MWI,1997,IHS-I,GPWG,N,c,0,1,0,0,1997,0,1997.83
3.7720112800598145,116.12631225585938,1,MWI,1997,IHS-I,GPWG,N,c,0,1,0,0,1997,0,1997.83
20.931293487548828,261.0616149902344,1,MWI,1997,IHS-I,GPWG,N,c,0,1,0,0,1997,0,1997.83
4.769120216369629,377.55316162109375,1,MWI,1997,IHS-I,GPWG,N,c,0,1,0,0,1997,0,1997.83
1.3695060014724731,421.5187683105469,1,MWI,1997,IHS-I,GPWG,N,c,0,1,0,0,1997,0,1997.83
4.539434909820557,463.5982971191406,1,MWI,1997,IHS-I,GPWG,N,c,0,1,0,0,1997,0,1997.83
1.9505465030670166,811.5037841796875,1,MWI,1997,IHS-I,GPWG,N,c,0,1,0,0,1997,0,1997.83
6.9016432762146,114.04545593261719,1,MWI,1997,IHS-I,GPWG,N,c,0,1,0,0,1997,0,1997.83
1.1473524570465088,973.098388671875,1,MWI,1997,IHS-I,GPWG,N,c,0,1,0,0,1997,0,1997.83
3.534329891204834,910.4324951171875,1,MWI,1997,IHS-I,GPWG,N,c,0,1,0,0,1997,0,1997.83
3.087477207183838,541.0025024414062,1,MWI,1997,IHS-I,GPWG,N,c,0,1,0,0,1997,0,1997.83
2.1987335681915283,445.8113098144531,1,MWI,1997,IHS-I,GPWG,N,c,0,1,0,0,1997,0,1997.83
2.5787909030914307,758.6937866210938,1,MWI,1997,IHS-I,GPWG,N,c,0,1,0,0,1997,0,1997.83
2.2577571868896484,753.902099609375,1,MWI,1997,IHS-I,GPWG,N,c,0,1,0,0,1997,0,1997.83
1.9565790891647339,1213.9100341796875,1,MWI,1997,IHS-I,GPWG,N,c,0,1,0,0,1997,0,1997.83
4.958259105682373,938.4282836914062,1,MWI,1997,IHS-I,GPWG,N,c,0,1,0,0,1997,0,1997.83
1.3707911968231201,1507.80419921875,1,MWI,1997,IHS-I,GPWG,N,c,0,1,0,0,1997,0,1997.83
2.7081007957458496,1521.63427734375,1,MWI,1997,IHS-I,GPWG,N,c,0,1,0,0,1997,0,1997.83
13.339452743530273,75.51063537597656,1,MWI,1997,IHS-I,GPWG,N,c,0,1,0,0,1997,0,1997.83
2.0893561840057373,677.6494140625,1,MWI,1997,IHS-I,GPWG,N,c,0,1,0,0,1997,0,1997.83
24.161088943481445,1553.6929931640625,1,MWI,1997,IHS-I,GPWG,N,c,0,1,0,0,1997,0,1997.83
1.9613064527511597,338.82470703125,1,MWI,1997,IHS-I,GPWG,N,c,0,1,0,0,1997,0,1997.83
0.3958825170993805,508.237060546875,1,MWI,1997,IHS-I,GPWG,N,c,0,1,0,0,1997,0,1997.83
1.2613945007324219,1553.6929931640625,1,MWI,1997,IHS-I,GPWG,N,c,0,1,0,0,1997,0,1997.83
17.674911499023438,1685.275634765625,1,MWI,1997,IHS-I,GPWG,N,c,0,1,0,0,1997,0,1997.83
3.0004918575286865,1190.995849609375,1,MWI,1997,IHS-I,GPWG,N,c,0,1,0,0,1997,0,1997.83
1.3698832988739014,3246.01513671875,1,MWI,1997,IHS-I,GPWG,N,c,0,1,0,0,1997,0,1997.83
1.6654136180877686,1263.956787109375,1,MWI,1997,IHS-I,GPWG,N,c,0,1,0,0,1997,0,1997.83
1.681929588317871,1165.269775390625,1,MWI,1997,IHS-I,GPWG,N,c,0,1,0,0,1997,0,1997.83
1.0598845481872559,1264.5562744140625,1,MWI,1997,IHS-I,GPWG,N,c,0,1,0,0,1997,0,1997.83
1.9502179622650146,1942.1162109375,1,MWI,1997,IHS-I,GPWG,N,c,0,1,0,0,1997,0,1997.83
1.551205039024353,843.0375366210938,1,MWI,1997,IHS-I,GPWG,N,c,0,1,0,0,1997,0,1997.83
6.272248268127441,148.87448120117188,1,MWI,1997,IHS-I,GPWG,N,c,0,1,0,0,1997,0,1997.83
2.151841402053833,753.902099609375,1,MWI,1997,IHS-I,GPWG,N,c,0,1,0,0,1997,0,1997.83
1.5788687467575073,455.21624755859375,1,MWI,1997,IHS-I,GPWG,N,c,0,1,0,0,1997,0,1997.83
0.9179585576057434,811.5037841796875,1,MWI,1997,IHS-I,GPWG,N,c,0,1,0,0,1997,0,1997.83
1.3857420682907104,508.237060546875,1,MWI,1997,IHS-I,GPWG,N,c,0,1,0,0,1997,0,1997.83
1.805587887763977,1548.9603271484375,1,MWI,1997,IHS-I,GPWG,N,c,0,1,0,0,1997,0,1997.83
1.5524988174438477,632.2781372070312,1,MWI,1997,IHS-I,GPWG,N,c,0,1,0,0,1997,0,1997.83
1.839892029762268,1759.1048583984375,1,MWI,1997,IHS-I,GPWG,N,c,0,1,0,0,1997,0,1997.83
3.9818825721740723,632.2781372070312,1,MWI,1997,IHS-I,GPWG,N,c,0,1,0,0,1997,0,1997.83
3.6641757488250732,178.51271057128906,1,MWI,1997,IHS-I,GPWG,N,c,0,1,0,0,1997,0,1997.83
2.229994535446167,786.7457885742188,1,MWI,1997,IHS-I,GPWG,N,c,0,1,0,0,1997,0,1997.83
5.708693027496338,1501.4852294921875,1,MWI,1997,IHS-I,GPWG,N,c,0,1,0,0,1997,0,1997.83
2.027397394180298,210.75938415527344,1,MWI,1997,IHS-I,GPWG,N,c,0,1,0,0,1997,0,1997.83
1.6173969507217407,421.31890869140625,1,MWI,1997,IHS-I,GPWG,N,c,0,1,0,0,1997,0,1997.83
3.976661205291748,148.39999389648438,1,MWI,1997,IHS-I,GPWG,N,c,0,1,0,0,1997,0,1997.83
1.946640133857727,1135.2813720703125,1,MWI,1997,IHS-I,GPWG,N,c,0,1,0,0,1997,0,1997.83
1.8599953651428223,753.902099609375,1,MWI,1997,IHS-I,GPWG,N,c,0,1,0,0,1997,0,1997.83
4.926070213317871,217.37632751464844,1,MWI,1997,IHS-I,GPWG,N,c,0,1,0,0,1997,0,1997.83
5.077601909637451,231.7991485595703,1,MWI,1997,IHS-I,GPWG,N,c,0,1,0,0,1997,0,1997.83
2.1838009357452393,210.65945434570312,1,MWI,1997,IHS-I,GPWG,N,c,0,1,0,0,1997,0,1997.83
4.904417037963867,261.0616149902344,1,MWI,1997,IHS-I,GPWG,N,c,0,1,0,0,1997,0,1997.83
1.8995524644851685,421.5187683105469,1,MWI,1997,IHS-I,GPWG,N,c,0,1,0,0,1997,0,1997.83
3.4477832317352295,695.3974609375,1,MWI,1997,IHS-I,GPWG,N,c,0,1,0,0,1997,0,1997.83
0.9759461283683777,1942.1162109375,1,MWI,1997,IHS-I,GPWG,N,c,0,1,0,0,1997,0,1997.83
0.471836656332016,1082.0050048828125,1,MWI,1997,IHS-I,GPWG,N,c,0,1,0,0,1997,0,1997.83
9.603395462036133,393.3728942871094,1,MWI,1997,IHS-I,GPWG,N,c,0,1,0,0,1997,0,1997.83
2.138352155685425,338.82470703125,1,MWI,1997,IHS-I,GPWG,N,c,0,1,0,0,1997,0,1997.83
6.2738037109375,162.1830596923828,1,MWI,1997,IHS-I,GPWG,N,c,0,1,0,0,1997,0,1997.83
2.516859292984009,463.5982971191406,1,MWI,1997,IHS-I,GPWG,N,c,0,1,0,0,1997,0,1997.83
1.558218240737915,1815.625,1,MWI,1997,IHS-I,GPWG,N,c,0,1,0,0,1997,0,1997.83
1.0577234029769897,1474.6162109375,1,MWI,1997,IHS-I,GPWG,N,c,0,1,0,0,1997,0,1997.83
2.9459080696105957,652.1289672851562,1,MWI,1997,IHS-I,GPWG,N,c,0,1,0,0,1997,0,1997.83
7.879858016967773,753.902099609375,1,MWI,1997,IHS-I,GPWG,N,c,0,1,0,0,1997,0,1997.83
2.5820865631103516,563.0569458007812,1,MWI,1997,IHS-I,GPWG,N,c,0,1,0,0,1997,0,1997.83
1.960614562034607,2451.962158203125,1,MWI,1997,IHS-I,GPWG,N,c,0,1,0,0,1997,0,1997.83
2.980512857437134,456.18182373046875,1,MWI,1997,IHS-I,GPWG,N,c,0,1,0,0,1997,0,1997.83
1.376798152923584,1123.33056640625,1,MWI,1997,IHS-I,GPWG,N,c,0,1,0,0,1997,0,1997.83
1.736088752746582,778.125,1,MWI,1997,IHS-I,GPWG,N,c,0,1,0,0,1997,0,1997.83
8.555665016174316,324.3661193847656,1,MWI,1997,IHS-I,GPWG,N,c,0,1,0,0,1997,0,1997.83
2.2032387256622314,1437.446533203125,1,MWI,1997,IHS-I,GPWG,N,c,0,1,0,0,1997,0,1997.83
3.5173234939575195,869.5053100585938,1,MWI,1997,IHS-I,GPWG,N,c,0,1,0,0,1997,0,1997.83
3.2766647338867188,1556.25,1,MWI,1997,IHS-I,GPWG,N,c,0,1,0,0,1997,0,1997.83
0.4395475685596466,1352.5062255859375,1,MWI,1997,IHS-I,GPWG,N,c,0,1,0,0,1997,0,1997.83
3.4997010231018066,416.5296630859375,1,MWI,1997,IHS-I,GPWG,N,c,0,1,0,0,1997,0,1997.83
22.189184188842773,1566.36962890625,1,MWI,1997,IHS-I,GPWG,N,c,0,1,0,0,1997,0,1997.83
1.892311692237854,973.098388671875,1,MWI,1997,IHS-I,GPWG,N,c,0,1,0,0,1997,0,1997.83
4.989562034606934,375.3713073730469,1,MWI,1997,IHS-I,GPWG,N,c,0,1,0,0,1997,0,1997.83
5.208973407745361,842.6378173828125,1,MWI,1997,IHS-I,GPWG,N,c,0,1,0,0,1997,0,1997.83
3.2189292907714844,210.75938415527344,1,MWI,1997,IHS-I,GPWG,N,c,0,1,0,0,1997,0,1997.83
2.099787712097168,348.3789367675781,1,MWI,1997,IHS-I,GPWG,N,c,0,1,0,0,1997,0,1997.83
11.173118591308594,528.574462890625,1,MWI,1997,IHS-I,GPWG,N,c,0,1,0,0,1997,0,1997.83
4.042028903961182,1686.0750732421875,1,MWI,1997,IHS-I,GPWG,N,c,0,1,0,0,1997,0,1997.83
35.00656509399414,196.6864471435547,1,MWI,1997,IHS-I,GPWG,N,c,0,1,0,0,1997,0,1997.83
1.697838544845581,580.860107421875,1,MWI,1997,IHS-I,GPWG,N,c,0,1,0,0,1997,0,1997.83
4.839923858642578,1158.9957275390625,1,MWI,1997,IHS-I,GPWG,N,c,0,1,0,0,1997,0,1997.83
4.414860248565674,1213.9100341796875,1,MWI,1997,IHS-I,GPWG,N,c,0,1,0,0,1997,0,1997.83
2.809175729751587,303.4775085449219,1,MWI,1997,IHS-I,GPWG,N,c,0,1,0,0,1997,0,1997.83
2.9142727851867676,324.3661193847656,1,MWI,1997,IHS-I,GPWG,N,c,0,1,0,0,1997,0,1997.83
1.236307144165039,1390.794921875,1,MWI,1997,IHS-I,GPWG,N,c,0,1,0,0,1997,0,1997.83
1.4319827556610107,2874.89306640625,1,MWI,1997,IHS-I,GPWG,N,c,0,1,0,0,1997,0,1997.83
1.9265258312225342,479.14886474609375,1,MWI,1997,IHS-I,GPWG,N,c,0,1,0,0,1997,0,1997.83
1.2203558683395386,1053.2972412109375,1,MWI,1997,IHS-I,GPWG,N,c,0,1,0,0,1997,0,1997.83
2.4269073009490967,2874.89306640625,1,MWI,1997,IHS-I,GPWG,N,c,0,1,0,0,1997,0,1997.83
1.1481486558914185,847.061767578125,1,MWI,1997,IHS-I,GPWG,N,c,0,1,0,0,1997,0,1997.83
2.057515859603882,677.6494140625,1,MWI,1997,IHS-I,GPWG,N,c,0,1,0,0,1997,0,1997.83
3.2374000549316406,231.7991485595703,1,MWI,1997,IHS-I,GPWG,N,c,0,1,0,0,1997,0,1997.83
1.5034871101379395,232.25262451171875,1,MWI,1997,IHS-I,GPWG,N,c,0,1,0,0,1997,0,1997.83
9.285825729370117,261.0616149902344,1,MWI,1997,IHS-I,GPWG,N,c,0,1,0,0,1997,0,1997.83
2.6439857482910156,303.4775085449219,1,MWI,1997,IHS-I,GPWG,N,c,0,1,0,0,1997,0,1997.83
18.910459518432617,451.0,1,MWI,1997,IHS-I,GPWG,N,c,0,1,0,0,1997,0,1997.83
0.9482927322387695,2332.70849609375,1,MWI,1997,IHS-I,GPWG,N,c,0,1,0,0,1997,0,1997.83
1.5866718292236328,1161.72021484375,1,MWI,1997,IHS-I,GPWG,N,c,0,1,0,0,1997,0,1997.83
1.4527231454849243,455.21624755859375,1,MWI,1997,IHS-I,GPWG,N,c,0,1,0,0,1997,0,1997.83
2.9941720962524414,753.21337890625,1,MWI,1997,IHS-I,GPWG,N,c,0,1,0,0,1997,0,1997.83
0.8706916570663452,631.9783935546875,1,MWI,1997,IHS-I,GPWG,N,c,0,1,0,0,1997,0,1997.83
1.956052541732788,563.0569458007812,1,MWI,1997,IHS-I,GPWG,N,c,0,1,0,0,1997,0,1997.83
2.231253147125244,357.0254211425781,1,MWI,1997,IHS-I,GPWG,N,c,0,1,0,0,1997,0,1997.83
2.9275283813476562,1045.1368408203125,1,MWI,1997,IHS-I,GPWG,N,c,0,1,0,0,1997,0,1997.83
2.4320993423461914,59.50423812866211,1,MWI,1997,IHS-I,GPWG,N,c,0,1,0,0,1997,0,1997.83
4.781062126159668,1507.80419921875,1,MWI,1997,IHS-I,GPWG,N,c,0,1,0,0,1997,0,1997.83
0.7928301692008972,1742.580322265625,1,MWI,1997,IHS-I,GPWG,N,c,0,1,0,0,1997,0,1997.83
1.6386933326721191,927.1965942382812,1,MWI,1997,IHS-I,GPWG,N,c,0,1,0,0,1997,0,1997.83
2.1622438430786133,1042.121337890625,1,MWI,1997,IHS-I,GPWG,N,c,0,1,0,0,1997,0,1997.83
1.2463804483413696,518.75,1,MWI,1997,IHS-I,GPWG,N,c,0,1,0,0,1997,0,1997.83
3.611636161804199,595.4979248046875,1,MWI,1997,IHS-I,GPWG,N,c,0,1,0,0,1997,0,1997.83
1.3252623081207275,1082.0050048828125,1,MWI,1997,IHS-I,GPWG,N,c,0,1,0,0,1997,0,1997.83
3.5114660263061523,1053.796875,1,MWI,1997,IHS-I,GPWG,N,c,0,1,0,0,1997,0,1997.83
0.9076061248779297,445.1999816894531,1,MWI,1997,IHS-I,GPWG,N,c,0,1,0,0,1997,0,1997.83
3.746385097503662,259.375,1,MWI,1997,IHS-I,GPWG,N,c,0,1,0,0,1997,0,1997.83
1.0732133388519287,847.061767578125,1,MWI,1997,IHS-I,GPWG,N,c,0,1,0,0,1997,0,1997.83
1.9589972496032715,847.061767578125,1,MWI,1997,IHS-I,GPWG,N,c,0,1,0,0,1997,0,1997.83
0.6968981027603149,1352.5062255859375,1,MWI,1997,IHS-I,GPWG,N,c,0,1,0,0,1997,0,1997.83
1.418113112449646,1165.269775390625,1,MWI,1997,IHS-I,GPWG,N,c,0,1,0,0,1997,0,1997.83
1.7078014612197876,1086.881591796875,1,MWI,1997,IHS-I,GPWG,N,c,0,1,0,0,1997,0,1997.83
21.520713806152344,1827.4312744140625,1,MWI,1997,IHS-I,GPWG,N,c,0,1,0,0,1997,0,1997.83
5.150241374969482,508.237060546875,1,MWI,1997,IHS-I,GPWG,N,c,0,1,0,0,1997,0,1997.83
3.782862424850464,1256.50341796875,1,MWI,1997,IHS-I,GPWG,N,c,0,1,0,0,1997,0,1997.83
11.590575218200684,1305.30810546875,1,MWI,1997,IHS-I,GPWG,N,c,0,1,0,0,1997,0,1997.83
8.676389694213867,983.4322509765625,1,MWI,1997,IHS-I,GPWG,N,c,0,1,0,0,1997,0,1997.83
4.002779006958008,421.5187683105469,1,MWI,1997,IHS-I,GPWG,N,c,0,1,0,0,1997,0,1997.83
1.119452953338623,1556.25,1,MWI,1997,IHS-I,GPWG,N,c,0,1,0,0,1997,0,1997.83
2.9874157905578613,810.915283203125,1,MWI,1997,IHS-I,GPWG,N,c,0,1,0,0,1997,0,1997.83
3.5251803398132324,459.9083251953125,1,MWI,1997,IHS-I,GPWG,N,c,0,1,0,0,1997,0,1997.83
4.327414512634277,1501.4852294921875,1,MWI,1997,IHS-I,GPWG,N,c,0,1,0,0,1997,0,1997.83
2.7618532180786133,162.1830596923828,1,MWI,1997,IHS-I,GPWG,N,c,0,1,0,0,1997,0,1997.83
1.734777808189392,508.237060546875,1,MWI,1997,IHS-I,GPWG,N,c,0,1,0,0,1997,0,1997.83
1.5394747257232666,464.5052490234375,1,MWI,1997,IHS-I,GPWG,N,c,0,1,0,0,1997,0,1997.83
1.3191412687301636,1893.5087890625,1,MWI,1997,IHS-I,GPWG,N,c,0,1,0,0,1997,0,1997.83
2.761355400085449,338.82470703125,1,MWI,1997,IHS-I,GPWG,N,c,0,1,0,0,1997,0,1997.83
1.05752432346344,1016.47412109375,1,MWI,1997,IHS-I,GPWG,N,c,0,1,0,0,1997,0,1997.83
2.5922601222991943,421.31890869140625,1,MWI,1997,IHS-I,GPWG,N,c,0,1,0,0,1997,0,1997.83
3.939803123474121,228.09091186523438,1,MWI,1997,IHS-I,GPWG,N,c,0,1,0,0,1997,0,1997.83
14.499473571777344,927.1965942382812,1,MWI,1997,IHS-I,GPWG,N,c,0,1,0,0,1997,0,1997.83
2.612882614135742,606.9550170898438,1,MWI,1997,IHS-I,GPWG,N,c,0,1,0,0,1997,0,1997.83
1.167202115058899,563.0569458007812,1,MWI,1997,IHS-I,GPWG,N,c,0,1,0,0,1997,0,1997.83
4.967907428741455,228.09091186523438,1,MWI,1997,IHS-I,GPWG,N,c,0,1,0,0,1997,0,1997.83
3.219154119491577,1256.50341796875,1,MWI,1997,IHS-I,GPWG,N,c,0,1,0,0,1997,0,1997.83
0.8221762180328369,1016.47412109375,1,MWI,1997,IHS-I,GPWG,N,c,0,1,0,0,1997,0,1997.83
3.6586101055145264,217.37632751464844,1,MWI,1997,IHS-I,GPWG,N,c,0,1,0,0,1997,0,1997.83
1.308213472366333,303.4775085449219,1,MWI,1997,IHS-I,GPWG,N,c,0,1,0,0,1997,0,1997.83
2.8423473834991455,2008.569091796875,1,MWI,1997,IHS-I,GPWG,N,c,0,1,0,0,1997,0,1997.83
1.330754041671753,541.0025024414062,1,MWI,1997,IHS-I,GPWG,N,c,0,1,0,0,1997,0,1997.83
1.2597925662994385,1036.75927734375,1,MWI,1997,IHS-I,GPWG,N,c,0,1,0,0,1997,0,1997.83
1.91129732131958,847.061767578125,1,MWI,1997,IHS-I,GPWG,N,c,0,1,0,0,1997,0,1997.83
0.4625527858734131,1045.1368408203125,1,MWI,1997,IHS-I,GPWG,N,c,0,1,0,0,1997,0,1997.83
2.31000018119812,869.5053100585938,1,MWI,1997,IHS-I,GPWG,N,c,0,1,0,0,1997,0,1997.83
4.332944393157959,231.7991485595703,1,MWI,1997,IHS-I,GPWG,N,c,0,1,0,0,1997,0,1997.83
1.2062371969223022,2759.449951171875,1,MWI,1997,IHS-I,GPWG,N,c,0,1,0,0,1997,0,1997.83
1.4155793190002441,632.2781372070312,1,MWI,1997,IHS-I,GPWG,N,c,0,1,0,0,1997,0,1997.83
3.405468463897705,919.816650390625,1,MWI,1997,IHS-I,GPWG,N,c,0,1,0,0,1997,0,1997.83
6.2169084548950195,522.1232299804688,1,MWI,1997,IHS-I,GPWG,N,c,0,1,0,0,1997,0,1997.83
2.1104109287261963,968.1002197265625,1,MWI,1997,IHS-I,GPWG,N,c,0,1,0,0,1997,0,1997.83
8.716845512390137,983.4322509765625,1,MWI,1997,IHS-I,GPWG,N,c,0,1,0,0,1997,0,1997.83
2.323356866836548,1082.0050048828125,1,MWI,1997,IHS-I,GPWG,N,c,0,1,0,0,1997,0,1997.83
3.951848268508911,162.1830596923828,1,MWI,1997,IHS-I,GPWG,N,c,0,1,0,0,1997,0,1997.83
1.9891701936721802,296.79998779296875,1,MWI,1997,IHS-I,GPWG,N,c,0,1,0,0,1997,0,1997.83
3.7346644401550293,148.39999389648438,1,MWI,1997,IHS-I,GPWG,N,c,0,1,0,0,1997,0,1997.83
5.07187557220459,226.5319061279297,1,MWI,1997,IHS-I,GPWG,N,c,0,1,0,0,1997,0,1997.83
1.9593499898910522,1126.1138916015625,1,MWI,1997,IHS-I,GPWG,N,c,0,1,0,0,1997,0,1997.83
1.2043774127960205,1185.886474609375,1,MWI,1997,IHS-I,GPWG,N,c,0,1,0,0,1997,0,1997.83
1.696306824684143,518.379638671875,1,MWI,1997,IHS-I,GPWG,N,c,0,1,0,0,1997,0,1997.83
2.5071825981140137,119.00847625732422,1,MWI,1997,IHS-I,GPWG,N,c,0,1,0,0,1997,0,1997.83
1.0055721998214722,1053.2972412109375,1,MWI,1997,IHS-I,GPWG,N,c,0,1,0,0,1997,0,1997.83
7.467352390289307,652.1289672851562,1,MWI,1997,IHS-I,GPWG,N,c,0,1,0,0,1997,0,1997.83
1.1596877574920654,1264.5562744140625,1,MWI,1997,IHS-I,GPWG,N,c,0,1,0,0,1997,0,1997.83
4.5185394287109375,374.4435119628906,1,MWI,1997,IHS-I,GPWG,N,c,0,1,0,0,1997,0,1997.83
5.357980251312256,231.7991485595703,1,MWI,1997,IHS-I,GPWG,N,c,0,1,0,0,1997,0,1997.83
0.9371417760848999,1759.1048583984375,1,MWI,1997,IHS-I,GPWG,N,c,0,1,0,0,1997,0,1997.83
2.051387310028076,232.25262451171875,1,MWI,1997,IHS-I,GPWG,N,c,0,1,0,0,1997,0,1997.83
4.735419750213623,1956.386962890625,1,MWI,1997,IHS-I,GPWG,N,c,0,1,0,0,1997,0,1997.83
2.911931276321411,677.6494140625,1,MWI,1997,IHS-I,GPWG,N,c,0,1,0,0,1997,0,1997.83
1.7114933729171753,632.2781372070312,1,MWI,1997,IHS-I,GPWG,N,c,0,1,0,0,1997,0,1997.83
1.458194613456726,348.3789367675781,1,MWI,1997,IHS-I,GPWG,N,c,0,1,0,0,1997,0,1997.83
1.6764827966690063,387.2400817871094,1,MWI,1997,IHS-I,GPWG,N,c,0,1,0,0,1997,0,1997.83
3.569427967071533,742.0,1,MWI,1997,IHS-I,GPWG,N,c,0,1,0,0,1997,0,1997.83
8.075531005859375,453.0638122558594,1,MWI,1997,IHS-I,GPWG,N,c,0,1,0,0,1997,0,1997.83
1.6208149194717407,1165.269775390625,1,MWI,1997,IHS-I,GPWG,N,c,0,1,0,0,1997,0,1997.83
2.2170052528381348,919.816650390625,1,MWI,1997,IHS-I,GPWG,N,c,0,1,0,0,1997,0,1997.83
3.989022731781006,342.1363525390625,1,MWI,1997,IHS-I,GPWG,N,c,0,1,0,0,1997,0,1997.83
0.8315414786338806,689.8624877929688,1,MWI,1997,IHS-I,GPWG,N,c,0,1,0,0,1997,0,1997.83
1.4545798301696777,580.631591796875,1,MWI,1997,IHS-I,GPWG,N,c,0,1,0,0,1997,0,1997.83
