Country,Year,Survey,Valid records,Median log welfare (unweighted),"S estimate, log space (unweighted, 1.1926 scaled)",S-estimator subsampled (Y/N),outdetect threshold (PPP/day),Records flagged (top),Population share flagged (%),Welfare share flagged (%),mean_ppp_day original,mean_ppp_day outdetect-capped,mean_ppp_day change (%),gini original,gini outdetect-capped,gini change (%),mld original,mld outdetect-capped,mld change (%),atkinson_2 original,atkinson_2 outdetect-capped,atkinson_2 change (%)
MWI,1997,IHS-I,10693,0.7773594142452147,0.6503077548435595,Y,15.306578124479163,225,1.6104123386988909,47.27218268792924,4.615166308607595,2.67997548260005,-41.93111789705789,0.6575557052764734,0.41103893245690404,-37.489869047052046,0.8110758736156535,0.2782458499784912,-65.69422676350693,0.6467177217598545,0.3920311896736831,-39.38140606277434
COM,2004,EIM,2987,1.6987760729312287,0.8241277862775517,Y,64.79052877291547,53,1.669203695088547,22.295533206418813,8.68719793956448,7.831826738586466,-9.846341788557167,0.559251601662275,0.5116254898716766,-8.516043878826352,0.5467120006823136,0.44953798631113884,-17.774260350952343,0.589956387361422,0.5452833741501515,-7.572256893610452
BLZ,1993,LFS,704,2.070627468309326,1.0966180496954323,N,212.827423159542,11,0.3078845890045573,21.49317419301437,10.569185313610367,8.952794740457344,-15.293426363444794,0.6010495907851836,0.529276488165176,-11.941294648624002,0.688425294497802,0.5254458707759146,-23.674235247381326,0.7317102503619082,0.6832783871641782,-6.6189947692785855
BLZ,1994,LFS,660,2.0446581848022616,1.1416926357247323,N,237.39753337954588,6,0.2825132377631409,19.958915562946736,10.323675579587414,8.933861345585399,-13.462397411538573,0.605752189612845,0.5446430573849492,-10.088140542579394,0.6811658932975613,0.5391381859751319,-20.850678038923164,0.7003588429060736,0.6537510888626689,-6.65483908934601
BLZ,1997,LFS,753,1.8508165933431453,1.1445224799603375,N,197.23265725996927,5,0.1640636101745275,19.434986713822067,8.547737420080367,7.21007280609921,-15.649341436702436,0.6022516403585005,0.5285666675887462,-12.234914416487463,0.7208824066360704,0.5524914066891007,-23.359010900647505,0.7955624969439166,0.7576355293964192,-4.767314660154353
SYC,2013,HBS,1759,2.891745164994478,0.6525751792484957,N,127.67279509812307,20,0.8836432037690701,17.610596158180403,24.128766611480405,21.007718942529294,-12.934965633370265,0.46814630234174426,0.3895100204459149,-16.797373278925388,0.4001839051914722,0.26918999818121137,-32.733427134603374,0.5410047161390921,0.47299873800958037,-12.570311514997478
RUS,2008,HBS,186564,2.6229052079196005,0.5421075391445696,Y,70.0512996196046,1542,3.7850666750917292,17.490632682209796,22.377514941530336,21.11503439707096,-5.641737019316395,0.4156858510570208,0.38173951414887897,-8.166344084558542,0.28745541826631804,0.2419547027409017,-15.828790356374988,0.4109180682366984,0.37682008989107696,-8.297999280474622
CHL,2000,CASEN,32734,1.9729848987457113,0.815364601519581,Y,83.01976427995186,436,1.7891807061959104,17.401693866639736,14.01968219655973,13.065393624464836,-6.806777491212079,0.5255478979246525,0.4914559374749242,-6.486936887076277,0.49101680945453907,0.42761611719775283,-12.912122566071993,0.6276281107763069,0.6005627036618891,-4.312331880887365
RWA,2010,EICV-III,14301,0.6840325104243266,0.6817317407014352,Y,15.32105050108706,342,1.742285572937354,16.99386548172775,2.9102585794834406,2.6826296038184703,-7.821606549661764,0.4722241392513533,0.4280106775748208,-9.362812698780477,0.374901244227832,0.3018963353365045,-19.473103921458723,0.46031263128094213,0.41486383626491674,-9.873462496467244
GNB,2010,ILAP-II,3129,0.6069877219817942,0.7805372220828265,Y,19.079212436023898,18,1.865187341272947,16.798911552842075,2.592875104349621,2.513163364065558,-3.0742606981086107,0.5066423979873433,0.49153255049436584,-2.982349592730882,0.44671901924620416,0.4192407126656098,-6.151138724060012,0.5577324553857512,0.5437972565184932,-2.4985454464219514
RUS,2014,HBS,187792,2.817361261834783,0.5181562954489591,Y,79.18842571522859,1537,3.269524788162841,16.379798929162234,25.181018658084454,23.645503641690713,-6.097906670271891,0.3988122187213353,0.3608869044040133,-9.509566792842383,0.2634779693936844,0.214136321998041,-18.727048606450246,0.37916889603586446,0.34017993100075306,-10.282743506319559
RWA,2005,EICV-II,6900,0.5562211480034841,0.8015389266466975,Y,19.31414884196091,142,1.1716163031047817,16.27433191290028,2.737332963386077,2.518138028001735,-8.007609535129333,0.5203941409755328,0.4790232935522376,-7.949906458543376,0.46769560254062825,0.39032333626636384,-16.54329565083802,0.5428937059232259,0.5032340646915465,-7.305231355415264
RUS,2013,HBS,187818,2.8102223124756742,0.5438283559261111,Y,84.91980837135358,1275,3.1777689894426526,16.075970895371494,25.646017755272013,24.22172674143168,-5.553653699500938,0.4088442433330969,0.37502667057373984,-8.271505178514872,0.27659544762669785,0.23138287299917693,-16.346102228168725,0.39375684888528095,0.35917649321880674,-8.78215979337772
RUS,2012,HBS,186693,2.793481151170716,0.5336937093163363,Y,81.00916359853393,1377,3.1759732575030877,15.756090842116262,25.10723560523376,23.724146127345335,-5.508728637572958,0.4071482693826656,0.3734855328539918,-8.26793064347654,0.2749608556178247,0.230303761578035,-16.24125511955046,0.39468191604034975,0.3604808483814902,-8.665476240204296
ETH,1995,HICES,11524,0.6543286927693868,0.6721675064538267,Y,14.451976860133302,193,0.996491648588407,15.739306923090599,2.3790367272959196,2.148605577440922,-9.685901323470203,0.4456451322100754,0.3865387881372545,-13.263096531470332,0.3411386337653015,0.24584205437687745,-27.934854031803013,0.41742145554970866,0.3551947430890391,-14.907406323597394
MWI,2016,IHS-IV,12445,0.6198357776514961,0.6506845869299449,Y,13.090536158000589,166,0.7718399894038688,15.627576150578971,2.5000184059761996,2.2103641186985996,-11.586086189813338,0.44694307712483217,0.37457401265498647,-16.192009267800533,0.3484811252481691,0.22897296815184642,-34.29401147944973,0.4168111206485602,0.3405548134033406,-18.295170994133837
CHL,2009,CASEN,39115,2.329119902098214,0.7028023191642739,Y,84.56554038603238,542,1.9289349146013997,15.302012223502095,17.18373638677314,16.185493178642268,-5.809232553749211,0.4732938263582631,0.4413101395762513,-6.7576809585936815,0.38374653280513993,0.3315467153834004,-13.602681186502263,0.5095583068691163,0.4795987267511257,-5.879519519968479
CHL,1996,CASEN,27877,2.152513593684067,0.8458171021645083,Y,108.8493591471889,304,1.2741957480382746,14.854713019852968,15.1296419065038,14.269130926381639,-5.687583258346995,0.5481171792198571,0.5211921074151264,-4.91228387387046,0.5336593238439984,0.48012412952027583,-10.03171722703231,0.6388174304848058,0.6171068808399472,-3.3985531090443333
RWA,2013,EICV-IV,14415,0.7741855052658048,0.6500938117772428,Y,15.24828351915518,333,1.5580303599931022,14.853300745026328,3.102005733707974,2.8788283795586307,-7.1946144948793815,0.4511283189030396,0.40903703614015186,-9.330224018132272,0.34179946695129015,0.27520490224618155,-19.483519181321306,0.4354264214942348,0.3920328915809771,-9.965754894787038
RUS,2007,HBS,192813,2.4970049150491214,0.5845709492275543,Y,70.15574946185825,1121,2.9469512305545384,14.665636535910759,20.223498009466272,19.325049018621797,-4.442599348658316,0.42272473020107015,0.39656065193025913,-6.189389075573127,0.2989357040213325,0.2629715264866701,-12.030740072485935,0.42670404901060666,0.4007858063146965,-6.074055954239588
RUS,2019,HBS,189390,2.7928102286842207,0.5013813679547672,Y,73.47567011295,1203,2.96568347227553,14.55310219291942,23.806098480420708,22.520628445101494,-5.399750977155904,0.37736861923865817,0.3426359186214347,-9.203918621346075,0.23548310110537862,0.1917858900044762,-18.55641058563601,0.3475596309058977,0.3116001263260022,-10.346283452473681
RUS,2011,HBS,186707,2.750606957143067,0.5338969467656133,Y,77.65669743399604,1331,3.096729575020505,14.361930657495309,23.86163220686717,22.839459051993085,-4.2837520334418455,0.3974931440588245,0.3711650340686955,-6.623538137360363,0.26140579011144016,0.22725579371970017,-13.063978566496736,0.3834496828432029,0.35676975567508407,-6.9578691447317205
ECU,1999,ECV,4980,1.699010914781203,1.0477286297083468,Y,126.74748548682226,39,0.49067372718244284,13.908095581795346,8.524933725109507,7.961194405484788,-6.6128293521423025,0.5854075274143613,0.5562154858440782,-4.986618757572014,0.6617239882084525,0.5959640204858316,-9.937673243591938,0.7599639103119561,0.7429743674833311,-2.2355723210133682
RUS,2018,HBS,190827,2.7628497366587443,0.4951178679921688,Y,69.97956988294753,1263,2.9162289838816626,13.793664492117784,22.866002021002753,21.752706919187,-4.868778988094102,0.37473006216266636,0.34342921163456197,-8.352906181975072,0.2316162230698362,0.19271611553930157,-16.795070317162363,0.3454411430413875,0.31315591217738914,-9.3460873188838
CHL,1994,CASEN,31425,2.0247845208090016,0.9100342299655928,Y,116.15055188680053,283,0.8250357381258818,13.773798533066447,14.008215316419701,13.037035523754444,-6.932930217933553,0.5626647715998147,0.5302571542088015,-5.759667039197991,0.567004636875255,0.4989466491766468,-12.003074273549807,0.6520395841751159,0.6261581527175561,-3.9693037180099866
CHL,2003,CASEN,33534,2.0037960766569087,0.8158353390488262,Y,85.73851093493172,451,1.2478952104911865,13.62893691938216,13.806668291468219,12.994892950859152,-5.879588931029078,0.5126108606582573,0.4824564350543846,-5.882517893817274,0.46745128461648777,0.4121990579942931,-11.819889781140592,0.6167973522132946,0.5929545473351259,-3.8655815873093524
RUS,2020,HBS,189215,2.7911816770353486,0.47011471702001284,Y,66.78816058583973,1433,2.946602667816711,13.56285219272004,22.628477959248197,21.527392661781196,-4.865927348052113,0.3606824207986491,0.3286705147105661,-8.875371862371317,0.21427991384874145,0.17567166487712704,-18.017670568445197,0.3231756373896165,0.28992389111905703,-10.289063414291844
PRY,2002,EPH,3730,2.0994551119455354,1.0269558265719965,Y,177.740139232896,18,0.2711089863703583,13.510829352392316,12.042783464584591,10.897573031254016,-9.509516107288729,0.5725296559177994,0.5276879125696261,-7.832213211084982,0.6134965031430089,0.5156677542682611,-15.946097226888911,0.6733818831284393,0.6390669689204849,-5.095906953797458
CHL,1998,CASEN,41015,2.173419505132192,0.8886022287327028,Y,126.37152650318048,378,0.9786654682412561,13.456118604372008,16.23212729245404,15.284667483544759,-5.8369417134237045,0.554413385490895,0.5270408507926487,-4.937206679093764,0.5500693167177388,0.49443352593239265,-10.114323612399378,0.6559105219175838,0.6346321105804653,-3.24410275885042
CAF,2008,ECASEB,6894,0.7409819765661824,0.908777298789176,Y,32.050534905087,47,0.5212186316155542,13.42385444403208,3.038541222947998,2.7977052314153066,-7.926039960025033,0.5623660815101582,0.5248597078354375,-6.6693875942877785,0.5706369586184659,0.4915249507288645,-13.863807223621583,0.6318983263875644,0.6002408187622656,-5.0099052811673594
CHL,1992,CASEN,29349,1.969743115081816,0.9057545965439147,Y,108.52785896902317,302,0.9105966578229755,13.356482737549127,12.464208950778247,11.78768009047425,-5.427772135204412,0.547207112707369,0.5214609549785518,-4.705011526885161,0.5260326406441662,0.47425609698599347,-9.842838572672697,0.6138277818941914,0.5917170093596683,-3.602113359270276
RWA,2000,EICV-I,6419,0.40792732247688135,0.7538194625850226,Y,14.431101591394027,112,1.0568118069684336,13.329817852343131,2.1125210833115076,1.9834354563071992,-6.110501240629452,0.4854727268629061,0.45226243544432987,-6.840815061471939,0.4020552875450354,0.34413487354882,-14.406081897313083,0.492733087952667,0.45986100704156174,-6.671376799088236
ZWE,2019,PICES,168598,1.024633237578113,0.7777132855554715,Y,28.725151395790334,1764,1.2758351768061518,13.129294449941815,4.500191624229835,4.275833801171398,-4.985517102215253,0.5037168550461555,0.4779667091788756,-5.112027840505828,0.42884117480280803,0.3827735691197809,-10.742346675132165,0.5161655269155783,0.49092125259616637,-4.890732333533143
MDV,2002,HIES,834,1.67481502723038,0.6108867888885827,N,33.363930586829476,8,0.4894373123794973,12.720009439617476,7.056232587283891,6.321974661268356,-10.40580673798578,0.4131202705279362,0.3451449378940177,-16.45412667527818,0.30081794128617956,0.19641278775870807,-34.70708996979236,0.38341681829047947,0.3120348485049579,-18.617328813010513
RUS,2009,HBS,186581,2.6299542082906897,0.5501606429326428,Y,72.27195361413744,1029,2.5707288424885513,12.61919866427767,21.34906884159036,20.51290338808525,-3.9166366444805645,0.3984560087153637,0.374421243336459,-6.0319746353916575,0.26271804094389806,0.2311393975339473,-12.019975216203061,0.38478069120174874,0.36045378562407826,-6.322278153223482
MOZ,2014,IOF,32454,0.8082203904204662,0.9288194709766782,Y,36.40400526530718,456,0.4635825194484305,12.538143534287745,2.8698507967735174,2.6787873894432024,-6.657607689748946,0.5398899144268315,0.5071987633374189,-6.055151284705673,0.5110325124700428,0.44483232829950203,-12.954202042951513,0.6252468235766132,0.5985384558383795,-4.271651887082484
BGR,2021,EU-SILC,7481,3.1457010789510575,0.5732902582839979,Y,129.74511263752743,112,1.642823299523884,12.38355130022952,30.879647238550834,29.187133221837797,-5.4810017861864235,0.40523153590848526,0.3710253175557505,-8.44115408640349,0.2906302733192696,0.24097470077450733,-17.085478390688348,0.4389597150230383,0.4067859311526577,-7.329552751484725
CHL,2006,CASEN,45413,2.2274730874922053,0.754412354330611,Y,89.18475799449169,613,1.3230877201107727,12.27465227037583,15.909033173169828,15.136247252820123,-4.857529127873017,0.4765144836585905,0.4500822846553618,-5.546987533366698,0.3908507719709764,0.3465768961146338,-11.327565155642127,0.5318940241136964,0.5081598155058011,-4.462206291458893
PRY,2017,EPH,8363,2.5643905682972217,0.8272909895165631,Y,155.4405800686122,79,0.6814493640220799,12.229358026089608,19.412131577998736,18.09740135113946,-6.7727246828955145,0.4854749285544593,0.4482707308857561,-7.663464265699915,0.4113060668407744,0.34520536486163556,-16.07092802857388,0.5121523110391515,0.4767934924139452,-6.903965453843918
RUS,2005,HBS,186804,2.2949016514826814,0.5980454849419455,Y,59.68245590717904,809,2.400431498019648,12.178596121615872,16.0156905867257,15.497840784468337,-3.2333904020759086,0.4126560556257671,0.39338141632659507,-4.670872761080236,0.2872016101046828,0.26078439208886106,-9.198144121195174,0.42298107920075334,0.4041717121753633,-4.446857779296276
BGR,2019,EU-SILC,7235,2.968045767611712,0.587948558463889,Y,113.51005723585764,92,1.4633602148207043,12.140575880338647,26.549578768925336,24.987368029983433,-5.884126270095013,0.4128409894355082,0.3764478828928721,-8.815284207219253,0.307675042022193,0.25420838710154126,-17.377637968046532,0.4699663522127462,0.43716304469356526,-6.979926831938688
CHL,2013,CASEN,49778,2.6678354978239165,0.7115298097951399,Y,121.80542898249435,722,1.3796917137618814,12.028775143603124,22.49390063033082,21.46869931306639,-4.557685810534995,0.4679110148694595,0.4427719499202569,-5.3726166194689835,0.3698421978315669,0.3285386114983253,-11.167894462938499,0.4852060770196299,0.4608232006056059,-5.0252619595771435
ARM,2005,ILCS,5187,1.7701600846487144,0.5251229416450172,Y,28.375579814493783,97,1.7730483299407775,12.021592283090586,7.138377748394326,6.783343823867393,-4.973593959871236,0.35992353479145844,0.3267817120226958,-9.208017694081938,0.21776298853929155,0.1741821019771428,-20.012990662224194,0.31122142226742866,0.27583440643444723,-11.370366337627559
RUS,2015,HBS,188953,2.7698198329302617,0.5262340827036415,Y,77.36404061028537,1014,2.4896443135188275,12.014163272108785,23.179077748168424,22.3203949402968,-3.704559850054756,0.3771053835134066,0.3535968083944935,-6.233953729296838,0.23472333461868367,0.20511061698638366,-12.616009260607564,0.3528060633592871,0.3287282531814516,-6.824658836238706
CHL,2015,CASEN,63478,2.7535780247649795,0.6817405898327017,Y,121.3646675010336,1178,1.4379391032111084,11.883583028290994,23.600682604763968,22.541225903662916,-4.489093467521965,0.45305788804593083,0.42762380716930926,-5.613870003747312,0.3463366529870924,0.30594592123579556,-11.662274669150353,0.4679204684281387,0.4431447539020875,-5.294855899182826
ARM,2004,ILCS,6816,1.6583080011839209,0.5601477106456116,Y,28.183906769788187,133,1.5644731303493755,11.7018846904751,6.478400020614336,6.161234768910386,-4.895734296967246,0.3750563252377245,0.3431705255005544,-8.501602983754431,0.23738343730654998,0.19354068357656518,-18.469171323594736,0.33720946913024863,0.3035680800830721,-9.9764069893845
NAM,2003,NHIES,9679,1.4115768914729219,1.050701083699059,Y,95.93588872293552,104,0.5992584591958822,11.537402789408295,7.186804786471043,6.932538099144344,-3.5379656868564036,0.6331875977284478,0.619844341429399,-2.1073148537522735,0.7224889537657357,0.6884197726510748,-4.715529689012765,0.6832651156350837,0.6716600689554838,-1.6984690735766916
BGR,2018,EU-SILC,7124,2.8700178255230058,0.5576063793782795,Y,93.95697490005429,83,1.3231654579260284,11.532477657846187,22.89724592750444,21.499832393842638,-6.102976480604649,0.403758764946311,0.36533910319561413,-9.515499126268045,0.29943175197796323,0.24418051132644925,-18.45203131816836,0.4735384076209923,0.4396789834174615,-7.150301571869755
MOZ,2002,IAF,8697,0.386086489875941,0.7545343583572087,Y,14.149645417588015,186,0.7119276791722986,11.509869933641008,1.7691997865673943,1.6663024344997766,-5.816039140907847,0.4703906960369141,0.4378511632688984,-6.917554501431322,0.380030994576405,0.32395509951971824,-14.755610951993736,0.4788475555343459,0.4467566669089683,-6.701692063472553
RUS,2004,HBS,192457,2.223890551770863,0.5673333564632764,Y,50.69821085714135,1138,2.3595476861059477,11.507042717607165,14.5617331403692,14.082356748659748,-3.292028408215264,0.4031584213556356,0.38322066863706816,-4.945389123096078,0.274507581807796,0.24812025857159226,-9.612602705698503,0.41336511837576795,0.39396515819568567,-4.693177851171959
CHL,1990,CASEN,20919,1.949798814804249,0.9235001935732388,Y,112.20184036834168,227,0.6389808605392256,11.485950953052662,11.702753670156039,11.075529408571821,-5.359629701373136,0.5712991742923343,0.5471803800992472,-4.221744976782615,0.5873285391872713,0.5355474505247346,-8.816375368748453,0.6876897025825237,0.6700275637591679,-2.568329692451121
RUS,2006,HBS,192795,2.3816594846169403,0.5974356987460729,Y,64.9726609633887,752,2.2317148275528127,11.321428174062131,17.43952748369465,16.915128414307897,-3.00695686782253,0.4095095053722826,0.3915680746305523,-4.381200071392688,0.28173421161407264,0.25749878014378913,-8.602232342120342,0.41606040145592305,0.3984391238568872,-4.23526909491353
PRY,2004,EPH,7050,2.1912625878632745,0.8953588613264036,Y,131.28088286893077,62,0.5340110989558005,11.26371266966818,13.34727172698759,12.544927875747103,-6.011294799806787,0.5223099855715414,0.49188810184788667,-5.824488247216908,0.4847988212303753,0.42594602297750317,-12.139633116992554,0.589731779246113,0.5635285804630403,-4.443240080527733
RUS,2010,HBS,186766,2.711670590158931,0.5683849935689688,Y,82.8329203271363,811,2.2399879850585847,11.23413418771537,22.9639222930909,22.239571910923384,-3.154297305671727,0.39548977593443946,0.37615341600809404,-4.889218660750105,0.25986112156307195,0.23439083204778655,-9.80150064853138,0.3861134927375989,0.3666823137478338,-5.032504523992499
NIC,2001,EMNV,8298,1.5263467807231161,0.8005068676428382,Y,50.79852829793188,72,0.703460747385793,11.2278319301444,6.639416903065833,6.251302038873618,-5.845616713916524,0.49004399816713895,0.4585357330276245,-6.429680856690734,0.41907146905060455,0.36264491599773896,-13.464661094848207,0.529265411281782,0.5001159796770258,-5.507526277631037
RUS,2017,HBS,190880,2.7498089820407294,0.5155709194131427,Y,73.44389198012905,1094,2.1489518644257144,11.04840635977527,22.569801120720346,21.65447166432384,-4.055549499530953,0.3723907097262499,0.3462747408714343,-7.013055957817493,0.2293247053322749,0.19631186581983284,-14.395675103826623,0.34543834721673006,0.31862266581614385,-7.762798084418199
CHL,2017,CASEN,52238,2.885365171324671,0.6860068762655172,Y,140.24428573092067,890,1.238346180970671,10.982106458149788,25.78919622453901,24.693708996837437,-4.247853318744344,0.4521121344865142,0.4280177514531429,-5.329293596761442,0.3446189716801151,0.30599859333311663,-11.206689567528215,0.4657116229565106,0.4421989001034975,-5.048773037646259
MDG,1993,EPM,4501,0.6127218173365132,0.7682121620653724,Y,18.492371644978334,38,0.4616654650531404,10.978356346525782,2.1035774658146953,1.9580121291464858,-6.919894276954208,0.45255697506501813,0.41202079809060155,-8.957143345010387,0.36022807760790754,0.2922691369642821,-18.86553127532601,0.470074931833383,0.43075509852234695,-8.364588419484765
RUS,2016,HBS,190795,2.7444674282963204,0.5156263030273589,Y,73.0647721436297,1076,2.3548543787355936,10.89688204224413,22.5232456342978,21.78948311158091,-3.257801005373473,0.3684849935798694,0.34757862209011514,-5.673601870905709,0.223972101064966,0.19818279902142777,-11.514515388708046,0.34330591902117324,0.32197269817777663,-6.2140556458279095
JAM,2002,SLC,6969,2.1915263818354056,0.7737834445150125,Y,91.18375127662993,49,1.0999514420622838,10.833592102404184,15.250262979412808,14.601088680773053,-4.256807240085713,0.48315962614149544,0.46038018740979636,-4.714681753029593,0.40120159720164805,0.36214342267946575,-9.735298860874487,0.7789937809579621,0.7691950090890332,-1.2578754938041947
PER,2003,ENAHO,10676,1.7473389634957086,0.8864832837781541,Y,82.00570473883536,50,0.768929684208542,10.81298248601175,9.343381200818923,8.963649234454374,-4.064181458541649,0.5307338810313276,0.5109764051484742,-3.722670925862215,0.5042499617350997,0.4656775954790804,-7.649453482017865,0.6069550351179254,0.5903422137056675,-2.7370761343186056
BGR,2017,EU-SILC,7173,2.8641673299896038,0.5979289106395156,Y,105.42017821066713,75,1.353147027708198,10.801705329673792,23.024702134559295,21.964131665011415,-4.606228837835868,0.40549021568918797,0.37709638544685775,-7.00234657797375,0.31007852955966,0.2694023563687864,-13.11802311776874,0.521262390081896,0.49838731538547554,-4.3883992268896606
BFA,1998,EP-II,8324,0.38336998740022976,0.8536380837104447,Y,18.997060155399915,147,0.5282839291655274,10.708621109012167,1.927792198611734,1.8217106521081936,-5.502747992233448,0.4994396989127323,0.47039261291142054,-5.815934549165103,0.42785637973314883,0.373980331157033,-12.592087234907645,0.5090146189671356,0.48046991957232865,-5.607834889443508
MEX,1992,ENIGH,10259,2.038027400895414,0.8586069236298481,Y,100.87157486718026,85,0.706673982433067,10.53939212746437,11.984109611286181,11.43389048162444,-4.591239128383517,0.5230434072744952,0.5002094698688374,-4.365591285175007,0.4811677034465238,0.43719825058765727,-9.138072348563863,0.5781353040483479,0.5578808211411046,-3.503415682352007
PRY,2003,EPH,8495,2.148617279390483,0.9598826915320731,Y,152.6679580093305,63,0.43050057065167346,10.524159998305079,13.635882039739835,12.858056427129895,-5.704255950169401,0.549301437599504,0.5221339045239377,-4.945833237628294,0.5480110049349487,0.4917774887378572,-10.26138447781111,0.6359406369956299,0.6139380926816089,-3.4598424812050665
ARM,2018,ILCS,5177,2.020621400951345,0.5233488251977463,Y,36.25828389897108,116,1.5948048830829344,10.480445402863579,8.794251527380645,8.450823679605882,-3.9051401555380783,0.344334976912233,0.31797833006721965,-7.654362354171007,0.20019827492776088,0.16660834794050694,-16.778329882899566,0.2965179585690052,0.26850623836266785,-9.446888256455644
ARM,2003,ILCS,4640,1.4905518111513358,0.47946315284762886,Y,18.707813479000368,81,1.721089850249584,10.454255983345735,5.225257114025325,5.000973638527833,-4.292295490981357,0.330280868350473,0.30055700596644885,-8.999571344375623,0.18209466044894773,0.14554761058878185,-20.07035778537408,0.2691134945569591,0.23714684874273306,-11.878499763400063
PRY,2007,EPH,4308,2.244934517787765,0.9051238749352843,Y,142.63745661436045,29,0.2685421689907727,10.427001647898052,14.013723750371584,12.935554263773936,-7.693668762159378,0.5303030299273098,0.491242485479397,-7.365702672539321,0.5136277770097624,0.43624111886937555,-15.066680893100514,0.6154254523937741,0.5833938261659475,-5.204793871172475
CHL,2011,CASEN,41091,2.514985489029455,0.7306530840956046,Y,110.71338461640019,577,1.1274149931261825,10.38603617082817,18.39822651128657,17.735579348596197,-3.6016904253454274,0.4684295467381573,0.4487515408262357,-4.200846434420413,0.37233605314051044,0.3397282146113687,-8.757636617272823,0.4923952510994487,0.47356498883191933,-3.8242168716055014
RUS,2003,HBS,192264,2.159560815465772,0.5756006748367262,Y,48.7333129300741,1035,2.131174678277957,10.33196643576519,13.503799580727746,13.147183565545653,-2.6408568421812606,0.39971570093829434,0.38373341522829907,-3.998413290365721,0.2682500747324572,0.24726136448089386,-7.8243073268466805,0.4050736327726461,0.38941043134999764,-3.866754129474448
KEN,2021,KCHS,16960,1.004543891264987,0.5777407033369044,Y,15.452425808467034,107,1.5247168284826211,10.223102661952073,3.591901924744853,3.4603038401720427,-3.663743814000664,0.387037599639133,0.3639502467326947,-5.9651447115123934,0.2487700027226616,0.21671604816567003,-12.884975763225981,0.35951379807981076,0.33554464225955105,-6.667103167745081
BGR,2020,EU-SILC,6716,3.0383685536028935,0.5876070741264708,Y,121.65507373227871,87,1.4863041860382615,10.212619354789217,27.432878177416395,26.439427204504614,-3.6213880530028386,0.4026387966870594,0.38046132758513185,-5.508030841639034,0.29467455567146583,0.2634488720840582,-10.596667742912047,0.4869674073383691,0.4679516199962165,-3.9049404653358044
NOR,2005,EU-SILC,5960,3.9197133141723377,0.44273913685788535,Y,190.17234210664893,57,0.750401454395634,10.181115248993404,56.011343907337306,51.73582045264778,-7.633317032640319,0.315251929022241,0.2587513072411849,-17.922371468524766,0.2005364376905998,0.12585570530030932,-37.240480209144145,0.9799412930176358,0.9782839424828536,-0.16912753310747153
PRY,2014,EPH,4522,2.6347789922398137,0.8709520522324327,Y,190.11614006919447,33,0.4595195555647533,10.175697508763108,20.109122324188277,18.93649970671455,-5.831296854081181,0.5070264508589479,0.47659514968385663,-6.001915900746003,0.45992999235542165,0.402652787537638,-12.453461563672352,0.5723825987947915,0.5459373035161407,-4.620213006882812
JAM,2004,SLC,1981,2.272853244927665,0.7399162441009199,N,89.353639802227,19,1.2929102954116634,10.096249354037054,15.205788574093658,14.82583665173353,-2.4987321144755215,0.45457474398983944,0.44077029228114706,-3.036783695356582,0.3486235473979651,0.32668530578730515,-6.292816929436129,0.4678667111160646,0.4543657700361057,-2.8856383151845355
MMR,2015,MPLCS,3648,1.6928126587059855,0.5723013025563924,Y,30.256667287071664,38,0.6856408458126096,10.008578327050154,6.414801572006169,5.980223201648872,-6.774619066219789,0.3806850928508574,0.3358408198961105,-11.779886787507,0.2505118190435618,0.18574253178288003,-25.854783022999385,0.3449080901034578,0.2975946965656996,-13.717681578175277
NPL,2003,LSS-II,3910,1.0820465173293332,0.7334156754201682,Y,26.63679534529336,66,0.8694523976920607,9.96192458284319,3.784307853071351,3.6389122145637502,-3.8420668759703958,0.43768104310321854,0.4153465104760621,-5.102924373603567,0.31705631496787023,0.2812493707884498,-11.293559689246068,0.40581039345352443,0.38219533724463794,-5.819233955029546
NIC,1998,EMNV,7831,1.446902602043313,0.8649739422506726,Y,56.93011305354739,53,0.600882071785971,9.934035457536119,6.308144630993568,6.023574149424257,-4.511159750065685,0.4984648697332039,0.4748952372752975,-4.728444046723245,0.4499192654174964,0.4067088866304944,-9.604029457797381,0.6145211988484214,0.5963456337340199,-2.9576791082978837
RWA,2016,EICV-V,14573,0.8166834700451711,0.6996586261371333,Y,18.460980609833687,201,0.9701950996350397,9.877260749155074,3.0867955703793415,2.961012252320787,-4.074883327731893,0.4371004777633607,0.4133703659875727,-5.42898326197554,0.31857188760819133,0.28125301331439523,-11.714427966002528,0.4235839620335059,0.39927624128538297,-5.738583829148891
CYP,2014,EU-SILC,4135,3.655455020381443,0.5974813132292325,Y,232.26964508744095,60,1.120601241872116,9.80238599852622,47.49210089347523,45.43955837242908,-4.321860861977866,0.3702819315049559,0.3420570580652663,-7.622535975485977,0.23124138012836282,0.19245036479065503,-16.77511841357061,0.33717278628920366,0.30758193418673396,-8.77616857165
MWI,2004,IHS-II,11273,0.5985444900176593,0.6343930077300896,Y,12.203508754385451,165,1.0487483593181057,9.704990223092436,2.1885259308108003,2.104113801036628,-3.8570312823709374,0.3987346032853264,0.3748272256930696,-5.995812100398313,0.2637756069303574,0.22910401459206498,-13.144351269541954,0.36404271001911703,0.33878870027934016,-6.937100797445083
NAM,2009,NHIES,9649,1.6138374381469571,1.0250173390970152,Y,108.73236060049862,88,0.4881786925284948,9.653859737172706,8.061874748867039,7.814400884759754,-3.0696813311576587,0.6096517546913307,0.5973725024721486,-2.01414202857485,0.6598652100338878,0.630378849891851,-4.468542922655749,0.6538840164396795,0.6429350439216109,-1.6744517747481313
BGD,2005,HIES,10053,1.1129686687895528,0.49350451577115895,Y,13.376269659677034,207,1.8606222753172623,9.647763347711152,3.814517352383025,3.6953835982621888,-3.123167182511577,0.3320129205874569,0.31074084936695867,-6.407001023592651,0.17858515736807434,0.15299684747093578,-14.328351960627705,0.26600513157504924,0.2430856080118814,-8.616196021279176
IDN,2015,SUSENAS,283944,1.4982632471091772,0.6038762988732155,Y,27.382171973663635,3851,1.2809312260435666,9.501239742678013,5.863543315254766,5.657180798636248,-3.5194165971561775,0.3820753349414866,0.3597340306246143,-5.84735581539012,0.23947575999695703,0.2086005107939657,-12.892849448889388,0.33748209633352944,0.31366901479236964,-7.056102175454548
LKA,2016,HIES,21735,1.9317158731480542,0.6296293628217613,Y,45.63175983127105,269,1.0980122476841618,9.482691768183322,9.070544470222844,8.711455008196792,-3.958852340175234,0.3934577335405064,0.36864046127524985,-6.307481121781433,0.25554878437478723,0.21999708904844573,-13.911901562482676,0.3530979533841494,0.32672749459500094,-7.468312556447754
MWI,2010,IHS-III,11972,0.5769516310850131,0.7635159079944304,Y,17.592969377851322,132,0.7251852494999536,9.45128569401499,2.2742373912308533,2.1868743369027337,-3.8414219493962953,0.45475971137860083,0.4331138238911143,-4.75985161963165,0.3494482031631885,0.3135159068250143,-10.28258151363114,0.4532022711172178,0.43145231911103643,-4.799171008689818
NOR,2006,EU-SILC,5731,3.939256139944486,0.4439643707873593,Y,194.63952387830602,72,0.9658737449864161,9.429753271156383,57.37065207343314,53.84071319136196,-6.15286519238607,0.30564799150291433,0.26032557347932095,-14.828305529094642,0.18047532519145282,0.12401357295240212,-31.285025905427588,0.9720430519510792,0.970211145070248,-0.18845943882364047
DOM,2006,ENFT,6452,2.2208299639866294,0.8843320405684124,Y,130.82049098915564,43,0.5419106019641385,9.287607335306417,13.006066951456228,12.507044633449691,-3.836842604832691,0.5193678541303414,0.5002784742990837,-3.675502763493521,0.47640598201700746,0.4396378524877669,-7.717814409796386,0.58667450693454,0.5702119253096244,-2.8060843671109947
MEX,2014,ENIGH,19025,2.2438637662600227,0.8052009701692113,Y,105.57975900043056,162,0.6596975677608423,9.190315936334889,13.085197482767024,12.579133595380991,-3.867453189395953,0.4890475115850088,0.4686162063163706,-4.177775120952997,0.41380002675052374,0.37743426111781275,-8.788246322331815,0.5290625177034106,0.5101792257120326,-3.569198603096646
MEX,2018,ENIGHNS,72369,2.4168435020005665,0.7329295506194947,Y,101.05168856055984,683,0.7261283956861553,9.169407170851319,15.073889550089353,14.425468245715816,-4.301619049409133,0.4594873285937888,0.435314185982524,-5.260894285212192,0.3633962179029697,0.3229839767838518,-11.120710433455406,0.4853771597265514,0.46234457322038014,-4.7452967336055085
LKA,2002,HIES,16909,1.4942369157531756,0.6258094575559554,Y,29.12699153467338,255,1.1250099533670619,9.161305851066473,5.833505554638542,5.626761822820612,-3.5440736257384198,0.4017190630908434,0.3799120373783773,-5.428426907272432,0.2640496410542956,0.23255713714661108,-11.926736117474535,0.3635813006080102,0.3404762392431747,-6.354854148493693
ISL,2009,EU-SILC,2886,4.023621317422428,0.4654397210124253,Y,225.86567868058862,52,1.5841329012242746,9.132932862145424,64.09673463644532,61.820835423823965,-3.550725673515487,0.3178927853974505,0.29304900341661944,-7.81514495516773,0.1730573602570611,0.14356302658355347,-17.043096941786494,0.3123266535430208,0.28768586814814545,-7.889427660224091
CHL,1987,CASEN,17899,1.7614483292011371,0.9187074640194846,Y,91.61277447215946,121,0.5863196867501683,9.035858760072344,9.797318144978842,9.449190047431918,-3.553299917338515,0.5609433060366864,0.5448771148906107,-2.864138135383132,0.5696692316478849,0.5360499371543199,-5.9015464809840985,0.9341601073134569,0.9317353347380305,-0.2595671294934432
MUS,2012,HBS,6696,2.5018744861523428,0.596527313060502,Y,73.07281613777582,110,1.1589941456618842,9.030218372571099,14.941819584500992,14.439450308292052,-3.3621693353200643,0.3846539851719555,0.3633819626666044,-5.530170835443615,0.24811430340599028,0.217987778278649,-12.142196041815911,0.35778454409580707,0.3356967222412337,-6.173498050452042
DOM,2018,ECNFT-Q03,5908,2.5227617614926094,0.6965421078733885,Y,100.72440109449255,34,0.6184373841762472,9.008309246646963,16.2369406221687,15.39718415008527,-5.171888544920156,0.43672352865607156,0.40610018021140126,-7.012067460369598,0.3257608318516021,0.2761430119778603,-15.231364554086369,0.4369969054986613,0.40640537119445674,-7.000400670868889
PRY,2010,EPH,4344,2.42223722679811,0.9261950933275073,Y,181.4214008569618,37,0.31571337178760345,8.942937044030176,15.42018291846098,14.613937289778537,-5.228508850677827,0.5098243771773856,0.48282709775605337,-5.295407718791556,0.47392280265762876,0.42201064042793357,-10.953716921529422,0.595558240321782,0.573260697688369,-3.7439734897069976
GTM,2014,ENCOVI,10530,1.9280331241324062,0.7911671415869419,Y,73.81297645647544,84,0.5200488860371686,8.91368062228193,9.404505673009433,8.950081635025764,-4.831982177307292,0.4825538656556668,0.4563938004024729,-5.421169969833128,0.409571176963863,0.36327080536145107,-11.304597151009265,0.5768377019340594,0.555402613623438,-3.7159652080216654
NIC,2014,EMNV,6693,2.313090987792168,0.7355315470761628,Y,91.80673206882156,68,0.6461695183958529,8.87271783965455,11.715201077723554,11.268971460213049,-3.8089795860099307,0.4615629419198859,0.4403378700647157,-4.598521659231092,0.36663582691137053,0.33057002385246514,-9.83695547779182,0.48055944813429496,0.460060280367254,-4.265688219558705
MDA,1999,HBS,6071,1.095996040064003,0.6596820708171486,Y,21.650796692807745,38,1.0693832914899022,8.813049525720093,3.972241175498071,3.8536955957277144,-2.9843500062780692,0.4262420649905153,0.4087483174178185,-4.104181405250584,0.30521685317931246,0.27873996514201127,-8.674779181261737,0.4242670030763085,0.40673752916783723,-4.131708047377513
GMB,2015,IHS,13185,1.2735867826297602,0.5811400330091933,Y,20.430050519934614,138,1.5383298833509105,8.808711498769874,5.0999481679142935,4.964990019547766,-2.6462650976651125,0.3591883102879124,0.3420012617535284,-4.7849687871544315,0.21365035235009255,0.19187830464218125,-10.19050400264967,0.3253835097394224,0.3075152655041057,-5.491441237949091
LTU,2015,EU-SILC,4785,3.0396697407559654,0.5432831659970243,Y,106.64645862073338,54,1.5313798573239346,8.776026564532463,26.012009888154477,25.362351376268446,-2.497532926826529,0.37396153192058534,0.3581178140150165,-4.236723981795376,0.2519987292680641,0.2311484522912024,-8.273961157431941,0.47275101256904106,0.4594908417185437,-2.804895282706732
LKA,2019,HIES,19899,1.9706672505457878,0.5762147475868218,Y,40.41946570492141,279,1.217407129436788,8.752933708629213,9.248450091486772,8.931008843075245,-3.4323724004709955,0.3766377715749841,0.35466108253228035,-5.8349668305448965,0.23277628003952122,0.2028252030602673,-12.866893900945907,0.3332015769103679,0.30987948368761775,-6.99939461241621
MEX,2000,ENIGH,9895,2.014405778305833,0.9010875587410732,Y,111.90703192866835,67,0.5721998197655367,8.707419491784457,11.72272872148785,11.342313390824806,-3.245109050128747,0.5341009607538958,0.5185681086396311,-2.9082239605672577,0.5167315807159447,0.486033887484036,-5.940742617158468,0.6317611741082279,0.6194357814773896,-1.9509575985317995
CHL,2020,CASEN,49484,2.8900693973731,0.7244812481406652,Y,158.1451277967213,545,0.8546960478763111,8.688794233324387,25.97050222384042,25.065638881437508,-3.484196549623386,0.4676360853489949,0.44850830830405686,-4.0903124553921195,0.3813435098271496,0.348766114398952,-8.542795298381723,0.5715364067200016,0.5561348007428379,-2.6947725107403286
PRY,2006,EPH,4789,2.1715495368598705,0.9250284793205342,Y,140.7007050074152,28,0.3035647966595239,8.631625228324767,13.083325685128456,12.381139853641288,-5.367028601033197,0.5298090327603506,0.5031794254209607,-5.026265256492013,0.508187712051019,0.4545915690209634,-10.54652478977588,0.611676577860913,0.5896678045309364,-3.5981062748786763
HUN,2006,EU-SILC,6752,2.9437034256265,0.5107534368284463,Y,87.87925202094955,81,1.1547571609750376,8.609754426489674,20.98577321248918,20.19374163011702,-3.774135812640911,0.3466812308637194,0.32129694544162724,-7.322082409494712,0.2169361915486423,0.18434278194801568,-15.024422328036668,0.37987421987418357,0.35595345203814566,-6.297023220991571
GTM,2000,ENCOVI,6516,2.0710261944483968,0.9626641396922737,Y,142.45392491927683,48,0.49795801959707464,8.584432228411139,11.826558609943884,11.520676444486265,-2.5864004529638107,0.5414667895016554,0.5293363567370314,-2.240291186794363,0.5303912216847153,0.505504000026952,-4.692238604310328,0.6450357001960363,0.6356216708648781,-1.4594586514044328
PER,1999,ENAHO,3217,1.7272068759971146,0.9704527760880604,Y,103.39588912385264,21,0.58953405310991,8.561779856221527,8.767000509148925,8.62594320146265,-1.6089574483208025,0.5482889229681902,0.5409499481146123,-1.3385232759852261,0.5645491301727437,0.5494355776400617,-2.6771013761118456,0.6850236388513282,0.6798809357709497,-0.7507336665055875
ARM,2002,ILCS,4633,1.4259084654847547,0.536153699379088,Y,20.787868339116343,71,1.388019202671676,8.532103616784694,5.084001243864039,4.938768594231978,-2.856660387472265,0.34779674319560017,0.32878317531084766,-5.466861969451886,0.20000215033989543,0.17575691639122915,-12.122486636999907,0.2999439040764432,0.2797928415883194,-6.718277055895139
LKA,2012,HIES,20523,1.8113378924797934,0.62318047395698,Y,39.68127104750049,257,0.9472320348357854,8.503223340547246,7.875567783470361,7.581764376697632,-3.730567939360241,0.38713608462214477,0.3635210292066894,-6.0999365219350015,0.24767468061474696,0.2138184410087567,-13.669640966915376,0.34578634410150344,0.3206910006989736,-7.257470929841936
TZA,2018,HBS,9459,0.9521045705046365,0.6467903554466571,Y,18.037909685783575,136,0.9175729440474798,8.478728120441925,3.294749942960061,3.180908031996532,-3.455251929111536,0.40491229966792897,0.38372669216349475,-5.232147188862546,0.2703826115302822,0.23874588343819958,-11.700725839220393,0.37066228004481694,0.3483273135585645,-6.025691765439934
EGY,2015,HIECS,11977,1.8487166110424333,0.49565353817888996,Y,28.09740506345126,156,1.246815448718645,8.409622003127954,7.248880229058023,6.989599589354932,-3.5768371322198567,0.31823358093207177,0.2931001687390611,-7.897787568300507,0.16979732273718917,0.13860203134966786,-18.372074944788796,0.2504111579376258,0.223144298569519,-10.88883562245202
ARM,2017,ILCS,7772,2.0197966324039967,0.5276760085377098,Y,36.70175808061557,90,1.0338774157310167,8.38126936087061,8.79643569281281,8.438633911214122,-4.0675768469612406,0.33621837306687863,0.30824379428272275,-8.320359928275344,0.1908065466692499,0.15466559353680376,-18.941149432935344,0.2819353154897377,0.2519517206906533,-10.634919838616597
COL,2002,ECH,30541,2.148829617172974,0.9106389755579531,Y,131.728968637847,178,0.39524888466484603,8.377397999229602,10.548480205432,10.185449315074605,-3.441546870140122,0.5594711910587562,0.5438158468679036,-2.798239559257021,0.5731255294888786,0.5395715311205667,-5.854563554032555,0.6867091245537382,0.6755512582282188,-1.6248315227747168
MEX,2016,ENIGHNS,68154,2.377694840849602,0.7588534044395939,Y,105.0309484812371,625,0.6796393680989044,8.364604586248499,14.772332256995702,14.250516750097338,-3.5323840394345885,0.46905128556538667,0.44969513152563145,-4.126660481576893,0.3782444858219729,0.3450319884247248,-8.78069572516652,0.4970953605312993,0.47875191335247813,-3.6901264093906594
SYC,1999,HES,813,2.8171542351011123,0.7107814180208017,N,141.10418089794038,10,0.5156202608431908,8.364567830578912,20.161915452074634,19.20302010374849,-4.755973461973206,0.42776691017338175,0.39931958147083657,-6.650193838278651,0.3196933761622227,0.2745620601716876,-14.11706320985331,0.447296015846835,0.4197990076812519,-6.147384995934935
CPV,2001,IDRF,4572,1.655464172749214,0.9013535426767472,Y,78.21995552819493,50,0.48142396114615443,8.34459679797213,7.396032211766996,7.155432752957496,-3.253088303573226,0.5249630322398702,0.5090369090691046,-3.033760892231452,0.4786266934837444,0.44717224431193325,-6.5718125629111945,0.5660917934987317,0.5515226004758627,-2.573644979522516
TUR,2022,SILC-C,26229,3.121053068884106,0.7053348247401421,Y,188.11576471920475,157,0.6141184728743473,8.334636562275362,27.71905107734694,26.56402257306808,-4.166912139437528,0.4436486821879687,0.4195674477094372,-5.427996395654466,0.34347259838413846,0.3043162525417107,-11.400136728996202,0.4827783466078156,0.46038168273420177,-4.639119386977752
EGY,2019,HIECS,10719,1.8007982701311125,0.4894048795656924,Y,26.28538046647845,176,1.2732084690590044,8.313507260677868,6.758395644480092,6.5312036220944885,-3.3616265506912435,0.3189355843168662,0.29542536390719465,-7.371463569995962,0.17018832969973197,0.14133902054884717,-16.951402720612187,0.25902750897617144,0.23381125119340995,-9.734972892427884
NER,2005,ENCVM,6686,0.4087874293516463,0.7668233201216023,Y,15.018118763395707,63,0.4406567069476093,8.310860530991194,1.714574011922443,1.638256504679209,-4.451106030568141,0.44425444197306796,0.4184574587971982,-5.806803655422687,0.33680268338238367,0.29404175648869424,-12.696136047449924,0.44297857207724745,0.41709707997075296,-5.842605881618401
CHL,2022,CASEN,51504,3.0600253722551436,0.6653716586259643,Y,156.98344409018773,534,1.0268070665193276,8.287208511107526,28.719894381859163,27.951733947448105,-2.6746631592637904,0.4296000649441285,0.41404140682981727,-3.62166102473348,0.31158328247604317,0.28777594360746006,-7.640762585012428,0.45734623374088434,0.442572340249629,-3.230352061809194
NIC,2005,EMNV,13709,1.5892986711014665,0.802088801321795,Y,54.356547476856576,92,0.5353735660473773,8.268150373177447,7.14151335988799,6.842052882978976,-4.193235548518404,0.4648778431077045,0.4415490866964007,-5.018255173305586,0.367591056672004,0.3277288642962157,-10.84416817337226,0.4751763135933169,0.45227973986966774,-4.818542732171071
GTM,2006,ENCOVI,12815,2.0083489842020814,0.9526962466909171,Y,129.85750375046936,55,0.39394475852362393,8.262781587419797,12.081041271436929,11.594378047266645,-4.028321841105676,0.545497319587208,0.5264881215536448,-3.484746368313596,0.5471741003980553,0.5081418594530835,-7.133422601065497,0.6512044895210325,0.6365807709710105,-2.2456415435307964
AGO,2018,IDREA,11971,1.346464021378548,0.9491377714100249,Y,66.27928040527755,33,0.24642533507338138,8.258220286618561,5.482073309770681,5.192680558398828,-5.278892401093382,0.5127211121137939,0.48560632748692467,-5.288408061662054,0.47788964770152265,0.42533360304978785,-10.997527338060253,0.5977707640335052,0.5753682331272338,-3.747679253349312
MOZ,2008,IOF,10832,0.6090725104128938,0.792216522507327,Y,19.800794792592296,142,0.47773322049685024,8.223836403578712,2.123339789732679,2.043314773779595,-3.7688275960372164,0.45578337049334694,0.43455180156966156,-4.658258790947989,0.36460940752129695,0.3286156546736979,-9.871866195744449,0.4990019869636144,0.4794274429137029,-3.922738698701589
PHL,2000,FIES,79036,1.5937846398251594,0.7297295179445424,Y,43.946509169379055,729,0.6879263911150454,8.199926815774871,6.562944368956161,6.327107368291689,-3.5934633512973213,0.456487723800322,0.4363323365968357,-4.415318562280268,0.3472094093681557,0.31379718611381446,-9.623075398545245,0.4495683781160267,0.4291555463287179,-4.5405399447468575
ARM,1999,ILCS,3599,1.41656674781377,0.5731006018527351,Y,23.008611372864078,42,1.1450172574371336,8.173248714842714,5.100736097454051,4.947292820837307,-3.0082575080356277,0.362197243288364,0.34256365765679253,-5.42068886370296,0.21843002295060976,0.19221491944229396,-12.001602689133728,0.3232921009876243,0.3026363190376059,-6.389200938382677
COL,2000,ENH,6982,2.0650629027044762,1.0053877266528277,Y,160.97129910474516,51,0.30712014682314015,8.131207938823316,10.828929891310775,10.442782374452513,-3.5658880492717038,0.5534141766331258,0.5369439239046152,-2.9761168802564186,0.5591363757454577,0.5242166360195286,-6.245299222282408,0.6804788581931969,0.6686705393886836,-1.7352954705847412
COG,2011,ECOM,10393,0.9352321384098982,0.8808772263552906,Y,35.79699020820163,83,0.6195808939830875,8.125802996500209,4.591497236738713,4.440192528642588,-3.29532394978842,0.48938670585410593,0.472074370706002,-3.5375573020295814,0.42227253649903607,0.39143485878083406,-7.302790272336923,0.544178338889948,0.5286974423214443,-2.8448204314936
PRY,2011,EPH,4057,2.473954823559183,0.9376492947090898,Y,197.73004823697391,27,0.34987970084837505,8.032310792937453,16.987048013233206,16.314412823523682,-3.959694404734304,0.523062531591576,0.5034708864946612,-3.745564614865704,0.5007340726328247,0.4623659738207384,-7.662370289752696,0.6242931055658191,0.6088204328113562,-2.4784308230409557
RUS,2002,HBS,193141,2.1244400973185735,0.5444305731706935,Y,42.85112147574264,1051,1.5464140366487107,8.00538370465857,12.259850372674943,11.941058066087578,-2.6002952474680874,0.3728382979167951,0.3562714700856421,-4.443435109461369,0.23329436709162454,0.21209163009730636,-9.088405030367053,0.3653392920842785,0.34885702954860986,-4.511494627812008
SVK,2006,EU-SILC,5060,2.86839696339156,0.4020242594262381,Y,58.81928290295433,63,1.159881169659935,8.003931485373553,18.723592301595442,17.907202588695437,-4.360219448008595,0.29296492392917217,0.2608707262247154,-10.954962551153713,0.15874004570008937,0.11999960521607056,-24.40495737112982,0.26895344561118284,0.2362811686504167,-12.147930243659854
MOZ,2019,IOF,13297,0.5725464149119006,0.8783881588737371,Y,24.722429080423815,147,0.3741446575003512,7.983651044850655,2.096400594920395,2.021528934528497,-3.5714386159455103,0.5044738708882396,0.48617276085103867,-3.62776173223357,0.4517025991010097,0.41706790501435853,-7.667587956230937,0.587491210814328,0.5722307691225943,-2.5975608504135828
RUS,2021,VNDN,48806,3.1606059043228223,0.4724167146573785,Y,97.30555200911658,452,1.938394424139868,7.960945243836704,32.61494669865598,31.904654045192686,-2.177813319843813,0.3371490528107878,0.32262524232486345,-4.307830724968776,0.19242009908695978,0.1760563177670167,-8.504195454419683,0.3303083232525308,0.31610308447744917,-4.300599704907004
NGA,1996,NCS,8163,0.9078517314919143,0.8793800785058166,Y,34.67406381567182,44,0.36594601181867886,7.931497236952993,2.9201883370121475,2.8154620334171203,-3.586285934631883,0.5192224642044391,0.501421661828827,-3.428357515864955,0.4848002262771376,0.4502948894018254,-7.117434152266078,0.595078425859237,0.5800372915055207,-2.52758858330282
LAO,2007,LECS,8281,1.2054306958964827,0.5571401611583316,Y,17.75826745101393,117,1.182092744046307,7.91541552063063,4.248130009090894,4.121792058021518,-2.9739662109920295,0.35361034872555386,0.3339401209605194,-5.562684416880859,0.20626812518539017,0.1804589367425693,-12.512446321807612,0.3057251831212532,0.2848273675597778,-6.835490406162304
LKA,2006,HIES,18535,1.6911145278954882,0.6381729558159723,Y,36.804988584295614,222,0.8036304290436901,7.910969695758851,6.861554592120121,6.614515175349004,-3.6003417804883475,0.3966901942576324,0.3742759028704289,-5.6503265549958215,0.2590434424780683,0.22626765656658399,-12.652621351053606,0.35786669433115303,0.3340958996749921,-6.642360139321757
UGA,2002,UNHS,9708,0.7310225787827647,0.7790749518424087,Y,21.50418213899014,105,0.449688943963432,7.908778939176093,2.4775376147127455,2.378296571198976,-4.0056321617250585,0.45172325847205186,0.4289017860315478,-5.052091521188739,0.3436210867835662,0.304909263319017,-11.265846292178294,0.43897308119609857,0.4156168756900609,-5.320646414672514
LAO,1997,LECS,8864,0.8766113907293035,0.5410966089062815,Y,12.181290602298503,123,1.1721875241549047,7.884871305680538,3.0139633796184397,2.9191038146563826,-3.1473363479972427,0.34895439976216813,0.32793722369058176,-6.022900437968614,0.2020066217788541,0.17471351195293316,-13.510997602741925,0.30324868619402834,0.2810162138582786,-7.331432368193247
RUS,2022,VNDN,114659,3.161084347921836,0.49608661537109494,Y,104.51642060485216,622,1.75114192462378,7.7981208688856585,33.13958769090354,32.385553446644224,-2.275327778040792,0.3514427727136319,0.33658325178998394,-4.228148101869211,0.21134014008566782,0.1939590957721795,-8.224204027896832,0.3756356570148892,0.36167400612456213,-3.7168065995858535
PRY,2016,EPH,8649,2.5144403475497383,0.8605270291921765,Y,163.37063193073433,78,0.5171593707773122,7.789078645491824,18.43331946516521,17.84242024717664,-3.205603955951797,0.47899717742336134,0.4618239411416102,-3.5852479077497,0.40210880000538785,0.3718598470850458,-7.522579192481416,0.525456151423928,0.5097847090397014,-2.9824453176080845
PAK,2005,HIES,15436,1.164977079886516,0.5170433656634715,Y,15.121342808242135,386,1.2397281840041676,7.767294212010495,3.797387990509142,3.6898972415084086,-2.830649627306614,0.3126125382458622,0.292752211688157,-6.3530166349519686,0.16117940078024917,0.1372847716060861,-14.824865372679252,0.24090894258238493,0.21932762707742637,-8.95828742329824
CPV,2007,QUIBB,6923,1.6563685912633959,0.778703515724651,Y,54.18906516875036,70,0.6382767540456942,7.740793180871515,8.25705205626537,7.963766939959775,-3.5519349315843884,0.4718738887525413,0.4525039268451113,-4.1049022565408215,0.3790471085526219,0.3458045731396062,-8.770027435363147,0.4912827182749112,0.47262768885096507,-3.797208558333043
FJI,2008,HIES,3573,2.1890016602758555,0.6554431716198106,Y,63.773081109743984,41,0.6422083807711774,7.7400904096844245,10.984358525440346,10.54371531621016,-4.011551591380003,0.4037558604786329,0.37891450159335194,-6.152569242173412,0.273757658997948,0.23589514824249713,-13.83066720180226,0.37707762477052176,0.3511837880421278,-6.866977785847728
ISL,2007,EU-SILC,2863,3.931962578458465,0.44126749177186864,Y,191.6680661537017,40,1.3402126729517674,7.727191763473034,58.237170621920455,56.30583248293716,-3.3163323670403977,0.30245150569239376,0.2787152271326022,-7.847961776699619,0.16192587985240925,0.13434567143546783,-17.032612972107962,0.3933712544779431,0.37305824527321185,-5.163826531170745
CRI,2007,EHPM,8832,2.574578884612288,0.8385735052841924,Y,162.4384889327692,61,0.5926270422512109,7.726120138220554,20.64560340211276,20.013153692444806,-3.0633626799361546,0.49281105329471,0.4768578388105681,-3.237186823933025,0.4289947163679382,0.4002556181505148,-6.699173001649406,0.5756430223946125,0.5622730669266522,-2.322612269726243
UGA,1999,NIHS,10014,0.6285691122346617,0.7130971474509528,Y,15.924527880582458,107,0.685378650217405,7.7192125488793355,2.255062883578432,2.190133100725556,-2.8792892351561683,0.4300375429996598,0.41324864997451427,-3.904052866649088,0.3117746644580678,0.28537191709229054,-8.468535251788644,0.42506449134220026,0.40812231820455946,-3.985788858566741
LAO,2018,LECS,8449,1.61844795059064,0.6232457810364416,Y,32.726504792404775,97,0.9682315478190747,7.665908365739257,6.521311872054412,6.338262423597229,-2.8069421007389517,0.3880243379667925,0.37045804348495825,-4.527111514159088,0.2471418183839127,0.22221919369444887,-10.084341392499086,0.35200929574626416,0.33351772817543957,-5.253147514647938
COD,2020,EGI-ODD,8992,0.2692859900047468,0.7310677320224522,Y,11.733983285731922,67,0.6411648663056946,7.64015627855703,1.7477412123165985,1.6894452305971586,-3.3355042101553267,0.4474962745995834,0.428527383497584,-4.238893635253749,0.34157066060764685,0.31068380581274646,-9.042595971197686,0.4610552332098874,0.4425529743108737,-4.013024376754193
BGD,1995,HHES,7418,1.0258586491742472,0.5303655916330848,Y,13.693967728410215,128,1.238166663696207,7.609302357549029,3.309313552870494,3.227052022023721,-2.485758134807725,0.32942982879391236,0.31247526551011306,-5.146638768526901,0.17774657400173632,0.156806914432857,-11.780626257626082,0.2649672847674942,0.24665856150716703,-6.909805214780718
MEX,2012,ENIGH,8702,2.2162559976986524,0.8478343141938572,Y,116.71778655057571,66,0.5628543749275701,7.57310845118071,13.907482079496145,13.511204546705919,-2.8493837383724463,0.4959120254910496,0.4811850887709124,-2.9696671915859896,0.42932564196170864,0.4024621557806962,-6.257135273417558,0.5465641714120069,0.5333020270130151,-2.4264569638236644
SLV,2013,EHPM,19953,2.0782236138557955,0.7108624899221955,Y,67.41119375788162,126,0.5969752088975566,7.570798127064568,10.896159475663644,10.473661352914585,-3.877495769887551,0.433542754624349,0.4107500054266696,-5.25732444022241,0.32309114501970715,0.28623191367291145,-11.408307505471083,0.44710744633106814,0.4248903888438996,-4.969064521174971
RUS,1997,HBS,188064,2.145846586370407,0.597552941851142,Y,51.341809072798746,1014,1.2019311120734864,7.540417186149338,12.516556856668078,12.189849429081061,-2.6102020813572824,0.38409233372131446,0.3677342982799512,-4.258881004699289,0.25179780514308314,0.22979042359174962,-8.74010062908528,0.3906426293805797,0.3746208374668929,-4.101393629029082
COL,1996,ENH,7800,1.9737164476822053,0.9736717401023832,Y,133.5841568995376,64,0.28769868513694585,7.494521442387784,9.737172934856419,9.39173828432247,-3.547586685016013,0.5535722913310708,0.5371777732444276,-2.9615857483080266,0.5784294706181747,0.543429277081195,-6.0509008124317365,0.7202851605448197,0.7100015098813055,-1.427719357113466
UGA,1992,NIHS,8317,0.7357883506752527,0.7134830777597855,Y,17.747374401798766,60,0.6188549048876957,7.485856962234879,2.3114048097038844,2.2482068488055496,-2.7341796916322547,0.4141962435014933,0.39782162561285184,-3.9533477537640804,0.29074887970810936,0.26554731859512704,-8.667810221068727,0.4037486983834956,0.3870785741155859,-4.128836658706891
AZE,2004,HBS,8423,2.0920348136708635,0.4026632786365698,Y,27.11330724407242,161,1.512512293899837,7.474839076105294,8.740161733879434,8.496940814630042,-2.7827965506244223,0.26621592524393456,0.2454046096054494,-7.817457058369315,0.11815907366172906,0.09594248309152498,-18.8022721249548,0.18254956348364748,0.1601263078983115,-12.283379460036137
CZE,2009,EU-SILC,9454,3.350492782749523,0.34619118944342236,Y,80.56516427657374,169,1.7341636038743258,7.424626942701881,31.41241903063476,30.477295860217737,-2.9769218649001505,0.26275791720433117,0.24033824119205904,-8.532445473312865,0.12181815787443817,0.09871997973597413,-18.961194736068876,0.2144370681257055,0.191570719779674,-10.663430789226702
PHL,1997,FIES,38108,1.5489846628022481,0.7974723726485536,Y,51.49072944802776,197,0.4546677372418002,7.392909801851538,6.243172746354384,6.015732350913273,-3.643025824872803,0.459622075091196,0.43925613624426807,-4.431018428104661,0.3551364217357251,0.3204252031977366,-9.77405200185829,0.45819743240864674,0.4377709973188144,-4.457998592976587
DOM,2009,ENFT,6966,2.1300051478364885,0.7971645745648905,Y,91.97335095272945,42,0.6238293098543998,7.382364897467418,12.407321510427163,12.065124483023842,-2.758024986422225,0.48872497900312806,0.47430631027372316,-2.950262284284144,0.41339507707720946,0.38785640549342704,-6.177788028910802,0.5317231516197775,0.5184970724446428,-2.4873995301585627
PER,1998,ENAHO,5843,1.6785420524497177,0.9731076723356895,Y,99.2721500978355,26,0.3990904110483178,7.359783409085633,8.98165971216067,8.716814642686495,-2.9487319489023833,0.5511462731233117,0.5375391092361861,-2.468884314505948,0.5705838691136489,0.5420558766186196,-4.999789520749143,0.681867423640572,0.672210081388704,-1.416307909286274
PRY,2008,EPH,4132,2.305603225305741,0.9359501226818359,Y,166.24350204878206,29,0.29683848745424213,7.341105671883826,14.569523194279597,13.993433797670477,-3.95407172168345,0.5070469117361394,0.48680190603199214,-3.992728332537887,0.4559799156512492,0.4174177668506842,-8.456984063758366,0.5730609013837119,0.555503576127505,-3.063779995077842
COL,2004,ECH,35800,2.106213187884589,0.9174047879364065,Y,128.82147764795448,203,0.3947463972058376,7.325430884105056,10.60324920845108,10.335033658059205,-2.529559997308184,0.5493899406479379,0.537741140003762,-2.1203156050577654,0.5403129268131304,0.5161271687213602,-4.476250130534987,0.6425333222811591,0.6332679007662226,-1.4420141638789796
SLV,2007,EHPM,15336,2.070582447681238,0.7661137855207215,Y,78.95861103618776,87,0.5970196619451796,7.293911700458335,10.606016341218577,10.30382130703877,-2.8492793567116648,0.45212578091683686,0.4361291314976504,-3.5380971610926237,0.3516604432890498,0.3251301321112261,-7.544297825961877,0.47980695706370724,0.46461505804980363,-3.1662523417488653
PAK,1998,HIES,14643,1.1457088834293616,0.5326395016780933,Y,15.543264419188187,335,0.9821356732902186,7.261985393694348,3.4788664331121506,3.3788876055280834,-2.8738909500077403,0.33123292717587427,0.31157842116931467,-5.933741604174414,0.18191706779691685,0.1569883803784924,-13.703325213142515,0.26817727742693376,0.2469020534900913,-7.9332686724881025
BGR,2015,EU-SILC,4872,2.781107150619672,0.5512069713457693,Y,84.32918968286249,53,1.178044660483334,7.256480765401663,20.202259231144264,19.72972169214752,-2.33903314273024,0.3732820393471169,0.35838036588645794,-3.992068165594709,0.2565313621034595,0.2366095605993075,-7.765834688125784,0.4643164096533421,0.45168343396428334,-2.720768731497236
LAO,2012,LECS,8223,1.4656472510335303,0.5536400808866545,Y,22.795599061111925,107,1.193333972814732,7.255858745689672,5.410251561952978,5.2897189787340855,-2.2278554303560516,0.359635482157172,0.3451574630185301,-4.025748252591644,0.21122651575047025,0.19239335656879564,-8.916096123046845,0.31592511507011534,0.30065855516772266,-4.832334997806198
UGA,2019,UNHS,13730,0.9468583591103426,0.7507203214846044,Y,24.508483515767477,81,0.37969694832697576,7.2331879941373725,3.5260319335242842,3.364045379029745,-4.594018362523256,0.4270545388634991,0.39952021981404884,-6.447494767934348,0.30985619455824165,0.2654011897918651,-14.346979517306579,0.43128463911782866,0.4039706242643397,-6.333175906602751
ECU,2006,ENEMDU,16647,2.0394764710177107,0.9774455423044752,Y,144.28825909710665,56,0.20726511146883353,7.193888134193346,12.516859932723017,11.915470252303313,-4.80463697486525,0.5220516643283926,0.49794442168938946,-4.617788676148848,0.495951090899617,0.44770224718445917,-9.728548762265676,0.6238150757582915,0.6048366181666921,-3.042321086666555
PRY,2005,EPH,4045,2.2694264735362397,0.9481506019933795,Y,166.3141183579682,18,0.2851177640748085,7.188122384030558,14.0162610767128,13.482946172456414,-3.8049726766466785,0.5137043163891765,0.49453014649235294,-3.732530423648883,0.4738157159566323,0.4368933942249362,-7.792548978066305,0.5931546627058191,0.5770798479335264,-2.710054524221983
ZAF,2014,LCS,23368,1.8104920866692207,1.059358624924642,Y,146.72615546374107,107,0.4460410668824801,7.186001201399574,11.943058297502214,11.739288893985972,-1.7061744022371483,0.630260727220264,0.623879122646572,-1.0125340669468463,0.750348977096102,0.7342217075041375,-2.149302535785158,0.7274732662636847,0.7227481990413663,-0.6495176443508943
LVA,2006,EU-SILC,3874,2.4494928131403,0.5926221110656735,Y,68.53599942947741,41,1.0324424277697524,7.15263608720842,16.02471477951699,15.586119983730997,-2.736989717574323,0.38754187839099663,0.3704376375517797,-4.413520652330682,0.27119688470279657,0.24768099741488836,-8.671149491145213,0.47417923495621483,0.45958739959460926,-3.0772826572536327
MDG,2005,EPM,11777,0.5258356086145727,0.6619917521497192,Y,12.327232816014357,157,0.6482412020414228,7.14640423768347,1.9466347349991653,1.8874305499899429,-3.0413607619740657,0.39937179166027814,0.38062460914382834,-4.694167917697333,0.2670168927335111,0.23914986130181698,-10.436430124855821,0.37742675696131855,0.358034238678573,-5.138087834279603
PAK,2010,HIES,16332,1.3204092992849243,0.458055449876712,Y,14.799237348196465,389,1.3878270848791436,7.141312639679268,4.292795560863588,4.191621433153868,-2.356835453150885,0.28780863824784364,0.27076877592250537,-5.9205527773855575,0.13605501208588477,0.11696721910782482,-14.02946696738433,0.21155690546321204,0.1931949357595638,-8.679447103579053
CYP,2019,EU-SILC,4036,3.81775105712118,0.5292643686211062,Y,222.63733852544243,45,1.0222289659518837,7.133695372832483,51.22094238702405,49.842859753471146,-2.690467159194676,0.32728756733267106,0.3087901540054514,-5.6517311298959205,0.18065244287108184,0.1571909019897455,-12.987115207779997,0.28239703047971354,0.26288578905621063,-6.909152475987012
IDN,2014,SUSENAS,70861,1.4694368362441206,0.6442748317953684,Y,30.031935484908633,564,0.8370722876672931,7.12517308780928,5.682376202257393,5.52888607174036,-2.701161011762243,0.3877997114738142,0.3708953588529924,-4.3590420829808245,0.24472003332915482,0.2205712075545443,-9.86793988464758,0.34310548056764956,0.3250650406265976,-5.257986526826985
RUS,2020,VNDN,49496,3.1236527647527366,0.533848245644579,Y,112.75276503639432,237,1.5403676329213531,7.094832865181102,32.66860274591537,32.0876270795472,-1.7783915366285985,0.35674508806808647,0.3452015860598183,-3.235784428253996,0.220325386510289,0.20608158748992267,-6.464892333095329,0.3830472941937836,0.3722002278654897,-2.831782522083648
RUS,2018,VNDN,49867,3.079297131387973,0.5249724928179978,Y,105.02670066117355,336,1.6950862334740178,7.088024058294865,31.511483608100786,31.05823521321248,-1.4383594264402944,0.35454125364035893,0.3452383458489867,-2.6239281595165087,0.22112166674422573,0.21012922546967383,-4.971218531591026,0.4293611033364173,0.42132355717690606,-1.8719781780543787
IDN,2013,SUSENAS,70689,1.4604488749031543,0.6264912231269516,Y,28.216941057391566,684,0.8514409338643897,7.078868578617659,5.558546589167759,5.405314967686358,-2.756685025902472,0.38926852392760547,0.3720418571505154,-4.425394224860013,0.24604170444962858,0.22134186441618997,-10.038883484688,0.34424996756595405,0.3258626452368555,-5.341270606096948
ISL,2008,EU-SILC,2876,3.9948048267469414,0.44626154177084415,Y,207.18030485099186,42,1.3620295346399733,7.070384786474132,61.51092104801508,59.983719186243746,-2.482814166575731,0.2947095978038604,0.27689221012345544,-6.045743950376215,0.14963880139451513,0.12936372643767324,-13.54934333066975,0.3279335973503834,0.3113142252299148,-5.0679077272803745
MEX,1989,ENIGH,10539,2.0294071704494296,0.9045090104288933,Y,114.77046780846963,49,0.2781504472170799,7.0599976654007435,10.205823735597136,9.804527387611458,-3.932032909661043,0.5007373905642514,0.4803373362180182,-4.074002607084237,0.4453743522004092,0.4067435847360059,-8.673774606360862,0.5697618937270761,0.5521689979893187,-3.0877627885350645
PAK,2004,HIES,14695,1.1866822664343495,0.4784102358088524,Y,13.762024814017842,416,1.2788096835844844,7.04261930050222,3.769158512693433,3.6797011337909216,-2.3734045305137785,0.3088610688316731,0.29219474845758897,-5.396057339673044,0.15671821474256964,0.13719300050136685,-12.458803383688066,0.24332398932781418,0.22547104820803154,-7.337106862788845
IDN,2009,SUSENAS,67033,1.2226110890522055,0.5275718802780298,Y,16.532476677942977,810,1.0364863396917727,7.0275293637362495,4.1476967422475886,4.027572998147014,-2.8961554222857844,0.3343270762972881,0.3145693069005062,-5.909712613049923,0.18418693084171678,0.15848865041390714,-13.952282233256696,0.2752140503867184,0.2539659882329086,-7.720558642973707
IRL,2006,EU-SILC,5733,3.67742908882118,0.5136261021406715,Y,184.62142835160637,73,1.011516006611151,7.024486798324478,47.481726898295044,46.013854560118475,-3.0914468239976234,0.33748795470926596,0.3164297618909009,-6.239687231654234,0.19371067981616052,0.16605361986469136,-14.277509106734264,0.3089003332115533,0.2871612323930244,-7.0375776524788325
VNM,2010,VHLSS,9399,1.9793346362629751,0.6442290599805796,Y,49.99994053886374,69,0.8745811765442328,7.019058431637718,9.624413784566118,9.386160625561038,-2.475508268224569,0.3925272478097146,0.3772061246378767,-3.903199907096666,0.25884605285575013,0.23704984340660928,-8.420529967009948,0.3806766465904897,0.36513971037495185,-4.081399884834969
WSM,2002,HIES,1462,2.0873220647441038,0.7104783219377488,N,67.94897328055235,23,0.8671306431006782,7.015982232862219,10.130467923055555,10.008922462456134,-1.1998010508754486,0.4073551966615079,0.40021300594272435,-1.753307869229992,0.2767210046236164,0.26617246196921496,-3.8119775796380484,0.394013365498436,0.3867275711210645,-1.8491236631414387
SLV,2009,EHPM,19269,1.93802742497431,0.772393552329026,Y,70.47147950657529,115,0.690457638293492,7.014580406365014,9.877291093959935,9.671016281274968,-2.088374339914978,0.4582508610601099,0.4467501977789028,-2.509687216866696,0.3641128870305952,0.34501132061054895,-5.246056127214526,0.5030433010814512,0.49249707210264304,-2.096485323656183
LKA,2009,HIES,19944,1.747578910548254,0.5775208912471664,Y,32.46431818792045,251,0.897356931540121,7.014265645814996,6.911454871771014,6.717987876610917,-2.7992224321725434,0.36054152444522247,0.3422070250976237,-5.085267050948072,0.2144961829114833,0.18938747111242593,-11.705901456259971,0.3135220215094636,0.29399261184578884,-6.229039213784637
AZE,2005,HBS,8553,2.2006141188385477,0.395422001972579,Y,29.573542428844576,180,1.4594162459859281,6.9667797932570545,9.718767616948698,9.473283561177604,-2.5258763811060847,0.2655490770188307,0.24667224964258594,-7.108602141707365,0.11649475087864802,0.09640360525557945,-17.246395628587084,0.18099882415255408,0.1606799096796213,-11.22599252678408
MEX,1994,ENIGH,12440,2.014693857509971,0.9618943952682327,Y,134.34042229522294,67,0.4007254247555959,6.96669656819623,12.424514677273496,12.097272667497837,-2.633841387577407,0.5342153487491043,0.5216619122508572,-2.3498831562293376,0.5059083795087882,0.48078273269195604,-4.966442113733693,0.6017986265788396,0.5910442351653067,-1.7870415349184987
MEX,1984,ENIGH,4672,2.067092832423182,0.8237345233591298,Y,93.53132458630049,29,0.6008967663549917,6.96381524482627,9.872880155080137,9.74737772670531,-1.2711835493136259,0.4852701236099983,0.4786782142741385,-1.3583999952071268,0.40707924198367884,0.39535235164687443,-2.880738963662155,0.5265552784020573,0.5204807149606661,-1.1536421132887997
ECU,2007,ENEMDU,16708,2.097367762629478,1.015497641216825,Y,171.3761222352916,63,0.332708995487757,6.90287502839951,13.201918681176325,12.860790508058702,-2.5839287557801183,0.5327988254645166,0.5204334485662551,-2.320834113603931,0.5211256801747282,0.4960850372324441,-4.805106310226003,0.6720013505709178,0.6633081215159806,-1.2936326761176287
GMB,2020,IHS,13483,1.2850981896765148,0.6444660302865312,Y,24.990513192143645,101,0.8302266523694477,6.901898229300279,5.0846156297080345,4.941158534679569,-2.821395076361022,0.38757204145517676,0.36986813693845866,-4.567900318672901,0.25337195203051444,0.22759584025827984,-10.173230132880018,0.37310500771690003,0.3550787154170503,-4.831425986522142
UGA,2009,UNHS,6774,0.9202061802627914,0.7843964819522966,Y,26.4008346747341,81,0.6259479144792122,6.87416331409588,3.421863922438171,3.3518948820752463,-2.044763963409446,0.44195559261551476,0.43038019381927484,-2.619131647986661,0.3280014798303711,0.30935238867441284,-5.685672871233017,0.4414274451455026,0.4298339495973851,-2.626364915823498
DOM,2013,ENFT,7004,2.1605302068713774,0.7805896268357959,Y,90.2243266397961,24,0.5876685738054556,6.873432709786908,12.818437470922738,12.46759081050242,-2.7370470169720496,0.4765639323402816,0.46193646137430033,-3.0693617316252975,0.3881321344385267,0.3631446884040268,-6.43787097676074,0.5045844803726873,0.49071779856948505,-2.748138784007048
PER,2002,ENAHO,13107,1.762323083460034,1.0215075660122432,Y,124.81664013932058,43,0.3413438986256529,6.871005217930528,9.010193493569593,8.817156614065896,-2.142427680842418,0.535486599306468,0.5253525008921816,-1.892502712002797,0.5287796278274208,0.5082353419863062,-3.885226427032429,0.6396365272139228,0.6317552310018089,-1.2321523047538752
LTU,2021,EU-SILC,5617,3.5294689302704114,0.5454005575129178,Y,175.15487854990815,65,1.1239778411268742,6.844079377241942,43.71493631620089,42.69175339756299,-2.340579684794608,0.3589802908005174,0.3437307992856854,-4.24800244069835,0.2225816277563637,0.2029059715640753,-8.839748541072412,0.3706749464211244,0.35589230637934766,-3.988033230868049
ZWE,2017,PICES,30140,1.1074510216223414,0.7360283244962696,Y,27.537149807362507,239,0.6716946491720046,6.83193473862218,4.409204789276319,4.29293635737129,-2.636947872954476,0.4433708209819307,0.4283742947271768,-3.3823890849517757,0.3228484229969131,0.29883241043722664,-7.4387888708739585,0.4258289246799073,0.4103855630302783,-3.6266586778335164
UGA,2005,UNHS,7419,0.7552121591458694,0.7209136408674088,Y,18.503373776374758,107,0.627063071701619,6.778961842569213,2.7575955637184184,2.686687036652132,-2.571389655511025,0.4294473987374354,0.41446555279490904,-3.4886335291755444,0.30675488883003343,0.2832788411950462,-7.653031293005674,0.41629460480542524,0.40098762706844515,-3.6769579908763173
LKA,1990,HIES,18152,1.3920469169649068,0.5055360226096839,Y,18.332124990698393,249,0.9857772827900958,6.7621635920497845,4.569282985450233,4.441014518601382,-2.8071902584560937,0.3244743289674694,0.30507258590786257,-5.979438534119597,0.17400100239572014,0.1497137698934572,-13.958099187858664,0.2622447578430833,0.2413478035434684,-7.968492667494543
EGY,2008,HIECS,22260,1.6892841287975005,0.5103660786476798,Y,25.037691881840917,397,1.027526886778529,6.72064400196704,5.89900703172398,5.759824785385488,-2.3594182137771758,0.3110243606674372,0.2944793093226512,-5.319535521038111,0.16076893668717762,0.14059509529161263,-12.548345352820878,0.2434259157500861,0.2255235348691329,-7.354344678457625
EST,2009,EU-SILC,4735,3.029455984124929,0.4723675206359908,Y,85.33276930076107,44,1.6695375550964204,6.698081959388511,26.81305642017416,26.441758555613802,-1.3847651634410152,0.3181526303216219,0.30869129861389555,-2.9738341934064327,0.17573486893050028,0.16532467022343544,-5.923809412679426,0.4551365584064718,0.4477653765457187,-1.6195538953322486
HRV,2008,HBS,3107,3.3099853970307787,0.5528941419415353,Y,143.8351457885877,54,1.0282146764889641,6.6975868764301,32.3041900459268,31.619522931821326,-2.1194374882394063,0.3370877246344989,0.3228111604132229,-4.235266720778974,0.18946087142129553,0.17104853095174244,-9.718281316573496,0.29304330602881046,0.2779913844113179,-5.136415440253305
PRY,2022,EPH,4298,2.5376507014883027,0.8284473859008401,Y,151.8651352943406,33,0.5339542559106265,6.688849303998293,18.47099668558561,18.046389905488834,-2.298775682354659,0.4506769933944813,0.43781601324514896,-2.85370239391719,0.35295290580357186,0.33168847832753556,-6.024720897997238,0.4849500163189513,0.47288181973727117,-2.4885444222241038
CZE,2006,EU-SILC,6932,3.2409581252688557,0.36657571827003443,Y,76.76012350229227,125,1.5626723970162602,6.685120765520222,27.595835114071104,26.95052947232753,-2.3384167903457653,0.2694436303255553,0.2521002740506709,-6.436728993715402,0.12549162287479154,0.1072637349875949,-14.525183011923758,0.21641921624828175,0.19856884312968837,-8.24805367473237
ARM,2015,ILCS,5184,2.0446152117299823,0.5277089158266777,Y,37.62775561070812,69,1.070644368593442,6.652979526343686,8.588196245485504,8.419684754065285,-1.9621290269047909,0.323567717982322,0.3101430078772216,-4.14896460895825,0.17637984616364588,0.1599610404270504,-9.30877653752008,0.2778914899421643,0.26376708542464444,-5.082704950935868
PAK,2013,HIES,17971,1.4008579292561896,0.4651300123725709,Y,16.38306151067509,330,1.2026804762819665,6.644967627497612,4.6759284443495766,4.562250395143749,-2.431133208276459,0.29528573094203736,0.2778500402934544,-5.9046844535828535,0.1430285087559544,0.12293813277934884,-14.046413649522993,0.22277237173726228,0.20399193700378526,-8.430324903855968
BGR,2022,EU-SILC,7186,3.1910636500853693,0.5938066730465954,Y,144.3850471097258,67,0.9272876633465328,6.638329406056938,30.462884952884092,29.779523032689063,-2.2432606801751076,0.39005511788947944,0.37614283391593417,-3.5667482197957567,0.2745752940948374,0.2550205927244509,-7.121799299114063,0.46832697208542884,0.45626847433817697,-2.5748031751312905
IDN,1996,SUSENAS,183570,0.8479508969870277,0.5650795535058032,Y,12.720178076062599,1943,0.9098269142060091,6.636051347584777,2.809972419867919,2.7392328109034625,-2.5174485153054094,0.34214148059915994,0.32524869290999037,-4.937369084738519,0.1914976471796127,0.16958984492107365,-11.44024617597047,0.34858287654059816,0.3320097912313371,-4.754417507175179
MDV,2009,HIES,1903,1.939042783211356,0.6732301654253596,N,52.39091924653073,14,0.8010744567827895,6.633639050372198,8.724323012925684,8.565273186417294,-1.82306210204215,0.38372763778188734,0.3723913653674773,-2.9542496547651953,0.25029050181316537,0.23437770516008793,-6.3577309317777715,0.37408944811113176,0.36260498711316214,-3.069977262378676
IDN,2011,SUSENAS,71802,1.3719018753722025,0.6337804880551177,Y,26.396814487974233,558,0.7016083487045855,6.619163613670101,5.0863761449600355,4.934902840158134,-2.9780201165812814,0.37925914980956366,0.3602764541877874,-5.005204391590279,0.2352908144778807,0.20815849353096683,-11.531398285615834,0.3325352398551801,0.3122324014394201,-6.105469731449187
DOM,2008,ENFT,6718,2.076854973368307,0.8287957439625674,Y,95.89388401588897,35,0.5144793694805109,6.616059161593188,11.48648797989255,11.219889389408888,-2.3209756624509748,0.48081582847334303,0.4685439268261956,-2.5523081646692924,0.3999139157538969,0.3784235734679955,-5.373742057809849,0.5218211429876995,0.5105015672151128,-2.1692443713139498
BGD,2016,HIES,45694,1.2760146547300144,0.5090931132013867,Y,16.49890465791446,549,1.054245679527838,6.606693746289595,4.474710214372871,4.353018804000798,-2.719537233521796,0.3238527251854456,0.3050662759677528,-5.800923616417075,0.1718392434721907,0.14872664698192417,-13.450127004316636,0.26303739162389916,0.24291383446975312,-7.650454952396835
MEX,2005,ENIGH,21964,2.1836667252994437,0.9573975605919267,Y,156.93934718995084,102,0.251551389649991,6.5965349171164105,12.762416357068286,12.315322214570447,-3.5032091885187744,0.5093210203829275,0.4915434457616725,-3.490445889684479,0.4715505632387398,0.43736991808786874,-7.2485641658677995,0.6257049504698797,0.6121275714250924,-2.16993313455347
TUR,2018,SILC-C,23860,3.0112321872949193,0.7155440505250348,Y,173.79289625071178,154,0.5230310668755965,6.58937848917065,24.1668458266237,23.483391725627218,-2.8280649692544735,0.4353178406668222,0.41894746617816636,-3.7605567609128143,0.3272662222687268,0.30098441867277526,-8.030710720390477,0.4633643689117143,0.4478157369983158,-3.3555950687181535
CYP,2013,EU-SILC,4497,3.732453517591053,0.5549684702076148,Y,220.82243746941842,46,0.8038615163844464,6.5862658866024795,49.47162353394231,47.98839746393662,-2.998135019741266,0.34312433474213444,0.32290394525484767,-5.893021112152496,0.19682360591017822,0.16997657186271864,-13.640149474606922,0.29770269221050616,0.27627020357057386,-7.199292851801742
COL,1999,ENH,8302,1.8917911517687576,1.0695168163387376,Y,164.07794688322562,54,0.19779918787823925,6.581048112610382,9.409521081657344,9.114820818529566,-3.1319369027426713,0.5678438965600713,0.5538940217543864,-2.4566390323452425,0.6073801102940672,0.5765368096140946,-5.078088688982529,0.7084828936338395,0.6990607353916514,-1.329906244293566
ARM,2014,ILCS,5184,1.9825590260163621,0.5101079584001821,Y,33.54483496578398,41,1.1393364624990536,6.549688102911161,8.011235231931138,7.868712847099426,-1.7790313316933704,0.3148329062094607,0.30252193863535404,-3.910317927795026,0.1651664333856857,0.15043511879562455,-8.919072893982992,0.2641979561172447,0.25120881784714244,-4.9164416186240345
CZE,2008,EU-SILC,10456,3.338341626833401,0.3444908973165389,Y,79.18717221999113,188,1.6799700107560966,6.541019365788501,30.657750993989612,29.98274231001917,-2.2017553867626383,0.2599564781981749,0.24345991923238297,-6.345892620231597,0.11805297656066704,0.10162912773151467,-13.912269988984317,0.21972213254019435,0.20321532658715524,-7.512582261151812
BGR,2016,EU-SILC,6983,2.7548624578689487,0.5767422788152791,Y,88.68486951406301,50,0.9316920031717343,6.536297937407872,19.276014559493245,18.842346654712458,-2.24977991919606,0.3849644453522104,0.37091696863560264,-3.6490322382254026,0.2927108983923321,0.2734592623641525,-6.577013747665738,0.5675101324441751,0.5576663459415748,-1.7345569602792321
DOM,2003,ENFT,5153,2.198443477662172,0.883673354428255,Y,127.67188073526353,42,0.3910394083072033,6.533700611896191,11.617855031436768,11.358026533160425,-2.2364584303494306,0.5203396656141885,0.5094095621919739,-2.1005708663999756,0.4830704183761787,0.46189108798958656,-4.384315325659061,0.6028912223602856,0.5938228406099296,-1.504148910122416
PAK,2007,HIES,15500,1.2336026620383316,0.4825901974653545,Y,14.605136098709583,394,1.2077927742023065,6.530112593110659,3.9781583085315786,3.894779870314907,-2.0959054856579673,0.2966950239791888,0.281744069055344,-5.039166051161514,0.14351632492140176,0.12624722626734775,-12.032846203044578,0.22092152659348618,0.20474127093957417,-7.323983272886315
CYP,2007,EU-SILC,3359,3.7621001565177434,0.5375570887635162,Y,215.8905190217566,40,0.8204553044614656,6.529283910545533,52.68821609511199,51.019338094003764,-3.16745968034976,0.3112596183490507,0.28885636697277084,-7.197609344607159,0.1635424000709147,0.13595426115594478,-16.86910483336874,0.25425183485062075,0.23029381155457151,-9.422950009436581
BGD,2010,HIES,12224,1.217087593444945,0.5060395660395874,Y,15.412922663911726,161,1.118972748708867,6.520936004308946,4.08285295145556,3.989079127729849,-2.296772008217429,0.3213031939545091,0.3054526733719406,-4.933197329128536,0.1675858436688482,0.1483163899723967,-11.498258608601919,0.25564087771704835,0.23858149504866732,-6.6731826383661925
GIN,2002,EIBEP,7092,0.9403537031054828,0.7430534159658051,Y,23.795915564261378,46,0.5703858182593523,6.520349913056267,2.871460383486882,2.819959646572267,-1.793538131704131,0.43004163694992537,0.4196932200244935,-2.406375577683162,0.3122284025096992,0.2958244975605753,-5.253815737860146,0.43293858554189923,0.42263696201879397,-2.379465325367325
LTU,2009,EU-SILC,4812,3.094204687142125,0.5359673833130081,Y,110.1790574181621,50,0.9554322297057428,6.5055222451248635,25.963888393124012,25.327488082969058,-2.451097849902528,0.35441236851873437,0.33831469095086986,-4.542075558803072,0.23158864019043168,0.2107947213199144,-8.9788164278778,0.5267245003867629,0.5149933854656623,-2.227182314945797
BEL,2005,EU-SILC,4828,3.8821429510113052,0.47537771842951443,Y,202.00169860466767,42,0.5096219359814812,6.499230085030062,52.89722635411888,50.48875887191011,-4.553107314333193,0.305364378984057,0.27226379934532896,-10.8396990339388,0.1711935132198037,0.12721965204995866,-25.686639839784608,0.2983287498889048,0.26508033899447203,-11.144889960090742
RUS,2001,HBS,193272,2.0481774385681093,0.5532137829856921,Y,40.76479280875788,895,1.1917322040116647,6.493530066855286,11.063906338947325,10.83127541805967,-2.102611082929573,0.3692511495839855,0.3558071966384162,-3.6408696251090555,0.23115764011665307,0.21377594330446925,-7.519412641266021,0.3712059823376902,0.3580202749713043,-3.552126849720527
IDN,2012,SUSENAS,71013,1.4629458914619795,0.6183816470697647,Y,27.60759269874527,648,0.7006617854934213,6.4752384333014925,5.339449606541128,5.187143365426392,-2.8524708038849544,0.3714888062279871,0.353107111131049,-4.948115471790837,0.22546610418072777,0.1995777780366017,-11.482136633440321,0.3206374060785475,0.30088459276926705,-6.16048312979477
DOM,2004,ENFT,5118,2.0000315999695135,0.927472894952656,Y,119.39654746387342,28,0.24894897165973834,6.472734935787107,9.88956426741326,9.546675463187826,-3.4671780773524397,0.5199423053873542,0.5027392158247375,-3.308653553359253,0.4796080426380265,0.4458611226136284,-7.036354069205586,0.6138171991929031,0.5999593033689163,-2.2576584432968394
DOM,2011,ENFT,6948,2.1593014486783084,0.7879426059144785,Y,92.12342614185944,36,0.5594840823608377,6.435453340699151,12.691667701155817,12.390317253480497,-2.374395979874866,0.4770690493724429,0.4644177761410033,-2.6518746600898924,0.39286207174015475,0.37109922491554537,-5.5395642364284186,0.5187651808051715,0.5071158818665451,-2.24558227299404
CZE,2015,EU-SILC,7618,3.4079804934105034,0.34480778577356036,Y,84.97897311166768,153,1.7735891755439037,6.431821508537214,32.18021802610222,31.617621710202105,-1.7482675706043227,0.2592322093310495,0.24618298546117068,-5.033797267535711,0.11682226851713517,0.10392588180745133,-11.039322274239382,0.21180870392201545,0.19867680977848678,-6.199884093697872
CZE,2010,EU-SILC,8564,3.3933988982096728,0.35341467499635093,Y,85.93944524636079,154,1.5853645230798996,6.429068552326548,31.865326638508947,31.17913642076392,-2.1534071360052254,0.26156674628290677,0.24544935496883657,-6.161865582346559,0.11990221332370998,0.10344152469560663,-13.728427667688713,0.2149388726346645,0.19857754449312104,-7.612084282843101
ISL,2006,EU-SILC,2818,3.8699281070359555,0.431017435961397,Y,174.6843122565973,38,1.1084896296029745,6.411483858648351,50.81251715440111,49.49103830478142,-2.6006955050153935,0.29002446936692905,0.2711766841982157,-6.498687924455004,0.14564087275879833,0.12385333868014348,-14.959766215311044,0.24995999964603155,0.23046673711637589,-7.798552791350644
MEX,1998,ENIGH,10630,1.8847990427105878,0.9500229827146446,Y,113.84842869239574,56,0.2931610796543873,6.402897647770583,9.846507473661868,9.5498049609674,-3.0132766718362736,0.5327792408551981,0.5183043021722179,-2.7168736266348414,0.5167408129259605,0.4876151805823101,-5.636410288309001,0.6245506762364497,0.6128989279504671,-1.865620954282876
PHL,2018,FIES,293782,1.8209889171903768,0.6740554188876767,Y,46.67250222740132,3346,0.6892738439476555,6.390880984497671,8.16341818059256,7.963405190573407,-2.450113244163543,0.40787799664318103,0.3930684903449858,-3.6308666856454286,0.2744706971290296,0.25221535100249315,-8.108459795281586,0.3841550225559677,0.36881291059415855,-3.993729369911836
BWA,2009,CWIS,7730,2.1468958430068064,1.0992535957994851,Y,231.51776989945446,32,0.1457737536793737,6.3888019579474955,11.00972755591698,10.643830009877078,-3.3234023656040113,0.604590467966049,0.591017623289949,-2.244965045803893,0.6686280355441969,0.6356684081697708,-4.929441426667114,0.688463485374751,0.6777565517908903,-1.5551926589153164
MDG,2010,EPM,12453,0.3540167543330347,0.7075556341729584,Y,11.90172868068789,115,0.5131783569088487,6.388092522659588,1.6936436406837954,1.6465292136000773,-2.781838277661286,0.4241748756185194,0.4077435077888196,-3.873724912570564,0.30296649254987035,0.2768673116851492,-8.614543689324005,0.42513931251782144,0.408759296538603,-3.8528584623732764
LTU,2022,EU-SILC,5913,3.532660469622848,0.57511937019664,Y,192.1004822557946,54,0.9658666591985676,6.368455962716829,45.09774309873191,44.08114769957839,-2.254204599391818,0.3657426318738195,0.3512304828401235,-3.9678582065605816,0.22886406279533755,0.20979339411977627,-8.3327493371536,0.37074075488647795,0.3564985067757743,-3.841565277889303
MOZ,2022,IOF,15374,0.5864054658108101,0.8480941050136446,Y,22.889717238996067,180,0.34776565139597454,6.332954687149422,2.0643345761589655,2.0132037771185516,-2.4768658932967758,0.4890752720323187,0.47613204948774634,-2.6464684036851205,0.41654304028770495,0.3928182025153702,-5.695650983857059,0.5313678096273531,0.5194853386097308,-2.2362045276990816
CZE,2021,EU-SILC,8363,3.6023314901287513,0.357011697849261,Y,107.05755463955938,163,1.6223170893798307,6.321859948924468,40.036657122517454,39.24240873539052,-1.9838029551179304,0.26245131552738443,0.24764377548501915,-5.642014029386811,0.11892809566511708,0.10371563823478747,-12.791306667488833,0.21136526758755203,0.19626661977055915,-7.1433911490395126
SEN,2001,ESAM-II,6563,0.9452513366220456,0.7282373221045916,Y,22.873140149947215,95,0.5120220385924588,6.31359437169566,2.934368136469683,2.8662195534465726,-2.3224278568230283,0.4122943556870322,0.39836747716512333,-3.3778969636151457,0.282081469918803,0.26045415545809936,-7.667045434402009,0.3851358936541337,0.37058407002653004,-3.7783607987137424
EST,2007,EU-SILC,4906,2.8590258224029768,0.5157233831921918,Y,81.95710265119457,34,0.9622634941451196,6.292871495686081,23.04130859611113,22.379991934904876,-2.8701349944936227,0.335562619692534,0.31599820874848206,-5.8303308521009285,0.20239963063986144,0.17686990110660838,-12.613525752267417,0.4802879853659472,0.4651149852392812,-3.1591463015892884
MEX,2022,ENIGHNS,87138,2.604315754646384,0.7257222180215633,Y,119.2810423035616,654,0.49297902318787906,6.292560526400962,16.590650043047475,16.134703864561764,-2.748211657184463,0.4344189412120978,0.4184857673542074,-3.667697778884671,0.32322996209788446,0.29750549413207183,-7.958565412330931,0.4519497215944449,0.4365263594512042,-3.412627866840634
PRY,2001,EIH,7520,2.3175879580216,1.0335941762831264,Y,225.51134923340868,38,0.1825244972346359,6.287921763338667,14.852461089242766,14.330163412416187,-3.5165732715156883,0.5460612865191753,0.5295420319559346,-3.0251649349730236,0.5581328922409021,0.5234862446417998,-6.207598240626188,0.6761081206935111,0.6643082395298547,-1.745265409850838
IDN,1999,SUSENAS,190470,0.9063544065828757,0.493124110025565,Y,10.866957212128666,2029,0.7586091167362892,6.267914831366857,2.8302766507966948,2.735315048955735,-3.3552056409124953,0.307885430891497,0.2839077750392113,-7.787850104779981,0.16056721145684671,0.12948333886209673,-19.358792067646966,0.24105584199409813,0.21501788565271907,-10.801628421856114
ARM,2001,ILCS,4037,1.389189930876941,0.5575560362765652,Y,21.36722144757714,54,0.9935077544097516,6.26269027583477,4.8466773078017,4.755429921328496,-1.8826792187365937,0.35364358953705266,0.34132513486892124,-3.4832964692664836,0.2063373832419868,0.19040125849258938,-7.7233337454454265,0.31494287837361845,0.30205503257030386,-4.092121679292482
CYP,2021,EU-SILC,3961,3.850924361903119,0.5194733900794855,Y,223.48505239252506,54,0.9491383449538384,6.262573122264623,52.928315855242424,51.734823699922316,-2.25492184293995,0.31727943106637513,0.3016310644325436,-4.932045730552847,0.16926867133009926,0.15009964757242633,-11.324614062983018,0.2735723039535981,0.2571610933714443,-5.998856735489333
CZE,2022,EU-SILC,8319,3.634946522362932,0.35592172192269356,Y,110.2457194949957,168,1.7206236702322304,6.258129712747051,42.228742710442674,41.482927160609684,-1.7661325011425366,0.2620210424604942,0.2489042656330489,-5.006001313586461,0.1177128771411251,0.10504478312940124,-10.761859126539042,0.21535608835186082,0.20222750346176122,-6.096221839175209
DNK,2018,EU-SILC,5583,4.121719555079855,0.4153522573636394,Y,214.3856138083294,56,0.9400305823326702,6.257061094148257,62.13651580241926,60.2638863808067,-3.013734190644224,0.2874666139666263,0.26543329045525765,-7.664654760196477,0.14754390352332258,0.12169908306316346,-17.516698313511668,0.3227723337959234,0.3021613306885944,-6.385616407991323
SLE,2003,SLIHS,3713,0.5847043727610317,0.6068937805194592,Y,11.08270421558851,40,1.0131834500089238,6.246120167108522,2.4678505810655236,2.425993793153269,-1.6960827463947448,0.4016773206204164,0.3914528892750574,-2.5454340637322326,0.2644967929113996,0.25037375033446396,-5.339589346804119,0.38040622233443566,0.36992738250910184,-2.7546446956173365
CZE,2013,EU-SILC,7932,3.394324016391239,0.3476266727087435,Y,84.53824491530429,164,1.7228565657247172,6.239539352750024,31.239332248140265,30.746614522052987,-1.5772351411788232,0.2611001751458464,0.24938596237747923,-4.4864821564458035,0.11843706084777583,0.1069894259379014,-9.665585103118858,0.2430070824502676,0.23164580594892903,-4.675286163177439
ZAF,2005,IES,19224,1.505919522234006,1.1348971906568572,Y,135.72232820001102,78,0.27572920698767617,6.230331612371327,9.539003484338087,9.318918033999271,-2.30721637433271,0.6476248862608247,0.6393272819152532,-1.2812361787823079,0.7783076418783856,0.7559827009959761,-2.868395436607818,0.7171666788744633,0.7104912119833025,-0.9308110775081535
DOM,2017,ECNFT-Q03,5919,2.456516458176507,0.7158058621171801,Y,99.87646222480947,32,0.48219377655098483,6.222510492456353,14.804070686844542,14.364483920132313,-2.9693641432208318,0.4213358641902726,0.40367585806981876,-4.191431971829173,0.30237105096437755,0.2745460792456762,-9.202260477633962,0.43317990106806337,0.4159063271063952,-3.9876212906180264
CRI,2002,EHPM,8035,2.4512721241516076,0.92073385371192,Y,183.73117526131495,45,0.42381476628189674,6.215979823326659,18.784309132069136,18.395360117489137,-2.070605907544265,0.5159188899786731,0.5057165751477959,-1.9775036404072965,0.48950463222418694,0.4699555004629614,-3.9936561319959596,0.6555370780364561,0.6482663133743185,-1.1091309562406226
HTI,2001,ECVH,5041,0.5428626835346205,1.117621762542905,Y,49.19185058012545,23,0.21746516894054474,6.202212028064884,2.667502656663976,2.609033627012462,-2.191901459046197,0.5947661833817743,0.585705465095405,-1.5234084484849308,0.6922780118293587,0.6709189868750726,-3.0853247668295003,0.7743716049801633,0.7693168887321927,-0.6527507227102047
AZE,2002,HBS,8156,2.0163915354898254,0.39219388624139967,Y,24.360749114948018,152,1.3798102890498547,6.196277168935533,8.152217327105788,7.983215468881998,-2.07307842078579,0.2527766622084795,0.23708612973571896,-6.207271009781612,0.10629661974622229,0.09012349910135686,-15.215084622143127,0.17034704429598446,0.15363229960127578,-9.81217183062254
PHL,2015,FIES,82945,1.7004510668099233,0.7182439900619515,Y,47.237262316622,742,0.6398281834958409,6.178315947257882,7.586625873745061,7.420137474942284,-2.1944986028498037,0.4292397775125424,0.41649128587321593,-2.970016365492578,0.30486155090538336,0.2849813716911527,-6.521051656133803,0.4168795694855335,0.403890934964944,-3.1156802758692703
IDN,2023,SUSENAS,338733,1.832906957034271,0.5961321991973285,Y,37.38627111812811,3269,0.8120293293296496,6.170751472558607,7.651418106915541,7.4828555980333356,-2.2030231066559325,0.3605703048421772,0.34624060664631706,-3.9741759106125873,0.2122503749155109,0.19293098584313317,-9.102169586304887,0.30940762856369686,0.2940685816707128,-4.957552909793961
MEX,2006,ENIGH,20043,2.2322827189618777,0.8947134600995392,Y,136.51344381473683,140,0.40506230614410615,6.143279619132009,13.318032893447532,13.052833396747785,-1.9912812862192708,0.4970634355877185,0.4868786112003358,-2.048998912048383,0.43542437254790833,0.41664303075077,-4.313341875476173,0.5599405346142607,0.5510189708440418,-1.5933055777726302
RUS,1999,HBS,187805,1.8399301133233246,0.5712302860827067,Y,34.939604022525586,918,1.120666103695414,6.141371485414307,8.969357409761695,8.810072150419538,-1.7758826197381894,0.37443443949959176,0.363214675848315,-2.9964561129236067,0.24064431335513392,0.22601843249424114,-6.077800325706617,0.38643232281400786,0.3755927621021843,-2.8050346909103463
RUS,2017,VNDN,111843,3.0474553585715505,0.5697845036890758,Y,116.37396822865887,568,1.2902298200612328,6.12386988437044,32.52398553970499,32.03375062491674,-1.5073027079961387,0.3672035080107132,0.3575997276367323,-2.615383612756972,0.23691432138606938,0.2248512145650965,-5.091759227723158,0.44432311940957947,0.4360369373526587,-1.8649000456990694
CZE,2012,EU-SILC,8362,3.40635042149297,0.34768662289982544,Y,85.57646383931811,161,1.598185595097436,6.118123592906419,31.77458847861798,31.198250602232477,-1.8138327008494048,0.26381343099581356,0.25033504040999666,-5.10906155723011,0.12175491213046463,0.10821959961571093,-11.116851285843932,0.24196644807231982,0.22875827019669426,-5.458681557237166
LAO,2002,LECS,8070,1.1219096406023206,0.521382779290628,Y,14.673717648285058,97,0.9978302572991433,6.117226621366743,3.7089079626871255,3.6284444519968697,-2.169466363138317,0.3262010871986172,0.3113565209792316,-4.5507408779257075,0.17388331156152925,0.15566667964845693,-10.476354372067675,0.2675987879764774,0.2517396528846869,-5.926459985754695
SRB,2002,LSMS,6384,2.5863912451504554,0.5176065819975607,Y,62.75328901017849,55,0.8912260879267775,6.08086097738319,16.383299697871315,15.94632770242652,-2.667179405267006,0.3274375340227431,0.3090888189556126,-5.60372992115683,0.18159677942430497,0.15833095888191195,-12.81180239878148,0.2900396405604422,0.2709332181378018,-6.587521066334634
BGD,2000,HIES,7439,1.0439742584786535,0.5423594391020092,Y,14.455176356648957,97,0.950822130789964,6.072213314169125,3.4174177019894074,3.3473478251321707,-2.05037496049858,0.3340653083471081,0.320204634439602,-4.149091079252165,0.1810651761390949,0.16346578280511137,-9.719921692983968,0.2711329507882396,0.2561783928422573,-5.51558115769637
DOM,2012,ENFT,6972,2.133410715863164,0.7548032957288134,Y,81.27354818623387,43,0.6613079035917174,6.070773272444493,12.13489192833891,11.935678550198276,-1.6416576209912992,0.4613375306994856,0.45241489622851017,-1.9340794705010933,0.3659682301794396,0.3513821210308228,-3.9856216867417693,0.5012629734727918,0.4929999502389709,-1.648440772829074
EST,2004,EU-SILC,3728,2.4890828387282413,0.5766815817784348,Y,67.97415667645346,32,1.042731922869659,6.0621380900484745,15.744920612381556,15.4992300136573,-1.5604435536565875,0.3698050176396417,0.35989134364887576,-2.6807840667068428,0.2508047422337669,0.23785784721350556,-5.162141235827978,0.47976964798379884,0.4716644990427812,-1.689383431211
IRN,2018,HEIS,38915,2.315058097588219,0.5998588915435069,Y,61.2298473371994,256,0.9481302131659013,6.043744452738972,13.61424672768103,13.371975128373952,-1.7795446501970735,0.37419905482835814,0.3629269133838754,-3.0123382993720194,0.23385187485482328,0.21861099792409933,-6.517320821218808,0.35808569928557854,0.3466491448139941,-3.1938037442996614
CYP,2015,EU-SILC,4197,3.6431767030427373,0.5802515417722112,Y,217.87714052763232,41,0.6326277061705331,6.034273209255014,44.27367879438759,42.98043521253615,-2.9210212863887475,0.3553492240750956,0.33603710556313116,-5.434687120038073,0.21298346505243515,0.18680026203644173,-12.29353790893921,0.32661002431872554,0.3065709102438171,-6.1354865383289825
MEX,1996,ENIGH,13672,1.7936526663679566,0.9213396261668879,Y,95.3611768976211,66,0.3223781181572832,6.019915317581027,9.05753860339821,8.819706017151614,-2.6257971029498783,0.5194996216805012,0.5065746568197473,-2.487964248933161,0.48068856242736735,0.4554717861839277,-5.245969680680707,0.5942395421945967,0.5833134276263641,-1.8386717463939273
DNK,2020,EU-SILC,6516,4.100667511040484,0.3987920081706035,Y,199.74539599651487,71,0.9187801875682573,6.010238674427,62.76355619749494,60.8265377934631,-3.0862151882164235,0.2769231596134494,0.2540008438450003,-8.277500444688624,0.14260834624213548,0.11622677352513522,-18.499318877316504,0.44460824665032705,0.4272437552997821,-3.9055711362460777
BRA,2022,PNADC-E1,116520,2.7416803807814656,0.8716427695757183,Y,212.00475199861833,621,0.3868111837877753,6.0091369949343765,21.37948645800804,20.914821918825087,-2.173413005478919,0.5191397572874996,0.5084897218429854,-2.0514775250812245,0.4883011426491972,0.46770173864635556,-4.2185860739712755,0.6180054730974299,0.6095339802211834,-1.370779587725579
NIC,1993,EMNV,7286,1.3938717286707214,1.0025864233316042,Y,81.58382331802471,44,0.26681358773261016,6.006322308168249,5.790625947421774,5.660499015363457,-2.247199754220963,0.5289521187552868,0.5181499464239752,-2.042183393977315,0.5273256924134699,0.5056536527431528,-4.109801586023309,0.6882980261097258,0.681137842913992,-1.0402736785696254
COL,2014,GEIH,189789,2.523831704653779,0.885117082810025,Y,177.53769509191298,907,0.3427752169256706,5.937308411587248,15.966025261909587,15.626628320514227,-2.1257447350096936,0.5242008264570854,0.5138981887767932,-1.9653989769387925,0.4988004804180761,0.4785521751109716,-4.059399720331691,0.6397646913037234,0.6319517424780244,-1.2212222606060918
PAK,1996,IHS,14304,1.1533529283679398,0.47194645651417505,Y,13.055275408043572,309,0.9261482248886155,5.921870146471633,3.4969529688270864,3.410779156375877,-2.4642542584755733,0.2866498860923439,0.26870024895480227,-6.261867877302818,0.13714968801820127,0.11556333184206369,-15.739267429666215,0.20991846218531218,0.19037721777660832,-9.308968923111305
GNB,1993,ICOF,3028,1.1226094983864194,0.7464884397342605,Y,28.84898520857035,31,0.3896641395322471,5.9115842881917295,3.6078197399008194,3.5069545849873234,-2.795737098446849,0.4361022630938687,0.4199503501594808,-3.7036984903036974,0.3221221286782012,0.2960372889588868,-8.097810549790907,0.43814204416847335,0.42204751638360094,-3.6733584459846536
SRB,2021,EU-SILC,4528,2.8195278612935617,0.5705758315164157,Y,92.87507920428756,26,0.7023669014990097,5.903209677062594,19.23451213873663,18.751382372898856,-2.51178591041461,0.34934536385393145,0.33263833697344647,-4.782381164637561,0.23477672092803736,0.21202287065926972,-9.69169778793445,0.4964230858635226,0.48355106241113743,-2.5929542398283933
PHL,2003,FIES,84025,1.5445108270456862,0.7546698733211128,Y,45.0836857939814,645,0.5031765323708172,5.89966448831288,6.61068902133081,6.447531075549668,-2.468092890993312,0.4439265005589099,0.4298961982564372,-3.16050118314819,0.32887918421079054,0.305861710230549,-6.998762793539659,0.44003422799865244,0.42592956140837956,-3.2053566956423363
IDN,2001,SUSENAS,208450,0.957897650786071,0.49687547866186277,Y,11.57125594036162,3039,1.0207808823631572,5.888962179908517,2.9856409565821997,2.927934858309737,-1.932787602784014,0.3116591403113962,0.2981747452200003,-4.326648362670471,0.1584629068294917,0.1423062424649869,-10.195865195057664,0.24535030347841813,0.23085683397953882,-5.9072555824876805
IDN,2006,SUSENAS,9923,1.1290010942313526,0.4960773608801125,Y,13.697771794535637,131,0.8974961471339906,5.885963513628142,3.5725608881481477,3.4852182318687617,-2.4448192491034137,0.31524120800180155,0.29814046385593596,-5.424653792650059,0.1655389846072115,0.1436748389184248,-13.207852966275968,0.25749478504772294,0.239204485799292,-7.1031726895133485
PAK,2018,HIES,24788,1.4629934783927987,0.4798986761378871,Y,18.223090646940673,334,0.9726966497423548,5.883875084716533,4.975486051355308,4.85999005943837,-2.321300687507244,0.2958926559194328,0.2792436910606788,-5.6266908034673495,0.14379118566608917,0.12407059544958021,-13.714742058184271,0.22138347428373517,0.20333546010962944,-8.152376428501872
SRB,2022,EU-SILC,4801,2.8738191789564724,0.537182065178198,Y,88.70935702857497,31,0.8512670118359272,5.8772775069125665,20.06327688428248,19.63925591760897,-2.113418307084658,0.3310721872806357,0.316704998642213,-4.3395939587773995,0.21326322761525196,0.1950247799696987,-8.55208272401149,0.5002793488401526,0.48962275279242706,-2.1301291113518417
SLV,2006,EHPM,15521,2.0299057166694388,0.7875323064428429,Y,80.8424853397161,64,0.49751300878882265,5.874398379559489,9.91536929537719,9.735102883355498,-1.8180504089316818,0.45661317945911306,0.4465858857387487,-2.1960149578341803,0.3659173961028437,0.34909049997135977,-4.598550468137508,0.5176823594908888,0.508784304204903,-1.7188252840480422
IDN,2000,SUSENAS,179794,0.911952943321684,0.4791146632321684,Y,10.478200257786646,2650,1.0543341581967014,5.852610588208526,2.822035415019531,2.7673479159992036,-1.93787429914124,0.3030629768735642,0.289373573279164,-4.517016144836228,0.15034894794259435,0.13425050745952505,-10.707384855939228,0.23636840406266724,0.22169575413989528,-6.207534370322132
NOR,2004,EU-SILC,6021,3.899732901016811,0.4192509025991152,Y,173.72708811995062,62,0.8376874902141664,5.843226506697116,52.99431360787383,51.35302591239051,-3.097101526076673,0.27588220368387373,0.25281223421170596,-8.36225358653545,0.138716488046557,0.11148020205481268,-19.63449794274138,0.4218350607373883,0.40363593142855303,-4.314276124185201
BGD,2022,HIES,14265,1.5975938896150232,0.5447720978259367,Y,25.327991893880693,138,1.0146352369426568,5.842542937787653,5.979806601909647,5.887420564161709,-1.544966984692031,0.33373154875105115,0.3233533789645894,-3.1097359015954007,0.18169520865988198,0.16890595207731973,-7.0388518645544735,0.2803148438683749,0.269298828190614,-3.929872398385581
EGY,2017,HIECS,12248,1.7474431786702542,0.5269667966774731,Y,27.89210206660707,144,0.889057303910558,5.840021806451622,6.3006349278801626,6.180653244784412,-1.9042792427924171,0.3153395280177895,0.3021233505308536,-4.191094459363287,0.1641858981488682,0.1479808318232585,-9.8699501652185,0.2513319416330593,0.23709227856526294,-5.665679807855872
PAK,2015,HIES,24223,1.5787931440051668,0.5261191198272935,Y,23.50352719959651,421,0.856546328692761,5.83286135473496,5.115009756196869,5.017976928178188,-1.8970213673810798,0.31291265809683044,0.29970091458092774,-4.222182508134376,0.1602899517562988,0.1440546909874192,-10.128682797012335,0.24093098002905,0.22653634883115503,-5.974587077244841
IRN,2005,HEIS,26761,2.4006514046468777,0.7347804140355783,Y,99.98224765246785,152,0.6824784729231549,5.831966393410299,16.566086821688305,16.28231552251708,-1.7129651813710844,0.4355864114814365,0.42579301344810094,-2.2483249649657533,0.3238983911928104,0.30857635959059593,-4.730505621157455,0.4582608075155189,0.4488920439861094,-2.044417365779694
DNK,2022,EU-SILC,6711,4.142869054962666,0.4154379415456424,Y,219.02434315534035,58,0.9192127875132946,5.83081823524871,66.22589676866437,64.37768487347098,-2.7907691482826236,0.28243795860233456,0.26194076944515055,-7.257235981528787,0.14000934341282,0.11642653179515516,-16.84374131241406,0.2791916461663281,0.25900862755954457,-7.229091157963763
PAK,2011,HIES,15797,1.3512380243657147,0.4971039077511725,Y,17.159462103510194,345,0.9705652244272426,5.826900385265157,4.394213941219106,4.304711244024276,-2.0368306685131343,0.29697957010674436,0.2824451418459908,-4.894083541009042,0.14444497036095605,0.12729251101380412,-11.874736312582812,0.2214177877686181,0.20563387031375557,-7.128567950176046
KGZ,2019,KIHS,19982,1.9467319125912212,0.5129401477132165,Y,32.640451271844796,211,0.7629039439174395,5.800913698792667,7.0921619088306125,6.929767007186054,-2.2897799533081242,0.29701223255930753,0.28062165632764335,-5.518485245684723,0.148938404675806,0.12904654925815873,-13.35575969203231,0.23831729768517218,0.2207751977499699,-7.360816904854373
DNK,2016,EU-SILC,6222,4.103664835055826,0.40265676674601286,Y,202.68136904441363,69,0.6515493489407415,5.800912054588462,59.682490081619356,57.5409304604292,-3.5882544750754253,0.28155105458157714,0.2548636458776061,-9.478710262205237,0.14812666860778778,0.11518543521200408,-22.238556841513823,0.3559722053639386,0.3322722130851943,-6.657821010074072
GMB,2010,IHS,4599,1.364070311513069,0.7916018178389461,Y,42.050688726230646,31,0.2792050937529696,5.800411634836359,4.421385511905523,4.282334617133828,-3.144962012411512,0.43568433463946565,0.41740290702731,-4.1960259202993395,0.3250695588468582,0.29488483839443314,-9.285618917840665,0.44069549557220844,0.4225743562477593,-4.111941126359886
PRY,2009,EPH,3998,2.3302461351114587,0.9327229174586616,Y,168.74941911874805,22,0.24867983052539566,5.800349347035918,14.167202853876152,13.765101365125187,-2.8382560262483314,0.4913339636703258,0.4765132569995313,-3.0164221825989768,0.434345341233938,0.40700238355742835,-6.295211455205352,0.5671792368447255,0.5545517932988873,-2.2263585698386934
BFA,2014,EMC,10408,1.0714192147424333,0.5874289134730718,Y,17.00837645178955,270,0.7886325412160715,5.78850316393808,3.2779928037220154,3.222379677996248,-1.6965603360270087,0.35301227557897075,0.34190739677439774,-3.145748624848821,0.20151062767529848,0.18679720059391147,-7.301563818805279,0.292127332079563,0.28009375834006456,-4.119290603119941
BFA,2003,ECVM,8231,0.6791855927771723,0.7345373237231966,Y,17.86417952354273,130,0.5364343927869568,5.777972287267137,2.8071190475177503,2.740754089835067,-2.3641661275950465,0.4325251137151219,0.4188241442289935,-3.16767028125734,0.31501923573854285,0.2931432764669437,-6.944324914100031,0.43659015252436595,0.4230189243738457,-3.108459517937212
CZE,2014,EU-SILC,7644,3.3996951053113893,0.3586390940196754,Y,87.8483811798879,130,1.3849046259442692,5.7477654372559375,31.44627945986035,30.855437372541008,-1.8788934572483318,0.2647390334903642,0.25075916763313444,-5.280621324674661,0.1219029393850839,0.10730957856789525,-11.971295270484926,0.22024321155167859,0.2060385174023054,-6.449549136746113
MRT,2004,EPCV,9379,1.4274790294290443,0.6684274029224212,Y,30.962018331925528,108,0.5648835978878497,5.745956259143713,5.029644407344428,4.915542602840025,-2.268585913107257,0.40168770347308147,0.3878570405996924,-3.4431382274851985,0.2699002673371269,0.249346518203855,-7.615312624940318,0.38388193155416817,0.36968895615499864,-3.69722412870761
MUS,2017,HBS,6995,2.6367580361521568,0.606395269860638,Y,86.13741291940252,69,0.6181166194056682,5.744162502098879,16.50926275100608,16.09337353547072,-2.5191265158706955,0.36761205910715633,0.3513255817360468,-4.4303436102356315,0.22661477287625464,0.2038044743244436,-10.065671475119075,0.3375303520290639,0.32057012717944633,-5.024799917299639
IRL,2008,EU-SILC,5214,3.760184534805006,0.49204490899459785,Y,187.97693361942726,76,0.9583700547676336,5.7275917744363705,50.281781499671524,49.2033609601353,-2.1447540388823905,0.31928154202138725,0.3044542367037223,-4.643959442125145,0.17304589980238516,0.15517792600530678,-10.325569006537139,0.3015625695711618,0.28662472220739577,-4.953481920852598
LTU,2013,EU-SILC,5075,2.992611564476245,0.5174310323126312,Y,94.151450515352,57,1.0869139251274764,5.727444805956763,22.773024306669303,22.492057135218566,-1.2337718858379865,0.3485855625425873,0.3405219995779185,-2.3132234467351687,0.21839276830778687,0.20844525143182313,-4.554874665970821,0.48825002356843816,0.48199090011982904,-1.2819504652275326
IDN,2002,SUSENAS,9624,1.1364563351036967,0.49734468347561256,Y,13.85284165910337,126,1.0268323697895558,5.723568988545985,3.58289541253759,3.520071384104917,-1.7534429895116,0.30163764949929706,0.2892697891806161,-4.100237599388201,0.14757674597339365,0.1333050159315976,-9.670717393625871,0.22831850970280343,0.21496716924614345,-5.84768202719923
AZE,2003,HBS,8520,2.0697620500430465,0.41401619579017135,Y,27.434754921568086,134,1.2031152792175035,5.704327120039628,8.493119563957283,8.338715969610336,-1.8179844659457989,0.2683287790607989,0.254880107023142,-5.012012533552957,0.1182328661720855,0.10387972972379966,-12.139717925297644,0.1907449113942511,0.1763895533237375,-7.525945497357178
IDN,2007,SUSENAS,64540,1.180574037213956,0.5466920276792641,Y,16.787761188711993,645,0.9178898120385222,5.70077268062385,3.9886918849523187,3.9153987772812404,-1.837522420510418,0.33231716632196084,0.3198941766083683,-3.73829310447259,0.17917911902883765,0.16369463554806574,-8.641901782249416,0.27339629599853776,0.2600927120309199,-4.86604396706568
RUS,2016,VNDN,48757,3.09084797158508,0.564856973697666,Y,119.75151561194072,241,1.258422537955798,5.699272107171209,33.742948044936085,33.326825680878095,-1.2332128286592914,0.3651684777102079,0.3573089782161858,-2.1522940707547233,0.23716115432503848,0.22747041304088667,-4.086141894414242,0.4555507946792673,0.4489407270679122,-1.4510056153033246
PRY,2018,EPH,4468,2.6202628848799137,0.8263683098544204,Y,163.91824778857918,41,0.43029358521363736,5.6858611369596845,19.234014912271782,18.84572523852674,-2.0187655854280506,0.4595510190509565,0.44845560503152726,-2.4144030933372695,0.36873342667963405,0.3499438280513183,-5.095713398568735,0.5026206274246148,0.49240819480917675,-2.0318371467891505
CRI,2011,ENAHO,10988,2.734777405077172,0.8516145781153018,Y,198.26829513764957,64,0.4474986475066542,5.684645253056478,23.955302405266092,23.480776383405292,-1.9808809499999636,0.4866960289236256,0.47635769791156746,-2.124186432119113,0.42188626981748856,0.40334952889692843,-4.393776770355496,0.5745513888812515,0.5659780002529133,-1.4921883045191042
BGR,1995,IHS,2459,2.4265876423077746,0.5307032613437928,Y,55.628598266936365,22,0.8454106280193237,5.68187843955607,13.51039894097957,13.213044578420893,-2.2009295495838077,0.3277233799309247,0.31266899925957636,-4.593624255468565,0.18718342581429415,0.16828712567353854,-10.095071216135743,0.31730415966694525,0.30221553416266,-4.755256130308172
RUS,2000,HBS,190523,1.9219777788329422,0.5855871708151317,Y,39.59644301126811,949,1.011064222417323,5.65211274303673,9.829374093826038,9.674152256744945,-1.5791629822960007,0.3709282925661328,0.360902552344454,-2.7028782712473443,0.23452121166201811,0.22142497244224835,-5.584245078284644,0.3763517441830395,0.3665609230703414,-2.6015081008728735
MDV,2016,HIES,4892,2.745906860227932,0.528072089202434,Y,75.95363800048993,43,1.1286552331880553,5.648995297351841,19.446727506812216,19.205437494552807,-1.2407743779763725,0.31285647131310856,0.3042963588980536,-2.736114864150574,0.16229670139260888,0.15240619008952683,-6.094092620623326,0.2659092447536189,0.2569883774508376,-3.354854138691954
IDN,2008,SUSENAS,66599,1.2301319992108157,0.5338096142805706,Y,16.971930664641317,705,0.9008077445168347,5.648023057664015,4.10146446011786,4.022697267529624,-1.9204650766612374,0.3263291204187213,0.3132057836753608,-4.021503421613626,0.17336776920171992,0.15696797587219247,-9.459539916237647,0.26578827573262764,0.25170912274953516,-5.297130937880623
COL,2022,GEIH,244538,2.4546710768611835,0.9603192321627599,Y,207.6032431645171,900,0.3064769828325209,5.643528144445154,17.39299889307061,17.04767626129021,-1.98541168146672,0.5461201794988133,0.5369529236663486,-1.6786151064547172,0.5467192384099939,0.527788873174837,-3.462538704548146,0.6714668323396307,0.6648196699645919,-0.989946495477334
LKA,1995,SES,18768,1.3777976879755118,0.5963596435007812,Y,23.733240505993567,203,0.8243685585346845,5.630161063578242,4.969461759683193,4.885322431272929,-1.6931275956860947,0.3539953910014474,0.34293064291510245,-3.1256757482189146,0.20377417413519017,0.1892331754270722,-7.135839843213409,0.30330496640664084,0.2915077552850286,-3.8895542204197664
ZMB,2002,LCMS-III,9715,0.8818611656465305,0.752452770356972,Y,23.085840788520827,99,0.3566312155862836,5.623814342573927,2.7325408488727563,2.6611991393295744,-2.6108195078808127,0.42061926098697566,0.405124787073888,-3.6837290514776133,0.2986615625304917,0.27396683553032086,-8.268465078310715,0.41249779205712644,0.39679825557267645,-3.8059686104394475
RUS,1998,HBS,184943,2.0591144670115904,0.5960097703215904,Y,46.85903211185587,1185,0.9667859865178478,5.623528039400871,11.259145479831796,11.079010832651841,-1.599896257692246,0.38137039476909973,0.37137686279076576,-2.6204267859817887,0.24863686573504262,0.23525277047273008,-5.382989052224929,0.39251534250315956,0.38283013216718775,-2.467473060850822
FSM,2000,CPH,7166,1.552482943130197,1.2251991648906733,Y,186.43458703511828,25,0.06519521761532719,5.620436848040109,5.595886376196128,5.402919551061727,-3.4483692512994213,0.6326196911245039,0.6195082482217152,-2.0725631981961534,0.8572436558779222,0.8226280529716975,-4.038012141457504,0.8570474850504326,0.8519420824665189,-0.5956965830911098
ISL,2005,EU-SILC,2901,3.812968351287697,0.4236751777372493,Y,161.41745290986736,31,0.9211711554662492,5.614212594049846,48.70926913116726,47.461558225229645,-2.561547172013001,0.2798214015826558,0.2609801818911983,-6.733301879303177,0.14113775950031204,0.11955637356264948,-15.2910078876623,0.4972328324499681,0.48424678047450875,-2.611664220054488
MEX,2020,ENIGHNS,86139,2.427495143638112,0.7603698906865002,Y,110.89732970889777,547,0.4127949591230275,5.604166148057742,14.355245454940668,14.00853223552466,-2.415237137562698,0.44581102583803667,0.4321288136550333,-3.069060967544157,0.3420589888587,0.31930966620068446,-6.650701603814014,0.47562801551065015,0.46269301921345063,-2.7195614798493417
PHL,2021,FIES,327730,1.8270181119966473,0.6555529868678331,Y,44.41943383223447,3532,0.5993469496589325,5.600184482443135,7.6884100943504325,7.524071467029294,-2.1374851927045024,0.398027828529365,0.3849305095852016,-3.290553575752597,0.2619137915723835,0.24262292315947986,-7.365350368566714,0.37373295543516927,0.360170092647639,-3.629025107442796
IRL,2005,EU-SILC,5955,3.631650275135917,0.5318509072864336,Y,186.27107346784683,48,0.6845240837944278,5.588781234002974,45.21635627172102,43.96438339673697,-2.768849545196661,0.33601491282447715,0.3171763021086791,-5.606480544998527,0.19354888654911173,0.16900346407398326,-12.681768886797617,0.3155757753648978,0.29634708882150473,-6.093207414656298
IRN,2016,HEIS,38102,2.3008911249483592,0.5726847588498685,Y,55.64239448791541,238,0.9588786157187772,5.586236074226964,13.302301475114982,13.09274653342819,-1.5753284653697852,0.3591230661967659,0.3489336640171239,-2.837300952999544,0.21476610609409752,0.20163388069043364,-6.1146638277783545,0.33584016302552555,0.32544072953840175,-3.0965425318511985
CZE,2017,EU-SILC,8344,3.4706659683610868,0.34732496331349294,Y,91.16224747942384,150,1.4423300852986707,5.582639369074068,34.751205422175104,34.12603146887911,-1.7989993316809172,0.2540633289302472,0.2404926948352215,-5.341437566832596,0.11267193356751237,0.09897902337756248,-12.152902463278647,0.20535830479630657,0.1916113174830265,-6.694147250054283
DOM,2019,ECNFT-Q03,6188,2.5833731750242643,0.7067913893324466,Y,110.35995515770826,28,0.5198999637763935,5.542174435544195,16.480580412538234,16.140959264973805,-2.0607353567842157,0.41878656271898973,0.4066149470025404,-2.906400730105707,0.2960932067849509,0.2774261973438943,-6.304436918275613,0.42125901573944735,0.4091641821948968,-2.8711156539451554
DNK,2017,EU-SILC,5865,4.107298926202528,0.4068042147844714,Y,205.966095554253,66,0.7262241737914913,5.53886292937707,60.667915226712395,58.80337813592357,-3.0733495354523965,0.28187440724636914,0.2591741837450805,-8.053311303799127,0.1496773741465942,0.12243954486677833,-18.197693161786177,0.40895057572955473,0.3904802172068236,-4.516525863738085
EGY,2004,HIECS,41980,1.6686728846870118,0.547434152565777,Y,27.411848375348256,644,0.8239658311318333,5.537885254822475,5.864025033826233,5.7651463204334075,-1.6861918703015566,0.3184754543287568,0.3068510808331043,-3.650006095494207,0.16670464317337141,0.1523023457861905,-8.639409864668647,0.25166488714904434,0.23907618965618893,-5.002166824090947
IDN,1993,SUSENAS,175021,0.7199949595378743,0.526950574086566,Y,9.982630989650499,2193,0.864648930034956,5.5270300342318865,2.3337938361839328,2.291119061962345,-1.8285580139917879,0.3175524980958052,0.30490800210200486,-3.981860029325146,0.1644491527159312,0.14888176537221431,-9.466383430146285,0.2513401509029375,0.2376864941510065,-5.4323420682610095
EGY,2012,HIECS,15048,1.8225592553620737,0.45471014981866487,Y,24.208158508985164,254,1.0826748911888087,5.522096948027025,6.689094867547627,6.581812217812117,-1.603844045567293,0.28292202752553164,0.27131941021076966,-4.100994686147197,0.13142208734702465,0.11857163227575951,-9.778002564616905,0.20900522416555145,0.19657164336841693,-5.948933021543034
PAK,2001,PIHS,14691,1.0308015128016714,0.4668227016490059,Y,11.373312677028121,341,0.9803234205027119,5.518526041586983,3.090458512958494,3.031406002976348,-1.9108009291998185,0.2865302097860951,0.27271552274840505,-4.821371906300287,0.13485441258967068,0.11910121545500352,-11.681632682350795,0.21201318732420482,0.1971190383169985,-7.025104992375109
VNM,2002,VHLSS,29510,1.0621411831360223,0.5906595332328457,Y,17.01541644520816,277,0.9178677527652765,5.50218559714526,3.8376172359091205,3.78264343363065,-1.4324983159881954,0.3702962422722993,0.361204451938018,-2.455274803354779,0.22141906653731258,0.2094212816929737,-5.41858704038799,0.3264700901533173,0.3168827063275169,-2.936680607187614
COL,2005,ECH,35676,2.1904605995844677,0.9239836384034315,Y,142.93807789916207,163,0.2742201057396797,5.501198836360869,11.180686302221554,10.957579465823931,-1.9954663816414642,0.5386384370496681,0.5292661454223253,-1.7399968109736874,0.5220337181731345,0.5028898620771383,-3.667168504553775,0.6325629866369049,0.6250894894328407,-1.1814629312723368
CMR,2001,ECAM-II,10991,1.5287732554723292,0.7304039523076434,Y,41.263779785194366,88,0.36138763585659345,5.493839751036086,4.677999302848955,4.570119715826633,-2.306105239404843,0.4213679406781423,0.4077458043136337,-3.2328364475440075,0.2979018299320877,0.27620536583718724,-7.283091916503692,0.41124226304700917,0.3973907358059322,-3.3682158877463397
DOM,1997,ENFT,3471,2.3586129122371142,0.8599534196127208,Y,139.557007133937,18,0.26841649173697196,5.492878392783686,13.056598995839447,12.7140099132866,-2.623876881429965,0.485391078938465,0.47155660730438864,-2.8501701482301467,0.4231644351939625,0.39800764583216885,-5.944920524869424,0.5721353688735948,0.560623000823904,-2.012175557745377
IRL,2004,EU-SILC,5300,3.5878846404924483,0.5309281862005286,Y,177.80175596400096,51,0.793076486987682,5.481248855220707,43.5488584369435,42.57194105240856,-2.243267492188028,0.32871432098447606,0.31339593980232316,-4.660089385906718,0.18564684343718296,0.16653327912548122,-10.295658120451245,0.32364417689468317,0.30841817325659304,-4.70455046779501
PRY,2019,EPH,4578,2.6585880201757845,0.8515288902916551,Y,183.67624891056522,27,0.34012143440481535,5.4712601706028945,19.460017963402585,19.020032043834345,-2.260973861358706,0.45650637503187386,0.44396443293910637,-2.7473750157140264,0.3629957967982107,0.34156033248196893,-5.905154964688952,0.4942315169025703,0.48255966431814745,-2.3616164055202726
MEX,2008,ENIGH,28560,2.306998908294366,0.9210536174605013,Y,159.19975917286368,172,0.26305497144279427,5.469512396264349,13.646026400878016,13.318438176313663,-2.4006125661846567,0.5082438400065723,0.49616963893800814,-2.3756709119008734,0.46220881644224443,0.43893973783697815,-5.034321669667651,0.5908223382426725,0.5807689768124236,-1.7015879020673808
HND,2008,EPHPM,19612,2.1082717731919356,1.0728537571635373,Y,205.78522847010572,44,0.1304408054209587,5.460838352422147,11.478380412752534,11.119992522389799,-3.122286223974291,0.5544595871127357,0.5401150302734974,-2.58712396225943,0.5889620244595115,0.5580622972451725,-5.246471916877082,0.711336162045686,0.702035174733824,-1.307537534028047
MEX,2002,ENIGH,16433,2.050980439943401,0.8980234922636006,Y,115.01366147405557,67,0.4407805932611329,5.452624583608181,11.747806464722494,11.614200580769015,-1.13728366529261,0.5058033040921629,0.5001462640815648,-1.1184268597753788,0.4513209422367064,0.44083583083975153,-2.323205155291841,0.5733758053265612,0.5684832361371335,-0.8532918801206102
ISL,2015,EU-SILC,2928,3.9031388909314564,0.4108955320723643,Y,170.00459857890465,29,0.7784458659053963,5.451842227565448,52.534687513934344,50.99397300541666,-2.9327565869864958,0.27800415764749054,0.2562628678006156,-7.820490898716315,0.1360503496530061,0.11052329986038556,-18.762943173411028,0.22901306259647214,0.20621898021753982,-9.953180015367147
PAK,1990,HIES,5973,0.48817081360167736,0.5898945542109064,Y,9.56255046222731,67,0.8939317082790643,5.427640232884689,2.170585568446432,2.138256663546281,-1.4894093727569557,0.332486608672359,0.3224595494270288,-3.015778375366429,0.1816175542772629,0.16915644469456081,-6.861181251058235,0.28332891766508284,0.2727335195341781,-3.7396105622474085
ISL,2010,EU-SILC,3008,3.9031390936079378,0.43555896629491897,Y,183.0603706119466,40,1.0580458644900361,5.425055747134445,53.80396532298896,52.82193289082776,-1.8252045667377592,0.28656409981577324,0.2733886823278071,-4.597720892615776,0.1432600139775566,0.12860776289939757,-10.227732548214385,0.47633880516244775,0.4668353922190126,-1.995095264219371
PRY,2012,EPH,4910,2.57379822314539,0.8435443640008771,Y,164.75035285622832,29,0.2676675945641332,5.413249868326322,16.868289731764456,16.396150366597002,-2.7989759049393936,0.4763356307475921,0.461287850970052,-3.1590707908881743,0.4079185077990224,0.381080912596127,-6.57915605440439,0.5482363385048232,0.5352489577541584,-2.3689383279635656
CYP,2009,EU-SILC,3081,3.7850625583896425,0.5377760289735841,Y,221.05038132001025,29,0.6865808787260081,5.395573522213414,52.38650743991171,51.07764456576559,-2.4984732483787186,0.3170287686256129,0.2995982873274492,-5.498075576462213,0.16657104159698388,0.1446345491389116,-13.169451453120695,0.257779703145817,0.23906925435067383,-7.258309543695651
TUR,2015,HICES,11426,2.8294588434809977,0.7193560622808501,Y,146.573503106538,73,0.511743101522086,5.382209065169693,20.675306027435134,20.312597622981915,-1.7543073073352455,0.4285445764466088,0.4183831798163661,-2.3711411108031433,0.3122145394719751,0.2962842358968376,-5.102358013844965,0.44047413104351685,0.430543760844344,-2.254472964313947
PHL,2012,FIES,80207,1.5947731656619517,0.7677746203169469,Y,49.308526953640644,611,0.5142896878634722,5.38080100956266,7.031300131787995,6.90654853267132,-1.774232315197033,0.4475929074580206,0.4376519940576158,-2.2209720562511692,0.3327165551775084,0.3165126904758313,-4.8701708554995555,0.44367310715619424,0.43368148905197146,-2.2520224785013254
LTU,2017,EU-SILC,4897,3.202363519791992,0.5914902795728927,Y,145.01459006704934,44,0.7447148668945022,5.3717164483841175,30.638990040367503,30.073095584145747,-1.84697490183644,0.3810586879842369,0.3694638920478359,-3.042784826068745,0.2614370110558255,0.24531543589203197,-6.166523668047541,0.48508560134382794,0.4755014011152525,-1.975775038884764
SVK,2007,HBS,4676,2.814277875100188,0.4268466387091897,Y,60.02840045977003,52,0.7964644406351721,5.368764024548389,17.71635161207198,17.24330736420471,-2.6700996809350674,0.28004833652597494,0.2603633701778575,-7.029131682162893,0.13317294057321893,0.10992868313677828,-17.454189519575024,0.21171337750284291,0.19055570156682178,-9.993547023610748
CZE,2007,EU-SILC,8939,3.292496825006986,0.3768346493598546,Y,83.34601295557347,135,1.2469326946785098,5.36527277074801,29.11805464704591,28.59506027495046,-1.7961171459938474,0.26741554707256265,0.2541035804440015,-4.978007738999923,0.12406386058707364,0.1100354909513781,-11.307377965922472,0.22183473266264264,0.20825675818216816,-6.120761306176215
MAR,2006,ENNVM,5977,1.9550636596776543,0.7005837952072853,Y,57.789959256320465,59,0.5148861018684622,5.361696739787881,8.266075425261558,8.120425997163142,-1.7620142643908543,0.40718302471886547,0.39659177972283066,-2.6011018026469546,0.27552871649526356,0.25953593834411626,-5.804396127770673,0.38519596829585856,0.37424304273066267,-2.843468381471548
PER,1997,ENAHO,5476,1.729100788971294,0.9916327812837997,Y,110.3877461674652,20,0.26890265819602893,5.357133761673654,8.555807679253048,8.394297201250914,-1.8877291783191863,0.5325908718040127,0.5236124554548505,-1.6857998934060148,0.5373811222804661,0.5191768275614748,-3.387594756164558,0.6673785687280465,0.6609840079206502,-0.9581609459805795
SVK,2007,EU-SILC,4906,2.963981890571645,0.3648652036529677,Y,57.891901337943544,83,1.2880955818397248,5.351580319575851,20.195531573340595,19.860454503605038,-1.6591643974248282,0.257970615750163,0.24553349758466014,-4.821137527363906,0.12233237133105757,0.10952298455745213,-10.47097071219235,0.2587792062125508,0.24684762170837593,-4.610719956523379
LTU,2016,EU-SILC,4739,3.131811318138021,0.5724711921588961,Y,127.64141594449725,43,0.9267606793593715,5.3410665754145334,28.62166094842955,28.275889435735646,-1.2080763353214063,0.37123145355446874,0.36357978404671976,-2.0611587284659616,0.24269373267150618,0.23250320530997604,-4.198924813325666,0.43397653985386075,0.4271660464550432,-1.5693229410767118
PER,2005,ENAHO,19853,1.6139743449181223,0.9499585460297625,Y,86.82112633497033,55,0.37122602600043225,5.324111825397208,8.13811847336632,8.027138562383115,-1.3637047844217376,0.5045089882860008,0.497688044093902,-1.3519965650705235,0.4654633676669826,0.45275752663625424,-2.7297187949318458,0.6241738795047883,0.6189892278671507,-0.8306421988935275
BIH,2001,LSMS,5401,2.4789786377441243,0.5086461937637606,Y,54.86728224452184,48,0.5566411443493089,5.315378656429352,13.474113198354576,13.06332692902538,-3.048707275068474,0.29966448481651,0.27771067690378004,-7.326129396405667,0.1566987433884286,0.12939978014545028,-17.42130322979616,0.2588532625788549,0.23586071463431402,-8.882464032121906
SYC,2006,HBS,1162,2.749092477408402,0.7392516070691266,N,143.57352863161725,5,0.25474557173996887,5.313780224769337,18.315765904943756,17.70825356465167,-3.3168819881461142,0.427676166058672,0.40808351688621025,-4.58118799394911,0.31110450150672087,0.2793637644092315,-10.202596537100783,0.4251409143521997,0.4054719569744346,-4.626456008764834
CYP,2022,EU-SILC,4021,3.8807767167969804,0.5125855538854527,Y,225.54808612590938,45,0.7921743514947486,5.312557360749556,54.30770384704687,53.20931001744326,-2.0225377834002023,0.31251771018914276,0.29840741784627933,-4.515037670768662,0.16375658574075258,0.1466470850863999,-10.44812981228076,0.2666160531834849,0.2518003572098323,-5.556940700587321
BOL,2004,ECH,8519,2.398427454828275,0.951369790556469,Y,191.05031573040276,55,0.2032843657965229,5.303550948082194,13.203605080864923,12.891720581102486,-2.3621162391052497,0.5493583586127043,0.5384788693828451,-1.9803993257394459,0.5667598831216725,0.5438701348152168,-4.038702983065868,0.7155515729180908,0.7086740677994472,-0.9611473692380357
EST,2013,EU-SILC,5633,3.0127614572973678,0.5019957729614997,Y,91.72076294775836,55,1.1635140464331402,5.297325569209242,26.008495773605294,25.69792503721621,-1.1941126433934968,0.3282768907056651,0.3202274614236206,-2.4520243458933333,0.19457578237351392,0.1852790138399003,-4.7779679568586975,0.6583847323748426,0.6543314090243617,-0.615646619851018
IDN,2022,SUSENAS,336232,1.8027830030453567,0.5936954969012935,Y,36.01262220281332,2848,0.711296136849722,5.281460496580969,7.419714977937803,7.284002052926011,-1.8290854219512154,0.3551203019115664,0.34315891510258933,-3.3682633024894604,0.2056696699483922,0.1897005305269348,-7.764460080800662,0.30577650283345514,0.2930293712402232,-4.168774080124404
COL,2010,GEIH,181619,2.364888297877101,0.954495047288308,Y,186.48922073426618,768,0.2462570520392689,5.266454519477347,13.799775565124516,13.532259518548495,-1.9385536041042761,0.545111210168802,0.5361377033645842,-1.6461790982869373,0.5417321422893915,0.5230745218775157,-3.4440674561098783,0.6588242425171968,0.6520854897878092,-1.0228452893051743
LTU,2008,EU-SILC,4597,3.023851399104464,0.5459702186980624,Y,105.8223828522406,43,0.837582826705749,5.2545069616659825,24.283724441207855,23.894084555473977,-1.604530996376674,0.3441773819225521,0.33354245697334683,-3.0899546303127967,0.2112751401163031,0.19773303789972863,-6.4096997919962595,0.3826667127018445,0.3727795963456252,-2.5837408972446685
DOM,2007,ENFT,6193,2.209600545432495,0.8312367713547612,Y,110.31179536672374,36,0.3734887810293637,5.250966299809303,11.90875916840946,11.695436417597612,-1.7913096385199556,0.488095561768759,0.478783024936527,-1.9079331101649943,0.41714599014779274,0.40033713850606345,-4.029488965187944,0.5696070224990629,0.5617753053674838,-1.3749333877975611
ARM,2011,ILCS,7871,1.8753091364271346,0.4533462608705495,Y,25.415212677165858,84,1.017243308037193,5.250890181245078,7.266699733909671,7.143667861263135,-1.6930914603835112,0.2935294583056609,0.2814452510772647,-4.116863533271864,0.14157705975040424,0.12797062852530794,-9.61061859109379,0.23268126674237544,0.21992276779700626,-5.483251455518068
JAM,1996,SLC,1822,2.229240080055569,0.6883961887899414,N,73.29032778935174,19,0.4944193036798511,5.236913458536665,10.351951806074489,10.17219057704174,-1.7364959999839447,0.4039490228870808,0.39346318570694294,-2.5958317970901645,0.274931939594965,0.25918586390290566,-5.727263160204943,0.39477773775732905,0.38415494753113033,-2.690828081275587
CYP,2016,EU-SILC,4050,3.6802314859042915,0.5773841125675093,Y,224.16532184979516,36,0.6246842881339795,5.231671978302924,45.089297704321204,44.130699096151275,-2.126000308224052,0.33966378036084466,0.3253764443130116,-4.2063172095225365,0.1933085022969694,0.17448936745646515,-9.73528562731991,0.3019197513221391,0.2869454199244458,-4.95970579338355
NLD,2007,EU-SILC,9579,4.004098575529592,0.4786989985183942,Y,230.48725569570854,81,0.7114604161843668,5.221664475282729,55.24142234908577,53.99672621126727,-2.253193500255868,0.3004332658188955,0.2843746532223467,-5.345151294340733,0.15712031263805049,0.13760446962252226,-12.420954800723827,0.2816738318529368,0.2654037861626839,-5.776200644278373
CYP,2012,EU-SILC,4474,3.7881284087311715,0.551348448329467,Y,230.9436528521014,41,0.6211468054595725,5.220743569563779,52.38478141908758,51.08440543382301,-2.482354512203333,0.32622741269804956,0.3091511615271417,-5.234462373863513,0.17888139102538325,0.15713070892638292,-12.159276028837407,0.2828771413082105,0.264900468586732,-6.354940041582191
NER,2018,EHCVM,6023,0.9804214144819896,0.6492197169767585,Y,18.691718511330336,114,0.565904062518724,5.219029096648348,2.851470198513638,2.8084283335811375,-1.5094622049683815,0.3725942450599614,0.3630193708399426,-2.569785858737006,0.22824374832957284,0.21472973525954098,-5.920868882033203,0.3254417514326068,0.31519761302005866,-3.1477640368677506
KGZ,1998,KPMS,2814,1.3719898530351768,0.8331084400183947,Y,48.00548009756255,10,0.30655345037624393,5.216821374388378,5.005467073617887,4.891503253042176,-2.2767869391525086,0.4635047612588167,0.4510375535592632,-2.6897690685407816,0.3932261984156371,0.3716291907078739,-5.492260636442969,0.5727799792464056,0.5628463076528099,-1.7342909936665762
KGZ,2006,KIHS,19443,1.6368350205118112,0.6245024576707034,Y,33.459722215070144,131,0.5711410021963125,5.212681088035756,6.024228438014713,5.901306814317502,-2.040454225167465,0.3738124034937349,0.36082612819558313,-3.4740086676576576,0.2289046476217771,0.21073255490854415,-7.9387172353350355,0.33579997706201314,0.3221102535180904,-4.076749398167645
HUN,2005,EU-SILC,6419,2.900685359034336,0.453463085668742,Y,70.8861178986494,62,0.8646315101776296,5.211309288025537,19.021168339457642,18.642820138785904,-1.9890902278956735,0.29861005647500727,0.28445519114406537,-4.740250712931571,0.15442991422948005,0.13787566356098369,-10.71958807404182,0.2691178868614372,0.2546629277259216,-5.3712368598368805
JOR,2002,HEIS,11977,2.401008243905472,0.5895598746287724,Y,64.69525548260387,127,0.7862481955896492,5.207322839394144,13.742804922665577,13.535837982018315,-1.5060021721324035,0.36954616341094493,0.3599581982221568,-2.5945243485388514,0.2237014732295104,0.2108212004486325,-5.75779524154637,0.33606597340049804,0.3260840625146362,-2.9702236096262546
DOM,2015,ENFT,6891,2.3521745708349493,0.7994246269260136,Y,115.63613011026898,22,0.41321000476826913,5.206175635025171,14.590086036033776,14.308320590439061,-1.9312116796215362,0.4517833201589344,0.4410289473341751,-2.3804271527722687,0.35361437688198016,0.3358066619722635,-5.035913716726526,0.5101730245060433,0.5005659050722953,-1.8831100376288545
TUR,2019,SILC-C,24861,3.0634066798119823,0.7214627193015927,Y,186.3813489038984,109,0.4141767780198825,5.20429750755676,24.627276049995665,24.11754760206678,-2.069771934557807,0.4244149594965305,0.4122862814427579,-2.857740468941161,0.3123541760119597,0.2931775677591242,-6.139379501076769,0.457095879609449,0.44567079709983337,-2.4994936553305647
CZE,2016,EU-SILC,8186,3.4492601494407,0.3582279824037884,Y,92.19852168530508,126,1.2453296784859227,5.195832998051328,33.50800564934935,32.915161188503944,-1.7692621490199567,0.25867432964713233,0.2453958863857877,-5.133266713963569,0.11673178062240064,0.10287051925187995,-11.874453809077535,0.2146960032781835,0.20120989961493763,-6.281487991079093
EGY,2010,HIECS,7719,1.7952535016680806,0.5035311138430507,Y,27.2716266041946,111,0.8255084127326479,5.190887755724457,6.546503673143402,6.431811587452811,-1.7519593880487405,0.3019145769443955,0.28953096978421033,-4.101692367926269,0.1496826893239398,0.13491701854563787,-9.864648240215946,0.2308338715857926,0.21743425142508888,-5.80487606461324
BWA,2015,BMTHS,7055,2.004600934359171,0.9266634749668273,Y,119.65245822316753,27,0.16028405967024514,5.18710327835755,8.82108724566786,8.55531215749638,-3.0129515871414325,0.533250267707009,0.5187661003009967,-2.716204432169278,0.4970533150131158,0.46742490270215487,-5.96081173106734,0.5799792355783728,0.566939105133675,-2.2483788461312493
CZE,2005,EU-SILC,3940,3.2275262263494637,0.3895992556732372,Y,81.15200438175927,52,1.078468705573043,5.1845924925203395,26.875916584545312,26.357708802209487,-1.928149243601296,0.27533180011534664,0.2611688908635966,-5.143942416319747,0.1316941919089185,0.11628006792737366,-11.704482755173796,0.2295185987936691,0.21496325327377774,-6.341684550355852
RUS,2019,VNDN,50446,3.101815312851447,0.5433534604339263,Y,113.50826959705206,215,1.146984521239054,5.183719544445697,32.19900689848067,31.831822967371174,-1.1403579379549722,0.3528020066771711,0.345410733018103,-2.0950203001060097,0.2142032275310668,0.20538997659689828,-4.114434238807297,0.38424563397612144,0.37738682518933553,-1.7850063033408858
EST,2004,HBS,3165,2.427996497041917,0.6071047810307453,Y,70.0571151542747,21,0.7113472613361982,5.172664482392083,13.967663100332082,13.7435121221421,-1.6047851138724312,0.35378188664723076,0.34331570693054003,-2.958370711366276,0.21309750471965527,0.19941530770072768,-6.420627513648025,0.34160788042805734,0.3310455926678879,-3.0919332853019066
EST,2006,EU-SILC,5222,2.72770887552252,0.5302470411854006,Y,75.07217612270036,39,0.9375694440285242,5.165552365211018,19.777987743210826,19.46019921384397,-1.6067788770672164,0.3336674514798813,0.32288358568844333,-3.231920207862471,0.1950192518495446,0.18212697360164531,-6.610772077951332,0.34600724343520894,0.3356321280253459,-2.998525495263449
BEN,2003,QUIBB,5349,0.8994817385353261,0.676020789301393,Y,18.68169386036602,52,0.49834202615653733,5.1158629360317205,2.7582293885045233,2.710220885231396,-1.7405551355957782,0.38578199051833983,0.3749445433697589,-2.8092154156858506,0.24639289115038243,0.23065279775799608,-6.38820922101182,0.3555199758235764,0.3441900430849649,-3.1868624856775662
SDN,2014,NBHS,11940,1.361285984400354,0.5974073541691356,Y,23.418072349583156,73,0.5375511320922958,5.114412450697279,4.563741866012047,4.4562173968284196,-2.3560593990734624,0.3424319710981881,0.3266181893950716,-4.61807980499056,0.19703853520133552,0.17584560390336557,-10.755729216274801,0.3048119580552182,0.2882109998763064,-5.446294917309147
PHL,2006,FIES,76668,1.5353772706185456,0.7777466663240308,Y,47.87614049613497,565,0.44426019815187184,5.111973594643061,6.652477666536364,6.525099401469098,-1.9147492325755633,0.45308766002899836,0.4424471317145282,-2.3484480494986637,0.3424617079868084,0.3248376713995338,-5.146279474829196,0.4544824215156392,0.4438859955713622,-2.331537028195574
IDN,1998,SUSENAS,185813,0.6029591459975585,0.49730684946934123,Y,8.124463493005969,2370,0.8137733088361684,5.109422431564322,2.0879124857744333,2.047346932267063,-1.9428761398648242,0.30651342754728683,0.29282526677265375,-4.46576219650977,0.15359149691221774,0.13684915458758662,-10.900565891482838,0.23830451171053058,0.2235249765043491,-6.201953584552456
PER,2004,ENAHO,19435,1.6557074748373624,0.9313840785223072,Y,85.61493227542394,59,0.31753757205179983,5.100817723528255,8.50712661812857,8.345053173089251,-1.9051490863430054,0.49876944507332965,0.48906554288550796,-1.9455686958520513,0.4513157096222664,0.43338084677477307,-3.9739061736858483,0.5888751630775787,0.5809070795880853,-1.353102319318511
PRY,2015,EPH,6672,2.5901228575932755,0.8851072137254613,Y,189.70011796093934,36,0.2933014591130146,5.097974332616214,19.01039713740247,18.59764518472783,-2.1711905842438206,0.476014591220584,0.46440622418524524,-2.4386578162599704,0.4002798390322675,0.37954733170815746,-5.179503263075591,0.5329537822355443,0.5226064530229265,-1.9415059161818182
TUR,2021,SILC-C,26113,3.059726635070702,0.7463243431540459,Y,200.0764742139983,94,0.38183863135262813,5.094596712008597,25.272650683696547,24.74908032372485,-2.0716875587152073,0.4304510417946793,0.418433967642561,-2.7917400552721405,0.3236214847991157,0.3042775739626884,-5.97732590233766,0.4781526675567368,0.46715261467343583,-2.300531530966665
TUV,2010,HIES,541,1.9615306980473821,0.6750206360146125,N,53.87101650410252,8,0.551319366245613,5.086543966417851,8.368611871668577,8.239940096217778,-1.5375521941268344,0.3913903329653403,0.38192825128215235,-2.4175563079188,0.2538133583186353,0.24008709883815404,-5.408013026347258,0.36679411586568267,0.35699297583124345,-2.672109396113742
HND,1993,EPHPM,1715,1.839489084918553,1.0764960637069447,N,159.01161916176883,9,0.11647314539582633,5.0828283922605415,7.284675288164973,7.099613578716681,-2.5404249623720565,0.5330417734654989,0.5208834249521896,-2.280937277066175,0.5129086471815352,0.4878199686543181,-4.891451658122925,0.6163815101292958,0.6063849518136561,-1.6218134631492576
CYP,2010,EU-SILC,3669,3.789779074598095,0.5395087923866514,Y,223.25295406386567,34,0.6559352640338956,5.081889533696078,51.85848296220202,50.687486997914604,-2.2580605860393455,0.3204691969884068,0.3048294863900043,-4.880253935596901,0.17153009417902698,0.15162746638863212,-11.602994731421512,0.27122510565560165,0.25464989337917865,-6.1112382042796565
SLV,2015,EHPM,22343,2.151415538010175,0.6975644623004397,Y,69.69363020908871,135,0.4668643312087107,5.075405615254565,10.940505930269943,10.710605578518496,-2.1013685584261976,0.4055194177892979,0.3928024945129438,-3.135959147327838,0.2783079543289593,0.2591324629856562,-6.890026334151312,0.4058995906032633,0.39323063718051154,-3.121203794249383
BFA,2009,ECVM,8404,0.9168707100727668,0.7009899858578732,Y,20.488027018550646,132,0.45900994841659304,5.059790866607747,2.8374055049993667,2.7878808026582105,-1.7454220855600777,0.39762236415866836,0.3869539974624512,-2.683039903650908,0.26323001875458696,0.24722305455268767,-6.0809797748876075,0.3745077983123889,0.3634615757948011,-2.9495307086700007
PER,2006,ENAHO,20530,1.7229126823338539,0.9524903113350552,Y,97.55180949806112,56,0.30877504074732004,5.051270032180489,9.159441551550406,8.99798906486924,-1.7626891964154567,0.5033103997387739,0.4944220086654849,-1.7659859756329666,0.46686563714333706,0.45020744687815384,-3.568090889514075,0.6077568931832076,0.6007310551123038,-1.156027706095597
COG,2005,ECOM,5002,0.8694284553318278,0.8498669679271994,Y,30.53975749268542,34,0.3490473262015923,5.041022848122414,3.3899315368969334,3.32564252054292,-1.8964694612346622,0.4733054184677563,0.46314933683746573,-2.1457775960328385,0.3799083099429832,0.3620919442234918,-4.689648858211415,0.4915451729253524,0.4817436341770718,-1.9940260403633503
RUS,2015,VNDN,37544,3.192804339800066,0.5999064457135234,Y,147.307711868303,179,0.9375807585207048,5.021330460801848,36.717536593188,36.254956506072524,-1.2598342101231674,0.3688603153527251,0.360863012725102,-2.168111421792729,0.24152056550249767,0.23125648733195847,-4.2497739888875286,0.43285440238894135,0.4257761919497345,-1.6352404873652526
DNK,2015,EU-SILC,6002,4.097717861374196,0.41407705469435657,Y,208.5020817199305,78,0.7909565465286617,5.014449299102372,59.09234668033256,57.77835178140982,-2.2236295776692727,0.28352879153462407,0.26729218688389134,-5.7266158272148315,0.14961871268054727,0.130466724589696,-12.80052992552002,0.3246731243806792,0.30961658940615155,-4.637444199684926
ARM,2012,ILCS,5184,1.942338427594041,0.4920621389346569,Y,30.5243536216917,83,0.8549357061161263,5.006912968654173,7.527843453000415,7.411894481065146,-1.5402681081134073,0.2960226137675809,0.2850829269552474,-3.6955578065811734,0.1451348542897848,0.13248906333804134,-8.71313166890575,0.23592913593327547,0.22430880494936123,-4.925348002461494
BGR,2008,EU-SILC,4180,2.522380262415213,0.5812176807250894,Y,71.23849301702028,32,0.8212859088761698,4.982141196962324,15.836999307179308,15.633049345178213,-1.2878068505606355,0.36095991258017013,0.35267304999139537,-2.2957847395129294,0.23654498587591188,0.22579410954901613,-4.544960565148271,0.43011171712719987,0.4228062042561631,-1.698515195036232
UGA,2016,UNHS,15628,1.0305765275722276,0.7330528127424715,Y,25.272957885074923,144,0.45922190084841946,4.981658264791278,3.536633552204824,3.476509512156492,-1.700035900265917,0.4275369263022155,0.4176686714836715,-2.308164327206763,0.30216557363779983,0.2865859253231283,-5.155997133328805,0.41093956955948996,0.4008100424070393,-2.464967577424837
ARM,2019,ILCS,5165,1.9905728942528345,0.48622422992738956,Y,31.47663687175369,51,0.7105471789200993,4.980589769100542,7.906313708708448,7.736189012330691,-2.151757476943683,0.3003121219838618,0.28497775432599437,-5.106143420574771,0.15165227352060584,0.13294960122167532,-12.33260264732483,0.2407463264398907,0.22435363018913101,-6.809115841214131
COL,2003,ECH,31690,2.1409706229716496,0.893288546845949,Y,124.06880162044624,178,0.271486384218229,4.970220919570921,10.012138430556309,9.851342935246635,-1.6060055144557217,0.5348168169474161,0.52724384871729,-1.4159929138635619,0.5187267368771766,0.5034439557230217,-2.946210416328232,0.6441425489098764,0.6383413767900852,-0.9006037762307351
KEN,2005,IHBS,13151,1.2208644134252111,0.9016769199280454,Y,50.69844163838915,103,0.23373178208109444,4.966351378616455,4.147760644323184,4.06026664751088,-2.109427334772862,0.4645292489932983,0.45301903484413364,-2.4778233392426685,0.37714957329493837,0.35699202916500994,-5.344708189332836,0.5199324195834996,0.5096039074301901,-1.98651050872789
SRB,2005,HBS,4272,2.52804342979314,0.6077228918095808,Y,77.57243191340173,34,0.7368170869542331,4.96200814580775,14.626739946840258,14.472526852315813,-1.0543230759890498,0.3646042335443125,0.357873407745265,-1.8460635340454612,0.22622989707226981,0.2172540292359817,-3.9675869336672,0.35848693017299127,0.3517578151486276,-1.8770879655546913
KEN,1997,WMS-III,10068,1.4254904500913885,0.8090454694197119,Y,47.11666962931728,60,0.35449261386068326,4.961470245370226,5.083878454274353,4.998668451187812,-1.6760826178859434,0.44983076519249,0.4404784197066357,-2.0790808920888915,0.33871689522447523,0.3230390326372137,-4.628603653464491,0.44445585663278975,0.4350169775172804,-2.123693270017535
ISL,2018,EU-SILC,2956,4.072087801313348,0.3937988910417871,Y,191.23144998093161,40,1.0597443692465283,4.9601892601233635,62.975197346403235,61.878072894486856,-1.7421532573871912,0.2613158023547546,0.24828282523439693,-4.987443163756511,0.11703896132711034,0.10299710482444624,-11.997591522893591,0.20571810338239127,0.19217566179415813,-6.5830091594128115
CRI,2008,EHPM,8363,2.60198718123649,0.8742437107598983,Y,185.8088233194472,29,0.3459706165267731,4.954929690665369,20.829131935955747,20.43990702495265,-1.8686564192874844,0.4851787044614668,0.4754050558177877,-2.0144430400191538,0.4169004046767064,0.39943776520221563,-4.188683742831223,0.5700310398823583,0.5618649778066094,-1.4325644577941166
VNM,2008,VHLSS,9188,1.466414456768585,0.5865447927382854,Y,25.17996994434504,65,0.8207119412947341,4.951673501259611,5.458042710771621,5.394433276322576,-1.1654257362902265,0.35570312486501976,0.34814337932519823,-2.125296352875805,0.20842625345038157,0.19858829020380453,-4.7201171079530475,0.3235350187435745,0.3157088456149444,-2.4189570449042908
SLV,2012,EHPM,20564,2.0152992887088756,0.7299819078641229,Y,67.03702054899166,96,0.4349729040755108,4.942896577561608,9.878613667498492,9.68191688570482,-1.991137505871099,0.41822299259072937,0.4064381795872203,-2.8178300122876365,0.2992088758480955,0.28087983608501266,-6.125834239084638,0.4309591610420178,0.4194600314336463,-2.6682643386829796
UZB,2002,HBS,9620,0.36910316531498355,0.5399111883298742,Y,7.307028771336448,125,0.7358437897634037,4.938437917234215,1.6853419667405918,1.6558807174501182,-1.7480873242271877,0.3304368094314516,0.3185828079176253,-3.5873731907235973,0.18171142928395173,0.1668380994843251,-8.185137202561322,0.28761699175897326,0.27518711872699864,-4.321675487931886
IRN,2017,HEIS,37920,2.3510697154032396,0.5880148975964855,Y,61.25922241877197,224,0.7858760782338686,4.936948945781355,14.154283729122618,13.936915542476005,-1.5357060152706659,0.36693677297463545,0.3571153023731096,-2.676611156169062,0.22432825715027338,0.21132000793881112,-5.798756419147089,0.3479373009222333,0.33795614228833504,-2.868665879583032
PRT,2012,EU-SILC,6022,3.2437317980840925,0.5838594369126547,Y,147.718747168017,55,0.6768467231725878,4.934567563701877,30.07461587430289,29.59039313417993,-1.610071237972821,0.36344677426998007,0.35307923298607546,-2.85256109501284,0.2322172330234702,0.21825220129479295,-6.013779230271766,0.403591475580079,0.393958952585584,-2.3867013000337223
BGR,2014,EU-SILC,4892,2.7991182374562147,0.5532058430790726,Y,86.37823779349195,39,0.7401326339937857,4.925471492183517,18.94357378892858,18.649826988932542,-1.5506408836526653,0.36517092587651667,0.35522134774650704,-2.7246358964990836,0.2553832812541117,0.2421378750054073,-5.186481348215177,0.5010833191906785,0.4933253297774075,-1.548243399082061
BRA,1993,PNAD,26146,1.9290805661738721,1.1049448112690234,Y,189.4101936362703,169,0.1436648029846635,4.921666164528281,9.722296188164018,9.515913007776344,-2.1227822768753457,0.5969695418992519,0.5882399344170706,-1.462320414942475,0.6774444796741883,0.6566219472192061,-3.0736884098600425,0.8523676124963449,0.8491662270820997,-0.37558740704251026
MEX,2004,ENIGH,21394,2.247902323521958,0.9399465515165298,Y,158.81531370458438,105,0.18941641324152336,4.92037476545884,12.407569254656673,12.097892618941211,-2.4958686859574697,0.5033139093259404,0.49061434896095624,-2.523188834974177,0.4532265070207542,0.4288565999346372,-5.376981864169961,0.5823219945182748,0.5716388419428575,-1.8345782360934093
SLV,2008,EHPM,16557,1.9523751448874098,0.8215191268174933,Y,82.84178015235464,61,0.3104657165624286,4.916744433801883,10.22961907259982,9.983850172611712,-2.402522501022586,0.46885679046525286,0.45581072083025076,-2.782527607642482,0.38281738341381644,0.3601185793805628,-5.929407863048053,0.514270697788815,0.5023454093773949,-2.318873788200382
BRA,2006,PNAD,100293,2.337609337654596,0.9891899555509786,Y,201.37708682175557,503,0.24884598311008743,4.915061770986065,15.221301060908033,14.974283502876698,-1.6228412869760178,0.5557801178722919,0.5484685607386366,-1.315548523334431,0.571734755897662,0.5561917669312488,-2.7185663992054576,0.6805313468432388,0.6752661752460734,-0.7736853888639872
PRT,2009,EU-SILC,4654,3.265428394411395,0.6013538151255542,Y,159.09314364483103,44,0.6493022286484644,4.907158790579884,31.261345122341535,30.760296604429822,-1.6027733801947885,0.36634150958834266,0.35607618311345457,-2.802119390298752,0.23142308915195065,0.21755424003503876,-5.992854545211646,0.37760926730114264,0.36760899575000683,-2.648312003201081
DNK,2019,EU-SILC,5770,4.131253083855672,0.4037881081224509,Y,209.05918803730265,44,0.7083324265699967,4.892891392337386,62.73976588611068,61.150811301088694,-2.532611594226164,0.2816633621340394,0.2630638617243395,-6.603450398653088,0.14621924020705812,0.12448199756731348,-14.866198599420265,0.7254022972164219,0.7183242395179694,-0.9757423881359362
STP,2017,IOF,2728,1.5240156625756671,0.6819728063390776,Y,35.5142520315446,27,0.5027214352147521,4.884496432355639,5.451494510152574,5.363754212812873,-1.6094723598510052,0.40729481561372594,0.39762949682213833,-2.3730522513584096,0.27722417190003124,0.2625834699667531,-5.281177984204666,0.39421673162943793,0.38437448644438155,-2.4966584103051304
CYP,2017,EU-SILC,4156,3.724098230649507,0.5570138505495,Y,220.33294358922424,41,0.627553296188843,4.880598053484692,46.60415921500519,45.712304177598824,-1.91368120877764,0.32881231417543244,0.315775765596947,-3.9647385503725485,0.18012635052843207,0.1635017729906676,-9.229397858221954,0.28572708463536045,0.27200830256266584,-4.801358642706999
VNM,1992,VLSS,4799,0.8682179740721795,0.5933687688205789,Y,14.130340308721548,52,0.7802340702210663,4.879751823839907,3.0294258177781734,2.9918470855100927,-1.240457252577376,0.3565455879205581,0.34850901727019756,-2.254009283141434,0.20673777486948597,0.1963076505182969,-5.045098486608756,0.31413025693088736,0.3056837603667514,-2.688851639654155
TUR,2020,SILC-C,25580,3.035935025377394,0.7716363804735288,Y,210.78616146182102,80,0.36230055600465794,4.873564322032091,25.160576485648573,24.69803904178346,-1.8383419955776525,0.43833853200718886,0.42785111173456114,-2.392538986843107,0.3338960847147874,0.3168208738572629,-5.11392964434132,0.47803778241302364,0.46829846808646547,-2.0373524195925197
CHE,2021,EU-SILC,8566,4.328413070938039,0.531811961290616,Y,373.8478718140748,52,0.618247139530089,4.873490128843573,80.13957186369602,78.54528151330592,-1.9893921483654986,0.3373792680203008,0.3239879004696893,-3.9692324988403693,0.19638587833554233,0.17904462730456672,-8.830192464932018,0.33661909261112966,0.3233453124623821,-3.9432641938946023
BRA,2018,PNADC-E1,136239,2.681334454756023,0.9648290061349887,Y,263.9663078339847,427,0.2528271125039742,4.870129791754935,21.055177806339344,20.697141713365852,-1.7004657774283616,0.5379438387409181,0.5299689157681624,-1.4824824449000795,0.5393515487239582,0.5231104931621746,-3.011218860909548,0.6667360926515677,0.660977086573434,-0.8637609605369523
DNK,2014,EU-SILC,5729,4.063499563311085,0.4184729260483269,Y,204.1629279407299,52,0.7036225263344176,4.864846841800064,58.687825156141585,57.26928869892677,-2.417088132744283,0.285437628506637,0.2677924618262213,-6.181794170842981,0.1627767192722933,0.14168207411603628,-12.959251943743777,0.985243000519773,0.9848776188967538,-0.037085432002703644
CZE,2019,EU-SILC,8409,3.5127825709979383,0.3659318808783138,Y,100.5422677423188,141,1.341107233259819,4.855971846767172,37.61908989426526,37.140697105165394,-1.27167560524315,0.24990340808245914,0.24031558664600738,-3.8366109170020257,0.10596820561795717,0.09666536984458851,-8.778893366287422,0.19418996104443875,0.18449308250795626,-4.9935014582259685
CRI,2009,EHPM,9028,2.662077191236235,0.8912130858311221,Y,207.6214456557228,49,0.3570586258403509,4.8455254932214915,22.78222368358239,22.419635507879857,-1.5915398809986492,0.5040620035881829,0.4960665780349762,-1.586198820044149,0.45435576626625185,0.4395228482329858,-3.264604333110621,0.6026280352952542,0.5962175470288622,-1.0637553998381843
GEO,1998,HIS,10988,1.5866835167538993,0.7480512922665726,Y,46.10112686147395,31,0.14624657443000733,4.83514794627546,5.7545603016648705,5.543740116230276,-3.6635324748200415,0.4125000826434033,0.3901663033462498,-5.414248441850756,0.3237625739559553,0.2872488854724058,-11.27792135990272,0.550826350504648,0.5337554256293751,-3.0991481906472274
PRT,2007,EU-SILC,3909,3.1916990999134587,0.6274648837358227,Y,159.82728303142576,39,0.6921761423451792,4.8185721816239955,31.310593009780746,30.908155807211976,-1.2853068686468405,0.38060779839531744,0.3725767358754831,-2.110062524649814,0.24455318945743576,0.23343255556444742,-4.54732727782472,0.37906464669408746,0.37108672834033507,-2.1046326591861564
LVA,1998,HBS,5709,2.0794497670869863,0.5581046850194679,Y,42.68142535278141,34,0.8902316733868689,4.81341247523511,10.217715694562107,10.105858459779434,-1.0947381795150646,0.33264852982470006,0.325306736291498,-2.207072292509782,0.18915930734359865,0.1802128219405108,-4.729603596420972,0.3174982133015448,0.3101338200131435,-2.319507001888854
LVA,2014,EU-SILC,6029,2.8473745185428174,0.5318027584958412,Y,85.01118142627465,59,0.927464342951402,4.812909407883522,21.74383544799155,21.485772741330873,-1.18683158395827,0.35393357758085464,0.3462235427920888,-2.17838466795498,0.2284487070378467,0.21883506183529366,-4.208229202610614,0.4621947376451415,0.45587513390790124,-1.367303264731734
CRI,2010,ENAHO,10946,2.709903087687371,0.8473272019821134,Y,190.92576615669205,60,0.3572503016748349,4.804903337344052,23.223044946708576,22.789282960601042,-1.8678084079969515,0.47952509237311824,0.4696552499339913,-2.058253592170145,0.40493161175475256,0.3876535583284033,-4.266906540458915,0.5550047899477281,0.5465635248939672,-1.5209355318457463
KEN,1994,WMS-II,10464,1.3500753811827493,0.771957798202841,Y,39.09320926384076,41,0.29793565248788345,4.803213130684142,4.7227346509699375,4.612364248185858,-2.337001990179821,0.43108571486898806,0.41750029868143446,-3.151441979858316,0.328539660845071,0.3064416944424322,-6.72611834619855,0.479838085765521,0.4674260508580431,-2.586713159226628
CIV,1985,EPAM,1583,1.9440912012427987,0.8383457121859882,N,86.41215405078752,15,0.3448312897309734,4.802618079532519,8.97897179616381,8.845722218622766,-1.4840182213065156,0.45526268071108245,0.4470948098475237,-1.794100682885147,0.3667627466127532,0.3530443061154085,-3.740412739309462,0.5431906602056472,0.5363315496290001,-1.2627445718691677
SLV,1995,EHPM,5277,1.8412815300301033,0.9213577436025654,Y,100.01845918846944,29,0.27046611420409306,4.800413450161809,8.936353996404758,8.777888097261132,-1.7732724017801904,0.4959270313191878,0.4868480404261145,-1.830711036041488,0.45699175363798217,0.44015733876159424,-3.6837458755817565,0.6409635982282909,0.6344909722888417,-1.0098273844786787
EST,2015,EU-SILC,5595,3.14233152122576,0.5312107786071961,Y,113.97325972306668,54,1.0778787570851,4.788268506737376,30.657889587440735,30.418401070807363,-0.7811643914703126,0.343903390887355,0.33877969551281883,-1.4898647440828583,0.21065257096486745,0.20460268946634486,-2.871971355873737,0.46368019353701817,0.4595790451562929,-0.8844778012709886
LTU,2020,EU-SILC,5107,3.4289303644437314,0.5455742281601191,Y,158.48390603081046,49,0.7939636060844204,4.787962569531392,38.4635057365239,37.88019201431524,-1.5165381081079121,0.35124525107958326,0.3412978547028259,-2.8320372577801844,0.2153739642355812,0.20248457281866905,-5.984656252514076,0.410637515783115,0.4017134691721148,-2.1732175624483374
PRY,1999,EPH,4291,2.2577042800216143,1.1572702500572025,Y,307.81994879150415,11,0.10342484500201009,4.7868949768645574,14.583018284069865,14.203306819277365,-2.6037920092803257,0.5449025142812738,0.532746723177929,-2.230819419025476,0.5645277449853907,0.538759494892767,-4.564567520643403,0.6878241592800225,0.6794803157683142,-1.2130779937189362
HUN,2022,EU-SILC,6601,3.40947588125389,0.44852607229706,Y,116.16993757254578,72,0.8809189208316693,4.782238964450746,31.055093723773105,30.593327891663023,-1.4869246128102809,0.29072778800041765,0.2800661285325734,-3.6672309658369984,0.15235976594248601,0.13989785307793756,-8.179267530020152,0.3056802009466315,0.2954457348909203,-3.3480958282600892
WSM,2008,HIES,2009,2.1689897204001363,0.7243125268991458,Y,76.8555204192982,27,0.4893234151334319,4.776626930295531,10.775026935246649,10.636416154145342,-1.2864077457466983,0.42046548562457653,0.41293990958522653,-1.789820162806277,0.29064499910697306,0.27903766761018955,-3.993645695762127,0.3948535852471793,0.38702185740738804,-1.9834511151490708
THA,2011,SES,39925,2.478870385847452,0.6288175055999332,Y,78.67480014189813,316,0.5668228899246898,4.772187706278661,13.974326794236289,13.75339246473332,-1.5810015949683787,0.37459033380539,0.36458373356295104,-2.671345023984961,0.2296843006035001,0.21570160198658606,-6.0877903192226075,0.33717843360571553,0.3266479232554814,-3.1231268968252346
COL,2011,GEIH,186554,2.417200691184571,0.9525001666585209,Y,195.33210083296206,677,0.22324474020307672,4.763700833612629,14.311219063237962,14.065544042460123,-1.7166603326541074,0.5339683666629083,0.5258449968887038,-1.5213204154718607,0.5170430705269884,0.5005621030545924,-3.1875424721577006,0.6475722676861032,0.6414223188008192,-0.9496930600902509
SVK,2005,HBS,4402,2.7162986733688004,0.4793250347958367,Y,63.70568326036368,42,0.651707162768652,4.761028254134924,15.739476159744871,15.405289753625087,-2.123237156866098,0.29834424990203134,0.2831611678891577,-5.089115013230316,0.15149236266608224,0.13260700457373442,-12.46621133896677,0.24609183421977432,0.2299843837358928,-6.545300674014487
IRN,2019,HEIS,38290,2.2214664475213266,0.5955075106845966,Y,55.036080518252284,218,0.7189010637664482,4.760855334216359,12.238540639704702,12.051536393130158,-1.5279946529560773,0.3648225761985989,0.35501754179812783,-2.687617225512251,0.2224770171675221,0.20946203842355127,-5.850032920106418,0.34721583838043457,0.3372628981511189,-2.866499487967067
MEX,2010,ENIGH,26637,2.2169558655867854,0.8689194580039643,Y,124.42638297340214,161,0.3083943950531604,4.759568125175086,12.769867754009036,12.545801189819564,-1.7546506236850279,0.47647309011773475,0.4671465095048468,-1.9574202208530567,0.39827964510298974,0.3817683798130811,-4.145646279673432,0.5360965793403324,0.5278309385115334,-1.5418193563126015
MDA,2001,HBS,6212,1.3054167853631602,0.6387393434345054,Y,25.069070007906443,44,0.6370670750586591,4.757691150222697,4.37684814552901,4.328318019694267,-1.108791628613326,0.37989193516777175,0.37297929126650686,-1.8196342857902614,0.2419992889479372,0.2324267518444092,-3.9556054669182994,0.3704106165755555,0.3634439352853108,-1.8807995717432857
COL,2015,GEIH,193802,2.5451991882085103,0.8941089065663534,Y,186.33123214254874,826,0.26045193122523863,4.753710599439684,15.631415249745812,15.373646298767264,-1.649044228306451,0.5086030053204454,0.5003832751090735,-1.6161387418843653,0.4663766098681026,0.4506965090655668,-3.362111321785699,0.6145662370248131,0.6081127075768605,-1.0500950197321002
GNB,2002,ILAP-I,3212,0.8160082261397519,0.5861939697409191,Y,13.125936198750962,27,0.5860683737408272,4.750725692523577,2.590980589875193,2.5448171701219717,-1.7816968576922165,0.35569745942473185,0.3440580101464341,-3.2722891237745078,0.21252574643902078,0.19690466519126215,-7.3502065088573705,0.33242327181472064,0.3204681650150146,-3.5963507411627016
TGO,2018,EHCVM,6170,1.1943776935590793,0.7294070552132977,Y,29.4472008840669,49,0.49238693056868554,4.74989813235585,4.547872698886187,4.476847547071323,-1.5617225133029544,0.425342369558385,0.41625955065003784,-2.1354136240359645,0.3033799129876984,0.28932223622740283,-4.633687386173646,0.42707897937996686,0.41805487975530764,-2.1129814531636315
COL,2018,GEIH,183699,2.581997876627543,0.8730913177176393,Y,181.5029359814595,860,0.2673200069958573,4.749270709140282,15.552219651544261,15.298796300175633,-1.6294995637067489,0.502697510610672,0.49447812851981343,-1.635055260344087,0.453278064990005,0.43778204760819595,-3.4186559153597584,0.6001545933914876,0.5935408990871835,-1.1019984479215372
ARM,2010,ILCS,7869,1.8467740934541275,0.49775044199988727,Y,28.219844029312828,63,0.6924332580767184,4.7451682468453615,7.118401438339341,6.976024899040619,-2.0001195567854624,0.2999258234894062,0.2856853571498379,-4.747996079127647,0.14875529768469953,0.1314183603829726,-11.654668822937753,0.23606273947987932,0.220766105442866,-6.479901940779231
CZE,2018,EU-SILC,8342,3.4833286512205284,0.3646353090792803,Y,97.24509833062494,143,1.275164767861183,4.742980367607363,35.919323402768875,35.45571217798224,-1.2907014410825313,0.24852209750894705,0.2387529009387741,-3.930916674249152,0.10567451843480224,0.0959365829541694,-9.215027070732129,0.19320859804192947,0.18326298452480239,-5.1476039979176935
MKD,2006,HBS,4211,2.277181499548187,0.7367313581789694,Y,88.88785989514592,14,0.420725769534388,4.733656582616374,13.701883936464212,13.427257938129818,-2.0042937132429217,0.4264250322881006,0.4147176336904156,-2.7454763935563897,0.3166403769339978,0.2979971326020179,-5.887829124163169,0.4602974573191366,0.4493077972829771,-2.3875126532667545
LVA,2005,EU-SILC,2944,2.4251372589818354,0.6196873714046622,Y,72.5444424378255,24,0.5280094109990123,4.729278208990012,14.00364104083138,13.72441137985064,-1.9939789956524234,0.3614066144713697,0.3484722009297181,-3.5789089141522235,0.23950502206771063,0.22194211839925115,-7.333000167108916,0.4549902505531729,0.44401122335063636,-2.413024716285306
ECU,2005,ENEMDU,16241,1.963259047148148,1.0116129303605763,Y,148.13112159067427,52,0.23821519777288336,4.722003580752324,11.378641944605594,11.194212908800747,-1.6208352165636208,0.5299105921186714,0.5221813797384167,-1.458588013753792,0.5219636910025705,0.5064433442248648,-2.9734533350192716,0.6679596006735431,0.6624943372437082,-0.8182026913489904
ECU,1994,ECV,3062,1.9460768619358715,1.0217644119094005,Y,150.1102610403143,17,0.18063438050735758,4.720925183976762,8.352364827390954,8.229206672905185,-1.4745303519534958,0.5312243413032635,0.5242236380008394,-1.3178430953011522,0.5332015222463342,0.5189668439008979,-2.669661985484739,0.7074819297655363,0.7031064744136222,-0.6184547149301944
ECU,2003,ENEMDU,16510,1.7949837622171991,1.0075798750927296,Y,123.68319131370022,50,0.25507056226980596,4.719557243638365,9.770557288506259,9.624909655769821,-1.490678867496864,0.5341881930038539,0.5271525362767164,-1.3170745477496415,0.5286500885350294,0.5143612911541144,-2.702883758236263,0.6754002871113622,0.6704929651147091,-0.7265797913177385
EST,2005,EU-SILC,3748,2.5872143478709564,0.525389090406407,Y,64.28855483725589,25,0.9065981868926835,4.714499820535669,17.10489865885264,16.881327114812297,-1.30706149448383,0.3340386354096948,0.32528423477526136,-2.620774876443943,0.1980693758538612,0.18762895832746995,-5.27109124335019,0.3806187887915897,0.3726425826824863,-2.0955891679511507
PER,2010,ENAHO,20892,2.0699386733469893,0.8743651887190933,Y,109.18396801729354,72,0.3531856072163745,4.6984165842988945,11.65998212874286,11.49776965510453,-1.3911897277995022,0.45537925552063496,0.4477180404088247,-1.682381228159202,0.3745758786049893,0.3616282307694667,-3.456615488360526,0.5338259659430086,0.5272686213217381,-1.2283674904585817
COL,2008,GEIH,198215,2.288041115721165,0.9713873358331527,Y,181.67204720897507,681,0.21418121360253572,4.684762140381693,12.687591572306339,12.482315481289426,-1.6179279562007376,0.5513871034112543,0.5440237998500522,-1.3354145419157804,0.564951179913918,0.5493917268059476,-2.7541234820221416,0.6887682454306372,0.683653766873312,-0.7425543484699149
IRN,2020,HEIS,37526,2.2000494993952016,0.5884485778134838,Y,52.741110289447235,195,0.7714540203183761,4.67947403200059,11.959548828879267,11.806778262775921,-1.277394057996939,0.3584295704445354,0.35017454617764554,-2.3031091593954445,0.21512748942772353,0.2044579212880797,-4.9596488891432315,0.341863713361503,0.3335205687577454,-2.440488498097837
PRT,2008,EU-SILC,4077,3.268855829747721,0.6063557370012033,Y,162.05293494066723,39,0.6839233511750711,4.672481453411382,31.540647955167092,31.175234892499898,-1.1585464673604773,0.3675018325880226,0.3601200757023212,-2.0086313131332134,0.23149891739075423,0.22152809716405475,-4.307069915955342,0.38008592808040464,0.37292019598253434,-1.8852926584418173
SVK,2008,HBS,4700,2.8504497592246287,0.4222585372155224,Y,61.38867493765817,55,0.79374984519297,4.650732256555809,18.0000274642645,17.65016689307872,-1.9436668742887298,0.26874395824052977,0.2543072396150434,-5.3719230452672235,0.12159535154985335,0.10535279587071589,-13.357875504375771,0.19932757090383313,0.1839068330721907,-7.736379750035816
DNK,2021,EU-SILC,7767,4.127852090374811,0.40593885672294183,Y,209.69805454574353,54,0.7197563479071316,4.6350116429471075,64.55711610137767,63.07420131275869,-2.2970586020141903,0.27461063135506025,0.2576217072836,-6.1865500208891255,0.13568233070368851,0.11626067167826992,-14.314066485070054,0.3356710705486343,0.3204001250234929,-4.549377907420493
BRA,2019,PNADC-E1,134480,2.698000725469692,0.9645445013664438,Y,268.1735188965021,410,0.24257841821425297,4.631937712290667,21.162451005870626,20.832750537093304,-1.557950299262878,0.5340431061366633,0.5266845188918796,-1.3779013641832427,0.5346058229207116,0.519722105596705,-2.7840544726378758,0.6687126134364599,0.6634750374592948,-0.7832327179009946
NLD,2020,EU-SILC,12140,4.109394887793686,0.4551154754836952,Y,238.58873943874156,106,0.6423469940236525,4.627628379068868,62.71479774707778,61.34515756452205,-2.183918679096042,0.2924833281034718,0.27674475434222545,-5.381015684996071,0.153382621961474,0.13456918742015134,-12.265688446796897,0.3020440732658889,0.2867510729996301,-5.063168464423528
IDN,2021,SUSENAS,336378,1.7568452276520317,0.6136872956350548,Y,36.52171862892526,2040,0.598280292509807,4.618307150125065,7.2603367120857545,7.143534307631085,-1.60877393276041,0.35504763215410795,0.3445431905242641,-2.9586006717218227,0.2058727758968124,0.19179338723798023,-6.838878330318455,0.3102824963999261,0.2991581862715248,-3.5852200035360937
CRI,2012,ENAHO,10716,2.7528116302357857,0.8593017252951564,Y,206.58600320756972,41,0.35693163038034315,4.593504154149261,24.725566031582144,24.327166918170864,-1.611284097206922,0.48363432174859433,0.4751987685174949,-1.7442007011827632,0.417342688103707,0.40231865982386283,-3.5999260818751377,0.5705883507107563,0.5635757594637603,-1.2290105885023328
IRN,2015,HEIS,38201,2.3019913498689455,0.5894287292601816,Y,58.57321660909794,188,0.7224763471219405,4.584196106872253,13.135001865026442,12.956045256641533,-1.3624406773888875,0.352640503544981,0.3437412699347139,-2.523599393945397,0.20755771501221032,0.19600533339693627,-5.565864711217527,0.32782721715928465,0.3187144027460681,-2.77976139143713
IDN,2016,SUSENAS,289301,1.6013757533827064,0.6378467938292894,Y,33.61310883798983,1958,0.6270310939753588,4.577986759738098,6.203846033282053,6.13059942734984,-1.1806644707051617,0.3688569890936111,0.36135056240337093,-2.035050686903239,0.22154959077669134,0.2113240961488283,-4.6154427963578275,0.32837745882522307,0.32046466987765365,-2.40966264124145
CZE,2020,EU-SILC,8356,3.5630886725646125,0.37402401544693775,Y,108.32768121552832,140,1.298640215201958,4.573629474406775,39.36648854188402,38.972798051354076,-1.0000650429135227,0.25262196861676345,0.2451381652600524,-2.962451522996501,0.10715224327078365,0.10004396253362913,-6.633814206942212,0.19449685446892928,0.1869444232859767,-3.883060835906249
MAR,2013,ENCDM,15867,2.1935552142560883,0.6631498546593749,Y,65.56255848687013,158,0.5037957774812997,4.564965651072566,10.565215798526243,10.413218727627386,-1.4386556204565082,0.39548508699900053,0.38669442028579293,-2.2227555481073913,0.2588665363958995,0.24603312383032305,-4.957540184317056,0.3722544745650602,0.36317344492641,-2.4394682291624337
HUN,2018,EU-SILC,7248,3.127944908253494,0.4478541010578026,Y,87.48848733798742,53,0.7711545739326434,4.557875293911291,24.20183248476717,23.773414613041542,-1.7701877409294409,0.3054543445500719,0.29299053770891026,-4.080415637734857,0.17485520466503202,0.16001705461699833,-8.485964187602502,0.4945172137156931,0.48556272136803,-1.8107544286236288
BRA,2003,PNAD,92629,2.161690669852348,1.0295310095902441,Y,190.62033951617698,396,0.21801078013847391,4.551498929023656,13.42771172104076,13.232122455147033,-1.4566090630858897,0.5747458398277828,0.5684743266969112,-1.0911802567811213,0.6252241343244458,0.611272479453917,-2.2314645428080704,0.7235169422162281,0.7194331531799476,-0.5644358546423645
IDN,2005,SUSENAS,10571,1.1994818486041146,0.49372952022227423,Y,14.594874556001217,127,0.8220593122886156,4.549234216378726,3.7595270987007723,3.7084759309570963,-1.357914610093336,0.29903620995785996,0.28943664984801576,-3.210166458168051,0.1458068789311857,0.13465133874795288,-7.650901154326029,0.2325674254751643,0.2223027133873271,-4.413649962743104
BRA,2011,PNAD,92784,2.601942679514644,0.9457704228857524,Y,230.27032576374583,461,0.24209207694668566,4.546029140917052,18.420032593057233,18.140118757843783,-1.5196163948100305,0.5282450166128493,0.5209799721411582,-1.375317181082969,0.5154140610609153,0.5008995434188086,-2.816088799019245,0.6535866721827728,0.6482470937459803,-0.8169656243080858
SLE,2018,SLIHS,6807,1.243373631079273,0.6275695815749659,Y,22.784543190126765,100,0.5205213322980417,4.537136317230232,3.8859947581127416,3.8282802864280154,-1.4851917019248817,0.3569017758418722,0.34723283599337007,-2.7091318964986177,0.20821575452983,0.19486643470351406,-6.411291910383965,0.3049024180814385,0.2945216106106954,-3.4046327136606824
DNK,2013,EU-SILC,5385,4.05322023373619,0.404325257896272,Y,193.6778104203118,39,0.5422464697677049,4.532698896131447,57.29247647502612,55.74579211600378,-2.6996290860223926,0.2779075050802945,0.25790134022240774,-7.198857350796073,0.14183120216807765,0.11699481526655164,-17.511229208995594,0.2535106214452857,0.2330662852703732,-8.064488997880082
BOL,2015,EH,8240,2.8434223061034514,0.8545532823401943,Y,222.98001600653265,40,0.26753543845946404,4.530774295263735,19.82189610853385,19.520361298314576,-1.5212208184738452,0.4672943607687746,0.459080349990143,-1.7577808482683643,0.42532515878028443,0.4108647944405792,-3.399837522232063,0.6598815844945058,0.6546343425974288,-0.7951793201043222
ARG,1991,EPH,758,2.9786210040473287,0.9462803137828668,N,336.11788458028326,5,0.14350004991933535,4.528718369737621,22.915131376067528,22.35969894415057,-2.4238675432472157,0.4651880276204303,0.4519270904206907,-2.8506617566176673,0.3744632837625943,0.3509548620595795,-6.277897653089781,0.4981846026404614,0.4857314740386992,-2.4997016238074266
TUN,2021,NSHBCSL,17380,2.529025472724053,0.579610491160633,Y,71.36852502736531,92,0.36301394252560926,4.524248090316422,14.543299408714603,14.14440215937105,-2.7428249816855654,0.33716426296832736,0.31850793717859904,-5.533304634803738,0.19452204059504652,0.1692120623444211,-13.011367849731437,0.3060933253756396,0.2866757766682697,-6.343669429426646
ARM,2016,ILCS,5183,2.0979397111985048,0.5294795873989316,Y,39.90008576512151,23,0.3666951146941474,4.523066626734753,9.04117165788907,8.778545105224765,-2.9047844969865566,0.3254794832457276,0.3053553908351846,-6.182906587494463,0.18075644763493814,0.15438823388789435,-14.587703007030727,0.2869408164701093,0.2658211117688175,-7.360299925644009
COL,2013,GEIH,187929,2.4826723192104776,0.948507741829363,Y,206.06580194446954,587,0.2182922035284579,4.52149661437586,15.242745500346585,15.003370858393653,-1.5704168382755457,0.5251834193605969,0.5176229172217919,-1.4395926946836557,0.5027068523055482,0.4876608783285876,-2.992991622842567,0.6489131598075123,0.6433171000977216,-0.8623742060417827
ECU,2000,EPED,2771,1.729467990960693,1.170064845530119,Y,188.60644218655267,18,0.11217377667076783,4.511656529831665,6.62453683161848,6.537227452328687,-1.3179695654052526,0.5589333862995002,0.553050266117021,-1.0525619558046428,0.5726315953300327,0.5597049573260904,-2.257409145664091,0.6709990594810151,0.6666060581539297,-0.654695601284927
BGR,2013,EU-SILC,4797,2.6477553213880576,0.5498653843535944,Y,73.50485617532637,33,0.6424896128181887,4.511188045832775,16.969510537616774,16.676245072650897,-1.7281904761824896,0.359381233131975,0.3481606114085827,-3.122205805129452,0.24157693803375446,0.2266079602716049,-6.196360415851454,0.4577317546573608,0.44831939978015223,-2.0563036716240712
TUR,2018,HICES,11763,2.909184621535749,0.6924740338019378,Y,146.43867248195156,79,0.5044366348145913,4.502621057922138,22.545924728669434,22.269457485668205,-1.2262404240606428,0.418775203502481,0.41158878472922156,-1.7160564219549923,0.29553286253444444,0.28462450750521073,-3.6910802188580116,0.4231031319571512,0.416000095114748,-1.6787956188238695
BRA,2016,PNADC-E1,135445,2.64545836521449,0.9394837908746533,Y,236.0183928605244,453,0.2676448991147001,4.487580267279619,20.382351703372112,20.099368499787744,-1.3883736661140622,0.532661770460521,0.5260970723334697,-1.2324327539736335,0.5219355365755396,0.5087700986056505,-2.522426055958671,0.6471968373419845,0.6422364228335308,-0.7664460365452319
COL,2009,GEIH,170083,2.316641793123962,0.9670702669989837,Y,184.5374814098236,640,0.20566244383133958,4.483658853951159,12.786450454189344,12.592673930346253,-1.51548331992013,0.5414450785139422,0.5344031763504873,-1.3005755233351124,0.5381711162515761,0.5236320970584827,-2.70156066612407,0.6725800021492772,0.667545823901571,-0.7484876492936277
BEL,2006,EU-SILC,5532,3.890049762748508,0.48786234751781477,Y,211.3756337207882,41,0.4401171080811202,4.477059752859566,52.86574953377752,51.42921866467329,-2.717318645385669,0.2929330776194379,0.2731978269451927,-6.737119220071186,0.15732844837128113,0.1314476128328872,-16.450194358567284,0.5526491592638004,0.5402059659344017,-2.251553833172315
CYP,2008,EU-SILC,3234,3.8039172237130434,0.5343718550541194,Y,222.96900903725998,25,0.5295533247740928,4.474025443328444,52.78881101236402,51.607765977012946,-2.23730183101577,0.3111327233210568,0.29542213207357615,-5.049482124472304,0.1612060442634915,0.14153156380740306,-12.204555074827395,0.26073267841049863,0.2440814784983596,-6.386311072953932
EST,2014,EU-SILC,5729,3.0531911662155187,0.5364586778525164,Y,105.90761947894511,58,0.9826906905096849,4.473004986352353,28.381987916321208,28.153204498758246,-0.8060866569229996,0.34867863947366196,0.34342583715510344,-1.5064881308725186,0.21759816875543514,0.2113251945971717,-2.8828248850355953,0.49530177577346945,0.49130802353802916,-0.8063270577222559
LVA,2007,EU-SILC,4236,2.6356579385775234,0.5832597300582381,Y,80.2733053144349,30,0.7436895997780726,4.45687414415654,19.00019055510694,18.750360197937454,-1.3148834294313794,0.3545109250268369,0.3459624371042884,-2.4113468215122946,0.22751315204283395,0.21663016969670812,-4.783451966801855,0.4921112041915291,0.48545956207213314,-1.3516542730059755
CIV,2021,EHCVM,12959,1.47666034676437,0.5877201293371035,Y,25.529144849246357,89,0.7418887555792296,4.4551355464799265,5.5384184301337,5.4810722369721105,-1.0354254357088255,0.3527536237994725,0.3460226303503413,-1.908128788765473,0.2027055976876473,0.19410899058000441,-4.240932271090781,0.312746038044473,0.30571143085480745,-2.2493033752405855
CZE,2011,EU-SILC,8249,3.3949923205196093,0.38692163869391993,Y,95.17880082601626,110,1.000639928939344,4.439411905192672,31.80845820697815,31.34874681143009,-1.4452489100751365,0.2662351377291474,0.2555421238757185,-4.016379635173239,0.12319698658063549,0.11206952083190469,-9.032254812050622,0.223980466587827,0.21313418083297164,-4.842514135312925
SYR,1996,HIES,28572,1.8840875974948355,0.6088253634938164,Y,40.876841818263415,222,0.46251585656788174,4.436536129662264,7.433380188213411,7.292657465581805,-1.8931188647493102,0.3516938219098359,0.3392172231178189,-3.5475740586696003,0.20394290287703276,0.18682139239074202,-8.39524702490586,0.305128392625418,0.2918447351694834,-4.353464894445902
LVA,2015,EU-SILC,6026,2.9137903796247464,0.5487861968702931,Y,95.59771998423165,66,0.7999091277962429,4.434405166098861,23.81184532008767,23.520626509189192,-1.2229997590854746,0.35062535704619224,0.342626761757334,-2.281236975055545,0.22324268757351318,0.21316198971628397,-4.5155780763970865,0.4462608434453559,0.43953885539761406,-1.5062912524085093
COL,2016,GEIH,191260,2.5371457264779336,0.9059908643476016,Y,191.54414792545072,761,0.24088430981468725,4.426958597154075,15.404122057979498,15.183587750938312,-1.431657748563131,0.5043496852043841,0.497165698618,-1.4244058828891348,0.45857250384133197,0.4449504576657448,-2.9705326990779324,0.6169050098106446,0.6113480061199077,-0.9007875770765006
ISL,2004,EU-SILC,2847,3.7901387826927806,0.42209159005014885,Y,157.02633856575477,28,0.8099385767849671,4.421000867055898,47.62756048281187,46.79376251266621,-1.7506627710788703,0.268360370352303,0.2553846161510449,-4.835197605452524,0.12635463936956093,0.11209993090006432,-11.28150777891469,0.22912370823905814,0.21583099664565752,-5.801543496115014
GMB,2003,HIS,2238,1.0846188063444244,0.8759216051517651,Y,40.9513027016716,10,0.16834528709852215,4.4111952505300716,3.305331505225563,3.228466466956493,-2.325486510129171,0.47331624190769994,0.4607998532555787,-2.644402947524882,0.38992736733491606,0.36751940438746844,-5.746701776949392,0.5213447802275442,0.5099629036867304,-2.1831764644974716
VNM,2022,VHLSS,9397,2.4319435003861662,0.615711732200823,Y,72.17391532180633,43,0.38335533234566294,4.408794281889244,14.262050702555301,13.909948779649687,-2.4688029109483423,0.36093004079546065,0.34477949115930095,-4.4747036297020815,0.22666865606588438,0.20370299109489576,-10.131822092029052,0.3590798207268505,0.3429580245243421,-4.489752771368394
PRT,2006,EU-SILC,4152,3.172905580875973,0.6498702196211927,Y,167.75695571137626,26,0.5327257655938341,4.408600582340747,30.764273826205308,30.301684397800653,-1.5036578825748714,0.384800724173732,0.3754383269799385,-2.4330508249164606,0.25756661125786806,0.24422029250864297,-5.181695983049273,0.43848617578194815,0.4299904041481387,-1.9375232568413336
PHL,2009,FIES,76689,1.6035041283174964,0.7959498459478759,Y,54.12811118567155,444,0.33135660148787316,4.406067137718725,6.988097527110622,6.859554328091283,-1.8394591449339304,0.44324851281059563,0.43283626449455015,-2.349076875638556,0.32620972309302787,0.30894713539880647,-5.291867921821103,0.4362460082493188,0.4257203575588778,-2.4127786825330566
LVA,2007,HBS,3565,2.8507936624351147,0.6129062371102376,Y,108.80011308068438,27,0.7275664267760036,4.398995953540078,22.09591644855542,21.915511073155255,-0.816464779002013,0.3604692998139457,0.3552298849291958,-1.4534982278530229,0.21874318629863065,0.2118785765404958,-3.138205067911559,0.3471723800890929,0.3418954624407813,-1.5199704673964698
WSM,2013,HIES,2345,2.18008134279638,0.6597219146956792,Y,64.02330046598831,21,0.44935648660677036,4.398850076346324,10.202586390337943,10.041482764700925,-1.5790469149037256,0.3874345503070272,0.37763867910237736,-2.5283938143583207,0.24866504165870262,0.23445768820991653,-5.713450251799346,0.3597671602311453,0.3495784252252996,-2.8320358643350363
CRI,2013,ENAHO,10545,2.743343083233017,0.9029986320898117,Y,233.30321967304968,40,0.34736657119599884,4.398834921951201,25.46865950250891,25.158752608827847,-1.216816666972731,0.49129980109131655,0.48505532421981246,-1.2710114796776528,0.4326228884596284,0.4213997022816245,-2.5942192328206493,0.5885449515933112,0.5834918282803323,-0.8585789920207532
SVK,2004,HBS,4602,2.577713936634767,0.47033115471744946,Y,53.98506319423079,46,0.7219761848675426,4.390637696228842,13.664740579689248,13.454530628353572,-1.538338398082173,0.2893738847521199,0.2783131076760065,-3.8223135047546375,0.14018151943587176,0.1272126574796717,-9.251477661527897,0.23088260119725434,0.2191429352463281,-5.0846906133461545
MUS,2006,HBS,6715,2.414619247487481,0.6001497390664567,Y,67.69880068945876,62,0.5639240161724159,4.387850128648661,13.170840019340451,12.974693094356267,-1.4892514425515424,0.3565342216468065,0.34683784532076745,-2.719620091797126,0.20992850547136532,0.19681304438730018,-6.24758465012466,0.3196939579542054,0.3095357411416705,-3.177481638232915
LTU,2008,HBS,6101,2.8153524567659525,0.6485421977630542,Y,116.86028197520253,33,0.5168931858840892,4.3795441676899305,20.90528218363417,20.593768951556452,-1.490117327005458,0.37055656677797344,0.3610730448146977,-2.5592643103685697,0.23150126427420803,0.2183534403342513,-5.679374573256513,0.35707313756704673,0.34745464860133113,-2.6937027610791753
UZB,2003,HBS,9618,0.29339876957174826,0.5835039317480755,Y,7.720742705739982,92,0.6130006266735031,4.377215038217497,1.6019452039244007,1.5791528187242525,-1.422794309337927,0.35268797255410167,0.34337680734966614,-2.6400574811229816,0.2083108998011533,0.19592790516043934,-5.944477534557413,0.32469426158976566,0.3150846126699992,-2.9595992466007193
HUN,2020,EU-SILC,5988,3.277024632700628,0.5014201072552075,Y,119.257492080554,31,0.4613320674927008,4.375975866341658,28.268662948103533,27.58180613361222,-2.429746379417619,0.2995047279839287,0.2820900576783446,-5.814489281290591,0.167927599117355,0.14557897959374033,-13.30848510970284,0.3199899469735007,0.3032120583737049,-5.24325490800035
BRA,2009,PNAD,102201,2.510451329036325,0.9569636892620473,Y,217.3138010656511,496,0.22115571793186095,4.370467701196114,17.097842330690046,16.831188550937554,-1.5595756154205387,0.5360110471331534,0.5286732542064525,-1.368963002898349,0.5319850751573627,0.5170350912745874,-2.8102261850773025,0.6759316434658941,0.6708022267160907,-0.7588661959221032
FRA,2016,EU-SILC,7587,3.9770188756933815,0.6001051004175844,Y,322.89725509750417,48,0.3968627709855989,4.3512256241383644,58.74945776843067,57.47459530198476,-2.169998694236397,0.326914946550543,0.31201864648680666,-4.556628634118831,0.18661757229338605,0.16664587192788138,-10.701939865612797,0.32246803824559545,0.30755730523378666,-4.623941365764939
LTU,2018,EU-SILC,4848,3.2623909738115806,0.6063787961458128,Y,161.01980377747387,32,0.546690259051452,4.349644391380954,32.658599275648136,32.11834592634655,-1.6542453175707017,0.3693836799808554,0.3588122704923803,-2.8619048597444907,0.24602067222664203,0.2314208925688157,-5.9343710939772425,0.4799652761403075,0.47130193665867715,-1.8049929676783094
BOL,2014,EH,8360,2.8525508589736672,0.8647701259627976,Y,232.02873850522752,34,0.18262506365345174,4.3457466672129295,20.56985559195943,20.099684409510814,-2.285729135757286,0.47806540430441014,0.46586973965392897,-2.5510452211504386,0.43686654995862595,0.414715970943218,-5.070330749174035,0.6489439356112126,0.6407386232468554,-1.264410053640297
POL,1998,HBS,31719,2.6185910258989837,0.5258901942424764,Y,66.4374968458297,257,0.6088504802436991,4.340511622470359,14.652021662486582,14.420553977907204,-1.5797661913918848,0.3231873908054672,0.3123668680833067,-3.348064630613512,0.1729677820507085,0.15939344207612338,-7.8479008134622275,0.27528576932336224,0.26385716231920997,-4.151542970144506
IDN,2017,SUSENAS,295170,1.7136430424841071,0.6202991923327936,Y,35.67822716802265,1904,0.596446022102052,4.3385175127062965,6.914279056545685,6.827103215500272,-1.2608088324535416,0.36367889766947836,0.35558675494405756,-2.225078985136819,0.21558377473396573,0.2046611031933936,-5.066555474339807,0.32456466791504535,0.31606296896436514,-2.619416033573163
CYP,2020,EU-SILC,4038,3.838534353218739,0.5151529023633415,Y,217.89059092340062,37,0.6454450182543946,4.338494479854426,51.65402390607824,50.81938089465049,-1.615833478811568,0.31118265074387963,0.29992633322691087,-3.617270271996409,0.16209280950766836,0.1484944111367712,-8.389266872602285,0.26776724349899317,0.25600369197522854,-4.393200366873429
MKD,2008,HBS,3991,2.597192033329438,0.7331138465853827,Y,121.08993973586041,5,0.4064555687491623,4.3321732407408735,18.359124629687404,18.055952348497232,-1.6513438810689784,0.4614162558131858,0.45242157691272344,-1.9493632456902499,0.362239466934668,0.3473978284902639,-4.0971897871859735,0.4960499175751282,0.4876427610496141,-1.694820667768937
ALB,2008,LSMS,3598,2.1794759202722798,0.5066049223408754,Y,40.41862474580782,22,0.6555515177423741,4.330693318584933,10.038169347242974,9.868411925985418,-1.6911193205181418,0.2998467047305624,0.28783927101524065,-4.004524153804345,0.14889338157804444,0.13425741114871093,-9.829832779814918,0.2403659430581574,0.2275440214605916,-5.334333738978769
BRA,2002,PNAD,90816,2.1890320018319054,1.0589011824339711,Y,213.94854648661624,368,0.19457122859161796,4.323962758195126,14.118099802873676,13.923920740685515,-1.3753909159123223,0.5802341714263,0.5743901961658862,-1.0071753006287931,0.6337563205275578,0.6204836153239262,-2.0942915713381915,0.7165013358619121,0.7125501108152903,-0.5514609462477393
LTU,2014,EU-SILC,5125,3.004626622297911,0.5288173760986301,Y,98.6007384167069,49,0.8025075008491968,4.320753725337935,23.759158492195827,23.523862088222103,-0.9903398053891954,0.3514896859949217,0.345041913626674,-1.834412964351062,0.21849895753284398,0.2104572624960217,-3.6804271872159733,0.4179027224235088,0.41221002266491524,-1.3622069092013467
ISL,2017,EU-SILC,2883,4.016307480020072,0.4307549913842515,Y,202.06157024936624,27,0.7680154255629491,4.316856336768526,60.771545157337805,59.699988887910976,-1.7632532900925368,0.2724110521373754,0.25939651291272314,-4.777537152967303,0.12820184517079092,0.11349039791911464,-11.475222709998945,0.22681092983170603,0.2133111337963005,-5.95200418490519
SVK,2014,EU-SILC,5463,3.1326036432675513,0.39333308161667785,Y,74.634501591551,47,0.8475972799523046,4.309353685865368,23.14627318369396,22.78141841250792,-1.576300289426602,0.2808325786981253,0.26937893163271776,-4.0784609529649245,0.1486183538749093,0.13606887977627524,-8.444094401151037,0.31236876051080864,0.30172641553149004,-3.406981210898119
IRN,2006,HEIS,30724,2.384670302107506,0.7806151682340878,Y,112.90150560539296,124,0.4386501976481346,4.301534202256128,17.034642573507025,16.797134274461314,-1.3942664075329292,0.44752037213918294,0.4397392313370667,-1.7387232596634106,0.3420655682118694,0.329555829845241,-3.657117093667861,0.47424639012683645,0.4668622954909012,-1.5570165191896135
EST,2010,EU-SILC,4739,3.0254407081369683,0.47086338608780115,Y,84.60817273681717,33,1.0461018138121556,4.294640640757542,25.22329119256764,25.02512910770817,-0.7856313569335471,0.31401022131594936,0.30861675491119867,-1.7176085485841264,0.17568777717117756,0.1697353860470625,-3.3880507909867075,0.3504118485979437,0.34547603640039926,-1.4085745722621779
BFA,2018,EHCVM,7009,1.3161385912751458,0.744760938374438,Y,34.82799113390998,44,0.3566682663979427,4.287358686588045,4.28438108884964,4.224914696268856,-1.3879809323113057,0.4301673163889881,0.42216490753765434,-1.860301456305291,0.3040674339258522,0.29120184478537525,-4.231163125352744,0.4053057354793336,0.3969716165604905,-2.056254868682461
BRA,2004,PNAD,96514,2.1955402423512007,1.0271073426235122,Y,195.7546854009972,394,0.19010834409445973,4.260587538779395,13.488447747189458,13.285906614201089,-1.501589632732736,0.5641053909968949,0.5574722917154905,-1.1758617072746502,0.5944614411209002,0.5800097209727815,-2.4310609819989226,0.7004534117304401,0.6958900549746168,-0.6514861201903144
IRN,2012,HEIS,38156,2.3890864698713785,0.5788733055740152,Y,61.911527280484165,205,0.655150292850957,4.2596710272934875,13.855308732863659,13.670731713314394,-1.3321754362027538,0.34425537464126,0.33543436847666386,-2.5623437756892797,0.1969760017572142,0.18556145968117432,-5.794889719666985,0.3129069461381361,0.30378984725719793,-2.913677370688128
DNK,2011,EU-SILC,5205,4.056700770764099,0.40518259125339223,Y,194.85360724069264,46,0.7748466543504275,4.259386517063313,58.56977407507721,57.58487767163456,-1.681577945272883,0.2719855919562745,0.25960472042418203,-4.552032128997052,0.130061603407289,0.11658564856277165,-10.361209220462463,0.2428431689432985,0.23034115562460744,-5.148184061792637
PRY,2021,EPH,3982,2.545233191655175,0.7853178232165597,Y,134.44923075862337,34,0.36887768969846685,4.257982197874443,17.322081019421265,17.08046310955269,-1.3948549807478616,0.42894046822460186,0.42088316872363807,-1.8784190576172977,0.31358539999129986,0.30075905717334983,-4.0902232113822485,0.44369672054882625,0.43586409732644893,-1.7653101453372955
PER,1985,ENNIV,4993,2.342456807039236,0.8237589744519233,Y,123.19072083867712,23,0.30502548078711456,4.256550508888073,13.350960563855951,13.158433272556982,-1.4420482359912223,0.45634982430489346,0.44840961128492474,-1.7399399752291211,0.362946674222385,0.349394015429652,-3.734063363927964,0.5075121559442348,0.5003246803535825,-1.4162174258230187
MDA,2021,HBS,4078,2.371847461363453,0.39945887429131743,Y,35.52455275209728,43,1.0641360377387357,4.254547237537472,12.111857095027329,11.974581981656932,-1.1333944274058205,0.25731638291090886,0.24885199046287765,-3.2894883537057384,0.10817174612448088,0.09962607302796256,-7.90009720901077,0.1844591362507556,0.17561968712749254,-4.792090705253349
SLV,1998,EHPM,7388,1.9017124946616693,1.0229068072659069,Y,144.08925247952413,20,0.16040162652037399,4.25187776930427,9.205235136882475,9.04496129510339,-1.7411162169765682,0.5344644005576613,0.5262262424103739,-1.5413857571602074,0.5953442239471127,0.578434472205956,-2.840331872046331,0.798673412864086,0.7951071914270147,-0.44651811111160455
IDN,2019,SUSENAS,312827,1.733036591752749,0.6231399880789252,Y,36.688250575272136,1692,0.5233469353344343,4.250468374876892,7.039734002425015,6.9325191699899875,-1.5229955052008304,0.35359861414012883,0.34363645085191596,-2.817364913162501,0.20445725621175703,0.1910499501530536,-6.557510507143583,0.31050664628082525,0.29997684884056997,-3.3911665229645505
BRA,2005,PNAD,98891,2.2507717603274293,1.0305490879493064,Y,209.01771814299497,397,0.1879461590368292,4.24547703612949,14.170244207725885,13.961490516879598,-1.4731834383804765,0.562474665257885,0.5559443000960227,-1.1610060977356729,0.5881477332197664,0.5739625004666253,-2.411848580200282,0.6929794842849528,0.6883920620730852,-0.6619852846871943
SLV,2002,EHPM,15562,1.98762488375054,0.9447543411095015,Y,124.19934640911423,29,0.1217726989966152,4.243070670436385,10.293977268006865,10.008437433985211,-2.7738533570410784,0.5172344597372681,0.5034778306502233,-2.659650537211411,0.5206732634253246,0.4935931453983622,-5.200981100664159,0.6971781381035564,0.6885433294667583,-1.2385369197442486
SLV,2000,EHPM,15259,1.9885291903774533,0.981419948797978,Y,138.76599659715632,23,0.13079213741424026,4.2339320451108975,10.646612040090979,10.377336734160526,-2.529211216830929,0.5139421886396018,0.5013426819795824,-2.4515416205410423,0.5034528954287769,0.4787293760504592,-4.910790980209057,0.6781809874936287,0.6698346000882955,-1.230702063202782
MLT,2020,EU-SILC,3792,3.8246256518990576,0.4914083687474275,Y,200.10670677437892,31,0.7316231715554598,4.223731657548749,54.54950689008413,53.709509133128805,-1.5398814853595288,0.3104208210122529,0.2996825050041976,-3.4592769818205693,0.17419059387973013,0.16131833464198664,-7.389755641243834,0.9853347625104298,0.985105519312587,-0.02326551407347832
PRT,2005,EU-SILC,4333,3.1826490263553673,0.6482204096255262,Y,168.56311598446268,26,0.5275049386198389,4.214157549215436,30.854955426023203,30.44385775413992,-1.3323554230013968,0.38938836182737,0.38117615219181866,-2.10900233304665,0.26371580330940914,0.25206660436913353,-4.4173306241370724,0.4502502176360923,0.4429020315089678,-1.632022781844289
BRA,2008,PNAD,99951,2.464713936538121,0.974241623719958,Y,218.64268187178183,450,0.20043803145317157,4.213316066647309,16.590375439397377,16.329613572952358,-1.5717659157114983,0.5395372019483505,0.5321974227078561,-1.360384272667281,0.5383771042348511,0.5233093735385816,-2.7987317026945124,0.6764325464272016,0.6712701670864134,-0.7631772551535243
UZB,2000,HBS,9704,0.3196363678583132,0.614366926123207,Y,8.694904341802772,78,0.5200837378127466,4.2111978487422075,1.5871867270338604,1.5655679372295794,-1.362082320627911,0.361028142152213,0.35223054561859346,-2.4368173852525876,0.22365451145829524,0.21152046208060582,-5.425354176212116,0.36264794089888697,0.3539358787200725,-2.402347068956212
IDN,2020,SUSENAS,331232,1.7640649480738946,0.6058536621705128,Y,35.931916322319594,2125,0.5674400262608452,4.20110756896634,7.220551180282213,7.121100133541683,-1.3773331738456407,0.35335615079596594,0.3443586127515206,-2.54630859663193,0.20337077979498352,0.1914033453863142,-5.884539765611163,0.30893741409345366,0.2994258538798962,-3.0787984166528393
IDN,2018,SUSENAS,292930,1.7131508007426683,0.6365017942700175,Y,37.4368750863753,1719,0.5217840592559541,4.199755488881489,6.965341495088197,6.86815382981316,-1.3953036666410568,0.3633864414350517,0.35440824678972316,-2.4707016062219367,0.21624105494205126,0.20394100579145924,-5.688119286084792,0.32562618150152955,0.31619629995769405,-2.895922404136053
FJI,2013,HIES,6015,2.229046331719789,0.6365606305330804,Y,62.72300105300132,43,0.4030759093287772,4.183181233945391,10.72251639281073,10.526795406112635,-1.8253269990738619,0.36696596738903764,0.3552242115202523,-3.1996852330279935,0.2209678721602324,0.2043736379418184,-7.509795001501784,0.32388980372618614,0.31141791942133545,-3.8506566620400084
NLD,2018,EU-SILC,11502,4.086914351267637,0.44308502299376834,Y,225.0155295959225,103,0.71268139610056,4.1763309996749545,60.27203205327985,59.358516312271995,-1.5156544584398857,0.28535819426835096,0.27440335567357244,-3.838978103595858,0.1462069930894545,0.1335723413231058,-8.64161932296794,0.31276081413238965,0.3024309346826636,-3.3028048857020487
COL,2001,ECH,11339,2.0245991696098176,1.0492004907076635,Y,176.3023892917899,56,0.14192513047976685,4.173742775379874,8.600685986031547,8.491932872097765,-1.2644702307514577,0.5619773600960536,0.5563769143620978,-0.9965607392081743,0.5975787889799826,0.5853113272886459,-2.0528609645393048,0.7318543756568365,0.7284216095831217,-0.4690504269560303
BDI,2006,QUIBB,7024,0.5882010280035319,0.5810189627361775,Y,10.290878457402057,106,0.6262907339182526,4.1724984707423065,2.009710670474213,1.9903063416998303,-0.9655284742954628,0.3335986357644952,0.32713661438438757,-1.9370646901174737,0.17742762126098266,0.1692692376384638,-4.598147438677824,0.2630955006862137,0.2560501080030194,-2.6778841389602848
MKD,2004,HBS,4070,2.6065513586483373,0.6480356954894182,Y,94.69473908049251,18,0.4599804460309137,4.172366001209354,15.421479971212491,15.21361666720057,-1.3478816845072128,0.38432551724046926,0.37593793209750137,-2.1824169269822002,0.25430849340722705,0.24221827836653453,-4.7541530676808,0.3931222081441281,0.3848974402432441,-2.0921656753282725
NLD,2008,EU-SILC,9699,4.057523073322799,0.4620242299809399,Y,231.27229053864116,79,0.6334222844767764,4.170032168880488,57.8817970073088,56.93303767826955,-1.639132470126048,0.2959277821355425,0.2842374391270581,-3.9504040222657744,0.15107162493495885,0.1371336338165392,-9.226081419605038,0.26876394901567513,0.25682951138451227,-4.440490502863836
BRA,2007,PNAD,99292,2.3928341250782807,1.0025187034031673,Y,221.49283366120542,413,0.19813475933260286,4.153955478383146,15.754469835549541,15.538890465639103,-1.3683695621669822,0.5481429008667125,0.5418855043326076,-1.141562998300405,0.5622343726217496,0.549119118795538,-2.332702243915463,0.7061161622441815,0.7020420656564559,-0.5769725727247654
LAO,1992,LECS,2877,1.1659075360599385,0.5885307841679841,Y,18.75574093147356,23,0.5613315909078701,4.1498522656627195,3.940381539111116,3.882143425491757,-1.4779815873489421,0.34309775215074634,0.33328053614583675,-2.8613466405329913,0.19119563153752384,0.17841147016341297,-6.68642963822208,0.28925815710932434,0.27876351071338057,-3.6281246139507672
LVA,2002,HBS,3948,2.4795318015848715,0.5797862557096981,Y,67.95804766706307,29,0.6226318298896555,4.144285246326521,13.78553598651939,13.637352488249752,-1.0749201076733161,0.3509123376947523,0.34388662467206355,-2.002127673493248,0.210155181136229,0.20090141961339958,-4.403299253817039,0.3435196253119318,0.33649459544699434,-2.045015582023424
LVA,2012,EU-SILC,6287,2.77248643543823,0.5477501396847415,Y,82.74278784377908,52,0.6993150157852401,4.142465583069843,19.107645557011057,18.89475065594777,-1.114186990898891,0.35716904547476447,0.3499556271383033,-2.0196090416717882,0.22977777126657495,0.22043177318153084,-4.067407405654311,0.42307224105194563,0.41668240289140956,-1.5103420977580773
MOZ,1996,NHS,8248,0.23376362795600142,0.9948197781921209,Y,24.983683768310186,66,0.14927033205280713,4.139341808377327,1.587194302357839,1.5587881327401378,-1.7897096515217203,0.5355986485621003,0.5271470932462521,-1.5779642720417097,0.4979031876417019,0.480528289083811,-3.4896138424391987,0.5741436228138701,0.5663887839973529,-1.3506792566136738
NIC,2009,EMNV,6415,2.0687854729320416,0.7658373987314319,Y,78.75152708917805,42,0.3317275119422254,4.136744789814608,8.54221571300688,8.450086530993781,-1.0785162200109055,0.439414550485992,0.43331823212651877,-1.3873728925750672,0.3324088302917074,0.32243690046025963,-2.9998991972315703,0.46992879725419034,0.46417080053338833,-1.2252913110339714
BRA,1990,PNAD,29845,1.813062365589883,1.1186491261768021,Y,175.74072300508988,161,0.1365239039300423,4.133296576096731,9.679135558333451,9.518996275546524,-1.6544791817596938,0.6018196638231702,0.5951292310185634,-1.111700598498988,0.6856306557060834,0.6694790426461423,-2.355730877188922,0.7688183650851903,0.7649302999170344,-0.5057196009781939
HUN,1999,HBS,10180,2.501679365961853,0.4364706080552815,Y,45.19973346947177,86,0.5826376328186429,4.126310707872448,12.797983406548422,12.533249503979139,-2.068559507850476,0.2763540295341572,0.26109334131144235,-5.5221515128400345,0.13000915031587734,0.11139480810434543,-14.317716996307938,0.21327351643755987,0.19690845828383097,-7.673272531481945
IND,2009,NSS-SCH1,49245,1.3099790779670342,0.6815114038098238,Y,28.63166546374176,384,0.2193980788767793,4.126301999552971,3.450740242185351,3.3711696025505535,-2.305900590894827,0.3488908864937128,0.33353630294833514,-4.400970085429378,0.2030467552094921,0.18087950059797153,-10.917315368398606,0.2900220944557429,0.2733092696359598,-5.762604001307714
LVA,2003,HBS,3631,2.4822221918765957,0.6111323870821849,Y,74.85997384742905,16,0.5857572240401046,4.123390080959266,15.725537850008378,15.515610286849485,-1.3349467926706327,0.36528601594557486,0.3567444783403575,-2.3383149730237696,0.225356187788059,0.2140410795912171,-5.020988466260102,0.3565888649937399,0.3480307716527139,-2.3999889455819656
SRB,2004,HBS,4291,2.447245363610185,0.622203726544455,Y,74.72812619126267,22,0.5917731900849126,4.1233432836160215,13.689799654104986,13.56754323577967,-0.8930475347654676,0.3547364959745347,0.34894726482295724,-1.6319807003993936,0.2110376337329547,0.20336948112379272,-3.633547473748311,0.33485629703981745,0.3289506229396475,-1.763644331128622
PER,2001,ENAHO,11774,1.6949580644283593,1.0001731303407746,Y,109.45105417076081,38,0.17799787190453353,4.12312817415665,7.803836637599164,7.6768949977301855,-1.626656806952742,0.5128771790850437,0.5048349248425725,-1.5680663071845569,0.4857422218580063,0.4700899462175585,-3.2223420028377414,0.6280655906659168,0.6219207758317529,-0.978371514931875
MDA,2005,HBS,4563,1.601840671601952,0.5812008395979705,Y,28.373147587081593,34,0.5646466061269749,4.117963185546036,5.720203652792749,5.644855787134337,-1.3172234806994254,0.3628083795152901,0.3543390992116282,-2.334367335996157,0.22035306925458342,0.20902136210604572,-5.142522945957106,0.3434243253235256,0.33479055201288954,-2.514024975517548
FRA,2009,EU-SILC,7266,3.96119529213124,0.6259293710615138,Y,343.43003399643663,69,0.4246555052188963,4.112947764161602,57.36608055722079,56.46503817549643,-1.5706884154750633,0.3299487948181036,0.31928580891313607,-3.23170930533202,0.1850207995697839,0.1709129323634646,-7.6250168841143,0.31986743656561023,0.3091123603433492,-3.362354210774743
IRL,2020,EU-SILC,3601,3.9547246531913287,0.5476355223463473,Y,269.7865849215471,26,0.4108985370036044,4.105742133405124,55.833710490081586,54.6498714443215,-2.1202944159879666,0.308315017112762,0.2933843731378204,-4.842658691996482,0.1622741335436899,0.1435394428119121,-11.545087514969698,0.27863960198044535,0.2632153661415083,-5.535550485038199
IDN,2010,SUSENAS,66374,1.332266925121952,0.5993573477927757,Y,22.881734415236277,445,0.5191858661891899,4.10230326974429,4.561732678623325,4.493395300814021,-1.4980574843751482,0.34586310720520375,0.3359443601993293,-2.867824523414575,0.1940762472486457,0.18083151508551398,-6.824499314520905,0.29299281943720457,0.28237757536845265,-3.6230389840755217
DNK,2012,EU-SILC,5286,4.064246746390388,0.4120029656731833,Y,200.3880313069489,39,0.7006888215660234,4.099965964992622,57.635938616637134,56.676981284874984,-1.663818365378955,0.27311746066758613,0.26087116927038934,-4.48389179046369,0.13255975497877293,0.1188532124218109,-10.339897323404735,0.2459518758988084,0.23355685148111438,-5.039613693694167
TJK,2007,TLSS,4859,1.4924454343943474,0.5482525049247268,Y,23.039334460985543,39,0.4436457502037065,4.09862245161469,4.724600292959219,4.63316979281432,-1.9352007466357124,0.32191614355664155,0.3085836998317656,-4.141589041659888,0.19770336969523772,0.18067010984279208,-8.61556375022976,0.3932965804768941,0.38146015739614825,-3.009541315206332
NOR,2017,EU-SILC,6244,4.2561675533280106,0.44744627553804867,Y,270.022794616979,46,0.538482721684997,4.098404383753599,73.00617664304036,71.4681143927145,-2.106756333571791,0.2846115521072522,0.2692538284020173,-5.3960296381249995,0.15704548438160337,0.13859529970400608,-11.748306390501085,0.9176382793422969,0.9158691769865472,-0.19278863966067927
SLV,2016,EHPM,19849,2.1752886910001052,0.6976455299966761,Y,71.39481737952529,101,0.3641935899718234,4.098104938314516,11.026856679966466,10.834979870292216,-1.7400861845139448,0.39977935335224446,0.38916922743733773,-2.653995466733916,0.27361374805775807,0.25752359458633256,-5.880608553349809,0.4087059702713075,0.39828819748323285,-2.548965159759986
IRL,2007,EU-SILC,5561,3.7598392949786623,0.5158363526431943,Y,201.81437775089228,56,0.6159687914581937,4.089207844132905,50.656083993398475,49.827765016830924,-1.635181623347548,0.32691441445179725,0.31576078904209415,-3.411787586181114,0.18401275190920874,0.16991410862069722,-7.6617751445115845,0.3341792645453662,0.32330098767387305,-3.2552219798234527
MAR,2000,ENCDM,13545,1.720261583391286,0.7157142338713488,Y,47.81810268231207,85,0.3443813358331374,4.0889845100572595,6.841507802104868,6.726436228609848,-1.6819621759346148,0.40637008443726874,0.3962405202838106,-2.4926943545771296,0.2736924355402113,0.2582567425383506,-5.639795258277358,0.388886776219483,0.3784913180339299,-2.673132341143436
ZAF,2008,LCS,23362,1.8408290373361171,1.1145369830999081,Y,178.4734742678864,65,0.18824048012610586,4.088724056655336,12.030881642980141,11.874931415875494,-1.2962493666924368,0.630089973047917,0.6252430916480367,-0.7692363959443171,0.7351245231298507,0.7226927482535694,-1.691111435563586,0.707216676829113,0.7033743951692162,-0.5432962465088065
DNK,2008,EU-SILC,5739,3.9896699622803142,0.4136611990930021,Y,186.91492364456136,51,0.5830687450687623,4.084918699661827,55.58182261326304,54.401192847361564,-2.124129275350095,0.26184259024602485,0.24586666197531448,-6.101348239680771,0.12563178204477632,0.10734994852505819,-14.551917693249239,0.24771101573755772,0.23173472876488033,-6.449566614996149
NPL,1995,LSS-I,3340,0.8585894874472392,0.6657474509721443,Y,17.388895978682612,68,0.41490006447474004,4.077532016375193,2.6057319870840034,2.5716289716767236,-1.3087691127222745,0.35207017479030545,0.343501362460492,-2.433836474480422,0.20479331722920302,0.19298766878164786,-5.764664886180038,0.30537278494833664,0.2962369380137002,-2.9917030544100554
AZE,2001,HBS,7818,1.754747922183911,0.6190858093321624,Y,37.040257073397726,94,0.5109808222646649,4.077087112385759,6.45935362186042,6.385268757962719,-1.1469392796049305,0.36454936420290085,0.3571998923903962,-2.0160429654224044,0.21844360896963289,0.20832158689144764,-4.633700260643636,0.3261247432811897,0.3183935903555961,-2.3706121920738954
SVK,2006,HBS,4384,2.8089696718244284,0.4474749753357114,Y,63.52252693256467,44,0.6193661335749332,4.07247454077315,17.413930216586138,17.09818936097899,-1.8131510329955192,0.2770951019250374,0.2637924634201716,-4.800748339631267,0.12817001243509596,0.11278604205607623,-12.002784494391793,0.2085730657224638,0.19431318295875266,-6.836876427125038
DOM,2005,ENFT,6498,2.1641617756439704,0.891168758372465,Y,126.17477522385883,22,0.19369801090423336,4.068670862439713,11.411557522204765,11.191656836219774,-1.9269997592975763,0.499292646154438,0.48947179863564394,-1.966952166116298,0.43988996071570496,0.4214677745169839,-4.187907850578809,0.5718400180483507,0.5634390552858726,-1.4691106773446982
COL,2012,GEIH,187155,2.4448125173410733,0.9496278644726103,Y,199.07788115675874,630,0.19760309032827522,4.066473016472353,14.51737622466397,14.320415083114044,-1.3567268527166942,0.5253004462877849,0.5187833007407059,-1.240651058481801,0.5023776750064566,0.4894003164254723,-2.583187754276195,0.6424264015365571,0.6375132510428221,-0.764780289537248
HND,1995,EPHPM,2305,1.6770415493211528,1.1559323685154594,Y,171.54380468021594,7,0.1478478837213738,4.060062660009754,7.204339206020521,7.165462404891263,-0.5396303535620373,0.5542562381757328,0.5518391939909435,-0.4360878630332965,0.5671094401433245,0.5618524132854084,-0.926986307367339,0.6691462098382115,0.6673516719439602,-0.26818322630642877
KGZ,2015,KIHS,19949,1.8109045744059766,0.4943117016655819,Y,26.946129774109572,177,0.5670271261480248,4.057564756526481,6.099402961554287,6.004707601893979,-1.5525348998449817,0.2899791536001559,0.27882309621328905,-3.8471928924413756,0.1399718225854416,0.12665986584884537,-9.51045466916769,0.2248601901074362,0.21287246769751234,-5.3311893066514955
EST,2001,HBS,5955,2.2335411986295215,0.5976390966690098,Y,56.06201499518109,32,0.5790440475060856,4.053937191306684,11.727026864534036,11.576244321779729,-1.2857695688437198,0.36012454897666846,0.35182878865535094,-2.303580898578228,0.2185810230528653,0.20760730534539462,-5.020434781667493,0.34802408034116195,0.339670227544449,-2.400366316182445
DNK,2007,EU-SILC,5750,3.97975537822965,0.3965737450758341,Y,175.82279011571723,48,0.5806778216763966,4.052820028716051,54.57901991193882,53.38799440912545,-2.182203903139057,0.25913077006005025,0.24264700455015453,-6.361176446191941,0.12170824317867401,0.10294441817372757,-15.417053533013513,0.2413585063053072,0.22481502928785602,-6.854316953935924
EST,2000,HBS,6166,2.2606361199233005,0.5926321111477588,Y,56.743008660723255,34,0.662924984069871,4.051220133708497,12.078439006903226,11.965278435142725,-0.9368807649384636,0.3578439812999473,0.351800925214254,-1.6887404571513498,0.2166196463319059,0.20879531877122215,-3.6120119726791855,0.3487909640583172,0.34275092851210565,-1.7317064283814632
FRA,2013,EU-SILC,7467,3.9635691021785546,0.6193448874492649,Y,337.512911044095,47,0.48947586397024595,4.048242775342858,57.90099587794238,57.20906723280623,-1.1950202835798618,0.3311485874403941,0.3230810333354013,-2.4362338874373,0.18793059389694022,0.17734199994158173,-5.634310910103968,0.31547016101509306,0.3072787234945109,-2.5965807651108563
CRI,2006,EHPM,8489,2.487171681771054,0.8993784686803318,Y,178.62829594067293,32,0.2778336283756647,4.045108780038594,18.570709570716872,18.315793643273928,-1.3726773684776594,0.4917673035433521,0.4847122278626188,-1.4346369980067886,0.4328831294357265,0.4200701742956001,-2.9599109479799712,0.5890205729158211,0.5833142266428033,-0.9687855629167186
IRL,2010,EU-SILC,4418,3.7287139497384647,0.5206390460606918,Y,198.4686370548983,33,0.6486294920984111,4.034774293916516,45.823111262266444,45.261578260887575,-1.225436217468867,0.32490082947429666,0.316567825763985,-2.564783759953704,0.18541439320783315,0.1751821409044596,-5.51858576151858,0.4116636354568213,0.4044986682639464,-1.7404906763075934
BGR,2012,EU-SILC,5568,2.643843853582382,0.544245580646981,Y,71.99384257182955,35,0.6011194516089073,4.032761272251875,16.15050404691904,15.931961766101379,-1.3531607445982474,0.34165817767190854,0.3326605521377819,-2.6335168077747495,0.22207593437218343,0.2104984437360784,-5.213302679029585,0.4209313856275759,0.4131030690817338,-1.859760714723313
ARM,2021,ILCS,5183,2.01766936026979,0.4565750019225953,Y,29.588754276140193,60,0.6932065446240959,4.026968359199215,7.7791516829805705,7.670998887207773,-1.3902903578730474,0.2794013046689009,0.26928322160367757,-3.621344244334712,0.1297548128274204,0.11820555098723928,-8.90083503533865,0.2145408812174593,0.20376819923985112,-5.021272363792029
CHE,2008,EU-SILC,6755,4.2309483715806975,0.5906306346633139,Y,404.57627124449044,43,0.4560182962563491,4.026486656171508,73.74802793712652,72.62351525223508,-1.5248037355658384,0.34255534731948256,0.33240480366585734,-2.9631835360486636,0.20332138059400862,0.18975333849077725,-6.673199868893276,0.34825275220653173,0.33826353886427396,-2.868380301079043
MNE,2009,HBS,1223,2.8671120496644953,0.5293946108331186,N,86.08161709258151,13,0.7026651889211999,4.0253400453103625,19.127317212503222,18.962243210524804,-0.8630274708389951,0.3100851634349385,0.3041116593946509,-1.9264075630438748,0.16215781827902376,0.1550606156583605,-4.376725523311597,0.27100267298087166,0.2648136943790196,-2.2837334162711054
VNM,2020,VHLSS,9394,2.4680312182996134,0.6124497184921868,Y,74.09739479903102,51,0.5541822285928336,4.012079066659241,15.05132448308545,14.858088038071124,-1.2838501038993866,0.3679016610943173,0.35971158410387627,-2.226159285630791,0.2305144755095072,0.2193100546626301,-4.8606148581827435,0.36452145713195516,0.3563666871474207,-2.237116588059307
LVA,2008,HBS,4002,2.868870873887155,0.6082585335479682,Y,109.25083473386195,27,0.5722549170955434,4.010335910776287,22.106550569356386,21.84519690697202,-1.1822453329586757,0.35817898641213697,0.35052442452558674,-2.1370773208181815,0.21682331501177288,0.20648210903425257,-4.769416045944508,0.34411185741319217,0.336368199710665,-2.2503315522862
MWI,2019,IHS-V,11432,0.6114994539088474,0.675267801128685,Y,13.975458922131073,125,0.3896074804365817,4.009524827858792,2.0693628512540676,2.0408406673405137,-1.3783075257328137,0.3854317500361504,0.37685875787374357,-2.224256865606622,0.24496447225746343,0.23225715821651766,-5.187411024889387,0.3542077799795904,0.34523534370941666,-2.5330997164124236
MDA,2008,HBS,6132,2.188347479862933,0.6043716297184512,Y,54.67805108438019,42,0.5360208558029557,4.005369125623299,10.724819670739562,10.588336812227856,-1.2725888425338283,0.3469244306112892,0.3385427686173692,-2.4159907041286455,0.20142992798440718,0.1904764578778173,-5.437856338526704,0.31938057684270516,0.3107408267636548,-2.705158267437613
LVA,2004,HBS,3913,2.5732716059601617,0.6029631905595797,Y,80.0107641613064,28,0.6010758546422673,3.9916306367267542,15.70941072967935,15.563274462632611,-0.930246649994626,0.3495712836942618,0.34349742737703703,-1.7375158088034026,0.20709767109402755,0.1992591939031465,-3.7849180772883573,0.33509751992737613,0.32896548890595323,-1.8299243225529893
MLT,2021,EU-SILC,4024,3.863374768788283,0.5037047280319178,Y,215.82954505526214,29,0.7100949248820255,3.9902948984127256,56.9893286042718,56.24788097816925,-1.301028884286537,0.31403779082878946,0.3050279816010122,-2.8690207009796964,0.1769203041118197,0.16601996238987304,-6.161159272627781,0.3637745182099368,0.3555611709323333,-2.2578127016756877
BOL,2005,EH,3686,2.1544354466044866,1.1477717335487214,Y,269.8188066535303,7,0.14414568765664293,3.9741382135190566,14.029438292411383,13.860821198368269,-1.2018805780294128,0.5850908011923015,0.5800485947645481,-0.8617818665886401,0.7028849283783765,0.6911458347998614,-1.6701302168476317,0.8003089069485402,0.7978801739879182,-0.3034744383743515
PER,2007,ENAHO,22105,1.8657414405782196,0.9902594087292331,Y,126.02996129827477,41,0.20427841102045347,3.9629506171111766,10.293733977073153,10.143250385254758,-1.4618950922334006,0.5002057870379122,0.49280417878622407,-1.4797126389757498,0.4633561734422009,0.44941043175145823,-3.0097239424138778,0.6091825174696602,0.6033917131934609,-0.9505860903974095
MDA,2003,HBS,6121,1.7346409125703752,0.5830978245125655,Y,32.58768271368614,39,0.5676670696512734,3.9601632410749,6.438566967160537,6.368578748403091,-1.0870154665536091,0.349020852898833,0.34189559726772345,-2.041498544264597,0.19999468537250276,0.19068674710778533,-4.654092806206734,0.30913124817036153,0.3016607886711996,-2.416597980106161
POL,2009,HBS,37273,2.829810573277804,0.5555761438425167,Y,89.70612095476376,286,0.535250460212645,3.9599185553482084,18.279748646885626,18.03603791359587,-1.33322803282242,0.3357808903312095,0.3268379966903272,-2.663312266538209,0.1862333089994328,0.17469347924162593,-6.196437049744963,0.29339693641010567,0.2839957445495337,-3.2042569958641742
MDA,2010,HBS,5454,2.2352259777980397,0.5420065206368986,Y,47.524508182204706,51,0.6652530754422036,3.9595978348934087,10.935810388063821,10.818954528980894,-1.0685614960046497,0.3205092021119684,0.31320083056585635,-2.2802376649263656,0.16973856793771613,0.16080054902157448,-5.265756053404058,0.2766975897990852,0.2690579037429546,-2.761023708836041
YEM,2005,HBS,13130,1.633592360013849,0.6356121821692303,Y,34.481705448010125,120,0.36501562610496213,3.9591058812322517,5.205421760764746,5.125197214724088,-1.5411728333972974,0.3473233433529822,0.3371292089504423,-2.935055934947539,0.20018310983547605,0.18608847119671545,-7.0408730538478075,0.2999182209903605,0.2890374538173137,-3.6279113476724967
LTU,2003,HBS,7825,2.545934800106157,0.5924678697952868,Y,75.44005817684695,46,0.5803763876156813,3.956224631159459,15.620500780423757,15.440354965500129,-1.153265298314854,0.3545648687722134,0.3470631263264745,-2.1157602194813885,0.20871590052959466,0.19883661749482195,-4.733363873909491,0.32634636368327896,0.3186125463849161,-2.3698187444394447
PHL,1988,FIES,17812,1.3366795852956455,0.7075118588190502,Y,31.792015131194105,208,0.34284385932222156,3.9556932517398784,4.582408113363443,4.510139076488035,-1.5770973489823703,0.40746267432387206,0.39799178023450343,-2.324358692507056,0.27332250467020813,0.25886743889284003,-5.288648219732083,0.3852988364010601,0.3755068295913968,-2.5414057569254522
SVK,2005,EU-SILC,5047,2.788213093860922,0.4191087459078183,Y,57.14199620829757,43,0.7206201382202212,3.948713572536171,16.33311668413923,16.099945420872483,-1.4275980988562642,0.27076780319351457,0.2602409886115884,-3.8877645191820576,0.13157135565257727,0.11971550266711617,-9.010968175145395,0.23930340764778724,0.22858421065466794,-4.479333202348745
IND,2011,NSS-SCH1,55206,1.4365559720601175,0.6938841363668762,Y,33.72395383525868,436,0.2596260716949062,3.9446153915385183,4.02171950011233,3.950634310269079,-1.7675322667646487,0.35399069600189104,0.34238121105101604,-3.2796017189143822,0.20771257391850284,0.19096678054855398,-8.062002725227002,0.29614096918092625,0.2835210024017879,-4.261472775632146
KAZ,2006,HBS,11995,2.0434966214228587,0.5056585830625014,Y,35.179811129674455,87,0.5593577090260095,3.935641236375338,8.211945012019646,8.085533303392758,-1.5393637980023245,0.3024386525376901,0.2915662987033968,-3.594895607114368,0.1517011188830535,0.13841625218952802,-8.757263487138012,0.24489351068783638,0.23330206112971774,-4.733261214460748
MDA,2004,HBS,6119,1.7076010535279997,0.5851069234243477,Y,31.910076057923156,41,0.6073728890820265,3.935107610004605,6.325615969115103,6.270509324596067,-0.8711664569599931,0.35029566595522454,0.3446139706520197,-1.6219713389006296,0.20355240505918282,0.1962143995210326,-3.604971179788663,0.3195106733293479,0.31363991007498915,-1.837423205048061
SLV,1996,EHPM,6110,1.8902976626475425,0.9770020783525138,Y,124.1268340025951,22,0.1838491298479369,3.9259434321564686,8.893092698594248,8.772161014099765,-1.3598383441296935,0.5079241513824514,0.5011511369114399,-1.3334696632512855,0.4823304503927117,0.4692946326525893,-2.702673598465266,0.6597743884992722,0.6550881832762315,-0.7102738913069895
IND,2004,NSS-SCH1,73247,1.1516620745448887,0.6539590573009453,Y,22.500538594286585,567,0.31159830023275825,3.924715877341741,3.1197105407134655,3.0673820615979928,-1.6773504603252554,0.34009402322746984,0.32885501144767804,-3.304677827953084,0.1912214774132579,0.17560916717457353,-8.164517108579727,0.2800558453181101,0.2678407584282555,-4.361661109404713
IDN,2003,SUSENAS,9907,1.1597952711307007,0.48880673060772395,Y,13.821363335812064,117,0.7421633490380292,3.9210170550866787,3.5736342811561506,3.5360885645213695,-1.0506311972873217,0.29323187823227626,0.2857632563896042,-2.5470020134563898,0.1388382112102724,0.13033168333567247,-6.1269356616217685,0.2229347785917667,0.21494115188812668,-3.5856346659476457
LVA,2013,EU-SILC,6157,2.780800855160045,0.5453634545827054,Y,82.83835832469076,56,0.6703968946112112,3.920014486453788,19.623520774498072,19.409621699141113,-1.090013753469432,0.35195679671693036,0.34484979786250514,-2.019281605219636,0.22454194739443878,0.21552221263857518,-4.0169486639479395,0.46245760547831516,0.4566397846539313,-1.2580225204354756
VUT,2010,HIES,4367,1.5130993433772901,0.6623029906488157,Y,33.11572732554093,36,0.40814548790388333,3.9161015135438335,5.2963411914153875,5.224091440721673,-1.364144568533865,0.3735129822080341,0.36486920407144297,-2.314184124335694,0.23389646425813226,0.22156631987385955,-5.271624957384969,0.3555732037120092,0.34672900161699816,-2.4873083805759033
BGR,2011,EU-SILC,6261,2.722827523476317,0.5811984805072202,Y,87.0448031642583,36,0.5022043672137667,3.90898202766445,17.401545362623057,17.158464884785783,-1.3968901771183484,0.35650173089433235,0.34741203219652816,-2.549692725194197,0.23599671471792805,0.22369934291992433,-5.210823300104828,0.4229823831099375,0.41489461268905514,-1.9120820969936947
IRL,2018,EU-SILC,3678,3.8756992273849336,0.5403564269342016,Y,243.90248851602055,21,0.4022991606021741,3.9076502074114368,52.877880460198526,51.792815518708565,-2.052020489563111,0.3125595947419587,0.29818719823788475,-4.598289972809644,0.167854266805187,0.14930308780206536,-11.051955578020722,0.3194556784375925,0.3053420070935874,-4.41803739818708
IRL,2017,EU-SILC,4937,3.766161355176483,0.5256142504252839,Y,209.14004648804004,37,0.5183232062520088,3.9045116672112803,49.71434668623942,48.85726561411109,-1.7240115364234754,0.3276569628746362,0.31590238662037584,-3.5874642037617033,0.1849686938992403,0.1699104804159104,-8.14095248546909,0.3386095226778353,0.3271854463006354,-3.3738201710496907
BRA,2017,PNADC-E1,136300,2.6532712997322117,0.9634320965282736,Y,255.58820862955835,379,0.19547124848086028,3.9014771424513297,20.350040025086447,20.055689327406068,-1.4464379299378272,0.53219734448262,0.5253422446490782,-1.288074791167182,0.5261813588401298,0.5123321999866626,-2.6320124460500027,0.658321448778327,0.6533116512874881,-0.7609956352076508
LVA,2010,EU-SILC,6047,2.7923797604559137,0.5298018376010516,Y,79.9806934168408,59,0.7522111648687917,3.900553618417277,19.818497616763477,19.647090196477823,-0.8648860453512319,0.358227965287774,0.35266258246745674,-1.553586922184158,0.24488207248979244,0.23793366883556066,-2.8374488926793173,0.5460946350733797,0.5422093267676588,-0.7114716124612563
ECU,2010,ENEMDU,18448,2.242767871310024,0.9174933972026953,Y,147.70958210914915,42,0.18992130932504367,3.8983253537449287,13.45264491464986,13.20874901953303,-1.8129958581693306,0.48729272561781833,0.4778395642884661,-1.939934834316881,0.4249525359665167,0.4075960356651227,-4.084338563109924,0.5745040080954569,0.5666579945006526,-1.3657021507673561
CHE,2020,EU-SILC,8129,4.325290945786252,0.5693603595947675,Y,417.11919678839587,36,0.350639630883037,3.8936762657384825,79.27157120268541,77.64757806124959,-2.048645077670419,0.3399834153482082,0.32621161185146774,-4.050728028199691,0.19957744294017932,0.1810109399596307,-9.302906534439215,0.32841127385152746,0.31448461374233694,-4.2406157212150575
AGO,2008,IBEP-MICS,9000,1.6537386969433505,0.7467230307492368,Y,49.10239389893386,52,0.3799105721896557,3.8658932445578884,6.526025244935403,6.460281261473562,-1.0074123374386623,0.4271551495708017,0.42134488292621264,-1.3602239491733004,0.3116315018406357,0.302522571208671,-2.922981334737751,0.44684030454294144,0.44124487679674895,-1.2522209141173746
LBR,2016,HIES,8342,1.0676154592672553,0.5777936035986713,Y,16.46103824418731,52,0.561765237961679,3.8605260757095317,3.883071560318022,3.825636960856905,-1.4791022665678888,0.35265461159224687,0.3429653596664003,-2.747518849136632,0.20616594892329254,0.19333390987140997,-6.224131152063794,0.32406080722753106,0.31407486512082217,-3.081502571120087
ISL,2016,EU-SILC,2832,3.9721075683220626,0.42027126950538224,Y,187.33929355291255,22,0.6429116340336027,3.8583533575019318,56.094243163757355,55.13435516265128,-1.7112059045058303,0.2678797139147049,0.25517223139750733,-4.743727074922788,0.12421627317759265,0.10970830307708068,-11.679605038359064,0.22162695011840394,0.20842640619153763,-5.956199785185845
POL,2005,HBS,34739,2.6095217987998405,0.56615952028945,Y,74.29178346462476,243,0.5062565537210961,3.8547981723684166,14.825580718977422,14.630191527045223,-1.3179193155118174,0.3449257930164541,0.33620326753101726,-2.5288121857041657,0.19762093078455623,0.18609441900890866,-5.83263712496811,0.3114866332098484,0.30241419003382974,-2.9126268060133853
CYP,2006,EU-SILC,3422,3.696061469311183,0.552883892698755,Y,211.60326870001757,26,0.47587830246485946,3.8544469835156727,47.9688447166259,47.12688507146841,-1.7552218531243335,0.3025502639715766,0.2901223245121578,-4.107727190939203,0.15278708029807264,0.13735926346876504,-10.09759254461139,0.2482052066318342,0.23497440548247905,-5.330589687822529
ISL,2011,EU-SILC,3001,3.827619696859369,0.3987348953270742,Y,151.99146726264357,27,0.7292100712624904,3.8523776516181334,47.76363702036383,47.03193842893016,-1.531915568158504,0.26171619598117524,0.25027338400598587,-4.3722215708852925,0.12483207864265289,0.11234567716276134,-10.002558329286016,0.8816736686718135,0.8798420948758765,-0.20773828923530413
IRN,2014,HEIS,38227,2.308166886425102,0.5930922225438188,Y,59.58736494661059,163,0.5746542800119463,3.847084138950135,12.871315805412369,12.718566799600206,-1.1867396319180656,0.3481405072689181,0.3403430458839991,-2.2397455113994824,0.20361899323307897,0.193517623042454,-4.960917461693814,0.3277215459319437,0.3197877547208914,-2.420893990503714
BEL,2008,EU-SILC,6144,3.915582120523032,0.4658654489653261,Y,202.99441521739993,43,0.4623197982577229,3.843526444559417,53.46669283102474,52.35016972394046,-2.088259153437666,0.2921267084116641,0.2770630573975006,-5.156546998412715,0.15184876073024212,0.1334199575188686,-12.136288187502641,0.3822741696789663,0.36927134954143315,-3.401438331146711
MMR,2017,MLCS,13718,1.785245780910948,0.5337098089792943,Y,29.558614016380034,128,0.5237441950121274,3.84071023286675,6.579838945948268,6.4819379232819125,-1.4878939054677076,0.3069686956452108,0.2965294208011694,-3.400762029528548,0.15531112186640383,0.1423097778800717,-8.371160951059043,0.2459344065391692,0.23472668367944627,-4.557200034529496
PRY,2013,EPH,4627,2.6227726606141886,0.881701596396503,Y,194.0037424397288,23,0.19539886791482317,3.832334807537543,18.853652653121927,18.510198676443725,-1.8216840152792901,0.47919232665601974,0.46954487248161314,-2.013273927345638,0.4056903368964404,0.3883432861548819,-4.275933923954089,0.5446115747271457,0.5361764270362649,-1.5488373883913331
BEL,2020,EU-SILC,6980,4.054915457851001,0.4352351095662376,Y,212.85704423311248,75,0.5871011270766473,3.8285865526976175,59.014077553151125,58.00435862150728,-1.710979775519561,0.2718578240440076,0.2592233166618715,-4.647468737221583,0.13047903481682832,0.11601836275461119,-11.082755235366049,0.24645928596612166,0.23364846148055152,-5.1979475779748485
IRL,2016,EU-SILC,5124,3.7271777409106317,0.5017290719650765,Y,187.235083212183,55,0.552981617923072,3.825216973074981,46.561379639554254,45.815681435150495,-1.6015380346897645,0.31735987964956225,0.3062813507767229,-3.490841024099378,0.1769317297865456,0.1631340836691817,-7.798288149903742,0.4138583094750661,0.40445661590808646,-2.2717179652390285
MDA,2018,HBS,5140,2.384198339233593,0.39206079130002564,Y,35.17658678472567,63,0.9822579552476387,3.823088458670587,11.911888290169237,11.802011085815602,-0.9224163430437415,0.25661648083524446,0.24973576808732623,-2.681321451187646,0.10688578429554241,0.09998254985030464,-6.458515031475209,0.1827357133716454,0.17555988922008725,-3.9268865506131623
HUN,2000,HBS,10190,2.5178016029308043,0.4284489908793993,Y,44.84215135665634,84,0.6372841252016064,3.8212237853563957,13.002370864149992,12.79129308802369,-1.623379138556058,0.27220581332137705,0.26022835720277926,-4.400147069767657,0.12442438308102055,0.1105829549738635,-11.124369488048035,0.20826089806284953,0.19551688759931218,-6.11925262114803
POL,2008,HBS,37324,2.803292811150121,0.561109909531228,Y,88.82094948020307,253,0.4826233043540641,3.8048821808073425,17.95547061339877,17.700956712889468,-1.417472735687464,0.33717042045606593,0.3276688283690178,-2.818038448982574,0.188298620857287,0.17588580668920484,-6.592089794162604,0.2961064876637951,0.28612393926727875,-3.3712697331544916
SWE,2017,EU-SILC,5896,3.993771016624442,0.4586311513204602,Y,214.7907869854831,27,0.3659460887685566,3.803969810012283,56.0896965764433,54.742079936156486,-2.402609966788072,0.2945097850816698,0.2771708565841191,-5.887386217996959,0.1634273638946877,0.14161923416057665,-13.34423392410844,0.520973940395395,0.5092682102472363,-2.2468936045581422
DOM,2020,ECNFT-Q03,5282,2.5397953860477127,0.6866356555166966,Y,99.4547088002419,15,0.4287064201716843,3.8013017610576405,14.551607733037907,14.424825933809428,-0.8712563007085006,0.3953934892384151,0.3900988578753197,-1.3390790458622903,0.26371892216988924,0.25597545715219905,-2.9362568881962203,0.3963047698894555,0.3910435697771947,-1.327564165762729
MDA,1998,HBS,6304,1.3478983790696137,0.7012592515570185,Y,31.553235452857777,20,0.34761204530967066,3.788703190578684,4.536275960106978,4.474092775192005,-1.3707981053583396,0.39518550129075647,0.3867959314473969,-2.122944747708999,0.2700231551482053,0.25744944697459515,-4.656529610102855,0.4130970688450383,0.4049831485695554,-1.9641679613385365
FIN,2020,EU-SILC,9031,4.0737205794868805,0.47142896129306355,Y,241.77498108426082,84,0.6339636597869025,3.7781542121580367,58.8702451423827,58.17880201435888,-1.1745205516836332,0.2770991272140225,0.26854416837779715,-3.08732796174338,0.13017792316473242,0.12046774768450463,-7.459156855606109,0.22604135729838937,0.21708382080857724,-3.962786543520702
PRT,2004,EU-SILC,4787,3.154189262174061,0.6515125099996087,Y,165.4595563048542,26,0.48027949176917806,3.7747692217026168,29.867061839546146,29.534317497904556,-1.1140846174597985,0.3877535172518114,0.38088047980750517,-1.7725274274798641,0.26942455883960736,0.2597000007515433,-3.6093807223614105,0.5228588083515788,0.5175304522304888,-1.0190812578808495
SLB,2005,HIES,3776,0.9408253931441621,0.8242495814108776,Y,30.373609941683757,22,0.2361960240632461,3.7630449863197266,3.208986953424097,3.159972589808353,-1.5274092518027804,0.4609685215565309,0.4526236628528528,-1.8102881896361112,0.36587210818618543,0.35150175385042925,-3.9276987816855846,0.49565083084231176,0.4878478223044773,-1.5742954621046357
LVA,2021,EU-SILC,6493,3.329865683894413,0.6256234185192561,Y,182.49740239189504,45,0.49379134813773745,3.7611478647247796,35.52306351042095,35.08814494930122,-1.2243272908941116,0.35667108398945313,0.34871334258935227,-2.231114816231128,0.2255694397774275,0.2145705472683841,-4.876056135926998,0.4600201362057573,0.45338173833146245,-1.4430668033465488
BOL,1992,EIH,3554,1.9463385468727465,0.9183691924089042,Y,110.10628472819344,18,0.24557035420112894,3.7474447085942573,9.439925742366217,9.356558138043415,-0.8831383487335143,0.4862633470664942,0.4816949510559051,-0.9394901010222334,0.40517083775967255,0.3968647429547483,-2.050022862171297,0.5194058057855127,0.5151327065406203,-0.8226899270850518
MLT,2018,EU-SILC,3820,3.7422813249614366,0.461967794030164,Y,168.71058077404746,29,0.8903941990997198,3.7474386140210725,48.85232551445871,48.52380382876218,-0.6724791138127073,0.2923223866719351,0.2875620573913965,-1.6284518386479152,0.14742222982967723,0.1423137379998054,-3.465211342803509,0.3176600552406217,0.3132314256797011,-1.3941411543122673
BGR,2007,EU-SILC,3385,2.285992932393077,0.580598978438894,Y,56.13670449773513,22,0.47175349147752027,3.743204233194195,11.189068022432153,11.03506521802998,-1.3763684704876655,0.35702573320625386,0.348075261758367,-2.506954153558494,0.27408538998513476,0.26190787073467314,-4.442965475511873,0.721666170832201,0.7178003949134648,-0.5356737055137617
FRA,2019,EU-SILC,7618,3.996789596687469,0.6223622175584155,Y,352.08627653677144,32,0.1994765522984057,3.737583964397348,59.58495668851858,58.06024846768678,-2.5588811431083824,0.32377706628524705,0.30602824987107347,-5.481801604359749,0.183288464798816,0.15848604910813968,-13.531902140104856,0.2932144926549267,0.27471164095607004,-6.310346917480647
ARM,2007,ILCS,7870,1.9137356256088218,0.49769866277438707,Y,30.169504032236446,66,0.6961398786391669,3.735417387959038,7.675123709361484,7.59844775253068,-0.9990191654797864,0.31226058266956014,0.30535782522724886,-2.2105759821808513,0.1601372165639079,0.15206187220735923,-5.0427655293521,0.2629459401499572,0.25573053554234537,-2.744063895223825
NOR,2016,EU-SILC,6840,4.267379317288967,0.42287278145181184,Y,253.66072902118606,59,0.6525531713373223,3.7313764818223794,73.35089267811071,72.26916585117804,-1.4747289193597912,0.27488930599069294,0.2640760280111011,-3.9336844846041275,0.13893653376386972,0.12678640120919393,-8.745095494699473,0.8003371318747383,0.7973711541206732,-0.37059104669022735
SLV,2014,EHPM,19822,2.098835248669392,0.7331510925450426,Y,73.57376631835322,108,0.34320362372485164,3.7309367104171236,10.63432675316254,10.490074584538531,-1.3564767377597264,0.41552987331015345,0.40751015333077667,-1.929998417560419,0.2933332189473341,0.2809185827499272,-4.232263990406027,0.42562376223617004,0.41776872063509285,-1.8455364333532231
IRN,2013,HEIS,38261,2.3446788919534622,0.5726291335669798,Y,58.12328119632618,179,0.6060872207749818,3.7293258389229296,13.282306754804091,13.13924403661822,-1.0770924119345993,0.3396951965960303,0.3325350388522855,-2.107818366433878,0.19077294376164788,0.18174406950481892,-4.732785519161286,0.3054408782515764,0.2980349703512962,-2.42466167026284
TGO,2021,EHCVM,6462,1.2154994229040539,0.6750527183529201,Y,25.55051768179416,46,0.4365943985893407,3.723050138497884,4.182062205784415,4.137914062049182,-1.055654879407797,0.3785800486978881,0.3719713673773283,-1.7456496567344493,0.23697379067439028,0.22763826195759052,-3.93947731106985,0.3541683372465967,0.34734715883551837,-1.9259707019854022
COL,2021,GEIH,211058,2.460388288098734,1.0100649109237145,Y,242.39848904666079,475,0.16497098925839437,3.7223736570772816,15.99145666441672,15.796082079485219,-1.2217435161253176,0.5495069148324023,0.5439445575042852,-1.0122451925493325,0.5568603227196611,0.5451423401977493,-2.104294747501878,0.6804274106253175,0.6764777560207779,-0.5804667100212657
NOR,2008,EU-SILC,5505,4.066241475577566,0.4445246904799323,Y,221.36558089655622,37,0.5489604436902533,3.722012052598071,60.90662837723566,59.85488580327107,-1.7268113536846097,0.2706990281928947,0.257918346616544,-4.72136219389877,0.13350851865371016,0.11870417802170286,-11.088686161222638,0.3183225574887105,0.3065701237365206,-3.6919889827810026
HND,1996,EPHPM,2897,1.4967618766538826,1.1847689451074483,Y,156.18929669466283,13,0.07327889795447247,3.720065308120935,6.6424479451120915,6.509798338836673,-1.9969988078420653,0.5564090304568188,0.5473780007079878,-1.6230918720741117,0.5808094301124906,0.5611265791790785,-3.3888655922132638,0.6822598321063686,0.6757866581388159,-0.9487842699998694
SEN,2018,EHCVM,7154,1.6016279913674691,0.6918567713788233,Y,39.5354724453236,62,0.35860539563090515,3.7190043886159154,5.981558484462753,5.9008803992950565,-1.3487803450766278,0.3831478427431262,0.37473713565607947,-2.1951597135013823,0.2408589507165979,0.22867924175871956,-5.056780709889153,0.34937651905401124,0.3405487010062782,-2.5267347879118107
BOL,2001,EH,4956,1.9602094731113269,1.1536827663926075,Y,226.1634057473299,9,0.13896661895479415,3.7113102303368257,11.488177691214837,11.376107415561584,-0.9755270040691877,0.5730670554853134,0.5688719147461079,-0.7320505862359883,0.688695884565897,0.6793090307142429,-1.362989682676985,0.8155865029188354,0.8137703949999175,-0.222675082583923
UKR,1996,HIES,2319,1.6597865278122366,0.616262738685221,Y,33.40062939169725,12,0.411522633744856,3.7061372072878984,6.309521191194054,6.213132828485567,-1.5276652504632504,0.3513274305565677,0.3412966710928357,-2.85510284461461,0.21061532100396252,0.1971408387261986,-6.397674306661871,0.34126375424729394,0.3311600334199256,-2.960677980482729
MYS,2019,HIESBA,80589,3.230189075220157,0.7253609401192613,Y,222.79941794128843,336,0.34594445854533545,3.6985897172058677,32.8115201416312,32.368718871653044,-1.3495298848294701,0.41176774260286175,0.4037406644117122,-1.949418898238331,0.2874916392199536,0.2752096090919154,-4.272134717156584,0.4191378318798191,0.411240114728471,-1.8842768537326138
SLV,2011,EHPM,20154,1.97609826766335,0.7485757262701734,Y,68.15778919487862,82,0.32988141308358354,3.695796728800301,9.546103886697033,9.418139169647201,-1.3404915614647406,0.4231262828009551,0.4153079774798496,-1.8477475020816314,0.305103740542926,0.2928651589299387,-4.011285338950277,0.4376007286380511,0.43000102120562667,-1.7366761376465423
BOL,2002,EH,4747,2.0503061848811805,1.095888240688479,Y,208.09004755313373,12,0.1589975757491721,3.695192965281533,11.46489705704832,11.372105118504283,-0.8093569273436407,0.5928420517679642,0.5895282416753012,-0.5589701477451969,0.7518216000316822,0.7440707593397085,-1.0309414748987167,0.8438464293276667,0.8425727126060139,-0.15094176823947647
TKM,1998,LSMS,2094,1.0291626644042844,0.7473893784745875,Y,26.346377778540237,12,0.29683377308707126,3.6908736802575977,3.334394784270734,3.289531432014018,-1.3454721219079646,0.4080692742230142,0.4000229019372603,-1.9718152759907293,0.2795228956394531,0.2672499249229434,-4.390685309850307,0.4046884875543455,0.3966144505338217,-1.9951239703698054
CYP,2018,EU-SILC,4047,3.7799139406593727,0.5432312570114198,Y,223.54387682886005,33,0.47542089076753213,3.6903313987703394,47.56426979880983,46.871764906304556,-1.4559350862201281,0.3141623394279278,0.30406494244823457,-3.214069833475286,0.16471636578239135,0.152141204276679,-7.634433558548492,0.2712545143773356,0.2606636566017412,-3.9043987156880067
LTU,2004,HBS,7965,2.572930997815257,0.5940223531836772,Y,77.8666740702551,48,0.5553120362444585,3.6887373799067884,16.191158782883974,16.02631246995504,-1.018125479092924,0.35204015838644775,0.34540285238096435,-1.8853832005714999,0.20729098418454983,0.1986629067789818,-4.162302301525333,0.3290050728147009,0.32222407869428626,-2.0610606585491076
DOM,2016,ENFT,6972,2.4146658402632237,0.7860883909416638,Y,118.26537180997362,21,0.3272437993056621,3.6882254085764123,15.636771862323862,15.44706856539043,-1.2131870862074456,0.4569765238432608,0.4503337580588924,-1.453633925984088,0.3619734455540913,0.3510012274226315,-3.031221838569964,0.532854585852701,0.5271462493790195,-1.0712747202028194
ARM,2006,ILCS,5184,1.8524666271617456,0.5121746624107166,Y,29.636022992787897,46,0.6142671087402325,3.6836252387521418,6.890281740359958,6.818513924734318,-1.0415802768304672,0.29709984741391104,0.28972794264591306,-2.4812886415682467,0.14587266386038,0.13715476993644637,-5.976372606918212,0.23944798869710437,0.231626197281813,-3.2665930742837634
LUX,2019,EU-SILC,3805,4.3153923112916095,0.6074159088749318,Y,462.9597132661934,18,0.4092091421103848,3.681505425646897,83.94347646781864,82.74756629815255,-1.4246612363315259,0.35340432500758123,0.34409117117027077,-2.6352687780803685,0.22528624270864395,0.21272851670982273,-5.574120216058532,0.4950262626099642,0.48779026925937086,-1.461739284789143
CHE,2017,EU-SILC,8098,4.330216761790037,0.5626884469685232,Y,410.87215293833793,36,0.3749581638581045,3.6784351779354636,78.75465529150435,77.39831502746169,-1.7222350336272396,0.3304245095369549,0.3187169642140276,-3.543183082675616,0.18790155455230195,0.17242383986597876,-8.23714030636985,0.34218552499205057,0.33076339741105476,-3.3379926229378576
ZMB,1998,LCMS-II,15093,1.1172344963644845,0.8859495472842964,Y,43.60113308552317,78,0.1847504875718005,3.6779767117001505,3.5836530922019736,3.5324004720049964,-1.4301780579292878,0.4913377624944514,0.48396855394894156,-1.499825396708243,0.4243084710407522,0.4106459699957624,-3.2199453881932016,0.5493944396126706,0.5428655611640651,-1.1883772346164334
MDA,2000,HBS,6217,1.174055574466918,0.597773303577223,Y,19.44082983678391,34,0.486847165583211,3.6735633370121534,3.678195110717901,3.637721412693032,-1.1003684363271704,0.36425690666554567,0.3572086131118031,-1.934978699035128,0.22347446863408704,0.21387698011634004,-4.294668906210375,0.3524407498618374,0.34532842393679253,-2.0180203134379293
POL,2018,HBS,36132,2.9599601160449796,0.5124391289181177,Y,89.77239321308942,269,0.48987575614260753,3.6667210189220922,19.909863932179626,19.619597956599545,-1.4579003481331343,0.31141048616440414,0.301250833337946,-3.2624633009610715,0.1606391817854549,0.14787333304206118,-7.946908469966818,0.2581995843652317,0.2473978840252179,-4.183469298205555
FRA,2015,EU-SILC,7595,3.9794862652726435,0.5962901270461188,Y,320.01140840087,58,0.407436354394925,3.664293809267448,57.991938021528824,57.17078584276809,-1.4159764387523865,0.3225998113764301,0.31289707126715305,-3.007670732316481,0.17691381235399328,0.16431306281554292,-7.122535753871528,0.29664511155211437,0.2866540791934138,-3.3680084281265343
VNM,1997,VLSS,5998,1.2179822853846098,0.6080540777358553,Y,20.95012302345462,57,0.5112639074554971,3.6604849652993026,3.9668560739835668,3.9287603213867834,-0.9603512677617054,0.354422074489668,0.34818758989697196,-1.7590565152221571,0.20373535728933745,0.19550313501493033,-4.04064487575223,0.3043879083478782,0.29774913529916003,-2.181023906222612
COL,2017,GEIH,189784,2.554523289305406,0.8993267445801231,Y,191.04395320134864,685,0.1976737571231501,3.6511887514527297,15.294057195863045,15.113286059936646,-1.1819697913467708,0.49560106357935985,0.4895790526356395,-1.2150924173220723,0.4389255193971424,0.4277146159623473,-2.5541698851762273,0.592200092788612,0.5873293835833038,-0.8224769405848154
CRI,2001,EHPM,7722,2.4376037825181163,0.978411553202182,Y,215.47360988717273,25,0.22791527119307556,3.647075711537173,18.457093994671435,18.275047064860047,-0.986324986284115,0.5135128282261063,0.5086786023321143,-0.9414031409286427,0.4915945386344709,0.4823396660476882,-1.8826231496571255,0.6827149594423698,0.6795589452125301,-0.46227407004784116
BRA,1989,PNAD,21594,2.2650446460809266,1.284799024453166,Y,454.61082325563217,48,0.046861441311671664,3.638196416447867,12.422613024280984,12.183691146538852,-1.9232819800080736,0.6276978973413267,0.6203997211045109,-1.1626892917322107,0.7577113484719442,0.7385175530396917,-2.5331276179194284,0.7631939780318721,0.7585504548442252,-0.6084328914153114
SYR,2003,HIES,27012,2.0610670738288146,0.6706280185365056,Y,58.73002701016247,183,0.3918151601883483,3.6330056162593105,9.35745117320232,9.247607595949685,-1.1738621470684496,0.3751460321101763,0.3677437172080418,-1.973182245990146,0.23013883088571596,0.21960800091687682,-4.57585967926839,0.3376765632229426,0.3298780149375824,-2.3094727720891273
CYP,2011,EU-SILC,3800,3.820746258082364,0.5457367802024063,Y,234.61751646941397,28,0.44980180401705655,3.623942480347805,52.6363499421416,51.784152718103236,-1.6190279625678983,0.3144274453748548,0.30316965685713115,-3.5804089888852753,0.1651656420224521,0.15076352941077031,-8.719799369486303,0.26864672264698475,0.2567720761757416,-4.42017172375746
IRN,2009,HEIS,36252,2.3315351824620207,0.7488314550158596,Y,97.32243591059988,105,0.45467539082048447,3.6112355486985623,16.420551855819326,16.270068215742036,-0.9164347300785747,0.4205002462399854,0.41515647330424943,-1.2708132714591036,0.3074970041793397,0.2993877509699092,-2.637181208016237,0.46322607980523833,0.4583037875927414,-1.0626112015468814
HUN,2019,EU-SILC,5898,3.1872622604042427,0.47821770739494934,Y,101.68861832559945,34,0.47388284491025207,3.609697416048738,25.947475749535435,25.492735305345864,-1.7525421300286337,0.29587326936714176,0.283345236604135,-4.234256372602896,0.1591360995658273,0.1439046153147574,-9.571357028748428,0.3245138345549484,0.3126571084879626,-3.65368893540291
CHE,2019,EU-SILC,7319,4.302914248460774,0.5519623667129858,Y,387.1457931607499,31,0.3739317403483628,3.6036380655829303,77.1028851276444,75.77203721157339,-1.726067596391212,0.3314105104061834,0.319695360560033,-3.5349361225122555,0.19057279997497645,0.17514558174489459,-8.095183694686526,0.33973378892930506,0.3282531634267525,-3.3793004630874646
MDA,2011,HBS,5672,2.2591047160587427,0.5134223521166876,Y,44.67311079510228,40,0.6053413237356439,3.6014914277669137,11.217984012404692,11.084394080070638,-1.1908550786516758,0.30628575662201574,0.29795835890024214,-2.7188328355896574,0.15511505270517878,0.14516723918481,-6.4131838573244115,0.25569349236256567,0.24694195362140714,-3.4226677653372173
JAM,1999,SLC,1865,2.459279118676686,0.7740146579470536,N,119.26204041567193,10,0.24318662637732652,3.599253250217935,13.948268126258672,13.73626396501083,-1.5199317888700992,0.4404908713061818,0.431867883727704,-1.9575859887647984,0.33100327306776967,0.31668032878592767,-4.327130710550264,0.4578393632275335,0.4494950798547561,-1.8225351603572082
NLD,2009,EU-SILC,9159,4.073711363198505,0.4582357088794031,Y,232.39034743368367,77,0.5453554463238994,3.598697367272665,57.80914202003931,56.99611936458186,-1.4063911468805812,0.2929801216931298,0.28292789522791684,-3.431026790186731,0.15155729462102974,0.13964543467966894,-7.859641445267607,0.3040184845076692,0.29428877218583693,-3.200368667579101
LVA,1997,HBS,1951,2.1619632581978268,0.5952581820564966,N,51.81801166501956,12,0.549429955312206,3.596852312694744,10.01950210184432,9.943819087108425,-0.7553570423620592,0.34392591752122037,0.338958128842084,-1.4444356839812378,0.20168805504353138,0.19534305851240585,-3.14594561872098,0.3336979883093697,0.32871847823485,-1.4922205853705073
PRY,1995,EH,2747,2.392985340892427,1.132605630493494,Y,327.27547006762813,8,0.14706414339812515,3.5953098568762742,15.00252595003324,14.944443522378418,-0.38715098942850856,0.5789705731660482,0.5773363815681356,-0.28225814465424603,0.6428756273132712,0.639151253387451,-0.5793303972939756,0.7272250143236523,0.7261653262047807,-0.14571667613182404
VNM,2006,VHLSS,9187,1.3844823485404751,0.5968184882753743,Y,23.92533198626317,59,0.5637312532180837,3.5890180619000973,5.053987756947772,5.007473797347445,-0.9203417546151393,0.3578861557948061,0.3519414807273993,-1.6610519773263333,0.21163456470692044,0.20375375147621932,-3.7237836086060683,0.33066804207078293,0.32455246768985,-1.8494603659412023
VNM,2016,VHLSS,9397,2.301941728120257,0.6068011913826088,Y,61.703786728908106,57,0.5072528717281168,3.58859228771748,12.099562010342417,11.978352291339053,-1.001769476446801,0.3526707273766063,0.3461409937978225,-1.8515099416830605,0.21222396405268906,0.2035714213376627,-4.077080905377006,0.34414188101919996,0.33759822822380925,-1.901440410568811
CYP,2005,EU-SILC,3497,3.648153358868642,0.5382506795633979,Y,193.0415397399078,28,0.4858688462710334,3.579688480542315,44.94483842095226,44.2738819193572,-1.492844395858972,0.3005625843349995,0.28998697166472864,-3.5186058483192784,0.15147599351994145,0.13839801148391384,-8.633699460968336,0.2564006595728545,0.24530696009774755,-4.3267047337507964
ZMB,2004,LCMS-IV,18199,0.7717357986971319,1.067051713599644,Y,53.13792753601022,55,0.09247839222740942,3.5792174821012113,2.910402343209778,2.8553738147903984,-1.8907533024691836,0.5429478131250264,0.534145852806525,-1.6211429728098858,0.5243633653709048,0.5057909200068903,-3.5419036856011887,0.6081859725609802,0.6006377913809394,-1.2410975459128837
CHE,2018,EU-SILC,6670,4.33962515170104,0.528137529788482,Y,373.91845581676756,38,0.4973343822525583,3.5755782801343736,78.50205102763292,77.55477378399351,-1.2066910752509652,0.32676333999047225,0.31856973678919054,-2.507503810409273,0.1816719557563058,0.17133249314033705,-5.691281614118838,0.30451706157104863,0.29616269780243054,-2.743479700453133
IRN,2022,HEIS,37918,2.351097426797481,0.5957570890793982,Y,62.700454350725614,169,0.5581844823624563,3.5664074038038134,13.475620001297125,13.3450086984189,-0.9692415107108499,0.34803439025529337,0.3416798372020209,-1.8258405580584225,0.20337053727279297,0.19521537150383894,-4.0100035522918525,0.3282501881670292,0.3217995912898859,-1.9651464369796368
FIN,2005,EU-SILC,10614,3.81045602513855,0.507611579019093,Y,207.11843143492726,70,0.3168709729885548,3.563946168249318,47.997966381790846,46.9436428870159,-2.1966003442490223,0.2789378332407133,0.2627620052215417,-5.799079971060239,0.1355941901118527,0.11532018464473337,-14.951972094375975,0.3835880150628168,0.36984523776844835,-3.5826920432114995
SWZ,2000,HIES,3666,0.9241001020457787,1.01186679683646,Y,52.44161694204054,16,0.16979362535889886,3.561597581919923,3.526331770588286,3.489780546119257,-1.036522563585418,0.5311352021565985,0.5262327556689036,-0.9230129104207729,0.4782980637318649,0.46839822552702914,-2.069805202135555,0.5446052778387527,0.5398412657360381,-0.8747642185217952
PRY,1997,EIH,3961,2.425788086146508,1.0673504814310213,Y,278.06072648780327,13,0.1505623069902939,3.5577217352198844,16.02829936908849,15.876711723282325,-0.9457500282189057,0.5483819096879016,0.5440775931104644,-0.7849122119813923,0.5917476773238657,0.5826671326762529,-1.534529833505871,0.7253079335326045,0.7226867286148584,-0.3613920097329637
DOM,2010,ENFT,6881,2.1227904769028654,0.8212688471110469,Y,98.1598250626775,21,0.31272204991429503,3.5549467917915734,12.233376883073477,12.105454261169175,-1.0456852848316989,0.4731412712950479,0.46759476153133983,-1.1722735048089516,0.38463857036706495,0.3751585474854089,-2.4646573724026566,0.5122900860312727,0.50716138160188,-1.0011328677322129
PSE,2006,PECS,1281,2.5020930519156765,0.5918736285539267,N,72.07548247548412,13,0.538283140448815,3.552332616739426,13.433588856302555,13.344353268324118,-0.6642721385400341,0.33959282818783765,0.3351986813899357,-1.2939457000167964,0.18965311484891156,0.1840562166612396,-2.9511237883600105,0.2977012919604979,0.2930912036017632,-1.54856175744994
CRI,2014,ENAHO,10694,2.7890056684620452,0.8659495605551809,Y,218.5149318370217,36,0.31007465009345986,3.5453140236716583,24.907324794695096,24.70184132612293,-0.8249921268779992,0.48571000886397087,0.48144385393423383,-0.8783337489205012,0.41926250778234353,0.41172239954215195,-1.7984217763888255,0.5816682380786783,0.5782005269178017,-0.596166497302808
BOL,1997,ENE,3799,2.344359179297059,1.135171550033871,Y,314.1510211618528,15,0.10046671235061437,3.5425900862362814,13.58238389527059,13.416832912699377,-1.2188654351675265,0.579682234292727,0.5745023111009975,-0.893579772726627,0.6856460058626757,0.6737585912062241,-1.7337539422394688,0.792195610577468,0.7896320455078449,-0.32360253394415617
GUY,1998,GLSMS,1981,2.003994741990005,0.8135787335090726,N,85.17695725627397,11,0.25957170668397145,3.5320948751180614,8.365285908112154,8.290911354914337,-0.8890856094433408,0.45118141707078663,0.4462680790615221,-1.0889938777096542,0.4373185144374112,0.42904664279213023,-1.8914981580238743,0.847546659282793,0.8461802564716365,-0.1612185944208422
ITA,2005,EU-SILC,18571,3.830043061296781,0.5780283186130826,Y,260.89760625174534,107,0.4211510843929663,3.5298495402414263,49.13145548780817,48.49596213004237,-1.2934551835605435,0.34103074115602405,0.33241965435158816,-2.525017766798998,0.2142525510700959,0.20286293249037746,-5.315978046857495,0.4651252082169214,0.45818156360702467,-1.492854931796861
CHE,2014,EU-SILC,6751,4.303327037837144,0.5305257223554453,Y,363.18204317356026,35,0.5161024804233384,3.5291479206150322,76.78760512129803,75.95204848514055,-1.0881399867043395,0.3246218724169969,0.31721766779920857,-2.2808705287354125,0.17642929042076805,0.16713792689751816,-5.2663384300253195,0.30013477531764954,0.29256803682951693,-2.521113549779197
PER,2009,ENAHO,21080,1.9868944414823342,0.8984378522235603,Y,108.0082915893827,63,0.23383197078462642,3.5281959122948314,11.143461971943886,11.00285671899589,-1.2617735251576279,0.4700265121904156,0.46326613241963777,-1.4382975418286814,0.40171859726436754,0.38988469667740233,-2.9458184578836977,0.5610227087311337,0.5554257213272401,-0.9976400806577468
LUX,2013,EU-SILC,3681,4.335212090123312,0.5684474602459387,Y,420.1259178967652,14,0.36768883917450135,3.51913967956619,78.5854290102394,77.36465410616856,-1.5534367114185654,0.3434714851189591,0.3331286553480233,-3.0112630069869195,0.20157404380364508,0.18737912596636086,-7.042036548669728,0.3578248612300403,0.34776699547793566,-2.8108348082719115
MYS,2016,HIS,77110,3.1293973623347027,0.7461773839958299,Y,214.41845744536124,315,0.30965285875446963,3.517638450213391,29.36365161237669,28.994697396049823,-1.256499774610298,0.4106639836522865,0.4031796482564014,-1.8224961754187308,0.2857457340936742,0.27419616752674614,-4.0419034088333365,0.41659671389099706,0.4092108502191606,-1.772904928330521
SVK,2009,HBS,4668,2.8043821900600276,0.43517832217534824,Y,60.9416687446049,51,0.5916639165235215,3.5083451635905423,16.559057528713623,16.33867849885794,-1.3308669860802258,0.2601609668894629,0.25021449348697,-3.8231997372299653,0.11262362379967428,0.10157252530247973,-9.812416013936243,0.18768913725598613,0.17703830524435304,-5.674719468237843
IRN,2011,HEIS,38467,2.388892235583031,0.5886091774185132,Y,63.73410169998144,179,0.4924256448759823,3.5039153931395237,13.670483066139855,13.505323966970895,-1.208143840783793,0.3466199584882944,0.33865190243305265,-2.298787435666616,0.2017328469625288,0.1912306425928949,-5.205996211209296,0.32654011854424814,0.3184238143546324,-2.485545796271249
MDA,2013,HBS,5081,2.313598762262155,0.4655933294097658,Y,40.869282856938845,48,0.7120005825079307,3.5025489858609062,11.721873500732071,11.6022986713165,-1.0200999815268674,0.2853415890408455,0.2780030398133062,-2.571847045573439,0.13308547769196233,0.12487365508351056,-6.17033710278948,0.2236295844394086,0.21589661428556584,-3.457937004724876
MDG,2012,ENSOMD,16903,0.2511776461351103,0.7317746160314005,Y,11.547875656755172,104,0.34758718915895903,3.497847489443337,1.590917926149594,1.5754089798135533,-0.9748426415419287,0.42638994084554127,0.42075825531585553,-1.3207829243152336,0.308063007130881,0.29926226952968193,-2.8567979268799504,0.4404193422831284,0.43494453391179577,-1.2430899022171205
MNG,2014,HSES,16165,2.30475549216791,0.5467174724208239,Y,51.671579427812844,104,0.5433987796449776,3.4941929203795827,11.207575181999532,11.096743615477905,-0.9888987111113301,0.32037789901810343,0.3136096934891799,-2.112569421819288,0.17017064810572569,0.16169268057500963,-4.9820386918011605,0.2765579302890776,0.26945976025452656,-2.566612364769849
GNB,2018,EHCVM,5351,1.2881501466568959,0.5962686331603282,Y,21.69227152391381,45,0.46844865756355586,3.478939416002841,4.206295691478688,4.161578367463023,-1.0631046244859998,0.34765230380270484,0.3406691650422238,-2.0086559715260965,0.19600795576499186,0.18687093773104335,-4.66155467939452,0.2999111103288168,0.29250579609662997,-2.4691696896683046
SLV,1991,EHPM,9832,1.849632705754693,1.0765631726088507,Y,160.66512398467287,33,0.11152738133667889,3.47675392603592,7.929459591658352,7.832957399493373,-1.2170084360666578,0.5264131963649075,0.5205839968073045,-1.1073429765545262,0.5331056385388686,0.5212570102946816,-2.222566671150128,0.7462409340592053,0.7431155345863493,-0.41881908780524446
SLV,2019,EHPM,20182,2.3472972155848306,0.6863729154088926,Y,81.97513436375836,110,0.3950710790721104,3.471861608353542,12.951726293161931,12.825920328272323,-0.9713451476814239,0.38778763910127034,0.3817990021839921,-1.5443083567999727,0.25465026764110643,0.2459960117082236,-3.398486878906315,0.38790484709809325,0.3819527068227524,-1.534433075500008
BFA,1994,EP-I,7773,0.3113165121879635,0.9720142151235189,Y,25.21298545316239,58,0.14197504788924475,3.4714903758281284,1.5955776765461172,1.5759834992373924,-1.2280302987905611,0.48072493371388203,0.47427722993549604,-1.3412459654575604,0.38525559094510764,0.3734373780657104,-3.06762916805563,0.47426853512172185,0.46773930316750534,-1.376695157004415
DOM,2021,ECNFT-Q03,5653,2.473806490120448,0.6663869651850588,Y,87.61632908715872,21,0.29031959659176493,3.4673099143766173,14.046765286362941,13.814087774094016,-1.6564490651439612,0.3851604484910891,0.37482594571302563,-2.6831682273063318,0.2504576539220533,0.23530233689305913,-6.051049665150499,0.38039145349933645,0.3700191127184549,-2.7267544224412132
VNM,2012,VHLSS,9395,2.083071543829789,0.6293557785185767,Y,53.044908204342846,45,0.4632325338380619,3.465309528516379,9.897621437692278,9.8003594912625,-0.9826800008675196,0.35645886389157355,0.3500921607444263,-1.7860975815385705,0.21266444928180928,0.20411112369673567,-4.021981865779212,0.3343745268356565,0.3278550026027627,-1.9497670156250035
MDA,2006,HBS,5739,2.1174388871803935,0.5942167136877252,Y,49.40684751459047,43,0.5124587239314233,3.463315679466823,9.727035020625133,9.643346791916606,-0.8603673013521052,0.3540092660653278,0.34842427020948863,-1.577641149881237,0.2119543435636917,0.20463104581347968,-3.4551298298878153,0.3620500730204341,0.35659997005488075,-1.5053450811611246
ARM,2013,ILCS,5182,1.9836806197653534,0.5119882414315897,Y,33.77244874008514,31,0.42899873300664126,3.462157989580759,7.810947098098553,7.68540314628009,-1.6072820650523179,0.3057966322595166,0.29448124369706796,-3.7002986196544296,0.1565596738229611,0.14239167165410427,-9.049585900950529,0.25670272188718746,0.24473584785182234,-4.6617635946315295
POL,2019,HBS,35880,2.998536860186767,0.4857709342753095,Y,86.12930064546552,298,0.543338759014171,3.4597681534789646,20.49929469132961,20.258040495185842,-1.176890228549221,0.30239472374736664,0.2941134215137263,-2.738573653341536,0.15010213049644605,0.14012887713754862,-6.644311660275582,0.24447149355685271,0.23566603563198985,-3.601834224821443
BRA,2012,PNADC-E1,61138,2.5457914225477376,1.037204610911004,Y,286.404530939476,278,0.1682690389046067,3.4567822304332183,19.751886086842504,19.551036550008224,-1.0168625717625668,0.5333386641172616,0.5285515732867359,-0.8975705593084915,0.5195835703865481,0.509861607607434,-1.8711066579494284,0.6394880271114842,0.6357879120672216,-0.5786058358239643
BOL,2009,EH,3625,2.563253608028389,0.989828573846792,Y,252.83556319367503,7,0.11744601131877463,3.4525124858232554,16.512364643929125,16.239218477059136,-1.6541917088199298,0.49173315336378576,0.4831965532728235,-1.736022888138855,0.48057417339642194,0.4645976260800304,-3.3244706438297467,0.6814428700568378,0.6760880255962256,-0.7858097422261623
BRA,1984,PNAD,46372,1.692394671278683,1.0406775221007631,Y,123.27618412009768,280,0.14645309453998726,3.45194969849703,7.317668687150605,7.245608231442194,-0.984746082245358,0.578181429816921,0.5739925865458779,-0.724485958044252,0.6114667371259626,0.6019943158569605,-1.5491310800526348,0.7198667941688406,0.7170823151761061,-0.38680475544776716
BRA,2001,PNAD,88748,2.17230023609845,1.100734073650969,Y,238.53175760758998,277,0.12999384710706463,3.424751013915154,13.90738178649012,13.741165196034451,-1.1951680985498925,0.5831407972617448,0.5781050670454033,-0.8635530629974464,0.6506384830257201,0.6390852220323671,-1.7756805499155148,0.7399096943144685,0.7367649730043648,-0.4250142056886119
BRA,2020,PNADC-E5,40129,2.7521918138651493,0.9552370588067004,Y,275.3114466989949,265,0.17287430027719516,3.422369526813846,21.050559479617867,20.806074283827513,-1.1614189923411566,0.48865008124159015,0.4826496095558279,-1.227969034716192,0.41978192591109575,0.4086881105699347,-2.64275678784478,0.55141252599681,0.5461481545334808,-0.9547065427671697
GEO,2019,HIS,13868,1.9405374875880037,0.6446712863875199,Y,48.16108581556013,68,0.3122099537491512,3.413419416331701,7.9745021426276494,7.852662641885259,-1.5278634147089631,0.3590076519433577,0.3490777105393632,-2.7659414361344004,0.22141043255430914,0.2073805015089023,-6.33661697127369,0.3527424732988662,0.34276404077080114,-2.8288151508227055
YEM,2014,HBS,9368,1.4799230016126308,0.6470325034628072,Y,30.600627399538922,53,0.3284645409577124,3.4019976529062506,4.488544542017293,4.4363565723662886,-1.1626924755335,0.36707094364810255,0.35964426704493513,-2.023226499313202,0.2220106649961775,0.21152278103040856,-4.724045111053343,0.3318710987404465,0.3240722577988393,-2.349960864686995
CHE,2015,EU-SILC,7436,4.306881826912768,0.5455055243466683,Y,381.22829682964124,45,0.4644951137908086,3.400677088137006,77.71382402574349,76.84181462894652,-1.1220775810853234,0.3252565867811765,0.3176212009648427,-2.3474961389392868,0.17831152269665385,0.1685572116395111,-5.470376176270408,0.298911066540412,0.2910714455851572,-2.622726902014827
BRA,1987,PNAD,26229,2.0066520899727207,1.1649494747823428,Y,245.05937161757356,116,0.09621076985870625,3.398477933237927,10.836052233427123,10.703564897484146,-1.222653168229293,0.5917946609994517,0.5867466977962439,-0.8529923529020267,0.6584491212367205,0.6464969500369573,-1.8152004178112136,0.7249126813566611,0.7215085546357154,-0.46959127747289164
SLB,2012,HIES,4362,1.2968464047511894,0.647131678959582,Y,25.488858665989135,43,0.34748359114470084,3.3914184153143743,4.024132837486206,3.9762272568133623,-1.1904572390500356,0.37054926988403813,0.362983449900248,-2.041785154821063,0.22934985896304672,0.21861679441480897,-4.679778133182577,0.3482647124692484,0.34047558740311024,-2.2365530549770862
NLD,2019,EU-SILC,12503,4.0858575049222505,0.44976817786515416,Y,229.3300055593796,104,0.5669295643702144,3.3846895133545685,60.40048251682104,59.65625332054662,-1.2321577001759287,0.28121080421147604,0.2722691805677597,-3.1796870923181286,0.14013224092820797,0.1297522585415143,-7.407276382607431,0.3210084951139517,0.3127169412398174,-2.5829702329811965
LVA,2019,EU-SILC,5223,3.1468035436182156,0.6191631487433857,Y,149.05166485670372,30,0.5585059411130345,3.384131981116225,31.714839920369222,31.474030283416774,-0.7592963973870992,0.350737011211535,0.3457904397018069,-1.4103363350909004,0.2163982140139873,0.21006965390063925,-2.924497386535263,0.40399287336286116,0.3995140114934427,-1.1086487323739513
NER,2007,ENBCM,4000,0.5678644654542684,0.6981680669856238,Y,14.330192375394551,40,0.2945116878996782,3.383303102098331,1.7935168664792618,1.7750408461430576,-1.0301559289193296,0.3730445425329092,0.3665312964767733,-1.7459700688588153,0.2288151702001494,0.21936986780978596,-4.127917909508117,0.32413264854340584,0.3171375572450542,-2.1580952519859697
BEN,2015,EMICOV,19871,0.8912001170987142,0.8209764218896466,Y,28.62067568723417,144,0.25510642654529553,3.3723674680110602,3.0038466470482326,2.9755590829330587,-0.9417113268072819,0.4775591411524881,0.4726024316085228,-1.037925801609274,0.4460352576125708,0.4372978667565782,-1.9589013888184459,0.6381877659088968,0.6347558909953323,-0.5377531655870849
CHE,2010,EU-SILC,7488,4.243380679064998,0.5510631046282933,Y,363.78753164746456,42,0.4104535625116017,3.3617895256277865,73.9532861491692,72.96031120516892,-1.342705639878361,0.32855856289379226,0.3194407683535845,-2.77508960956685,0.18511722231031413,0.17321175870074335,-6.431310637112697,0.3203441660869021,0.3112035443934945,-2.8533754196503502
NLD,2015,EU-SILC,9272,4.045383775513756,0.4643835791525542,Y,230.10472076394078,84,0.5363053727824021,3.3509878655706955,54.61727553851981,54.021121243201655,-1.0915123272630223,0.28631418711590473,0.27846330750382375,-2.742050504435123,0.14273760943016933,0.13348224140898513,-6.484183151261302,0.2693120242913085,0.26141697133762,-2.9315634808599
EST,2011,EU-SILC,4737,2.9819172484727114,0.5026441016095782,Y,89.108038859902,26,0.6705752129795919,3.3497245067234753,23.717853206158843,23.520906886210167,-0.8303716117845528,0.31937361400586994,0.3137010386225253,-1.7761565560141745,0.1878201621293183,0.18117958647761245,-3.5356031942585853,0.3802905891287731,0.3752430109494117,-1.3272950537443373
SVK,2011,EU-SILC,5187,3.15562220380432,0.3954327021534735,Y,76.85498313708065,35,0.5799024163136601,3.3451177475957894,23.685419814120106,23.33879853659479,-1.4634373392810929,0.2731571995200083,0.26238302093362065,-3.9443143381613255,0.14339049923092873,0.130668396450758,-8.872347086038046,0.3184810821252596,0.30856233791441323,-3.1143903884832014
SEN,2021,EHCVM,7119,1.5669695148764893,0.6369753265573395,Y,32.391482244535595,69,0.4455636615501095,3.3366390464251054,5.774327144179136,5.725983364337238,-0.8372192748142271,0.3615772121434071,0.3562051154261383,-1.4857398466632699,0.21470127398298233,0.20744452965439364,-3.379926068423733,0.32555676462603644,0.31993863600125905,-1.7256986293099685
DOM,2000,ENFT,4060,2.3983014525457724,0.9481698734114016,Y,189.20121394178253,16,0.1296198250649794,3.326413862773619,13.97589926751365,13.756245299363957,-1.5716625023211805,0.5140869088705229,0.5063354966547716,-1.507801907031936,0.4774653820186594,0.46224924921733646,-3.186855712343206,0.6163080521245647,0.6101860614648236,-0.9933329020507142
FIN,2019,EU-SILC,9159,4.045937301267857,0.4644434022984567,Y,230.27344824853628,86,0.5407283762388515,3.323671406116701,57.85543195550728,57.1776613843403,-1.1714899504824516,0.27302782352571786,0.2644394814019332,-3.1455922743989895,0.12733016900357308,0.11757399173546235,-7.662109729734956,0.23093422421701926,0.22204472633239825,-3.8493635643485846
FIN,2004,EU-SILC,10425,3.789674318584454,0.49799152040507316,Y,197.08771428075607,77,0.36247890462325444,3.3235148271624277,45.791603146895326,44.984113814584774,-1.7634004420421845,0.27676631442774147,0.263806202132139,-4.6826913609048,0.1330099798154607,0.11717564312398432,-11.904623031628969,0.36972773580336915,0.35853346520191554,-3.0277064762615047
ECU,2013,ENEMDU,19250,2.4333286839905934,0.8653908404253738,Y,152.8567495357492,52,0.19195210748458352,3.3195444708232484,15.314315973746355,15.099362196761758,-1.4036133076599455,0.46811049498004365,0.4605505171147708,-1.614998583955085,0.386072537102478,0.372819986986642,-3.432658073868211,0.5329886402149063,0.5263540391431485,-1.2447922096581077
MLT,2016,EU-SILC,4085,3.6954310503195678,0.47472146182195035,Y,167.2676854109495,37,0.6299945229216606,3.3187440339169574,45.6287857904177,45.168260440956296,-1.0092868821377166,0.2943377335357318,0.28717394761583614,-2.4338659654134953,0.14796893124130772,0.13984833888702664,-5.488038797170214,0.2975600834526647,0.2906127385251346,-2.3347704594374186
VNM,2014,VHLSS,9393,2.133729551823741,0.597172760031332,Y,50.665633064014486,52,0.46889025292587677,3.3150555305277414,10.47752683091805,10.367757213267529,-1.0476672541329335,0.3475537549663892,0.34066849281091816,-1.981063952578177,0.2053963150803373,0.19640677264188078,-4.3766814584479725,0.3333243835140349,0.32637585502537225,-2.0846145173685104
PRY,2020,EPH,4581,2.5910979235955858,0.8065481705374453,Y,150.01607202772198,30,0.3066538881343015,3.3130310443869013,17.204100805242756,17.09415372235681,-0.639074858550237,0.43481944000855954,0.43119359181289885,-0.8338744458134872,0.32409206096982945,0.31827980774681386,-1.7933957424389635,0.45906764534452127,0.4556055046363059,-0.754167875546341
BEN,2018,EHCVM,8012,1.3885256700581325,0.6715205612195074,Y,30.05675277532129,69,0.3462000542441528,3.309784148830185,4.658511326484804,4.608381151441545,-1.0760985973836013,0.37948644510568486,0.3727547758472185,-1.7738892509300608,0.23662627103430456,0.22698682781122903,-4.073699501302652,0.3481111366603118,0.34108065260616693,-2.0196090597943805
KAZ,2007,HBS,11993,2.184441229174042,0.5167678588514768,Y,41.87733734277772,83,0.45901856884207115,3.309377881009369,9.516655762100308,9.39393841583754,-1.2895007377642487,0.300840563208862,0.2917293363054352,-3.0285898970017655,0.14911969494217026,0.13790131584646304,-7.52307004118925,0.2413424614185733,0.23159887778289967,-4.037243831194215
CRI,2018,ENAHO,10239,2.9405565228494197,0.8497270109240173,Y,242.19363615810747,41,0.2433140810874331,3.3052207172156787,25.687226491751343,25.427498180338205,-1.0111185475650375,0.4788596333388285,0.4735448764535284,-1.1098778254168606,0.4075321928505886,0.3980656709949133,-2.322889337762324,0.5628497611401128,0.558395160887567,-0.7914368202844191
POL,2000,HBS,36140,2.607856812912515,0.5622174117570391,Y,73.29622069746488,214,0.4231217596735961,3.3024061855581865,14.412837867383294,14.24699967692571,-1.1506282939106716,0.3296553693346387,0.3218752600850252,-2.3600735717778543,0.1805307666226703,0.17053211059349316,-5.538477577107659,0.289398949287904,0.2812462279821397,-2.8171219438857253
IRN,2021,HEIS,37938,2.280204782610536,0.6035111430602698,Y,59.784008678446725,159,0.5420479698159721,3.3024020695879663,12.89084504073457,12.789195512638102,-0.7885404546812858,0.35468728992153853,0.3495781392369165,-1.4404662444352678,0.2114132160339519,0.20482253247137416,-3.117441608531857,0.34168284620619516,0.33655196580708824,-1.5016499821622897
UKR,2006,HLCS,10495,2.322021030741409,0.4909490256259701,Y,44.47237045188652,71,0.5527542097494653,3.3012210434053513,10.973012481676742,10.856591984384313,-1.0609711552486911,0.29794392261333924,0.29044365972332364,-2.517340452602268,0.14629614145908887,0.1374952958508766,-6.01577425107509,0.24214382134122892,0.23422323809527268,-3.271024303690395
COL,2019,GEIH,185024,2.578455338146855,0.9399895783374658,Y,221.05777068225154,514,0.16258568990115102,3.2987132644532164,15.595520343711446,15.44047714701678,-0.9941521236717321,0.511687445011674,0.50679063138259,-0.9569931169548851,0.47340454028304535,0.46390070644372106,-2.0075502093076736,0.617833929964437,0.6140003409141133,-0.6204885915774172
DNK,2004,EU-SILC,6797,3.9379708886922806,0.4145943800339162,Y,177.99474525091046,53,0.559219899408826,3.289567473386728,51.43945484700705,50.74270130721757,-1.354511905038236,0.25587693549688195,0.2456915609150887,-3.980575491110405,0.121022855963135,0.10983373343304326,-9.245462306310214,0.8915763796238277,0.8900935791570281,-0.16631221964686915
FIN,2009,EU-SILC,9546,3.914737363818155,0.4913080067660581,Y,218.91015272714412,97,0.49597310554213614,3.285287336663915,52.860637898292126,52.20974953816761,-1.2313289926180526,0.27829438805301665,0.26931629344970043,-3.226114139824421,0.1327529101853,0.12208286493260001,-8.037522671108643,0.23766792572229944,0.2283364924384641,-3.926248464312576
BOL,2006,EH,3571,2.449230874751526,1.0912171085174436,Y,305.7849876706648,6,0.1181946875145982,3.2827177383353616,14.964733655872672,14.834905300300592,-0.867562086687268,0.5659064336272217,0.5621118298441163,-0.6705355439738603,0.6449532313101582,0.6365515047583461,-1.3026877212080734,0.7681555553593923,0.7661271935749198,-0.26405612383074706
BEN,2021,EHCVM,8028,1.5203913507401245,0.602231537829351,Y,27.857046881643917,60,0.41061341748482455,3.275142490080075,5.017792312863353,4.967837236971862,-0.9955588588915654,0.3439580737077136,0.33738238348266814,-1.9117708603733186,0.19570664060555631,0.18703110123934885,-4.4329305021861165,0.3075375441207856,0.3006658370743115,-2.2344286666265534
TUR,2014,HICES,10079,2.852769116333484,0.7024293184635808,Y,142.6019342030163,54,0.35403981178034677,3.2728748460680372,20.63729679905374,20.466731522656602,-0.826490397739299,0.4123656292955369,0.4074797435098758,-1.1848431194442344,0.28819516441068505,0.28075709694377693,-2.5809133481187407,0.42239557538081307,0.4176149877764237,-1.131779754103579
SWE,2009,EU-SILC,7472,3.8392487592678153,0.4339157481265251,Y,170.88588655436496,31,0.4975336120407976,3.268932685495375,48.128194775532464,47.405131209418066,-1.5023700130177953,0.2794511575048748,0.26849043422574614,-3.9222321986401076,0.14924975314516908,0.13654431954411983,-8.512867414052739,0.5570405789922892,0.5503758953745396,-1.1964449034945202
DOM,2002,ENFT,4111,2.348572617207358,0.8850716242517496,Y,148.97633829753295,25,0.19720204123441673,3.262741138016133,13.02932323239476,12.897994523365346,-1.0079472792791755,0.49579662062955443,0.4906721672263187,-1.033579736128254,0.44602534235749713,0.4365363036299845,-2.1274662729605542,0.595967196473945,0.5918604234506716,-0.689093803748142
GRC,2009,EU-SILC,4800,3.617526792585813,0.6065110783617191,Y,229.765684748846,34,0.4089945253486771,3.262640936155481,40.814626223387194,40.42272059203679,-0.9602087967323758,0.3346859722850315,0.3282541435954256,-1.921750303932157,0.19869124765570678,0.19029879802492156,-4.223864780056996,0.39368457480801455,0.3878708166052439,-1.476755396272711
TUR,2017,HICES,12094,2.900919884329677,0.7241769149186053,Y,159.72452762951795,55,0.3174525352579085,3.2571456637423606,22.078205055334124,21.86613531913078,-0.9605388466672804,0.4140566673282934,0.40838767326513237,-1.3691348335821418,0.28992056910728037,0.28123753182661826,-2.9949711079137353,0.42046762504418944,0.4148822369029588,-1.328375315612862
FRA,2012,EU-SILC,7930,3.984120870671152,0.6189328020729863,Y,344.0955143714623,52,0.2862569394188409,3.2561956015497575,58.407972249070625,57.49109171385924,-1.5697866231368263,0.3329475046298662,0.32232309768513434,-3.1910156397005895,0.1899522249979868,0.17544126171593177,-7.639269970230056,0.30748944263787303,0.2965166916855878,-3.5684968102165704
ISL,2012,EU-SILC,3070,3.826262202712136,0.4211195212150706,Y,162.328290030402,25,0.6315990025600943,3.2544104812369086,47.735562705145995,47.207315409897184,-1.1066116440518359,0.26830799425572427,0.26014940674551457,-3.040754537650392,0.13185450053591685,0.12291468629400049,-6.780059994600773,0.7928559460185267,0.7905587239901539,-0.28974015266061137
BEN,2011,EMICOV,17966,0.8989704033202274,0.7462337566773741,Y,23.05013608552012,148,0.32080136577951274,3.2445377142191343,2.9957622525411147,2.9725087678054622,-0.776212622210859,0.43439707071247635,0.4299854705121132,-1.0155685886940824,0.31054270502399495,0.303552956620204,-2.2508171310129055,0.42131957313363877,0.41682172679067797,-1.067561687084051
MDA,2015,HBS,5069,2.3638536975802436,0.4464333653302843,Y,40.575068172972934,47,0.7262419092348401,3.2388826596572313,11.800105079141009,11.712586671684113,-0.741674814503146,0.27028158045794126,0.26484884225802474,-2.0100290188890257,0.11875015541177181,0.11290613088692014,-4.921277369774579,0.20173570432324384,0.19600735583642037,-2.8395313095617714
POL,2008,EU-SILC,12043,2.968714503041126,0.6030278060679721,Y,118.84236145158326,64,0.4153427880567485,3.2356272826521995,22.047506463967565,21.82773450712041,-0.9968109418919013,0.339584095134732,0.3329526767254689,-1.9528059482974314,0.20254462224960568,0.1938125470132106,-4.31118592012486,0.3928323078757672,0.38678744481796923,-1.5387896913279464
LVA,2016,EU-SILC,5945,2.972181358222369,0.5767532046509837,Y,110.2158782591132,41,0.5066908443524586,3.233486147177251,25.59811700852867,25.328859205281244,-1.0518656632349854,0.3412624553647875,0.3342824187365555,-2.0453573249863632,0.20931664324809818,0.2004255929540717,-4.247655683780538,0.46056490817740436,0.45491701698995957,-1.2262964648772745
CHE,2009,EU-SILC,7337,4.2482114973124165,0.5893134215620112,Y,409.9977869490122,38,0.3595142094645739,3.232046750089441,74.26698336037913,73.34064004086252,-1.2473151292836882,0.3379469993567803,0.32960255268377003,-2.4691583854546395,0.19689695165050214,0.18577108917454055,-5.650601689207624,0.35003748842844096,0.34190676796669695,-2.3228141929164225
URY,2008,ECH,44389,2.9421508578162583,0.7860847400645825,Y,200.41797844977933,214,0.22881474428545745,3.2293942309459442,22.64095423212881,22.368374447217278,-1.2039235719346397,0.45072546812960357,0.444044191749135,-1.4823383307347116,0.34753831699296045,0.33632218113634593,-3.227309136345302,0.47702789434260806,0.4706756010513097,-1.3316397985598916
ISL,2013,EU-SILC,3009,3.8424174694067674,0.4173039331573966,Y,163.09441542960994,21,0.6329440319166783,3.2254411683336484,48.72995184191822,48.190492282750945,-1.1070389745454823,0.26769424720934065,0.259518283832901,-3.054217063561304,0.12442598139866723,0.11533756114623284,-7.304278535939068,0.2379202104604543,0.22964010444456662,-3.480202879722971
MDA,2016,HBS,4965,2.3367342387309566,0.4317867596313764,Y,37.79188955720356,35,0.5324154347630361,3.2237423453182736,11.455085668716867,11.287013074413109,-1.4672312295555767,0.2634538676115892,0.25250946442416766,-4.154200994140222,0.11581469728421467,0.10328921634709376,-10.815104844925505,0.1941683276854126,0.18246617859220626,-6.0268063451449745
SLV,2010,EHPM,20007,1.9828273040873412,0.7600453463485626,Y,71.02012894531359,71,0.341570902202005,3.2217827918223776,9.77879666928577,9.706329176130955,-0.7410675935458189,0.4350397271715486,0.43083290834891796,-0.9669964740879333,0.32631337930908644,0.3196672640266873,-2.0367277910795845,0.4699165488151946,0.46598402877736644,-0.8368549794092739
SWE,2016,EU-SILC,5753,3.9850706436800154,0.45273900789363436,Y,209.19935883857806,24,0.413321358191826,3.215076696899261,55.17155365858607,54.26241152487181,-1.6478458071712776,0.2916527165995111,0.27980210748320544,-4.063260323605544,0.16620904658457158,0.15145087833361925,-8.879280974301828,0.7782160828254028,0.7745157007234915,-0.4754954547426693
DNK,2010,EU-SILC,5781,4.017812338432428,0.42246814120002457,Y,197.3969669788391,34,0.49352143541185844,3.213279487071233,55.80272243037369,54.983821342184626,-1.4674930765444794,0.2670156012520817,0.2561271334417692,-4.07783955666059,0.1407885785846621,0.1283779185096674,-8.8151043214998,0.8607117024957379,0.8586461581624435,-0.23998097473347801
LVA,2009,EU-SILC,5571,2.8677712532598623,0.6461590908445762,Y,122.27205557619493,22,0.4064146154183052,3.2064087977946247,24.061952524381045,23.78735946615217,-1.1411919209409094,0.37110039144446083,0.36385834347573365,-1.9515064213590394,0.24984733674149462,0.2398061921682113,-4.0189119901135495,0.46791386039782834,0.4618295791149658,-1.3002994349621488
HND,2006,EPHPM,18659,1.9950472607310623,1.1031098038823455,Y,201.21554011159185,45,0.08626839612108592,3.1980145449033697,10.26025450483318,10.105715492625164,-1.5061908272861912,0.5751033630187254,0.5686088529527985,-1.1292770106293926,0.6671012314247087,0.6522771704690851,-2.2221606342959777,0.7703938323822186,0.7668832371602509,-0.45568838617414675
THA,2009,SES,41512,2.428086802642226,0.6931423239502013,Y,90.69604714175536,216,0.3034581995063978,3.196654824664693,13.34232516283075,13.191041673470513,-1.1338615084999226,0.3960126382524627,0.38909906670841465,-1.7457956833288102,0.25854025427761673,0.2482167588306199,-3.9929934608603057,0.3751008442273348,0.3679798947247971,-1.8984093510122757
GEO,2007,HIS,10997,1.5773821207577223,0.6776534279875337,Y,36.978712333013725,48,0.31000910134592974,3.186630192042843,5.7105004505167365,5.6431652928367,-1.1791463508936895,0.3811308232869166,0.3737589015045002,-1.9342234560931315,0.25444573175438423,0.2436696862309835,-4.235105634942549,0.41992772645037124,0.41304689207394185,-1.6385758650881987
BEL,2022,EU-SILC,6647,4.070333656341961,0.42070176183375013,Y,206.94207886064794,64,0.537214855538695,3.1847007742021183,61.07938602602205,60.245913936373434,-1.3645718201776402,0.26569534084385893,0.2555690516268805,-3.8112407936160775,0.12422946706137727,0.11298814097477194,-9.048840305377304,0.28161139426007775,0.27194436178795023,-3.4327561558818442
LTU,1999,HBS,8248,2.372569357192413,0.5460273515828842,Y,55.18280559644533,46,0.4425689188879231,3.1813103609784505,12.111882318155004,11.970787697198233,-1.1649272776146358,0.32015237985768896,0.3121575670829734,-2.497189862611471,0.1730113693829729,0.16285721841580836,-5.869065717113431,0.2856003907182817,0.277305764351779,-2.904276967423536
PRT,2011,EU-SILC,5550,3.270806567882283,0.6062640340244368,Y,162.3247031989177,31,0.47294376216386397,3.1781990920903924,31.40717791058757,31.176699825612353,-0.7338388875032353,0.35844670464772466,0.35371828940153227,-1.319140386808515,0.21953699705708152,0.21325702462520857,-2.8605531259225936,0.3609502976621397,0.3562953454815925,-1.2896379946760406
ECU,2020,ENEMDU,8064,2.6186868589307117,0.8800921897885273,Y,192.28207380300154,15,0.16982424806965413,3.1778937750775436,13.68350244584064,13.57519685941037,-0.7915048567349148,0.47286369436447906,0.46866597348069283,-0.8877232347955788,0.4059162566572345,0.39841195061992396,-1.848732568414324,0.5659808565049961,0.5625230742496612,-0.6109362561637077
JOR,2010,HEIS,11215,2.694086675123036,0.5754661127418569,Y,83.13659794124237,115,0.5073166480941548,3.175088300363803,16.924390365984603,16.808791829581352,-0.6830292489328649,0.3365573030160002,0.332010127619528,-1.351085047248557,0.18385463864092344,0.17808026985671432,-3.14072510048915,0.2849983902457084,0.2801742343947652,-1.6926958242761025
THA,2013,SES,40606,2.5234698159686753,0.6686013192466267,Y,92.69122183102417,207,0.37346047487953254,3.1739391785136477,15.304193570809222,15.164612852331524,-0.9120422963280417,0.3784710819066026,0.37276630066928873,-1.5073228867514055,0.23449164630566877,0.22643911418038387,-3.434037950668878,0.34924891506946454,0.3433208013457856,-1.6973893025551412
DJI,2013,EDAM,3375,1.1500002148592612,0.882927313787692,Y,44.64677856959365,16,0.27344813279790503,3.1686708296905195,5.188474141703267,5.14615425742205,-0.8156518299101356,0.441270748553923,0.43668557929241913,-1.0390829839797444,0.34954648972325897,0.3420619543796455,-2.141213132919484,0.5305892874507984,0.526743442426648,-0.7248252301940927
SLV,2018,EHPM,20096,2.2721586516975836,0.6604693892717927,Y,70.35591217767711,105,0.34946471788966266,3.1531929641041936,11.906972277213892,11.777391555141365,-1.0882760038041117,0.3861057120412432,0.3793668655527892,-1.7453371650026694,0.2540149605424058,0.24427629877509816,-3.8338929905988195,0.39086610653852893,0.3842209904975885,-1.7001003488864574
THA,2012,SES,41560,2.4943889156517063,0.6976200971787495,Y,98.22386469680961,154,0.28179616031910915,3.1526740186941242,15.064870550978709,14.866715370400748,-1.3153460556293184,0.39256669183257653,0.38448375887214215,-2.058996121831347,0.25390682313706403,0.24179648863299263,-4.769597899909128,0.36896301290587896,0.36060187800160737,-2.2661173645620925
LTU,2019,EU-SILC,5080,3.349284575969742,0.5895866609595911,Y,167.00847486913682,35,0.43877195682611114,3.1521447560400837,34.96327957497213,34.59397274455877,-1.0562705641541714,0.3554409216994653,0.34858164380321754,-1.929794088832415,0.2268787699612913,0.21779402485691302,-4.004228824904277,0.41466800166906403,0.4085039601637602,-1.4865004004391835
FIN,2022,EU-SILC,8696,4.099418278500844,0.47756327183976577,Y,252.6760147598503,69,0.4506460291602001,3.1491697335263695,60.04011725587791,59.28802648243756,-1.2526470763458142,0.2770025909021516,0.2678552887181399,-3.302244269347976,0.13013444992462375,0.11939251485783542,-8.254489931766917,0.2255217828028524,0.21589240256256814,-4.269822684357772
FIN,2021,EU-SILC,8974,4.079269010967266,0.47393340552615193,Y,244.9537035400035,77,0.506647134850771,3.1489669531282978,58.837072382590975,58.22536333777129,-1.0396660133631608,0.2707411785521462,0.2630998530322537,-2.8223728509849666,0.12335663094920424,0.11449428978079101,-7.18432491242611,0.21197698087877792,0.20387964122985047,-3.8199146036323794
IRL,2013,EU-SILC,4600,3.6632981649439147,0.5609414907943592,Y,209.79327420614456,33,0.3973589035932194,3.1445250658297934,43.110482405071615,42.58849473404184,-1.2108138019081172,0.33162449413909645,0.3234526820078656,-2.464176282407926,0.19212841373568956,0.18152926006967407,-5.51670284469049,0.34860642652601315,0.34072362325262584,-2.261232918722189
MYS,2022,HIS,73950,3.3043023036092327,0.7640381619374408,Y,269.459146646821,253,0.26327899696693324,3.1431947214067195,34.74049449275049,34.35796244219117,-1.1011128544504256,0.40668426975445193,0.4000905060313411,-1.621347126873629,0.2793823806257505,0.2692480570367013,-3.6274025464135273,0.40802149572958935,0.40146235718719847,-1.6075473010710772
TUR,2002,HICES,9450,2.2957697473327237,0.7059118213271836,Y,82.55834135167068,43,0.30936143663717125,3.139691901830193,11.40810124127439,11.305325681318855,-0.900899788509002,0.4139637781165524,0.4086450575195406,-1.284827532788213,0.28869778492366294,0.28045865595331065,-2.8538940721456685,0.41539942342783864,0.4101135883607927,-1.2724704871825976
POL,2007,HBS,37336,2.7313211545112015,0.5638279167593727,Y,83.3296897125901,217,0.4227902775314853,3.138047537137355,16.7567445864222,16.583219802025567,-1.035551884804875,0.3350893889562734,0.328150281134409,-2.070822905935066,0.1854679554140959,0.17647163425972678,-4.850606744589891,0.2946144600209083,0.2873411153776614,-2.4687670261435035
IDN,2004,SUSENAS,10016,1.168099347106733,0.5252263330321069,Y,15.545610972358721,84,0.5083694195068523,3.1359546734689623,3.597365112527406,3.5635825054183345,-0.9390930876442716,0.30416506209888716,0.29758714473487347,-2.1626143774116757,0.1495821652322622,0.14165459894966026,-5.299807146321545,0.23716846720695184,0.2300923409804596,-2.9835864395571843
MYS,2012,HIS,38405,2.8744230520662675,0.8591218660357256,Y,233.17486139161483,109,0.19731688071859993,3.133148066107922,23.169908638951405,22.904054457628977,-1.1474114355181197,0.43943596750339153,0.432940269946827,-1.478189778927097,0.3304462738180596,0.31968850638780877,-3.2555269290686306,0.46111695082168913,0.45487898094583135,-1.3527956117731166
IRL,2021,EU-SILC,4053,4.040767741304493,0.5264176162277633,Y,275.8950638522944,33,0.4358384233930539,3.131826029821109,58.03321134132881,57.418168819113085,-1.059811283918588,0.29211600484701505,0.28454851208475307,-2.590577933662064,0.14657589400317983,0.13732731541834564,-6.309754170514248,0.39966788613131865,0.39331379627709195,-1.589842485402726
EST,2002,HBS,5597,2.251425203725163,0.615315877221031,Y,60.1819717810367,21,0.3930395923746063,3.1308151127257373,11.984227124714076,11.845562107321339,-1.1570626620283297,0.3579157439853009,0.3504262001412385,-2.0925438374596927,0.21708105550070345,0.20709596711349443,-4.599705102860375,0.3501495793398858,0.3426489976787994,-2.1421078600827426
CRI,2017,ENAHO,10043,2.9361851402483166,0.8596778489358873,Y,248.4443028602711,48,0.22448175687654132,3.1296222709639654,26.278192279458437,26.013496257394188,-1.0072839838041747,0.48304683669530557,0.47779515998555067,-1.0871982405854186,0.4094502102769204,0.4000406135681933,-2.2981052329569374,0.558708952221292,0.5542296788581454,-0.8017185594284992
MHL,2019,HIES,873,2.1407532460906387,0.6164183962717331,N,54.0553453131514,5,0.48590001035051134,3.128881568524955,11.5619952200544,11.462889011131987,-0.8571722011310956,0.354829428339533,0.3492658302853048,-1.5679641004591294,0.2090640468988716,0.20170706283705098,-3.5190096867202314,0.3312394071389373,0.3255462936599891,-1.718730729571749
PER,2008,ENAHO,20801,1.956622546189291,0.9137008452633242,Y,109.6973359347282,51,0.19399096757050302,3.127230523156786,10.680029135809049,10.558842928170836,-1.134699223168667,0.4748137527895677,0.46879275455937297,-1.2680757865206949,0.4156401592476522,0.4048601037695603,-2.5936029611779654,0.5783868061287134,0.5735556728389746,-0.8352772294504485
BFA,2021,EHCVM,7174,1.3632059875135454,0.6714200473651871,Y,29.296443593926348,61,0.31714773093341975,3.125971944344759,4.136693248360814,4.100294384095778,-0.8799024263996147,0.37391286063015605,0.3683718359440957,-1.4819026755918507,0.22878885498177803,0.2209339949591107,-3.4332354271771393,0.33495446151752684,0.329101269551039,-1.7474590247192556
VNM,2004,VHLSS,9186,1.2515753686013464,0.6300379342071701,Y,23.14292622544844,49,0.474951678339944,3.1193278556552135,4.526308603224498,4.495035914655941,-0.6909093327458704,0.3678583065082358,0.363477013006698,-1.1910274755314587,0.22127791770522265,0.2154440349055573,-2.63645051443272,0.33714181102559615,0.33260932054851877,-1.3443869401096764
BGR,2003,MTHS,3023,2.231835100496436,0.48328550604144227,Y,39.713517408567846,20,0.5142017661255972,3.1174062828653075,10.043354080321231,9.934469537116339,-1.0841452201534874,0.2891790434289694,0.2814155626862661,-2.6846622945587706,0.1428752419223147,0.13390439459110537,-6.27879764927155,0.24778664750246582,0.2397530287873776,-3.2421515832519954
GAB,2005,EGEP,7911,2.063974463934639,0.791816861480338,Y,84.72621419272329,34,0.19644904803821947,3.1169128989351367,8.76962521703819,8.662727478680486,-1.2189544674043318,0.42184986377112765,0.4147265497685463,-1.6885898549077405,0.301195670058346,0.28974663387909727,-3.8011954743675136,0.42636722558538587,0.4193091352131689,-1.6554017168009194
FIN,2006,EU-SILC,10178,3.839128093062377,0.4925048952077738,Y,203.69887057889468,68,0.3681279286187018,3.1163363116436305,49.6212212235167,48.82472952112901,-1.605143288997113,0.27619593694073474,0.26441080541073114,-4.266946016853401,0.13138726899606112,0.1172619065999756,-10.750936908894115,0.5494441507352567,0.5421599892122637,-1.3257328362210052
BEL,2019,EU-SILC,6689,4.0301597789676356,0.4491059719460023,Y,216.4755687827004,61,0.4658511722548929,3.1140694642691717,57.02467064297244,56.257336762199216,-1.34561738300506,0.271929686914124,0.2620212757067829,-3.6437401593707563,0.13056355010755682,0.1189750753898835,-8.875735002707009,0.32796038631435753,0.31895902854328895,-2.744647874161421
LVA,2008,EU-SILC,4995,2.8525108562031374,0.6508841763784394,Y,122.13944518561917,22,0.46629684532151144,3.1122055161384212,24.69940405891867,24.50024022313742,-0.8063507739140552,0.37385538638334204,0.3687810207112001,-1.3573070917156205,0.24412092266875085,0.23719102046018659,-2.8387170312179633,0.42636406127648396,0.42176276878775076,-1.0791933248213925
IRL,2009,EU-SILC,5138,3.734733171334568,0.48921966592024185,Y,181.70639480657647,59,0.5262672341582055,3.1116622905814326,46.465643760479814,45.97605106374622,-1.0536660145232024,0.30855761282917826,0.30122004859025453,-2.378020808381709,0.16424598952481428,0.1555264738416593,-5.308814972214371,0.4052185070237233,0.3990134788380657,-1.5312795635206045
IRL,2022,EU-SILC,4036,4.1636897084201285,0.5696198413455117,Y,355.15319530348563,46,0.27770719771445174,3.105960947338124,59.15822832452118,58.30708284189507,-1.4387609411780078,0.30108989833976385,0.29090351001952697,-3.38317172924284,0.15543498988382565,0.14229741616506297,-8.452134058478011,0.293312505569154,0.2830747640884943,-3.4903869716683356
MYS,2004,HIS,30856,2.5386880527530415,0.8791561156661928,Y,177.00118009440294,78,0.16771716045694365,3.10406833344306,16.59555310440701,16.377277148962996,-1.3152677351021769,0.4641620240308785,0.45702786347817614,-1.5369978980072085,0.3742938225575436,0.3617108797713784,-3.3617821155011773,0.5052732965461226,0.49869048185454035,-1.3028225984987096
FRA,2018,EU-SILC,7212,4.005780761181411,0.603136816203967,Y,335.35551562982954,39,0.27661790931586727,3.1024321960852212,58.61511021939408,57.72426958428745,-1.5198139724931892,0.31630432564272404,0.3057620068543442,-3.332966998462028,0.1720093621351766,0.15766293021844557,-8.340494807170218,0.2804397181758309,0.2693973184068935,-3.9375306182607095
GEO,2014,HIS,11160,1.8768778960436923,0.6548948828156954,Y,46.59822939017653,54,0.33490475328462477,3.0959586796585885,7.75635091811424,7.672277183814277,-1.083934122985808,0.3755413438781873,0.3687129425577742,-1.8182821763102486,0.2414172340138323,0.23167976854805628,-4.033459129607175,0.3811768660266882,0.37445107629630137,-1.7644800432133123
COL,2020,GEIH,187422,2.389161161990323,1.0126002769560865,Y,227.45717817200918,382,0.11458495922685719,3.092985786168686,13.819736975483037,13.6529261900124,-1.2070474696194933,0.5287228724411523,0.5229690508640199,-1.0882490387765231,0.5196612848104811,0.5079084034017587,-2.2616426800023515,0.6788656063741695,0.6749437950304122,-0.5777006975951626
IND,2017,CPHS,5020899,1.479428578070822,0.664473870836134,Y,32.22846894221993,47881,0.3183739331233567,3.0923470307902976,4.670464037675343,4.628644125838945,-0.8954123508723821,0.3589561199818857,0.3531760987523387,-1.610230584685035,0.21037452367329235,0.2022922483607903,-3.8418507960848336,0.3044982181952337,0.29826443167722794,-2.047232510900565
MNG,2016,HSES,16444,2.1357394767123603,0.5472130291238774,Y,43.701331208908506,92,0.42726288420875336,3.0904111331340194,9.275489613758067,9.1755584182426,-1.0773684158649877,0.3234573282306582,0.31610869052513657,-2.2719032973280817,0.1728107228647251,0.1635227237791934,-5.37466595334033,0.27814971094360064,0.2704158873188951,-2.7804535904312644
SVK,2008,EU-SILC,5421,3.003214681732224,0.3727687170068532,Y,61.6529348035832,47,0.6531585846339775,3.084040066091341,20.94510097487238,20.701837105272418,-1.1614356497579137,0.24648986455149435,0.23766527976858032,-3.580100463348057,0.11562082873533752,0.10643254009811898,-7.946914701892549,0.2766162576786374,0.26843938321070526,-2.9560353887195356
ITA,2004,EU-SILC,20050,3.825690815997927,0.5874242757564736,Y,267.19096922143143,101,0.3436713775371645,3.0791381047868325,47.7853650295082,47.23224653095132,-1.1575060653305047,0.34702577969551707,0.33939659859730753,-2.198447938047554,0.22238766111338082,0.21211616749965234,-4.618733594437918,0.5438936840573038,0.538590023015469,-0.9751282644561821
IRL,2019,EU-SILC,3555,3.8968986012064364,0.5528954810442916,Y,258.67825851025674,23,0.3594657486093165,3.0782858889941522,54.052601863033985,53.318567985693456,-1.3579991564523164,0.3060292683810053,0.2965019786350357,-3.113195609155972,0.15623881495143754,0.14441850879131657,-7.565537516266351,0.25948014894100224,0.24943958656088405,-3.8694915280016673
SLV,2001,EHPM,11208,1.9712356013202141,0.9958780707348506,Y,142.43272935217377,26,0.13120788555480203,3.0757871396945937,10.211878794285882,10.084666112131018,-1.2457323937887566,0.5119570926222272,0.5058083517202651,-1.2010266076144194,0.5068997226396157,0.49494087155710864,-2.359214366942808,0.6977710170928016,0.6939613041879611,-0.545983254035598
SVK,2010,EU-SILC,5365,3.116351030166104,0.3946275187417101,Y,73.71701097922364,30,0.5483571257272637,3.0740550907571915,23.163743899877744,22.855910133891314,-1.3289465093251018,0.2723098089725382,0.2625273283666498,-3.5924084566762438,0.13997685663700343,0.12864754271358736,-8.09370505639796,0.2955496283509059,0.28626957984888546,-3.1399290040731387
SVK,2009,EU-SILC,5226,3.0328998938487413,0.3759864059762356,Y,64.1265908511058,48,0.7536740819331856,3.074007963549127,21.78754700319901,21.60110156813078,-0.8557431226234646,0.26001598351210975,0.25366090974675015,-2.444108888815144,0.1248023129962359,0.11837308750827624,-5.151527510674869,0.27200191400626106,0.2660323594021088,-2.1946737492497426
URY,1989,ENH,5356,3.0186971931201505,0.8412696119280293,Y,255.31703026687387,18,0.12102169937560803,3.071888980201635,21.61930695661329,21.26417485744143,-1.6426618109662727,0.4235994268305373,0.4139850652165522,-2.269682394502237,0.31565111501968435,0.2999158797843213,-4.985008601785468,0.46818311882337826,0.45931480735504004,-1.8941971873368213
HUN,2001,HBS,10273,2.6304523987439636,0.41768640399641016,Y,48.59456098395334,78,0.7348025607051114,3.0714298205351103,14.841365623884721,14.742597572811574,-0.6654916641511521,0.26924484360086176,0.26437150307894997,-1.8100032879872718,0.11968718543696433,0.1146208546740306,-4.232976775614805,0.20886618375124355,0.20382161581978586,-2.4152152545027117
GEO,2013,HIS,11100,1.8097271822451981,0.6888823360597672,Y,48.248956008650765,48,0.33822259350189277,3.070841445040029,7.4254740629851295,7.36063839831833,-0.8731518569298546,0.3858901913388286,0.380492516799119,-1.3987591964912727,0.2559001317800724,0.24809413317370232,-3.05040820107072,0.39979845011976534,0.3945527468369553,-1.3120869481206388
GRC,2010,EU-SILC,4788,3.6219649633481614,0.607508587007984,Y,231.4793628907125,35,0.4322941473079196,3.06703084911081,41.56222465938251,41.288170145504715,-0.6593836497535199,0.3329187315983765,0.3285098057312623,-1.3243249624154463,0.1942872986991766,0.18867837010400734,-2.8869249985578382,0.34467583992589357,0.34039349426881715,-1.2424269882093109
BLR,2013,HHS,5328,2.813939746057847,0.4296855658158504,Y,60.5213650188926,29,0.5412473382509109,3.0665866516133415,18.165651506176932,17.936156339147786,-1.2633467450980818,0.26575052438796465,0.25637709582960755,-3.527153363081603,0.11843920840453404,0.10779541219281752,-8.986716776561178,0.20357962838687083,0.1936642074392988,-4.870536912823786
EST,2012,EU-SILC,5021,2.9790741759503745,0.5088230575227387,Y,90.51751324638312,30,0.5901798791252679,3.0654407341432544,24.617598160371678,24.397176428860647,-0.8953827667309011,0.3233505144164319,0.31725583313465033,-1.8848528176245494,0.1896382600292439,0.18227999145609086,-3.8801603495087544,0.3860243393387961,0.38060391635723345,-1.4041661183455512
BEL,2010,EU-SILC,5912,3.955165829974604,0.4947977828226989,Y,230.34062196535442,39,0.466197617846025,3.0643624437304267,54.74118396686258,54.137558176662864,-1.102690417812513,0.2853113251948297,0.277359046516108,-2.787228538261277,0.14572349268175167,0.13617015622204054,-6.555797067378033,0.28739636749436137,0.2795833416930128,-2.718554124210304
PSE,2007,PECS,1230,2.425130413388462,0.6403800102531687,N,77.190040847894,10,0.3476087838700284,3.062817979277167,12.362346812691614,12.25202999411204,-0.8923614605789831,0.35606077316057316,0.35027098020377834,-1.6260687481526648,0.21435756204229373,0.20627713033655004,-3.76960422051702,0.34107485746447985,0.3351851917443205,-1.7267956260225703
DNK,2006,EU-SILC,5661,3.9563267003438067,0.40628016496570746,Y,176.82617630019774,47,0.6032593015577686,3.0606428780326618,52.94885365329301,52.39499869107344,-1.0460187973967972,0.2513500992337018,0.24346834766800685,-3.1357662438663225,0.11361922777919364,0.10534520142059067,-7.282241325106186,0.3103448122299429,0.30329977898525007,-2.2700663800601872
GEO,2011,HIS,11219,1.661291123891367,0.7150203180831748,Y,44.98603364444747,52,0.254009304016639,3.055583919597388,6.302809735759587,6.224490805955851,-1.2426034274743647,0.39595715677825305,0.3883639832362378,-1.9176755393936928,0.2788775033170756,0.26714389151614726,-4.20744293152524,0.450225284029802,0.44333104508968657,-1.5312864880460797
URY,2006,ECH,69959,2.598205572066131,0.826822207674865,Y,160.56072101277942,278,0.25077520202605724,3.0545373911603533,18.90437346925099,18.729578785562417,-0.9246256374107698,0.45935252407451077,0.45431590364652474,-1.0964608147377986,0.36057771920412485,0.3520318229242627,-2.3700566687051006,0.4882738468506206,0.48351569236513015,-0.9744848134260464
PRT,2022,EU-SILC,11564,3.4714351800136454,0.6052088428756686,Y,197.76149000288646,75,0.419594569128656,3.0525573573230544,36.54953544968942,36.263636388132554,-0.7822235167678437,0.34592035097132356,0.34077800986534523,-1.4865679603813242,0.2070649908394353,0.20029317979230044,-3.270379516924682,0.3777837780161739,0.37294036314962054,-1.2820600429132245
LTU,1998,HBS,8264,2.379249218839476,0.552300209527937,Y,56.60797336288047,48,0.47211209209905025,3.0518645160369298,12.266061827185709,12.158971326105044,-0.8730634378779634,0.3210311803149255,0.3150682208846278,-1.8574393379634069,0.1727287540149014,0.1652854573163327,-4.309240080505972,0.2859814164454688,0.2798069517986709,-2.1590440118598675
HRV,2009,HBS,3004,3.320095740989844,0.574938984963602,Y,155.23074632315402,38,0.5450800564853417,3.0364424900762406,31.785860581201934,31.666833044418787,-0.37446693154358224,0.33183348076513963,0.32933229694072574,-0.7537466739783727,0.18145709061015358,0.1783851652858921,-1.692921072376985,0.2919531901861636,0.28935460672854607,-0.8900685263827923
CIV,1995,ENV,1000,1.414224538214731,0.7145936611437288,N,35.09313480167939,6,0.3138942736153535,3.0343273014474996,4.503448140158909,4.476954124310126,-0.5883051169730646,0.40563820494730785,0.40213436788503265,-0.8637837904667656,0.27166684289908716,0.2664271122702544,-1.9287339496116163,0.3859378470459882,0.38233230671430585,-0.9342282337116092
GEO,2016,HIS,10855,1.8984894528871894,0.6244850375192568,Y,43.46450228139377,54,0.38933459921491037,3.031527601084857,7.890795772264215,7.820806466240809,-0.8869739889785899,0.3663964885417166,0.360741259739934,-1.5434724345451012,0.2276051984669043,0.21986612630885527,-3.400217662064675,0.36104656953268066,0.355395935031107,-1.565070818672376
MLT,2015,EU-SILC,4230,3.7131955182456373,0.4556169168601358,Y,160.78149492752905,32,0.5853969621606742,3.0313430271586976,45.409102584613514,44.97380690674178,-0.9586088539420556,0.2902034651693268,0.28335252026341184,-2.360738491498582,0.14233993171005332,0.13442647262594898,-5.5595495860037865,0.24702258047968206,0.2399406152259581,-2.8669303186663386
SRB,2003,HBS,3708,2.5408755470461326,0.5688125402819868,Y,69.91730369520309,23,0.4736736040404714,3.0282241315811076,14.6339174346174,14.52194942772765,-0.76512668183355,0.3282897703467438,0.32312852770495515,-1.572160666577349,0.18123924572117867,0.17481251164829859,-3.5459947139523385,0.3028042803187042,0.29753273175582307,-1.7409095265538466
MDA,2007,HBS,6052,2.2307834203865413,0.5810414884965048,Y,53.19199344546418,42,0.4904626330684826,3.0277593823014612,10.997578363177233,10.925485004094417,-0.6555384894933125,0.34421040965091265,0.33989869113855553,-1.2526403593458801,0.19777460781000356,0.1922768785442761,-2.7797953066902137,0.3212555285730845,0.3168626725484732,-1.3674024674759533
ECU,2008,ENEMDU,17471,2.140314424590136,0.9554725586630554,Y,149.41566210625786,46,0.1280444331715499,3.0267633382332937,12.609313987339986,12.418978331981934,-1.509484620250967,0.49740000483412883,0.4897036745253963,-1.5473120695483455,0.4544885095414921,0.43990739884988583,-3.2082462780668175,0.6301640291531361,0.6245008297406455,-0.8986865562766622
GEO,2012,HIS,11273,1.7351006559087772,0.6951908095216417,Y,45.63491413805012,61,0.3210611622891908,3.023848387717745,6.764418118977488,6.706388356489599,-0.8578677643401034,0.38954767955135783,0.38427830479133573,-1.3526905784911447,0.2627264426081797,0.2550523883564286,-2.92092953247034,0.41445535795974453,0.4094266883544989,-1.21331996526729
HUN,2016,EU-SILC,6902,3.0228386268070255,0.49687834442907663,Y,91.23819918451869,32,0.5521639733636075,3.0236439648623525,22.053566952003635,21.89053007166514,-0.7392766924884331,0.30369875608792796,0.2985323307568225,-1.701167761651834,0.16669921584310954,0.16064537696508907,-3.6315940944305902,0.3550207385272198,0.35032928154655474,-1.3214599800922322
SLV,2005,EHPM,14879,2.0189550999597135,0.907422181508625,Y,114.57408501806108,39,0.1737231240752916,3.0228677801481556,9.959918163373496,9.857884686157808,-1.0244409195138249,0.4837311254685013,0.4783949060266758,-1.1031374995060128,0.4336803685805408,0.4239837120745744,-2.2358993416520256,0.622993474027462,0.6190968596450956,-0.6254663242579284
KEN,2020,KCHS,19670,1.0427392184817807,0.6383991173475574,Y,19.25819280640625,72,0.438605256837333,3.021193413982499,3.5049441032880253,3.483520408896486,-0.6112421128611323,0.36246456227878265,0.35855740765922395,-1.077941135816085,0.21477745570799733,0.20954595071290982,-2.435779387479131,0.32911149788648486,0.3250480881800625,-1.2346605124759047
NOR,2020,EU-SILC,6016,4.28596814569031,0.44632412723890236,Y,277.25579491175597,39,0.45602954074583946,3.019010153107909,74.09512040936929,73.12254952948021,-1.312597745324795,0.2770688704409201,0.26747987530504536,-3.4608706205843554,0.14359725416323776,0.1325319065214403,-7.70582119155192,0.9407707543316655,0.9399844029503595,-0.08358586591742379
THA,2008,SES,42529,2.3889752523003622,0.7077373802234601,Y,91.12091793217864,209,0.27486842603349315,3.0183675423615286,12.900279933524168,12.761364704044347,-1.0768388763318204,0.402882739305913,0.39639481447759506,-1.6103754753791,0.2670458762295742,0.257213998573679,-3.6817185851029333,0.3823801720404132,0.3756970496488976,-1.7477690738653795
POL,1999,HBS,31406,2.614993470043575,0.5588756098297245,Y,73.08479186821161,195,0.4103111384351112,3.0091864494708616,14.413348683037022,14.279499189089476,-0.9286495240698134,0.32590370415021197,0.31960121222543225,-1.9338509641101953,0.17517592994083442,0.1671415902426352,-4.586440443565976,0.2807544487478111,0.27411419175080887,-2.3651475610158013
LBR,2007,CWIQ,3594,0.8098908532192075,0.6287829248989693,Y,14.823883468001666,25,0.3751737926850384,3.0039880572401456,2.544484464522247,2.5236637809197804,-0.8182672715345451,0.36477745083692104,0.3595472248454893,-1.433812857519523,0.23658220434492272,0.22932193991536542,-3.068812571791013,0.4202353448137297,0.4154938478449489,-1.128295615135011
FIN,2007,EU-SILC,9956,3.871681082576412,0.49245718283856815,Y,210.40886859499477,64,0.3652599237826244,2.9997393626847875,50.414554770948335,49.67078880002388,-1.4753000880473044,0.27966960777610383,0.2689059612412198,-3.8487008368464304,0.13374766293774965,0.12087630145823836,-9.62361599208057,0.3273111481514577,0.31738332891755805,-3.0331442390424512
NLD,2005,EU-SILC,8814,3.9347083393624915,0.4941204565711137,Y,225.2181997802567,31,0.35970178823372967,2.9878610480771637,51.457844047784974,50.73046906133831,-1.4135356813068323,0.2980002595989477,0.2879506322609753,-3.3723552293200454,0.16099490860256216,0.14841952449496887,-7.811044595601057,0.34016151837121167,0.3308076957100685,-2.7498179999700945
KAZ,2008,HBS,11996,2.2115277366431627,0.47522614769012217,Y,37.985563502475415,94,0.5137208716725825,2.9828969876460167,9.459715513734798,9.372681712570378,-0.920046707938027,0.2849644381979426,0.2783437719590057,-2.323330686735725,0.1324512343946802,0.12474270328110304,-5.819901300887209,0.21833042932550095,0.21125207718277172,-3.242036469491094
BLZ,1996,SLC,602,1.9452435003217434,1.2134424180698042,N,266.55237530757256,1,0.020676872180006942,2.980656345388188,8.270663588179334,8.079258223067676,-2.3142685356616344,0.5637636019996235,0.5534336424801618,-1.8323211152373342,0.5931654742478745,0.5700605373952539,-3.89519246411254,0.768650916751932,0.7631703083263371,-0.7130165730828919
MNE,2014,HBS,1290,2.773760086188518,0.5509564970439945,N,83.64900874397668,7,0.5135683898737045,2.977548756940603,17.056917827154997,16.97863464977192,-0.4589526559039214,0.3192652206170179,0.3161440022984545,-0.9776255341973239,0.1663176371227908,0.16255110792830996,-2.2646601164132973,0.26865525532180723,0.26536541865960084,-1.2245569729375627
BLR,2018,HHS,5932,2.825889351842133,0.41739011341171617,Y,59.030820689445996,52,0.7239983481228144,2.977148591547265,18.151939540991332,18.038911495283127,-0.6226775130721451,0.2524052540015912,0.24773952254064957,-1.8485080587554714,0.10461764502563575,0.09986204961014256,-4.545691517265437,0.18272481456035616,0.17785528401059914,-2.664953066978526
LVA,2022,EU-SILC,5770,3.4486586881262475,0.5945563177261947,Y,187.2280965715983,35,0.38273701827613416,2.9762339257232577,37.156117986822814,36.766856232010525,-1.0476383860938854,0.3417177246861136,0.3347686054307437,-2.0335846675067937,0.20688130449931696,0.19781099755577047,-4.3843047903714405,0.412905516799015,0.40676618646327944,-1.4868608158422614
GEO,2018,HIS,11051,1.938333458554307,0.6228504810981094,Y,45.01000965661719,64,0.3983094500804361,2.9732223024773607,7.967621646700118,7.910005664867839,-0.7231264784785751,0.364113631015899,0.3594929997396199,-1.2690080465780018,0.22914503500577998,0.222824752157049,-2.758201960854867,0.37384702543039483,0.36933802937499316,-1.20610724405541
PER,2011,ENAHO,24014,2.140790132618858,0.8666263153248893,Y,114.51079277474375,77,0.20818546803113328,2.9708448858746936,12.051244871217568,11.931615909161025,-0.9926689178995751,0.4466015184279115,0.4410627734638587,-1.2401984174952752,0.3622232517413986,0.35298391980617927,-2.550728560577198,0.5294658716226978,0.524761362108978,-0.8885387644158249
HND,1992,EPHPM,1821,1.6347554748472237,1.0725908155070107,N,128.06371600648333,7,0.09074845372900779,2.9673662246380363,6.0804652707938045,6.0162514401112155,-1.0560677155912135,0.5169933330988512,0.5118426694997426,-0.9962727310690145,0.47658422943571255,0.466308325375149,-2.1561569657331026,0.5965319661055992,0.5922275942313037,-0.7215660046512196
SEN,2005,ESPS-I,13555,1.0519117171032677,0.6912198510610293,Y,22.772900859864464,71,0.34034977118213733,2.9660260674291252,3.3156267878744146,3.2947919490154804,-0.6283831140202256,0.39222281875932086,0.38838996606819487,-0.9772130808834767,0.2624755063201697,0.25689787951129095,-2.125008495868985,0.4304246559407183,0.4268515618425346,-0.8301323004776595
MAR,1998,ENNVM,5066,1.7523662595286535,0.7066700795778007,Y,48.05645656849023,38,0.33488820420281423,2.950367682546868,6.654839829396543,6.619432990150494,-0.5320464527131974,0.3935391382853526,0.3903042858433843,-0.821990020119101,0.25652927062867037,0.2518125449960331,-1.8386695682243492,0.376384562004909,0.3730776049446103,-0.8786112381133138
SRB,2016,EU-SILC,2750,2.471754742271754,0.7946857370317332,Y,128.48497267931774,7,0.09514688547432673,2.9493142546892894,13.711886662186162,13.429729484078376,-2.0577560554515317,0.39401032394011526,0.38128497043169784,-3.2297005269210977,0.31923059961869393,0.29920504654311797,-6.27306815182992,0.8020058524382604,0.7978477788657485,-0.5184592556114698
GEO,2021,HIS,13616,1.9438955554523958,0.5842870980189995,Y,40.31634014820272,65,0.3746240448034437,2.9450327174921602,7.546757690331988,7.4755379114217675,-0.9437136030146953,0.3417861735401695,0.33553045823023653,-1.8303008706107682,0.20274625757296727,0.19448841953749496,-4.072991597637932,0.3440792394212471,0.3379057232891536,-1.7942134906126728
ZAF,2010,IES,25323,1.9059705212773905,1.1387073978863587,Y,204.81204705303523,46,0.13789151485884474,2.9392688636447217,12.693399792605067,12.602725079057922,-0.7143453686849988,0.6338318796315023,0.6312025872832385,-0.41482488223729685,0.7529305357385236,0.7461144505667183,-0.9052741054152658,0.7230080635582647,0.721016539177465,-0.27544981600876595
KGZ,2009,KIHS,19729,1.823917252357726,0.5175847672899593,Y,29.273174606787432,145,0.4323260100082866,2.9367657901905524,6.563833499088082,6.497624630142078,-1.008692084514362,0.29874915958601456,0.29162187751868807,-2.3857078216397265,0.14582964913918883,0.13722464902346765,-5.900720578095909,0.24492775975081893,0.2373801141481554,-3.0815803036545297
NLD,2021,EU-SILC,13831,4.1425779889457175,0.4490417119196343,Y,242.18529735271625,105,0.48722648450376627,2.936666378695158,64.17478287761429,63.470174515523404,-1.0979520778973684,0.25994212395081895,0.2517489438962681,-3.151924716942367,0.12287280340037832,0.11372857104836953,-7.44203118912532,0.24613098397379907,0.23797193525815874,-3.31492142269616
GEO,2001,HIS,9848,1.3270302185801768,0.7403158785843833,Y,34.74299101764935,36,0.23419433899297093,2.934919646186256,4.577701772884889,4.524716022368844,-1.1574749327248668,0.39574132398142514,0.38867494480660114,-1.7856055828922468,0.28315416716799224,0.27237689531654596,-3.806149829697625,0.4811414851468768,0.4750875640442971,-1.258241346769684
CHE,2011,EU-SILC,7475,4.246173649265007,0.5735951963956498,Y,390.3170035031503,36,0.3267627506720918,2.9308443465681653,74.23219824754563,73.33197863886194,-1.2127077332152791,0.3255303038625804,0.31726712431580273,-2.5383749066464567,0.1837906526303943,0.17302441218692355,-5.857882481717835,0.3363695609970524,0.3283083646009347,-2.3965296896137134
FRA,2008,EU-SILC,7192,3.9621957482310988,0.6103730075176379,Y,328.09879614325195,51,0.33795944305936665,2.9285546551762,56.866433883449716,56.30991015085347,-0.9786506636531245,0.3242548126806435,0.3175910536568356,-2.055099496817947,0.17628467318199803,0.16762175906192356,-4.914161829106267,0.2908521795052169,0.28392149266195443,-2.3828897741294597
POL,2011,HBS,37343,2.8461653822227957,0.5519069514145247,Y,90.18708513234674,236,0.4044020270673725,2.927638148035763,18.172450334878647,18.005145146870078,-0.9206528834884598,0.3277634344867435,0.3215332963912295,-1.9008032745537862,0.17779458482211208,0.1698488714210069,-4.469041286637077,0.286542217104483,0.28001600833839047,-2.277573207899375
BEL,2009,EU-SILC,5991,3.9385548798311425,0.47740618390090667,Y,215.02911370333578,44,0.3927157534504209,2.9271674221862165,54.18871472593052,53.44697352598947,-1.3688112067107294,0.2834204235087735,0.2734940717041878,-3.5023417443585836,0.14112967314289637,0.12919285517756096,-8.458049749218343,0.28940079587433376,0.27969741213226973,-3.3529222726386476
PER,2016,ENAHO,35731,2.2625508012948097,0.8370194562715366,Y,118.34560150332207,102,0.2452966422263899,2.926608643331306,13.477571095708736,13.373433121820876,-0.7726761235265722,0.4363633562040171,0.43198180258183305,-1.00410668308627,0.3425035939326091,0.33538135734280017,-2.079463315415686,0.5085786690563867,0.5047656876686353,-0.7497328574212592
POL,2019,EU-SILC,17075,3.378623951461118,0.5184028343020354,Y,138.91086304466648,107,0.4926633863502736,2.92556711538425,32.36341043907062,32.10096010773259,-0.8109476961092654,0.3018714413304,0.29618139897323537,-1.8849223802316795,0.15987185373854063,0.15311979137974197,-4.22342157228075,0.33565481703297717,0.33033644374069193,-1.5844769752738963
MNG,2011,HSES,11206,2.097992370779709,0.603900331068117,Y,49.88365350322598,65,0.3549521111693849,2.918938059536116,9.343779175783496,9.248103130460665,-1.0239544784063082,0.33883507471962127,0.332009587734189,-2.014398005011797,0.18844433848620268,0.17938120677867797,-4.80944759621329,0.2957048443113083,0.28850425300850546,-2.43506031143077
ARG,2003,EPHC-S2,23455,2.6709689162857186,0.9597652149108158,Y,257.3056199386235,26,0.06250042923095372,2.918377193733985,18.455873487917483,18.078078602038705,-2.047017097977555,0.5082150932335382,0.4979406114911239,-2.021679772838403,0.48381948227181315,0.4635438225619386,-4.190748916242182,0.6427552874403302,0.6352916579580682,-1.1611930120380198
AUT,2014,EU-SILC,5880,4.143202533326774,0.5289241372495702,Y,307.96155232730166,35,0.349094447880978,2.9162685506458907,63.477787765398965,62.70168168493358,-1.2226419788504805,0.30731549685183934,0.2987590210548372,-2.784264342233067,0.17282736155360245,0.16206512700186781,-6.227158972392655,0.477567753434357,0.47116263678078907,-1.3411953817037414
VEN,2005,EHM,10559,2.213320160477157,0.9573058450480179,Y,161.61835064656307,46,0.10016735394393479,2.915674574201045,9.957903645016858,9.829452405646155,-1.2899425817901156,0.4763304666796697,0.4694920143732696,-1.4356529310561528,0.44431672176553283,0.4317739035482788,-2.8229453457015885,0.6858121990381927,0.6817082976863642,-0.5984001680903184
GRD,2018,SLCHB,824,2.9025943547622224,0.7577797677607877,N,176.9617589399322,5,0.27405519471621587,2.90838160298918,21.309189291314084,21.174409643255437,-0.6324954282215911,0.4381640778934912,0.43459866035068906,-0.8137174457438778,0.32262568728345986,0.3169208101416663,-1.7682650100893094,0.4478771844303868,0.44438299623319677,-0.780166598938048
PRT,2013,EU-SILC,5727,3.221615750702199,0.5999271114244269,Y,151.62298608634532,34,0.3988897884095739,2.8972524151036967,28.316792295513434,28.10119195523187,-0.7613868761389475,0.3603479236280861,0.35545377075161033,-1.3581742964410726,0.23674494935598345,0.23017095917745278,-2.7768238335871054,0.444480166780871,0.44026721467827956,-0.9478380403570186
BEL,2021,EU-SILC,7445,4.061227083763245,0.4211808786548178,Y,205.36106441748447,74,0.45228200071834646,2.896440573229161,58.753532094284374,57.980582083344196,-1.3155804993983833,0.25951125150335774,0.2496649125099052,-3.7941857766907505,0.11948859280083557,0.10846117494594676,-9.228845696818432,0.23294439389286814,0.2229774567310553,-4.278676552480876
URY,2009,ECH,40865,3.02493956188873,0.8324682439808027,Y,250.22094156508965,129,0.16416454442932552,2.8950986172894555,24.28839598130451,23.995997033875078,-1.2038627320408501,0.45535302291640023,0.4487239700802559,-1.4558051670959027,0.35827177972574287,0.3468607756549398,-3.1850133659810487,0.4909363719208649,0.4847457549448575,-1.2609815304141514
FRA,2014,EU-SILC,7639,3.970200140680485,0.6205397951744037,Y,340.9785343574312,37,0.30792822956357313,2.893877188441818,57.346714079330695,56.737139766306655,-1.0629629313735123,0.32504077703193024,0.3178024125496661,-2.226909666030319,0.1803326191528991,0.17072606605374885,-5.327130024660221,0.31926968202668904,0.3120193153057583,-2.2709223985522775
THA,2002,SES,22770,2.2402574076714217,0.7670854974645285,Y,93.8327460467293,101,0.2117630321179668,2.8840978469769216,9.68454311497809,9.60393448365756,-0.8323431509728141,0.4194449593132593,0.4145806635814817,-1.159698221130545,0.2901737695895823,0.2824543850284249,-2.6602627012343616,0.40078905906121365,0.39577849499313356,-1.2501748625116105
FRA,2011,EU-SILC,7691,3.973466599010709,0.6531252721420473,Y,377.2252221995991,37,0.23907264942734446,2.883594315109116,58.10914539934279,57.335355719069625,-1.3316142836991673,0.33715417732704633,0.32822216818498173,-2.6492357926208854,0.19518708258417128,0.18298954349948016,-6.249152824665605,0.3484553549712921,0.33971704702460215,-2.5077266921066155
KEN,2015,IHBS,21759,1.2381176873903799,0.7499669236382733,Y,32.72104530848872,57,0.22567998098822611,2.8830095609217965,4.246111292160389,4.197540346471372,-1.1438924311450438,0.4077577252940007,0.4009130792274094,-1.6786061040673594,0.2797929762120863,0.2690408400766824,-3.8428899399010286,0.4097403943655237,0.4029352206709641,-1.660850086576715
KGZ,2008,KIHS,19760,1.7984199132213077,0.5722854890398106,Y,33.625219989549635,112,0.4163382113330546,2.8829266875449955,6.428830383591317,6.383486556227058,-0.7053200140416438,0.3145068470604818,0.30964953765276526,-1.5444208776740798,0.16335461445591837,0.15728011260548835,-3.7185982597811695,0.2663030289109649,0.2611739117934242,-1.9260453546157685
FRA,2017,EU-SILC,7321,4.014481701351233,0.6117966091715014,Y,347.1897737494194,29,0.3011762003273363,2.878660119612587,58.969703006518465,58.3178186519194,-1.1054563977149434,0.3189873101637761,0.31138510099860617,-2.3832324744413214,0.17509596943720673,0.16479635427821382,-5.882268559406545,0.3256096021529149,0.3181209554085065,-2.2998851062419057
ETH,2004,HICES,21287,1.1986574178656246,0.6241664910480337,Y,21.56683872990719,277,0.19701637152387635,2.8754004456550204,3.1229829504302535,3.0756748878739204,-1.514835761425326,0.29806852974558695,0.2872800063006551,-3.6194775255677936,0.149856992490211,0.1355580385994608,-9.541732856866346,0.22903263220503955,0.2172275487452061,-5.154323794901439
BTN,2012,BLSS,8964,2.241037902115811,0.6967397881292384,Y,76.0398288252786,66,0.2411521394201853,2.870230789885982,9.905167147460848,9.80423766422836,-1.0189579007595095,0.3880932705060631,0.3818062961952029,-1.619964783893879,0.24946012573600918,0.24015088754625857,-3.731753987650155,0.3641869691868884,0.35767903292498904,-1.7869766939848208
XKX,2017,HBS,2232,2.2435529164672645,0.5151247490936269,Y,44.208945865348305,18,0.32662651486298655,2.868363023629736,9.534210966501327,9.405133323681003,-1.3538366549034953,0.29012943781330736,0.2804095801455426,-3.3501797477094586,0.14311114797930857,0.13124197215243294,-8.293676624403655,0.2441910748677013,0.23397158247150562,-4.185039277841107
CHE,2013,EU-SILC,7320,4.295001293267548,0.5427617052870132,Y,373.63762445074065,32,0.36479201234096686,2.867899921843912,77.14793119244658,76.29840594317103,-1.1011640054953586,0.3156712652385617,0.30806654715552106,-2.409062502820314,0.1674008671013505,0.15773150731626906,-5.7761706689531405,0.27846722337270124,0.2705410140488417,-2.8463706528402133
BRA,1983,PNAD,40660,1.6683242149297133,1.1038223685208537,Y,145.44402729853587,185,0.08891824680190527,2.8636685316666184,7.376210754753546,7.294306807692202,-1.1103797028652163,0.583689934842818,0.5790196496975777,-0.8001311769232244,0.6255627625596272,0.6147604297735565,-1.7268183837974238,0.7189180206170047,0.7157629634896531,-0.43886187811008615
LTU,2011,EU-SILC,5122,2.932297421708669,0.5046576964728822,Y,85.30819402405076,33,0.5052688987049819,2.8610937048161182,19.366250474974326,19.243199674226343,-0.6353878408574376,0.3328954326354331,0.328643240761163,-1.2773356007340642,0.20859652763062364,0.20334444155372688,-2.517820472159049,0.5004188008708192,0.4972760944055661,-0.6280152663697414
HND,2007,EPHPM,19901,2.0560367950673637,1.1035278815353295,Y,214.1379513202628,43,0.0898673108156541,2.8555978187835507,11.113016171785436,10.98811314267012,-1.1239345573205384,0.5578475990873635,0.5528264668469207,-0.9000903201263788,0.5838964284452555,0.5729816986832073,-1.8692920919401668,0.6845570567886904,0.6809728593454266,-0.52357906586743
URY,2007,ECH,43180,2.8213938806614314,0.8274047733764102,Y,201.06097108462487,159,0.18300148463458268,2.8513102778300516,20.621721384560274,20.401676685362403,-1.0670530121826838,0.4639386549370663,0.45816329610315876,-1.2448539849931217,0.36902653014806086,0.3589429020311403,-2.7324940873152848,0.5406190823392826,0.5356743433099375,-0.9146438205527296
BRA,1986,PNAD,19327,2.318566085161051,1.1602034298595572,Y,330.0276288486663,61,0.06364552836485303,2.8496333366658715,13.776883821831367,13.594340975821462,-1.3249937240571108,0.5800741096990172,0.5744383819110027,-0.9715530643039205,0.6206386655167515,0.60759544126021,-2.1015809973233823,0.7083610603636863,0.7044456940134214,-0.5527359660699949
EST,2008,EU-SILC,4534,3.011216250266581,0.5272488013016172,Y,98.78666778207543,15,0.5501961474164189,2.8486147411882574,25.912343377872432,25.717720984921076,-0.7510798622619053,0.3110246566269296,0.3058323930049902,-1.669405788675915,0.16983753582435002,0.16382173039544723,-3.542094154689379,0.44351619306671597,0.43940570236704524,-0.9267960818405641
LVA,2020,EU-SILC,6030,3.2659474924665,0.6420864909289755,Y,179.8650711822929,26,0.4117740566746328,2.84731363987512,32.94353855368509,32.74617038713654,-0.5991104028697958,0.34463522401755764,0.3406965648334608,-1.1428487019354172,0.20924748289372763,0.20410857560665274,-2.4558992137003743,0.40030009928781596,0.3967333403621447,-0.8910212443156929
CHE,2012,EU-SILC,7509,4.268813222874,0.5596119005180936,Y,382.852165738479,39,0.4284535230570891,2.839975718098987,75.28656188937833,74.78878540493531,-0.6611757423249376,0.3171361852683213,0.31260535242996657,-1.428671040651297,0.17026036167786351,0.1646535046732316,-3.293107655462535,0.2916844708009497,0.2870540885870816,-1.5874627130999963
BOL,2013,EH,8104,2.8825791881395633,0.8700214067967883,Y,242.89843877056296,24,0.15989014516708663,2.838524645635204,20.4514256994175,20.2592776069146,-0.9395339734597052,0.4757933305214934,0.47082870286260803,-1.0434420451930104,0.442993658592858,0.43411422110837794,-2.004416386610375,0.6636594416091006,0.6604735505751473,-0.48004907851967316
AUT,2015,EU-SILC,6014,4.12958125065105,0.49542505169593754,Y,274.7485747257444,36,0.3693196062145495,2.837623247602094,62.488642150556046,61.730150268038194,-1.2138075919306934,0.30525762503662013,0.2967390641557397,-2.7906136267221826,0.17072846957090348,0.16014745534158026,-6.1975687217936,0.6329106216461329,0.6284355868871083,-0.7070563529784746
FIN,2018,EU-SILC,9374,4.029919253529117,0.4840946291404051,Y,240.37570599236057,66,0.46393672035656425,2.836987960629685,56.95567871902662,56.45504413778781,-0.8789897557160864,0.273609291195809,0.26718615478713614,-2.3475578554370546,0.12791817322184906,0.12058467321765409,-5.732961798536984,0.4835682798365968,0.4790618496589537,-0.9319118655106706
CIV,2018,EHCVM,12986,1.5341038660069426,0.6519386815679172,Y,32.783322008127435,58,0.3716875122707214,2.831573357485372,5.659880512086369,5.621468357452334,-0.6786743033180387,0.37168873914089706,0.36740878119938936,-1.1514898060673517,0.22667497745212728,0.22080505175729792,-2.589578153181493,0.3439619428882915,0.3395372264408715,-1.286397096802383
SWE,2019,EU-SILC,5567,4.0264060347522355,0.4874534692327234,Y,241.95855289278836,13,0.20611580624836887,2.8283354719949445,56.836729408888985,55.72791085197747,-1.950883818339666,0.2966470461782036,0.28266497116735867,-4.7133707181582825,0.17069177917380962,0.15255174925244175,-10.62736003407434,0.4382215859952199,0.42710987272298084,-2.5356380487291275
BWA,2002,HIES,6043,2.032210468045951,1.2778470433015898,Y,352.74718055734553,7,0.05039014285009715,2.826847676404974,9.558292399434867,9.465843841019986,-0.9672078918651628,0.647313079987636,0.6438712739805479,-0.5317065440966884,0.7958857001429891,0.786358104074075,-1.1971060753073415,0.7471492286824672,0.7446800093942217,-0.33048542291875815
MYS,2007,HIS,31882,2.6357042832149418,0.8326888309696118,Y,169.655646876166,101,0.20308715734163077,2.825845464137879,18.10327263139455,17.936250953390132,-0.9226048870013104,0.4475234947538931,0.44238752462388087,-1.1476425685396974,0.34387150295574864,0.3352911620193968,-2.495217214162704,0.4775920747534398,0.4727429345883797,-1.0153309532122123
BGR,2010,EU-SILC,5988,2.7728200698905385,0.5849760766873293,Y,92.5499315993763,31,0.3872620946521733,2.824011783936513,18.17147933174592,18.016725417812722,-0.8516307952035618,0.33820952682679795,0.33253981825655876,-1.6763893741948643,0.20775748166541108,0.20037890523907143,-3.551533435615417,0.37481344722730914,0.36951415906281015,-1.413846862672774
PER,2015,ENAHO,31452,2.2118150096158695,0.8405304098645764,Y,113.68213213622572,95,0.23266743445020982,2.8113204774516922,13.031259262780264,12.929410102925553,-0.7815757311007587,0.43354478138150976,0.42909094803767067,-1.0273064133413778,0.33774797476304697,0.33056274372635075,-2.1273942624636444,0.5055012727436152,0.5016206480399861,-0.7676785228585059
MDA,2019,HBS,4408,2.362780083879092,0.4248840480979535,Y,37.99415105114998,33,0.7365131383828631,2.8078823733037663,12.118137188483,12.057706064703568,-0.49868327812682134,0.2601664666807716,0.25647788946908934,-1.4177758028317333,0.10901171439748092,0.10535013720792019,-3.3588841435974515,0.18784757786498052,0.18402101956746675,-2.0370549043034147
MNE,2010,HBS,1250,2.830892573530667,0.5030448808499557,N,76.70962704527327,9,0.45376705779787113,2.807078605436041,17.291335493586832,17.154037132043243,-0.7940298283756753,0.2889309673475834,0.2832583731840992,-1.963304319907,0.13993667175344537,0.13332267681464316,-4.726420069826598,0.23960174313941685,0.2336578828347904,-2.480724984195093
POL,2009,EU-SILC,11652,3.0360845684530124,0.6014860467711938,Y,126.53800638406037,42,0.3009278153312826,2.80417512228961,23.760913493402157,23.47540392656673,-1.201593393767053,0.3347613899524322,0.32668243819599063,-2.413346341281941,0.19441787181578007,0.18359708709608302,-5.565735607861322,0.32954460647379225,0.32146248883539075,-2.4525109741233897
POL,2020,EU-SILC,13665,3.473225007904083,0.4863416991539308,Y,138.69123139204117,90,0.567313436479337,2.8040210108120798,35.42813459031778,35.22153624357219,-0.583147685122698,0.2875472263681006,0.28338628866870563,-1.4470449782980621,0.14236749275946137,0.1377588147433091,-3.237170176157367,0.2801613426732694,0.27607924383954685,-1.4570528520357673
POL,2002,HBS,32325,2.6344888234693964,0.5944901489658982,Y,82.92688121924303,187,0.331386675334559,2.7958854839500518,14.353324918642205,14.22683102540879,-0.8812863496814094,0.3405020592699146,0.3346519680508214,-1.7180780731948064,0.19189764727501624,0.18414202712591043,-4.041539987194797,0.3031079341457702,0.2969833069675941,-2.0206093236842304
MDV,2019,HIES,4720,2.6773344717282193,0.4786618559497713,Y,61.14939935367205,42,0.7042919127979854,2.794985375185969,18.69046707025154,18.598741523456518,-0.4907611267832679,0.2928509126347765,0.28937905812911546,-1.1855365156368425,0.13756614086844943,0.13388293795373096,-2.6774051314273684,0.23117398207772255,0.2275726122818562,-1.557861210633782
POL,2006,HBS,37475,2.6744531868957533,0.580334750375889,Y,82.71967137587305,198,0.37171345919791143,2.790611080420001,15.77673748056999,15.643950248216832,-0.8416647137387767,0.33709116089455926,0.33147689745030595,-1.6655030138893023,0.18753910017147124,0.1802049814794846,-3.910714451162922,0.2985638781133053,0.2926906452132473,-1.9671612444118747
PRT,2010,EU-SILC,4795,3.3059521258976803,0.6044673048899826,Y,167.22731266469032,33,0.42327105324964626,2.788769632723331,31.95680097713735,31.77342422353403,-0.5738270039435833,0.349074152435659,0.34532816971526414,-1.073119477411122,0.20886130523557522,0.20398037022423843,-2.336926414316709,0.3551473538593902,0.3514833395703033,-1.031688466567482
ITA,2011,EU-SILC,17037,3.870417339939928,0.575655699295911,Y,269.72001455443683,100,0.3008892152409887,2.7871356794789723,48.68564054543712,48.140264122153084,-1.1201997491951388,0.3432125339005284,0.335782978713715,-2.164709750654592,0.22730405519305608,0.21720517070531464,-4.44289675305799,0.6387682241876991,0.6346950523983221,-0.6376603649244861
FIN,2008,EU-SILC,9841,3.9050564275243107,0.5209418543807829,Y,236.95778209965314,62,0.32163068528752814,2.7849526135260843,52.25977659519469,51.56649551949316,-1.3266055097626905,0.2828445891546285,0.27322026030248714,-3.4026915207771014,0.1369380617513194,0.125241567805094,-8.541448445112598,0.25332969678540973,0.24343002130573455,-3.907822732705901
KAZ,2021,HBS,47220,2.55479574816965,0.5113321519185666,Y,59.667781653329094,320,0.3872914091064395,2.7826897388375724,13.326654740648193,13.186903478997598,-1.0486597302197254,0.2919153157999702,0.28442538786516325,-2.565787928694807,0.13778227807397148,0.12866625202238868,-6.616254411680322,0.21752063391262566,0.2093676071617665,-3.7481624635822386
ISL,2014,EU-SILC,2987,3.871548247011348,0.4095396409225276,Y,164.04932909786905,20,0.557905341755174,2.7777990294520993,49.791971160129144,49.324090238648544,-0.9396714180603727,0.2540291492087783,0.24697827216972357,-2.775617310460632,0.1101928074669738,0.10276222894403064,-6.7432518453349966,0.2393644819911046,0.23241902486670984,-2.901623944630549
BRA,2014,PNADC-E1,63971,2.5664467515964815,1.0275461048342678,Y,284.0314768786411,267,0.14672075770596377,2.7718295805968887,21.015045478564915,20.849277366613943,-0.7888068199521703,0.519410499044072,0.5155943522060966,-0.7347072970220414,0.48628532770105304,0.4787875421351009,-1.541849021313979,0.6114533411884376,0.6083677795331228,-0.5046274911700732
MKD,2002,HBS,4091,2.406907166825715,0.6557762390751605,Y,79.3791614893792,17,0.34328634996436136,2.764344905675893,12.62821195785184,12.551622450026215,-0.6064952669566526,0.38509068317199313,0.38134968764872956,-0.9714583309180513,0.2535901232177924,0.24829041045014044,-2.089873493653527,0.39368729147913406,0.3900262351268583,-0.929940191495815
PER,1994,ENNIV,3623,1.5969166870409495,0.8381048606296958,Y,61.02180558663832,13,0.20525468283958584,2.764125207724042,6.49168120306996,6.437493120050663,-0.8347311170128213,0.440239886717942,0.4355396954454329,-1.0676432132376235,0.339494791952466,0.33181800522641747,-2.2612384366483607,0.48487761054046774,0.4805578474644002,-0.890897616669184
IND,1993,NSS-SCH1,81241,1.033697906837568,0.613865070957496,Y,17.73062055419197,801,0.21624755748464103,2.7615339535436685,2.731587173142008,2.694495499760358,-1.3578799075625092,0.3155753883786213,0.30616262322617216,-2.9827310681008856,0.16504512724209375,0.152375186647428,-7.676652323143751,0.2611646851949033,0.25105093999197614,-3.8725546661790955
POL,2010,EU-SILC,11584,3.0732626802431495,0.5801023652976665,Y,123.17052485099825,56,0.3759401589853397,2.7608806929047756,24.165601017981572,23.961465072099635,-0.8447377151101665,0.333425203045417,0.32775937278006984,-1.6992807423065193,0.19365441022157892,0.18632450754327623,-3.785042989682408,0.338667749388865,0.333109335244389,-1.6412587719103144
SWE,2020,EU-SILC,5748,4.044960785972957,0.4692563138456893,Y,233.39440025445234,19,0.2595480336675602,2.757776108061521,57.78549796390078,56.79767388367858,-1.709467106849727,0.29202324605501406,0.27972077388286265,-4.212840018165453,0.1602999827523468,0.14456738522130275,-9.814472379170436,0.9320227962316926,0.9308414969925548,-0.12674574526653215
DNK,2009,EU-SILC,5797,3.9958804258335827,0.40220841378556865,Y,181.72701930663408,38,0.4660639826222996,2.754774758493537,54.998692582532335,54.33056666544858,-1.214803272061693,0.2524650080560482,0.24329094657187067,-3.633795255357075,0.11892154809954736,0.10870657824723784,-8.589671102968433,0.6250510673662806,0.620497473201437,-0.7285155409830213
HUN,2017,EU-SILC,6858,3.0779496477647514,0.4832788904839478,Y,92.55345034655497,41,0.40779738181152225,2.7521061566769305,23.044726840625124,22.78794204174438,-1.1142887509869026,0.3020822636599365,0.2942392470117112,-2.5963181529434,0.17394794128543367,0.1645431838216358,-5.406650630239696,0.4919311407429767,0.486290320603151,-1.1466686437671347
THA,2004,SES,23676,2.3317959469186746,0.7820826909539534,Y,107.55948246338397,129,0.19184313217598012,2.752014937782675,10.929815938361989,10.835371251176145,-0.864101351005897,0.425403126259856,0.420401796497185,-1.175668314110112,0.29947147611212044,0.29140680836190613,-2.6929669078716967,0.40946115425033025,0.4043305228530444,-1.2530203033983445
MLT,2019,EU-SILC,3756,3.7779256546643962,0.4682181396891978,Y,178.1418376533116,31,0.5528918219157726,2.749284988730871,50.0754183657582,49.68363405737987,-0.7823884875343134,0.28665086242360616,0.28104501573448004,-1.9556357311222516,0.14149091837189287,0.13522985426139877,-4.425064295672742,0.2814607321916628,0.27597698316836283,-1.9483176145387637
HUN,2007,HBS,8545,2.8345967851765863,0.530277850904585,Y,83.54875368132465,61,0.41259669541095695,2.73709211297937,18.160532246637516,18.00818114758591,-0.8389131826233576,0.31155091358744347,0.30574252888658415,-1.8643452635002666,0.16185221271222172,0.154743817593205,-4.391904812358471,0.2675528307366297,0.261475956109515,-2.2712802590739822
GRC,2008,EU-SILC,4515,3.616077206959395,0.6221445137890718,Y,240.44965870621897,27,0.35091326525141503,2.735359598792108,40.21664769699679,39.96034751255646,-0.6372987285548137,0.33754965877156806,0.3333101705208448,-1.2559598685870088,0.2025738111838975,0.19699405597893405,-2.7544306800340146,0.4230053879650445,0.4193412116335016,-0.8662245058319917
LVA,2011,EU-SILC,6356,2.8053704932152357,0.5165265799526965,Y,77.8629502406677,50,0.5452046307229437,2.7324100314514737,18.71694028153133,18.630029138027613,-0.4643448245089221,0.3492686913457518,0.34624462585311355,-0.8658278189740742,0.22960050815521837,0.22588295558416194,-1.6191395223494998,0.4814113752863679,0.47904424232501097,-0.49170690242805737
PSE,2010,PECS,3741,2.53924731232838,0.6087207096872169,Y,78.68160885479526,31,0.31619703625408535,2.7308043594098907,14.301447327243954,14.15969169544876,-0.9911978036317493,0.3529443244725978,0.346482795386602,-1.8307502452833746,0.20485994690338805,0.19614513682699908,-4.254033161737992,0.31652112717794634,0.3097593598313668,-2.136276780910773
ITA,2006,EU-SILC,18205,3.8279831446105352,0.5628613251658962,Y,248.77953934106964,112,0.391671224572557,2.7301913486738814,48.40761137171399,48.060388822166914,-0.7172891611627152,0.3358935244258321,0.3311069375841511,-1.42503099750525,0.20724348520113223,0.20104566224285225,-2.9905996573378,0.4623567846768921,0.45851705903953943,-0.8304681070130715
MNG,2018,HSES,16444,2.186819017285942,0.55385482236553,Y,46.91715957720291,94,0.3616377539029671,2.721066019417981,9.861786646755379,9.763111083493085,-1.000585054177372,0.32740990400291115,0.3206283224456248,-2.0712817402206873,0.17672226390967438,0.16806811957459056,-4.897031162698939,0.28478866406017067,0.27767269564971286,-2.4986838692969693
BLR,2009,HHS,5023,2.4310497578111185,0.46037065838945274,Y,45.248147631133385,34,0.525610337047015,2.720988954719911,12.590503654667634,12.485746382152051,-0.8320340106231283,0.27689306270056147,0.2708471970126106,-2.183465930487749,0.12836764654366606,0.12171171904149691,-5.185050658309798,0.22424316087713458,0.21795740587232004,-2.8030977534510337
HTI,2012,ECVMAS,9667,1.1097021993328662,0.9930874261602336,Y,59.67806173954559,27,0.11412308527261456,2.7198200630312996,3.8802765830703936,3.842846487351005,-0.9646244260704373,0.5118732856465807,0.5071241325286066,-0.9277985882727213,0.5138215914358628,0.5045670191016901,-1.8011256218935845,0.7388762736517631,0.7363343398892896,-0.3440269843705268
ROU,2002,HBS,32026,1.842307986569002,0.4942464131759984,Y,27.800311511876586,183,0.44456486288324376,2.7179741572646345,6.434473613948682,6.383176700719435,-0.7972200417147524,0.3022993890234541,0.29670873977825596,-1.8493749733527909,0.15488683286859906,0.14823213776026023,-4.29648859434324,0.2668228214213245,0.26106298118804017,-2.1586760092718316
BLR,2014,HHS,5539,2.867880066798975,0.4681888053303469,Y,71.69682628296692,26,0.49276023516271283,2.7164359223463563,18.918250252305562,18.757641556368704,-0.8489616840610559,0.27176666794603244,0.2655518013076943,-2.286839179105027,0.1226964442912788,0.11581758051781055,-5.606408411590125,0.20990357753509392,0.20334995573313597,-3.122205861813976
BLR,1998,HHS,4933,1.2481095352384388,0.5726138387228794,Y,19.41315737530299,22,0.37169548768994265,2.7140492069994018,3.944827984769394,3.9099212421134197,-0.8848736317716765,0.3201834982755426,0.3141247528021882,-1.8922728703964498,0.17237734102838553,0.1646359624863114,-4.4909490399897445,0.2875030817537374,0.28122677492021364,-2.1830398461258116
TUN,2015,NSHBCSL,25126,2.419941635146778,0.5610695043110144,Y,60.530668144494484,123,0.44627227415699877,2.712993728438001,13.775789849628868,13.6721851242565,-0.7520782946261351,0.3281588248539643,0.32308332426560427,-1.5466597890880118,0.17807671824090088,0.17180566817216247,-3.52154404612004,0.29114039327304364,0.28588525294723965,-1.8050193127531755
FIN,2017,EU-SILC,9645,4.008982824805168,0.47748031763763393,Y,230.77051558727504,71,0.466907313838292,2.7061519029248666,55.779909077349885,55.34790442186275,-0.7744807451874336,0.2707057132949283,0.26502887108018025,-2.0970529752223133,0.12468296384881805,0.11824598967296351,-5.162673373452664,0.24011078519305118,0.2343262022886099,-2.4091308100926967
SRB,2006,HBS,4559,2.5483618063210116,0.5011967556989128,Y,57.50961052589076,34,0.5057903715784714,2.704735462399346,13.725324484739177,13.644968838843294,-0.5854553455929445,0.2972947893488542,0.2931694224576107,-1.387635114722019,0.1491867130741804,0.14441484050016173,-3.198590863548245,0.2602522850632223,0.2560141770342994,-1.6284614092411664
KGZ,2005,KIHS,19067,1.426514749540582,0.5734097654736852,Y,23.260206988663214,99,0.35186952899924206,2.7045894624354623,4.589301417330871,4.547025235573597,-0.9211899135154633,0.32561430774055067,0.3193570850706122,-1.9216669910353534,0.17234495251321036,0.16424530292484318,-4.699673225269729,0.271847158018232,0.26516764378684476,-2.457084444097546
GIN,2012,ELEP,7501,1.29708755850667,0.5952383999360521,Y,21.819471480395,51,0.32068294350099186,2.703670804935562,3.8602491993085426,3.8258520921087684,-0.8910592405779294,0.3372970459924106,0.33135237698529785,-1.7624432463148598,0.1910851442639523,0.18325750520953044,-4.0964142370006895,0.30954229891394613,0.30340724799009855,-1.9819749822149957
POL,2017,EU-SILC,11847,3.2894517728689188,0.5372071580339364,Y,134.433983153308,59,0.4273456126717683,2.701577388024526,29.302167280930696,29.085044284413513,-0.7409793085799588,0.3115762976200048,0.30645385282671866,-1.6440418710968352,0.16969921377191266,0.16351591309223057,-3.643682573563878,0.3614562004837789,0.3567797027326376,-1.2937937556147139
BLR,2017,HHS,5936,2.7650997682835228,0.4092903831209164,Y,54.215720778151365,52,0.6345601656241298,2.699266719421833,16.718976414469424,16.611718015849817,-0.6415368737931804,0.2544457006267933,0.24965252116348402,-1.8837730217102888,0.10608392644299514,0.10121258872454186,-4.591965891336914,0.18638382407053122,0.18139485551659296,-2.676717563242159
SVK,2016,EU-SILC,5700,3.157925947215541,0.3914929466544016,Y,76.12713618491537,34,0.4977659804251726,2.69405902601109,23.046905721982622,22.80494346396373,-1.049868736991022,0.2646902373572153,0.25690380695544546,-2.941714239071691,0.13733150948362782,0.12854025843925188,-6.401481406147369,0.315551549849021,0.3084634178893494,-2.246267515739664
HUN,2012,EU-SILC,10594,2.9874020883786097,0.4901213487749317,Y,86.2945232835775,49,0.4799799802872125,2.693130971145972,20.409713057780504,20.27424919014485,-0.6637225484363851,0.29140723124210843,0.2866889915879689,-1.6191223649558273,0.14741279374118754,0.14199565238639922,-3.674810860921063,0.26128712911966967,0.2564834644149595,-1.83846204782252
NLD,2016,EU-SILC,11678,4.044636122246139,0.4801906434242755,Y,241.0991000553862,65,0.39634831165022555,2.6928063834188753,57.877801253744536,57.274856339474624,-1.0417550446094492,0.282415794719035,0.27487431428061726,-2.670346552649605,0.1398975450566482,0.1308660034075393,-6.455825686899508,0.2660459974919325,0.2584491591392726,-2.8554604934021843
GRC,2011,EU-SILC,4001,3.4700544576608707,0.6235031779460418,Y,208.63034285389716,22,0.3676555048434873,2.692681734797847,36.02063321985382,35.817753148660486,-0.5632329391741853,0.33800626463493155,0.33426730627880497,-1.1061801946673722,0.20931189457530586,0.2044603134412193,-2.317871683274586,0.457611557852019,0.45457360335306574,-0.6638718902147289
POL,2010,HBS,37369,2.8465763027941775,0.5752206098293684,Y,96.76043024821108,199,0.3544769873545376,2.6924590242843296,18.43745450936323,18.28402705967271,-0.8321509328340637,0.3321883360580431,0.32659777246298605,-1.6829499980036022,0.18198105888766136,0.1747566858720262,-3.9698488731702786,0.29061894577599234,0.2847506116998243,-2.0192537897000484
HUN,2013,EU-SILC,9313,2.9196906704449903,0.5146585113687377,Y,86.8051719484875,36,0.39487454787865445,2.6897408076807245,19.329255343736538,19.15212000520213,-0.9164105672172629,0.3074128283822314,0.30102639781981544,-2.0774769211892363,0.16603104840285754,0.1582989458965911,-4.657022033315883,0.2993785595527201,0.2930234366916584,-2.1227715406729186
IRL,2014,EU-SILC,5204,3.6663228499540352,0.5613071872331181,Y,210.659779280046,24,0.36793125363442,2.6864621859329816,43.156130002034864,42.7718400554267,-0.8904643363296105,0.3321331893273669,0.32614559699255186,-1.8027684456771942,0.1924402096704072,0.18473152650033153,-4.005754921634286,0.358173306762713,0.35248445149367413,-1.588296827716329
NLD,2013,EU-SILC,9539,4.040815029832302,0.43795204951254274,Y,211.59438810085092,71,0.4834652513842471,2.684041485289823,54.85406908683475,54.40474845652131,-0.8191199628274748,0.2762093080941028,0.2702472231809798,-2.1585387379819077,0.13093818366509336,0.1241388975616946,-5.192745090148487,0.25805242822527885,0.2520807411344509,-2.3141371433306968
HND,1991,EPHPM,2722,1.5326728410822281,1.0706588266895447,Y,114.96748176898727,14,0.0815855879714016,2.682323807580713,5.4768592923544945,5.423749087625115,-0.96972008763343,0.5169178928118408,0.5121914672360841,-0.9143474508198302,0.4802050719135962,0.4707661337516218,-1.965605678499116,0.6025537377493984,0.5986636613686109,-0.6455982490984558
HND,2009,EPHPM,19250,2.1580913181821195,0.9958151299580248,Y,171.6635931845779,40,0.11974848791723341,2.6807439100560932,11.270140089199943,11.173581052246849,-0.8567687374678279,0.5127022043678617,0.508494243171397,-0.8207417796560756,0.48783653119679316,0.47958336656028244,-1.6917889720688861,0.6290917987783962,0.6258888189704894,-0.5091434690654761
PAN,2015,EH,7035,3.0682733648535985,0.9782968553088592,Y,404.7072356548474,17,0.10561625654338183,2.676673588305906,29.418800956861574,29.05879231391183,-1.2237366284154283,0.5076836587076071,0.5015893529457528,-1.2004140092608862,0.4737130423188387,0.4619034398729154,-2.492986553233789,0.610733361295134,0.6059144496333875,-0.7890369131837605
TUR,2016,HICES,12041,2.878258335572591,0.7411987832386734,Y,164.32639859886325,46,0.2803175118542276,2.6753804905470395,21.681539696699982,21.56211168547625,-0.5508280910599295,0.41873704758293495,0.415524277952516,-0.7672523004505938,0.2957963772336183,0.2908321158327012,-1.6782698447305067,0.4280331122744122,0.42488516113827435,-0.7354457040509743
VNM,2018,VHLSS,9395,2.400080352560673,0.6216596470686513,Y,71.16913973465344,44,0.3588583606896563,2.6740562606078684,13.46040994945987,13.35586742267156,-0.7766667373492964,0.3571554607451004,0.3521383540626447,-1.404740297681284,0.21924392258862557,0.21256469720626914,-3.046481427395764,0.357611878542487,0.3526535397291253,-1.386514014459006
AGO,2000,HBS,10034,1.6160162625657069,1.0798021965171867,Y,128.43498874091938,26,0.09709910274141031,2.673283163078649,7.3882604578743605,7.315460556683069,-0.9853456250815018,0.5195689245995974,0.5147908964929935,-0.9196139107599755,0.5125764603511331,0.5029929136536704,-1.869681391708411,0.668264009482556,0.6649641526346627,-0.49379538641448617
AUT,2009,EU-SILC,5845,4.0671107896324505,0.5081977146727998,Y,268.192212336904,35,0.427968459366878,2.671971706899898,60.331307197466856,59.867049818027866,-0.7695132113074488,0.30420583154570324,0.29882561420662546,-1.7686108486942298,0.17337666879541924,0.16692278457720722,-3.7224640795397113,0.6057798656837043,0.6027579575961611,-0.49884591065643136
MNE,2011,HBS,1287,2.8120255568189907,0.531475425627956,N,81.97807501961483,8,0.48011670860498923,2.664757392933903,17.02552872057797,16.96543012087219,-0.3529910917429713,0.3081985382226349,0.3057585026626817,-0.7917089983699332,0.16008675889607193,0.15721151830092683,-1.7960514754450707,0.27339240161176104,0.27088445003868056,-0.9173450170140374
CRI,2021,ENAHO,9457,2.9165528961955087,0.901792100080419,Y,276.42214178257126,18,0.1271968444464724,2.6632626369347148,25.20289279569763,24.883273810141887,-1.2681837285373199,0.4864028758634944,0.4798126970689587,-1.3548807216315017,0.4165656700723037,0.40445104985513547,-2.908213779370128,0.5564220094611487,0.5507323195311752,-1.022549401933892
GRC,2018,EU-SILC,11332,3.219590709676096,0.6511355097684034,Y,176.44288724271445,53,0.17620347754558927,2.6631231506681727,25.920292605276433,25.54090179538789,-1.4636825890280036,0.342800771460009,0.3330506969917869,-2.8442393599920845,0.21801649543395607,0.2044357365328784,-6.229234569634534,0.4324378226211716,0.4240431084830204,-1.9412534470892528
AUT,2019,EU-SILC,5944,4.202242568654427,0.5102088365860337,Y,308.85412511172865,32,0.3754039694606137,2.662527382283354,64.96462099192709,64.39437081473272,-0.8777857370479092,0.3074504843486987,0.3013320893588898,-1.990042397483971,0.18132874080016625,0.1737941000750607,-4.155237990324512,0.803600876653622,0.8018695434058392,-0.2154469087928934
GRC,2007,EU-SILC,4174,3.570892265809743,0.6273471100690036,Y,233.44198687285285,20,0.3173982460742263,2.6575331108205797,39.04845000133494,38.75166528522251,-0.7600422452166189,0.3498175295969137,0.3448540373986576,-1.4188803528443539,0.21757303319049992,0.21096571212352622,-3.036829045439904,0.3958047848429783,0.39122913260553305,-1.1560376257857774
TLS,2014,TLSLS,5912,1.1851881385219714,0.5160731874723062,Y,15.385226040617265,53,0.418931129445771,2.6559367163307996,3.425857691725509,3.399322580661471,-0.7745538038000932,0.2865292640763377,0.28097161985470487,-1.9396427933979443,0.1337722131517527,0.1271583538883947,-4.944120387583906,0.21783413560107956,0.211849151270895,-2.7474960770817347
GEO,2017,HIS,11587,1.936824694403862,0.6615492118399665,Y,50.474705515821384,60,0.3134358224499005,2.653624206326829,8.134315510001068,8.076667152971362,-0.7087056920625612,0.37939733135144116,0.37497594155289293,-1.1653718761802878,0.2478457744422502,0.24155466223625166,-2.53831731452997,0.3928017262391169,0.38850552964590157,-1.0937315969431483
MKD,2003,HBS,4241,2.3716380568730044,0.6768118816723987,Y,81.61994873551771,12,0.2986244012299544,2.6496291057846326,12.344030881591634,12.260696929721574,-0.6750951343967748,0.38722393178631087,0.38307050678723853,-1.0726157807220416,0.25482758966710106,0.2488706030642236,-2.337653709576537,0.39362353742097966,0.3895397502292719,-1.0374855168633235
PAN,2018,EH,6692,3.1987413013605845,0.9714133947159121,Y,451.6833970994739,15,0.1339458121989154,2.6493927611826087,32.413283258623935,32.15953907312088,-0.7828401198312407,0.49171517981475865,0.48770711499416053,-0.8151191960573678,0.4481121453757888,0.44056938262485135,-1.6832310457936983,0.604503196295266,0.601385135921676,-0.5158054403515688
CRI,1991,EHPM,4035,2.096341988567403,0.9102314524490033,Y,124.84042801615115,12,0.12943245772074366,2.647721898048479,9.598450064250875,9.505893834236856,-0.9642830810647318,0.4536188052593988,0.44830455556718585,-1.171523232854954,0.381274875820911,0.3720765915241262,-2.412507322172819,0.5746842852611213,0.5705482322102853,-0.7197087438986838
HND,2004,EPHPM,10175,1.793411695342245,1.2455898380778783,Y,252.1896060547536,6,0.039360964909342495,2.6443501066592283,8.664575269941354,8.534717826893312,-1.4987167749414776,0.578971135103206,0.5725706828820797,-1.1054872744191924,0.6506940780153514,0.6359186628748106,-2.270716092208269,0.7429360055903355,0.7390252295575369,-0.5263947370125144
BEL,2011,EU-SILC,5659,3.9546378010992904,0.48087337569198413,Y,220.80013552096605,33,0.3207885268553109,2.6396416603971855,54.348425711109805,53.62212352630157,-1.3363812756397198,0.2834002977492174,0.27370417473298436,-3.421352445018666,0.1453003098743575,0.1331378871478277,-8.37054149233869,0.3458063492593805,0.33703844806662453,-2.5354945655377104
FRA,2004,EU-SILC,9501,3.7989099584906123,0.5556368689519435,Y,236.46981445504005,49,0.31294403792864167,2.639114035962991,47.276366420259116,46.768707384206735,-1.0738114506085195,0.3140470944967908,0.3066121088996291,-2.367474728296748,0.168674605756177,0.15904074056531936,-5.7115089421246985,0.3013191864194037,0.2938158846741534,-2.4901506719211985
ZMB,2006,LCMS-V,17304,0.8014021328883434,1.055862776665464,Y,52.93106798016974,64,0.09792967968005271,2.6308712315528857,2.679666108546719,2.6610027691195013,-0.6964800341240807,0.546175053330816,0.5429954386601922,-0.5821603625491667,0.5289087501620797,0.5221865416905758,-1.270958075366302,0.6103676024611606,0.6076365200707761,-0.44744877994378207
CRI,2005,EHPM,8551,2.479202939308685,0.883837860993007,Y,169.13826597438285,32,0.19364856058544064,2.6275029299174704,17.83115480897863,17.690174511393163,-0.7906403095916059,0.4743412501294111,0.47015729733552103,-0.8820554385157497,0.40360582569889925,0.3962245814575631,-1.8288249998756778,0.5705486157633188,0.5671342249624228,-0.5984399412358621
BLR,2007,HHS,5333,2.3850186628117207,0.4960216386593405,Y,48.0904483692134,31,0.4143760388184891,2.625471170267775,11.997122275402214,11.881416583802151,-0.9644453806834541,0.2961237986910107,0.2892813805979704,-2.3106613258666253,0.14677962863294658,0.138483288441682,-5.6522422549598605,0.24934310755001599,0.24217077477537463,-2.87649129150388
LTU,2007,EU-SILC,4131,2.879730830156033,0.5797931010364912,Y,101.40375613936136,30,0.402473150368236,2.6239636283592342,20.40069815158421,20.273514144081098,-0.6234296814652596,0.3424497572828029,0.3383343804478305,-1.2017461678543007,0.21214510621074245,0.20683523376822777,-2.5029436395482607,0.40058834790969255,0.39688229821949006,-0.9251516449594765
FRA,2006,EU-SILC,9302,3.80724392937429,0.5311866131445979,Y,221.58444731378333,47,0.3584847886696655,2.6183398132180797,47.45972090018003,47.0114106702861,-0.9446120233973732,0.2982611921082622,0.29158740276915984,-2.237565434486666,0.15132664861058798,0.14328054760215014,-5.317041699075109,0.32692822696256363,0.32061644018902125,-1.9306337761606396
HUN,2021,EU-SILC,6719,3.334235815558551,0.4991618027953711,Y,125.42666234057853,33,0.4375100729051151,2.6153160267956608,29.954542139482875,29.719890480004434,-0.7833591926920125,0.29631987667179993,0.29078026736976237,-1.8694693600231127,0.15836883972772098,0.15187218697968774,-4.102229175387495,0.33146370258961333,0.32629989380110846,-1.5578806210640228
SLV,2017,EHPM,19903,2.2161610762116704,0.6998116940520598,Y,74.85823750879092,83,0.2445694635036696,2.614236322772861,11.071049702840543,10.964706690060202,-0.9605504051983127,0.380068863814676,0.3740634866750334,-1.5800760628923327,0.24604408142687006,0.23719702617222183,-3.5957195976192513,0.38037899881416815,0.3744022116359784,-1.5712715993318138
PRT,2019,EU-SILC,12143,3.366236032401714,0.5806121208963027,Y,165.35131547407997,73,0.41760730495671256,2.6125607310118943,32.98995472858303,32.81859129842724,-0.5194412407220295,0.3349256256044949,0.331465605507534,-1.0330711753440913,0.19765345832800918,0.19332351965665895,-2.190671849598824,0.37750366945656244,0.37431208157628926,-0.8454455250375803
NPL,2022,LSS-IV,9599,2.045722088221715,0.5304960627539317,Y,37.98571912091043,54,0.4496835762300111,2.6124781436986244,8.73588261828378,8.678475134421546,-0.6571457787457269,0.30020262470607084,0.2955862208849408,-1.5377626446970494,0.14721237549376331,0.14172519329547306,-3.7273919260427335,0.24334400528935363,0.2384558382717038,-2.008747662321675
POL,2017,HBS,36620,2.9774942670894724,0.504792679929526,Y,89.288464881382,244,0.4024304385482588,2.6106721994049953,20.121948967453644,19.955954800577025,-0.8249408004418757,0.3029658132703832,0.2971828508165033,-1.9087838299164273,0.15021205945141602,0.14324878411975694,-4.635630026703186,0.24717452747024926,0.24104286400440966,-2.4807020078465136
ARM,2009,ILCS,7869,1.8487807211665324,0.4822156787962872,Y,26.98895633106191,51,0.49414083156504357,2.6068286840207695,6.972357534308191,6.923963571396398,-0.6940832089241789,0.28015877422731816,0.2751424910835384,-1.7905143815733604,0.127763979828871,0.1221241385612315,-4.414265487967417,0.21568324899654112,0.21036856714119023,-2.464114334366374
HUN,2002,HBS,9878,2.6877613528493445,0.4244677932299599,Y,52.51846029922483,76,0.5344089827598977,2.6063730086837813,15.15897459705734,15.044538544212653,-0.7549062907388215,0.2683789031928512,0.26283325838973526,-2.066349007742585,0.11809325686731009,0.112137879161045,-5.04294475759659,0.2027788433894856,0.19695092944912485,-2.8740246482059417
AUT,2022,EU-SILC,5893,4.245774935959664,0.5078228722142154,Y,320.2953543983894,29,0.30759136472998994,2.60603228321374,66.25034462742761,65.50904011045724,-1.1189443936318377,0.30667617431458116,0.29884205593830926,-2.554524619912546,0.18501756913447398,0.175073434573231,-5.3746974450925915,0.8438025035576276,0.8420394398296791,-0.208942699330128
TUR,2005,HICES,8502,2.5005629038318187,0.7393220182990367,Y,112.00336984328409,39,0.23510146031774395,2.603738971296316,14.167987184557743,14.062411338891788,-0.7451718038044675,0.42614656292118935,0.4218470342674394,-1.008931909312405,0.3159421014874546,0.3091704681269256,-2.1433146543775483,0.45958949171991814,0.45555319528781935,-0.8782394952055572
NOR,2019,EU-SILC,6055,4.26540040417815,0.4452433101604839,Y,270.732252588468,34,0.4000767519939546,2.602500658955274,72.14135006663611,71.34700775852868,-1.1010915478760874,0.2753564771545107,0.2673071495820669,-2.9232388704359735,0.14461250177226326,0.13535179534125596,-6.4038076359339335,0.9320106138235738,0.9312552245157456,-0.0810494319081978
POL,2011,EU-SILC,11466,3.104897840708387,0.5900607452389,Y,130.9846415727162,47,0.3291299249711353,2.599092246057787,24.655076879554553,24.445378340650453,-0.8505288380503684,0.33195144107798646,0.3262323740147558,-1.72286255021471,0.1930998387322509,0.18566280258235057,-3.851394283250742,0.33965080375626355,0.33405425904004893,-1.6477348660216218
ZMB,2015,LCMS-VII,12141,0.744890573480405,1.1538678202593804,Y,67.12080357213507,36,0.08006399786049577,2.5953304948043687,2.9744158739308904,2.950959550448402,-0.788602686264217,0.5593663590210343,0.5558665284896358,-0.6256776931533037,0.5737052328289636,0.5660335423476532,-1.3372181465873934,0.6584514808255841,0.6557375854923579,-0.41216329710784816
POL,2014,EU-SILC,11830,3.1499226660875523,0.5569323463831568,Y,124.0543412180176,61,0.39946019730095117,2.5937284748674734,25.323197957019236,25.161930677050858,-0.6368361541148726,0.3313088766661927,0.32703395511819555,-1.2903130127431828,0.19330548086275723,0.187896417294799,-2.7981946211853903,0.3573654097097809,0.35331273314691347,-1.1340427620453397
FIN,2012,EU-SILC,9725,3.963055149691139,0.49181598424800355,Y,230.09749316477556,75,0.37512121310692664,2.592986516238556,55.021010576735804,54.45746769907119,-1.0242321465154913,0.2763660591410244,0.26889249977579754,-2.7042247475885794,0.13057131477081851,0.12169602370256749,-6.797274794872921,0.3910932976720489,0.38488550794549237,-1.5872912585073506
ARM,2008,ILCS,7872,1.9564131290531823,0.5191461083869346,Y,33.57734065542701,43,0.39176099651580254,2.5915517685092797,7.844795084520756,7.773036083127135,-0.9147339174635061,0.2918814177744715,0.28535539788288944,-2.2358463040715204,0.13979462212330218,0.13190914159232747,-5.640761004396522,0.23307642992910194,0.2261216071681864,-2.9839236696010296
CRI,2016,ENAHO,10674,2.9398314183447547,0.8516875441793592,Y,243.44573193387959,38,0.19126377250127294,2.5894151278875244,25.879617024454443,25.675109797073937,-0.7902250917672493,0.48637774333000316,0.4822923065900674,-0.8399719756838953,0.41887328915918065,0.41150839869004185,-1.75826214269299,0.5646244587749425,0.5611652845809163,-0.6126504334458938
THA,2006,SES,41313,2.3708162990602752,0.7629642456481412,Y,105.60535033129142,193,0.22790017686085629,2.584795263266623,12.251189493490028,12.175196107948018,-0.6202939362124016,0.41819033892674984,0.4145651566215772,-0.8668737576473795,0.29017424332408837,0.2845072751241582,-1.9529535547374133,0.40921340103832293,0.405544171628224,-0.8966542642026787
GEO,2009,HIS,22287,1.635561872460353,0.6964464367132658,Y,41.46713486791644,74,0.23980180402043727,2.584025690203857,6.117924777540107,6.0592749670699755,-0.9586553055612068,0.3823740321362352,0.37640578844077033,-1.5608391767928609,0.2558328821574023,0.24713998695922057,-3.3978803369120403,0.4233946156933406,0.41784728255207215,-1.3102039883488459
AUT,2010,EU-SILC,6173,4.110238984605351,0.5286139528566548,Y,297.69838502760246,37,0.3535992063427807,2.583319918826558,62.461015489290375,61.900106761407066,-0.8980141028598565,0.3149623238929111,0.3087701054727565,-1.9660187744423685,0.20079222724723067,0.19309645236124728,-3.8327055740597804,0.9309721543550478,0.930347661732971,-0.06707962414937985
POL,2016,HBS,36852,2.9563791888995414,0.5194136755520753,Y,91.34286883340452,214,0.36121840888942663,2.5828529482526874,19.745011773137065,19.564974411855736,-0.9118118710178091,0.3079634762950628,0.3016094914657681,-2.063226751995395,0.15587582329032124,0.14803576275106511,-5.029683483790737,0.25497403039691036,0.24823700257692471,-2.6422407840901774
JOR,2006,HEIS,11636,2.626406753301671,0.6027561165692407,Y,84.32472358830415,93,0.32878024556965235,2.582546782760981,15.085861635580786,14.97350523454888,-0.7447794746235026,0.3385625355094144,0.33360882042881457,-1.463161029659199,0.18731416959000047,0.18077776101367382,-3.489543044519139,0.29040728411217864,0.2851477529838088,-1.8110878810939868
IRL,2012,EU-SILC,4294,3.6620495410033995,0.5866973147743292,Y,226.3633576345671,26,0.34823948600645976,2.5673452228516505,42.86806859449385,42.55578387643793,-0.7284786282534594,0.3268559167607883,0.3219272334419945,-1.5079070214295331,0.18837846770956856,0.18205947612768014,-3.3544128788809857,0.40274333243333305,0.3984131167193341,-1.075179988166719
HUN,2008,EU-SILC,8094,2.994553072293578,0.4692190639533939,Y,81.63109570157872,52,0.48680037040455104,2.566097053201882,19.91182345715648,19.798247218424205,-0.570395970899662,0.27865440325911794,0.2745284854239989,-1.4806576845234343,0.13251880493100687,0.12787777623544105,-3.5021661250130287,0.2371830781165858,0.23293259489106966,-1.792068498000876
SWE,2008,EU-SILC,7383,3.7941309207047915,0.4426546124829251,Y,167.68626414226694,29,0.4014792829439281,2.5635135705835377,46.58957067553047,46.06846631966047,-1.1185000168797088,0.2693541518936191,0.26111002748241996,-3.0607006995218566,0.13277211251427135,0.12346739065743462,-7.008039324399984,0.44001333079643357,0.43379795126104537,-1.4125434618397215
MKD,2005,HBS,4212,2.3321352867880254,0.7111171258393486,Y,86.963341197228,12,0.3013056012130593,2.5633295116025225,13.291702495387272,13.213017780757871,-0.5919837180880849,0.39305250114646073,0.38944613478471657,-0.9175279005285697,0.2662172022228724,0.2609846550717343,-1.965518045959136,0.4150252823981011,0.4115718401357473,-0.8321040690338344
HUN,2007,EU-SILC,7980,2.9970852394166707,0.4843080990624558,Y,85.62776059635428,47,0.4262065478641554,2.5584643973830516,20.409179405945945,20.251968939497893,-0.770292932023775,0.28289176971347096,0.27733822849357204,-1.9631328354034028,0.13904440851510813,0.1325856704722579,-4.645090091593618,0.33744245485820235,0.3324012497577016,-1.4939451239528112
NLD,2006,EU-SILC,8478,3.9460074190486294,0.4709964650072901,Y,212.51165078190917,37,0.3430862821682066,2.5530636532721718,52.00689317842661,51.408222413334045,-1.1511373368115474,0.2904823023205242,0.282234884886688,-2.839215114983429,0.14795339387490625,0.13798389410736123,-6.738270415056635,0.3016693575702797,0.2936695825055893,-2.6518354827691493
NER,2021,EHCVM,6622,1.0081999195923301,0.6409944875681504,Y,18.749805561264953,82,0.2668801587269177,2.549278515341882,2.689934866473887,2.6714004456890703,-0.689028608678266,0.32862563793068356,0.32397699198544605,-1.4145719045262184,0.17624691626220002,0.17009299114635135,-3.491649809460251,0.26451441377910734,0.25945936840930617,-1.9110661296599774
LTU,2010,EU-SILC,5227,2.9696438933457636,0.5641379164044195,Y,105.8536672344622,27,0.3245842663741055,2.54704590662205,21.517078976209287,21.312613446144184,-0.95024761628274,0.369372659880561,0.363333777570493,-1.634902353634049,0.2569192164344005,0.24856811069910156,-3.250479217241131,0.4895656581304376,0.4847136857573451,-0.991076945964986
KGZ,2014,KIHS,19837,1.8383130688070297,0.4589305795429456,Y,24.90590209811629,173,0.40085407975824755,2.5415909635784137,6.2019088699964104,6.144118039248107,-0.9318232815042515,0.2681900377686809,0.26132209809971896,-2.5608481680015505,0.11752031127704043,0.1096815628095944,-6.670122281217495,0.19488630198508805,0.18749355781757382,-3.7933626387348096
AUT,2005,EU-SILC,4995,3.9950273734209736,0.5107400817648386,Y,251.45086903722208,26,0.4347648779957408,2.53969163945401,58.21555524268743,57.830279717316074,-0.6618085557463571,0.2978898977320821,0.2932261989646885,-1.5655780215776405,0.15404661006979525,0.14856835483581365,-3.556232254315439,0.6295425425859196,0.6271043317568499,-0.38729881844909997
MNG,2007,HSES,11170,1.9920436437102964,0.643804246824203,Y,50.57494948212927,50,0.2853084467939813,2.535160521462921,8.620323526966517,8.546079090922786,-0.8612720370816285,0.3582187139582045,0.3526549203486926,-1.5531834024062219,0.2107148172825759,0.20308281930487992,-3.621956004859972,0.32456906443790523,0.3187620826977404,-1.789135927116603
HUN,1998,HBS,10139,2.5079187019269362,0.4264812267692216,Y,44.13982261961773,71,0.5392026792590728,2.532234545324987,12.615231924829652,12.53378777024143,-0.6456017223743782,0.2638192109538293,0.25905157231117437,-1.807161284963943,0.11514469353492762,0.11008390440049265,-4.395156197884054,0.20122248376801988,0.1962404007196895,-2.475907739054639
PRT,2017,EU-SILC,10136,3.298994697130648,0.6400578578321559,Y,184.78043282631782,52,0.29575577143701715,2.527616222899666,31.039732668155303,30.80166614426045,-0.7669734995465749,0.35190518324881226,0.3469053774531352,-1.4207820838324947,0.2204919552026876,0.21370206560841254,-3.079427359621101,0.4018018967555467,0.3972202191329971,-1.140282726275188
ECU,2009,ENEMDU,17125,2.1594586465382055,0.9673046434305165,Y,157.8069699302817,26,0.09855333323890576,2.517863621002578,12.164207695136684,12.013453563747252,-1.2393255291892502,0.48390439486485215,0.47743323142634375,-1.3372813942546857,0.42147596155346445,0.40953051717275457,-2.834193517628314,0.5772500123782085,0.5719499975961564,-0.9181489247989116
ARG,2021,EPHC-S2,28897,3.107200995796089,0.7405252239806426,Y,206.18558633098465,46,0.14140080785427883,2.5174379169982855,24.22353923658118,23.905274759751617,-1.3138644758769802,0.4239917201959693,0.4163287675728473,-1.8073354403194908,0.3213971021953572,0.3088992179011836,-3.88861138100024,0.4971346044431505,0.4904532641711654,-1.343970066108946
BEL,2018,EU-SILC,5610,3.988436231508966,0.4535581406838528,Y,210.42107739111432,43,0.4168403689663749,2.5146913541657954,55.73381292519761,55.20939954560089,-0.9409250005926517,0.27346070279352763,0.26657717998031627,-2.517189030413869,0.13382901965131833,0.12603759660464986,-5.82192342659944,0.28117941162603033,0.27451956190132754,-2.3685410273069363
FRA,2021,EU-SILC,8526,3.991476559388375,0.5989486121996282,Y,326.46488592224904,30,0.2902053181639166,2.512472118221787,57.39693036972725,56.902266958356805,-0.8618290354275526,0.3066146969448229,0.30059588651206026,-1.9629882366159923,0.165965671313697,0.15820840040679318,-4.674021347608415,0.31939561814664486,0.31353323682980494,-1.8354607839824233
FRA,2010,EU-SILC,7524,3.9882331828341284,0.6276931909038806,Y,354.7143279582473,43,0.25324747489093563,2.512213378382969,57.86016406002685,57.30489835638713,-0.9596683878456691,0.3265535624979693,0.32004026124531926,-1.9945583207932494,0.18362219239189725,0.17505089211473068,-4.6678999774020795,0.3145329431234911,0.30795210249944716,-2.0922579869353197
ROU,1999,HIS,31516,1.747480021436783,0.48920172196946243,Y,24.905413446851963,151,0.340963400556364,2.5118831250827327,5.851285076739597,5.789225978907499,-1.0606062944839012,0.2941766787339496,0.2866214195032002,-2.5682726663667,0.1462702137910472,0.1369231120187966,-6.390297470682116,0.24905985415516974,0.2411316548114414,-3.183250616853295
HND,1997,EPHPM,3199,1.7979877127822397,1.115445781531209,Y,171.45572283366562,9,0.06203430627358016,2.510678598232234,8.015751366247756,7.920862980434083,-1.1837740653137363,0.5269977257455953,0.5213352717380901,-1.0744740880036963,0.5035092103459795,0.4919416823496252,-2.297381608651372,0.6178978083228961,0.6133220208432881,-0.7405411409416751
CHE,2016,EU-SILC,7746,4.315464939836353,0.5589012153800147,Y,400.2817147047807,20,0.2645477059485765,2.510463607082815,77.35655215382386,76.4734801578912,-1.1415606969874537,0.32306957197018626,0.31526850390052985,-2.4146712493172573,0.17684215610007836,0.16675535481698311,-5.703844323967033,0.3019817473500295,0.29401325989533,-2.6387314877886037
SWE,2018,EU-SILC,5798,4.010975712755505,0.4770554041354751,Y,230.93630236571266,18,0.3221432870722754,2.510301250173802,55.999412003707356,55.33760385957239,-1.181812666338622,0.28730358942534107,0.2787978517576327,-2.960539993503508,0.15217998679775313,0.14201236820673202,-6.681311258446787,0.7711465910807164,0.7684244833471813,-0.35299484754516275
POL,2014,HBS,37194,2.896747470925689,0.5334145744843627,Y,89.74669430006222,220,0.35532865640540723,2.509302144284761,18.514857428581454,18.369159437139473,-0.7869247279056357,0.32080153844997406,0.3154265166308905,-1.6754975194490096,0.17025076875942524,0.16349019566458045,-3.970950113240246,0.2781816643235524,0.27255087794325916,-2.0241400143986787
MDA,2017,HBS,5149,2.356064135853844,0.41647166067171326,Y,36.79931084159588,39,0.633207384854118,2.5090380342365544,11.499221685796932,11.443717793883518,-0.4826752055921202,0.25899244721588655,0.2554129727033876,-1.3820767945079249,0.10820759139452196,0.10460980785185514,-3.324890145229642,0.18687792373778966,0.18315135733606203,-1.9941180462580643
POL,2001,HBS,31824,2.626633489291983,0.5670832947186792,Y,75.78371087510243,168,0.32439973710170056,2.505618190095638,14.230324566140524,14.119609124146407,-0.7780247139095642,0.328490263077329,0.32323651818933363,-1.5993609182743396,0.1787697650396809,0.17201534257119322,-3.7782801062519855,0.2894166223192526,0.2839226673757065,-1.89828590338732
BOL,2020,EH,9985,2.7675065142373416,0.8013269917508773,Y,176.176703669268,26,0.1751666347379191,2.4990139990960007,19.594825334634393,19.41375070943312,-0.9240941019321935,0.4364400755192146,0.43119128818231633,-1.2026364285300795,0.34713342087151977,0.33853664632106373,-2.476504431314286,0.5244826228874657,0.5200603208239394,-0.8431741816687821
ZMB,1996,LCMS-I,11722,1.1932483801786224,0.9024428767977462,Y,49.43096306657725,52,0.10401508423531407,2.4939422574714007,3.6190541333351183,3.580212670855136,-1.0732490050981425,0.48333682561018154,0.4777367715915589,-1.158623494403288,0.40477871297961476,0.3944792708176341,-2.5444624017319173,0.5252541434658153,0.5201094782077433,-0.979462098885242
LVA,2018,EU-SILC,5752,3.079529099892012,0.6265147391842578,Y,142.4617179204796,34,0.3671114923870344,2.4924917924571752,29.132822718854356,28.929682842413897,-0.6972886850026727,0.3553626284788961,0.35084518057763836,-1.2712219966951377,0.2282849760412633,0.2222715226064822,-2.6341871195650457,0.4915359347951319,0.4880051125292413,-0.7183243413042106
MYS,2014,HIS,67716,3.0701277507517455,0.7941301524568134,Y,233.34503803450283,207,0.17483898999547423,2.4910497439849255,26.415784221162728,26.165732003653922,-0.946601529658464,0.41348826665603544,0.407889646201827,-1.3539974179885728,0.28873726506369657,0.27989201688078236,-3.063424522277347,0.416730514559146,0.4111751511527554,-1.333082942646413
AUT,2004,EU-SILC,4335,3.947126679520591,0.5105298507152902,Y,239.53899732289506,24,0.38582672256557976,2.4852732182863657,55.16944927390834,54.7225431890652,-0.8100608048927871,0.29459521464257754,0.28884613301552164,-1.951519013651004,0.1615979359525337,0.15466918562312681,-4.2876477899086884,0.9330785674498224,0.932532969699393,-0.05847286278588548
PER,2012,ENAHO,24256,2.1825373122371943,0.8885405468107346,Y,127.50543009466978,43,0.16845663486240703,2.4838209702450067,12.717662834347458,12.6165702147472,-0.7948993531046389,0.444370924410215,0.4399262365360217,-1.0002202282006656,0.3602902244062727,0.35290245832555067,-2.050504171434686,0.5468720843690673,0.5432508876090264,-0.6621652235583975
NOR,2010,EU-SILC,5210,4.130158091874266,0.44005861960287496,Y,232.8359086365116,27,0.4008220191135852,2.4816590457463765,63.14831351948813,62.51444527501379,-1.003776996005945,0.2614694698651794,0.2539962416758663,-2.8581647383789988,0.12265867188314061,0.11421697265479835,-6.882268574035133,0.3504831008008328,0.34403049633757765,-1.8410600820728096
ARM,2022,ILCS,5184,2.032068729663571,0.4704302623142507,Y,31.291907462917763,43,0.41950865841213675,2.480232511974772,7.712300271498193,7.65228955393263,-0.778116974871168,0.27945294591817804,0.27381586304754324,-2.0171849869442093,0.1287444726319853,0.12227512254397865,-5.024953658786746,0.2169754177347074,0.21098915477104774,-2.758959068339706
NPL,2010,LSS-III,5987,1.5738619848248447,0.5748233050289362,Y,27.067450025557374,48,0.3484207713243852,2.4795299619504565,5.193471279137773,5.15900622086315,-0.6636227760239977,0.32840586133669825,0.32392920326321806,-1.3631480434785792,0.17531630168296042,0.16960325087197559,-3.2587105455351373,0.27668907830170975,0.2719321856629886,-1.719219518138726
GEO,2005,HIS,11331,1.6355169038236466,0.6750661306479326,Y,38.88915016944123,35,0.27549815543146255,2.4762484158916367,5.899771491262053,5.860817384548231,-0.6602646690895497,0.3737933899401382,0.36963803718602195,-1.1116710102288652,0.2472845795741656,0.24138286952679677,-2.386606579970263,0.4280253270156852,0.42425140044059684,-0.8817063703686068
ECU,2014,ENEMDU,27062,2.5436520385227253,0.8819922387836848,Y,179.40193847215858,82,0.1363656880974198,2.4756520150224226,15.486880610902274,15.348122026852023,-0.8959750354927465,0.4493867653705984,0.4444127655934169,-1.1068416251821644,0.3545621746337084,0.3460203716012291,-2.409112884447895,0.5068366716633372,0.5023849855367375,-0.8783275511596633
MLT,2017,EU-SILC,3895,3.7446403311851943,0.47843534335341226,Y,177.6732805642769,25,0.494592631157493,2.475381200099266,48.517313820721384,48.19508430881678,-0.6641536526430292,0.2908911440161529,0.28616821905150003,-1.6236056207990401,0.14441233264111775,0.13916861617987264,-3.6310724751440593,0.32607580192549945,0.3217141569983635,-1.337616867421676
MLI,1994,EMCES,9066,0.6006480415030817,0.9655890468109007,Y,33.02996507188629,43,0.06074307689832172,2.471847287791228,1.4234778984583007,1.4083551157160563,-1.0623826867015795,0.5044123670429674,0.4990931644287411,-1.0545345359808111,0.43667717150992064,0.4262539786143097,-2.3869333172536034,0.5348281448092456,0.5298348691619563,-0.93362245344627
DNK,2005,EU-SILC,5911,3.9467038427170276,0.41653605243211284,Y,180.60494110849652,38,0.48347790593630735,2.4697292679618377,52.37507640282499,51.954738799075905,-0.8025527266369958,0.2481889596815201,0.24212185609632397,-2.4445501496043742,0.11061059604163948,0.10414745960350258,-5.8431440290800385,0.6551059937870718,0.6523568824197221,-0.4196437513046547
BDI,2013,ECVMB,6680,0.751599300060146,0.7078920695217844,Y,17.730308301483706,74,0.20761402644333177,2.469212646880393,2.2902755179352123,2.270534352163477,-0.861955935744041,0.3862481872092902,0.3809197007544386,-1.3795498933861339,0.2467371383461573,0.23883302497784753,-3.203455070156791,0.3597611954588814,0.35422457540148256,-1.5389708860447882
PER,2017,ENAHO,34545,2.245126148051596,0.8465093115495426,Y,119.65996347239505,78,0.19576489750584466,2.465084845594289,13.282471969433406,13.18929997064186,-0.7014658040006339,0.43292049542778765,0.42892081665969095,-0.9238829785927383,0.33643356212307607,0.32997537628903917,-1.9196021328200086,0.5024213292080384,0.4989188967672977,-0.6971106195394872
NOR,2015,EU-SILC,6380,4.277983598978587,0.4289756705689501,Y,261.10186295001637,31,0.3700990141944694,2.46431873156976,72.47337587923688,71.65373632286529,-1.1309526380244406,0.26752626736133456,0.25916109194317993,-3.1268613361454367,0.1314965136664883,0.1217619946033155,-7.402872358929791,0.3939416345195528,0.387120933458325,-1.731398883376778
BLR,2012,HHS,5318,2.719196882327168,0.4440727075283437,Y,57.47873221793637,31,0.5001924972803559,2.4630158285168604,16.294647015529435,16.18081158642198,-0.6986062907589408,0.26526199042570187,0.2601106670772143,-1.9419756823133683,0.11644017954692432,0.11094256608749697,-4.721405859059036,0.20332219769630266,0.19793528357289525,-2.649447126011162
LCA,2015,SLCHBS,2444,2.9663040577578554,0.871200413137455,Y,265.0465039436914,5,0.10213404875664163,2.4609828658761996,23.22409555584865,22.92325726903012,-1.2953713788124932,0.47541142741934883,0.46853683965294246,-1.446029138113769,0.4168953347047273,0.4045659922612561,-2.957419145072382,0.6070470796165374,0.6018965982784663,-0.848448417102099
PSE,2004,PECS,3098,2.469968007886248,0.6121638950275121,Y,74.17741271402778,25,0.30722641100955367,2.4606516190459935,12.85836051828818,12.769853664873201,-0.6883214488277667,0.34044660525281745,0.33588724655040303,-1.3392287166525296,0.19439081555352677,0.18841335199333598,-3.074972211608873,0.31602187995883424,0.31134271864260965,-1.4806447315717897
EST,2003,HBS,3317,2.310222915095142,0.5981591367698275,Y,60.624574180405936,14,0.36696212203653966,2.4579740207496594,12.146917138290963,12.070818294597817,-0.6264868923264277,0.3490962437136482,0.3450002755981987,-1.1733062698919605,0.208230466235233,0.20281854612082517,-2.5990049449796215,0.34128286926022144,0.33718753891146425,-1.1999812230934381
BLR,2002,HHS,4880,1.7436281280076007,0.5267222657669228,Y,27.765518949769607,17,0.33215345663347984,2.4568288511524985,6.335301533748538,6.271878148803782,-1.0011107538748676,0.3033624417524632,0.2963322340392589,-2.3174285098023995,0.1558543974937152,0.14724245601389319,-5.525632653495904,0.2670375171602274,0.25975216385618316,-2.7282133917058915
ITA,2013,EU-SILC,16218,3.819394317819873,0.5924250924296621,Y,269.52727606297856,87,0.2535902631592262,2.4475684518280314,45.76038286983014,45.32386110392647,-0.9539294440463864,0.3480794063410704,0.34180889470246223,-1.8014601049002876,0.2329060443399249,0.2242402307067466,-3.720733679427657,0.5625349976926488,0.5583432814588962,-0.7451476354263797
SRB,2020,EU-SILC,3318,2.750258040191827,0.6352189174550061,Y,105.20541712450917,12,0.29933697270849413,2.4443963551613974,17.968497994340066,17.844195395035015,-0.6917806894277123,0.3404152709925077,0.33583427330329774,-1.3457086328276913,0.21487010415441343,0.2088771187289824,-2.78912017519396,0.40733609893787637,0.4032547324239547,-1.0019653363803949
ITA,2009,EU-SILC,17677,3.862715957361552,0.5810680731357262,Y,272.03212794586955,97,0.29271711455022914,2.4419744775429466,48.909701492938424,48.511623661011164,-0.8139036219322104,0.33550159043069816,0.330059602111763,-1.6220454609318091,0.20804522445980878,0.20088810645315291,-3.440174137733454,0.5567716599230922,0.5531620188420753,-0.6483162382071472
MDA,2012,HBS,5483,2.265575822872806,0.4951607703411446,Y,42.56609881093834,34,0.5047150910995566,2.4409714395361757,10.957043578109511,10.90442279814148,-0.4802461502768751,0.2915883937438736,0.28818421108693715,-1.1674616445559227,0.13851202452035727,0.1347459872557546,-2.7189244238135957,0.23333202472909131,0.22976988634829154,-1.526639296485588
SWE,2014,EU-SILC,5765,3.937483844793678,0.45519075147092536,Y,200.9499956416446,25,0.3806420581462888,2.440736312322928,52.26609015389606,51.75531291173371,-0.9772631560125866,0.28543740242346805,0.27839882316231757,-2.465892416827775,0.15259332806390224,0.14429368798446696,-5.439058302706135,0.3542305185506588,0.3479715389027186,-1.766922757968159
ZMB,2022,LCMS-VIII,165221,0.5629732098387845,0.9751999298873538,Y,32.739195508128454,642,0.1282860882069339,2.4385373461431916,2.5271809795442746,2.507554560781258,-0.7766131085141237,0.515274311284247,0.5114844165448325,-0.7355101266292241,0.46843512723529257,0.4610498483750222,-1.5765851941672904,0.5782082873926082,0.5749112372533108,-0.5702184163020596
KAZ,2015,HBS,47260,2.4234768896605807,0.47122388869437803,Y,46.3929986064145,270,0.37422860331525737,2.4300550355869213,11.724288838506574,11.612998037920542,-0.9492328457527788,0.26803667424028443,0.2610324065263854,-2.6131751312583495,0.11717361998677012,0.10895490732655677,-7.014132243367843,0.19485633639525746,0.18729164601794235,-3.8821885483726115
UKR,2003,HLCS,9713,1.9611651335480078,0.48328126268515503,Y,30.295794927190624,56,0.48757027885295795,2.424648324398977,7.630714024041538,7.593409336125161,-0.4888754551519492,0.2866489359285058,0.2831537676452097,-1.2193201666612308,0.13463233913720263,0.13066414944440075,-2.9474268353593236,0.2295972042613268,0.22592645820903312,-1.5987764590180475
THA,2000,SES,17788,2.1657237573895336,0.7809159230496192,Y,90.78295307695517,70,0.16376480723130354,2.423746673583289,8.566592839316417,8.507630858439423,-0.6882780818808998,0.4283366783032875,0.42438031729258185,-0.9236568361078556,0.3017083165460197,0.29528682237633497,-2.1283782439935672,0.41081090294519085,0.40674022714507707,-0.9908879659547121
HND,2012,EPHPM,6857,1.9536463261971628,1.0413726956942138,Y,160.4150330471428,11,0.08016648379860827,2.419275616514311,9.610822673041378,9.506909475044328,-1.0812102307175997,0.53364007731868,0.5285461806460284,-0.9545566176825226,0.5395126716855894,0.5290197903796132,-1.944881345083782,0.6807122577757914,0.6772239190115662,-0.5124542307528346
DOM,2001,ENFT,4052,2.362943735584282,0.9052435147914428,Y,160.561055761019,22,0.1298618272967664,2.4190484127582574,13.394614698462386,13.279100005142386,-0.8623965371192033,0.4999543213939679,0.4956102670260808,-0.8688902529685238,0.4408724215851949,0.4327224551290034,-1.848599743864121,0.5675209862523862,0.563764913655697,-0.6618385377239244
AUT,2016,EU-SILC,5967,4.148671089051784,0.5126583642802057,Y,294.90290951874096,22,0.2517903566264518,2.4164779860503227,62.430365781511966,61.664286823370055,-1.2270934961729374,0.30326597921785803,0.29462288429317574,-2.850004786878302,0.175995153489914,0.16505492030477908,-6.2162127582461535,0.7996741043295222,0.7971933875133739,-0.3102159745723254
HND,2010,EPHPM,6614,2.1071797285572336,1.0226151661310856,Y,176.8010743721246,12,0.10928570901315017,2.4124813086500194,11.17995409795501,11.103458102696637,-0.6842245915156808,0.5307630693959149,0.5275348799434696,-0.6082166673953893,0.5227637294401994,0.5162395882659339,-1.2480095321938167,0.6458486412556907,0.6434109801327963,-0.3774353567044808
POL,2022,EU-SILC,18087,3.6036748531783576,0.45267325054538493,Y,142.8356408880036,151,0.4819256575147665,2.408365125782682,38.38613260076146,38.15001597158297,-0.6151091896499206,0.28467999178959225,0.28026793357036517,-1.5498308087939061,0.1414051928570248,0.1365244527812739,-3.4515988961493327,0.2785272314962749,0.2742097102218043,-1.5501253688109617
FRA,2020,EU-SILC,7222,3.9785531143045856,0.6026209245457105,Y,325.8430709266432,23,0.20709327006771774,2.4072163265915103,56.188955171326654,55.511164539572356,-1.2062702174967188,0.3119958529694016,0.30360794821404125,-2.6884667458009326,0.17104420363767803,0.16012632728877785,-6.383072981547777,0.3243717294523446,0.3161874219686668,-2.5231260127064226
POL,2012,HBS,37388,2.8515641205598916,0.5581590524674515,Y,92.39208159598094,199,0.328595250858125,2.406492232892263,18.06285427465214,17.931769081787344,-0.7257169374872752,0.3239127714378751,0.31898075159552086,-1.522638277107946,0.17293139980318406,0.16666086368533684,-3.6260251897479723,0.27977333408981575,0.2745879821083106,-1.8534117979380094
MDA,1997,HBS,4408,1.5932470385415616,0.669829125526632,Y,36.69844615713129,15,0.24306299455485622,2.403801876238832,5.5209681464636295,5.477455352757012,-0.7881370178614233,0.3694214644502364,0.36442261264876963,-1.353156836435021,0.2358357324646727,0.22879833316666587,-2.984025882956909,0.38350792961475133,0.37864977994061144,-1.2667664209759844
BRA,2013,PNADC-E1,62855,2.567848575441116,1.058990300835942,Y,312.5671974651653,227,0.1189184494827601,2.4037849446088684,20.57920701553942,20.456227200397283,-0.5975925848322294,0.5260594102706752,0.5232135005621401,-0.5409863701650641,0.5017528500802451,0.49606267091890244,-1.1340601573927467,0.6239272357518899,0.6216686434304358,-0.3619961098079494
FJI,2002,HIES,5244,2.151773611674017,0.6793785248609412,Y,66.01679545587024,40,0.25918041645245155,2.4003494393514644,9.82824801681596,9.763438326037335,-0.6594226220964061,0.38102054477461356,0.376918983407619,-1.0764672465157443,0.2401026764964871,0.23419300114074737,-2.4613117362838666,0.3602628586780857,0.3560501402535353,-1.1693457493809234
FIN,2010,EU-SILC,10320,3.9489040374598905,0.5046594943682636,Y,235.77607516821814,77,0.3334677951501568,2.40007565940977,53.90692593997929,53.39935621111282,-0.9415668209899475,0.2743467211232755,0.26746171719615863,-2.509599494729575,0.12762306424136316,0.11948156379196684,-6.379333154075473,0.22841524776682476,0.22121090958034018,-3.154053092742326
MLT,2014,EU-SILC,4376,3.6575799031980254,0.48807639517168255,Y,167.6383681425483,25,0.405775444661824,2.3994078707804145,42.881447696772014,42.53278219938533,-0.813091712416536,0.28843663732029656,0.28261777222510753,-2.0173807146168565,0.1404842804007922,0.13373805946474882,-4.802118014056001,0.24729380225477238,0.24127804485039073,-2.432635735118005
ARG,2007,EPHC-S2,15375,3.0463100228843207,0.8943887516414419,Y,307.80802026559985,19,0.08840896683378081,2.398584451857726,24.99015556418407,24.662875468874823,-1.3096360863727785,0.4616055068453253,0.45446871599555305,-1.5460800930530594,0.39054171303800844,0.3780023634859693,-3.210758065891617,0.5627284919867123,0.556932551042495,-1.0299711187103266
BLR,2020,HHS,5832,2.9080787577897915,0.40601459792578487,Y,61.93729805168217,46,0.5641223624625724,2.396625942033106,19.26502610773054,19.15271764330786,-0.582965544892855,0.24383355222867364,0.2394125520730328,-1.8131221545321652,0.09736265857712079,0.09288781027354309,-4.596062154602299,0.1716368152656137,0.16701183201468572,-2.69463357483688
POL,2007,EU-SILC,12426,2.870755466584831,0.6183631844487092,Y,112.82579815145702,43,0.278536557541225,2.3963890911810113,19.620730425780696,19.46480247643673,-0.7947102170013154,0.3462232553628528,0.34099451260377145,-1.510222862875421,0.21091858019926235,0.20385926498770424,-3.3469385223857118,0.3718741452921055,0.366889297141028,-1.3404664492504326
XKX,2012,HBS,2344,2.1344773440509286,0.5048859776624633,Y,38.441410502346145,13,0.27874559914025737,2.395246527562058,8.682334852633552,8.581525268587267,-1.1610884140883737,0.28972269075977364,0.2813972532642486,-2.873588352259293,0.14061102184098617,0.13057275942640656,-7.139029560521692,0.23649732472204255,0.22767828647899857,-3.729022412160088
GNB,2021,EHCVM,5350,1.2292733596968868,0.5694554584263292,Y,18.871252549054375,42,0.3924658706181117,2.3949214484421657,3.887360180873523,3.8683241837367714,-0.48968956440959,0.3343506739927984,0.33108438749870783,-0.9769044144833705,0.1806475713124347,0.17654592842082262,-2.2705220235251233,0.28577244729655915,0.28232912401178123,-1.2049178699178875
NLD,2017,EU-SILC,12188,4.078325803475787,0.46862971145766535,Y,240.8597798580226,73,0.40527301656262155,2.3947250517547,59.79713181489509,59.34129461460971,-0.7623061281541887,0.2817356978876827,0.27623032078669196,-1.954092840299393,0.13900039836968903,0.13263098703509213,-4.582297179938033,0.26687527832022107,0.26137259910744826,-2.061891699901175
POL,2015,HBS,37093,2.9177129944588795,0.53185521598564,Y,91.22040785759518,213,0.3447233337366707,2.39375071894443,18.881311842859805,18.743798335890098,-0.7283048345060328,0.3182352887733453,0.31324412179247596,-1.5683889112700355,0.16697867660754095,0.16072283881650362,-3.7464890237097537,0.2728187410192152,0.26757317831011185,-1.9227281415883035
LUX,2010,EU-SILC,4791,4.2991442118215115,0.5897565788811083,Y,431.99497164461843,20,0.303037573297318,2.393330979920251,79.9418288298387,79.33766335337764,-0.7557563859929561,0.3119691794924696,0.30673933282678245,-1.676398506479193,0.16564682771298145,0.15898809741055597,-4.019835691609586,0.3191118923292121,0.3139875662580526,-1.605808556289412
ROU,2000,IHS,31052,1.724005887089294,0.4804028181224033,Y,23.69382205692593,148,0.35336193849366315,2.3925124498825068,5.645461583739413,5.594118161418706,-0.9094636737692396,0.29323863738697986,0.2867614446474833,-2.2088469641020514,0.1451839324807842,0.1371887268171994,-5.506949375849846,0.2488518283887966,0.2420703513988285,-2.7251063550045473
MLT,2012,EU-SILC,4337,3.5807930161492205,0.48086115126876616,Y,151.92340357047584,20,0.39536726191620186,2.3919158034161274,39.28612460234861,38.947088980341775,-0.8629907516674806,0.29142591187103317,0.2852712116555417,-2.1119262099847713,0.15031249538447167,0.1431095457297049,-4.791983285450041,0.9354845408082391,0.9349240670753236,-0.059912666480965715
LUX,2016,EU-SILC,3803,4.258327682635695,0.5774976816169385,Y,399.74255503436416,14,0.247859386113706,2.389997388897101,73.71608517225128,72.94507210438073,-1.045922428014101,0.3281236718026799,0.321038796674908,-2.1592087790704872,0.18851471816150234,0.17932699483721137,-4.873743235485595,0.36051014880038057,0.3538245281357818,-1.8544888921561808
AUT,2007,EU-SILC,6432,3.997651377841007,0.5118520404791762,Y,252.95396085885298,32,0.3450043984857364,2.389894649024422,56.96010878029468,56.47152447958286,-0.8577657437354613,0.29587582955436,0.28979673084508706,-2.0546114626629364,0.15239355306448665,0.1450716918993895,-4.804574089823099,0.31505604325356784,0.30923178799153517,-1.8486410233194972
TUR,2019,HICES,11481,2.923641707112997,0.7124453794695932,Y,157.74469087118885,40,0.23877131392796547,2.382331051130334,22.202901921568913,22.05060436588411,-0.6859353620656927,0.4190910868037414,0.4150843062162619,-0.9560643768489085,0.30149058751589974,0.2952391390192872,-2.0735136536502496,0.44315746449424476,0.439332144333889,-0.8631965986901302
NLD,2012,EU-SILC,9524,4.049540682544993,0.4685851587838842,Y,233.99416026098288,60,0.3796140481124699,2.3748093813500084,55.62569262841123,55.19296316554429,-0.7779309208024499,0.27750086874791646,0.27184829486476636,-2.03695718455027,0.13418709040378252,0.12760329478502008,-4.906429969493431,0.2965582029274544,0.2911530381174281,-1.8226320353541325
HUN,2015,EU-SILC,6462,2.9463430073105963,0.521570420864939,Y,91.01772519441269,22,0.3841006120759693,2.3689805012771443,21.057023196979912,20.907786062863416,-0.7087285449630887,0.3073457709672829,0.3024127852880125,-1.6050279994890504,0.16764402359767505,0.16166783640198323,-3.5648077798668965,0.33292844670480726,0.32825693757055585,-1.4031570989166409
BRA,1988,PNAD,30901,1.9450674271651849,1.2157649879967685,Y,268.36886366411676,92,0.06407219557665281,2.361115096718483,10.686324792423006,10.60595818765845,-0.75205092794427,0.6092582245465479,0.6062996516351957,-0.4856024575711104,0.710866407416028,0.7035320704489176,-1.0317461748924672,0.774713586120587,0.7730068155272718,-0.22030988276092733
UGA,2012,UNHS,6886,1.085297973002167,0.8020601320948931,Y,32.834453290109266,44,0.19028736429861481,2.3585092534251584,3.684717547196436,3.660292958630837,-0.662861895186051,0.41009966693624733,0.4061694109007842,-0.958366063748628,0.2795102648241661,0.2734160336032767,-2.1803246563138257,0.39626650104733285,0.39225603609093607,-1.0120625755134838
BEL,2012,EU-SILC,5446,3.9300648342317457,0.47972256226122173,Y,214.6980282323102,30,0.33771445936491906,2.354385725038328,53.01924357778011,52.49603236077345,-0.9868326699891572,0.2803210933338387,0.2731603597758814,-2.554475466970829,0.14116625541464645,0.1326947483029417,-6.001085094183067,0.3060582603907809,0.29925938553127784,-2.22143158326199
FIN,2011,EU-SILC,8838,3.9548038911795844,0.5129590447324702,Y,243.15060508614167,52,0.3052839445223382,2.3540675848051684,54.71402791307288,54.16832247596688,-0.9973775609666169,0.2770091636658264,0.2697374972024382,-2.6250635058991945,0.13066010424402164,0.12191394734095784,-6.693823607188786,0.2525003029411145,0.245086197380307,-2.9362759071764333
ROU,2001,HBS,31794,1.8122272464720894,0.47788360953792197,Y,25.684252864181442,170,0.3923362474459501,2.3519863595972335,6.2233533704623625,6.177749581951413,-0.732784815456522,0.2942905880073421,0.2890931292127692,-1.7660975261781786,0.14573499132303813,0.1396148798881005,-4.19947974016186,0.2520249076010299,0.24663184395300153,-2.1398931158684964
KGZ,2010,KIHS,19558,1.8258971095429266,0.5273781615982353,Y,30.205728575947813,136,0.311643772840835,2.3485051823937417,6.252797181414275,6.200084187712336,-0.8430306017061073,0.30133915051674287,0.29540918436359376,-1.9678711322376419,0.15614764120746338,0.14879802977855494,-4.706834744396482,0.2830621807082594,0.27705382202961126,-2.1226285558934133
KGZ,2017,KIHS,19969,1.8500919746102735,0.5001602128652073,Y,28.51905935916986,133,0.3299995363949808,2.3433417746084,6.263398121963235,6.2107380609307015,-0.8407586426268376,0.2733500914563024,0.26720084586407755,-2.2495860745698204,0.12247894484183464,0.1152373990904223,-5.912482150106568,0.20199165667471153,0.1953518074903493,-3.2871898244069886
BEL,2017,EU-SILC,5725,3.983730572581258,0.4617551890038823,Y,214.6472836047675,40,0.33145866586374256,2.342217101707254,55.10826932101308,54.52898103507056,-1.051182142135676,0.27560162292123747,0.2679191930099142,-2.7875125806203216,0.13496464215710136,0.12594216284406823,-6.685068895696988,0.342340643065831,0.33547208380434457,-2.0063522694749536
PSE,2011,PECS,4289,2.540892102730874,0.6234369658868878,Y,82.36849325548056,32,0.3337636159969026,2.3416522666746267,14.27326558874521,14.213951403089524,-0.41556142346609315,0.3441523741453065,0.3414243663792318,-0.792674399777038,0.19415591554626532,0.19061977639836414,-1.8212883897727905,0.3057932088073718,0.3029427884122855,-0.9321398621647825
TZA,2011,HBS,10185,1.238118724258328,0.7456987608310415,Y,32.304773534387245,56,0.12483900573032314,2.341394501760845,3.114370343718185,3.081779605809658,-1.0464631470134544,0.3778314947318251,0.37125537461317293,-1.7404901947942975,0.2351958964408013,0.22514962349289025,-4.271449077105682,0.33675429444481786,0.3297541748805929,-2.0787023891604917
ALB,2005,LSMS,3638,2.1421062898120575,0.5504263155434086,Y,44.406472526711184,22,0.3607419681674462,2.3412900990706196,9.165974567859603,9.11156529580557,-0.5936005129756561,0.3059565575022565,0.30182096805991443,-1.351691716008263,0.1544127567547977,0.14937970386206167,-3.259479979836355,0.25650336990015865,0.2521465530507473,-1.698541758382044
ETH,1999,HICES,16556,0.8982888999271986,0.618985759684848,Y,15.724911569063778,206,0.22103278893564823,2.3410312529011996,2.3387633912701795,2.3187694199478988,-0.8548950012178036,0.29975796734911175,0.29372755785374016,-2.0117595367693086,0.14996398666220856,0.14220364446928657,-5.174803875014355,0.23604309198928564,0.2295081278310439,-2.768547091621032
KGZ,2021,KIHS,19920,1.9388375775087519,0.5531466533869664,Y,36.53524962355386,109,0.308665188119908,2.3388957852576384,7.037812538044312,6.985977034198281,-0.7365286239982116,0.28793650670464677,0.2826622418963045,-1.831745779201377,0.13591443141054982,0.12950002771164226,-4.719442690770559,0.22576443116842493,0.22010537147050768,-2.5066214676197074
SLV,1999,EHPM,9227,2.0137478354453684,0.9575933139533508,Y,132.49273017342927,24,0.12025464300140747,2.336073598408412,9.594761340611784,9.529949313776331,-0.6754938922881037,0.5115595380161533,0.5082423592305084,-0.6484443235109993,0.5321281867585055,0.5257312767222702,-1.2021370405507992,0.7822066546202251,0.7807265267333668,-0.18922466053128417
KGZ,2018,KIHS,19948,1.91199950409319,0.5019608566033739,Y,30.504739772091085,133,0.35096792328690385,2.334405634223826,6.694446613780783,6.645232926530761,-0.7351419779599633,0.27690327091719813,0.2715585044649669,-1.9301926028275407,0.1247709877159382,0.11850884183256571,-5.018911846421615,0.20424907571315531,0.19847329914789769,-2.8278103805811305
BEL,2015,EU-SILC,5810,3.9697717918884283,0.4853576357802506,Y,227.20318363553724,42,0.3153077657329946,2.3320211665212365,55.05038678331574,54.48298939327245,-1.030687381501294,0.281245226243133,0.2737708070876267,-2.6576163639644323,0.13913703582886505,0.13008760490394655,-6.503969896303574,0.31841308341911834,0.3114189031267445,-2.196574404942908
CRI,1994,EHPM,4557,2.3774038311922827,0.8780039942383089,Y,150.11712367437107,15,0.13871500113817437,2.331001159336961,13.266432799938837,13.165427067383105,-0.7613631643028973,0.45798973378659713,0.45383632915315686,-0.9068772348018506,0.3809592590951727,0.3737954766481768,-1.8804589404155192,0.5614893102570667,0.5581312586323505,-0.5980615415774992
KIR,2006,HIES,1161,1.6946871914742456,0.6537732229051512,N,38.70647350932336,10,0.24512850785069906,2.3309080992812437,5.549196821546709,5.514730744343249,-0.6211002837317459,0.3697300142713231,0.3657999234223511,-1.062962350167207,0.2336894813582655,0.22817004862161383,-2.361866141587232,0.3660779885359676,0.3621498487211523,-1.0730335988035966
ARM,2020,ILCS,5183,1.9912472993679269,0.45084312466906207,Y,28.32590263189081,40,0.4326014147249215,2.326850287901,7.473104625738463,7.421754924758489,-0.6871267505491385,0.2513160389759558,0.24615138683681814,-2.055042790019368,0.10386634224165792,0.09833776423740659,-5.322781071262151,0.17931580759212273,0.17383037560816772,-3.0590900253659403
KGZ,2004,KIHS,4625,1.5291440071872977,0.5948331423426971,Y,27.485083359458912,13,0.28299420062022457,2.325180723093917,5.133828881182528,5.092239273623547,-0.8101089561325825,0.34773429309815407,0.34242380263715466,-1.5271690386603365,0.19674489539099205,0.18978133021782972,-3.5393879771689063,0.3080834110108561,0.3025162357326513,-1.8070350688270786
HUN,2014,EU-SILC,7658,2.937569105880502,0.5394939924593561,Y,95.20677290802546,29,0.3302136378900793,2.3200943494514625,19.98358243405335,19.83433021552024,-0.7468741854752436,0.31504102234637277,0.30989823659154714,-1.6324178091230879,0.17234627483357112,0.1659671584649538,-3.701336959430901,0.29946114928314416,0.2942781749502936,-1.7307668608290694
BRA,1982,PNAD,32112,1.8737864529955206,1.1059047826677744,Y,179.73810173429513,133,0.06750308532149406,2.3177625227173984,8.71939967203757,8.638633458402076,-0.9262818161037467,0.5786516866642045,0.5747148911679946,-0.6803394143555797,0.6169856570937586,0.6079568592054072,-1.4633724114237245,0.7063066680333083,0.7035616487403957,-0.38864411411491107
CRI,2003,EHPM,8289,2.485781978017482,0.9250943127221491,Y,192.68657713266623,21,0.14033224073386186,2.315534320939812,18.389670583533434,18.234252840947594,-0.8451360881091885,0.4912518479075191,0.48692049225056777,-0.8816975804570859,0.4481774875048532,0.4402219479266689,-1.7750868350115745,0.6338790989910859,0.6307634745197195,-0.491517148352949
LUX,2020,EU-SILC,2769,4.362965271574965,0.5823300076831017,Y,450.3185830561637,9,0.2758647631384046,2.313314528991437,84.47563044500248,83.7637137049772,-0.8427480638795171,0.3422417706332348,0.33666355912109625,-1.6299037670993277,0.20129649605250588,0.19393597452169065,-3.656557205494193,0.4068429345157568,0.4018567168438083,-1.225587874073153
TON,2015,HIES,1803,2.0446881975900193,0.5889851948133444,N,45.224717378492755,16,0.31962801691362003,2.305442748100597,8.450248227210801,8.399983459571736,-0.5948318473912639,0.3352130412707963,0.3312454106791166,-1.1836146280700732,0.18687496751833255,0.18177988641010434,-2.72646528097904,0.29810663187005804,0.2939724355246893,-1.3868179716212348
BLR,2019,HHS,5925,2.8892003839001488,0.423439666687199,Y,64.04073619739174,34,0.5681751663586473,2.303889976923026,19.13246089444791,19.055533604988838,-0.40207733800410317,0.2527784766112504,0.24977051021723418,-1.1899614375167733,0.10488198840830831,0.10181832499953858,-2.921057709969044,0.1844964225799075,0.18136400381452555,-1.6978208691419305
GRC,2019,EU-SILC,8103,3.2499123040540265,0.6072426721723025,Y,159.435638525265,48,0.20327049594945215,2.303651521328981,26.813523058422255,26.519918539715494,-1.0949867276562109,0.3282992371132777,0.3208720393155915,-2.2623256340749576,0.18745143619155513,0.17750293692149155,-5.307240889793608,0.3192104260350196,0.31172906583518356,-2.343707971184894
LUX,2009,EU-SILC,4160,4.281184576618626,0.6002133848433651,Y,437.82738352140666,19,0.2692143323396016,2.302600325826091,80.23249493822786,79.56375531570892,-0.8335022150736004,0.32561544770935735,0.3199577926683891,-1.7375266071584683,0.17855534963432085,0.17123047338248654,-4.102300080527166,0.2949730638713851,0.2891184704683786,-1.98478916215864
POL,2013,HBS,37144,2.8750705679223607,0.5800291429514455,Y,101.0037855444197,165,0.2698124581967356,2.298928490095464,18.262549019977005,18.115226874188263,-0.8066899403122219,0.32549520369337637,0.32001852525120444,-1.682568093178749,0.17528775121416995,0.16815028197029935,-4.071858526583472,0.2827993235445432,0.27703304421461694,-2.0390003970493953
BRA,2015,PNADC-E1,62036,2.5507495645134792,1.0709706332585411,Y,318.5124183267768,192,0.11143412687392187,2.297233335341466,20.394478641985913,20.280901412400574,-0.5569018535806936,0.5181897490072788,0.5154944362630034,-0.5201401126592953,0.4868146671164073,0.48150799399351607,-1.0900807805000468,0.6170706773677221,0.6149283277028652,-0.3471805975282627
ECU,2016,ENEMDU,27713,2.5274601613348224,0.9206800551099396,Y,198.2443432448796,55,0.11039782367669128,2.2951199671986613,15.280106234876841,15.148266906175511,-0.8628168330427344,0.4494322486474355,0.4446454355882602,-1.0650800145252548,0.3609391139811122,0.3527250519242924,-2.275747276658324,0.5328153665417871,0.5287550934925516,-0.7620412818775346
CRI,2019,ENAHO,10251,2.9323543742072222,0.8754799408241761,Y,259.5097298945585,29,0.1314394372623966,2.2934651909172974,25.55352570014019,25.308562611769943,-0.9586273582940619,0.4814523978726415,0.4764382342390817,-1.0414661253564161,0.40672375121808413,0.3976638544436941,-2.227530786499876,0.5491706579318691,0.5448149518351642,-0.7931425384430035
PAN,2017,EH,6681,3.163664599933638,0.9670611442768111,Y,430.45725730187127,12,0.11001675421739036,2.2932310652962697,30.806207176011263,30.57332476578816,-0.7559593717348156,0.4974934019069882,0.4936708986155047,-0.7683525604221253,0.4606517422826575,0.4534611362921752,-1.5609635936360111,0.6181211630525073,0.6152156432412664,-0.47005667900000825
BLR,2001,HHS,4751,1.625342784910693,0.5430778465381851,Y,25.908635354974646,18,0.31888386547227304,2.291611770194695,5.767390275551809,5.717842539075258,-0.8591015018800663,0.30576723701934605,0.2997678249704181,-1.9620846587132479,0.15833206209113815,0.1510863357393155,-4.576284964729316,0.27144458527482673,0.26525600066176735,-2.279870348783597
KAZ,2017,HBS,47455,2.418590681192477,0.4668458436084344,Y,45.56446844498598,326,0.425592994798334,2.2910707155473142,11.666905119077937,11.59352725830301,-0.6289402375865616,0.274502759308329,0.2699216366937288,-1.6688803515649053,0.12150086152079842,0.11634938673987927,-4.23986687537794,0.20263066981630806,0.19773109604711137,-2.417982319082468
POL,2021,EU-SILC,15117,3.5279376673645952,0.4784534660577347,Y,143.06485594761463,105,0.4369909784751636,2.2875012004407114,36.31883339129887,36.11322015534641,-0.5661339221367023,0.2844235024044679,0.28036048279041026,-1.428510506237901,0.1418343061730276,0.1372644829379026,-3.2219449288595547,0.2803237848016007,0.2763440307858053,-1.4196990164827006
PAN,2008,EH,7134,2.8724382212639923,1.0890317736704573,Y,463.8371599636951,12,0.035661081163600984,2.286805017500002,22.48459762970116,22.13582806902206,-1.5511487749213293,0.5268383486933312,0.5193854659953695,-1.4146431664373793,0.5152791563278973,0.499932499206571,-2.97831902044966,0.6368456635866689,0.6311248019495099,-0.8983120973046321
POL,2004,HBS,32186,2.7424739321595197,0.6271107979052016,Y,101.88108765262862,119,0.2533536025628942,2.286531826523047,16.538436921326447,16.418399703409072,-0.7258075142674847,0.354260608195502,0.34954681255153197,-1.3306011266622786,0.20937065138390576,0.20288772434226665,-3.0963876736247564,0.3313789419719798,0.32653466772112505,-1.4618533760857866
HND,2002,EPHPM,26270,1.8677096656996417,1.1438377066879266,Y,200.18116584621978,49,0.07407845073115939,2.2863878993245503,8.874842155505823,8.820219944692635,-0.6154724766490705,0.5562308433916237,0.5534846077097374,-0.49372229435193926,0.5950471018794339,0.5890732479547363,-1.0039295890744482,0.723596095137182,0.7218849061151136,-0.23648400448375018
UGA,1996,NIHS,5831,0.8502243514454443,0.7188860180148344,Y,20.224250526867422,29,0.18346853157300483,2.2827569393828933,2.3097461380364512,2.294125383251585,-0.67629747389234,0.3904371858374941,0.3862927275336986,-1.0614916954965636,0.2521729407901597,0.24596194062566,-2.4629923198889347,0.3649471433629924,0.3606439319687267,-1.1791327792325057
PER,2020,ENAHO,34377,2.1363819045805563,0.8204787270178465,Y,99.26748602230614,102,0.17035675816284493,2.280847555438714,10.889684298501606,10.810416071481594,-0.7279203404539469,0.43742626478844704,0.4333065924753985,-0.9417981142583964,0.34324901467292834,0.3365074245124937,-1.9640522979675556,0.7146839192222216,0.7125956612678783,-0.2921932197125554
FRA,2022,EU-SILC,10107,4.000266482364425,0.6156134200509309,Y,346.23119394740536,40,0.2612079070884671,2.2790531026025858,57.557062132354375,57.149689377457484,-0.7077719741152233,0.3149789358099082,0.3101045295297489,-1.547534049420074,0.1758991400947183,0.16963630808287933,-3.5604676682708947,0.3376327864783677,0.3329590262142088,-1.3842732256271417
GIN,1994,EIBC,4415,1.4262895979545513,0.8835448919803468,Y,58.96383405847095,19,0.08932673650796062,2.269673951922916,3.8817007126429943,3.8462692313609317,-0.912782409181101,0.4608160947306379,0.4558542225558502,-1.0767575680463382,0.3584155605163286,0.3496676190483099,-2.4407259147500637,0.4696502720380391,0.4647705653315334,-1.0390085978935648
MLT,2011,EU-SILC,4064,3.5527142368799636,0.47909313778841167,Y,146.93549048839634,24,0.4805978602930178,2.2665188747711205,38.5043900691321,38.33784962389801,-0.4325232653603406,0.29025866748236395,0.287186629492276,-1.0583794161029059,0.14562805887853703,0.1422461039078291,-2.3223237312588796,0.33219928988204905,0.3293942255571469,-0.8443920292238172
SWE,2021,EU-SILC,8837,4.061579801646085,0.46627641950306337,Y,235.19361302628715,31,0.24164767137537277,2.2581275118620803,58.910444059105025,58.14851100354789,-1.293375169252986,0.28747505922838723,0.27814970621581636,-3.243882456308067,0.1551393262314691,0.14363690753607417,-7.414250773677611,0.8017257071591761,0.7991367096295816,-0.32292809204887973
PER,2022,ENAHO,34152,2.301197583725805,0.774762102492719,Y,102.05214327131083,143,0.19089947409923372,2.2537365322905645,12.433086869537945,12.347694853479677,-0.6868126713365563,0.40348076279351497,0.39936128504810076,-1.0209849205431332,0.28401518568802064,0.2777223860209248,-2.2156560579152385,0.4560764352748917,0.452331627639321,-0.8210921121836967
PER,2013,ENAHO,29540,2.2125406322434404,0.8863777331097361,Y,130.53923482448502,66,0.15344825528255954,2.2530718638851632,12.843285663139326,12.754227385762112,-0.6934228492076144,0.43882896616050293,0.4349153235984591,-0.8918377919046594,0.34886599953865094,0.34240147244588215,-1.8530115004952163,0.5252518130726063,0.5219452685111574,-0.6295160681324075
THA,2015,SES,29380,2.6677045716948617,0.6884323961691831,Y,113.63615939841476,90,0.19661391082597188,2.2525585763106473,15.991343863620818,15.85455397305916,-0.8553995944821535,0.3598733276314092,0.35435828672460024,-1.5324950429384532,0.21156434965614812,0.20378287266260608,-3.6780662744877124,0.31988367692149344,0.3140546672050324,-1.822227933778442
SWE,2007,EU-SILC,7119,3.749080240576832,0.4147390860271944,Y,147.42174589025407,35,0.4169656014549307,2.248291970452969,43.90963428236135,43.53711546996242,-0.8483760306529642,0.262460486247015,0.25616467005640964,-2.398767250884404,0.12671175359607068,0.11983184264363844,-5.429575992108737,0.7017058543806587,0.6991853028689908,-0.35920343202673344
ECU,2015,ENEMDU,26877,2.52328264687121,0.9451628579908522,Y,212.46371500008806,41,0.08454319073821723,2.2469966792825065,15.601654638235875,15.430709580423619,-1.095685437064553,0.458795902000229,0.45280476461292773,-1.3058393418907022,0.37574929440624993,0.3652107383159229,-2.804677546229284,0.5390150435484082,0.5339132427653503,-0.946504340485943
GEO,2015,HIS,10997,1.9082332777008586,0.661522842207241,Y,49.04811741429346,41,0.254597470618823,2.241114927107937,7.826255545567813,7.775735430625422,-0.6455208962733439,0.36503675563943694,0.36091828245708624,-1.1282352033664012,0.2253882625626935,0.21964713881278075,-2.5472150522105497,0.3577884127167982,0.35365350675921636,-1.1556847037566653
CIV,2015,ENV,12861,1.22551671245169,0.7745571058445148,Y,34.78506159071049,47,0.18573213872601183,2.239767711201944,3.9296451152270797,3.906237231620986,-0.5956742382509317,0.41474799981982835,0.41124593977131463,-0.8443826251205655,0.2962058469500852,0.29073297998011016,-1.8476566301195652,0.4453139103814474,0.4420039076897737,-0.743296495911927
MDA,2002,HBS,6155,1.5542210437560104,0.6241543881525335,Y,30.774431780049497,26,0.2879683024136164,2.235493925099339,5.393788153979941,5.3618309562394355,-0.5924815144422113,0.3584590715080507,0.35464347806982766,-1.0644432632631373,0.2135264642060235,0.20835656974525008,-2.421196117304314,0.3363023904910989,0.33239462970265754,-1.1619782965963665
MNG,2022,HSES,22985,2.423770722876744,0.5309108285784769,Y,55.50667082708631,85,0.4029259555710297,2.2312839269818334,12.303051899014223,12.252186663298987,-0.4134359192560333,0.3141647461097997,0.3113256466652341,-0.9036976553611686,0.16199130002391726,0.1586155538278513,-2.0839058613441264,0.2691344449535926,0.2661780482430084,-1.0984832175955805
URY,1992,ECH,14582,3.0165978506171616,0.7173409052469505,Y,175.67234193082976,58,0.1845778900775944,2.23030819079839,22.899755575070575,22.713272752992786,-0.8143441595542589,0.4146394150982893,0.40983862994039844,-1.1578217079900144,0.3002179713625046,0.2927013859837513,-2.5037093364664864,0.45375497787147956,0.4492885074595646,-0.9843352976240061
LVA,2017,EU-SILC,5928,3.010350650103427,0.5962622250900846,Y,121.40563876619171,31,0.38801843879217507,2.2287453827087176,26.870648332643032,26.7428462627716,-0.47561959908565266,0.3429016989848752,0.3397698157131044,-0.9133472598830683,0.2096414355001479,0.20570271824497777,-1.878787581173269,0.3992030886115545,0.39638685772082427,-0.7054632018317353
NLD,2022,EU-SILC,13178,4.164772230151671,0.43990285998959994,Y,240.92382630856198,103,0.38374086698954124,2.2272289090245234,65.26764657927475,64.73850986628203,-0.8107182359486931,0.25743882753327696,0.2513828973566228,-2.3523763818693477,0.12002156220519122,0.11335166065522362,-5.5572527364413205,0.27864242835041253,0.27289873927448915,-2.061311735591209
MLT,2013,EU-SILC,4373,3.614667526056498,0.47967716532402804,Y,156.600663746103,19,0.2942147676827512,2.22459795172261,40.694348134174966,40.24980477814548,-1.0923958151725754,0.2936044854362889,0.2858158792603709,-2.652754491929632,0.14911757067652331,0.13971739965796282,-6.303865450539048,0.2832347730940129,0.2754598847314166,-2.7450331319366805
KAZ,2020,HBS,47124,2.507080501330968,0.49824886290819875,Y,54.69799695700661,305,0.3627254102867076,2.223102954027722,12.710073606080874,12.625919118165905,-0.6621085803524163,0.28683919718970174,0.2820944990024107,-1.6541317343574669,0.1321637546823542,0.12654501079852087,-4.251350075016824,0.21282283949852954,0.20768877314731882,-2.412366249462705
NOR,2009,EU-SILC,5415,4.121634739450022,0.4602589915638302,Y,245.28277143879438,23,0.3200559294355257,2.2188939816099547,63.097812062135446,62.48278056163482,-0.9747271425116555,0.2696793674809008,0.2625058931700581,-2.6600011628070686,0.13243781964679346,0.1242367612968831,-6.192383997095597,0.33630898912899665,0.32990427008306045,-1.9044150626255085
POL,2015,EU-SILC,11169,3.178451354042013,0.5667158054295637,Y,131.44634825862477,43,0.3241063855952631,2.2181643416164696,26.028069295200677,25.876749951621303,-0.5813698352465813,0.3282368848404167,0.3243182353271111,-1.1938480086449599,0.1912093770896388,0.186265147290265,-2.585767431822117,0.3622618951406341,0.3585906322421948,-1.013427839826797
KAZ,2014,HBS,47546,2.476941114166482,0.47383536810573557,Y,49.32579742275814,245,0.32615950471076066,2.2099229954324926,12.28441716281428,12.173821779647094,-0.9002900316831153,0.27015859799355413,0.2635387293469871,-2.4503638587601073,0.11891155612775961,0.11119833869910867,-6.486516264545217,0.19825783213604697,0.19112336817944364,-3.598578618426318
CRI,2023,ENAHO,9477,3.001454604940294,0.8521129574407823,Y,259.25016336721785,32,0.1564200528186433,2.2072746043318903,26.085841352353377,25.915574443327998,-0.6527177204120327,0.46713740202708287,0.46364125254758903,-0.7484199433234751,0.383963135578703,0.37790088797913546,-1.5788618848605385,0.536570993802265,0.5335344691261952,-0.5659129381095251
TUN,2005,NSHBCSL,12314,2.0860384718737617,0.6796749539985809,Y,61.87172770220952,44,0.25650517086756675,2.205488455950868,9.981020293791996,9.919594224287568,-0.6154287607513798,0.3773338247138365,0.37348537784797675,-1.0199050850472569,0.24013943975442453,0.23471072813052674,-2.2606497414374704,0.3718657862462481,0.36801374904454154,-1.035867601746987
MNG,2010,HSES,11190,2.014903323171323,0.5814936371216936,Y,42.92198796197367,54,0.30693849794782174,2.2015479033612415,8.488634066049919,8.433496825884614,-0.6495419608889108,0.3308121213147487,0.32644365799739217,-1.320526980690706,0.17968583613822764,0.17397206425277623,-3.179867711473905,0.2890744011131069,0.28448753021130957,-1.5867440645505715
SWE,2011,EU-SILC,6658,3.872513477723223,0.45103782399758896,Y,185.97773266951214,29,0.3676146674697073,2.200325431411865,49.21169530823551,48.81255928466022,-0.8110592839269626,0.27517734082070655,0.26925878793108315,-2.1508140430354983,0.14051909994926293,0.1334833642065072,-5.006960438329111,0.32142975774552074,0.3159774469739556,-1.6962682017393704
CRI,2020,ENAHO,7610,2.76445921860194,0.8851521149665879,Y,225.8600508650734,25,0.18179055450830758,2.1989812220615046,22.193964340187733,22.11651547079634,-0.348963656083523,0.4914199707631436,0.48964221951079256,-0.3617580395827824,0.43241976674134186,0.42921605240309146,-0.7408806406777324,0.5947962354101589,0.5933813918962787,-0.23787028727654258
POL,2013,EU-SILC,11685,3.133438304153571,0.5706964974135299,Y,127.17038435429349,56,0.3226344003390219,2.198582875296829,24.713317824978223,24.580270458330876,-0.5383630299646502,0.3301513820949822,0.3265322136634927,-1.0962148359107138,0.19017184697566236,0.18554836215991566,-2.4312141304166923,0.34929154398085016,0.34581970281713714,-0.9939665656215735
BOL,2000,ECH,3676,1.9690866487469707,1.2255216808875715,Y,283.05796257088866,4,0.059537900637549046,2.1950801235263886,11.101870988186848,11.026702793287743,-0.6770768186649678,0.6146686007604476,0.6120448513698202,-0.4268559329989152,0.862818917496964,0.8562329487394233,-0.7633083401377583,0.8895486818285003,0.8887958252237323,-0.08463354734228323
BEL,2007,EU-SILC,6046,3.8994908190562736,0.48357238057406654,Y,210.65210068672806,37,0.3561574325564543,2.1943189194672637,51.97180501733666,51.5816309804847,-0.7507417468410327,0.28007991618177663,0.27464825022362493,-1.9393271863972106,0.13801058642733688,0.1318145020614634,-4.489571797548841,0.35757044927426285,0.3528161326205055,-1.3296167687813387
ROU,1998,IHS,32014,2.0913136518613005,0.5274456896051816,Y,39.39546549325046,133,0.29749771954962334,2.1918375743709038,8.620017259818539,8.548281094048958,-0.8322044330928757,0.310832401341284,0.3050581026003506,-1.8576888110816259,0.1630782674032618,0.15582552088179713,-4.447402242464349,0.27718819798119043,0.27121397797055224,-2.1552937874517952
MYS,2009,HIS,38369,2.694604060344367,0.8701746583119495,Y,201.36678281572446,100,0.1423530458598075,2.190188330426506,18.89839630585559,18.771137584015072,-0.6733837082307792,0.4547971223075269,0.45110456078170846,-0.8119140040032113,0.35765035154619573,0.3513229647554814,-1.7691543607771476,0.4918930576301721,0.4884562389493724,-0.6986922517991045
AUT,2017,EU-SILC,6041,4.209375650317733,0.4996237102540353,Y,301.3422858855257,29,0.3076563681668559,2.187539698194834,65.22862864751288,64.72882523376684,-0.7662332078862355,0.30623236142067667,0.3008854443181519,-1.7460326784926594,0.18417345833183596,0.17760553368694687,-3.5661624125313818,0.8235613380460342,0.8222045400232975,-0.16474765874219255
NOR,2007,EU-SILC,5980,3.99043115404506,0.4567206018020138,Y,212.85112112156423,27,0.3354954419702449,2.1863918305179624,55.107828106717584,54.617060864561836,-0.890558127613672,0.26330661615442685,0.25669923943185724,-2.5093849972590343,0.12829148591181339,0.12078768577967347,-5.849024258163138,0.6110237124991006,0.6075684251240343,-0.5654915356613666
FIN,2014,EU-SILC,10413,3.9884658905844845,0.4850786336283658,Y,231.29681322425864,66,0.33703113379133426,2.1857707411439335,54.951160872368106,54.52959674813388,-0.7671614530826099,0.27168139451800954,0.2660578968010543,-2.069886944938537,0.12612764883249872,0.1194543471451821,-5.290911032662593,0.30568195443484014,0.3003979686731867,-1.7285893671488584
IND,2015,CPHS,4458653,1.4501586904215749,0.6772865235732379,Y,32.52530042644445,35543,0.18048525074200916,2.1839094073488763,4.165953751524449,4.133676465668362,-0.7747874263912768,0.3468255207396296,0.34173033565886235,-1.4690917409714843,0.19746499178718468,0.19030700627292152,-3.6249390079116317,0.2893750807097816,0.28385572663441705,-1.9073356495751481
NOR,2014,EU-SILC,7342,4.245886348271313,0.44148259479849083,Y,262.52180169702535,35,0.3816900146826532,2.18243076183786,71.33917935348923,70.78427066147853,-0.777845634109553,0.2636120329450462,0.25784917967333043,-2.186111615366637,0.12724318228216092,0.12073884169762117,-5.11173995170634,0.9362156798574047,0.9357166776057325,-0.05329992462295152
TCD,2011,ECOSIT-III,9246,1.475855887978171,0.8089101913520356,Y,49.530392053004164,10,0.07498308454941903,2.180981497344258,3.811284097642225,3.7653001124121874,-1.206522107824104,0.4332121175659924,0.42629767294139,-1.596087538698443,0.33130199637644786,0.31974550611953845,-3.4882042315791395,0.480552298223605,0.47421675107486216,-1.3183886898809227
ECU,2012,ENEMDU,17569,2.383601629367921,0.9132513738693953,Y,167.8978486930519,28,0.07596369191615072,2.1809337210761126,14.800128811854254,14.604889216348857,-1.3191749746733206,0.46051150936726504,0.45330453677307936,-1.5649929366777227,0.3839214685637353,0.3712194986085855,-3.30848128985034,0.5531203147326218,0.5471525096763543,-1.0789343470691937
MNE,2007,HBS,1090,2.853614944958907,0.5513964444180182,N,90.72239850825089,6,0.2978921892878947,2.1792128976859986,18.540245057066667,18.406468584611197,-0.7215464091424151,0.31448067723378803,0.3095117338645742,-1.5800472744212146,0.1662155601316182,0.1600927905527123,-3.6836320101785724,0.28052087153195926,0.2753856098225623,-1.8306166244788202
BGR,2009,EU-SILC,5364,2.6634932849635344,0.5616511300811807,Y,77.35820713021506,29,0.3499148705538357,2.1758081728563665,17.417323127658946,17.309043457897,-0.6216780211764861,0.3355707553094469,0.33142521726710417,-1.235369285538579,0.20379994317648098,0.1986297322873316,-2.536904970906795,0.38386982398099867,0.3800880496932155,-0.9851710271371439
CRI,1993,EHPM,4143,2.3087568804640592,0.8479338879689496,Y,128.06763776204588,17,0.13469989205616584,2.173803846346044,11.81919236756561,11.734773279096787,-0.7142542894934656,0.44685539903992955,0.4428792835488282,-0.8897991385231174,0.366304195603131,0.3595516753660015,-1.8434187536430557,0.583258363237426,0.580265185673267,-0.5131821081047261
ROU,2003,HBS,32007,1.903720894473732,0.48704291854788645,Y,28.92914747813352,187,0.3484077190659187,2.166642287849794,6.829174607170525,6.782002205094249,-0.6907482205352533,0.2991128717039939,0.29424745334751734,-1.6266161762812592,0.14963357665765908,0.1438205483829269,-3.8848421621516027,0.2553591542302376,0.2502905109535579,-1.9849076066839055
IND,2016,CPHS,4666600,1.448400119793013,0.691814917668971,Y,33.91457533265863,37230,0.17983167748890191,2.16269330191756,4.217294641377709,4.187076642380463,-0.716525677403812,0.34740390589026826,0.3426991477935456,-1.354261715816374,0.19833139744155037,0.19172646459656018,-3.3302507470793774,0.2909452523917915,0.28585566643009297,-1.7493277239818306
PER,2019,ENAHO,34524,2.3191449120266876,0.8072276809409478,Y,114.52898726606998,96,0.19943365441622002,2.1569418527914213,13.814609134113873,13.745045392571233,-0.503552006917507,0.4152761470935419,0.4123215544947987,-0.7114765968192382,0.3050916336342957,0.3005221875200208,-1.4977290789140896,0.4685515765690039,0.46587530715255077,-0.5711792575857522
NLD,2014,EU-SILC,9541,4.0292687195613315,0.46525223780005304,Y,227.01711995952678,53,0.3275662075001003,2.155989247800932,53.744078835258414,53.328993644467964,-0.7723365992797215,0.2810647939338231,0.2754793176069251,-1.9872557671570479,0.13640040895443306,0.12986525479413658,-4.7911543743829,0.2552573581075097,0.2495774281175337,-2.2251777704224818
IRQ,2006,IHSES,17492,2.3254863568319335,0.5094505981260166,Y,47.17377629426611,120,0.3756979399840645,2.1558368126610694,10.675802580445868,10.622880604119846,-0.4957189487838187,0.28600612391801217,0.28245756016557344,-1.2407299899130697,0.13318233297559479,0.12909182792217333,-3.0713571102340076,0.22146134016972585,0.21768170757554905,-1.7066782813109138
ECU,2004,ENEMDU,4490,1.9187760605726063,1.1633788810332488,Y,223.38856601873732,13,0.04699924536967035,2.1538265180381746,9.67095360448809,9.56764898147839,-1.0681947947900228,0.5346739757677016,0.5296505436563825,-0.9395318154593713,0.5247160814197436,0.5141330394992141,-2.0169082471981015,0.653787389249568,0.6500497613114303,-0.5716885947322781
LTU,2000,HBS,7111,2.3176570572291584,0.5573930009469658,Y,54.046028334909245,32,0.3462595502537289,2.149449654121213,11.413488679694895,11.35530102138849,-0.5098148334778951,0.3167493391818883,0.31325776799065785,-1.1023136465725836,0.16740273387896343,0.1631629347441632,-2.5326940824429434,0.2795769289105009,0.27596506350952166,-1.2919039546841482
CMR,1996,ECAM-I,1728,1.2937506991181609,0.8736597049985113,N,50.13552376998987,7,0.12123254741729925,2.1471793263791525,3.305144445102895,3.2949576394980404,-0.3082106024124842,0.4444675820801862,0.44275214030094134,-0.3859543076721872,0.32514404667772434,0.32223349274262003,-0.8951583044019884,0.42328997347349784,0.42151042544525164,-0.4204087362720488
TUR,2013,HICES,10006,2.8408211275016395,0.7214009035760991,Y,149.1606388416133,39,0.21196602746926899,2.1467586992428838,19.759833067279274,19.651807012651933,-0.5466951783424934,0.4017849787715193,0.3985024042273183,-0.816997826608068,0.2755191198430649,0.2705998252161992,-1.7854639742126421,0.4146955322662066,0.41149897042300543,-0.7708213844824341
MDG,1997,EPM,6345,0.6762113847111151,0.7654311089711524,Y,19.54080242676986,21,0.15095759090706676,2.142733274290646,2.0125884258406717,1.9989623485530226,-0.6770424152646837,0.3946835500014668,0.39056156007181553,-1.0443784468939676,0.26756871841586977,0.2612603688642707,-2.357655853399987,0.4174800285264103,0.4135220391852541,-0.9480667506723162
NLD,2010,EU-SILC,9500,4.087260687486705,0.45719613226655775,Y,234.82700269143155,64,0.37853322346157636,2.1424087465743424,56.97171535614766,56.640046566130195,-0.5821639526633615,0.27881997198438757,0.27460578110370126,-1.5114379542805034,0.13551169544294872,0.130678467673083,-3.566649914656661,0.3002308998979889,0.2962269084953091,-1.3336373451367844
PAN,2021,EH,6031,3.2121619768711867,1.0200290916113632,Y,529.6673943426562,7,0.09703018018404988,2.1407861406740354,30.937174086072,30.788812578028022,-0.47955740117444634,0.5074921623279377,0.5051206988055755,-0.46729066937387653,0.4644817650745212,0.45988211719118466,-0.9902752334310927,0.5980863963793248,0.596151237760273,-0.3235583739685133
GRC,2017,EU-SILC,12216,3.1937187680342145,0.6720617166415559,Y,183.07646698800335,42,0.16259250171642778,2.1398316347611925,25.552559702882608,25.303446554598928,-0.9749048673803773,0.34847476732995286,0.3420663592523234,-1.8389876910547276,0.22815479194693022,0.21911497610932473,-3.9621415620795686,0.4748542588345315,0.46970400786536526,-1.0845961415207328
ITA,2012,EU-SILC,17026,3.8639757214157093,0.6087393188918604,Y,295.95093430217577,93,0.23154235063959902,2.136958563771817,47.934347777483985,47.595262377687995,-0.7073954596609089,0.3469359651935501,0.34229035786251627,-1.3390388420647326,0.22869846087735413,0.2223737431501145,-2.765527018842262,0.5958043153144561,0.5929403507979476,-0.4806887836985463
POL,2012,EU-SILC,11655,3.121230408618623,0.5704848842146847,Y,125.54761151671764,54,0.3014810077083349,2.134731960838066,24.841383655805465,24.68958890374493,-0.6110559466564247,0.3316922110092033,0.32759118999556447,-1.2363935231282985,0.19272817966063593,0.18747883972277002,-2.7237013015476874,0.36456635015012273,0.360714218862644,-1.0566338022948374
LTU,2002,HBS,8025,2.317178502067578,0.5582942272828381,Y,54.1664213363361,30,0.3456454054679402,2.1316312158143726,11.34637581904757,11.291736676880591,-0.4815558997724567,0.3191556760573089,0.31586906155721706,-1.0297841293919752,0.17018014777034862,0.16613713570983846,-2.3757248500959394,0.2844978569938036,0.2811051405579227,-1.1925279408887768
ITA,2008,EU-SILC,18079,3.8672907018836185,0.5683271077566199,Y,263.03103398347275,92,0.2728469832420426,2.127223839453568,49.64421307449207,49.30584178027661,-0.6815926233088465,0.32646775889345425,0.3218526192257284,-1.4136586361142234,0.19607989582786356,0.19011345554789116,-3.0428618164966115,0.4222801417915558,0.41835649699588373,-0.9291568339031331
CHE,2007,EU-SILC,6582,4.241478389499797,0.6099080676701484,Y,433.20133312454266,22,0.21183044466994458,2.125883730095322,71.86779777339027,71.2576242636218,-0.8490221332402959,0.33918807722387145,0.33353657264815983,-1.666186094147848,0.19878295082567732,0.19109361813737546,-3.8682053246332004,0.35860103067086635,0.3531496788410231,-1.5201718242819684
POL,2005,EU-SILC,13482,2.7369929850175447,0.6705597213531805,Y,115.43090768163283,36,0.2156574231487822,2.125576056939299,17.34261650819056,17.222921325069116,-0.6901794954925822,0.3792603111796916,0.37495293573501265,-1.1357306097442232,0.2666353686797782,0.2604451332698883,-2.321610760245485,0.49450884383206606,0.4910172205393275,-0.7060790390887917
SVK,2017,EU-SILC,5538,3.180986009663625,0.3580949747888402,Y,70.47590892404826,36,0.5637168901895037,2.124062881067481,23.5296461746617,23.427146296338627,-0.43562014304087127,0.24443648604973145,0.24114190378660683,-1.3478275344108503,0.11687529398876917,0.1136849943022904,-2.729661314721765,0.2965745281881358,0.2936589564651607,-0.9830823101320219
ARG,1987,EPH,1384,3.3243205741899944,0.8755087927789083,N,384.07849759875194,7,0.1102880440280894,2.1220670162652855,32.400891650199476,32.13691567804888,-0.814718233684697,0.44841712252947596,0.4438901400161852,-1.0095472018897267,0.35325710215338546,0.34551795513896044,-2.190797288221158,0.5016057209119218,0.4975184621562554,-0.814834956075805
PER,2021,ENAHO,34174,2.285393424501974,0.769491364570434,Y,98.87609673998726,132,0.19188557830896175,2.121390289924455,12.127661575910443,12.060115510883032,-0.5569586898893975,0.40120458729532904,0.39785569217557315,-0.834710077053713,0.27895969882587046,0.27388490471485216,-1.8191853993167806,0.4276515146000117,0.42446235629016027,-0.7457376394034987
COD,2004,E123,11901,-0.08744749630818048,0.7530877149017895,Y,8.774200450050573,53,0.17478308146321453,2.1191161828882694,1.0041999362957488,0.9982555908575097,-0.5919483982608442,0.4216363213400559,0.4181971262747737,-0.8156780835084865,0.3008180907528005,0.29538045674367797,-1.8076153583432508,0.4348420995470458,0.43149125409209554,-0.7705890157463258
FIN,2013,EU-SILC,10684,3.982225776914758,0.4892891998388395,Y,232.7799010493041,67,0.31768411388189727,2.1091367925228983,55.16104645464088,54.73712929466904,-0.76850819050438,0.27079484651871755,0.2651548467717566,-2.0827574156109696,0.1250126157032665,0.11832019024399143,-5.353400072165837,0.3961743810521704,0.391562083369422,-1.1642089704283598
POL,2003,HBS,32437,2.7510789873810153,0.6211749748921434,Y,100.94783639197962,129,0.22736696619982372,2.1089314822407683,15.857880536467338,15.752970734466455,-0.661562569850549,0.3491133370761872,0.3447853728170631,-1.2397017814818057,0.20192529819139748,0.19602657336888107,-2.9212411101283697,0.3179211508683383,0.3134204079047588,-1.4156789981687679
GRC,2020,EU-SILC,9414,3.3628878383304235,0.5708658017431507,Y,160.04983629198153,41,0.20744317946805096,2.1054666740227757,28.534342677867013,28.265574071270567,-0.9419127317235154,0.3297670907647733,0.3234018157150209,-1.9302335581729668,0.20030820997780463,0.19182493947678703,-4.235108736660176,0.5105508905330742,0.5059258303317761,-0.9058960207608435
SVN,2005,EU-SILC,8260,3.446549286583952,0.40954985424550583,Y,107.25389233532779,54,0.5098084706599011,2.103530554249734,33.349245943302826,33.194523793511514,-0.4639449721122735,0.2479073843500198,0.24441394806200134,-1.409169919313935,0.1055779108946222,0.10209603415228052,-3.2979216133732336,0.2092401839377359,0.2057449556010087,-1.670438378971839
CIV,1987,EPAM,1600,1.7799292081795173,0.7150622888588929,N,50.65895794377139,9,0.20321456019538653,2.0926545565521573,6.802781909711235,6.763369562690358,-0.5793563213398634,0.4051009913398833,0.4016434724548872,-0.853495537880633,0.2744581609243961,0.2692925233647334,-1.8821220481345602,0.40108648537505553,0.3976226721422873,-0.863607565717206
SWE,2022,EU-SILC,8529,4.079400964123957,0.47927317781029627,Y,248.94213939507569,30,0.2338407136766769,2.0926388984741364,59.0482954952002,58.39475597018511,-1.106788129164904,0.29516081059073995,0.28727964482993906,-2.670126072979473,0.1650050968737613,0.15503217751851217,-6.044006848393901,0.4427497059456986,0.43656580962007085,-1.396702525734983
BGD,1991,HHES,5722,0.9457923677168549,0.506885711669878,Y,11.780545715285804,48,0.3415551256981378,2.089545231308632,2.7258125889840814,2.7090925597423245,-0.6133961413681943,0.27570805599771886,0.27124661198090483,-1.6181768794057083,0.12443382094884992,0.11929229711905043,-4.13193438133912,0.20681928020457774,0.20203768259275545,-2.3119689842709623
LUX,2015,EU-SILC,3381,4.3114425524979785,0.5164645534976384,Y,351.0175467618581,12,0.30014376111792257,2.086715272181401,78.83539942304797,78.24388637043691,-0.7503140174845546,0.3112717445504408,0.3060788036403379,-1.6682981995692847,0.16729789660447647,0.16100678653968892,-3.7604238860581174,0.4366829434829508,0.4324925318711781,-0.9596004777173706
LBR,2014,HIES,4084,1.1649342063547885,0.5745159756692405,Y,17.966018874289944,23,0.33493947676541574,2.0858760339350857,3.8503474384196847,3.830209253591578,-0.5230225362823915,0.3323788436214561,0.32887926147963653,-1.0528895593021614,0.1826339824049894,0.1782971892693459,-2.374581706282186,0.2980317655779232,0.29442128420333347,-1.211441796342927
TLS,2001,TLSS,1800,1.1234403215536253,0.6799704397568753,N,23.64972863876803,9,0.23420652457031993,2.08440446701438,3.1812658425139198,3.1703446027001276,-0.34329855958098454,0.3593529230290544,0.3571511752774694,-0.6126978829129937,0.21121526447722894,0.20818076566946409,-1.4366853718056016,0.32128158530167417,0.3189658421098547,-0.7207830444577401
COD,2012,E123,21232,0.5021316048644537,0.7893916686233061,Y,17.642426728053735,103,0.16309924684141172,2.080825661274704,2.0309377824916206,2.017452173067015,-0.6640089884024425,0.4209970922924836,0.41713090646617657,-0.9183402681605779,0.3026011248078795,0.29645642034474856,-2.0306284277800235,0.44059784862324813,0.436872486781517,-0.845524292361366
THA,2014,SES,30447,2.6234475723591606,0.7044861176972689,Y,114.08068092102285,97,0.17285592534366157,2.074711522240827,15.277690503636986,15.157917715070122,-0.7839718217773295,0.37032664031703943,0.365357137244679,-1.341924272071271,0.22474668219461513,0.2175637108558539,-3.1960299785610435,0.33803499683798577,0.3328341720604555,-1.5385462529558525
GRC,2013,EU-SILC,4840,3.2343247875575827,0.6314829111128244,Y,168.80994915152513,23,0.19557521263758024,2.073218712307259,25.82989904598316,25.624539162598253,-0.7950471777660506,0.3624645977712666,0.35736175690251804,-1.4078177289934213,0.25494233390996035,0.2477276563375832,-2.8299252861336055,0.5321528686646866,0.5284222446727449,-0.7010436683922872
IRL,2015,EU-SILC,5095,3.7224069333765906,0.5521858831915428,Y,216.79768315440558,28,0.26124631577895224,2.070596975273981,45.20425475707702,44.83463278531685,-0.817670756318134,0.31705502586334444,0.3114353366985354,-1.7724649371214207,0.17290392869433013,0.1658359152553457,-4.087826975568443,0.3290601895878005,0.32360733651929774,-1.6570989870677733
KAZ,2019,HBS,46273,2.475560574322778,0.48803281651021246,Y,51.40107177273796,286,0.37131001442882716,2.0700406281165047,12.416824674852393,12.350648686376877,-0.5329541989067543,0.2796828170865602,0.27583045759661484,-1.3774029917444142,0.12576760854977254,0.12133701374657768,-3.522842530190473,0.20632856899630025,0.202184098481071,-2.008675063947918
PRT,2014,EU-SILC,6215,3.226381158591958,0.6277028818853495,Y,165.58585212074772,28,0.2712343335293482,2.069332249836003,28.25016340159827,28.11469934211623,-0.4795160210449567,0.3618710432385479,0.35880022372545384,-0.848594981685169,0.24073902574831818,0.23649473793219222,-1.7630244215423474,0.45139007521525476,0.4487688651088273,-0.5806973281761829
FIN,2016,EU-SILC,10063,3.9919587550080715,0.476234800366059,Y,226.02896530048645,59,0.3455413107604636,2.0669745456844506,55.15965962030789,54.800546945867545,-0.6510422234515256,0.27085805008096486,0.2660900588910293,-1.7603284039408473,0.12508210107292772,0.1196693243797502,-4.327379094808825,0.3567999882233631,0.3526721441352777,-1.1569070135454496
KGZ,2011,KIHS,19810,1.8419421505227223,0.5067473571565873,Y,28.85214158724013,125,0.3290406183946808,2.0660688831473446,6.234864963382476,6.200983623566539,-0.5434173797656094,0.2783986378988168,0.27446383052603873,-1.4133716323023737,0.12597098218897296,0.12140252063167978,-3.626598346625487,0.20867913772032431,0.20445043841384047,-2.0264121045733052
MLT,2010,EU-SILC,3759,3.516073409241937,0.5189300381382536,Y,159.6307800147946,13,0.3518715889079895,2.058993345310747,38.02568498855759,37.80443402715864,-0.5818460902559108,0.3024479701956463,0.2983741473236974,-1.3469499793017814,0.16294990189826786,0.15811609450956565,-2.966437740919925,0.5734091050546348,0.5709463311786871,-0.4294968207233296
GEO,2010,HIS,21793,1.6136580638115632,0.7201915040795895,Y,43.56406337856046,64,0.18808793676700017,2.0495557293575546,6.081125957870689,6.038428640372302,-0.7021284840042497,0.3946146372945286,0.39033899351014856,-1.083498527498572,0.27430278850876344,0.2678935155511635,-2.336568648260462,0.4450763546857692,0.44117278285211636,-0.8770566651218448
CRI,2022,ENAHO,9547,2.9192989480708946,0.8792742091026247,Y,259.0760312004738,24,0.12148326044850213,2.047860123707603,24.483782310906946,24.297122705929425,-0.762380593844636,0.4710979876253061,0.4670381350571108,-0.8617851646236185,0.38758198896809537,0.3803784729365405,-1.8585786328032539,0.531321748551693,0.5277277741650025,-0.6764214708859906
ESP,2010,EU-SILC,13422,3.790415075505462,0.5956508746507271,Y,264.3747751906917,49,0.2876188361305069,2.0474298795303407,48.93236615216467,48.690901918230175,-0.4934652724203348,0.34753886364701914,0.3443108284783065,-0.9288271057913078,0.22932142072075967,0.2251079935184226,-1.8373456736375693,0.9123714803926524,0.9119377863108984,-0.04753481351338351
TUR,2003,HICES,24791,2.2292160920481727,0.7400187355842767,Y,85.56465583871801,65,0.1966400638575491,2.046733660956417,10.844959981158171,10.7912469285873,-0.4952812427541531,0.42184338130469856,0.41896917845542603,-0.6813435925871469,0.30273168435413345,0.29818380207760553,-1.5022815620474805,0.43612070103829137,0.4333274727232076,-0.6404713897858572
KGZ,2007,KIHS,19201,1.6708276044175625,0.5940771609575829,Y,31.596902299480654,87,0.2502656318283331,2.0416117972339793,5.724117843595541,5.686329765591095,-0.6601554866087378,0.3391182166493709,0.3347351769303625,-1.2924813542353197,0.18875986908246323,0.18302059820163086,-3.040514336405409,0.2997293349306662,0.2951373398437589,-1.5320472679024033
HUN,2004,HBS,8694,2.8115960023297237,0.517536500557269,Y,78.58693812435875,56,0.2825531515998359,2.039826675707567,17.59949593038212,17.46254658802031,-0.7781435496990174,0.3002242741111383,0.2947419813927179,-1.8260657752114051,0.15012550663395308,0.14316716091487436,-4.635018975186577,0.2514276621723419,0.24563370691543474,-2.3044223562543764
LTU,2006,EU-SILC,4061,2.6687632117455484,0.565901260080144,Y,78.76486265192196,22,0.334558730924702,2.039657580649336,16.374708837417256,16.304235572208476,-0.43037873777482805,0.35154766287932193,0.3487528762142542,-0.7949950917543469,0.2258454592227963,0.22226909225674207,-1.5835461019945263,0.43709232244072493,0.43470049443363357,-0.547213456812834
HUN,2003,HBS,8311,2.771156768776491,0.5312102864925844,Y,78.63269880489618,53,0.32786203960178634,2.0389922512303653,16.935041146543906,16.847543739918866,-0.516664859966387,0.30925755515810827,0.30567979299700576,-1.1568875526010602,0.1591553166523183,0.15486765576349004,-2.694010466640484,0.2663628234095712,0.2626385544052866,-1.398193995923358
NLD,2011,EU-SILC,9807,4.070554855843878,0.4620816430386424,Y,234.34626462929197,55,0.333788818715317,2.033080218371116,56.27433566641417,55.91245490837013,-0.6430653578732848,0.27845247300336484,0.2737916590416485,-1.6738274619884752,0.13224544089941892,0.12684812279494473,-4.0812886007761895,0.25036964599568634,0.2456276716276209,-1.893989324946821
ESP,2011,EU-SILC,12931,3.745227690215404,0.615643711713199,Y,268.3142385016547,35,0.26330276063582303,2.0261297617234777,46.29564452168081,46.06411348679918,-0.500114076116176,0.3504278671845812,0.3471679478364771,-0.9302682958107877,0.2276093211694481,0.22322776355902896,-1.925034347410226,0.47445454013561394,0.47183667178052235,-0.5517637905505857
BLR,2011,HHS,5426,2.5546104888996526,0.48129053053839177,Y,54.515337304782165,24,0.4323944309900905,2.0254491331204063,14.550511942261002,14.491520006803235,-0.4054285903606569,0.2715255165966861,0.26857040181567604,-1.08833778057017,0.12191348580201433,0.11877005284071673,-2.578412831540633,0.21453898116754444,0.21147235870325864,-1.4294010569067206
CMR,2007,ECAM-III,11390,1.5110023908003707,0.7614398481925321,Y,44.49255782853993,55,0.13580573867476844,2.024710284424836,4.419945449369417,4.390877806104413,-0.6576471044263732,0.4282006289110485,0.4244197122072555,-0.882977849287192,0.30311993520224223,0.29699291303243336,-2.0213194377073584,0.4170292778538972,0.4131823128472648,-0.922468807568988
HRV,2004,HBS,2846,3.387943686567594,0.5191074474702463,Y,140.50822513948512,13,0.35306362623848814,2.02469869763159,32.67410249695782,32.50863380407991,-0.5064215394847138,0.2967740460889501,0.2932039705932321,-1.2029608191034158,0.14648504119702244,0.14234082834477402,-2.8291031073094053,0.25261772430992,0.24891300075282896,-1.4665335012463254
ESP,2008,EU-SILC,12847,3.757949417660957,0.5710648436182387,Y,237.731990427836,52,0.28527225308708926,2.0176452110836496,48.1347987953974,47.84179273803958,-0.6087198132961547,0.3402506936603762,0.3362178846021888,-1.1852463884211017,0.21065471707508188,0.20544648271183075,-2.472403388619493,0.5179792024713942,0.5150598021763986,-0.5636134194319964
ITA,2018,EU-SILC,17847,3.9197573764395313,0.59931943001666,Y,304.20921334280564,84,0.2289371704245848,2.0154415729474526,48.19029767359391,47.915498345351075,-0.5702378725778501,0.35466697497690036,0.35097049536748437,-1.0422395853622257,0.24567295566501945,0.2405421967965573,-2.088450824623145,0.7235497826808084,0.7219698148250056,-0.21836339304103225
SVN,2010,EU-SILC,9176,3.601734866580564,0.410472561274442,Y,125.60631738291518,64,0.4794543986720563,2.012319050051859,38.983010546278294,38.80077301247419,-0.4674793743489003,0.24787735303179703,0.24435612147755115,-1.4205539599231543,0.1041539612085467,0.10062301428966425,-3.390122543503138,0.19379950987165007,0.19020611967496492,-1.8541791973906374
TGO,2006,QUIBB,7469,0.6462263711060633,0.7657933721781933,Y,18.98418924308355,41,0.20909274310554188,2.0122604225364324,2.539525125094524,2.5281178281265886,-0.44919015981426114,0.4221257520592453,0.41952352495413436,-0.616457795435732,0.29402386048319284,0.2900150844779643,-1.3634186010076155,0.41346982987856784,0.4108424957302529,-0.6354355163196712
SWE,2015,EU-SILC,5824,3.955581218819519,0.4595678160805997,Y,207.3243897862119,22,0.3306121578922918,2.0121143979956533,53.371781141321364,52.98331948741933,-0.7278409031795996,0.28285079730702556,0.2776019776933909,-1.8556849277455711,0.1510092111044452,0.14488820441461314,-4.053399554281811,0.48515408118186154,0.48143817360568086,-0.765923181997874
BEL,2016,EU-SILC,5696,3.988014001744866,0.46908989127490197,Y,220.36465029844715,36,0.27944668263186956,2.00884823076586,55.70690571356904,55.20364022867994,-0.9034166921364717,0.27713344890231983,0.2705510621655818,-2.375168628258262,0.13518743311873127,0.12720942668079127,-5.9014408764852755,0.3050568535706084,0.2988160725187208,-2.0457763786785876
MLI,2006,ELIM,4493,0.9112301505482516,0.6977648639261412,Y,20.17662472126017,27,0.23858617476412947,2.0062086540272457,2.91704147907142,2.9066581775956934,-0.3559531652265635,0.38929962007798935,0.38712145884781746,-0.5595076691150003,0.2523522838788762,0.24917748919005311,-1.2580804263086942,0.3779447768547687,0.3757407486686065,-0.5831614355155113
POL,2016,EU-SILC,10916,3.229152013690466,0.5622495455558684,Y,136.44214114347275,44,0.31269554559726714,1.9998306095095857,27.37653880294686,27.255702897814437,-0.44138488799546627,0.3172071782145992,0.3141872121087226,-0.9520484759753867,0.17975524474604754,0.17604782387683526,-2.062482724467929,0.35369993950453804,0.3508850104236606,-0.7958522935628931
ETH,2010,HICES,27756,1.3900847591989225,0.6878306767888305,Y,31.613264322650153,191,0.10290607204907556,1.998448243655083,3.3834558211163697,3.3483711762453545,-1.0369470365786837,0.33170600823437946,0.324706531605236,-2.110144662859925,0.18710763993532198,0.17717939405243355,-5.3061680892989465,0.2917392369979759,0.2843353265534464,-2.5378521314844082
FRA,2005,EU-SILC,9073,3.813434164141008,0.5664073762491004,Y,247.80850555716177,42,0.2861672017890328,1.9950643399654582,48.04400173666764,47.794639656675145,-0.519028538378763,0.3064444019973711,0.30283244533009634,-1.1786662258251202,0.15777862698497103,0.15333305915021,-2.81759825124126,0.4215410275157434,0.41856228324522426,-0.7066321131477316
YEM,1998,HBS,13440,1.7308373832657082,0.6184826437661516,Y,36.09972741806343,81,0.23965075888642287,1.9939292914035363,6.264340845441676,6.225947589124377,-0.6128858129620385,0.34997786463574565,0.3459766508792551,-1.1432762356713533,0.2048661892436514,0.1995068653493146,-2.6160119022680006,0.32986913059399237,0.3257847832577718,-1.2381720377611205
BDI,2020,EICVMB,8357,0.793710659170746,0.7251272343006994,Y,19.47423601689023,92,0.1712878764861425,1.9905147962996041,2.3413237458498104,2.328076355594625,-0.5658077093638747,0.3745650820417903,0.37101076198711713,-0.9489192199385488,0.23236472707103484,0.22719768775589788,-2.2236762783524266,0.34680590322454674,0.3431096622567602,-1.0657952858989628
HND,2011,EPHPM,6502,2.039420971555293,1.0277529817940263,Y,167.78441594704785,7,0.10259771773494827,1.982595868796895,10.750240336977114,10.709249497647052,-0.3813016085702503,0.5254333615913775,0.5236179500622951,-0.34550747283806915,0.523514614134122,0.5198705079713868,-0.6960848970305245,0.6837001234082312,0.6824903244288116,-0.17694877300719059
BLR,2016,HHS,5968,2.7281321154462033,0.4301057539861163,Y,55.614801363627265,34,0.4592942312332917,1.9810306064348848,16.28043139845368,16.213346643965664,-0.4120575975301688,0.25306616173681407,0.2499854163433084,-1.2173675739033052,0.10539449823847802,0.10224892100352845,-2.9845744204142544,0.18635827369554747,0.18315266294653565,-1.7201333138816333
URY,2010,ECH,40341,3.0685853428605268,0.815917450685344,Y,248.72246959444308,117,0.12526708743179302,1.9801727889578051,24.385654079115888,24.21434338608124,-0.702506040965134,0.44466637470459125,0.4407407894715316,-0.8828158494483707,0.33875399048476185,0.3321481410239131,-1.9500432899390185,0.47238417951705847,0.46866024435554254,-0.7883276627348335
FIN,2015,EU-SILC,10120,3.9831659867959144,0.47818463557788515,Y,225.3646807671226,67,0.33875489725660884,1.9732931045478963,54.657743542017805,54.342619950387046,-0.5765397018054896,0.26763327726566666,0.2633941347278459,-1.583937013039216,0.12134412588445764,0.11653723185308129,-3.961373487459474,0.3264390577742966,0.3226157291193791,-1.1712227945348985
NGA,2003,LSS,18812,0.8761855141151835,0.7443876643014951,Y,22.406442004903244,52,0.1648162031445923,1.9703405220036767,2.9166593128906224,2.8961206395322208,-0.7041848620312874,0.40063579320049914,0.39639023810372165,-1.0597043920768212,0.2780382496224145,0.271567904986314,-2.3271419111893676,0.42676174312727877,0.42271562190629075,-0.9480983912330876
ITA,2010,EU-SILC,16726,3.8722041702679055,0.5926066991953615,Y,284.2983650514184,67,0.20725310750634557,1.9700211547673758,49.481361879215065,49.09578577868632,-0.7792350207941778,0.33571136263163814,0.3305018455530163,-1.551784556168867,0.21182038534489767,0.20489160208096635,-3.271065366371362,0.5844495897410229,0.5812056008080513,-0.5550502541047386
SVN,2006,EU-SILC,9472,3.4791520342873277,0.41797149122036714,Y,113.64351732180387,52,0.49230589040573436,1.9675104925556302,34.5249279169656,34.40512006749154,-0.3470183913553915,0.24634863202619184,0.24373290439089257,-1.061799131493113,0.10516325305490648,0.1025813597125711,-2.4551288281158046,0.26639153265849824,0.2639635040420957,-0.911451123153828
MKD,2000,HBS,1025,2.1983122339820547,0.5326506083588259,N,44.534495072812646,9,0.24985956817916893,1.9657262472911365,7.5876725793728514,7.54979340500131,-0.4992199383314966,0.3426387210687445,0.3393470299105408,-0.960688607503668,0.20401013554192904,0.19962656864407657,-2.148700546768445,0.34247278417426286,0.3392103396644993,-0.952614239881755
SVN,2020,EU-SILC,5285,3.7349372904145812,0.46193926034177446,Y,167.46176749329723,30,0.3106164944657978,1.9618446854286973,43.449783206576924,43.11752981566655,-0.7646836563734105,0.2438423245589153,0.23802680555013123,-2.384950610729175,0.1010619112759823,0.09470690456249775,-6.288231276499556,0.1821035116313544,0.17596949627596514,-3.3684223332314467
CIV,1986,EPAM,1599,1.8127128369597587,0.6786206691966432,N,46.926138511779925,14,0.25264685749692894,1.9605473464822345,7.443239925895175,7.4158690973304005,-0.367727345044333,0.3796976142515309,0.3774129553240414,-0.6017048413625381,0.23675150748612972,0.23355778761236,-1.3489755176983698,0.3549400774627425,0.35258705810062796,-0.6629342560960927
MDA,2014,HBS,4884,2.3247975848922855,0.4444823301508728,Y,38.79318455282495,35,0.43739615331327664,1.959176376597296,11.427106732187658,11.372909453543855,-0.4742869731945487,0.26833852607429975,0.26486147291565243,-1.2957711326492705,0.11557452825435499,0.11190253252261106,-3.1771669650795697,0.1973210268118798,0.19366309927357828,-1.8537951060780156
TJK,2009,TLSS,1503,1.654346546477229,0.549949517001189,N,27.226617993393848,11,0.284120274184389,1.9515100104050944,5.566657228079455,5.535379696722512,-0.5618727734693629,0.3077495451163963,0.30384896774507564,-1.2674518722181616,0.15651187647266096,0.15180351034021067,-3.008312364891197,0.26073394580906073,0.2566423977558916,-1.5692425627484075
HND,1994,EPHPM,2070,1.7705726838780254,1.1686331002652233,Y,195.6783000833358,5,0.046521176743052416,1.9411334155666313,7.349738901364794,7.298102511423072,-0.7025608750826917,0.5496774638369022,0.5464942931135444,-0.579097913372395,0.5621507444938405,0.555307587588074,-1.2173170582435278,0.6870452598745594,0.6848316205882741,-0.3221970102362026
GEO,2000,HIS,10455,1.3845081441144935,0.7944934524284302,Y,43.292893597960685,23,0.1366459261130001,1.933507011744127,4.787829089445276,4.754414053688575,-0.6979162190723254,0.40478113356124346,0.40060220392603507,-1.0323923939938529,0.3014243984200864,0.29494048057365085,-2.151092572605584,0.5156466450955757,0.5122526127383324,-0.6582089478375575
PAN,2011,EH,6953,2.9102895175968557,1.0497292799799942,Y,428.15160816209476,13,0.08608552784452664,1.9298977442644463,25.57130957420526,25.446386019414962,-0.48853014128111827,0.5130578110608208,0.5106691878216603,-0.46556609950479944,0.48301290277187503,0.47833775681641244,-0.967913264559439,0.6171062800853053,0.6152281079599267,-0.304351484661447
PRT,2015,EU-SILC,7955,3.238788698317825,0.6438857003391442,Y,175.99327768467322,27,0.2483142819003891,1.9286597646631942,28.75450193182061,28.63694186620794,-0.40884055613765735,0.35562172796634317,0.35298307179189736,-0.7419839584986043,0.22899133975731045,0.22545038303300613,-1.5463277904121164,0.4196846501451882,0.41732870722139115,-0.5613602791958217
SLV,2003,EHPM,15442,1.9783820126950746,0.9323628948694926,Y,118.56611023665121,29,0.11751945238608846,1.919890068715837,9.549610930826349,9.50560714243001,-0.46079142611238355,0.5021424816036089,0.4998404540833631,-0.4584411007995559,0.524621552960328,0.5202910118100226,-0.8254600151040403,0.7880515649053537,0.7870712599658898,-0.12439603994461867
DJI,2017,EDAM,4473,1.3608044123327054,0.8614628011515892,Y,51.6863030866052,19,0.14024701244797272,1.918113310884306,5.44380242347626,5.411872620497088,-0.5865349345059889,0.41587991592716544,0.4124372457239779,-0.8278039095762635,0.30543067907602106,0.299990752207866,-1.7810676008748638,0.46470902595325636,0.4615610645144609,-0.6774048410912781
ECU,2011,ENEMDU,16604,2.348732811177515,0.8903088032561928,Y,151.35971478392133,32,0.09642397748941961,1.9164532648031394,13.89828728968544,13.777880166481841,-0.8663450444930554,0.45788597661331054,0.45315143181053374,-1.0340008309044912,0.38035889063976835,0.37210930362429195,-2.1688955401043764,0.5947436579982723,0.5912066444568568,-0.5947122754230039
GHA,2005,GLSS-V,8683,1.082542153615304,0.8754557807962642,Y,40.8092795705493,19,0.11240432034528461,1.9159516207702703,3.4013897914330706,3.3820922019344772,-0.5673442528462136,0.4276553588655281,0.4243924857429411,-0.7629679027623237,0.31901423690729447,0.31365929595679587,-1.6785899596245102,0.46669041303446857,0.46365363479588473,-0.6507050828060468
THA,2016,SES,29891,2.649071283494165,0.7125362881266555,Y,119.90264812153833,95,0.15885254274907906,1.9116238076629473,16.005253034041246,15.88976121193036,-0.7215869806322273,0.3689062793032891,0.36432316036999124,-1.2423531911556207,0.22220351560006657,0.21553607008718867,-3.0006030709605502,0.33206440825231043,0.32723366373295526,-1.4547613051274833
KAZ,2004,HBS,47222,1.8709896464805924,0.5644170967398561,Y,35.3126387004804,133,0.21643751960190502,1.905464028191799,6.7158328902384445,6.664294909630779,-0.7674101105549669,0.31838758527811106,0.3131233719762122,-1.6533977910289988,0.16669188375285726,0.15991422698247226,-4.065978869393405,0.2710726945254994,0.26550250735562175,-2.0548684107147053
PAN,2010,EH,7192,2.923886284160474,1.0012038713579088,Y,375.21451343021545,14,0.05780588487715596,1.8892672986087216,23.09544244899071,22.87600387700878,-0.950137987036137,0.5158138199348941,0.5111721301745318,-0.8998769674197882,0.49228837475204035,0.48309011612781694,-1.8684695995221268,0.6261742384571127,0.6225903549009142,-0.572346055792583
LUX,2017,EU-SILC,3948,4.309745094328731,0.5872915682192789,Y,433.38210523330054,12,0.2508961655319096,1.8886540187617662,79.74645161992585,79.32765614071803,-0.5251587634316435,0.31723083179594047,0.3136366049133925,-1.1330004912195824,0.17835870461448167,0.17389336624244045,-2.5035718787557615,0.5060407078348539,0.5034632707748036,-0.509333937002443
SUR,2022,SSLC,2540,2.8503691250633154,0.7599357436318991,Y,169.04692784932053,14,0.15452274315893028,1.8872757133480098,16.84508427665435,16.788387042346717,-0.3365802947404184,0.39179896753877774,0.389747652935321,-0.5235630446764117,0.2665313170254082,0.26343476970439994,-1.161794927352977,0.40927334222566203,0.40728652041388114,-0.48545106822164286
ECU,2019,ENEMDU,15689,2.698455880885034,0.8495956710313377,Y,190.0415806947423,39,0.08784762084886115,1.8786721700028228,15.386858442987497,15.264736822845261,-0.7936748140936589,0.45688049116435503,0.4525380737928,-0.9504492871841519,0.37179642511171407,0.36421357332109006,-2.0395171331584416,0.5376978879561811,0.5340039569679583,-0.6869900497961101
KAZ,2013,HBS,47535,2.499108217952386,0.46334434199772323,Y,48.868902033599106,284,0.3283475327307733,1.8778506306742913,12.570521165550826,12.494925388664424,-0.6013734505580404,0.27065428034511785,0.2662485968247522,-1.627790077713842,0.11847044958981945,0.1134218027386158,-4.261524176436904,0.19960976995414914,0.19488925747985097,-2.3648704546788912
MNE,2008,HBS,1192,2.9128051413645135,0.5179880354007725,N,87.07495048174736,7,0.3169599640636788,1.877828523990419,19.49541240224873,19.405314719045144,-0.4621481266700034,0.3048799358201837,0.30165957390754794,-1.056272169558281,0.1543919411166601,0.15056435577699556,-2.4791354470842353,0.26265834482637507,0.25931424151319027,-1.2731761160664212
NRU,2012,HIES,460,1.8990186697027491,0.5890150395306294,N,39.09770573027274,3,0.298217985202704,1.8775510365002308,6.96866079547167,6.954417022765408,-0.20439756108545648,0.3236157914126474,0.32223570947344804,-0.42645692077479813,0.1702375181020508,0.16853198245931766,-1.0018565012858804,0.27274778739356587,0.27128840802298837,-0.5350655213461564
LTU,2012,EU-SILC,5306,2.9624982747558946,0.5130279887026987,Y,90.15967282189715,33,0.3440328253166569,1.8773693013905346,21.13289154264746,21.046327994035067,-0.40961525987914804,0.32295114989615137,0.32017290783461694,-0.8602669668238749,0.18456547471875995,0.18122912271613423,-1.80767936566123,0.35489576731951555,0.3523044101064807,-0.730174167082076
SWE,2013,EU-SILC,6147,3.9101291997598735,0.4407460795060078,Y,187.23554783138243,29,0.34154226020566353,1.8752697205109548,50.83080861137836,50.51708237077006,-0.6171970290830053,0.27508363325945373,0.27058849414979635,-1.6340990761226637,0.14406851001647514,0.13892905098413033,-3.5673715454939248,0.5937804383302667,0.5912918602855416,-0.41910744849108506
GEO,1999,HIS,11272,1.4684145223141647,0.754997493844218,Y,41.8213512196023,42,0.149431660751797,1.8723015945605204,4.969885611337837,4.939328703465218,-0.6148412712539852,0.40149766515164864,0.3977994787530972,-0.9210978592253172,0.2956755429088005,0.2900299567034559,-1.9093855886098687,0.5223068382451506,0.5193624435425661,-0.5637289208154095
CRI,1992,EHPM,4243,2.16055252737117,0.8737367709108698,Y,119.31449714305244,17,0.12474870802048818,1.8700840661377605,10.154863914796296,10.113802716454817,-0.4043500600894312,0.44642593979932854,0.444180346831929,-0.5030157898998855,0.36721700704564464,0.3634231455195063,-1.0331388397996522,0.5642040161589371,0.5624380760120679,-0.3129967345662732
KIR,2019,HIES,2182,1.8028290996567762,0.5157838787542185,Y,28.507885577094378,15,0.2736248902201269,1.8683525432611154,6.248530063321469,6.20979016358137,-0.6199842098464137,0.27832703156260674,0.27383760872351925,-1.6130028096382198,0.12584185598875997,0.1206907624866751,-4.093307001563106,0.21163831487178508,0.2068379341210066,-2.2682002328768602
CAF,2021,EHCVM,6410,0.6465987853804485,0.8128299927961675,Y,21.86940796699908,29,0.1270237800397571,1.8662934201460968,2.2406651998896736,2.226627161368627,-0.6265120965746163,0.430464248782386,0.4268758471134648,-0.8336120082147014,0.3144016886098554,0.30848654780657786,-1.8813960031295207,0.4453317891745602,0.4418432449153342,-0.7833584630668522
SRB,2018,HBS,6294,2.701952130725904,0.5103400165930809,Y,68.921776011709,39,0.3319487038621636,1.8662916513370138,16.323615284929712,16.247753957820343,-0.4647336131439306,0.30351057501096523,0.30026719634896926,-1.068621303188133,0.15134621640321821,0.14757236687095343,-2.4935208966245015,0.2549733991795089,0.2515912717806785,-1.3264628426784442
BEL,2013,EU-SILC,5811,3.9584924507702675,0.4725241272319715,Y,216.16993456453383,27,0.2636975054380319,1.86576208996693,54.542240604638046,54.09464688137187,-0.8206368464226843,0.27440238370840053,0.2684077810556287,-2.1846029803961664,0.13550811062736878,0.12851608674695125,-5.15985637173022,0.49213980237387633,0.48799431718028297,-0.8423389397885117
URY,2021,ECH-S2,9230,3.236120683042861,0.7580831755903807,Y,247.24264177918315,32,0.13657363411539342,1.8631072925929029,27.031703803891737,26.865742419970054,-0.6139508819928308,0.4075273853458645,0.4038704133210542,-0.8973561425096976,0.2835596312244659,0.2778404112500601,-2.0169373015859526,0.41977861388704263,0.41620621027275595,-0.8510208705505784
LUX,2007,EU-SILC,3827,4.252322008356287,0.6059862185667565,Y,432.8021365329837,13,0.23910451200795452,1.8605847016081227,79.43602796908206,78.99290282164138,-0.5578390042527692,0.309481202698482,0.3056112684159432,-1.2504585896640497,0.16024756801921303,0.15525794548705463,-3.113696260001997,0.2705349150792151,0.26648438845145106,-1.4972287871153456
PRT,2016,EU-SILC,9370,3.281548328444691,0.6384987925090623,Y,180.73731991643177,40,0.2568851624445915,1.860475023177613,30.269052107772477,30.17019131142008,-0.32660684583185606,0.35523302346297236,0.3531230655579254,-0.5939644587313886,0.22570766165728218,0.22284454627098738,-1.2685060689885619,0.41714510058055765,0.41525400307542915,-0.4533428542002782
DJI,2002,EDAM,10355,1.3899013201996127,0.8170870999036685,Y,46.579597338807446,53,0.12839171558639303,1.8595216240740582,4.727461730397072,4.699357901387041,-0.5944803070393245,0.39997838974456557,0.39639381117073347,-0.8961930608604285,0.27339413115026767,0.267869056247136,-2.0209193518111457,0.41054847440837705,0.4070353531226567,-0.8557141250574496
GIN,2007,ELEP,7548,1.0515770721727984,0.6694999374661036,Y,21.329196985149853,36,0.16983833902422446,1.8586965393116108,3.0221711102869553,3.0022232743347597,-0.6600498523825049,0.39355346887522713,0.38952767930846544,-1.022933320411934,0.25944492646458817,0.25336779121539166,-2.3423604122881136,0.3892251818037492,0.38518801686329696,-1.0372311785540655
SEN,2011,ESPS-II,5951,1.0099967592808587,0.7297482371675966,Y,24.513928612018596,32,0.1681215056798283,1.858297711768375,3.3641634950692163,3.342860507704002,-0.6332328198804138,0.4028522509073541,0.3990525413924698,-0.9432017585420227,0.27703015903023265,0.2713106374160347,-2.064584460486052,0.42510122970997766,0.4214597506765484,-0.8566145611749065
TGO,2011,QUIBB,5491,0.6834199315640745,0.8781578253234197,Y,27.60214280396694,12,0.1302805039265355,1.8559861595803024,2.662231811334619,2.6487813681198342,-0.5052318568773195,0.4602058199274307,0.4574680781719782,-0.5948950745308323,0.36251645392621457,0.35782320243090415,-1.294631304174032,0.491362941288253,0.4887875514853136,-0.5241318761620928
KAZ,2010,HBS,47727,2.2607616762864304,0.49671454588282676,Y,42.559594358381865,259,0.30428161651718105,1.8553692236111037,9.928318528666146,9.873612583960037,-0.5510091618047497,0.27954511753037825,0.2755590188497373,-1.4259231983215548,0.12713976693254114,0.12245491960869526,-3.6848009374845003,0.21375436117166957,0.20948943748396487,-1.9952452264959786
TJK,2003,TLSS,4112,1.0358420080244573,0.5976474861574433,Y,16.92487556275369,24,0.27566058330697146,1.8534382058882808,3.1423593728016894,3.130772894320137,-0.3687190771952342,0.32722692925046126,0.3247435827832835,-0.7589065095791603,0.17679596138301756,0.17368921223117784,-1.7572511993693918,0.2926750830249003,0.29010491478532685,-0.8781643496979186
SVK,2015,EU-SILC,5615,3.150796129056678,0.3857614604746747,Y,74.29773825006963,25,0.4075546577432219,1.8487569076488695,22.60419035337308,22.489097715633022,-0.5091650527659142,0.2598614089619016,0.2560811069834221,-1.454737736388434,0.13673273912724104,0.13270640914813114,-2.944671484539685,0.4054256529756831,0.40247058112402145,-0.7288813201563493
UKR,2002,HLCS,9418,1.8740162818692119,0.48464951797894784,Y,27.881540410148222,52,0.34920034311850673,1.8485148292710958,6.815588649339707,6.786963917233508,-0.4199891392942634,0.29045695510270475,0.28747033997890625,-1.0282470677083433,0.13929570090539833,0.1358744800667231,-2.4560850165783243,0.23984069828593269,0.23672452329772942,-1.29926864392641
UKR,1993,HS,9279,1.9394827534738306,0.5086058467676879,Y,31.986063546912103,45,0.29438752102768007,1.8462845327155628,7.21283402896097,7.173827569463913,-0.5407924172445733,0.2892698360536293,0.2854120959841625,-1.3336129760697202,0.13915314975216853,0.13460631818229496,-3.267501725955513,0.24101837663050418,0.23697954113857145,-1.6757375717140865
CRI,1990,EHPM,3981,2.1978136685516385,0.878878460629694,Y,125.76927159027034,12,0.1307797145922282,1.8450994845475526,10.469578066556538,10.44088463004668,-0.2740648794769984,0.4395722641844053,0.43803361426113163,-0.35003344128832214,0.3599140943546628,0.35735780033164266,-0.710251158016939,0.572005713507006,0.5708319552159996,-0.2052004487525183
LUX,2018,EU-SILC,3807,4.284283803241053,0.6055280807388737,Y,446.2449629207851,11,0.20223820958973054,1.8406439549203402,79.97907038332737,79.40941828251052,-0.712251465397884,0.34448311135659493,0.33978460488907813,-1.3639294097797072,0.2141150455466141,0.2076472469220647,-3.020711883201732,0.4286004367532903,0.42452830652545726,-0.9500994116291683
UKR,2004,HLCS,10059,2.0815645497167474,0.5006157177134933,Y,35.996139725423355,45,0.2999677772670417,1.8388047777643324,8.54266269238219,8.493556622882666,-0.5748332957511537,0.28934016431464404,0.2852391709717599,-1.417360549510338,0.1386553172047642,0.13387034760049232,-3.450981686627641,0.23747025999917748,0.23316549781648566,-1.8127584408703323
BRA,1981,PNAD,29306,1.862580115880867,1.1305743191616624,Y,191.38805593070842,124,0.05931241117051916,1.8328208920540632,8.560305873068721,8.516927669268272,-0.5067366101592197,0.5735125285289306,0.5713416813238986,-0.37851783475424394,0.6071602780999918,0.6022472072237022,-0.8091884554214168,0.9582605882651773,0.9580480124141604,-0.02218351183593814
SVK,2012,EU-SILC,5270,3.193088052863706,0.39825872674511764,Y,80.46837363251902,32,0.43957977156480815,1.8299694813474885,24.581226030598632,24.48511978909338,-0.3909741580245929,0.26538378352272696,0.2625093612593792,-1.0831190305573446,0.13183161506559982,0.1288826713768434,-2.2369017380914458,0.3317699276748496,0.32925864191080656,-0.7569359229279482
URY,2011,ECH,39677,3.126709220273094,0.7752765787985626,Y,233.34987965512565,126,0.14460650129204186,1.8281634416170292,26.235046069969318,26.092865645565222,-0.5419484456970158,0.4216736460278201,0.41852602246858406,-0.7464596350487573,0.30550624692107897,0.3005174244903541,-1.632969041059773,0.4474318377419927,0.4444329096674613,-0.6702536166549478
SRB,2015,HBS,6529,2.6418861461755196,0.5029704595771816,Y,63.48461067215018,36,0.3542126014253709,1.8271026067926044,15.033198574341197,14.983397102271692,-0.3312766196976069,0.28515736083487,0.2827871599218641,-0.8311905069069647,0.13509036353944914,0.13242360689397836,-1.9740539410807334,0.23448728800634866,0.23202022999965366,-1.0521073562965166
NOR,2013,EU-SILC,6008,4.2176622624243,0.4344937531475671,Y,249.92066359238382,25,0.333292016184842,1.8240287385913734,67.99834400664983,67.59100028875189,-0.5990494678195568,0.25704606481486536,0.25257585557735074,-1.7390693145737268,0.11921451340597855,0.11427043917985724,-4.147208326292063,0.6610448825967132,0.6590267101259062,-0.3053003697539025
DOM,2014,ENFT,7031,2.261923263195463,0.7904841051554179,Y,102.86069310541059,19,0.18851391594908085,1.8170906884722247,13.291168955489498,13.243563082555566,-0.35817671939434303,0.4427108815417552,0.4407100796955581,-0.45194322742401205,0.3374426312232526,0.3342102660438817,-0.9579006563733006,0.48814795154056234,0.4863177991664013,-0.37491755693846995
NOR,2011,EU-SILC,4606,4.142757998116325,0.42425495802061647,Y,224.87009326022687,16,0.24732809490217744,1.815909985646758,63.34323692825732,62.74914768131048,-0.9378889929791634,0.2570785628419251,0.25005505078784274,-2.7320489022653494,0.12084604378963881,0.1128835883546957,-6.588925202055984,0.6053880601679191,0.6016947040582171,-0.6100807651669871
UKR,2020,HLCS,7835,2.6342582511298627,0.46131334144102476,Y,55.60083813163691,39,0.3465744425085346,1.8137966923917086,14.31595694460897,14.248992885848224,-0.4677581737626224,0.2562736133539969,0.25278762914366626,-1.360258734681108,0.10752461960873916,0.10378936242105752,-3.4738622664032714,0.18635108126591216,0.18266135794526406,-1.9799849271510683
SVN,2009,EU-SILC,9122,3.6073035089411407,0.3922965930981148,Y,119.60483752541725,66,0.4643117157522928,1.8099714261072746,38.72907412617043,38.58342822412786,-0.37606347512489924,0.23718018926397277,0.2343090031613957,-1.2105505571468944,0.09511071756356726,0.09232812055965,-2.9256397966480496,0.1773069993133708,0.17438243591883507,-1.6494348253939362
HND,2003,EPHPM,29116,1.729488416258529,1.229513258851021,Y,225.4341712477784,35,0.0414199416308982,1.805797955437282,8.384172329876025,8.326145819509716,-0.6920958692551937,0.5787323836904787,0.5757978198771341,-0.50706749717917,0.647828479187635,0.6410563637057323,-1.0453562477516942,0.7381912249524643,0.736366950448661,-0.2471276333474104
SRB,2015,EU-SILC,2918,2.449558733186222,0.7694511267688509,Y,116.5024279420375,7,0.10607443233175816,1.8004847433494566,13.36093087008336,13.243948637290272,-0.8755545098659612,0.39366326972025356,0.38831013794125,-1.359825056274011,0.31742952331694463,0.30908543405891864,-2.6286430987374265,0.8734643640452091,0.8723472178227224,-0.12789831714632438
GMB,1998,HPS,1860,0.5160995785165938,0.9239049528726422,N,26.784260953161773,7,0.07125082626940243,1.7973712181447097,1.929665247498885,1.9140660069730795,-0.80839101735517,0.4851946463061735,0.481001507798992,-0.8642178018871793,0.421633606889855,0.41385593464830783,-1.8446518765234399,0.5786145116331993,0.5751832644398482,-0.5930109121643046
TLS,2007,TLSLS,4476,0.9701059650935462,0.5326847615078373,Y,13.041808683688997,24,0.26383914585764534,1.7953936046694372,2.7968319307491036,2.7810271857665145,-0.5650945560520704,0.2782331595155665,0.2741390707790906,-1.4714596720261985,0.12494022867233667,0.12015918464884057,-3.826665017585873,0.20791115526102255,0.2035035804275429,-2.119931866063729
FSM,2005,HIES,1380,2.0240926986272347,0.8459743369281318,N,95.77634266236775,7,0.11268814491686797,1.7940586618428405,7.982559590663588,7.947276372705965,-0.4420038154038908,0.4235579821190185,0.4210005960236086,-0.6037865424269762,0.3033070226348098,0.29914091617402927,-1.3735608310647796,0.43248105241625456,0.42996688440498876,-0.5813359908415028
TON,2009,HIES,1982,2.2738639321514142,0.6833947308466793,N,75.49361813669196,16,0.17500134062783446,1.7807974372373372,10.596419322308705,10.539833402405778,-0.5340098214478561,0.37496487870314854,0.3716124743422433,-0.894058230866801,0.23432664944984438,0.22947610339128044,-2.069993349007515,0.35934276438440815,0.35592480814350047,-0.9511687947197145
ALB,2002,LSMS,3599,2.026153317840375,0.5659148504252828,Y,41.425551196581026,16,0.22631028393083982,1.7788910428906675,8.108228792920997,8.057742519719541,-0.6226547682711359,0.3173897985728147,0.31311932499905015,-1.3454980572681574,0.16481159991969063,0.15941154244230105,-3.276503280121623,0.2673525580197763,0.2628284009897497,-1.6922063748093907
GRC,2012,EU-SILC,4712,3.3284808076942576,0.5963100314000959,Y,166.9026823092995,16,0.23572060877151485,1.777440107732908,29.928358691226972,29.78982405905841,-0.46288750277899693,0.3446319887415181,0.34158822950905277,-0.8831911522723557,0.22362310362404747,0.21957537246684788,-1.8100684104646825,0.5296220113223982,0.527452687749755,-0.409598454419724
NER,1994,EPCES,4401,0.41907933245647283,0.8046866022923925,Y,16.998738566519123,28,0.08999657563564763,1.7690182848865086,1.3391924444837133,1.3308001678821013,-0.6266669615842546,0.4152596479397881,0.4115735238919136,-0.8876672862779489,0.2905233373185654,0.2845019015886089,-2.0726168801213585,0.4132281009460421,0.40953271259127155,-0.8942732467395964
DOM,2022,ECNFT-Q03,5609,2.5433366858998787,0.6849786161187789,Y,99.3126082466401,13,0.19623775950028852,1.7686985596712193,14.374558403256373,14.315204633143384,-0.4129084765452151,0.36973148156620517,0.3671219196439458,-0.7057992225073972,0.23052843911726928,0.226852331029463,-1.5946440716306798,0.3623982384963228,0.3597766990835043,-0.7233863563178233
ECU,2018,ENEMDU,15260,2.6719295852474287,0.8396691344963477,Y,179.63679175111108,40,0.09314870823577573,1.7620106888603693,15.674431884208786,15.565576070023242,-0.6944801252746546,0.45384360741033003,0.4500270987925764,-0.8409303459248729,0.3656327323745998,0.35905133461769934,-1.8000023450191693,0.523103474786032,0.5197740402816862,-0.6364772296165166
AUT,2008,EU-SILC,5673,4.034825364908188,0.5273689557650479,Y,275.0443155678974,21,0.2413679139983555,1.7607783820436425,59.343989346956164,58.96294193854997,-0.6420994149523573,0.3055729223187573,0.30109166065694903,-1.4665113740456648,0.1734003754660618,0.16786742230373486,-3.1908541993958095,0.7097554493152196,0.7078918700817978,-0.26256638610099303
BGR,2007,MTHS,4300,2.5400361254659023,0.48645962001707055,Y,54.566218665702955,25,0.3275466751157124,1.756492032191792,13.376852156589257,13.320618649276572,-0.4203792241583959,0.28136341385776564,0.2783379154961092,-1.0752991372168563,0.13822514230967542,0.13486191088575694,-2.433154611180355,0.2585422781140979,0.25550861435511785,-1.173372409769391
GRC,2015,EU-SILC,7892,3.2024505793040206,0.667397746779395,Y,182.11599507510064,21,0.10960665812157268,1.753858692002415,24.64170153821285,24.409132170034276,-0.9438040137687675,0.3565162889464767,0.35038847335088164,-1.7188038206341294,0.24602875445562367,0.2371337236613913,-3.6154435744366498,0.5855355655849352,0.5815950794916571,-0.6729712633837481
BEL,2004,EU-SILC,5119,3.8495902571303233,0.49840065009826723,Y,209.51434455025057,29,0.2720793349357247,1.7488028355107381,49.046966808793606,48.759277297756675,-0.5865592303770151,0.2810203725484768,0.2767848549472164,-1.5071923657526853,0.1444692599128481,0.13951650644481495,-3.4282403543985263,0.6938060765309106,0.6920147474680579,-0.2581887249834325
SVN,2012,EU-SILC,8995,3.605656722987071,0.4239450049944013,Y,131.30091341283523,49,0.3821423418428476,1.7480945379700017,38.70411698903428,38.5292888193563,-0.45170432315382314,0.2486803368094267,0.24527907566423024,-1.3677241992007483,0.1054240953519785,0.10191780021534047,-3.325895398894907,0.19490168575584477,0.1914049203550655,-1.7941175763660056
GEO,2008,HIS,19676,1.6341236398360883,0.7325004289820808,Y,46.137447330669495,50,0.13668117954477024,1.7470217320328092,6.1720233491773095,6.127257967184449,-0.7252950849388373,0.38534853336002606,0.38086256228525106,-1.1641334237501355,0.2583187808498455,0.2516595232362506,-2.5779223607693247,0.4187045722292515,0.4144779485360618,-1.0094524811817718
CRI,1997,EHPM,4689,2.3492204488855646,0.8500789568507603,Y,134.21692300254512,18,0.12071271652204157,1.7465682593226464,12.595751189898479,12.537774691381127,-0.46028615239596116,0.4489551423313678,0.44640944552234374,-0.5670269853252141,0.36428344777789023,0.3599895787240288,-1.1787164857623322,0.543210446454421,0.5411031421443693,-0.38793515916459853
FSM,2013,HIES,1648,1.7305431229015276,0.7444811186353788,N,52.66686334800441,7,0.10393949769229026,1.7429396415025329,5.551211273422065,5.509198684768235,-0.756818405650983,0.400576313032734,0.39600693041942225,-1.1407021495398184,0.2913025094905004,0.28406418356598007,-2.4848141326281215,0.4793389106501609,0.4753747306127921,-0.8270098565526185
AUT,2012,EU-SILC,6198,4.114087361788955,0.5274074780093415,Y,297.7665516624417,27,0.22730590826690492,1.7381414937666066,61.91393764775874,61.51462677184961,-0.6449450496605391,0.30796574456101367,0.30347781200065826,-1.457283038655055,0.18323041507301463,0.17750734704959958,-3.1234268727353354,0.9278629368434539,0.9273952414178237,-0.05040565875185088
BRA,2021,PNADC-E5,37869,2.463245626363304,1.1228843831247484,Y,341.005557818117,91,0.06721457838406118,1.7367858508789558,19.214118845749034,19.10961619621866,-0.5438846838063283,0.5284869184340151,0.52590994738139,-0.4876130255524691,0.5158731539665427,0.5106304011432425,-1.0162871983138921,0.6461470969021477,0.6442131660683005,-0.2993019458137458
POL,2018,EU-SILC,13360,3.3208209726180566,0.5152268432497377,Y,129.86578607845976,66,0.31577943782972767,1.7331296423685347,30.11530271063661,30.00345492168128,-0.37139852130998463,0.29637901125932786,0.2937617394292996,-0.8830827186133483,0.15436191363122687,0.15133684182017237,-1.9597268133650148,0.32355718222799135,0.32109723221802844,-0.7602829252696175
PRT,2018,EU-SILC,11289,3.3131211373654215,0.6226446447877285,Y,177.87037803484466,53,0.2561372568275093,1.7294083461742558,31.258412487444033,31.17341920001177,-0.2719053229795376,0.33803841154874215,0.3362376973600042,-0.5326951397292001,0.20063046756801617,0.19832683120064676,-1.1481986735581207,0.3837272777285785,0.3820719341643152,-0.4313854292720354
PSE,2009,PECS,3816,2.5542989155114633,0.627914229024875,Y,84.60908111074902,20,0.2131614435816262,1.7271693964079844,14.17301043849892,14.10857247835228,-0.4546525978108673,0.34463974635477823,0.34165084751460073,-0.8672530872572914,0.19476525818606838,0.19078026903009215,-2.046047222738867,0.30464695450406054,0.30150781330119125,-1.0304193613159707
BTN,2007,BLSS,9794,1.8695329756879504,0.6741803887025754,Y,49.01243991939814,49,0.1845194457601062,1.721063707220244,7.240447599694778,7.20627236630891,-0.4720044294956094,0.38090772200807654,0.37797577867147025,-0.7697253605544185,0.23959904768018303,0.2353830113920461,-1.7596214713526348,0.3608042629574727,0.35779773856908315,-0.8332840537263575
SVN,2013,EU-SILC,8846,3.5554615613471574,0.4381633959924608,Y,130.3146289758914,42,0.3515747676252427,1.718964410595825,37.10659581256394,36.926899990566014,-0.48426921969780823,0.2558550224044347,0.25224143297439483,-1.412358216024312,0.11269112261083603,0.10885818300674899,-3.4012791028123712,0.20988936622965648,0.20618721376320615,-1.7638589953144712
KAZ,2016,HBS,47429,2.339219621365407,0.4840380943633252,Y,44.315473475733775,198,0.28482167711555617,1.718649524687227,10.840452437794085,10.780363128273278,-0.5543062880965399,0.2722532512481328,0.2682019572913935,-1.4880608177005539,0.11998288305311977,0.11525804167381226,-3.937929527177386,0.20157168200648712,0.19721766694013176,-2.1600331073365897
BLR,2000,HHS,4651,1.419504104700054,0.5657591360237358,Y,22.573609726856382,15,0.28640208334591394,1.7181661241343715,4.645981234894956,4.6308068477274436,-0.3266131824541385,0.3116748364973413,0.3094253456719027,-0.7217428428675121,0.16527619672396243,0.1625873607910493,-1.6268742784563917,0.2872875863631985,0.28500569688663324,-0.7942875309900899
BGR,2001,IHS,2633,2.2588063546101664,0.5742387098989865,Y,53.59857512888712,11,0.24131921169057513,1.7168423572398623,10.72304588790425,10.668291753092856,-0.5106210994877736,0.32682161413576594,0.323370945732085,-1.055826253354053,0.18899245683180288,0.18454695721881142,-2.352210076271888,0.33050598438853707,0.327115368744883,-1.0258863088143388
KAZ,2011,HBS,46826,2.412547933887275,0.49798306482793225,Y,49.72446812589783,258,0.2821871488800945,1.715761364604319,11.784867107873254,11.722982970066663,-0.5251152791128755,0.2798384379074461,0.27604287820712115,-1.3563396539471473,0.12676654588959302,0.12236902680088768,-3.468990227544222,0.2132910036075023,0.2092355762712349,-1.9013588326163955
KAZ,2012,HBS,47089,2.4499615465101043,0.4933389239507366,Y,50.90587393452135,216,0.2852677414600722,1.714457180633879,11.992633266454467,11.932242741114173,-0.5035635126875548,0.2816882177510289,0.2780588545027173,-1.2884327492602043,0.12798027970667425,0.12375971546302011,-3.2978238939057603,0.21449769183677114,0.2106163816454728,-1.8094880919520273
BLR,2008,HHS,5323,2.461516160509526,0.4911146261510452,Y,51.15498975016362,18,0.25393318361497885,1.7136423271490946,12.466429878726025,12.38269935369032,-0.671647984629431,0.2782604458751936,0.2733866506591647,-1.751522822692142,0.12945242066872398,0.1237253095232469,-4.424105100462416,0.22559669409770067,0.22046514931346317,-2.2746542473779052
ITA,2007,EU-SILC,18024,3.850084859899079,0.5914196043669424,Y,277.0903629429767,71,0.20127338958221577,1.713005407442354,49.34927151435388,49.06162499048058,-0.5828789666928125,0.33442547229532305,0.3305280188044961,-1.165417653170031,0.20228084419466885,0.1971318129580002,-2.5454863297452834,0.4170569865007314,0.41367064878877413,-0.8119604326425445
CIV,1998,ENV,4177,1.3004388410485959,0.7447791523185809,Y,34.28734370903761,25,0.1516702812328651,1.711479241648986,3.912407119575273,3.8974507945057217,-0.38227936440252686,0.3895996270881773,0.3872600577795783,-0.6005060441368171,0.253794018888855,0.2503142328722183,-1.3711063924483513,0.38467290632049245,0.38232416123335,-0.6105824061301557
PAN,2012,EH,7103,2.9314448805490794,1.0609623443477976,Y,452.29377508709035,9,0.06319379673119392,1.7106780238213417,25.875304414317114,25.7184828769609,-0.6060664440702968,0.5170856292740381,0.5141434312872619,-0.5689962784127034,0.5015893481752616,0.49576932987629396,-1.1603153695628365,0.6445513683369449,0.6423854390264849,-0.3360367252106644
XKX,2013,HBS,2371,2.1610813314927793,0.48768689994658765,Y,37.492541930092415,17,0.24871177009841722,1.7094691390646357,8.773467608584692,8.716736252079329,-0.6466241061841127,0.2630659171109967,0.25828062770241456,-1.8190457590000375,0.11505732779346856,0.10968964100930734,-4.66522809724591,0.2007134685919839,0.1956417218055967,-2.5268592197453477
ITA,2022,EU-SILC,19044,3.979780652743039,0.6061013689625925,Y,329.667562265475,101,0.18275199186377458,1.7087790902032696,51.781048280822255,51.49869859168041,-0.545276116486848,0.34578974196891843,0.3422059598005198,-1.0364049980177703,0.22001491094630632,0.21503151955612987,-2.26502438800279,0.5712851666442889,0.5689452839575952,-0.40958225826831507
NOR,2018,EU-SILC,5960,4.262664395544533,0.45082473017714286,Y,274.5514255636901,25,0.2913783515900172,1.700441057644066,71.55344598501729,71.13670522940326,-0.5824188477257852,0.2698733022013593,0.26560369580164167,-1.5820780954953317,0.14331340289721872,0.1385214821316767,-3.3436654692922785,0.9381934786166688,0.9378321861535595,-0.03850937694025447
KAZ,2005,HBS,46851,1.8556486999417698,0.7016095030448586,Y,52.48236503512716,108,0.16675352272787128,1.6932453609780986,7.3447517764801304,7.307903300256499,-0.5016980470548993,0.39826039957590365,0.3952302003737522,-0.7608587761620766,0.2681671721867849,0.26365260256198364,-1.6834907822560474,0.40557934305789656,0.4026021207937862,-0.734066543345957
HND,1998,EPHPM,3252,1.879503868541195,1.171709761322741,Y,220.2213446286604,6,0.04663004822233786,1.6920957954372748,8.512905363217385,8.471548168693054,-0.4858176234758482,0.563654104080899,0.5615251152809764,-0.37771193086479915,0.617175304650498,0.6124482692959512,-0.7659145333470008,0.7423820771868936,0.7411247068802126,-0.16936970130604356
KAZ,2009,HBS,47581,2.2120764661696177,0.5082376043308168,Y,41.963042027066955,184,0.24565710429477222,1.686495110379291,9.335916614497485,9.281552031202589,-0.5823165045248491,0.282088667683847,0.27788825273303286,-1.489040657075169,0.12977457233321577,0.12472154847278771,-3.8936933249555605,0.2175514439338443,0.21304584457026954,-2.0710500845698254
COL,1992,ENH,2425,2.1314973119084435,1.0191171074053684,Y,179.26203787427883,7,0.0818713704747254,1.6768317459128859,10.64817373584996,10.616386065435863,-0.29852697000121164,0.5006647667443899,0.499170499278207,-0.2984566850788073,0.43763630476653126,0.4347845810769866,-0.6516195430966376,0.572716628539627,0.5714384650283859,-0.22317555446229598
TJK,2015,HSITAFIEN,2999,1.7397198219126968,0.6021672030296997,Y,34.68202117771793,13,0.23965160311268197,1.6763015780603105,6.518495277508998,6.492341658050608,-0.4012217290181752,0.339957180674344,0.33730321824144993,-0.7806755037883417,0.1934789557787222,0.19006089262745096,-1.7666330364013438,0.31828147020104713,0.3155786900387173,-0.8491792376799645
DJI,2012,EDAM,5846,1.362399820562472,0.9174606108847332,Y,61.23884149879908,22,0.1094652813178321,1.6758123875602515,5.80908946481944,5.778775294085979,-0.5218403145113792,0.4513425271543091,0.4484686304749421,-0.6367440483587394,0.3898006859803598,0.38496394039808846,-1.2408253130973268,0.6252925980834326,0.6233312773703629,-0.31366446989479213
LTU,2005,EU-SILC,3852,2.51463805119177,0.6275432958073112,Y,81.22864359629976,15,0.24073454705303196,1.675793667434293,14.175765168913523,14.133754001141389,-0.29635908377109166,0.36703968064169956,0.365161638601486,-0.5116727534554832,0.24397268461607213,0.2414392346503993,-1.0384154150943625,0.43760209599371336,0.43595098823990486,-0.377308008559496
CRI,2004,EHPM,8435,2.4214281372536437,0.9388712786533453,Y,188.3010427236599,16,0.09778415426038663,1.6733347151384874,17.165608577466646,17.062499072165927,-0.6006749183135374,0.48311966749204494,0.47999945109892705,-0.6458475204115466,0.4287776057560979,0.4231491938722698,-1.3126646094081984,0.6306990781131042,0.6284711395876242,-0.3532490537556221
GRC,2014,EU-SILC,5297,3.1825801204743263,0.6945293816897757,Y,193.6724375080021,17,0.16673552780876894,1.6730791986581008,24.669087837144225,24.579275220941344,-0.36406946538026785,0.36124838206911725,0.3589184221982903,-0.6449744791884426,0.24388852664292715,0.24063491555663852,-1.334056640988357,0.44762243992010775,0.44561728654765476,-0.44795640111583435
DOM,1996,ENFT,4409,2.2954498649269133,0.8720748797153689,Y,135.86673343055213,13,0.10085182441614671,1.6711177749661317,11.883874393865263,11.822304935954067,-0.5180924660646014,0.4720769266879231,0.46933118911515204,-0.5816292679320489,0.3966593892700052,0.39182521193366737,-1.2187225279690073,0.5888412681387194,0.5867043527041335,-0.362901778494662
SVN,2003,HBS,1139,3.203361815438532,0.5464559327627245,N,126.81503578594182,5,0.30017401009902456,1.664437418929818,27.232476362949768,27.159874614590787,-0.2665998765274069,0.3086602290960361,0.3068160992707656,-0.5974627280849631,0.15665204881422223,0.1544725760206509,-1.391282661202875,0.2643684979337281,0.2624515349630794,-0.7251102100407025
UKR,2019,HLCS,8091,2.661634496859222,0.45957107498341343,Y,56.84610600006224,51,0.32610997773304634,1.660008621051167,14.92134519941938,14.859030406351119,-0.41762181784177344,0.26619466324422736,0.2631243437555548,-1.1534113611645136,0.11615569082220789,0.11283547062160437,-2.858422327052035,0.20078659412711908,0.19755388986601596,-1.6100199692896222
UZB,1998,HBS,4690,0.7203955272683538,0.8361292966992525,Y,25.24892087958983,11,0.12284325297347003,1.6573408522429756,2.489655198537893,2.4794097216017197,-0.411521922481084,0.4374400932805994,0.4351177548214771,-0.5308929142058938,0.36524341965217366,0.361426699575237,-1.044979833058013,0.66159147483836,0.6601958846954261,-0.21094439635499507
PAN,2014,EH,6991,3.0018240629499817,1.0267857703592775,Y,437.9835593878615,11,0.07174670930461259,1.6569240846470907,26.936385799981046,26.804309127283705,-0.4903281148335603,0.5041996272970789,0.5017588496094216,-0.4840895461866612,0.4758996157410027,0.47122227371464787,-0.9828421523459197,0.6316314750002042,0.6298179745263959,-0.28711369613234616
SWE,2010,EU-SILC,7105,3.856972371960685,0.44633997945631,Y,180.54721280005364,19,0.22795053554051034,1.6558350506768387,48.38939732046959,47.999707057307155,-0.8053215884910148,0.27225596909590166,0.2663542016243263,-2.1677274849744244,0.14201461236418655,0.13507800546659654,-4.884431807483002,0.82485007422143,0.823434262147513,-0.17164477741646866
MNE,2005,HBS,1326,2.599155362328784,0.5260836362442608,N,65.19653159106494,6,0.3228486872427422,1.6553309281466162,14.561747913202224,14.531188942685796,-0.2098578460400402,0.302172763762214,0.3007092619128712,-0.4843261950949751,0.15066551166764963,0.14898874587740085,-1.1129061798479278,0.2576164069397572,0.25610273069792433,-0.5875698135122343
HUN,2009,EU-SILC,9214,3.005913810386349,0.4659868991020244,Y,81.76706283498324,47,0.3283427181652365,1.654675253150864,20.353841693747203,20.285527908851527,-0.3356309139255109,0.27513280899795756,0.2726966084990242,-0.885463463192937,0.12806687172082798,0.12535234188573074,-2.11961906980489,0.2289025086723846,0.22638514841863755,-1.0997521470374139
SLE,2011,SLIHS,6727,1.003589163365367,0.6238718556814027,Y,17.72905342630378,48,0.2561961067377267,1.6534304985033688,3.189014593467578,3.1817075982171032,-0.2291301916724553,0.34030239323393396,0.33879001448173685,-0.4444220147336586,0.18861477020602635,0.18667359389852245,-1.0291751305497088,0.2999436153922307,0.29836313766780764,-0.5269249429951328
THA,2017,SES,29466,2.669586832926086,0.6832988395709257,Y,112.1103160916041,81,0.15445426410299967,1.6509133216999503,16.199055669739522,16.104782465401037,-0.5819672841460233,0.3638280481412195,0.3601080102358707,-1.0224714461554818,0.21604353470339266,0.2107643465057314,-2.4435761083566265,0.3277010196634499,0.3237930323599647,-1.1925465802635316
ECU,2017,ENEMDU,27157,2.6101947022513157,0.9237642060686505,Y,217.34529725380992,55,0.0757594484054561,1.6421815512353652,15.709383506404484,15.616066506984183,-0.594020760790881,0.4462134117466343,0.4429060968006139,-0.7411957729092977,0.35520534721300523,0.3495192839043817,-1.6007820133444595,0.5392521967545629,0.5365020647158635,-0.5099899555812359
KAZ,2018,HBS,47267,2.475898881257816,0.520562596537003,Y,56.68936748670242,242,0.2664288958790112,1.640061681500749,12.426412877507131,12.373648897393677,-0.4246115160792763,0.27792874574069126,0.27485396966293907,-1.1063181210557382,0.12433391098162883,0.1207468395125062,-2.8850306732912445,0.2046633409827482,0.20134443719457384,-1.6216405792252253
URY,2005,ECH,16227,2.82566989786252,0.7997600998737653,Y,185.85191440249193,49,0.11265522602782181,1.6365538238064468,18.211988570349085,18.123311469257008,-0.4869160814017448,0.4472780231190938,0.444575909381131,-0.6041239672630483,0.34687025447154163,0.34233150951938196,-1.3084849143592536,0.682632294448565,0.6810820294548596,-0.22710103320817687
AUT,2018,EU-SILC,6075,4.1930271369289835,0.4973171420295873,Y,294.41153368831567,26,0.26110355872627705,1.6328081948677982,64.23712660470842,63.956976529119956,-0.43611862858126127,0.29691233712970044,0.29383762491231735,-1.0355622966384037,0.16389380002665233,0.16021984397455435,-2.241668721757939,0.6965258056989244,0.6952075576763602,-0.18926047129602663
ESP,2009,EU-SILC,13220,3.7930679984643136,0.5823925111383829,Y,254.74053870379433,52,0.20426408286750253,1.6313967418873017,48.935755168641336,48.657762278277204,-0.5680772461896577,0.34121696034471505,0.3374585247162176,-1.1014797226669093,0.21623283544776406,0.2112864237789136,-2.2875395675257537,0.7821982504280374,0.7809590635925214,-0.1584236265982253
MKD,2010,SILC-C,1874,2.275776371670914,0.9064992944178929,N,147.7134509701477,3,0.06445725071105653,1.62596346973208,10.458095884703997,10.383263095414936,-0.7155488925905895,0.42764455117433453,0.4235223668023187,-0.9639277200413465,0.3655417465449149,0.35868732302650197,-1.8751410976176164,0.6185836481228588,0.6158370814638439,-0.4440089335289832
CIV,2002,ENV,10782,1.3456631230027822,0.8163523152482537,Y,44.46578729963288,50,0.10925746802664546,1.6207725711640537,4.16055934231649,4.141708331030914,-0.45308838871361834,0.41340041687622187,0.41073233140313603,-0.6453998022659668,0.2893349789942805,0.2850860403783795,-1.4685188187996578,0.4200310764658576,0.4173983988129649,-0.6267816360265521
CRI,2015,ENAHO,10630,2.8985256568074127,0.9138263065463714,Y,281.4640065773081,29,0.11445867960666589,1.617286598796776,24.92725355354566,24.846268407872483,-0.32488595464084113,0.4830548456567523,0.4813721699955038,-0.34834049929893807,0.4143535138973071,0.4113427768819271,-0.7266107114820342,0.5728950103093313,0.5715062891445917,-0.24240412985789828
MDA,2009,HBS,5531,2.202596686152159,0.5726827039315988,Y,50.43295336099146,21,0.24557785988775044,1.6166756318211128,10.706347033468338,10.657112297462165,-0.4598649366797547,0.3291090807134498,0.32601627888988405,-0.9397497683324652,0.17967479545719245,0.17583289955704373,-2.138249769742495,0.2975953892602905,0.29441587598420726,-1.068401390218543
JAM,1990,SLC,1820,2.1346983034130527,0.7766425745900896,N,86.88852951494847,8,0.1107879795042238,1.6154733837781632,9.57571061044465,9.517279600495838,-0.6102002485860347,0.41113735314268274,0.40752609629367487,-0.8783577608319604,0.28154590182671524,0.27590837162997883,-2.0023485194276325,0.40336063767315655,0.39971201243685117,-0.9045565916776077
SWE,2005,EU-SILC,6075,3.6829013470433978,0.43969053060799856,Y,148.70625823086004,22,0.2936086402405326,1.6100223031547671,41.078378774518654,40.85362213721871,-0.5471409632148538,0.25958169272494935,0.25551305649913414,-1.567381806900503,0.12039056407667115,0.11575095701945015,-3.8537962611972176,0.3618977640527048,0.358455544953569,-0.9511578796697062
PAN,2019,EH,7090,3.2452413348711637,0.97063138289194,Y,472.0738728181163,15,0.07091506074484343,1.6088195676025043,33.51976299990395,33.31526196741702,-0.610090926023299,0.49802822872399055,0.49494912353335074,-0.6182591694709472,0.4552286119162594,0.449404453272809,-1.2793920441278805,0.6055834286561554,0.6031647973569312,-0.3993886200934216
ARG,2005,EPHC-S2,23983,2.8839389232989263,0.9332707708571795,Y,294.0504160706057,22,0.06086114222966316,1.6059433952048807,21.853264605210615,21.681275987598237,-0.7870156734905875,0.4769332088991298,0.4727864433430129,-0.8694646291644514,0.4189934404978328,0.41144333512806464,-1.8019626657633125,0.5831624569321445,0.5798589184609946,-0.5664868223048791
BTN,2017,BLSS,11393,2.316292481459072,0.6956056748481443,Y,81.70453481388692,31,0.1295620661194623,1.6035733475873055,10.762673255711377,10.69594397931305,-0.620006524521366,0.3744140955659243,0.3705144396649538,-1.0415355477138788,0.2323089376897518,0.22659747717708623,-2.458562537224984,0.3571134287776506,0.35312273515628356,-1.1174862942081587
ARG,2006,EPHC-S2,32418,3.017713429124256,0.9080709477735106,Y,311.6641832617731,30,0.04375890784561558,1.602274232740221,24.206741964877576,23.955264418529744,-1.0388739910257683,0.46366990441338785,0.45804040273724944,-1.2141184110839753,0.40035029136554945,0.3901364622392469,-2.5512231030141885,0.5827641738959901,0.5783857825490042,-0.7513144326829146
URY,2003,ECH,15366,2.779768254359182,0.8453114345103928,Y,203.50743867302126,43,0.10855892264160609,1.6021745908117146,17.462641497421245,17.40378497538398,-0.3370424918014536,0.45032389539358153,0.44846643874171344,-0.4124712614338777,0.34634633867494324,0.34319172379237983,-0.9108266871341475,0.5740266725829245,0.5725889145864476,-0.2504688484260664
SWE,2012,EU-SILC,6588,3.8786330051669387,0.4608057908710606,Y,192.68377579776288,25,0.27311507350133124,1.591786845215798,49.66724837556499,49.40290008543729,-0.5322386457345063,0.2746838249745738,0.2708073811837042,-1.4112384634327957,0.1453038627063683,0.14080582477513337,-3.0956079538811854,0.4347932775273561,0.4318188487491498,-0.6841018322826242
UKR,2017,HLCS,7958,2.5762932833048175,0.45217960342341756,Y,51.05135534262379,44,0.3243739896744849,1.5907223441208564,12.99896714115179,12.957786984440327,-0.31679560586852507,0.26049049181235184,0.25814468601906526,-0.9005341334978212,0.11101340599096998,0.10848409162019079,-2.278386423874723,0.19328620929646012,0.1908106801762779,-1.2807582750951951
SRB,2009,HBS,4591,2.5987239425726036,0.4890751563934919,Y,58.32025217929733,26,0.31844247050642427,1.5899730823765632,13.890447864865564,13.855309934637983,-0.2529647032941118,0.27974149265598036,0.2779189292282491,-0.6515170168097217,0.13076167912744108,0.1287421648944007,-1.5444236006423084,0.23185383196238385,0.22996867837736734,-0.8130784680420389
LTU,2001,HBS,8000,2.2996635395563283,0.5795561864101677,Y,56.73164107788121,28,0.24264076553972194,1.5893682078825304,11.358331390204757,11.31545977035752,-0.37744646087900513,0.3201227464349924,0.31755162367417356,-0.803167781562486,0.17208528976559467,0.16891066757573503,-1.8447957952617222,0.2907285525652322,0.28809199820138254,-0.906878371796005
ZMB,2010,LCMS-VI,19322,0.7945335135473472,0.9787136530640006,Y,41.70722906861204,64,0.0754747451647852,1.588956933540603,2.6798262447733894,2.6687233847050504,-0.41431268501058716,0.5203467789155881,0.5183526421075288,-0.3832322767933882,0.4692045910276935,0.46525193792052233,-0.8424156930165072,0.5657210814344327,0.5639162520393196,-0.3190316667246673
KAZ,2003,HBS,47231,1.817363255165171,0.5770840222130931,Y,34.76514560493678,146,0.19284624497234953,1.5866721190793582,6.34036229793645,6.306804814964764,-0.5292675937873081,0.33691478801793484,0.3333908036423586,-1.045957168074385,0.18809053534864928,0.1834394061191762,-2.472814073739349,0.3055626021695085,0.3019108730158827,-1.1950837987693252
BEL,2014,EU-SILC,5689,3.9630489148283528,0.5014530261577859,Y,236.84549135019597,27,0.2425079176219823,1.585624178610684,54.42160001297142,54.133047033833854,-0.530217742713901,0.2762807085403989,0.27243012845063785,-1.3937202166969143,0.13671099907298379,0.13229692903760704,-3.2287599866198557,0.33597515820904,0.3325070571170916,-1.0322492622477086
GHA,2012,GLSS-VI,16767,1.3351587117282322,0.8574886722790984,Y,49.78056906959904,37,0.11698714835458003,1.5850553202415019,4.842338720218115,4.82382184089839,-0.3823953752432163,0.4237320522633974,0.4215212168358945,-0.5217531729529434,0.30953960090516985,0.30595987251869516,-1.156468631479357,0.45588826178228337,0.4538050645965904,-0.4569534599440539
FRA,2007,EU-SILC,9745,3.836034169159981,0.5295204792543843,Y,226.91956305796575,34,0.22840002653482203,1.5846514455282963,46.813747808192645,46.59019741908124,-0.47753149358462643,0.29691091609906506,0.2935411506991761,-1.1349415656932815,0.14868409266160665,0.1445321918719933,-2.7924310632629457,0.2707043091912614,0.2672577003799881,-1.273200571343025
TUR,2008,HICES,8500,2.692288312962233,0.6859103119430234,Y,115.58650940637159,22,0.17958909414490484,1.5837226231849535,16.60833822969909,16.55288898501689,-0.3338638936377536,0.39020540007607873,0.38816606128286546,-0.5226321298515302,0.265955428481345,0.2630084093761087,-1.108087592746021,0.41786332195367126,0.4159297180107683,-0.46273598119659365
LVA,2009,HBS,4358,2.7261454912491603,0.6184181809563384,Y,97.65101329933674,11,0.22132611972890048,1.5827228046110162,17.99240813719899,17.923765389124227,-0.3815095097406296,0.3483174059812749,0.3458241760315408,-0.7157925234055451,0.2051859420486144,0.20184330191073485,-1.6290785345750347,0.33625888571313944,0.3337458910074226,-0.7473392711652149
AUT,2020,EU-SILC,5979,4.223658333574332,0.4922483534049496,Y,298.9879865404993,25,0.2366054443777151,1.5792633309982624,66.19117324662571,65.85326217337435,-0.510507756060341,0.3018730628963613,0.2982955014939397,-1.1851211128598882,0.1818667962636935,0.17749996062853857,-2.401117589833912,0.9359983631079816,0.9356704678182964,-0.03503160930713456
THA,2019,SES,29746,2.6731070227429132,0.6603060217870393,Y,105.00679770441569,105,0.17043132413536297,1.5770450914123073,16.043336350168016,15.969290177518703,-0.4615384919517518,0.34855721979462606,0.34554012000636614,-0.8655966988827979,0.19729326183384233,0.1931803552368767,-2.0846665307958867,0.30634166649197103,0.30315478025317,-1.0403045316346393
BOL,2007,EH,3817,2.342349857701182,1.0629036799691416,Y,252.41155184039093,6,0.07496608863025785,1.5744007229704953,14.893333513476927,14.848075830632018,-0.30387879787929784,0.5449996913606644,0.5436144447713505,-0.2541738300540053,0.5754669916270463,0.5725803987932743,-0.501608758759664,0.7271497400513319,0.7263186884787136,-0.11428891834021071
HND,2005,EPHPM,6628,1.8592617314182238,1.205789159002772,Y,239.03959518182097,4,0.023194943589115828,1.573600177350557,9.41386403003698,9.321172548222851,-0.9846273699978703,0.5945714166996501,0.5905406129163573,-0.6779343355701517,0.7217675929508311,0.7120257920977653,-1.3497143607179796,0.806231532116373,0.8043047861958916,-0.23898171229096432
PSE,2005,PECS,2152,2.4957392216426486,0.6398403670683387,Y,82.70336768021708,9,0.19339606473622958,1.5705429185970925,13.402978935564807,13.352424457509109,-0.37718837206818234,0.3474262422726818,0.3449583353194655,-0.7103398226548818,0.20026560331784982,0.19694080801328528,-1.6601928885848771,0.319719800026384,0.31717109532353915,-0.7971682400134461
NAM,2015,NHIES,10060,2.013620815007094,1.135210359874728,Y,225.71020430998865,14,0.07509521273095264,1.5700893879040247,11.654413833282831,11.640926676546092,-0.11572574073370756,0.5906661435995533,0.5901923548441588,-0.08021261427093584,0.6426625947727587,0.6415607718602339,-0.1714465602147608,0.684879607122636,0.6845147801533173,-0.053268773887338305
KGZ,2012,KIHS,19836,1.8304203165952173,0.5036181424635409,Y,28.255121804856003,101,0.24251581682702714,1.5659601975264454,6.020489751388667,5.99473441762628,-0.42779466166265046,0.27357274088913,0.27045698112696226,-1.1389145541479295,0.12537633725115116,0.12177816806637765,-2.8698949607737667,0.2204305428985902,0.21715305311280397,-1.4868582831981003
SDN,2009,NBHS,7906,1.4132302772110603,0.6400493428669051,Y,28.032885574520144,25,0.19731019388245624,1.5653512857424736,4.674115053333688,4.65626047412718,-0.38198844065197024,0.35395336962499613,0.35147980449955263,-0.6988392646365194,0.21318546090944168,0.20985982470510356,-1.5599732693547974,0.3497961342732204,0.34733178814017807,-0.7045092531289932
MLT,2009,EU-SILC,3622,3.535195629675048,0.4913833163965749,Y,149.8066674140665,15,0.31290933403088367,1.5610238840998572,38.7695117867822,38.633069493380845,-0.3519319359803652,0.28995506648559455,0.287453067999327,-0.8628917978889095,0.14287032084504903,0.1400659029486082,-1.9629114569444828,0.2835569851850611,0.28110631085783855,-0.8642616670589742
TUN,2010,NSHBCSL,11280,2.2551604878110334,0.6466216715091878,Y,66.3554237742021,29,0.22542159827115002,1.5609842405580792,11.659964115619182,11.62753337013104,-0.2781376097435784,0.3580825614654686,0.35629512659654883,-0.49916836541957776,0.21700041310275164,0.21462380465466113,-1.0952091814521836,0.35197168939004597,0.35019006003968933,-0.5061854132200616
GEO,2020,HIS,13308,1.8837924229927174,0.6403426443174741,Y,44.917180283787644,40,0.17137955683941403,1.5601101118161145,7.255686608033879,7.219468772095371,-0.499164832979504,0.34465187110033424,0.34136845304142605,-0.9526766961762245,0.20453179402830113,0.20011247858015047,-2.160698520807558,0.34406261268800886,0.3408035213017765,-0.9472378764930456
HUN,2010,EU-SILC,9193,2.967509122969379,0.46409606220909005,Y,78.24127406036891,43,0.30539498694691714,1.5579512117621654,19.3954699532026,19.332242922743475,-0.32598864895606594,0.26944138024670083,0.267055908239486,-0.885339885443992,0.12306725667894813,0.1203426456511183,-2.21392034027188,0.22216723395345617,0.21968963122475582,-1.1151971803454175
EST,2016,EU-SILC,5855,3.2308048933025595,0.550975271584936,Y,132.12265663420402,16,0.3557374663077962,1.5571509883573726,32.755546550520116,32.7155030247959,-0.12224960332276602,0.3251519983318176,0.3243287711422236,-0.2531822636236525,0.18509531649299094,0.1841579655591712,-0.5064152630005814,0.36606173476560655,0.3653127583418302,-0.20460385575562512
SVN,2011,EU-SILC,9034,3.6151884582867573,0.43262905189506157,Y,136.05723107860217,42,0.3288613103678204,1.5566729709889844,39.03746937632597,38.87722323496187,-0.41049315932678576,0.24933259541107433,0.24624554988176772,-1.2381235290223502,0.10572438906874249,0.10252455772999047,-3.0265782256461815,0.19702581391551321,0.19385367779761142,-1.6100104117636294
THA,1998,SES,17183,2.133277357221026,0.748710982037672,Y,79.7909670617657,72,0.13506364500935417,1.5565328441404105,9.086131619856479,9.052471585433418,-0.3704550608699231,0.41455794697620607,0.41238332255292465,-0.5245646450980357,0.2810796141244769,0.2776938225329444,-1.204566756674541,0.3934429419765111,0.39119862097646074,-0.5704311249747462
AUT,2006,EU-SILC,5705,3.9886037761098216,0.4998856238921884,Y,241.83620249251973,23,0.2893579101016998,1.5526998166129817,55.638838301152276,55.47470634228637,-0.2949953016228024,0.28715433327623496,0.2850508511338228,-0.7325266933682961,0.14499560091302177,0.1426309522683078,-1.6308416461079056,0.5307756898901221,0.5294137014150031,-0.2566034015990759
KAZ,2002,HBS,47150,1.7251040952423413,0.629081729892385,Y,37.05299869556802,118,0.16250972884059933,1.5516633934612079,5.897024409265955,5.865737167911382,-0.5305598075092233,0.3481114002349861,0.3446377948125595,-0.997843052563574,0.20125376842684584,0.1965032240271385,-2.3604747562449457,0.32113569536373276,0.3175456007113475,-1.1179369669008454
KGZ,2020,KIHS,19868,1.8734366851461677,0.5720456567898026,Y,36.21863102071613,96,0.19308616048909183,1.549967883752333,6.453587247567815,6.42349188190019,-0.4663354582982837,0.28989273526014636,0.2865705620901007,-1.1460008361590779,0.13628193068708305,0.13223934028420037,-2.9663436542918364,0.2223269880145663,0.21873759600016474,-1.6144652731796993
GRC,2021,EU-SILC,6996,3.3444812710789646,0.6190949967696884,Y,181.59269895887329,23,0.16078085701669273,1.5489358587852997,28.865798535263373,28.710652128491773,-0.5374748478967906,0.33426244501870195,0.3306683085843152,-1.0752438653961471,0.20600719721160177,0.20117566873208093,-2.3453202339130397,0.4156875394151627,0.4125523311781347,-0.7542223280108229
MNG,2012,HSES,12801,2.2567205090680775,0.6043553916183443,Y,58.544472782543636,40,0.18586207345587744,1.5459436031667078,10.747516167470938,10.690177599788061,-0.5335052935897977,0.33751615074088614,0.3339668436196408,-1.0515962313075167,0.18720269479822305,0.18250245144501687,-2.510777613683579,0.2996085482993184,0.29589526330466287,-1.239378854753448
SVN,2008,EU-SILC,8883,3.5684108688406684,0.4146221149599857,Y,123.01142210714033,42,0.38570923719207206,1.5437173464686378,37.60946591309744,37.50334848175132,-0.28215617736057075,0.24354753190385403,0.2414118058713005,-0.8769237018573683,0.10106180768311379,0.09894273783686769,-2.096805801149526,0.19611579692893943,0.19395889555511459,-1.0998101160644258
THA,2021,SES,31139,2.7046600616537453,0.6755210334442355,Y,113.4342259604997,99,0.16038800714380014,1.542897058262443,16.559820323610918,16.48625423742142,-0.4442444709657156,0.34923872512004006,0.3463385058022145,-0.830440357617479,0.19847391933915093,0.19451383871972494,-1.9952649862569727,0.30817733951421256,0.3051177086736695,-0.9928149958611576
GEO,2002,HIS,10668,1.6076546019351388,0.677330950344333,Y,38.078409928351086,37,0.1554231699803212,1.541872763814989,5.840187092984981,5.809321510631151,-0.5285033144041607,0.3724937766892671,0.3691631763933876,-0.8941358230148078,0.2421280953638867,0.23737528109065953,-1.9629338206639368,0.4120229807045179,0.4089205068672408,-0.7529856300666049
SVN,2021,EU-SILC,4660,3.8197087461118415,0.4660446228664376,Y,184.5356398438696,33,0.25998333242568183,1.538085594480096,45.595101432143196,45.37357165120596,-0.4858631168239147,0.24031528525261237,0.23661179139692567,-1.541097917177292,0.09744255028695914,0.0934200367156417,-4.128087328863539,0.17598127496200178,0.1720669925092192,-2.224260765031827
IRQ,2012,IHSES,24923,2.3373288071683205,0.5425396878056232,Y,52.7175211844872,115,0.2508594777355632,1.5351383341377658,11.300911047430706,11.259673328153326,-0.36490614875475114,0.29541856965867797,0.2928421982320377,-0.8721088283708545,0.1424619951984285,0.13941151723812473,-2.1412573620458675,0.2389788418685913,0.2362527476971752,-1.1407261622412235
IRL,2011,EU-SILC,4069,3.7262144802239066,0.5548083268832112,Y,219.34360236916945,23,0.2131292481547848,1.529719219666977,44.045216536862796,43.8389337647595,-0.46834318984593226,0.321130452946918,0.3179410461493536,-0.9931810478564618,0.18302189578698913,0.17902060214663695,-2.1862376756325963,0.3746083508902208,0.3717083532798412,-0.7741412073404286
BLR,2015,HHS,5953,2.7672113622061394,0.4288882535485345,Y,57.620368377094216,35,0.3712259379560241,1.529410081747215,16.946398374424803,16.90112020215489,-0.26718463280225313,0.2563322631374043,0.2543448197236494,-0.7753387690762725,0.10814342227624074,0.10612941023105948,-1.8623527929758632,0.1927465871650772,0.1906930646561087,-1.0654001916048372
ITA,2017,EU-SILC,18672,3.9144147033369987,0.6304536436814175,Y,332.2127690839256,53,0.1359630121745609,1.5270019471393077,47.41862066894999,47.14622389570355,-0.5744510688072579,0.34702245220921013,0.3432526982306533,-1.0863141432370882,0.23753749773486987,0.2322768618533897,-2.2146549204420385,0.6892750048895837,0.6874847665701713,-0.25972772938417377
URY,1995,ECH,15190,3.057325448919081,0.7236440631626819,Y,186.46762628391826,49,0.1440622071024404,1.5225816733463498,23.294187589397193,23.208143936162255,-0.3693782103570853,0.40912324400566624,0.4069353905358353,-0.5347663575430261,0.2923115256377278,0.28897667604091604,-1.1408546377144058,0.44900965665241277,0.44697836277743197,-0.45239425141211376
KAZ,2001,HBS,47534,1.666418791911222,0.6315563131418862,Y,35.20146606592527,123,0.1656704341609794,1.5211201984752327,5.579557845361798,5.553004485652839,-0.47590437172422284,0.3596475855224055,0.3565884421024784,-0.8505947330310959,0.21898389529202444,0.21471720119156967,-1.9484054271502238,0.3540338928126868,0.3509700704179829,-0.8654036963418488
UKR,1992,HS,9338,1.6950021029300695,0.5830185938735875,Y,31.31376836059898,18,0.24952515734981937,1.5149989931793364,7.172664951857035,7.142134879826218,-0.4256447531807983,0.2970892134533831,0.29408910112860176,-1.009835493489608,0.15241691488718256,0.1488686505611947,-2.327999046965523,0.2748254923416297,0.2717930554126834,-1.1034045288552452
ESP,2017,EU-SILC,13574,3.747290539572166,0.599156159083691,Y,255.8929049273138,31,0.2102913648271056,1.5121504321354948,44.255799786029094,44.124706200587,-0.29621786540050543,0.3556566917851912,0.3537452776241875,-0.5374323624868449,0.24964645927192208,0.24709787870751931,-1.0208759106119625,0.6587915836589917,0.6577849376901637,-0.1528018866356895
SVN,2007,EU-SILC,8618,3.515442093736537,0.41369141766306683,Y,116.33993115502518,44,0.3843652122775509,1.5102231155651618,35.744913377240195,35.65225565612594,-0.25921931922558983,0.2436392683172377,0.24167835600098853,-0.8048424746112448,0.1009026473152903,0.09897649087288629,-1.9089255769329405,0.198399261396212,0.19642988011334228,-0.9926353903791929
ROU,2018,HBS,30422,2.721641156362396,0.44540070491504774,Y,57.84941094351438,55,0.21412392013665604,1.5072821892733252,14.344636728366956,14.252292000332533,-0.6437578712035874,0.28782866299943033,0.2832204476426218,-1.6010272600327058,0.13899830972007665,0.13353368169056035,-3.9314348789717735,0.24221670465570944,0.2374067083890129,-1.9858235102048538
TCD,2003,ECOSIT-II,6694,0.9398646370556423,0.764674265983419,Y,25.378121257164874,47,0.10012203397787611,1.5056061845460995,2.5097341179080015,2.49735649700116,-0.49318454965097125,0.39824570139006066,0.3952651012077698,-0.7484324807241372,0.2676823670588594,0.26306197839375856,-1.7260713568349795,0.4017165784807618,0.3987597396404967,-0.7360509868543308
MAR,1990,ENNVM,2880,1.8779644240682267,0.7653722605310015,Y,64.9801088689008,15,0.12036207248761892,1.5001605324396028,7.764023292044374,7.725761884627027,-0.49280387214387655,0.392069033910029,0.38906066882827983,-0.7673049441694779,0.2529664733631398,0.248430130383116,-1.7932585768042797,0.3681193840701136,0.3650042001386642,-0.8462428402998934
BLR,2010,HHS,5518,2.540249089791943,0.4913744703780293,Y,55.388528245272795,20,0.3207296682204728,1.4992425859867633,14.204151616827078,14.168844369682745,-0.24856991178907606,0.2856659975280115,0.2838912113514608,-0.6212801635156695,0.13404698950960237,0.13212362750303663,-1.4348416280008713,0.2322359385882975,0.23039929062836761,-0.7908543230192522
TZA,2007,HBS,10457,1.1261867493067765,0.7843735661283661,Y,32.43724980292951,51,0.08059682085854711,1.49847293813639,2.6591426572789643,2.6454395162883046,-0.5153217693360523,0.4027909683748674,0.39969910403819475,-0.7676101450703632,0.2726169979199825,0.26772684560902626,-1.793781146541562,0.39412600826959066,0.39099382273885963,-0.7947167821994006
ECU,2022,ENEMDU,8235,2.847124598238877,0.8884976174607638,Y,247.79888029992384,11,0.035432072290480066,1.496378553861712,15.208615602426605,15.068837418615495,-0.9190723696692493,0.45445736070819054,0.44939890449945397,-1.1130760872381629,0.3658947476712977,0.356955697229123,-2.4430660727070896,0.5240392443351127,0.5196267358507592,-0.8420187098681864
PER,2018,ENAHO,37406,2.2812561921879464,0.832817809690712,Y,119.06976969467132,77,0.12535274489387782,1.4935773774842027,13.631724340891543,13.577381214626069,-0.3986518866322619,0.4236569220404576,0.42135262927552053,-0.5439053736780441,0.3187310105578436,0.3150899912751548,-1.1423486143743222,0.4830771668301842,0.4810169237255315,-0.4264832300337029
SRB,2019,HBS,6350,2.7495244467327256,0.5045394081562364,Y,71.03286598987599,34,0.27960852805641195,1.4918707356366436,15.290704061621376,15.26120047348382,-0.1929511422015473,0.2895324607954485,0.28816158834632755,-0.47347798079520054,0.14078784133353572,0.13922050197544777,-1.113263292655231,0.24734371605466732,0.24592818139392547,-0.572294571829346
ARG,2019,EPHC-S2,32258,3.1395337711049107,0.7867771606227034,Y,244.65896297512876,51,0.10611255424564439,1.4908964665726878,25.56658330655284,25.445025894215895,-0.4754542712235965,0.4324715193936465,0.42976251602862137,-0.6264004087074504,0.337807832152051,0.3333904637547471,-1.3076571875679899,0.5141573908924639,0.5118429875493247,-0.4501351889782179
BIH,2004,LSMS,7412,2.886679632371517,0.5934486186082514,Y,106.38084028639646,29,0.22497402406941117,1.488693267836263,20.385946503838365,20.32179154788218,-0.31470187535370675,0.3403749010025575,0.3382957148887773,-0.6108517718715678,0.19381773920085754,0.19115139754812382,-1.3756953639679659,0.3242041485382714,0.3221059619694542,-0.6471806663416402
GRC,2016,EU-SILC,8807,3.204254220029177,0.7126617243407659,Y,208.98017542739638,17,0.07994628876895118,1.4851140103071372,25.027473751029568,24.822859126444133,-0.8175600407013484,0.35885816033304896,0.3535749317544088,-1.472233088899777,0.24987395857168027,0.2420764382188687,-3.120581431287772,0.5518944393815322,0.5482063463787528,-0.6682605838377986
GRC,2006,EU-SILC,3988,3.55830047040309,0.6211910259153309,Y,226.30271460010204,15,0.1820526379627422,1.4846632147891032,38.6745451210397,38.51234843785139,-0.41938872889308865,0.3448567653446146,0.34210128322259126,-0.7990222025279992,0.20709059017190956,0.20342655344570204,-1.769291749647306,0.35836511327873355,0.3556928321322166,-0.7456867444679216
MLT,2008,EU-SILC,3350,3.505368339471123,0.522370220770107,Y,159.56941028767253,8,0.2591078414998089,1.4823279949979242,37.78858843460194,37.64189446401165,-0.38819648117887073,0.2920773950690976,0.2893220198105221,-0.9433716217318588,0.15451768607057126,0.15127894743354453,-2.0960310236250446,0.36246913108200474,0.36003159418927266,-0.6724812359760968
UKR,2007,HLCS,10610,2.3053612404847543,0.48109217805911236,Y,42.46319813914906,44,0.28568440901095316,1.4735981305887382,10.431300936345238,10.398896217402147,-0.310648874390973,0.2701268646534618,0.2678567903891754,-0.840373380559023,0.11896107399944711,0.11647337476606978,-2.091187604265321,0.20599793644498987,0.2036046925408731,-1.1617805233480438
ROU,2014,EU-SILC,5809,2.4609000420387206,0.6095691183159301,Y,72.93782726690125,10,0.058509886517856394,1.4574608149389756,11.025067392860667,10.907057195751563,-1.0703807324163983,0.3691771723020687,0.36235509089202367,-1.8479152888854822,0.27424385987595956,0.26410758488290575,-3.6960809250710103,0.5270266368151415,0.5219202590058284,-0.9689031735039655
POL,2006,EU-SILC,12726,2.7966789146475795,0.6485456427634071,Y,114.69952041764661,34,0.17475923485859532,1.4551314754624691,18.342040479134276,18.275587679148682,-0.362297750139573,0.35789278950638015,0.3555614944895995,-0.6513947989832514,0.22720090221790024,0.2240380452349151,-1.3920970172696556,0.40203107381246384,0.3998788659222694,-0.5353337168157224
URY,2004,ECH,15988,2.8050204107485306,0.8627454860618394,Y,219.9184660802963,27,0.07343381428105586,1.4544708100637822,17.70637287290505,17.610333365898743,-0.542400793746245,0.4587641068328827,0.45581483430687864,-0.6428734249426471,0.3637719358736131,0.3586475160847167,-1.4086902489027775,0.5103725345351564,0.5077069763275266,-0.5222769697153851
MLT,2007,EU-SILC,3469,3.444193585582271,0.46793636656464316,Y,127.48550671021853,16,0.3196797227189442,1.446601154091966,34.66970111970075,34.575714137540984,-0.27109256533611736,0.28019976153765946,0.2782475468249548,-0.6967224747057132,0.13999372111968578,0.1378979076884188,-1.4970767363739035,0.3189562998941946,0.31717186560233857,-0.5594604315537821
VUT,2019,NSDP,4121,1.6553438247095813,0.5774745381525077,Y,29.599795104687022,19,0.1987869020194285,1.4463182069818952,5.431598249035476,5.411880570322272,-0.36301798861330115,0.32317574730288756,0.32071300396799174,-0.7620446012576831,0.17608384606058913,0.17295516029732672,-1.7768158938247347,0.2956644000274049,0.2931353446304782,-0.8553804234437079
UKR,2008,HLCS,10619,2.4487198694889476,0.4680345353133827,Y,47.12593448203609,56,0.2816773701889309,1.440194507727144,11.943634699243148,11.904366221207612,-0.3287816399644594,0.2663823018179583,0.263966734772066,-0.9068046298147281,0.11540821256287881,0.11276496162242511,-2.290349085004295,0.1996948448546071,0.19714167743904842,-1.2785344646315533
PER,2014,ENAHO,29974,2.2303170866309006,0.8939543930584101,Y,135.93546700506482,52,0.09397273575539648,1.4367427636747245,12.907378163748858,12.849674619207597,-0.44705860329810054,0.4313856341605965,0.4288339863085734,-0.5915004232786236,0.3356840354724633,0.33149224226624074,-1.248731772520173,0.5071731708623353,0.5049652096397437,-0.43534661323615387
ESP,2007,EU-SILC,10241,3.6096489787970953,0.6018255489319959,Y,224.78078212403645,28,0.20147900426617504,1.4307914728315234,40.47874390419581,40.352463569710494,-0.31196702838456325,0.3326128960953766,0.3305278967664962,-0.6268546269121544,0.2059348058652768,0.2032718835419538,-1.293089971913286,0.7210125983759175,0.720145013144613,-0.12032872008875817
SSD,2016,HFS-W3,173022,0.6758026739205314,0.8574507929151952,Y,25.742801964316868,603,0.06985647836213055,1.423961878331913,2.150079633552396,2.13744633410084,-0.5875735602724252,0.44175744752309076,0.4384599704739195,-0.7464451516686399,0.3464784458785958,0.34090467885303966,-1.6086908411927947,0.5141114129305622,0.5112441225331252,-0.5577177096872221
UKR,2018,HLCS,8051,2.6107120824266303,0.4774761666756211,Y,57.00509116063393,46,0.256092717688408,1.423761321011046,13.589136785277335,13.541645799043295,-0.34947757892533904,0.26071485731453015,0.2581269637402641,-0.992614537169989,0.11176585039925735,0.108927185242508,-2.5398322892089875,0.19456433857231004,0.19182440935134282,-1.4082381391536059
SVK,2013,EU-SILC,5387,3.1531529275037125,0.39122206080348937,Y,75.70309993840783,27,0.34299597954303607,1.4231760899345591,22.55612428792432,22.494769509420845,-0.2720094007299001,0.2611629565934823,0.25915239737007156,-0.7698485457645954,0.12999783619201155,0.12794841784497635,-1.57650189193006,0.3992281257197665,0.39765135758190595,-0.39495417188301074
ALB,2012,LSMS,6670,2.2477565509952417,0.4982076914832829,Y,42.19828690058423,32,0.2361871156609472,1.4216967037946722,9.517231457620452,9.481592208383775,-0.3744707627987842,0.289604845787069,0.2869377881869922,-0.920929894259348,0.1384170682166168,0.13527059500980743,-2.273182958827946,0.23933609428827318,0.2365374037035719,-1.1693558353677913
TUR,2011,HICES,9854,2.8038238746257225,0.7188346781083194,Y,142.64056134596083,22,0.13600209805746438,1.4130224457808702,18.282196681761437,18.217859295177796,-0.35191277997695947,0.40039354765728996,0.39827791660210243,-0.5283878992471625,0.2739326034382614,0.2707374421182096,-1.166404173854374,0.41421231093359545,0.4121550477120577,-0.49666877763745454
NOR,2012,EU-SILC,6027,4.175677799859395,0.4294012758718519,Y,236.0117583909579,20,0.2809686748554903,1.4111588678731934,66.44731579518393,66.17275771593069,-0.4131966445409696,0.25300365160997773,0.24990995500077662,-1.2227873350896368,0.11532423510068046,0.11205441176545516,-2.835330607110187,0.9241215710737682,0.9238078580885153,-0.033947155338931445
ECU,1995,EPED,1100,2.028139368305655,1.0949752644563915,N,202.97141608711055,4,0.030246334860533946,1.4104519656567462,8.470203879688647,8.412127136753318,-0.6856593272163813,0.49440879270203275,0.490919720198829,-0.705705997689754,0.42928030214463897,0.42259088334616624,-1.558286920003804,0.5623578352079677,0.5593374755809997,-0.5370885649438883
BOL,2008,EH,3617,2.446652177538987,1.0416697922337426,Y,262.87051019047885,10,0.04550704128269368,1.391488406913925,15.60553226884763,15.508007688081811,-0.6249359463406545,0.5081477114095344,0.5050554911053762,-0.608527842343487,0.5032511860594888,0.49717762462531034,-1.2068648027906526,0.6892206274116893,0.6872669793905817,-0.28345756691067203
GRC,2005,EU-SILC,4064,3.5298741320886684,0.6395567280864904,Y,232.4195901401054,14,0.18467235965593382,1.3909959861584529,38.31517459135512,38.21142679211414,-0.2707747004874306,0.33372031096777455,0.33191379846408275,-0.5413253087452108,0.19805596532329162,0.1957132486606139,-1.1828558957331259,0.38899964208272564,0.3873599670205975,-0.42151068657781954
UKR,2005,HLCS,10349,2.2612708814075777,0.5137701323766656,Y,44.81671975162792,33,0.24110237053741163,1.390880307507409,10.136439375701782,10.103507810261004,-0.3248829714280088,0.2902071359925864,0.2878978963395378,-0.7957211820965093,0.1383641712069048,0.1357082739099824,-1.9194978539284313,0.23734500647669243,0.2349250030654051,-1.019614209378783
CRI,1989,EHPM,4031,2.1650825733955097,0.8853225270922005,Y,124.09534167890982,6,0.06699026635161959,1.3900195104084543,10.194173098784624,10.135603903707363,-0.574536007086679,0.439743431527438,0.4365078161325089,-0.7357961854462025,0.3566098860899949,0.3511552527706343,-1.5295799505636865,0.5515025857558704,0.5489145316526508,-0.46927324913128565
JOR,2008,HEIS,10946,2.6108139357038205,0.5943530096447202,Y,80.95334205042256,45,0.21045344339813146,1.3884984826471618,15.060466033277235,15.021720786816571,-0.25726459177991545,0.3257345027098568,0.3239978257297982,-0.5331572079748548,0.17101575463564256,0.16883298505359212,-1.2763558461037272,0.26969631486066126,0.26784565153607065,-0.6862026741250582
PRT,2021,EU-SILC,9030,3.489897082603219,0.6471796172330272,Y,228.4770880754749,25,0.14707683213061942,1.378144202721249,36.58250670828752,36.41438387616284,-0.4595716566535679,0.34668631358793844,0.3436734524713133,-0.8690453007631938,0.21759852666991097,0.2135270185791165,-1.871110137142984,0.417265514103521,0.4145974502039049,-0.6394163450934354
ESP,2019,EU-SILC,15655,3.7582996711044028,0.6022880562928741,Y,261.16798996366555,39,0.18436977690912348,1.3745896151466133,44.96654952180083,44.82995884223845,-0.303760642110551,0.3455018858231149,0.3435110723583562,-0.5762091457231389,0.23053405268424232,0.2279292488629645,-1.1298998091382018,0.8943744225148781,0.894053311468246,-0.03590342462267415
JAM,2021,JSLC,2187,2.9922225128397084,0.7442953539753017,Y,185.88135145453052,5,0.12255688425342065,1.373621002951814,20.378365615374218,20.32625449797395,-0.25571784501183803,0.40210270655911406,0.4005718161462446,-0.38072124059289614,0.27791930706090673,0.27560155005868436,-0.8339676097833704,0.42435665457837646,0.4228885851821813,-0.34595177908869346
UKR,2015,HLCS,9096,2.4727247285241356,0.45828263834675814,Y,46.879132648123985,45,0.23776297684192813,1.373514369132776,11.701229768836624,11.651972917898268,-0.4209544800969467,0.25457540349106367,0.2514296493638952,-1.235686591881946,0.10677720795575452,0.10333711925020328,-3.2217443885372177,0.18675764833546016,0.18342204543321217,-1.7860595975466964
ROU,2007,HBS,31249,2.1841190887245694,0.4817441771453525,Y,37.688372312654664,94,0.24683414600358092,1.3726937097304095,8.989555848402933,8.959184552679794,-0.3378509042639144,0.30207289779396307,0.29971059426553004,-0.782030942095413,0.1505335782569701,0.14774494681130035,-1.8524979462784086,0.2554077470989925,0.25294729110967473,-0.9633443062179836
BOL,2019,EH,9740,2.867780567991018,0.7864276390011307,Y,186.2450882303631,26,0.11800377514333082,1.3715876102569793,19.61266135076664,19.563432752768723,-0.25100417081332926,0.4162990642480089,0.41483149976032674,-0.3525264920624105,0.3127115316920177,0.3104122518017043,-0.7352718583393703,0.4927045427802045,0.49143285701432526,-0.2581031136233092
THA,2010,SES,29848,2.5388254505892247,0.7676157425016655,Y,126.6810712642943,90,0.10724394755001268,1.3702240530035898,13.767732135278898,13.714941139630675,-0.383440025775561,0.3940277142893651,0.39169713238349235,-0.5914766452598363,0.25521932893897903,0.2516840742528803,-1.3851829721501896,0.37112616490295225,0.36871598155471974,-0.6494242595002087
AUT,2013,EU-SILC,5947,4.103479726473586,0.5380075143699997,Y,304.1443029640076,20,0.1906445874161155,1.367435302357447,60.50489408704272,60.25736345717786,-0.40910844254807843,0.3046391057521731,0.30178752962780775,-0.9360505826475074,0.18303576818511313,0.17957683948455028,-1.889755611627053,0.7081027188069806,0.7069124435558891,-0.1680935857860999
CRI,1999,EHPM,5156,2.4214479084527194,0.8842832575559385,Y,159.85987993282194,19,0.09831658770918203,1.3605107771066507,13.77978818344423,13.749481459211948,-0.21993606744038496,0.47008158385137144,0.4689145639382417,-0.24825901571560172,0.3995822277373633,0.3975421774224044,-0.5105458084336489,0.5750344773052213,0.5740999472984198,-0.1625172130862329
SWE,2006,EU-SILC,6738,3.709882906002239,0.4459197845470539,Y,155.65503734444846,16,0.19731329956021054,1.3550953592076742,41.605933758204706,41.34926177080826,-0.6169119743546836,0.2643132200894722,0.25975127926270836,-1.7259601412368264,0.13730836086432552,0.13206208500170646,-3.8207985512279885,0.9555119858245553,0.955236164922893,-0.028866294275142756
SVN,2016,EU-SILC,5173,3.5853059040800908,0.4886788927951656,Y,156.23207819180874,23,0.20718524644454547,1.3515061226548943,37.958147880804276,37.76883100437594,-0.4987516172359818,0.2540846454178387,0.2503503802175091,-1.4696933748942764,0.11042429515978869,0.10621307748774189,-3.813669506292061,0.2015416898773048,0.19763050445647135,-1.9406334357990773
MNE,2006,HBS,1300,2.6714106542902307,0.5308029320766751,N,71.08095583580551,6,0.17934668541743776,1.3485195287452283,15.07190109753275,14.996134906133907,-0.5026983053335377,0.30035359616915147,0.29682537553390786,-1.17468899332126,0.14938895449949152,0.14515538590923915,-2.8339234345915343,0.25567859481679467,0.25199215616610826,-1.4418252937160814
ARG,2008,EPHC-S2,31488,3.090698680331656,0.8602376211288264,Y,290.44421989327236,33,0.054711113856264766,1.3426987299419906,25.565615107127655,25.381251185617145,-0.7211401749497082,0.4488719511329089,0.44487028167928755,-0.8914946553291059,0.3712306492363071,0.364323772925748,-1.860535040619049,0.5527387099393275,0.5494935909836287,-0.5870981889535054
SRB,2017,EU-SILC,2880,2.485985857814059,0.7448857179652445,Y,112.24040136148307,7,0.14488945142309942,1.341881482822099,14.058102112910628,14.032083545628993,-0.1850788041846796,0.3747720390521011,0.37361393813853483,-0.3090147590773862,0.2847314976706019,0.28307875852646713,-0.580455326388507,0.6210305913475355,0.620331049422362,-0.11264210409597242
LSO,2002,HBS,5832,0.67016169630929,1.0475853143552583,Y,45.28236392584503,8,0.03498695660462476,1.3382830089618316,2.2686648752984566,2.254146639758336,-0.6399462387855159,0.5157492353898643,0.5126310220288045,-0.604598736574502,0.5108031338820447,0.5045408742966455,-1.2259634230915362,0.6689813130309465,0.6668498879019471,-0.3186075735572613
KGZ,2013,KIHS,19837,1.7940817491580083,0.539520165059921,Y,30.345318170508833,87,0.1812023933129667,1.3367493248548852,5.934479843890616,5.910137167427156,-0.41019056604463255,0.28815483665818986,0.2852256753739888,-1.0165233796424644,0.13514856326929792,0.13158045187337364,-2.64014008703477,0.23113701464103664,0.22801762516585333,-1.3495845656862127
MNE,2021,SILC-C,3584,2.9572678634948177,0.6364762759382788,Y,129.8911369179177,12,0.11406987169336064,1.330743088041323,17.508720093768876,17.423890664539865,-0.48449817447935306,0.3525983565092651,0.34945036162464804,-0.8927990804558195,0.22856117563630507,0.22419631106140425,-1.9097139147754238,0.4179572519318747,0.4151411414445353,-0.6737795490622145
PRT,2020,EU-SILC,9201,3.4400662371373736,0.6179670874361,Y,199.13191597337806,31,0.19009800897464946,1.329019681214455,35.261924952910896,35.1718328378101,-0.25549403562370454,0.3276274720389949,0.3259086008279657,-0.5246419661732782,0.18523874937270257,0.18307524989347757,-1.1679518926528853,0.32708563213889486,0.32538993487049084,-0.5184260945109154
SRB,2007,HBS,4608,2.5634414883721823,0.507968045695924,Y,59.58152992529846,23,0.24674558463924962,1.3271264518442254,13.85619246381527,13.81931806276072,-0.2661221771482092,0.28706699311195427,0.2851673671697105,-0.6617361061440286,0.1382736320877891,0.13609910141548953,-1.5726285911973115,0.24410031578044145,0.24213715479793674,-0.8042435243182933
VEN,1995,EHM,6752,2.241248900955507,0.9841641084026441,Y,180.14124293567275,21,0.059395343500292574,1.3258671615693172,9.894485754236387,9.870293526842152,-0.24450211961623003,0.46622858394096667,0.4649211209018662,-0.28043390820199354,0.3943210059110751,0.3919881489435175,-0.5916136682009965,0.8658831502731072,0.8655545269432221,-0.037952387661255305
PAN,2013,EH,6975,2.9759834511152357,1.0142664199045262,Y,411.07789037242713,13,0.06137089407647077,1.3147010385355702,26.809543894141225,26.709360718810554,-0.3736847434863022,0.5141656138167241,0.5123443388030341,-0.3542195286398875,0.48581829115750574,0.4822435984058817,-0.7358085968947381,0.6194001956544444,0.617973871254627,-0.23027509675070945
MNE,2013,HBS,1198,2.7614464745181673,0.5474303904175403,N,81.75587280339928,4,0.21093609813474895,1.3101897428048714,16.23704051595604,16.196757124668412,-0.2480956504853249,0.3244293638957778,0.3227531363230899,-0.5166695001215804,0.1802494547647311,0.17819640399906733,-1.1390052570996567,0.31618299891133406,0.31451779616372255,-0.5266579017040973
ITA,2020,EU-SILC,12514,3.9610643992903745,0.5864237034718552,Y,305.007238680949,51,0.16787818863410583,1.3090531374406822,50.139919654840696,49.99560209098925,-0.28782966714927527,0.3427002018026476,0.3408052340840475,-0.5529520288089507,0.2260947748122999,0.22359412646993349,-1.1060177504952917,0.64388809780372,0.6428667863530975,-0.15861629592257565
KGZ,2016,KIHS,19963,1.8333077471818457,0.4970982356980531,Y,27.787949466049902,131,0.20757483324720877,1.3038371163662898,6.2206947792410086,6.197267841580374,-0.37659680296181497,0.26780767865752253,0.2650431125568731,-1.0322953077774977,0.11622837960308519,0.11305146488356188,-2.7333382177161303,0.19592589180926234,0.19295333304763052,-1.517185265399057
SVN,2019,EU-SILC,5260,3.693728363275424,0.46753071697918197,Y,163.41949997746718,28,0.24860303175753865,1.3020321164581126,42.53722932179007,42.38964676599593,-0.3469491505375122,0.24633364539232616,0.24371365951383206,-1.0635923786705415,0.1020609227903031,0.09926285735970186,-2.7415639150649374,0.18500078219963012,0.18225648603660705,-1.4833970594036572
URY,1997,ECH,14631,3.034985227715376,0.7576430925409566,Y,201.92866780100715,37,0.1135718341851221,1.300313054536921,22.71939219100924,22.653303060205292,-0.2908930408362931,0.4145576551931429,0.41285144226934145,-0.4115743377134162,0.2989888056144223,0.2963441556142943,-0.8845314441432883,0.4559784913412632,0.454398862616597,-0.3464261483079434
SWZ,2016,HIES,3355,1.3756882929715117,1.04150447531429,Y,90.03529129006856,6,0.06110692271779295,1.2991438539949427,5.632313927063012,5.614159862709235,-0.3223198243007763,0.5457979369071277,0.544330284210206,-0.2689003746035534,0.5218715311523967,0.5188039655133818,-0.5878009157236685,0.5986188030014443,0.5973222163447174,-0.21659637990418812
VEN,2003,EHM,11864,1.9450170430598703,0.9225358652432205,Y,111.34401455121842,34,0.05444609461739218,1.2955295319009785,7.100234423067001,7.068871256795328,-0.44172015179924085,0.46205262147495807,0.4596669895035026,-0.516311749047127,0.39451634288942716,0.39028673126256974,-1.0721004853385452,0.5899426681733169,0.5881249295710749,-0.30812122945275133
UKR,2013,HLCS,10524,2.610390265963739,0.43903432221014976,Y,50.77952553002721,53,0.2875572005535733,1.2928539302568645,13.491663670338008,13.463256348387537,-0.210554625764392,0.2455498558508874,0.24396094760821874,-0.6470817248752758,0.09838081642323804,0.09674739219782547,-1.6603076542743067,0.17314510908239422,0.17147514217995097,-0.9644897919978579
HRV,2010,HBS,3458,3.234570354778324,0.4829808048354643,Y,108.14930966838621,15,0.24972476504993218,1.284656392909761,26.60446000896833,26.532759722136504,-0.2695047627640501,0.27354101183545965,0.2715816305593448,-0.7163025620792296,0.12269111098466734,0.12054651173301423,-1.7479662825134246,0.2127995245342229,0.21074418573975606,-0.9658568546925039
MLI,2021,EHCVM,6143,1.4931952566320281,0.6289012625039585,Y,29.367806111617142,30,0.16418859053071796,1.2790530098520259,4.359941971442931,4.352394589353847,-0.17310739772496975,0.35653594201862826,0.35542150302877573,-0.3125740938046295,0.2052073627853641,0.20369783736029579,-0.7356097776312298,0.3107531448624854,0.3095718336251786,-0.380144579978281
LSO,2017,CMSHBS,4294,1.3268027857304605,0.8798554328531861,Y,52.792497314010554,5,0.09890940678584142,1.2751392839582543,4.643397006679629,4.636403973258035,-0.15060166967274524,0.44879701366632685,0.44796689942268086,-0.18496429752609123,0.3548011694376483,0.35341730781581493,-0.39003863037619935,0.5056439515987486,0.5049007975259746,-0.14697181097970136
GRC,2004,EU-SILC,4650,3.5103673099878687,0.6069726875911168,Y,206.7034945149308,15,0.1371920492447923,1.2748464707385236,36.35484186144758,36.17495420301998,-0.4948107300622451,0.32539604917268317,0.3220442107118552,-1.030079642746129,0.18509102990268733,0.1806753528532119,-2.3856785776150247,0.35002919765884866,0.34682604129224215,-0.9151111930177924
PER,2000,ENAHO,3369,1.7422338113561242,0.9667307180030453,Y,103.79584752601554,9,0.08078870769054931,1.2729361002840345,7.724779076634866,7.7103028989539135,-0.18739924517373607,0.49073363286732774,0.4897785348782038,-0.1946265601449393,0.44807278840833575,0.44632196242971744,-0.39074588413138267,0.6076230732594685,0.6068876783505757,-0.12102814084198332
BLR,2006,HHS,5222,2.2663257703728785,0.5044198915197657,Y,43.797881337923,14,0.17152224148733416,1.272596051504596,10.439299114947216,10.381572114400413,-0.5529777421948601,0.2827544296549258,0.27876972659548727,-1.4092451404922213,0.1335913710975718,0.12879123944079574,-3.5931449893348066,0.23531579069837893,0.23113658037037865,-1.7760008011349582
ESP,2013,EU-SILC,11968,3.6754246884052826,0.6040765852035077,Y,241.68964490107612,36,0.15596409074856563,1.2698290925141855,42.4380269313379,42.27608557617817,-0.38159492056910604,0.3523210767776598,0.34984250736323763,-0.7034973431312208,0.23879003429943912,0.23544330747810172,-1.4015353828127797,0.9430438432072324,0.9428258744772877,-0.023113318804290905
IND,2018,CPHS,4869314,1.5238424498451126,0.6768893595724679,Y,34.970698619706795,19397,0.13619261373397393,1.2688663290869069,4.941620869296294,4.926545814465872,-0.3050629586759279,0.3454993196663976,0.3434983460030956,-0.5791541544087675,0.19358562052114858,0.19085759820473358,-1.4092071038494192,0.2947885273635795,0.29264915150135595,-0.725732402599566
PAN,2000,EH,4541,2.723606594809011,1.1291148829545168,Y,450.76730083331705,8,0.045619640226574956,1.2640668070822154,18.364681770135995,18.33817834455263,-0.144317369149638,0.5572470327721825,0.556607405521155,-0.1147834287866023,0.6122008053858083,0.6108067906238288,-0.2277054766533726,0.75848786553592,0.7581389220366683,-0.0460051525023486
CPV,2015,IDRF,6219,2.1277033669707586,0.7823256034396887,Y,87.76652619233846,20,0.11901429546964103,1.2629651606830405,9.503320746833154,9.487751829498677,-0.1638260745820297,0.4238108735580217,0.42286638433412027,-0.2228562981341553,0.3019117805300233,0.30042887248354644,-0.49117263456018856,0.43205896779866393,0.4311319032392601,-0.214568989072772
GEO,2022,HIS,13618,2.041016729367591,0.6258346098251046,Y,50.32593541542395,40,0.15730158475329534,1.261892395089221,8.36997230992049,8.343515759820912,-0.3160888605117651,0.33500663654024554,0.3329002489242423,-0.6287599665955268,0.1960822384493628,0.19331004061293444,-1.4137934462351898,0.3450655857832483,0.3430115195648159,-0.5952683498616551
CRI,1995,EHPM,4720,2.378619954129168,0.8549176117996754,Y,140.24246108146434,10,0.08617112825398776,1.255888752297075,12.65736628791179,12.619252359369924,-0.3011205307242082,0.44739356503624317,0.44572580263506234,-0.3727729970916638,0.3674764982543901,0.36465907653928653,-0.7666943950122129,0.5715872329647499,0.5702959564464036,-0.22591066487761546
LUX,2011,EU-SILC,5293,4.309464165964386,0.5784668853210057,Y,421.94071649469697,21,0.1665318394207428,1.2406473037354713,78.43689862314365,78.16643899168555,-0.34481173555515054,0.305043780427269,0.3026428192042365,-0.7870874205890943,0.15688807521112924,0.15394740612209556,-1.8743738713578595,0.277393267293793,0.27493409657509194,-0.8865286251149351
VEN,1999,EHM,5292,2.106973662305467,1.0330877111720354,Y,182.40633270620611,12,0.04924786520616513,1.2397282473281421,9.46074725651133,9.433290925222698,-0.29021313585706476,0.46985731310055057,0.4683149424161611,-0.3282636326784938,0.40756572956496684,0.40477737960866045,-0.6841473053395997,0.8421822476580973,0.8417230304176111,-0.05452706249309269
MLI,2001,EMEP,4966,0.8983730690021863,0.7529813925340839,Y,23.507446577747032,23,0.10076803893530167,1.2379056464002507,2.594082834715825,2.5856585297527377,-0.3247508078904615,0.3986728255274503,0.3967159870251722,-0.49083819537717455,0.2651052567590191,0.26214875170549257,-1.1152193244564623,0.3922435735736126,0.3902736237127593,-0.5022261659778593
UKR,2014,HLCS,8809,2.5820296808175853,0.43853924055126814,Y,49.28636163295034,41,0.2441404073817666,1.2319774611315975,12.981751625163048,12.942147295155289,-0.3050769353111993,0.24025365871152948,0.23793253496920164,-0.9661137960503607,0.09410896960267712,0.09168046004934549,-2.580529319983693,0.1663292044416883,0.16387197828976052,-1.4773269433806746
ROU,2006,HBS,31958,2.076991205001179,0.5218180461408282,Y,38.185098329683036,56,0.1549522226142438,1.2306938002149943,8.215118081465038,8.173183791125386,-0.5104526791192998,0.3046429642829409,0.30107784184687114,-1.1702625217231755,0.15446385558518871,0.14992356235886373,-2.9393887710001954,0.26182205335931263,0.25808319362066523,-1.4280155894722757
SRB,2008,HBS,4620,2.5905415084118077,0.5060947612519362,Y,60.875195455624784,19,0.23516097669146832,1.2294545900241627,14.112626528379304,14.082272897949464,-0.21508136964299984,0.2756142113195196,0.2740547923493655,-0.5657977368758615,0.12523743625002792,0.1234875140643803,-1.3972836222501561,0.2204768860985732,0.21884419882182293,-0.7405253700926706
CRI,1998,EHPM,5057,2.4564750860308626,0.861208609164515,Y,154.48560392607465,13,0.09051550292140927,1.2262986363047734,14.128490054354312,14.095065994822173,-0.23657205691162142,0.45049860338157166,0.44919635096241206,-0.289069135705311,0.36257454217727414,0.36037535956866407,-0.6065463381416447,0.5336011867614212,0.5324979486197883,-0.20675331483589465
GHA,1991,GLSS-III,4523,0.7661643805700796,0.7207324578269805,Y,18.69697514923334,17,0.10624932248239098,1.2248972518352559,2.231038110360189,2.223575595279751,-0.33448622171823317,0.384372308577838,0.38230796159937386,-0.5370696411773568,0.24647550678871055,0.2434308340628899,-1.2352840919120922,0.37011343028190924,0.3680109562482772,-0.5680620754644483
BLR,1999,HHS,4828,1.3316762396256714,0.5750011865219894,Y,21.256862814155625,14,0.20262423027797313,1.224280160517361,4.185409299876726,4.177239718840315,-0.19519192631055615,0.31738148570132774,0.31604883885996804,-0.4198880216389811,0.17115992203118946,0.16954508042409455,-0.9434694687466827,0.29576516261607066,0.29441733728545816,-0.45570794027628425
KGZ,2001,HBS,2857,1.030129570909485,0.5583543695010149,Y,14.957198357090766,9,0.2165350760498782,1.2209564963149113,3.191317794324546,3.184740773234145,-0.20609107316411635,0.30163979771226335,0.3002003175685176,-0.4772182433031791,0.146802969825774,0.14512446142022806,-1.143374965464261,0.2436495181287326,0.2421290532225463,-0.6240377234741579
GEO,2006,HIS,10942,1.6413564663732534,0.7042922268694864,Y,42.70146150711379,14,0.12177011727562521,1.211506082097028,5.79045215071921,5.772298090487947,-0.3135171444082818,0.3686862382106262,0.3667030982283156,-0.5378936821551883,0.23851666941890892,0.23571258194180045,-1.1756358513390186,0.40853860462782243,0.4066916457083132,-0.4520892024859724
MNG,2002,HIES-LSMS,3307,1.6222439949609941,0.615727737927643,Y,32.118340070544654,13,0.15743046769236446,1.2100871113969451,5.262572899610768,5.249455236212791,-0.2492633099476338,0.32892948112787834,0.32725433523532454,-0.509272044211373,0.18120884869682619,0.17904358765291306,-1.1948980745061455,0.30548387412362144,0.30377006450158783,-0.5610147596007198
SYR,2022,HNAP,23838,0.9661002174275389,0.4479486401537973,Y,10.073882039847192,39,0.3813830788532269,1.2097313374298704,3.323893181025249,3.3221030850753035,-0.053855399450397634,0.2662809581806038,0.26588690624060207,-0.14798352187634922,0.11651552483587113,0.11614853891771015,-0.31496739913237093,0.2111620872705302,0.21077114211257453,-0.18513984352447332
URY,2015,ECH,36446,3.307284238644935,0.7378366061250587,Y,249.83334036503476,126,0.08030341591052186,1.2064731596665137,29.205337766316013,29.053607911371948,-0.5195278211062582,0.40120668023083006,0.39808066648484486,-0.7791529652962592,0.2790874302517534,0.27416693221113686,-1.7630668769919144,0.4313358908771169,0.4283738195114507,-0.6867203560646962
ARG,2016,EPHC-S2,32117,3.25157477993507,0.7805397882729083,Y,268.5921732885603,39,0.07895505989446368,1.2046693795519,27.82327050618846,27.70015919730234,-0.4424760520469251,0.4227682716827412,0.4202039660243675,-0.606551113253373,0.31980766554994977,0.31564784871661056,-1.3007245546118762,0.49383044914896,0.49158601127833934,-0.45449564207484805
ROU,2008,EU-SILC,6091,2.3060526420535155,0.6660027890771518,Y,73.99969779059639,14,0.11695628644433602,1.1995846650300113,10.554018175879248,10.513961090812835,-0.379543453487341,0.3754831575339248,0.3731059400642277,-0.6331089482974561,0.261978661501415,0.2585695565354986,-1.301291084693168,0.46651807368630593,0.46449782460439193,-0.4330484060243389
ITA,2014,EU-SILC,17154,3.8365340811372786,0.6094197284697818,Y,288.52832649319186,60,0.13607594061610304,1.196668793413223,45.35915002718447,45.208968868071175,-0.3310934156025569,0.34389298479146335,0.3417154152839105,-0.6332113779155324,0.22638302306879732,0.22344849643627285,-1.2962662096939415,0.6305274570081759,0.6293065592635643,-0.19363117831612264
URY,2014,ECH,38876,3.271195287549377,0.7389797431412982,Y,241.80570141926177,126,0.10201810140300518,1.1961311241962704,28.788295130248837,28.690634957742603,-0.33923569306338885,0.4010352215555215,0.39899788156551286,-0.5080202138122214,0.2783200570054585,0.27521464344643176,-1.1157706679277513,0.4274533798777035,0.4255134067276224,-0.4538443819618765
URY,2018,ECH,32126,3.32129264877643,0.7460514889397029,Y,259.67922403298104,103,0.09294120399082341,1.195540081138436,29.278575208933155,29.169887104454382,-0.37122060654649625,0.3968070169775936,0.39456080908143,-0.5660706086481393,0.2684786090658111,0.26503163617693204,-1.2838910708279694,0.40961135287018,0.40741974005261594,-0.5350468931603736
HUN,2011,EU-SILC,10996,2.9719658412134113,0.5323754660519542,Y,96.45651059642157,32,0.20336129308761403,1.193412397473172,20.181045990489828,20.136358092915632,-0.22143499199820393,0.29440071634307685,0.2928374072950757,-0.5310140095513116,0.14744509707841713,0.14562353770445835,-1.235415358023062,0.2597795402800811,0.2581762078070273,-0.6171896644844077
UKR,2016,HLCS,8164,2.4818254732553933,0.4621048376565747,Y,47.853295462881675,32,0.16423517069714189,1.19190610211592,11.858196485073988,11.795449859055168,-0.529141392603838,0.25002202979238564,0.2460365757070183,-1.594041168562943,0.10340523974580895,0.09891308575421975,-4.344222790481245,0.1811972478016295,0.1769345411539266,-2.3525228442595414
GRC,2022,EU-SILC,5962,3.410516513830385,0.6399384483780978,Y,206.50649381748508,15,0.11396226210509296,1.1918652240295886,30.799681805855723,30.667930581048278,-0.4277681361707919,0.32791880299501597,0.3250347743520612,-0.8794947458376168,0.19283369324647648,0.18902107763152776,-1.9771522034147337,0.3799434259523561,0.37730102939893817,-0.6954710551431598
THA,2018,SES,30178,2.6675924304429866,0.6910790353527512,Y,114.52916841118169,94,0.12305705284125988,1.1911432388963945,15.992030434340814,15.942478664350315,-0.30985289950482553,0.36412173342551646,0.3621467122832268,-0.5424068274391125,0.21578432146026705,0.21298504350730685,-1.297257341968494,0.3289135759472568,0.32684248907478575,-0.629675095199822
PNG,1996,HIES,1143,0.9802524415520975,0.9429268055548474,N,45.106793099578425,5,0.069841504051545,1.1858673218560565,3.030928555697714,3.026489027137055,-0.14647420680086176,0.45771352588379366,0.4569185630202527,-0.1736813134385673,0.3604062949064022,0.3590227316243285,-0.383889876960386,0.4949307305255467,0.49419106840780525,-0.14944760390126488
ESP,2018,EU-SILC,13159,3.7471590145433518,0.6087793612379597,Y,263.35346368831256,32,0.1562709126784964,1.1825711522475297,44.7782881972186,44.660297939804195,-0.2634988119571191,0.3439325583817152,0.3422011543285923,-0.503413826614596,0.22052634832803264,0.218245161152669,-1.0344283994447534,0.6907932335487045,0.6899810997452567,-0.11756539641764041
SRB,2010,HBS,4585,2.56656233309607,0.5023630204815986,Y,58.77116800166768,19,0.20262538797632487,1.1806771255274868,13.446086484332334,13.406416924114772,-0.29502681143531717,0.29016605291572495,0.2880686281078484,-0.7228360405363232,0.14009161786165292,0.13766043390640315,-1.7354242833077183,0.24402044248358346,0.24183913964571324,-0.893901681215481
NGA,2018,LSS,21573,1.1685590046036756,0.6794428892605199,Y,24.70208547819313,51,0.11035883553515732,1.1754054592496248,3.655930182367537,3.640219113304267,-0.42974204318901865,0.3512774280151727,0.3484793495429015,-0.7965437711387358,0.20549598175403516,0.20158034406911152,-1.9054570563868278,0.3277986994381782,0.32491676004603,-0.8791796297812127
BTN,2003,BLSS,3989,1.8688266186628344,0.7077555157140447,Y,54.168153708506225,21,0.11104061884513004,1.1752213631141526,5.986576418050735,5.976369546161554,-0.17049597593717936,0.4089800092143028,0.40797182183512315,-0.246512630560225,0.2724549624066508,0.270917341300585,-0.564357900654,0.3802806759267855,0.37922874499295134,-0.2766196129399656
LUX,2012,EU-SILC,5827,4.310001766268647,0.5757803043638233,Y,418.77872565270155,19,0.13769593373406366,1.173489390511984,77.52487840325708,77.19177345675466,-0.42967490354479665,0.32051247054339893,0.3175824472999329,-0.9141682501459192,0.17368093725143208,0.16987653191532992,-2.190456475136726,0.336633898852856,0.33380045562115557,-0.8416987241498641
GHA,2016,GLSS-VII,14001,1.3449336463633872,0.9209695743717435,Y,60.81535883438443,17,0.06245790465889882,1.173172825320682,5.089204458542145,5.067483293648268,-0.4268086509556346,0.43520879020411507,0.4327887548921172,-0.5560630590349169,0.34404204987323306,0.33997958800269634,-1.18080387907048,0.5276003224329661,0.5255782821585051,-0.38325228179099113
ESP,2020,EU-SILC,14848,3.823888491997776,0.5917657436016965,Y,270.2062949975104,25,0.14481639226032722,1.1709758339080902,46.96953979460077,46.81084084238385,-0.33787631922926886,0.3416095840951654,0.33938047858393827,-0.652530144062391,0.22786530982956066,0.22494299462650957,-1.2824748116494478,0.8517344373709503,0.8512332224061521,-0.05884638953256305
URY,2016,ECH,35557,3.298593420541406,0.7411648857104463,Y,250.15683912908304,119,0.093173837361616,1.1677314342144207,28.66318784679157,28.561559518695745,-0.35456045098347655,0.39688511497029577,0.3947405137670501,-0.5403581848631878,0.2708773386798291,0.2676124102071973,-1.2053162101134274,0.41905864107295565,0.41700010212006744,-0.4912293295319059
BTN,2022,BLSS,13338,2.717201397665338,0.5370343912433754,Y,75.81563754182392,60,0.17595050391954295,1.1610407003994758,15.759624656126475,15.710046995943308,-0.3145865543434323,0.28459921822374223,0.282343991488086,-0.792421971406565,0.13443090724334006,0.13176614957314703,-1.9822507523284183,0.2319685551379419,0.22959181582429522,-1.0245954725343398
AUT,2011,EU-SILC,6144,4.132499044505538,0.5348922970242671,Y,310.18718430083953,18,0.15351114007970457,1.1603202354784594,63.14841116692342,62.891859256771816,-0.4062681948932112,0.3019045683321333,0.29906007285164704,-0.9421836496879221,0.1689550246718725,0.16547648402369397,-2.0588559913706117,0.5385678722613414,0.53670508212378,-0.34587843677713614
ITA,2021,EU-SILC,15985,3.959514312124377,0.6096231899494113,Y,326.48495955455974,56,0.1412863976095411,1.1596470585861238,49.96266293664267,49.8445512235982,-0.23639995569140204,0.34981021364686105,0.34827097873066903,-0.4400200040316382,0.23076266495209374,0.22868705839576853,-0.8994550989243066,0.7520121747855313,0.7514268168186998,-0.07783889496182361
URY,2022,ECH,17645,3.2849644383184677,0.7610736933626118,Y,261.9583491480693,46,0.08521274622839324,1.1583987903697044,27.7891039604613,27.690417219612367,-0.3551274664679527,0.40542276234025354,0.40330507323228826,-0.5223409499114373,0.2820794581610606,0.2787897973587792,-1.1662177826515574,0.5266013733666438,0.5249191238108187,-0.3194540768228893
ARG,1998,EPH,3296,2.859687336393195,1.126925091806504,Y,513.0958202350472,7,0.04221278705798494,1.1563653408704517,21.820542111934657,21.784808971761443,-0.16375917697145637,0.5014705617683483,0.500653153711423,-0.16300220177287716,0.45836006282394104,0.4567806561894763,-0.3445777157665253,0.6046942571075874,0.604046191886621,-0.10717237899137144
ITA,2015,EU-SILC,15915,3.843691165934556,0.6161758221252458,Y,296.5508285694367,44,0.1268761691700095,1.1540616234315453,45.09207071803407,44.94793276559745,-0.31965254675913046,0.34242345017180886,0.3403167356506568,-0.6152366375886453,0.22542546892224236,0.22258332865564157,-1.2607893332501563,0.6307867082944345,0.6296086938857826,-0.18675320725085598
SLV,2004,EHPM,14532,2.03508085709972,0.9672550402181034,Y,139.3301055604231,20,0.05973030295048947,1.148276439865523,9.810790487606214,9.781357786024943,-0.30000336485069834,0.47594873480598565,0.4743728612873641,-0.33110152488669,0.4292793092606626,0.42644014877005465,-0.6613783681998942,0.6335709425822036,0.6324696215126335,-0.1738275851290605
SRB,2013,HBS,4515,2.5535306249974066,0.533162748052656,Y,63.62578859125026,15,0.1949739468070562,1.1473846911068457,13.328530009338523,13.299654207665268,-0.21664655932067678,0.2901711384132246,0.28863242659397903,-0.5302773486225765,0.14011777421391125,0.13833775150164707,-1.2703760977152756,0.2441707787617894,0.2425702132785048,-0.6555106599574145
BOL,1999,ECH,2103,2.2247034507750296,1.2483158067490692,Y,391.36900863301173,1,0.014280228781546339,1.1447145703942216,11.899508732524074,11.819181712070401,-0.6750448464659775,0.5787315269376485,0.5758694192897624,-0.49454842438442226,0.7715823216453752,0.7649362056717084,-0.861361877692346,0.8715420768198237,0.8706690773423258,-0.10016722091988894
ESP,2016,EU-SILC,14060,3.7207526977985097,0.633115920457252,Y,275.91710024549775,27,0.1345674845537507,1.1446939748605804,42.68304698615354,42.565751420270146,-0.2748059807479275,0.36008205007388827,0.35832029869866366,-0.48926387051593245,0.2527422790810925,0.25031773827512493,-0.9592937180049832,0.93435936177657,0.9341786565591642,-0.019340012504631687
ARG,1986,EPH,1211,3.4946232920431903,0.8584679592832895,N,432.69243762202797,3,0.05976801851501312,1.1372691530842158,35.55950571946168,35.41371012615602,-0.41000455533855007,0.4217147358088861,0.41933572075101744,-0.5641289847995168,0.3065271098287692,0.30267187153588093,-1.2577152784436718,0.4496509922525591,0.44739015028128404,-0.5027992843848139
ESP,2012,EU-SILC,12519,3.7232647926307774,0.621480119842954,Y,267.12191165759543,33,0.1407115061069526,1.122562898714251,44.662361163768566,44.53686933268943,-0.2809789447068889,0.3535272572440188,0.3517074639748239,-0.5147533130490101,0.23910900915655153,0.23665595119917793,-1.0259161568301756,0.7854755221124999,0.7848732851758109,-0.0766716364463349
THA,1992,SES,4763,2.6187660128527517,0.8645266314339312,Y,183.5240840579526,10,0.03371708413312523,1.1224065776339112,7.960513159467085,7.9330428059781815,-0.34508269678863446,0.47857957833526743,0.4767745741028764,-0.3771586407154581,0.38063667980983595,0.37729007279007387,-0.8792129600946552,0.4734468574364423,0.47162454429743084,-0.38490341849108933
URY,2017,ECH,35181,3.3291084551622547,0.7751688408178408,Y,285.60649666002934,94,0.0775808298313612,1.1169287299146604,29.765304023739876,29.654422681713413,-0.3725187619048942,0.39456539199529583,0.3923026632733593,-0.5734736922805239,0.2662177867299551,0.26272780206197854,-1.3109509739545389,0.40803817104314477,0.4058314265556,-0.5408181499057418
CMR,2014,ECAM-IV,10302,1.739343144921511,0.8446910479392634,Y,71.766392018821,20,0.05868481811773512,1.110998477831411,5.75293259348689,5.73113357656849,-0.3789200823086314,0.4664087376215802,0.46438015174380876,-0.4349373659070066,0.3788630664070256,0.3752786915475159,-0.9460871690403438,0.5124290468961341,0.5105775224995331,-0.3613230763977904
SVN,2018,EU-SILC,5219,3.6433605676925214,0.4583584828278098,Y,151.17468404710087,20,0.22994761391209548,1.1056917056747324,40.01761143243824,39.922762600826076,-0.23701772348980743,0.24219307342191243,0.24039525175071996,-0.7423092848161561,0.09879135894573121,0.09692435408407984,-1.8898463201391547,0.18184733045245327,0.17997816920583243,-1.0278738994794145
LUX,2022,EU-SILC,3839,4.551571363404528,0.5575873512399122,Y,504.8863816469313,10,0.16184555322375144,1.1056666294817314,93.09304003064403,92.88087751018297,-0.22790374059245,0.3273477831471139,0.32581336744235323,-0.4687417431115004,0.19014853409788035,0.18821860826743553,-1.014956985916804,0.38191690850209603,0.3805262417381656,-0.36412809513585165
THA,2020,SES,31717,2.696263789321308,0.6790991159040141,Y,113.69974261497026,80,0.12077229140955745,1.102283506772095,16.388569968854064,16.34523924957445,-0.2643959745234681,0.3498581593085994,0.34813601230255864,-0.492241487076972,0.19917183920355752,0.19681769458694864,-1.1819666003098472,0.3108885049455654,0.30907782736124634,-0.5824202424712044
AUT,2021,EU-SILC,5970,4.231224525711379,0.517652607999435,Y,325.1161001308384,21,0.16082936252265959,1.0896774202863149,66.40946636449011,66.2086995558826,-0.302316551537396,0.29728213157616445,0.29515296699064175,-0.7162100776908598,0.178989021413833,0.1763458890792169,-1.476700813121401,0.8097928108962533,0.8092182016040796,-0.07095756895367789
HUN,2005,HBS,9055,2.83083519627336,0.5218800530849671,Y,81.16428865402023,38,0.20181035283888185,1.0885845547161108,17.959018462644234,17.92731729879312,-0.1765194680157678,0.30191020180156036,0.3006780158275115,-0.4081299560916185,0.1501438430772164,0.1487231415114585,-0.9462269891595043,0.254902639467426,0.2536230927630194,-0.5019746782849888
ITA,2019,EU-SILC,17581,3.9466730384167446,0.6063798874409109,Y,319.19835138854995,63,0.1290676503164634,1.0862279027328452,48.34844200920977,48.235249553555214,-0.2341181038118978,0.348196225888611,0.3466679270199883,-0.43891884948563664,0.24008334642906748,0.23801734211368686,-0.8605362871310307,0.7086166777975936,0.7079358200908401,-0.09608265344102085
HUN,2006,HBS,8972,2.8577899299843628,0.5085290065174792,Y,80.1080981558817,38,0.18417425836144782,1.0857354915095416,17.737479575816934,17.69243596042909,-0.2539459746538908,0.2895891767080372,0.28778282015229784,-0.623765216736849,0.13900938763325588,0.13691374268068746,-1.507556423525358,0.2394324646473216,0.23754325895914008,-0.7890348917237611
URY,2002,ECH,15550,2.9788936509405266,0.8778965787844205,Y,273.8507876112748,30,0.06604895643902127,1.081037467385099,21.009903434477835,20.96365409390699,-0.22013114298731207,0.45541395160831477,0.45421311896689587,-0.2636793706424889,0.3592659376678973,0.35719567077417747,-0.5762491448976559,0.6490503383283217,0.6482771253110873,-0.1191298997279433
SVN,2022,EU-SILC,5379,3.848480000969162,0.496143325019882,Y,207.86939545700832,21,0.16705918023752137,1.0784624389460074,47.99730101276581,47.82693305765045,-0.35495319845182394,0.2428227996096899,0.24012868916713326,-1.1094964916338657,0.10002828799181573,0.0970640955869384,-2.9633541315031375,0.1830235500513281,0.18018413529884492,-1.5513931139937265
PNG,2009,HIES,3658,1.1550807293152672,0.7634890038077669,Y,31.360456142556817,10,0.06515988850582759,1.0720306308992003,3.4707556028362894,3.453982477907643,-0.48327012466505836,0.41850788277292517,0.4156853957542852,-0.6744166919721795,0.30732369184329655,0.30279685886585184,-1.4729853563495987,0.45924062099153307,0.4566214637088306,-0.5703235216970803
HND,2001,EPHPM,6420,2.0077677910559704,1.1750135009924247,Y,252.8530004641614,6,0.02857898100292079,1.0686697695988436,10.113281315560698,10.077466546394781,-0.3541359925468557,0.5531575030677524,0.551569861328495,-0.2870144091786764,0.5954660387282713,0.59201375858509,-0.5797610474233439,0.7214414408290444,0.7204516711171264,-0.13719335429090984
PAN,2023,EH,6105,3.2284492228166664,1.0050222658708412,Y,514.664905744153,7,0.033071571769384134,1.0683341185351096,30.149729540025955,29.99783746637882,-0.5037924915561431,0.48847206814214517,0.4858828038481644,-0.5300741767750972,0.43732441059713834,0.4324511124575663,-1.1143439564505142,0.5931115450769948,0.5910524513422692,-0.3471680414614542
ITA,2016,EU-SILC,18171,3.8872594464887444,0.627495914521125,Y,320.45670776225217,48,0.11448101284146812,1.0665330776224453,46.37306436352512,46.245342377745615,-0.27542278590492186,0.3476819771451728,0.3458818460285227,-0.5177522089097164,0.23998423937958924,0.2375212663025481,-1.0263061788592598,0.6570125535626024,0.6560693275263185,-0.14356286362707804
URY,2019,ECH,31983,3.308918345737906,0.7331309732588159,Y,246.73410665366134,105,0.09114069763440835,1.0655399242001562,28.784070813319723,28.70224023309993,-0.2842911996378428,0.39666526996672724,0.39494624380972443,-0.43336946467408266,0.2684470310883409,0.26584432095439325,-0.9695432739172838,0.41903443893282866,0.4173856894655512,-0.3934639528618167
HRV,1998,HBS,3123,3.61080026870877,0.5294504842882242,Y,181.11853774420075,8,0.18032428216408405,1.061989993047722,39.067521292705116,38.979228829098105,-0.22599965568713687,0.2874836048614253,0.28587264696549597,-0.5603651368939366,0.13708164950973467,0.13523875996473533,-1.3443736281189556,0.24027126649674746,0.23859605842366138,-0.6972153173000262
THA,1996,SES,6701,2.740708654350433,0.8382901706852319,Y,191.63244079262074,20,0.03357139741052181,1.0590024603941848,9.08800490892836,9.056096401608038,-0.35110574477105194,0.42904921362707005,0.42703801803183716,-0.46875638769519057,0.30378020483005974,0.30037259710951214,-1.1217346181111032,0.40970901406272875,0.40763053457903653,-0.5073062618470958
VEN,2001,EHM,13000,2.22690023689266,0.907429241443194,Y,141.06037090960555,36,0.04506663869208329,1.0527612944233,9.974620976664642,9.933183195452434,-0.4154321383153414,0.463931938003312,0.46169658423248383,-0.4818279552920579,0.3888901539402201,0.3849257836541855,-1.0194061860059334,0.5754690433817349,0.5736999065082875,-0.30742520276174634
HND,2017,EPHPM,5001,1.9585667846700188,0.9920357877852086,Y,139.02783265656166,4,0.034792617594092266,1.0447780574526595,10.066272259413653,10.009473477809408,-0.5642484143137394,0.49396200306202465,0.4910910149138159,-0.5812163952716554,0.4533524679579246,0.44785341253636735,-1.2129757330597846,0.6093189820731142,0.6071029686634604,-0.36368691520395346
THA,2007,SES,28539,2.447799846838982,0.7955197713013871,Y,125.75796673658505,69,0.06212187965069278,1.042739105886275,12.206770876367683,12.15760931562112,-0.40274009600475,0.39761516434606925,0.3951801253870777,-0.612410988649359,0.26020662707655573,0.2563933264842917,-1.4654894208909308,0.37706339595732363,0.37455037820736914,-0.6664708844448364
TJK,1999,TLSS,2000,0.6912500284801795,0.5397660319213013,N,10.079948205069748,6,0.12816861293078896,1.0423555559307138,2.1294864415751076,2.120208951137138,-0.4356679740636249,0.2954313797981122,0.292351768766832,-1.0424116197083388,0.14986050638742954,0.14612836366588422,-2.4904111239933524,0.2692452015761271,0.2661003306420262,-1.168032305010902
TUR,2004,HICES,8467,2.4836752546997114,0.752764071825867,Y,114.6595691884561,10,0.09039842939130946,1.041851112083853,13.327562136239377,13.292359231602507,-0.26413611339427545,0.4128750801246934,0.41132148514751754,-0.3762869332551322,0.2936727842341358,0.2912726298740287,-0.8172886589972617,0.4363864970232121,0.4349012982167537,-0.34034022972515565
ARG,2010,EPHC-S2,30843,3.1570233902336873,0.8326689939363833,Y,285.72516065154815,39,0.0590949609163555,1.039960105699616,27.253284405625543,27.13871029232941,-0.42040479081663085,0.436056160524926,0.43367661725402185,-0.545696514880023,0.34280742608860226,0.33886467899945716,-1.1501346788578837,0.5139836809569722,0.5119363110613895,-0.3983336380973812
URY,2001,ECH,15898,3.1073342596717763,0.8469628157029774,Y,283.78664526936814,24,0.06108994157811846,1.0394160302646653,23.55592047552572,23.48444155782827,-0.30344353459554885,0.4500702870748906,0.44839733747568045,-0.37170851914776204,0.35164758345052327,0.3487940816193711,-0.8114663559329327,0.4932180631863412,0.49167867305791746,-0.3121114661695068
CIV,1988,EPAM,1600,1.6023675487670306,0.690929080183473,N,39.45476356048378,2,0.13654162597134717,1.0370238542634382,5.37535650962792,5.373484956060012,-0.03481729192391647,0.3688628589841204,0.3686434459715364,-0.059483628465140104,0.22671372727844674,0.22641205715736312,-0.13306213289551172,0.350363274287669,0.35013963895433586,-0.0638295591305349
ARG,2004,EPHC-S2,23943,2.763181618231402,0.9531936842338564,Y,276.65262862704407,18,0.05055482636495635,1.0350597909921835,19.870227949515197,19.804420465667764,-0.3311863558618011,0.48360625645501487,0.4818908779490467,-0.3547056066938392,0.43398774045000055,0.43081850474146677,-0.7302592707452038,0.6009580851849587,0.5996333366821538,-0.22043941756724195
HND,2014,EPHPM,5164,2.0317437130274145,0.9720454234976613,Y,140.87598770069192,5,0.06250442144908337,1.026377145899862,9.810365738029672,9.797728107238344,-0.12881916055726972,0.49847873191839487,0.4978322067735742,-0.1296996448238663,0.45032710810209364,0.44911621458450623,-0.26889198891240085,0.5936088796872159,0.5930854877601257,-0.08817117549958509
LBN,2011,HBS,2746,3.294636549406131,0.5454250157787556,Y,138.5057161673836,11,0.17224534915739323,1.0262795558389306,30.7860781602573,30.70869658846944,-0.25135248271979105,0.31832449680556274,0.3166094535132833,-0.5387720107909333,0.16979374731922947,0.16773607566916304,-1.2118653852416617,0.28576101090725714,0.2840049659739079,-0.6145152299727674
UKR,2012,HLCS,10494,2.5426294647109957,0.4414088930828765,Y,47.791898799871895,49,0.23323458548739323,1.0226857805552005,12.772745159324446,12.753587347855918,-0.14998977298581462,0.24740656909673164,0.24627785670259994,-0.4562176332878143,0.09899652364143163,0.09784510065346952,-1.1630943649421521,0.17570249387808912,0.17452043917727356,-0.6727592049067477
ROU,2016,HBS,29129,2.572047684964984,0.4399708213547239,Y,49.00685317420809,53,0.1555750883284471,1.013216861016403,11.995920983619992,11.950618744692518,-0.3776470267629617,0.2834570479981333,0.2807429549189723,-0.9574971228723528,0.13424240228134954,0.13103837610887092,-2.3867467491854866,0.23622278178276213,0.23338672041496522,-1.2005875751666673
CIV,1992,EP,9497,1.3229027065951084,0.7783777876946685,Y,38.78509679725238,28,0.08107722502763605,1.0093342114647412,4.333913461154365,4.321615670103152,-0.28375718992639243,0.39385764317040406,0.39213379733748466,-0.43768246289270785,0.26586182236924905,0.2632502291968575,-0.9823122211072399,0.4168237486647238,0.41517110155160597,-0.39648583325975206
UKR,2009,HLCS,10458,2.3891738433300898,0.4615553125671424,Y,43.54695499173056,43,0.21648461998693805,1.0064592971618487,11.064781986291713,11.047691919309722,-0.15445462010154065,0.2531666366281766,0.25201291567088635,-0.45571603456766585,0.10418466073527588,0.1029721900860312,-1.1637707899490701,0.18399051007687028,0.1827771859378352,-0.6594493044930205
ROU,2005,HBS,32676,2.065841305459452,0.4841085866170676,Y,33.72256053022054,93,0.17390347017424218,1.0050071459365977,8.039208496083363,8.017058579214645,-0.27552360259731623,0.29819391267603146,0.29625653743573854,-0.6497031488358229,0.14696938422742467,0.14464419136957418,-1.582093352349101,0.251350193810123,0.24932631296616015,-0.8052036138439522
SRB,2018,EU-SILC,2655,2.4839253939523593,0.739715554568226,Y,110.2854558521324,5,0.10351919482278038,1.0029745980100033,14.095256218391992,14.068050994901856,-0.19300978335275998,0.3495805616749934,0.34832386354618217,-0.3594874162309969,0.24245197655838968,0.24072822452845344,-0.7109663754467754,0.556541607719097,0.5556885341118469,-0.15328119145417984
ARG,2009,EPHC-S2,30857,3.143308282576253,0.8394649095893708,Y,287.63807658941175,48,0.06430640081735574,1.0016479940723948,26.45758154727253,26.37753940685912,-0.3025300716559931,0.43660196458217715,0.4348933232849751,-0.3913498874970056,0.3516646398793024,0.3488382758875712,-0.8037100325757107,0.5367681953471921,0.5353657000194401,-0.2612851021929319
TUR,2006,HICES,8479,2.5653688128174936,0.7117957041920655,Y,110.03031573284387,20,0.10109890099811329,0.9997214283247864,14.237840927986175,14.206741621268959,-0.21842712581573442,0.3964741261536274,0.3951541276233891,-0.3329343437979748,0.2724318110006907,0.27047634237173757,-0.7177827808618753,0.420799395448724,0.4195399262299875,-0.29930395156425593
ETH,2015,HICES,30225,1.5027202454211035,0.720849296232534,Y,39.066609849863134,133,0.06938267669567387,0.9951503712725562,3.73898583922039,3.7288827673676503,-0.27020888249328356,0.34993123241807655,0.3481708198546516,-0.5030738614727914,0.2062695129367651,0.20376042794409477,-1.2164109746259588,0.3202472246727921,0.3184124353453315,-0.5729290329792192
FJI,2019,HIES,5999,2.0458164063614315,0.5546175636152196,Y,40.840290124740456,25,0.15734108753222004,0.9940417345047787,7.907094892374089,7.892753625790575,-0.18137213197410018,0.3070686743899409,0.30581111431515506,-0.4095370774255147,0.15398340849084868,0.15246585446170213,-0.9855308724619816,0.25680051675572035,0.2554776155316645,-0.5151474151098623
ROU,2013,EU-SILC,5842,2.4250263148944677,0.6360237116162721,Y,76.17988486870648,6,0.07066316418783458,0.9886314282989289,10.949576408473877,10.895156571956976,-0.4970040345559479,0.36548270823161266,0.362314136643044,-0.8669552668852054,0.262452831423186,0.2577445940560863,-1.793936587221645,0.5102526341476246,0.5078125037649389,-0.4782200461859176
SLV,2022,EHPM,16297,2.4207475766433375,0.752101666150255,Y,107.45289603202659,34,0.09821836816383228,0.9755503519889795,13.114935933595058,13.092531610959178,-0.17083059154326952,0.38700041258009243,0.3859521156754855,-0.27087746434637516,0.2743511971938877,0.2728095961407808,-0.5619079008492123,0.5135723233173157,0.5127440139096827,-0.16128388739539146
PAN,1991,EMO,2732,2.400521662352226,1.213612997117903,Y,420.4647527675107,6,0.026677587086079025,0.9723809946470883,13.524234602708814,13.504897366346409,-0.142982112707013,0.555451536640596,0.5548152733044072,-0.11454884795836229,0.6432940941032288,0.6419047428883666,-0.21597450180216304,0.7953870729737782,0.7950941449676991,-0.036828358925156124
VEN,1989,EHM,4218,2.496483245296983,0.9212221473900564,Y,192.5103055206618,18,0.043142711740396494,0.9718788986780974,13.589646852124355,13.540626108145021,-0.36072124988053567,0.4250470659479292,0.4229662285632465,-0.48955458145371056,0.3199685580417806,0.31651464654685135,-1.079453405068076,0.48710135065061533,0.48524670956126137,-0.3807505536325695
ROU,2004,HBS,32778,2.0137868212335714,0.5166051616149905,Y,35.29009416765688,71,0.1469914317849648,0.9673588287915572,7.610500448679883,7.58875301536966,-0.2857556274633022,0.300393720263776,0.2983905629060971,-0.66684395263652,0.1490043235093097,0.14658164705619936,-1.6259101723038016,0.2531226042551714,0.2510228689396694,-0.8295329141704277
SVN,2014,EU-SILC,5445,3.5607505299410773,0.5166037298131985,Y,165.76344126463252,14,0.15839679655356695,0.9626171671140066,36.90782461702387,36.8151075420722,-0.2512125163532608,0.26241104400544635,0.2605553788866465,-0.7071596875173225,0.11865763338967872,0.11657402225464386,-1.755985751200817,0.22103814520718912,0.21912318194446345,-0.866349679568057
URY,2020,ECH,39609,3.251661463820922,0.7555325649203365,Y,249.20084022124007,115,0.07772434012941967,0.9609207963392531,26.626642523833162,26.564471287113665,-0.23349258797404904,0.401322648963818,0.3999223613704225,-0.3489181577493672,0.27625340454478664,0.2741036413313309,-0.7781852379333154,0.42114331456269105,0.4197940397124673,-0.32038377520602346
GEO,2004,HIS,11493,1.681762388703716,0.7055912304855086,Y,44.635793417784896,24,0.08677978943584405,0.9587508505160847,5.979111366515827,5.960521432977025,-0.3109146560291487,0.36175356794500124,0.3597639115946958,-0.5500032416011824,0.23476301332849325,0.2319246792816676,-1.209020963985541,0.4369856229607032,0.43523807009175086,-0.3999108385104644
JAM,2018,JSLC,4543,2.881226397216348,0.6486481525098642,Y,124.85722128564717,10,0.09899372929353573,0.9468977445277971,19.125742337191213,19.068241934019095,-0.30064403335762213,0.35638680510333054,0.3544474390096084,-0.5441744941033444,0.20964272331355227,0.20696673394858767,-1.276452300689812,0.329726053582158,0.32772243990759253,-0.6076601023177086
HRV,2019,EU-SILC,4981,3.264695709493336,0.5585095964700391,Y,139.80163135022153,14,0.14694218996900885,0.946148429463054,27.410785672822566,27.356866533394086,-0.1967077488112312,0.29688150788939116,0.2954968390443432,-0.4664045446588827,0.1596609902682209,0.15798772916858894,-1.0480087194880694,0.34997023656870185,0.3487090415122873,-0.36037209014685434
BLR,2005,HHS,4858,2.130031060592639,0.48597710140859707,Y,36.16031926869693,15,0.192038816742155,0.943067426199955,9.028547758406168,9.012844314691522,-0.1739310034664765,0.27553410655498756,0.2742733154564986,-0.4575807743922078,0.127092790433037,0.12570254674364278,-1.0938808445839499,0.2284561633542862,0.22715567295255135,-0.569251615995181
LUX,2021,EU-SILC,4060,4.513164598990718,0.6056775062182201,Y,561.2672186221481,10,0.13238223236829527,0.9417331070187793,93.32779395379302,93.19191329364332,-0.14559506272801004,0.33373637647683174,0.33276615212831917,-0.2907157915343128,0.18897401395841928,0.18773083845120464,-0.6578552686551831,0.3192337545608275,0.3182558814482689,-0.30631883332759013
VEN,2004,EHM,10757,2.0616208693484737,0.8824372741730688,Y,110.93369626217086,27,0.047917322022358246,0.9360169057832194,7.978388574666549,7.956865965267843,-0.2697613584157321,0.4541166615263531,0.45264083374779296,-0.32498868762042,0.37823939654204564,0.3756861249590133,-0.6750411528716804,0.8917454478067873,0.8914527297100252,-0.032825297564686995
THA,1999,SES,4143,2.331446562525218,0.7960736132202304,Y,112.130951955573,8,0.05079135321571402,0.9354160281952923,8.683802284583365,8.659525434028481,-0.2795647546925739,0.43091587495647465,0.4293212211063213,-0.3700615231022497,0.30511888221785477,0.3024827301136235,-0.8639754069199479,0.41360438243525277,0.41196385515035583,-0.39664165917143723
LUX,2006,EU-SILC,3787,4.28392135730553,0.6264875823313624,Y,475.03291876649024,9,0.13151346535752464,0.934279277553391,80.36771996963468,80.24159326917506,-0.15693701464627452,0.3084080790635466,0.3073216847757171,-0.35225869929486064,0.16062887522955904,0.15921855795755047,-0.8779973525887219,0.2897699315857297,0.288664635619749,-0.3814391506848702
TCD,2018,EHCVM,7489,1.3869189419152266,0.7216347057398488,Y,34.876842111038165,43,0.07982567801778113,0.9330604324993153,3.8130318190764085,3.8052946035803252,-0.2029150519377909,0.374991544944562,0.3737214964676009,-0.33868723017445035,0.23072245026213634,0.22886915689033516,-0.8032566270406494,0.34398579125552,0.3426588721250523,-0.38574823850268114
SVK,2019,EU-SILC,5564,3.273169699401865,0.38848442979170694,Y,84.6582859642566,28,0.23461865392182255,0.9305914136949215,25.395717919743383,25.358011680298688,-0.14847479234041394,0.24970147464692616,0.24858791302991845,-0.4459571648834926,0.12170254722332619,0.12060959661426907,-0.8980507261294512,0.30732128290584326,0.3063417069264114,-0.3187465476421347
BLR,2003,HHS,4780,1.782281106680435,0.5233867341586154,Y,28.572402635562423,12,0.14244747565138682,0.9282939842111052,6.536702400872555,6.5167232520067815,-0.3056456855540235,0.2882101179477927,0.28602984358506167,-0.7564877937859205,0.13973795422029234,0.1371663177314839,-1.840327850194745,0.24878573050190467,0.2465303929228806,-0.906538158146819
BRA,1985,PNAD,46061,1.7713530506014883,1.0215301793521834,Y,125.95737910514733,110,0.045309784025763064,0.9243944555145954,7.7022508965551495,7.688122732754625,-0.18342902601165,0.5510408225823635,0.5502162275132638,-0.1496431907232143,0.5597580565200566,0.5580153997748738,-0.31132320917660605,0.7775225245014168,0.7771139274528751,-0.05255115262463583
THA,1990,SES,3857,2.483798581807436,0.8602404945091284,Y,158.30444804678683,10,0.02562098588275923,0.9238441745010592,6.613304577069,6.592767108277584,-0.31054775342765906,0.452656486662974,0.4509517421891919,-0.3766088687582103,0.3383468042104374,0.3353239257631957,-0.8934260379068304,0.4381533483356078,0.4364039560762982,-0.3992648386586417
UKR,2011,HLCS,10639,2.514797149134776,0.44237360198452724,Y,46.61479383814602,47,0.17980324883833768,0.9203883550976911,12.262778891062675,12.233728615898238,-0.23689797738756235,0.2455184386314615,0.24372872769339193,-0.7289517431136927,0.09801269937854418,0.09610751338261236,-1.9438154524992868,0.1732638298544562,0.1713677149463807,-1.094351261696258
LUX,2005,EU-SILC,3562,4.294605419691425,0.5844701089254312,Y,423.27231663692857,7,0.10293328731371325,0.9166658898096702,77.74665302700124,77.46966408803735,-0.35627120677168556,0.30172697800879644,0.2992320369003637,-0.8268869840203696,0.15338469679647648,0.15023898069143637,-2.050866983956101,0.2719468778826527,0.2693732213510973,-0.9463820844694326
PAN,2006,EH,6842,2.645020644524509,1.0942194434796273,Y,375.282462198837,10,0.03445525065961418,0.9073721300275105,17.915863908214916,17.882604865290297,-0.18564018511755265,0.5447749999857711,0.543928646970242,-0.15535827002912672,0.578970536721509,0.5771844119679468,-0.30850011188416904,0.7203459180443221,0.7198260263939964,-0.07217249897620848
SLV,2021,EHPM,16975,2.4103129805297634,0.7440415420456672,Y,103.79705585180479,37,0.09452886128799451,0.9066351746180044,13.025738387126465,13.005760636102233,-0.1533713516308377,0.3897921675315795,0.38885560944074904,-0.240271141608972,0.2769666899590333,0.27559335520270434,-0.49584834787608223,0.4782407381036248,0.4774440597238321,-0.16658521876488086
BLZ,1999,LFS,730,1.8705539406258465,1.1978775267406787,N,236.08372778296314,1,0.021975154341123068,0.9040401533629313,7.805723653957024,7.787036541419288,-0.23940269174483886,0.5303071498607903,0.5291805214469856,-0.21244827909645547,0.5263560574190165,0.5240267628561839,-0.442532109206506,0.6682854869465145,0.6674896599558517,-0.1190848830638136
URY,2000,ECH,14335,3.1271720872125517,0.7657717239628352,Y,226.89497814940646,34,0.06871793090874363,0.9012429779686348,23.380447472221682,23.325650365480758,-0.23437150553268227,0.42905054430069933,0.42771021582267443,-0.3123940747376208,0.32008010521854224,0.3179282345392358,-0.6722912934051917,0.47055323375517655,0.4693141032607866,-0.26333481644600365
KGZ,2022,KIHS,19743,1.9737421890678253,0.5227115665786326,Y,34.53167051209212,93,0.1422985341004788,0.8984962201976077,6.946059785633554,6.932787761946084,-0.19107269584577313,0.26352527845323426,0.2621164566594696,-0.5346059406648895,0.11147450569984652,0.1098608733802875,-1.4475348506176378,0.18894713803629903,0.1874266284641949,-0.8047274956935468
BRA,1992,PNAD,25983,1.8704927320715583,1.0136432214582627,Y,135.83248470820666,56,0.030106215325801277,0.8979627020797163,7.739451972284925,7.710848600557073,-0.36957877418558605,0.5261013193202126,0.5243438478318554,-0.33405570824800446,0.526080449322698,0.5225058289050353,-0.6794817070782444,0.9540419499454739,0.9538714797294999,-0.01786820967187852
ESP,2005,EU-SILC,10356,3.559990760464675,0.6559405726064009,Y,251.59294358888476,21,0.09171759106545123,0.8966450178535904,39.06466023030003,38.945143887754,-0.3059449175839113,0.33088744071637444,0.32883545393192837,-0.620146470353633,0.2040819087268808,0.20135885767459172,-1.33429321064088,0.8037411958444876,0.8031404540609866,-0.07474318681274239
ARG,2011,EPHC-S2,30077,3.2564049036876623,0.8131634200087988,Y,297.64311368338946,37,0.06313254481282957,0.8936390564422058,28.985126012284525,28.91401327780823,-0.24534216082467974,0.4267272927161949,0.4253180594229832,-0.33024212823176136,0.3261438022862899,0.32386599948708694,-0.6984044409967138,0.4988275594385958,0.49759840352566065,-0.24640898235824826
MLI,2018,EHCVM,6602,1.4983484498070074,0.6580806227162658,Y,32.22009473360806,28,0.11088577463271845,0.8924909439569094,4.9264206053780555,4.9181802492465865,-0.1672686274995061,0.3596335884906551,0.358561351309007,-0.2981471186126239,0.209434229597252,0.2079626451090526,-0.7026475524222087,0.3194432343359638,0.3183147515811314,-0.3532655049583888
ARG,1996,EPH,2486,2.850037009265004,1.0730021450006424,Y,432.26699627599356,5,0.03256157361152443,0.8917520913786607,21.599650016762215,21.547787622197994,-0.2401075689836385,0.4855580292581325,0.48432036450142046,-0.25489533323196367,0.4292496677916726,0.42694345152602553,-0.5372668725666552,0.6066245217751284,0.6056783547234553,-0.15597243726718224
KGZ,2003,HBS,1081,1.126520060406996,0.5548213606764023,N,16.297050531246743,2,0.16673366691644717,0.8915344475618102,3.440774687327469,3.4372716656769318,-0.101809097336103,0.28708647156190614,0.28636147469257933,-0.2525360618291894,0.13254370873405197,0.13172673042008176,-0.6163840756934547,0.22233167140172327,0.22156333680183182,-0.34558036425821337
ESP,2004,EU-SILC,12192,3.5794411458139113,0.6037486939288765,Y,219.35407994538087,34,0.12705981076805578,0.8887527352141409,38.59912222111959,38.534782345501355,-0.16668740612716393,0.31517006842820783,0.31402772429033543,-0.3624532442339512,0.1818268187294536,0.180405015869451,-0.7819544278108603,0.4725737062470027,0.4717034347065644,-0.18415572617225262
NER,2011,ECVMA,3859,0.8980215485366223,0.6213600584232608,Y,15.833084774654726,34,0.09899987383631162,0.8868345981403218,2.319352358173785,2.3144582729600214,-0.21101085380650364,0.31451714595240887,0.3130687124719862,-0.4605260791225141,0.16080712297969724,0.1589404793524274,-1.1607966069422937,0.25060255764327033,0.24903456609420427,-0.6256885659156275
SVN,2002,HBS,1300,3.2287095185844192,0.5255853418057086,N,122.17635625330553,3,0.15331282852409206,0.8801731043155165,27.58420794911187,27.528731197264936,-0.2011177988118451,0.29121610637397344,0.2897902751192727,-0.48961277329548913,0.14032495129661138,0.1387048711711616,-1.1545203547053795,0.24347525737156006,0.24199512404521817,-0.6079194010597533
LUX,2008,EU-SILC,3745,4.269411973565722,0.638962838553193,Y,486.0446485986541,13,0.08216869086657975,0.877205328117143,80.47451703791772,80.16796681146515,-0.3809283208349501,0.31133750279308525,0.3087056643313971,-0.8453329387167474,0.16133753504497506,0.15791371479120908,-2.122147368131999,0.27498873785909406,0.27224085315488267,-0.9992717249458494
VEN,2006,EHM,11447,2.43706784758172,0.8752577761994353,Y,158.03889540490576,28,0.04999915736409743,0.871126643284794,12.0562801667229,12.030272814011493,-0.2157162271592794,0.43463120274583855,0.43340960126222694,-0.28106621795536135,0.33917509336089546,0.337149433011366,-0.5972314563127634,0.5679583189423734,0.56702590485669,-0.1641694565579499
ROU,2010,EU-SILC,6323,2.4917626616355384,0.6163574438717367,Y,76.7716163641437,14,0.08934439056601427,0.8701131311941895,12.136858519266669,12.099845252344293,-0.30496579377290445,0.3556450720233916,0.35367550797461655,-0.5538004611084446,0.23077200388402774,0.22806474540709276,-1.1731312426855212,0.4105216682641969,0.4087331353226792,-0.4356732128367624
URY,2013,ECH,37356,3.215417550233941,0.767288377425783,Y,248.9576203325067,69,0.0675674484710074,0.8663068376688348,27.274682360840956,27.206614234429342,-0.2495652397013437,0.4044501562805407,0.40296069185536454,-0.36826897011829063,0.28315944665436055,0.2808307745206511,-0.822388997161716,0.43299595420219783,0.4315819235332543,-0.32656902569653257
ROU,2008,HBS,31360,2.381588547847584,0.49693864419175093,Y,48.05780131079882,69,0.13405783150571005,0.8656504287821426,10.663800066976686,10.635914082279013,-0.26150138339547935,0.29583811489003686,0.29399375408717177,-0.6234358285951869,0.14469550181532087,0.1425139584102011,-1.5076787997903018,0.248875326704865,0.2469491939559132,-0.7739347947641084
GEO,2003,HIS,11698,1.6106877293236526,0.7127875066461554,Y,42.480716742558485,21,0.0830391354873845,0.8572714172155333,5.779569035487474,5.765298062039865,-0.24692106556704063,0.36655082576057996,0.36498395056397115,-0.4274646478718447,0.23777749276249693,0.2355633528664991,-0.9311814462647283,0.4226357003713672,0.421215943830213,-0.3359291559862809
BIH,2011,HBS,7395,2.969787974324221,0.6047370393363074,Y,119.58161301119529,20,0.11580928413211264,0.8548127506846542,21.1846177722709,21.142015568351617,-0.20109970534869515,0.3303018588628983,0.3289534548397828,-0.40823385849464433,0.1839835637537588,0.18224542150282863,-0.9447269177025319,0.31100480502378725,0.3096351893987983,-0.44038407216383524
TZA,2000,HBS,21553,0.5213347271646723,0.721164223058623,Y,14.655671539399567,68,0.06169580586466467,0.8509570417642216,1.4235555972868115,1.4204836853493812,-0.21579149724009206,0.3730112770203471,0.37165580671506593,-0.36338587833290026,0.2316279003200404,0.2296117236553392,-0.8704377417036002,0.35579918611499495,0.35441052634082837,-0.39029312835970886
BOL,2016,EH,9019,2.794331157149997,0.8493285711890102,Y,208.99636735078337,10,0.047997340052045485,0.8382866306862414,18.903701667767624,18.84554716111569,-0.30763555029591494,0.45188783300219804,0.45019742794204987,-0.37407625005472234,0.4072340433253139,0.4043599003214071,-0.7057717916796991,0.6627844026832509,0.6617454629870456,-0.1567537938429453
ARG,2020,EPHC-S2,24594,3.09742419224595,0.752592273735866,Y,211.70652793634972,29,0.05883221877816215,0.8273193499876124,22.316374390282522,22.256298354419197,-0.2692015952622029,0.4264238267615461,0.42487628276779466,-0.36291217718864566,0.32430627362858777,0.32180884620759675,-0.7700829814508037,0.4911254272254041,0.48975594631137687,-0.2788454513064087
GEO,1997,HIS,10805,1.559080387096491,0.787243288755429,Y,50.44129845661257,21,0.0655021218321153,0.820427253569783,5.607208221409409,5.594245277765312,-0.23118356109198546,0.4069607301519146,0.4055872156185796,-0.33750542289971985,0.3042340402627861,0.30210635145548137,-0.6993592187997555,0.5195913760335535,0.5184819279777519,-0.21352318513653268
ARG,2022,EPHC-S2,28913,3.060571544301723,0.7271983777806722,Y,189.07933287374942,40,0.07332523814837445,0.8197025751920622,22.877868207370376,22.828980603644553,-0.21368950674378606,0.4068990780901244,0.40562951656724644,-0.3120089455195929,0.28873435901491895,0.2867783455720234,-0.6774439486761819,0.4509310887631648,0.4497603777730982,-0.2596208199522665
THA,1994,SES,5955,2.7196238969275175,0.8614420137913572,Y,201.12969290217046,12,0.02142769636367986,0.8159605068383433,8.36953259271438,8.344337972043148,-0.3010278100017749,0.4347021175221,0.43299549088141265,-0.3925968086871734,0.3124148286483692,0.30947524542620086,-0.9409230781029732,0.41597317078377405,0.4142105227276579,-0.42374080347417076
SSD,2009,NBHS,4966,1.3443706333620935,0.9338717009772826,Y,63.179869907459654,9,0.04093301326903357,0.8145948634366661,4.44471796240586,4.434372942722434,-0.23274861916831036,0.4634066065384145,0.46215504660205897,-0.2700781384418538,0.40274244122790015,0.4005169598112488,-0.552581796412166,0.588178602144585,0.5872187251881609,-0.16319481071297437
ESP,2006,EU-SILC,9854,3.597794884954648,0.6118728756152066,Y,228.9293662838601,15,0.08412984862779092,0.8094239798691498,40.08824937436112,39.95636340013447,-0.32898910849171736,0.3218195777476123,0.31958291798909244,-0.6950042549225932,0.19414682693496,0.19126372135466996,-1.4850129800245915,0.8426862642798062,0.8421683561933615,-0.06145918218891655
MRT,2014,EPCV,9336,1.8642499948113687,0.5969530372112961,Y,38.6717402210988,39,0.09622223050032039,0.808224770111572,6.3053599831503755,6.291609312935882,-0.2180790668770527,0.32619349883079507,0.32472208292620486,-0.4510868272557089,0.17977353319323308,0.17787394433366988,-1.056656575537951,0.30285754418216737,0.30135233709432785,-0.4970016817326339
ROU,2015,EU-SILC,5772,2.4881821878792474,0.6128568872378084,Y,75.69808399284769,3,0.04658928490409891,0.7926294285476235,11.438276338528036,11.382880390168637,-0.48430328766237984,0.3601153969458477,0.357002023560534,-0.864548811774879,0.2696103605986586,0.26502628870618006,-1.7002580621530372,0.5428223381317829,0.5406019033694067,-0.4090536822818014
SWE,2004,EU-SILC,5700,3.6673685495537693,0.42380952687820883,Y,139.60222522220815,12,0.16424517525012025,0.7910619795642959,39.96144667004333,39.87461677842204,-0.21728415474603358,0.251812858972456,0.2501853610134116,-0.6463124900314976,0.11634975620712584,0.11465014122728245,-1.460780869035716,0.4117496480665781,0.41050617592146055,-0.3019971361132745
HND,2015,EPHPM,5587,2.0183236517475547,0.9418424128381787,Y,126.95731025951079,4,0.04911090306082633,0.7896403728608185,9.721275815534987,9.706862578508549,-0.14826487078378747,0.49244945487854697,0.49169632708860256,-0.15293504388793622,0.44097953987291394,0.4395939125850197,-0.3142157770615772,0.5915814579888472,0.5909761186565261,-0.10232560945689917
ESP,2014,EU-SILC,11776,3.6506705731205535,0.6355994996461605,Y,259.16607490529066,20,0.09885451927380502,0.787365469476896,41.31416057438571,41.24506451748718,-0.16724545758136644,0.3595547883172394,0.3584826393851217,-0.2981879165441015,0.24914614321314188,0.24768676920102184,-0.5857501919552366,0.9296712668001721,0.9295535884002794,-0.012658065715831501
BLR,2004,HHS,4819,1.9322102523663176,0.49162429034608746,Y,30.177092902580494,13,0.16407670673332106,0.7840209991628739,7.341129821532014,7.333087402377805,-0.10955288013870801,0.26479885073804377,0.2639932806579367,-0.3042196285451326,0.11586594108491721,0.11499715817634493,-0.7498173323734258,0.20825696873138277,0.20741875997761805,-0.40248773372183466
BIH,2007,HBS,7467,3.0173327176477365,0.593876610170116,Y,121.38442168087593,16,0.10706724190136514,0.778560274140879,22.214685754519838,22.171693988601543,-0.19352858011754126,0.33061586520682484,0.3293187576086072,-0.3923307181300073,0.18279733923901098,0.1811291889276445,-0.912568157890592,0.3075780306879825,0.30625404793164024,-0.430454266639535
VEN,2002,EHM,13732,2.072773678707878,0.9950372053301851,Y,157.2576109454672,30,0.03152395656076926,0.7719489167628523,8.323505471267962,8.308826081908762,-0.17636066210170442,0.47522637009049595,0.4742994710512243,-0.1950436881470119,0.41698001978045496,0.41528644577749074,-0.4061523148893076,0.9444742508456221,0.9443761617120177,-0.010385580497995761
BOL,2012,EH,7084,2.744805731617972,0.9078342307680625,Y,237.05885032598476,8,0.03965496111680781,0.7672028186112577,18.564909460165463,18.516484546435166,-0.2608410982784637,0.46535014662362106,0.4639526358702689,-0.3003138096102198,0.4354936253313464,0.43303939553000204,-0.5635512573753609,0.6736849200140047,0.6728325743499601,-0.12651992626269148
PAN,1997,EH,4125,2.713482931911625,1.1411259996180954,Y,462.59915851682683,6,0.018845423610587036,0.7635227859960264,17.44985702414436,17.403802160682798,-0.2639268814514595,0.5668145310844809,0.5656684873344535,-0.20219025574991223,0.653247316302259,0.6506772503650882,-0.3934292377531401,0.8016624020925924,0.8011376334552592,-0.06546005350424045
SRB,2013,EU-SILC,2868,2.5419998552462664,0.8079917534636032,Y,143.448360836297,6,0.06596174959504811,0.7633255268917387,14.420640953932102,14.405185568962374,-0.10717543706345589,0.39019087105705563,0.38953709575879725,-0.16755268940230605,0.28878819409845713,0.2878135133833424,-0.33750711941584743,0.5235810559310202,0.5230719335656121,-0.09723850006428947
NGA,2012,GHSP-W2,743594,1.0217572475805534,0.6685306752045189,Y,20.64244252897917,899,0.10919154697480203,0.7581508582366417,3.550332358054995,3.545955285142924,-0.12328628620191795,0.3552021586536823,0.35440686796612786,-0.2238980445864569,0.2074933753105086,0.20643943862749303,-0.5079375095413896,0.3299489340719044,0.3291338493091378,-0.2470336099309689
NER,2014,ECVMA,3616,1.0547551142724054,0.659483362191334,Y,20.763677805049674,22,0.06945515207875252,0.7544085307322113,2.5537339738260836,2.548889830871972,-0.18968862864183755,0.3427657609739838,0.34151731899935744,-0.3642259865976327,0.19153242683119798,0.18981311835977732,-0.897659210957491,0.299967034084088,0.29864535730777964,-0.4406073421847623
PAN,2016,EH,7025,3.1413443238095358,0.9870397849001503,Y,446.95757451516124,11,0.03971065396091408,0.7454568201636256,30.913447140833892,30.860490516542676,-0.17130611170588228,0.503742500543364,0.5028912579906321,-0.16898366761068928,0.47138286782693717,0.46976231503613075,-0.3437869514174574,0.6209331501336193,0.6202834412734088,-0.10463426861178071
UKR,2010,HLCS,10425,2.4611917507735264,0.44589627281608624,Y,44.65117260920012,43,0.15090296152490157,0.742051247832961,11.802624028306571,11.782422451250367,-0.17116174342038937,0.24818975581498115,0.2469020192135858,-0.5188516331654514,0.09953346056317969,0.09818155734829759,-1.3582399398481382,0.17490067832369738,0.17353971380012245,-0.7781356462529643
AZE,1995,SLC,1424,1.5820280449256914,0.6825714271847633,N,37.703100274849994,3,0.07940231476372908,0.7411997007535008,5.290797923557904,5.281519679536942,-0.1753656850066121,0.34650285188093366,0.34535562202439796,-0.3310881426539902,0.20780990924448184,0.2062538593448766,-0.748785226490134,0.36041861669965625,0.35930452309422867,-0.30911100420653037
MNE,2022,SILC-C,3634,3.0441855041280217,0.6188288176688791,Y,134.38004698498816,8,0.07996884615642744,0.73763742773364,18.96591964165003,18.933482092897695,-0.17103071912790702,0.34043508126223077,0.3393056846203599,-0.33175095753451567,0.21771411232493643,0.21618447535936314,-0.7025897169634643,0.45641560859565244,0.4554904106704496,-0.2027095278466895
BOL,2011,EH,7647,2.7098500076836243,0.894811876911012,Y,220.1448279039659,13,0.03986501347856778,0.7376064472546372,18.126366124291078,18.080425644421616,-0.2534456137234131,0.4606901810252688,0.4593202544431665,-0.2973639635760361,0.41011568945819965,0.4077174023142258,-0.5847830760003836,0.6280919960012485,0.6271481812985604,-0.1502669527229994
SVN,2015,EU-SILC,5275,3.5743958204946114,0.5078105051778703,Y,163.66592966125594,15,0.13370950292437445,0.7304229453000346,37.81600240984142,37.75862255225134,-0.15173432920859709,0.2565753464770931,0.25544649738258585,-0.4399678729881673,0.11200887140649085,0.11077220705293955,-1.1040771485531065,0.2065490243662229,0.2053771436797177,-0.5673620052677575
VEN,1998,EHM,5910,2.189627654384262,1.0516766140427165,Y,209.4861225826158,3,0.0195941177229307,0.7236651956237357,10.509031068744076,10.474027825974332,-0.33307773609928537,0.47172675750201243,0.4699617552631924,-0.37415775356192116,0.4159253197176209,0.4126999521562338,-0.7754679526547958,0.9854493027273923,0.9854006764610596,-0.004934425971803158
ARG,2014,EPHC-S2,32626,3.228404939395527,0.8168582443265335,Y,292.6506779648662,25,0.04562266437870906,0.7194458106977921,26.81736424982402,26.75794288279902,-0.22157795401309688,0.41747033453386484,0.4161773356445694,-0.30972234008894706,0.30940413257320554,0.30734277497190376,-0.6662346698986132,0.47734201126003295,0.47618450274464075,-0.24249039223191993
ESP,2015,EU-SILC,12216,3.670901254333487,0.6472042227918875,Y,273.8317653407553,17,0.08757381310708107,0.7186108288129551,41.47696350551926,41.41871047271314,-0.1404467151949751,0.3589981422933963,0.35809716034407924,-0.25097120100993076,0.24627635260105496,0.24504412384684437,-0.5003439190147008,0.5488781859979871,0.5482481796941451,-0.11478071453987493
SVK,2020,EU-SILC,5508,3.295500515529443,0.36588254660480296,Y,80.8946875749359,30,0.20159916503673334,0.710746066237784,26.04363930751503,26.021618180341854,-0.08455472337470793,0.23232324512468272,0.2316743124562194,-0.27932317668646345,0.10099161754141317,0.10038345189411357,-0.6021941841363287,0.21766481005495963,0.2170442876270987,-0.2850816481103413
ROU,2007,EU-SILC,6406,2.189823696568867,0.7524478101732412,Y,85.38471701318046,11,0.058100625251574375,0.7035517169170067,9.692545150488735,9.67396213712346,-0.19172480578373285,0.3962192671998225,0.3950600875277639,-0.2925601473776851,0.2938414039923114,0.2920949551671428,-0.5943508305637946,0.539158680273476,0.5382768255238614,-0.16356126347949473
CRI,1996,EHPM,4639,2.291472204231717,0.8987351584003214,Y,146.59558593754105,10,0.043405329242732285,0.7035432268172055,12.012648687566923,11.991764808095702,-0.17384908203330607,0.45493363142259025,0.45398483842138404,-0.2085563554049208,0.3858268003647227,0.3842030239926606,-0.4208562936859672,0.9905654925589306,0.9905490628958852,-0.0016586145155317311
SVN,2017,EU-SILC,5339,3.616167361374276,0.49528569028862235,Y,164.35429487166834,18,0.13712846419190636,0.7031914544392289,39.1012780307638,39.0516977054659,-0.12679975641434194,0.24757935939424758,0.24662510418924466,-0.3854340714580129,0.10359446989872145,0.10258602465285982,-0.9734547093561363,0.1915355119541493,0.19054450147035773,-0.5174029994128748
ESP,2022,EU-SILC,23994,3.856262575514802,0.5865673089213679,Y,274.7782757013113,44,0.10049290814766351,0.7028199256412195,48.384883286244545,48.32095736572082,-0.13211961294923302,0.33753738816531564,0.3366615799534909,-0.25946998540967714,0.2143977498819134,0.21326526253793077,-0.5282179242116047,0.9629306497147311,0.9628816476089719,-0.005088850975276671
TUR,2010,HICES,10005,2.7175209737472064,0.7011076271378813,Y,124.06974351110728,16,0.07153951564252901,0.701686054560163,16.712503928202977,16.68399351233773,-0.17059332334478094,0.38785080281886064,0.3868054477932892,-0.26952503848746145,0.25870278455826945,0.2571825983110161,-0.5876188189659626,0.4030366906514652,0.40202407616625746,-0.2512462286177852
IND,2019,CPHS,2437272,1.5962032218222808,0.6004515685614442,Y,29.8910148189169,7035,0.09911856223788065,0.6952611824659709,4.963366478267625,4.958485661927524,-0.09833681154660656,0.3383408054568945,0.3376900892940753,-0.19232565281047664,0.18669735290670197,0.18585876740653062,-0.4491683931857393,0.2987363916152451,0.2980567834595236,-0.22749426410587636
PAN,2007,EH,6292,2.746580657610915,1.1031684393499714,Y,426.7020419636013,6,0.027573815684768077,0.6918530761501548,18.690726099033416,18.67907177013664,-0.062353537444315155,0.5259981958827558,0.5257025580466768,-0.05620510457889916,0.5218428666311556,0.5212443605531241,-0.11469086123478966,0.6590288506356453,0.6588162297455348,-0.03226275904392173
TCD,2022,EHCVM,7531,1.3846712021254437,0.7362720933092495,Y,36.36066222139912,29,0.05632420834635458,0.6887772762248585,3.884317074302111,3.878042636103491,-0.16153259578447487,0.37357686303704807,0.3725638472588647,-0.27116662684832926,0.23233147399974574,0.23085419902902005,-0.6358479741437439,0.3552798995759595,0.35424194108013085,-0.29215232752191067
TON,2000,HIES,1619,2.354294956145246,0.7205267042161776,N,91.45756267504835,4,0.05804396776822841,0.6803806956561772,11.346528140562233,11.322414151667363,-0.2125230607648687,0.37690176072678105,0.37557550166351605,-0.3518845496257583,0.24486662381502766,0.24294342132308522,-0.785408179350422,0.39216071236300754,0.39087368086104024,-0.3281898113179582
ECU,2021,ENEMDU,8077,2.7653946736198085,0.8535659471179213,Y,205.63289480551904,6,0.03253391259184742,0.6692118778847375,14.69960986784009,14.668138758857902,-0.21409485874207546,0.45739924879911464,0.45623543037634207,-0.25444257414679594,0.36831676631045474,0.36628264386076337,-0.5522752792569863,0.526161969674471,0.525146680325334,-0.19296137076673103
ECU,2023,ENEMDU,8039,2.8617005944998803,0.8885143268506206,Y,251.44985225651436,5,0.02858596564693783,0.6631728407360448,14.923722704892494,14.89663199747221,-0.18152781283856667,0.4456543717300079,0.44464675057346004,-0.22609924202836584,0.3519979201837664,0.35027215580755966,-0.4902768673479052,0.5102153667397372,0.5093257653450779,-0.17435801676140006
CIV,2008,ENV,12593,1.3484560681049382,0.853378984824649,Y,49.82879464110876,26,0.04230156288393388,0.657304660606087,3.9919024093737603,3.9867418076895142,-0.12927674965520497,0.4318373323797666,0.43110214542406755,-0.1702462711242747,0.32512563034266173,0.3239177813081162,-0.3715022507676524,0.47724463215988044,0.47656954396839446,-0.1414553765499038
GHA,1998,GLSS-IV,5997,0.8688755784793198,0.8138176598375809,Y,27.394124552019537,6,0.03614197171574498,0.6544769199897259,2.649763144373951,2.642321832906996,-0.28082930667800987,0.4007262446221699,0.3990391706005557,-0.42100412544849863,0.27372712974872904,0.27109578820220726,-0.9613009674770856,0.4154355812342546,0.41379357948158757,-0.3952482230310306
PAN,2009,EH,7099,2.8837279519789374,1.0639606557235322,Y,435.1148064538295,9,0.0292630807003198,0.6521146061713682,22.551048132742586,22.531317450975862,-0.0874934133907379,0.5175017341189787,0.5170793201128476,-0.08162562138080975,0.48303116412070635,0.48219496553367813,-0.1731148317418385,0.6028262393061085,0.6024787140118416,-0.057649331035569684
BRA,1996,PNAD,14425,2.462729871394533,1.3207254947124203,Y,617.0230340434392,18,0.011302737581246763,0.6480570649804468,13.182389344682633,13.166700433554965,-0.11901416896017425,0.5921985453477188,0.5917126841690883,-0.08204362919284058,0.6627314731769571,0.661560879996554,-0.17663159632235192,0.7203904478527223,0.7200573046665169,-0.046244808936390935
MNE,2012,HBS,1263,2.7426843279901094,0.5600392902709551,N,83.32946422389267,3,0.10750652104214571,0.6394141152022726,15.971090501122298,15.958553702096555,-0.07849682540376213,0.3227373609024662,0.32220588204848466,-0.16467844085213956,0.18149361119270857,0.18084568291809155,-0.35699784160945214,0.3359943193794577,0.33548333205152914,-0.15208213307661422
SRB,2019,EU-SILC,2902,2.63658035875637,0.6832457255952423,Y,108.45306899071954,6,0.06812976266185757,0.6374086011613869,15.84869589396298,15.821563761665828,-0.1711947309651296,0.3462758587657969,0.34515550447118404,-0.32354386430692994,0.23124441245511163,0.2297288162429174,-0.6554087928452801,0.5478295388225587,0.5470589619619923,-0.1406599691981869
HRV,2021,EU-SILC,5499,3.3629688366696837,0.5519532041135965,Y,151.2340215991099,12,0.08873734126792757,0.6355425506987497,30.318681689680517,30.260194616591296,-0.19290770518273215,0.29481674650599876,0.2934546011723047,-0.4620311938983934,0.15647609016601027,0.15482135029424215,-1.057503334862564,0.32143259717271055,0.32014090112514504,-0.4018559595159732
ARG,1993,EPH,2482,2.93101020771518,1.0201327270331646,Y,399.9775373134156,4,0.02675271971266166,0.6325592707936484,23.244326417658755,23.204297145441384,-0.17221093654475883,0.4439823599676408,0.4430234398884769,-0.21598157170789056,0.35151763217075915,0.34987116876798874,-0.46838714536248105,0.5163910603421326,0.5155576323678914,-0.161394733225817
NGA,2010,GHSP-W1,780588,1.0064098334034983,0.6861530771611815,Y,21.431655647208387,779,0.08596110207223677,0.6286159506789449,3.499538771247644,3.495962999718054,-0.10217836587405049,0.35657243459575827,0.35591472440804806,-0.18445345851141326,0.20896703560455943,0.20808506995411835,-0.42205970328740294,0.3312778201352068,0.3306026727569611,-0.20380096016393567
URY,1996,ECH,14754,3.036757610910834,0.771764475312295,Y,211.04070653750662,22,0.05492996429552321,0.628249063004022,22.592111747143026,22.56610160152885,-0.11512932436458234,0.40744275559042364,0.40676007334892816,-0.1675529217610494,0.2903951786626706,0.2893465377800477,-0.36110822757186023,0.45090637596080174,0.4502763330792068,-0.13972809327711389
IND,2020,CPHS,2280682,1.5240386268559973,0.5989769894339644,Y,27.687182906639123,5003,0.08333903597705312,0.6280764175379162,4.6844910470395815,4.678143094815047,-0.13550996598757914,0.3380365655247999,0.33713890486652254,-0.26555134853051277,0.18615579036773866,0.18498713722595417,-0.6277823211815692,0.29818314729104967,0.2972439423347454,-0.3149758679646508
MRT,1995,EPCV,3408,1.5647989536830826,0.6997840163022401,Y,39.02299167642711,15,0.06125216250704632,0.626669094105679,4.554357950752907,4.54971962331735,-0.10184371728598762,0.37747362900565684,0.3768392898405408,-0.16804860429243673,0.2440237318591827,0.2431065538983197,-0.375856050505885,0.38682053114576553,0.38619929566399047,-0.160600441743608
LUX,2014,EU-SILC,3795,4.330151931902071,0.5819655599333703,Y,435.30572995426496,5,0.07874033632065194,0.6263224825762623,78.08622943867574,77.9399190236943,-0.18737031616611333,0.3202227554578593,0.3189477809801703,-0.3981523661134023,0.174378141235624,0.17277505570077878,-0.9193156455768681,0.33890689983230826,0.3376835484059677,-0.3609697610009954
ROU,2009,HBS,31208,2.440093411836002,0.45122914589692836,Y,44.424043783759814,68,0.10316895333053526,0.6246662593543364,10.845435556480052,10.823519600877507,-0.20207538451002538,0.28189346366157175,0.2804401998968046,-0.5155365242919929,0.1312868976232977,0.1295973201280427,-1.2869353498647818,0.23109001053301237,0.22956865410565785,-0.6583393301361151
ROU,2009,EU-SILC,6302,2.4508304418709335,0.6701994742566557,Y,86.61117637081412,8,0.049209525877771575,0.6221401913436886,11.882751727188609,11.85144530210542,-0.2634610719969621,0.3643025247216567,0.36262386683622183,-0.4607867833793966,0.2486433202360656,0.2462304464646632,-0.9704156818335585,0.47085813183310754,0.4694663880660873,-0.2955760287290832
MNE,2013,SILC-C,2620,2.697741689634368,0.7962798362486331,Y,161.83563127244867,3,0.05028566344753213,0.6121510925125906,15.562395892886721,15.548510637287132,-0.08922312280936762,0.4121592632277792,0.411634591155825,-0.12729838166083418,0.33423836911706006,0.33342218376980215,-0.2441925950674051,0.7648549383502611,0.7646453125938584,-0.027407256708689154
ROU,2013,HBS,29533,2.4407824495896615,0.4337903039282987,Y,42.18874002451885,41,0.10659524482019707,0.6117696338082502,10.46206449842144,10.44303195546636,-0.18191957197313258,0.27450699330124495,0.27318590852997704,-0.4812572369761625,0.12482727886753509,0.1233447698432979,-1.1876482750300177,0.22261502074657924,0.22123897723434793,-0.6181269833529179
URY,1998,ECH,13482,3.088692439024202,0.7977403332296966,Y,240.3060786986827,18,0.05194923817298525,0.6100666489204701,24.311222755851798,24.287745271040922,-0.09657056350744764,0.42475730548605706,0.42420150514930133,-0.13085127190919366,0.31658861050101894,0.31570629428677455,-0.27869486929680276,0.47340176070093176,0.47289478154160625,-0.10709279124244686
MKD,2018,SILC-C,4113,2.6428279203211242,0.612566921067368,Y,88.28133322651796,4,0.07473696844907093,0.6070577900433098,13.332932677769083,13.317972863467379,-0.11220197883882177,0.3418816965428013,0.3411431366581775,-0.21602791026612556,0.24009710632165282,0.23912504890044994,-0.4048601151821596,0.5014386306674241,0.5008836627084206,-0.11067515046954135
BOL,2017,EH,8658,2.8224051578898046,0.8608572697125009,Y,222.51109533280973,10,0.033026601228390226,0.6050452738723268,19.088658577882295,19.046651403455684,-0.22006352230158344,0.4459609416372945,0.4447392668610519,-0.2739421016910937,0.388829670895912,0.38674282473975197,-0.5366993088134708,0.6219815233578844,0.6211488029765442,-0.13388185180237544
PAN,2003,EH,6885,2.573509111661142,1.1471546818261276,Y,409.51484621921577,6,0.02092052283460195,0.600276634949512,17.700983877906676,17.6804016544458,-0.11627728493989187,0.5543350709122922,0.5538164072602793,-0.09356500774149179,0.5954283225329626,0.5943077637055203,-0.18819373970581088,0.7199898145800542,0.7196639732495478,-0.0452563805637185
HRV,2022,EU-SILC,5729,3.4183400988713304,0.5402028446658301,Y,154.30769567290807,10,0.07889217815009633,0.597031609550406,32.18823035408946,32.11779314649023,-0.2188290776609425,0.2884496271804394,0.2868900960940789,-0.5406597684333159,0.14827702307580148,0.14641380023913486,-1.2565823065614934,0.3130745614325764,0.3115924812784986,-0.47339526638512375
ROU,2016,EU-SILC,5690,2.5662019909901144,0.6494008910006763,Y,91.32318185705707,3,0.060742419027673335,0.5965287848785503,12.340566960542077,12.322423836198249,-0.14702018474385126,0.35913890645553015,0.3581960653409949,-0.26252825789343515,0.2572729813515262,0.25597110514161825,-0.5060291224787128,0.4872260084703298,0.48647620592358454,-0.15389214321692712
XKX,2014,HBS,2372,2.1685446768708205,0.5296779058986533,Y,42.84454766397372,8,0.09427135394634575,0.595040398898744,8.761588051770266,8.749843198452165,-0.13404936694927372,0.27270172326087094,0.2717262701610472,-0.3576996463973914,0.12478088168195445,0.12366928670552024,-0.890837571790426,0.22668704611696522,0.22567301955018892,-0.44732444316781805
BOL,2018,EH,9341,2.830194733002926,0.8201450349513587,Y,198.46838895664692,12,0.041943372739685146,0.5945786387446774,18.749852634972967,18.721614352559847,-0.15060535654797258,0.4257097000960657,0.42484382051802627,-0.20339672265959896,0.3443695522826271,0.3429746019358215,-0.4050736592591475,0.574312230589081,0.5736717296996289,-0.11152485622587527
IND,2021,CPHS,2301660,1.5416345357943397,0.5868874924036231,Y,27.174988586446307,4621,0.09142370473057461,0.5945311665536068,4.8573156736158785,4.853281799404178,-0.08304739660243143,0.32810046992701625,0.32754237162905664,-0.1700998167066814,0.175098288634274,0.17439470565096538,-0.4018217361211329,0.2843980650204305,0.283813493734991,-0.20554685749972768
MNE,2018,SILC-C,3261,2.947719652402315,0.6663307746465208,Y,140.71153959275716,5,0.06123556344953687,0.5932712611628366,17.681474402476812,17.662740800405196,-0.1059504521240151,0.3607566377934761,0.36007909856210174,-0.18781060703926267,0.24425160429651038,0.24330878250615973,-0.3860043388726808,0.4358702581597884,0.43527608406652807,-0.13631902662248896
NGA,2015,GHSP-W3,748842,1.0699154855278716,0.6896874151327363,Y,23.080260558195832,629,0.08059595201400291,0.5913508528109658,3.6770485811436244,3.673906078724948,-0.08546262986003361,0.3588652821565831,0.3583172266875341,-0.15271899966347036,0.21212761588905127,0.21139087448474791,-0.34731046272102883,0.33585571092858435,0.3352949662070632,-0.16696000790660248
PAN,1999,EH,3170,2.6271970021079376,1.1354281559664936,Y,417.1648510793939,3,0.02216948636151071,0.583906283868751,17.71046398852214,17.699534781155904,-0.06171045193010816,0.5444154268204335,0.5441341524256951,-0.05166539757721633,0.58075965322484,0.5801644679153943,-0.1024839287889101,0.75021675359381,0.7500625662538576,-0.02055237225959683
ARG,2018,EPHC-S2,31751,3.201227101839828,0.7782189467429715,Y,253.63188447084644,33,0.04660821194601391,0.5808589301622646,26.24787238523331,26.21362256078293,-0.13048609787378318,0.41662056935654146,0.41585869073416337,-0.18287110104879822,0.3137720867878686,0.31257646864828414,-0.3810466864099249,0.4996991900089931,0.4990479145976201,-0.13033349350861645
ARG,1992,EPH,2379,2.8899175998435847,1.077428543650428,Y,455.8679712211849,4,0.019763380379879465,0.5795823816401056,23.194978836630003,23.15063974705023,-0.19115813768172396,0.45016466516327014,0.4491119292314423,-0.23385574508519857,0.3546666455298384,0.35283167344476096,-0.5173793781301783,0.5101452841289668,0.5092078801368968,-0.18375235863848927
HRV,2020,EU-SILC,4812,3.3384142497304086,0.589457839500268,Y,165.13903711141953,12,0.07547511091989036,0.579015441604184,29.10243705272691,29.058568319740367,-0.1507390357276983,0.2885808784570115,0.28750770853076113,-0.37187839055325966,0.14988514475044745,0.14859829137823954,-0.8585596486899827,0.3009148310424279,0.2998756287684339,-0.3453476421863333
TUR,2009,HICES,9959,2.6968064118439377,0.7002840176526569,Y,121.22622944721132,13,0.06491184020554265,0.5698543312962993,16.434209110395393,16.419248234311496,-0.09103496239702968,0.3896530913560996,0.3890972924980153,-0.14263940679900555,0.26013080347458084,0.25932779829189156,-0.30869284681532827,0.4041532730624964,0.40361493041049523,-0.13320259611454555
LUX,2004,EU-SILC,3514,4.297780567940375,0.5863110894143738,Y,426.9700354531541,6,0.09652138435258951,0.5661655325038948,75.69985055874439,75.68338148571394,-0.021755753688934565,0.30187472388745173,0.30172288379421897,-0.050299041694323865,0.15657635409678772,0.15639462476879906,-0.11606435022514239,0.3109884396217457,0.31084133336439734,-0.04730280570148793
PAN,2002,EH,6599,2.633535460375753,1.1691315256430819,Y,464.48535874999254,6,0.014115341157713396,0.5635603692568273,17.365283600937257,17.33298343756851,-0.1860042375985249,0.5592149931403476,0.5583937534491296,-0.1468558070316206,0.6016513454515442,0.5998424640566178,-0.3006527631993938,0.7129958797172906,0.7124611734544857,-0.07499429912791733
HRV,2018,EU-SILC,5306,3.2119315143544624,0.569285854172562,Y,136.9737192140825,11,0.06971544687217597,0.5604063128663818,25.553412092886237,25.505700998812475,-0.18671124584197507,0.3023793122633628,0.30107504284029396,-0.4313355345992864,0.1669095127813871,0.16529224233079498,-0.9689504352639156,0.35046577494768993,0.3492661273250022,-0.3423009344826422
ARG,1994,EPH,2508,2.927470800108175,1.0280285412195163,Y,408.1180308092705,6,0.026209640687522646,0.5573384226255156,23.039816505206158,23.018373024776334,-0.09307140282552862,0.4528650426550608,0.4523555265862125,-0.11250947210699191,0.3598918723054023,0.35900765840127,-0.2456887671478003,0.5082287508121353,0.5077712019264968,-0.0900281388857449
BLZ,1998,LFS,711,1.8926473501123728,1.2381110123689991,N,272.32069219321295,1,0.012477753478994687,0.5545452882025657,7.785662109066488,7.776466591329449,-0.1181083587782572,0.5468510365181729,0.5463153443901018,-0.09795942446811923,0.5508808308139277,0.549728933991326,-0.20910090861206987,0.6790543730109571,0.6786749395189056,-0.05587674671309051
ROU,2019,HBS,30549,2.7832569923328605,0.4288429906211053,Y,58.5444306465249,66,0.10937438324220825,0.5531008155157972,15.200475838713595,15.180434492829686,-0.13184683227394078,0.2758243884419145,0.2748688703183637,-0.3464226383128488,0.1258745017791325,0.12479961200967304,-0.8539376555750211,0.22492565862141323,0.22393256725260458,-0.4415198225473205
ROU,2021,HBS,30278,2.848822251196542,0.4437593177164695,Y,65.37240348475603,54,0.09661689622834048,0.5490756648326747,16.098601127229845,16.073368413298585,-0.1567385497152296,0.27626082241750316,0.27512543270930157,-0.410984698541772,0.12706938494841546,0.1257943728074684,-1.0033983728375273,0.22687994640121978,0.22570039687279408,-0.5199003028411142
MNE,2020,SILC-C,3495,2.9394239513799905,0.647779009414287,Y,131.99459563945146,8,0.05719419496202032,0.546766587198205,17.739015643140732,17.717517879075533,-0.12118916008460046,0.3566570826998068,0.35587693531600895,-0.21873878906100153,0.23608827693336387,0.23501199107058124,-0.4558828065344467,0.4484740684901224,0.44780964861139483,-0.14815123669568164
ALB,1996,EWS,1503,1.9224868969511442,0.5304505295686635,N,33.57690520859936,3,0.08753492224068435,0.5434203215528305,7.93315755093481,7.919438678527403,-0.17293079482318952,0.2701034200412623,0.26884008468316956,-0.46772282924064656,0.11910432674727511,0.11769457631475366,-1.1836265491116604,0.2120694998283984,0.21074257249262007,-0.6257039964973954
XKX,2016,HBS,2313,2.255912350649822,0.5325359828934787,Y,47.15878440352378,4,0.06346559301997272,0.5277017456546302,9.245114669577923,9.226257640261494,-0.2039675005706565,0.2672114520546668,0.2657141561002472,-0.5603412364651561,0.11945692857944756,0.11763760815476276,-1.5229928027781336,0.21859041738583784,0.21701036223638615,-0.722838250801594
CRI,2000,EHPM,4809,2.4384910787427594,0.899281384512176,Y,170.09127968599245,9,0.03403855592086168,0.5231312818048488,13.676830761417484,13.663179596697425,-0.09981233926333877,0.46741929988284414,0.46688737230812793,-0.11380094378848904,0.40455837420647534,0.40362695165499574,-0.23023192964588546,0.9909639343406091,0.99095490659861,-0.0009110061109485201
CMR,2021,ECAM-V,10543,1.6239893089718187,0.8339615103120136,Y,61.92189543899605,18,0.0360184283987208,0.510747074336433,5.37337800814683,5.368236930749008,-0.09567682359266083,0.42176072459604075,0.42120711700715363,-0.13126105789422748,0.3030511466479384,0.30216263601330806,-0.2931883427791715,0.4410124221669106,0.44047866644059597,-0.12102963533137112
ALB,2018,SILC-C,4978,2.3331541577926727,0.6564541560923451,Y,73.88550210304314,5,0.058260994667158304,0.5080599349633562,10.411014377627422,10.40116661319148,-0.0945898649136856,0.3709512670429479,0.3703561354450332,-0.16043390353099873,0.25417492956405185,0.2533460897296158,-0.32609031734861516,0.44399699104346846,0.44347513280479023,-0.11753643587804063
KGZ,2002,HBS,2846,1.0591092096723926,0.5742874955786966,Y,16.150834116387554,3,0.08728070278212087,0.5018714607490665,3.2730500644492957,3.2707201218017534,-0.07118567090828032,0.30302386865020103,0.30252781270409335,-0.16370193817316636,0.14891494683056816,0.14833322797763082,-0.3906383243041489,0.24947080934418897,0.24894967286650949,-0.20889677595925527
ROU,2010,HBS,30949,2.4221364989218577,0.4569991509031501,Y,44.3953152565412,50,0.09219194999704873,0.4964274494230817,10.410948692093617,10.400194791883052,-0.10329414281651239,0.2815823775161135,0.28083995165882447,-0.26366204584181707,0.13138695745232543,0.13054268045503292,-0.6425881332999595,0.23332875021104804,0.2325575075272327,-0.3305390712107892
BRA,1999,PNAD,14464,2.398615890761257,1.333944101796931,Y,602.1148429604714,15,0.006603929017563191,0.496138255195612,12.541862618285876,12.519400876755805,-0.17909414425670844,0.5847437408063032,0.5839987540424844,-0.1274039740539301,0.6362457021501167,0.634477554589256,-0.27790326203939175,0.7014775470428554,0.7009419842576095,-0.07634781576454364
COM,2013,EESIC,3131,1.7454203174649843,0.8377728333373943,Y,70.72073543155486,6,0.03873058081000465,0.492643435040595,6.423948176912803,6.419691569534581,-0.06626154603052159,0.45334594756854996,0.45298355447000827,-0.0799374297896227,0.36419581438691684,0.3635805252456721,-0.16894459434700915,0.5195559588329082,0.5192382163008937,-0.06115655621161675
HRV,2010,EU-SILC,2731,3.151510395120323,0.6081669083929013,Y,144.89525764150622,4,0.07240617846416723,0.48836882772010143,24.488791093368064,24.47410859021658,-0.05995601455173194,0.32311042260682465,0.32270460644788423,-0.12559674047848413,0.1889393654704219,0.18843149830642547,-0.26879902064449457,0.39410450361294025,0.3937462141498882,-0.09091229858259053
MRT,2008,EPCV,13660,1.6778679189364492,0.6839297690386424,Y,41.66482409983287,27,0.04594413723177872,0.4882854085278902,5.763174201935598,5.75417600720131,-0.1561326175298694,0.3568537818016233,0.3558484322325344,-0.28172591138401204,0.21600870208225742,0.21460732221218892,-0.648760839984508,0.35585151485016764,0.3548514343711132,-0.28103870218889604
ARG,2013,EPHC-S2,29413,3.2970590824797283,0.8099084371921832,Y,306.98055108209303,23,0.029969917319939463,0.48471447687546354,28.75679574822829,28.709409213498716,-0.16478377891768758,0.41002941646943614,0.40905589323145275,-0.23742765735345062,0.3023177282769711,0.3007791610778354,-0.5089239085992792,0.4821653194338742,0.4813127142864163,-0.17682838501511533
ARG,2012,EPHC-S2,29011,3.27964074589555,0.8074606634643976,Y,299.4725427192835,21,0.03922469964280562,0.47936620995140455,28.71966780568032,28.6994626280039,-0.07035310370973047,0.4138206115150658,0.41340807419413617,-0.09968989205715317,0.30915714658779336,0.3085115233932685,-0.2088333398243325,0.49321477415754145,0.4928592475909741,-0.07208351922843859
ROU,2012,HBS,29443,2.4452282017326104,0.45308125388595305,Y,44.9015341982481,34,0.08074027554677041,0.4743084140458661,10.39472213072161,10.381672711475304,-0.1255388944716329,0.27334237632367087,0.27242933130889857,-0.33402980798379334,0.12347192892475878,0.12241765893615941,-0.853853987526032,0.22016654496548715,0.21920773420397133,-0.43549339508694995
ESP,2021,EU-SILC,20688,3.816563859810379,0.6223264548798411,Y,293.9892565869978,25,0.05500476375514418,0.46726407391850844,47.11954557171357,47.06108095951448,-0.12407719872874479,0.3469915278102125,0.34618069361059234,-0.23367550347327404,0.2340103256213566,0.23292571905027026,-0.46348662957774733,0.789337314605859,0.7890765235270963,-0.033039243671495466
ROU,2018,EU-SILC,6452,2.910599741234056,0.5815732946775694,Y,105.14282093094853,7,0.06423873084579917,0.46211601740481584,17.643817942272047,17.629825447220576,-0.07930536971789692,0.3588889055309624,0.35838029905198443,-0.1417169689950537,0.2577298893229165,0.25704681956376696,-0.26503319461473884,0.5112568642121164,0.5108727066247081,-0.0751398395404057
HND,2013,EPHPM,6939,2.025351441898363,1.0023097875078708,Y,153.28222107385972,5,0.02562151001122825,0.46011460672582427,9.594583031553196,9.589710173188454,-0.050787599093327085,0.49956782906944697,0.49931359599913405,-0.05089060093931286,0.4614368805028617,0.4609564831973161,-0.10410899645084681,0.6150824113492976,0.6148870472968688,-0.03176225637800956
GAB,2017,EGEP,7914,2.4822039434855503,0.7546985204583273,Y,115.15735585501882,7,0.04173770956546393,0.44206369775226967,12.336922835807805,12.330449821261023,-0.05246863122133627,0.38024372314316135,0.3799184343193559,-0.08554745391101681,0.25064610554209654,0.25015909763455335,-0.19430100718695886,0.4069859512976636,0.406675742126018,-0.07622110066858312
HND,1999,EPHPM,3439,1.8346700404301344,1.1438091218200845,Y,193.65871443244524,3,0.01527468685573647,0.4378805895856744,7.888078789881841,7.883119186168124,-0.06287467260188695,0.5430464763944709,0.5427590579759657,-0.05292703866039972,0.5714880742493678,0.5708823243916079,-0.10599518783580564,0.7184490387372686,0.7182719712426646,-0.024645797413158643
ROU,2011,EU-SILC,5902,2.4836250814611445,0.6179977263808482,Y,76.5250593659916,9,0.04152898711338153,0.4317054558004066,11.603329811352792,11.585017685545274,-0.1578178514722639,0.35472550863281116,0.3537058717390341,-0.28744391620071363,0.23998978340109778,0.23857714765592553,-0.5886232843551054,0.49089309668929915,0.49009322613669803,-0.16294190282887255
BOL,2021,EH,10735,2.8574964468791415,0.8231533928085073,Y,205.8106611081208,10,0.034502607064823554,0.42954850643677894,19.54968931511613,19.536723960349672,-0.06632000415696115,0.40913323911358834,0.4087411977662565,-0.09582241427785743,0.30179571696690033,0.30117887061998827,-0.20439201494025783,0.48542526797389196,0.48508472843062445,-0.0701528259311468
TJK,2004,HBS,2523,1.349710430248853,0.6822383831413188,Y,29.85718694910858,11,0.03832776785279382,0.4251874843111655,4.162089295016586,4.15583620554955,-0.150239195360935,0.33601949227160843,0.3350206425684217,-0.2972594525496697,0.18539487760290596,0.18402365823990308,-0.7396209543285681,0.2960098754541921,0.2949569294802725,-0.3557131235246702
ETH,2021,HCES,33810,1.3476791286165666,0.6134978861556954,Y,24.24408783604055,175,0.04604386432768672,0.4244353295986973,3.2715520038816717,3.268829296261715,-0.08322373041070863,0.3114165376479099,0.3108431864533363,-0.1841107087324323,0.15906838494337316,0.15832886114172773,-0.4649093544947358,0.2628037909851477,0.26219555342466894,-0.23144169960362948
PAN,1989,EMO,2646,2.3946464085956753,1.1698802912123936,Y,366.605846153484,3,0.010195774557307311,0.42267130120142593,13.02394896113298,13.00627877217887,-0.13567458692322898,0.5501324365460749,0.549521365461038,-0.11107708697807306,0.6304793101065624,0.629160509900724,-0.20917422422879195,0.7985563778440131,0.7982827448165472,-0.03426596231123069
PAN,2004,EH,7193,2.6299181178133026,1.1419373021937802,Y,426.5501838601258,3,0.016285398031997238,0.41288367199765585,17.96892418832048,17.964198829561106,-0.02629739382196128,0.5462450804223664,0.5461257569329322,-0.02184431379078644,0.5729082022730632,0.572655775889638,-0.04406052879389888,0.6988881178357063,0.6988089511344366,-0.011327521422854758
BDI,1998,EP,6653,0.6742512913673742,1.0002471266005737,Y,39.44836774572443,27,0.013101341617233595,0.411882475988764,1.6540420367382411,1.6523975928642187,-0.09941971470478483,0.4231652583958043,0.4225912632202371,-0.1356432656459572,0.32613947321921677,0.32517760235539267,-0.2949262333472813,0.5141731866999806,0.5136899629953433,-0.09398072811588332
BRA,1998,PNAD,12472,2.5474965507225464,1.3422896726111773,Y,716.4909157603339,13,0.004623185130375765,0.41016915841205526,13.387087055002317,13.365302054170847,-0.1627314496571497,0.5905653146733592,0.5898979900517888,-0.11299759823170108,0.6507751217613451,0.6491673931017308,-0.24704826688256576,0.7103389294985452,0.7098668155375772,-0.06646319684340263
HND,2016,EPHPM,5742,2.0748323478505135,1.0151573529708438,Y,167.38631539303867,4,0.019789139370450258,0.4057870787859262,10.208561952245647,10.200261238153766,-0.0813112966420837,0.4980479995595859,0.49763964268019356,-0.08199147065210965,0.470775414261172,0.4700051485131782,-0.16361639216071477,0.6363110864883361,0.6360154314121556,-0.04646392031486535
SVK,2018,EU-SILC,5621,3.2256441733749264,0.36539211329890164,Y,75.32563486100331,17,0.10925776119972458,0.40460867147896723,24.044699657157516,24.029711819572196,-0.06233322852448042,0.2321460884925649,0.23166758562656753,-0.20612144236610286,0.10522171814690218,0.10477426166487902,-0.4252510697444145,0.25192264254612207,0.2514841692744141,-0.17405075910463808
MNE,2019,SILC-C,3418,2.9102619319332885,0.6761520565224246,Y,139.59119307746386,5,0.040137277304723315,0.40379335132284644,16.982048838497043,16.969504558627268,-0.07386788242734754,0.3677194392124805,0.36725219793964814,-0.12706461040868922,0.2625196168493349,0.2618536561382685,-0.2536803607513294,0.5419852415126171,0.541648240739823,-0.06217895746636337
ROU,2020,EU-SILC,5893,3.0708122961216673,0.5842784066076938,Y,124.4180810674548,5,0.05621753060538365,0.39795520470337487,21.517462265376864,21.50177717717444,-0.07289469366311696,0.3465052553461785,0.34602883945148166,-0.13749167937463502,0.23513485222524677,0.23451672197594187,-0.2628832958853633,0.45220675214129724,0.4518122754848046,-0.08723369446048679
SRB,2014,EU-SILC,2947,2.4479853209508033,0.7963682826574277,Y,126.10188217662068,3,0.02791380274061028,0.39741430355920965,13.217648716928402,13.200319720976095,-0.1311049818574217,0.38556375602702664,0.3847573295420541,-0.20915515848330957,0.2889313085420442,0.28771814158923537,-0.4198807526018866,0.5936855265945362,0.59315341598315,-0.08962836174203348
MDG,2001,EPM,5079,0.7745699659375104,0.9083152730247717,Y,33.09942084208044,7,0.018727061503844313,0.3852021081039422,2.086156077414838,2.08431870912481,-0.08807434448072637,0.47435429941516416,0.4738910290410818,-0.09766336568541867,0.38120977767595743,0.38037288742056974,-0.21953535937345725,0.49771446396568475,0.49727227544523744,-0.0888438155733029
PRY,1990,EH,736,2.5758504009590775,0.8064592244160749,N,147.70662961453726,1,0.022458451864051505,0.3837972646767648,15.850390480407645,15.822729737615248,-0.17451142813540432,0.4078619714738009,0.40682720909072534,-0.25370406055177375,0.282339999215965,0.2807295515328292,-0.570393032375105,0.4246956307183192,0.42369353696935674,-0.23595574724126767
MNE,2017,SILC-C,2815,2.8541635804728434,0.7143591988228639,Y,148.00427773206303,2,0.021407644033558864,0.3813902001956966,17.873999229544527,17.837513777031308,-0.20412584808054968,0.37890360180113725,0.3776334930917653,-0.33520629081761344,0.2657817673256133,0.2638897045563122,-0.7118858409061235,0.5477898639012337,0.5468674179294373,-0.16839412931576314
ROU,2012,EU-SILC,5785,2.4397804337572735,0.6391711342500377,Y,78.0456441156141,4,0.03416494125559453,0.3790994033905951,10.876909671430726,10.862339620223647,-0.13395395978462732,0.3587193031479743,0.3578594167893212,-0.2397100883914205,0.251931994612955,0.2507294167029026,-0.4773422732193833,0.5299445993187764,0.5293173748785681,-0.11835660576869911
MDG,1999,EPM,5120,0.7152186170071471,0.7585032669980202,Y,19.900172857538887,8,0.032049207460486825,0.37121658230575844,2.05339128155408,2.052146600301439,-0.06061588279946406,0.38607480388555104,0.38570252619308965,-0.09642631135591273,0.251268691394126,0.2507145088787364,-0.22055374758979118,0.39243203691436845,0.3920652252232856,-0.0934713928982589
HRV,2016,EU-SILC,4999,3.097329297926252,0.616603477000666,Y,140.77174219274133,8,0.04813551207645096,0.37107807783485336,22.480918656772296,22.465258094904545,-0.0696615743637885,0.3101364056356051,0.3096556652503366,-0.15500933670886674,0.1730460509250067,0.17243688748865393,-0.35202388791683026,0.34114051704064996,0.3406863306104816,-0.1331376390316774
PAN,1995,EH,3983,2.718829953788924,1.1271282852867452,Y,445.95355492106887,3,0.01208595103374725,0.3710224218855166,17.265160869455883,17.255000979736614,-0.05884619202849439,0.5513229619358391,0.551058836770514,-0.047907521282553045,0.61496636223823,0.6143984536651006,-0.0923479084388279,0.7831011845574035,0.7829735071947581,-0.016304069660877385
ROU,2019,EU-SILC,5702,2.987717404992475,0.6059729194157119,Y,122.19720366855351,5,0.04779303499809114,0.36641573836741054,19.858614395399,19.844251059148565,-0.07232798806831031,0.35648024601930517,0.3560146964809552,-0.13059616726273093,0.2497231808077136,0.24910050101993253,-0.2493480123739622,0.4788268847298365,0.4784535406824041,-0.07797056918452672
ARG,1999,EPH,3070,2.8104886012860737,1.1495699558828374,Y,522.7997319001353,3,0.011656834402009899,0.3638027426518636,20.848982146286563,20.834074876425127,-0.07150118771669378,0.49073176685748887,0.4903674245055871,-0.0742447048486139,0.4393562876641006,0.4386652680778793,-0.1572800038654787,0.6057172590931115,0.6054352698852534,-0.04655459352111979
ROU,2011,HBS,30387,2.4214361819390766,0.4410482861546764,Y,42.291285166899506,37,0.06876219471826071,0.35945791999074056,10.195717145813218,10.188148248888059,-0.0742360426139066,0.27211519866465617,0.27157468248445094,-0.1986350570852724,0.12227375659229178,0.12167511843474488,-0.48958842373919564,0.21865027752514588,0.2180874709395303,-0.2574003527394786
ARG,2017,EPHC-S2,32248,3.3125876865621713,0.794940610202961,Y,298.0941920213635,21,0.02811540118366385,0.35928506549395106,29.13213173069684,29.111274710120426,-0.07159455672252069,0.41360975227211616,0.41318971559632034,-0.1015538616989553,0.3062297126666267,0.3055699384706343,-0.21545074455614488,0.48091440693628296,0.4805437372604695,-0.07707601819934018
BRA,1997,PNAD,12658,2.497561289034623,1.386541695451021,Y,778.3578465126013,8,0.0036765279360111204,0.35877204861044776,12.997950203567385,12.979933735013852,-0.1386100752146957,0.5923023142594064,0.5917364442873048,-0.09553735625854598,0.6636640302921222,0.6622923866816135,-0.2066774072274069,0.7256305413292488,0.7252497239968021,-0.052480885348216155
ALB,2017,SILC-C,4479,2.310278468292619,0.7037159720065369,Y,83.21489716908621,2,0.04000368720244108,0.3577949595701279,9.944761258067858,9.942468430714564,-0.023055629932133836,0.3856564270622733,0.3855148291017012,-0.03671608992769082,0.2737398434133045,0.2735357336015749,-0.07456342824796458,0.4666060567717186,0.4664839165931284,-0.026176295146118633
VEN,1992,EHM,4567,2.3819800020147572,0.9101573860191127,Y,166.07710360576294,12,0.022190538808559673,0.3541733283258343,12.382818804288386,12.37581556691645,-0.05655608373685839,0.41268589765786,0.4123536203985716,-0.08051577753788175,0.30029536138314183,0.2997666495870992,-0.1760639237340933,0.4910312488691121,0.4907438659756561,-0.05852639605276044
KGZ,2000,HBS,2789,0.9537968100105396,0.5701895819744485,Y,14.358836776741912,3,0.0645686483120633,0.3502193210247487,3.0150547868548125,3.013766789271843,-0.04271887823017462,0.3103501276004619,0.3100555951015118,-0.09490329558660138,0.1547632658048601,0.15441869385742912,-0.2226445310771985,0.2535906342379217,0.25328059323656604,-0.12226043059019309
GIN,2018,EHCVM,8237,1.502042305667451,0.5346370766815001,Y,22.330501757608417,17,0.05904490786341856,0.3500151348960651,4.398114715702368,4.3959056727355375,-0.0502270429405538,0.2959195299351256,0.29556585766271504,-0.11951636733408266,0.1443449049871326,0.14392759984285197,-0.289102787741502,0.25076370503847145,0.25039543299026046,-0.14686018782282817
TUR,2007,HICES,8457,2.574751514263249,0.726956893282213,Y,116.23595199480191,5,0.03865484312680129,0.3441638555962011,15.012500012470973,15.005763238507207,-0.04487443102860755,0.38442798957109314,0.3841517418418453,-0.07185942146304969,0.2557989647495229,0.25540268143839606,-0.15491982601059107,0.405466755754774,0.40520202947083495,-0.0652892697568408
ROU,2022,EU-SILC,3929,3.228371310165324,0.6227919817903438,Y,163.48925271328346,4,0.02706627102152348,0.34191600266000055,26.456811366913442,26.410601739286832,-0.1746606081351132,0.3378899051761457,0.33673172716670896,-0.3427678636427345,0.22724728382684622,0.22567180596804892,-0.6932878722536229,0.46982961858028305,0.4689072366682848,-0.19632264027659163
ZMB,1991,HBS,8510,1.1177520135471455,1.21618180354836,Y,117.48344431289475,5,0.007756107144593143,0.34177205107280306,3.096850166427213,3.0953781399128295,-0.04753302340363419,0.6050619138336092,0.6048741208600636,-0.03103698468734928,0.9370473778932835,0.9365831495762749,-0.04954160568192423,0.96191281281671,0.9618947006024141,-0.0018829372116280219
XKX,2015,HBS,2344,2.229751332129524,0.5126918930053292,Y,43.28590278205487,7,0.05820151861061784,0.3402716695058208,9.126697878310786,9.120835363832978,-0.06423478191099896,0.2645415319518354,0.2640690147183016,-0.17861741029754352,0.11556149312467845,0.11503277262217004,-0.4575230798878449,0.20795245704882703,0.20745628825528095,-0.23859722582146858
HRV,2011,EU-SILC,4310,3.074880343925896,0.6449867836026864,Y,149.8808574372259,5,0.04024866336550934,0.3242650334556527,22.677295740574426,22.66408624171366,-0.05824988575303669,0.32078570249118377,0.32038999426014536,-0.12335594384830229,0.19160754066417685,0.19110258789880152,-0.26353491288755304,0.4345761556510682,0.4342499465579931,-0.07506373482143447
MKD,2013,SILC-C,3315,2.4055454412771353,0.7029428665243648,Y,91.32038529711899,2,0.03206871331740829,0.3169400603671849,10.876467711446498,10.87128110067731,-0.047686536721203154,0.3808133103641089,0.38051802904344634,-0.07753965332258916,0.2854295608975921,0.28500429361231117,-0.14899202589373495,0.5248929580051949,0.5246675583712493,-0.042942019036062984
PAK,1987,HIES,4640,0.898943558054611,0.7620231006944668,Y,24.167599202507798,8,0.019754658961915562,0.28421185991506154,2.1360780248933957,2.1347812646113473,-0.06070753347660052,0.33316897331271944,0.3327639604220505,-0.12156380789060117,0.18217173119255214,0.18160595489095444,-0.3105730498875747,0.27933496508785893,0.27889872426675044,-0.15617121937143708
ROU,2020,HBS,28627,2.7736752013189885,0.4394882748446246,Y,59.86787351018275,45,0.04807001204261998,0.27488001829461267,14.753152238119917,14.741377264554744,-0.07981327227646329,0.27539431524458036,0.27481565032244126,-0.2101223192008117,0.12598196779256998,0.1253140506634951,-0.5301688335068833,0.22592003446917608,0.2253160530763535,-0.26734299781854265
ALB,2019,SILC-C,5017,2.3879028528109543,0.6485269974464547,Y,76.20932611394286,9,0.03023179376757794,0.27449076449143806,10.89724167534974,10.89036919966902,-0.06306619496441179,0.3598875186741023,0.3594836870905578,-0.1122104998340312,0.2330512865662162,0.23249568860202574,-0.23840158635323183,0.4057163001752391,0.40534449779427695,-0.0916409769096127
ROU,2017,EU-SILC,5709,2.7002296432385418,0.5969127692298488,Y,89.20775282861696,3,0.030370923853348768,0.27368490822107533,14.055028848097574,14.043655573977075,-0.08091960709165624,0.3440693456668211,0.34353826032722967,-0.15435415746269943,0.2340441439293035,0.23332787397857802,-0.3060405352170892,0.45712100406024525,0.4566846885463067,-0.09544858146159907
TON,2021,HIES,2129,2.438981375949169,0.5284991399828686,Y,55.95113921737191,7,0.044846655563027256,0.2680119541453484,11.405179268806673,11.399704239662968,-0.04800476182500457,0.2709576479452622,0.27060764588055564,-0.1291722405183049,0.11999862925746196,0.11960411685034256,-0.3287640946905812,0.20993598123666857,0.20956616970991948,-0.1761544279216154
KAZ,1996,LSMS,1993,1.8507044388152158,0.6478843088443732,N,44.44966233189792,2,0.025207965717166624,0.26654898669389077,6.422387323327004,6.41647337063714,-0.09208340126705128,0.3537830816242111,0.35318769985075327,-0.16829006370923105,0.21269230618082746,0.21187783019520023,-0.3829362708281381,0.3552579725615269,0.35466895576388635,-0.165799740789363
TZA,1991,HBS,4814,0.9203224783727659,0.7119991045246563,Y,21.249211566873445,9,0.017923709638824965,0.26595809929506287,2.0146690856155827,2.01311955699018,-0.0769123146062145,0.35292222258518935,0.35242422270863516,-0.14110754287623983,0.21066482260423153,0.2099494697665612,-0.3395691928187894,0.3456459055924954,0.3451439607687453,-0.1452193749813646
MKD,2015,SILC-C,3535,2.485174278563696,0.6397442615172538,Y,81.81061992497439,2,0.0352293433677236,0.2624936801193448,11.587187991994167,11.585593700016268,-0.013759093051746163,0.3513539907169393,0.3512647729808076,-0.0253925495337759,0.23993969128861536,0.23982102436496167,-0.04945697938361082,0.47436916416718555,0.47429755234476023,-0.015096222063892828
ARG,2000,EPH,3003,2.796970970353662,1.1305624183994785,Y,487.19196572724906,4,0.007705813145754254,0.24676269198318448,20.379815599940567,20.367067920885013,-0.06255051226072839,0.503949086167437,0.503638645751282,-0.06160154362336856,0.4720847362147995,0.47148046322787174,-0.12800095842387949,0.6381157296131461,0.6378893269120015,-0.03547988094289023
URY,2012,ECH,36230,3.1770519305785228,0.8007212564860542,Y,264.86379164049924,59,0.019712394634194497,0.24652016643993568,26.21389218268131,26.201480647893444,-0.047347165012245895,0.3989381321449502,0.39865346564003656,-0.0713560529757129,0.2752666796710104,0.2748318402653136,-0.15797022953031314,0.42770556122158,0.4274355522452331,-0.06312963889824053
MNE,2016,SILC-C,2658,2.8375488190762628,0.8024891947810796,Y,189.61892560279142,2,0.013627832744274733,0.23998160077106828,16.20393695437298,16.190891437114583,-0.08050831902846056,0.39005033383148224,0.38955897175681,-0.12597401721096135,0.275091360659661,0.27434098978587684,-0.27277151561022617,0.4427290147522166,0.4422811949210129,-0.10114987188140079
ARG,1995,EPH,2584,2.8992226869197957,1.07371064537606,Y,455.02602860861094,1,0.006830269508504183,0.21619230062494202,21.964350697477105,21.94794496647471,-0.0746925380511132,0.48123903598362916,0.4808513216765471,-0.08056584734228434,0.41558978186203266,0.4148715288744338,-0.17282739348902787,0.5689733295844848,0.568651355958459,-0.05658852696328598
MKD,2014,SILC-C,3157,2.4092668332284783,0.6801219650390832,Y,85.59550142716334,4,0.025879746759825142,0.213581710254198,10.875498189472815,10.874422013448227,-0.00989541817615347,0.3620936470654239,0.3620305413133962,-0.017428019668164207,0.24785044572202652,0.2477637557083523,-0.034976743100734176,0.47587938683824016,0.47582793578698857,-0.01081178396766802
XKX,2010,HBS,2329,1.9512666666566678,0.6201813430607169,Y,45.232266638341116,2,0.0271552493579864,0.20905355225737232,7.524888185889918,7.52144007462983,-0.045822757427194105,0.33254300114810975,0.3322370817242568,-0.09199394448139442,0.17961702026824833,0.1792204895489946,-0.2207645570901473,0.2914089152731234,0.2910883392165181,-0.11000900789354118
ALB,2014,HBS,6565,2.2296125661834805,0.634737767966019,Y,62.4162632286277,2,0.022108499224102417,0.2039426930969679,10.141309872518642,10.134426711120932,-0.06787250842578141,0.34598896452901007,0.34554489035627034,-0.1283492302548539,0.198661566096626,0.19806947576773792,-0.2980396966165477,0.32419187874666555,0.3237380674287922,-0.1399823214658591
SVK,2021,EU-SILC,5504,3.277983470049083,0.4034682644914659,Y,88.97792128647556,10,0.04761075006127076,0.1961342147853015,24.99316474280593,24.986507651101046,-0.026635649280071227,0.24219491770243873,0.24199306746456128,-0.08334206175434344,0.10770536634258798,0.10750233975468992,-0.18850183123862996,0.24452715464621866,0.24433465521079978,-0.07872313228254324
HRV,2015,EU-SILC,4315,3.0533912199299778,0.6354688356405721,Y,142.56495591783906,2,0.02566754043647594,0.19592935705761727,21.56711343434756,21.561450045368215,-0.026259374007497893,0.31926819593605305,0.31908945708988434,-0.05598391836201255,0.18448357799749004,0.18425785949995532,-0.12235153935370446,0.3686620547183075,0.36849829794132194,-0.04441921127756876
MRT,2019,EPCV,9909,1.8574341691586225,0.6104073623900717,Y,39.99107308486694,15,0.027333707676594644,0.1957046852288524,6.275556489191315,6.274205974131535,-0.021520243855766008,0.3199683659999373,0.31982200699890884,-0.04574170967528435,0.17169244443826925,0.17150315080557488,-0.11025157997702761,0.2936731815204985,0.29352280235506434,-0.051206298326444966
HND,2019,EPHPM,3913,2.061587739506796,1.0171481069093606,Y,166.17343967512986,2,0.01111143076210089,0.19541407904859995,10.137725803012728,10.136379506192801,-0.013280067404530804,0.4809747464803241,0.48090582253220526,-0.01433005550151023,0.4294227083147497,0.42929767107456884,-0.02911751934860929,0.5934546141860273,0.5934006927542619,-0.009086024520910119
SWZ,2009,HIES,3167,1.2301175755987355,1.0669733587764054,Y,84.01855370785597,1,0.00523974332579007,0.19486348847699875,3.729544970791308,3.7266798059172386,-0.0768234435167936,0.5145260439736601,0.5141528397084081,-0.07253360050927249,0.4633152775514874,0.46257301341332435,-0.16020713629080197,0.5722209331134567,0.5718922137704546,-0.05744622819258138
ARG,2001,EPH,3000,2.7459512016618537,1.1591411219760717,Y,504.40250359526243,2,0.0057604327395982475,0.18638164443141436,18.963027710620104,18.956739874695515,-0.033158396541643764,0.5221049557998546,0.5219464594543759,-0.03035718081547678,0.5174217436457988,0.5171013735691146,-0.06191662422745381,0.6746769190125099,0.6745690520040145,-0.015987950003282236
PSE,2016,PECS,3732,2.64264549329745,0.6227448885725397,Y,91.00187939674497,4,0.01857239974220069,0.18485496848521418,13.825652812008812,13.816996638674777,-0.06260950894496631,0.3369004054139727,0.33648506403570067,-0.12328313400563617,0.18989895813741242,0.18934566774887163,-0.29136041290991344,0.3167147708203273,0.31629078069212346,-0.13387128333346432
EST,2021,EU-SILC,6384,3.560499596771032,0.5613232455515292,Y,189.5152191482532,3,0.03843771315283267,0.1810577193294741,42.88284549849706,42.87804811277106,-0.011187190752459664,0.30673500689285893,0.3066574705345182,-0.025277961953595884,0.1658780767295993,0.16579043193834853,-0.05283687451577146,0.3653054110522529,0.3652365157418571,-0.018859646835600596
HRV,2017,EU-SILC,5146,3.1566953898229366,0.6113142447626856,Y,147.03021709310573,4,0.018856698306922073,0.17936703608997348,24.280587095165888,24.26476077020531,-0.0651809814093407,0.30807490568011286,0.307623682441731,-0.14646543099177123,0.1725266111631556,0.17195203886057797,-0.33303401643602903,0.3462708755145967,0.3458487033828652,-0.12191961888335934
BRA,1995,PNAD,12306,2.4879271223865898,1.3896310628961799,Y,778.0729696274057,6,0.002650924210227567,0.17934029308601382,13.05493971962172,13.052153077191434,-0.02134550208682251,0.5907285223691068,0.5906411453193201,-0.014791405269587443,0.652761998465367,0.6525516279063435,-0.032227758282210583,0.7128869235842095,0.7128256285666323,-0.008598140258897491
PAN,2001,EH,5635,2.64830101470974,1.1368324034547908,Y,427.8609352199111,1,0.003373719421320168,0.17769677863034142,16.038223364322892,16.024158785522708,-0.08769411973318375,0.5616919072802402,0.5613072291020036,-0.0684856187619376,0.6451628313337485,0.6443084547670761,-0.1324280515209053,0.7842635292868525,0.784074204107821,-0.024140505322700623
ALB,2019,HBS,7132,2.622088284988795,0.561471817074496,Y,74.18067979982409,7,0.030434367719704893,0.17549003143570782,13.749830807680677,13.748277646141176,-0.011295859281656995,0.3011576833229681,0.301078759094604,-0.02620694497753595,0.147458802199246,0.14736586721639489,-0.06302437119050097,0.24997572016698444,0.24989298999987541,-0.03309528103520032
LSO,1994,NHECS,4574,0.8584378518553255,1.4091036630713158,Y,161.70098224740372,1,0.0039603960396039604,0.15790206388926997,4.3310264594609444,4.3305916785907925,-0.010038748879082071,0.6324036516638495,0.6323667498608141,-0.005835166027001737,0.8387447263006824,0.8386469352258883,-0.011659217843962288,0.8824537954695165,0.8824419950484188,-0.001337228210507302
SVK,2022,EU-SILC,5358,3.2857998561905193,0.4134362664616608,Y,92.39830696364547,7,0.03713527352719891,0.150322374779718,24.84432923503031,24.84129501335157,-0.012212934589772573,0.24110263602505233,0.2410099619874858,-0.03843758786481466,0.10878441865706634,0.10869236578114227,-0.08461954116264492,0.24364453927893948,0.2435564195481803,-0.036167332549275066
PAN,1998,EH,3309,2.583277755165522,1.1604662875690142,Y,430.3834768415276,1,0.0045559987600870665,0.14080011572777795,16.911865255264633,16.907661595282015,-0.024856276461338034,0.5536792421654333,0.5535682871892025,-0.020039576668406944,0.6141491509906944,0.6139094066887387,-0.039036820545790274,0.7758369124612005,0.7757811958964802,-0.007181478971329813
HRV,2014,EU-SILC,3510,3.002272925575566,0.643920427604348,Y,138.93889169725162,2,0.02015776985682952,0.13746022297919258,20.421224918605734,20.421160839327502,-0.00031378763265532683,0.31864382733803265,0.3186416899401623,-0.0006707796250782216,0.1835814925153536,0.18357881531125342,-0.0014583191712325139,0.3592405633544298,0.35923858049253965,-0.0005519593532565814
ALB,2016,HBS,7352,2.443844740226485,0.6026724918376914,Y,70.23608538191674,1,0.0226816884975546,0.13737941667949077,12.532007403841535,12.53072173527111,-0.010259079244012703,0.33736298729319636,0.33729502313378945,-0.02014570713646524,0.18758058235868003,0.18749559010308436,-0.045309730104758916,0.30900529447553515,0.30893584067123414,-0.02247657420203497
MKD,2019,SILC-C,4177,2.676428027881111,0.627332177399589,Y,95.43301235759105,5,0.0148775720317834,0.136277373398806,13.686703574766222,13.68224980978525,-0.032540815665682565,0.32954063313835813,0.329322425400406,-0.06621573062903785,0.21295330643909383,0.2126675432763756,-0.13419052631613582,0.425738322324287,0.425553007601838,-0.043527846268864856
XKX,2009,HBS,2329,1.8918138024500297,0.5696418618898602,Y,36.6253047499225,1,0.02104698336532812,0.13185053600487964,7.254175935759917,7.252319787704098,-0.02558730408878107,0.317817156950048,0.3176426139442621,-0.05491931507439762,0.16606087761106414,0.1658503806204148,-0.1267589294224658,0.27747431653772614,0.2772936186749678,-0.0651223742121565
TUR,2012,HICES,6495,2.8896685467661607,0.8349122664051298,Y,220.17118248262716,2,0.007684897553898738,0.12533894192834955,18.987917866110507,18.981038540579895,-0.03623001520819402,0.4016893692367193,0.4014725452772494,-0.053978017860389915,0.27475951421051104,0.2744227159197665,-0.12257930056116528,0.41424076694086487,0.41402909788984577,-0.0510980733698041
EST,2022,EU-SILC,5686,3.656478953399143,0.5892386345065774,Y,226.82864326137513,1,0.022514382556589906,0.1066060792761355,48.58223588734506,48.581513338932666,-0.0014872687499778436,0.31760892695091425,0.3175987811593308,-0.0031944289730190256,0.17361597714308052,0.17360426745805801,-0.006744589533291823,0.6739786058457896,0.6739738284658879,-0.0007088325742476975
HRV,2012,EU-SILC,3866,3.0551198473748946,0.6362229527676495,Y,143.135066531229,2,0.01219801868310355,0.09976246780061912,21.81542060102795,21.811116641232836,-0.01972897921074246,0.3211562757230222,0.3210223336698578,-0.041706192059576264,0.1856257394665981,0.18545339507068492,-0.09284509594866819,0.3494208716799484,0.3492938507103789,-0.03635185527378626
MKD,2011,SILC-C,1874,2.4202704541897777,0.7673046286748977,N,112.41353408440264,1,0.005182323981337835,0.09238266836674154,10.766157914714999,10.762037484287932,-0.03827206009522355,0.38361946946594827,0.38338349746136113,-0.06151199909526506,0.29678603049712393,0.29643095736439884,-0.11963943590280746,0.5528137014335524,0.5526428998378354,-0.03089677323011575
XKX,2003,HBS,2363,1.824197108873263,0.5644630758774795,Y,33.70298255324164,2,0.011223230343962273,0.08497821182079641,6.272994643795574,6.271446528484398,-0.02467904723475467,0.28953854972752124,0.2893631905936298,-0.0605650384228551,0.13437202552339578,0.13416190217102564,-0.15637432832591447,0.22676244810762325,0.22657490987999473,-0.08270250616605468
TGO,2015,QUIBB,2335,1.0322489325516992,0.8204838187791041,Y,32.90749320695765,1,0.006308347914789316,0.0834765917936578,2.728949158858538,2.7287470442704715,-0.007406315629232552,0.4305613940711349,0.4305192211993707,-0.009794856748646108,0.32472074394652795,0.3246525390486472,-0.021004170245420006,0.4877476823059185,0.4877098622741628,-0.00775401567811862
ARG,2002,EPH,2529,2.350648656728705,1.1960510871620353,Y,379.48000898993234,2,0.0023597605266362713,0.07750147593077462,13.151247896495851,13.15001030473137,-0.009410451192315428,0.53273860365771,0.5326946300394934,-0.008254257888329342,0.5307249503773539,0.5306338670749655,-0.01716205396479209,0.6573926672146757,0.6573604347411661,-0.004903077736806427
MLI,2009,ELIM,9035,1.0546169032103088,0.613952008082523,Y,18.110156752916275,7,0.009662567296572517,0.07266337468930636,2.7623889256556584,2.762131586723999,-0.009315811009436015,0.3303795579744917,0.3303171761080115,-0.018881878425736076,0.17784034745582067,0.177758856997853,-0.04582225526067463,0.2929117675065297,0.2928466704118713,-0.022224130908965467
MKD,2017,SILC-C,3813,2.6033388209559916,0.6204920395788998,Y,86.90494539562832,2,0.008288458254247472,0.07180956174870051,12.8035509225736,12.801559828887822,-0.015551105297417767,0.3453220086818175,0.34522019491248157,-0.029483718609357723,0.23904600830218214,0.23891062885484704,-0.05663321813931255,0.4734417745669932,0.47336060417579773,-0.01714474631431262
ROU,2021,EU-SILC,4200,3.1642030180787595,0.6178552047774348,Y,151.07382617650222,1,0.010979210115341552,0.07129250645386963,24.100624761236173,24.10002953457805,-0.0024697561329722895,0.34480787057785545,0.34479169124206344,-0.004692275662065981,0.2402447342064944,0.2402239072648622,-0.008669052289944634,0.5088884508362526,0.5088764676285791,-0.0023547808274626547
STP,2010,IOF,3080,1.3092841803356832,0.5877281063372215,Y,21.595144534408163,2,0.008723328470799435,0.06199266491776934,3.8273349280043445,3.8268460764786263,-0.012772635134206123,0.3082126907695746,0.3081243295813223,-0.028668900048101076,0.15442974155278066,0.15432197226318167,-0.06978532018209194,0.25852000396093533,0.25842701165920834,-0.035971027503556297
PAN,2005,EH,6000,2.691633329475779,1.1255419581888544,Y,431.92812800418403,1,0.002220325429926371,0.061914579728828446,17.703017410736027,17.70164687197193,-0.00774183706820919,0.5359719196365359,0.5359359942762604,-0.006702843742245612,0.5481109061458085,0.5480364506402484,-0.013584021906010157,0.6875103444811864,0.6874861612805314,-0.0035175035327239534
HRV,2013,EU-SILC,3368,3.0039328153580094,0.6568232880376211,Y,144.6623895208102,1,0.00659012999162378,0.04762017031741018,20.73771949859302,20.737377600766255,-0.0016486761082235013,0.32332423143312394,0.32331307614398186,-0.003450186548847878,0.1881834368442652,0.1881692719732735,-0.007527161385323389,0.36690592169356206,0.36689561494602263,-0.0028090981720518826
XKX,2011,HBS,2241,1.9433604546814294,0.5353490280612083,Y,34.79269805872035,1,0.004464990348315725,0.025355272668883388,7.2556412428976085,7.255355045886835,-0.003944475769845912,0.278317483997675,0.27828901804406825,-0.010227871134016464,0.126813263409975,0.12678136778812865,-0.02515164501621925,0.2219606019978395,0.2219307881096434,-0.013432063135421224
ARG,1997,EPH,2612,2.9291378769425567,1.0975276634149806,Y,503.56906229305383,1,0.0004960174961904823,0.0171395024350183,22.540602947776758,22.539237391240032,-0.006058207670356364,0.48345390883581674,0.4834226138054807,-0.0064732190109717536,0.42462259542909875,0.4245641747852025,-0.013758251333095828,0.5857575576454226,0.585732473925002,-0.0042822700438316375
MKD,2016,SILC-C,3689,2.532936567714802,0.6641282710680979,Y,92.32559274506451,1,0.0018159056428567939,0.015019794343715679,12.086890841202955,12.086751960704515,-0.0011490175617967502,0.3554724543111275,0.35546504869999596,-0.002083315047829437,0.2516954664233273,0.2516854213650608,-0.003990957171084997,0.5089993713579033,0.5089937734543672,-0.001099785942981768
MKD,2020,SILC-C,4478,2.780278629828942,0.6247895948489299,Y,105.07216653159378,1,0.0016797348020572817,0.013037597163244626,14.949457867337484,14.949273750991159,-0.0012315921283478914,0.33504328097563696,0.3350350915270427,-0.0024442957251458175,0.22301966592903044,0.2230090167154417,-0.004775011003788077,0.4463551770572405,0.4463484275287184,-0.0015121429903786066
UZB,2022,HBS,13491,2.491561133406755,0.5749168370622012,Y,67.78301481397821,1,0.0015866664686606494,0.011352083178580625,13.633582449129772,13.633110243877427,-0.00346354492010148,0.3118482748091461,0.3118244400890484,-0.007643050169925392,0.17967814117070446,0.1796492804355374,-0.01606246312378934,0.35113628315821266,0.3511142186537557,-0.006283743809809561
EST,2017,EU-SILC,5998,3.3025348206250817,0.5373100080694839,Y,136.24637733644823,0,0.0,0.0,34.82706786459391,34.82706786459391,0.0,0.31054828948773205,0.31054828948773205,0.0,0.16837926792554514,0.16837926792554514,0.0,0.35628676166946094,0.35628676166946094,0.0
ECU,1998,EPED,1281,1.9037862629323088,1.1524622480264972,N,212.97462070951767,0,0.0,0.0,7.873126241865996,7.873126241865996,0.0,0.49139904736093976,0.49139904736093976,0.0,0.42963172279958917,0.42963172279958917,0.0,0.5866843848260741,0.5866843848260741,0.0
MRT,2000,EPCV,5860,1.5387189264247643,0.7380150054727402,Y,42.63877040742625,0,0.0,0.0,4.876540823302054,4.876540823302054,0.0,0.390284735300539,0.390284735300539,0.0,0.25465025824700316,0.25465025824700316,0.0,0.3870355154127849,0.3870355154127849,0.0
XKX,2005,HBS,2358,1.8083852073356472,0.589739732652106,Y,35.78770523716746,0,0.0,0.0,6.4570448302425145,6.4570448302425145,0.0,0.31238229877250934,0.31238229877250934,0.0,0.15960870265402916,0.15960870265402916,0.0,0.26955946635858297,0.26955946635858297,0.0
XKX,2006,HBS,2364,1.8035861311180632,0.5722984428942884,Y,33.80069822435579,0,0.0,0.0,6.342524140361286,6.342524140361286,0.0,0.3032163349755067,0.3032163349755067,0.0,0.14923622869623543,0.14923622869623543,0.0,0.25032305300698865,0.25032305300698865,0.0
EST,2019,EU-SILC,6163,3.4344737061348933,0.5539709154734734,Y,163.43027594367308,0,0.0,0.0,39.00515076865705,39.00515076865705,0.0,0.302150802058916,0.302150802058916,0.0,0.157070830131258,0.157070830131258,0.0,0.3147035729288117,0.3147035729288117,0.0
EST,2018,EU-SILC,5941,3.365207669598448,0.5447732721392793,Y,148.34304837498746,0,0.0,0.0,36.764925694888696,36.764925694888696,0.0,0.30321658050553435,0.30321658050553435,0.0,0.16220710797076432,0.16220710797076432,0.0,0.7357197642030674,0.7357197642030674,0.0
EST,2020,EU-SILC,6340,3.510138245718359,0.5278141148183615,Y,162.97235581120952,0,0.0,0.0,41.082484393621264,41.082484393621264,0.0,0.3063958472746303,0.3063958472746303,0.0,0.1716143351936532,0.1716143351936532,0.0,0.9950824802652991,0.9950824802652991,0.0
ALB,2020,HBS,5797,2.6828676264030413,0.5627659465581052,Y,79.13580807472688,0,0.0,0.0,13.952189784307285,13.952189784307285,0.0,0.29419629791601487,0.29419629791601487,0.0,0.1427362856862473,0.1427362856862473,0.0,0.24939840646142297,0.24939840646142297,0.0
MKD,2012,SILC-C,3485,2.355086963476119,0.7544622241028865,Y,101.3392334404883,0,0.0,0.0,10.848177756906288,10.848177756906288,0.0,0.39130069698982195,0.39130069698982195,0.0,0.3105328034734596,0.3105328034734596,0.0,0.5612122876201516,0.5612122876201516,0.0
NGA,1992,NCS,8928,1.038245622341882,0.9119893102413372,Y,43.56323466794304,0,0.0,0.0,2.860720792287318,2.860720792287318,0.0,0.4497742040829662,0.4497742040829662,0.0,0.38106837025305906,0.38106837025305906,0.0,0.5863690344367531,0.5863690344367531,0.0
MNE,2014,SILC-C,2450,2.8090927123703544,0.7995109119419749,Y,182.65980764683658,0,0.0,0.0,15.437398197462288,15.437398197462288,0.0,0.3902172864287661,0.3902172864287661,0.0,0.28278853405447935,0.28278853405447935,0.0,0.48130267052661,0.48130267052661,0.0
MNE,2015,SILC-C,2992,2.8100142982276224,0.7785633577958025,Y,171.6923773264923,0,0.0,0.0,16.016031010955945,16.016031010955945,0.0,0.3869252394613045,0.3869252394613045,0.0,0.2721642438272647,0.2721642438272647,0.0,0.4449204973896238,0.4449204973896238,0.0
ALB,2015,HBS,7333,2.4276458790162136,0.5758771316618004,Y,63.76964376101374,0,0.0,0.0,12.245265077947879,12.245265077947879,0.0,0.3275373178971016,0.3275373178971016,0.0,0.17549547015422373,0.17549547015422373,0.0,0.2907951246963726,0.2907951246963726,0.0
SUR,1999,EHS,264,2.3743488172683693,1.1034985222520077,N,294.3720324952684,0,0.0,0.0,14.646357910125285,14.646357910125285,0.0,0.5280917259186926,0.5280917259186926,0.0,0.5433506856347012,0.5433506856347012,0.0,0.882047557209557,0.882047557209557,0.0
BLZ,1995,HBS,785,1.8787702567938016,1.2817076794631364,N,306.09432166253634,0,0.0,0.0,12.996195138771569,12.996195138771569,0.0,0.5755428328318735,0.5755428328318735,0.0,0.6487516446368653,0.6487516446368653,0.0,0.7479690305012188,0.7479690305012188,0.0
STP,2000,IOF,2309,1.4069004914230565,0.6083199458717241,Y,25.326729222264703,0,0.0,0.0,4.1573442463372565,4.1573442463372565,0.0,0.3212589351534898,0.3212589351534898,0.0,0.16771221298126138,0.16771221298126138,0.0,0.2769462199347966,0.2769462199347966,0.0
HND,2018,EPHPM,5673,2.031792402600339,1.0193852923965576,Y,162.38146343291496,0,0.0,0.0,10.031604561668537,10.031604561668537,0.0,0.4893334697283318,0.4893334697283318,0.0,0.44933855625513397,0.44933855625513397,0.0,0.6148883895013741,0.6148883895013741,0.0
ALB,2017,HBS,7516,2.451757216609316,0.6152402981602044,Y,73.51416517283373,0,0.0,0.0,12.411218946142851,12.411218946142851,0.0,0.33055662733754054,0.33055662733754054,0.0,0.1799084650236753,0.1799084650236753,0.0,0.3000325369582091,0.3000325369582091,0.0
ALB,2018,HBS,7559,2.60380641475615,0.5730839042106707,Y,75.4189166415616,0,0.0,0.0,13.316507073286058,13.316507073286058,0.0,0.3014828172492744,0.3014828172492744,0.0,0.1524044140735734,0.1524044140735734,0.0,0.2687007677754888,0.2687007677754888,0.0
SYC,2018,HBS,1932,3.147758158954746,0.6039570787622959,N,142.54095974898482,0,0.0,0.0,22.25156137192696,22.25156137192696,0.0,0.3212531972027115,0.3212531972027115,0.0,0.18447359888635306,0.18447359888635306,0.0,0.3392838485005679,0.3392838485005679,0.0
